time,Open,High,Low,Close,Volume
2026-09-17 23:00:00+00:00,1.3359695672988892,1.3359695672988892,1.3359695672988892,1.3359695672988892,0.0
2026-09-17 23:01:00+00:00,1.335951805114746,1.335951805114746,1.335951805114746,1.335951805114746,0.0
2026-09-17 23:02:00+00:00,1.3359874486923218,1.3359874486923218,1.3359874486923218,1.3359874486923218,0.0
2026-09-17 23:03:00+00:00,1.3359695672988892,1.3359695672988892,1.3359695672988892,1.3359695672988892,0.0
2026-09-17 23:04:00+00:00,1.335951805114746,1.335951805114746,1.335951805114746,1.335951805114746,0.0
2026-09-17 23:05:00+00:00,1.3359695672988892,1.3359695672988892,1.3359695672988892,1.3359695672988892,0.0
2026-09-17 23:06:00+00:00,1.335951805114746,1.335951805114746,1.335951805114746,1.335951805114746,0.0
2026-09-17 23:07:00+00:00,1.3359339237213135,1.3359339237213135,1.3359339237213135,1.3359339237213135,0.0
2026-09-17 23:08:00+00:00,1.3359695672988892,1.3359695672988892,1.3359695672988892,1.3359695672988892,0.0
2026-09-17 23:09:00+00:00,1.3359874486923218,1.3359874486923218,1.3359874486923218,1.3359874486923218,0.0
2026-09-17 23:10:00+00:00,1.336023211479187,1.336023211479187,1.336023211479187,1.336023211479187,0.0
2026-09-17 23:11:00+00:00,1.336023211479187,1.336023211479187,1.336023211479187,1.336023211479187,0.0
2026-09-17 23:12:00+00:00,1.336023211479187,1.336023211479187,1.336023211479187,1.336023211479187,0.0
2026-09-17 23:13:00+00:00,1.3359874486923218,1.3359874486923218,1.3359874486923218,1.3359874486923218,0.0
2026-09-17 23:14:00+00:00,1.3359874486923218,1.3359874486923218,1.3359874486923218,1.3359874486923218,0.0
2026-09-17 23:15:00+00:00,1.3360053300857544,1.3360053300857544,1.3360053300857544,1.3360053300857544,0.0
2026-09-17 23:16:00+00:00,1.3358982801437378,1.3358982801437378,1.3358982801437378,1.3358982801437378,0.0
2026-09-17 23:17:00+00:00,1.3358982801437378,1.3358982801437378,1.3358982801437378,1.3358982801437378,0.0
2026-09-17 23:18:00+00:00,1.3359339237213135,1.3359339237213135,1.3359339237213135,1.3359339237213135,0.0
2026-09-17 23:19:00+00:00,1.3359161615371704,1.3359161615371704,1.3359161615371704,1.3359161615371704,0.0
2026-09-17 23:20:00+00:00,1.3358982801437378,1.3358982801437378,1.3358982801437378,1.3358982801437378,0.0
2026-09-17 23:21:00+00:00,1.335951805114746,1.335951805114746,1.335951805114746,1.335951805114746,0.0
2026-09-17 23:22:00+00:00,1.3359695672988892,1.3359695672988892,1.3359695672988892,1.3359695672988892,0.0
2026-09-17 23:23:00+00:00,1.3359874486923218,1.3359874486923218,1.3359874486923218,1.3359874486923218,0.0
2026-09-17 23:24:00+00:00,1.336023211479187,1.336023211479187,1.336023211479187,1.336023211479187,0.0
2026-09-17 23:25:00+00:00,1.335951805114746,1.335951805114746,1.335951805114746,1.335951805114746,0.0
2026-09-17 23:26:00+00:00,1.3359695672988892,1.3359695672988892,1.3359695672988892,1.3359695672988892,0.0
2026-09-17 23:27:00+00:00,1.3359161615371704,1.3359161615371704,1.3359161615371704,1.3359161615371704,0.0
2026-09-17 23:28:00+00:00,1.3359339237213135,1.3359339237213135,1.3359339237213135,1.3359339237213135,0.0
2026-09-17 23:29:00+00:00,1.3359339237213135,1.3359339237213135,1.3359339237213135,1.3359339237213135,0.0
2026-09-17 23:30:00+00:00,1.335951805114746,1.335951805114746,1.335951805114746,1.335951805114746,0.0
2026-09-17 23:31:00+00:00,1.3358803987503052,1.3358803987503052,1.3358803987503052,1.3358803987503052,0.0
2026-09-17 23:32:00+00:00,1.3358447551727295,1.3358447551727295,1.3358447551727295,1.3358447551727295,0.0
2026-09-17 23:33:00+00:00,1.3358447551727295,1.3358447551727295,1.3358447551727295,1.3358447551727295,0.0
2026-09-17 23:34:00+00:00,1.335862636566162,1.335862636566162,1.335862636566162,1.335862636566162,0.0
2026-09-17 23:35:00+00:00,1.3358447551727295,1.3358447551727295,1.3358447551727295,1.3358447551727295,0.0
2026-09-17 23:36:00+00:00,1.3358982801437378,1.3358982801437378,1.3358982801437378,1.3358982801437378,0.0
2026-09-17 23:37:00+00:00,1.3359339237213135,1.3359339237213135,1.3359339237213135,1.3359339237213135,0.0
2026-09-17 23:38:00+00:00,1.3359339237213135,1.3359339237213135,1.3359339237213135,1.3359339237213135,0.0
2026-09-17 23:39:00+00:00,1.336023211479187,1.336023211479187,1.336023211479187,1.336023211479187,0.0
2026-09-17 23:40:00+00:00,1.335951805114746,1.335951805114746,1.335951805114746,1.335951805114746,0.0
2026-09-17 23:41:00+00:00,1.3358803987503052,1.3358803987503052,1.3358803987503052,1.3358803987503052,0.0
2026-09-17 23:42:00+00:00,1.3358982801437378,1.3358982801437378,1.3358982801437378,1.3358982801437378,0.0
2026-09-17 23:43:00+00:00,1.335862636566162,1.335862636566162,1.335862636566162,1.335862636566162,0.0
2026-09-17 23:44:00+00:00,1.3358268737792969,1.3358268737792969,1.3358268737792969,1.3358268737792969,0.0
2026-09-17 23:45:00+00:00,1.3358982801437378,1.3358982801437378,1.3358982801437378,1.3358982801437378,0.0
2026-09-17 23:46:00+00:00,1.3358803987503052,1.3358803987503052,1.3358803987503052,1.3358803987503052,0.0
2026-09-17 23:47:00+00:00,1.3359339237213135,1.3359339237213135,1.3359339237213135,1.3359339237213135,0.0
2026-09-17 23:48:00+00:00,1.3358447551727295,1.3358447551727295,1.3358447551727295,1.3358447551727295,0.0
2026-09-17 23:49:00+00:00,1.335862636566162,1.335862636566162,1.335862636566162,1.335862636566162,0.0
2026-09-17 23:50:00+00:00,1.3358447551727295,1.3358447551727295,1.3358447551727295,1.3358447551727295,0.0
2026-09-17 23:51:00+00:00,1.3358268737792969,1.3358268737792969,1.3358268737792969,1.3358268737792969,0.0
2026-09-17 23:52:00+00:00,1.335755467414856,1.335755467414856,1.335755467414856,1.335755467414856,0.0
2026-09-17 23:53:00+00:00,1.3358447551727295,1.3358447551727295,1.3358447551727295,1.3358447551727295,0.0
2026-09-17 23:54:00+00:00,1.3358803987503052,1.3358803987503052,1.3358803987503052,1.3358803987503052,0.0
2026-09-17 23:55:00+00:00,1.3358089923858643,1.3358089923858643,1.3358089923858643,1.3358089923858643,0.0
2026-09-17 23:56:00+00:00,1.3357912302017212,1.3357912302017212,1.3357912302017212,1.3357912302017212,0.0
2026-09-17 23:57:00+00:00,1.3357198238372803,1.3357198238372803,1.3357198238372803,1.3357198238372803,0.0
2026-09-17 23:58:00+00:00,1.3356484174728394,1.3356484174728394,1.3356484174728394,1.3356484174728394,0.0
2026-09-17 23:59:00+00:00,1.3356306552886963,1.3356306552886963,1.3356306552886963,1.3356306552886963,0.0
2026-09-18 00:00:00+00:00,1.335666298866272,1.335666298866272,1.335666298866272,1.335666298866272,0.0
2026-09-18 00:01:00+00:00,1.3357912302017212,1.3357912302017212,1.3357912302017212,1.3357912302017212,0.0
2026-09-18 00:02:00+00:00,1.3359161615371704,1.3359161615371704,1.3359161615371704,1.3359161615371704,0.0
2026-09-18 00:03:00+00:00,1.3357912302017212,1.3357912302017212,1.3357912302017212,1.3357912302017212,0.0
2026-09-18 00:04:00+00:00,1.3358447551727295,1.3358447551727295,1.3358447551727295,1.3358447551727295,0.0
2026-09-18 00:05:00+00:00,1.3359161615371704,1.3359161615371704,1.3359161615371704,1.3359161615371704,0.0
2026-09-18 00:06:00+00:00,1.3359695672988892,1.3359695672988892,1.3359695672988892,1.3359695672988892,0.0
2026-09-18 00:07:00+00:00,1.336023211479187,1.336023211479187,1.336023211479187,1.336023211479187,0.0
2026-09-18 00:08:00+00:00,1.3360588550567627,1.3360588550567627,1.3360588550567627,1.3360588550567627,0.0
2026-09-18 00:09:00+00:00,1.3361481428146362,1.3361481428146362,1.3361481428146362,1.3361481428146362,0.0
2026-09-18 00:10:00+00:00,1.3360588550567627,1.3360588550567627,1.3360588550567627,1.3360588550567627,0.0
2026-09-18 00:11:00+00:00,1.3361481428146362,1.3361481428146362,1.3361481428146362,1.3361481428146362,0.0
2026-09-18 00:12:00+00:00,1.3361302614212036,1.3361302614212036,1.3361302614212036,1.3361302614212036,0.0
2026-09-18 00:13:00+00:00,1.3361481428146362,1.3361481428146362,1.3361481428146362,1.3361481428146362,0.0
2026-09-18 00:14:00+00:00,1.336112380027771,1.336112380027771,1.336112380027771,1.336112380027771,0.0
2026-09-18 00:15:00+00:00,1.336112380027771,1.336112380027771,1.336112380027771,1.336112380027771,0.0
2026-09-18 00:16:00+00:00,1.3361481428146362,1.3361481428146362,1.3361481428146362,1.3361481428146362,0.0
2026-09-18 00:17:00+00:00,1.3361302614212036,1.3361302614212036,1.3361302614212036,1.3361302614212036,0.0
2026-09-18 00:18:00+00:00,1.336112380027771,1.336112380027771,1.336112380027771,1.336112380027771,0.0
2026-09-18 00:19:00+00:00,1.3361839056015015,1.3361839056015015,1.3361839056015015,1.3361839056015015,0.0
2026-09-18 00:20:00+00:00,1.3361839056015015,1.3361839056015015,1.3361839056015015,1.3361839056015015,0.0
2026-09-18 00:21:00+00:00,1.3360588550567627,1.3360588550567627,1.3360588550567627,1.3360588550567627,0.0
2026-09-18 00:22:00+00:00,1.3360767364501953,1.3360767364501953,1.3360767364501953,1.3360767364501953,0.0
2026-09-18 00:23:00+00:00,1.3361839056015015,1.3361839056015015,1.3361839056015015,1.3361839056015015,0.0
2026-09-18 00:24:00+00:00,1.3362016677856445,1.3362016677856445,1.3362016677856445,1.3362016677856445,0.0
2026-09-18 00:25:00+00:00,1.33604097366333,1.33604097366333,1.33604097366333,1.33604097366333,0.0
2026-09-18 00:26:00+00:00,1.336023211479187,1.336023211479187,1.336023211479187,1.336023211479187,0.0
2026-09-18 00:27:00+00:00,1.3360053300857544,1.3360053300857544,1.3360053300857544,1.3360053300857544,0.0
2026-09-18 00:28:00+00:00,1.335951805114746,1.335951805114746,1.335951805114746,1.335951805114746,0.0
2026-09-18 00:29:00+00:00,1.335951805114746,1.335951805114746,1.335951805114746,1.335951805114746,0.0
2026-09-18 00:30:00+00:00,1.3359339237213135,1.3359339237213135,1.3359339237213135,1.3359339237213135,0.0
2026-09-18 00:31:00+00:00,1.3359695672988892,1.3359695672988892,1.3359695672988892,1.3359695672988892,0.0
2026-09-18 00:32:00+00:00,1.3360053300857544,1.3360053300857544,1.3360053300857544,1.3360053300857544,0.0
2026-09-18 00:33:00+00:00,1.3359339237213135,1.3359339237213135,1.3359339237213135,1.3359339237213135,0.0
2026-09-18 00:34:00+00:00,1.335951805114746,1.335951805114746,1.335951805114746,1.335951805114746,0.0
2026-09-18 00:35:00+00:00,1.335951805114746,1.335951805114746,1.335951805114746,1.335951805114746,0.0
2026-09-18 00:36:00+00:00,1.3358803987503052,1.3358803987503052,1.3358803987503052,1.3358803987503052,0.0
2026-09-18 00:37:00+00:00,1.335862636566162,1.335862636566162,1.335862636566162,1.335862636566162,0.0
2026-09-18 00:38:00+00:00,1.3358982801437378,1.3358982801437378,1.3358982801437378,1.3358982801437378,0.0
2026-09-18 00:39:00+00:00,1.3358447551727295,1.3358447551727295,1.3358447551727295,1.3358447551727295,0.0
2026-09-18 00:40:00+00:00,1.3358447551727295,1.3358447551727295,1.3358447551727295,1.3358447551727295,0.0
2026-09-18 00:41:00+00:00,1.3357912302017212,1.3357912302017212,1.3357912302017212,1.3357912302017212,0.0
2026-09-18 00:42:00+00:00,1.3357733488082886,1.3357733488082886,1.3357733488082886,1.3357733488082886,0.0
2026-09-18 00:43:00+00:00,1.3357912302017212,1.3357912302017212,1.3357912302017212,1.3357912302017212,0.0
2026-09-18 00:44:00+00:00,1.3358982801437378,1.3358982801437378,1.3358982801437378,1.3358982801437378,0.0
2026-09-18 00:45:00+00:00,1.3359161615371704,1.3359161615371704,1.3359161615371704,1.3359161615371704,0.0
2026-09-18 00:46:00+00:00,1.3358447551727295,1.3358447551727295,1.3358447551727295,1.3358447551727295,0.0
2026-09-18 00:47:00+00:00,1.3358447551727295,1.3358447551727295,1.3358447551727295,1.3358447551727295,0.0
2026-09-18 00:48:00+00:00,1.3358803987503052,1.3358803987503052,1.3358803987503052,1.3358803987503052,0.0
2026-09-18 00:49:00+00:00,1.3359161615371704,1.3359161615371704,1.3359161615371704,1.3359161615371704,0.0
2026-09-18 00:50:00+00:00,1.3359695672988892,1.3359695672988892,1.3359695672988892,1.3359695672988892,0.0
2026-09-18 00:51:00+00:00,1.336023211479187,1.336023211479187,1.336023211479187,1.336023211479187,0.0
2026-09-18 00:52:00+00:00,1.3360767364501953,1.3360767364501953,1.3360767364501953,1.3360767364501953,0.0
2026-09-18 00:53:00+00:00,1.3360053300857544,1.3360053300857544,1.3360053300857544,1.3360053300857544,0.0
2026-09-18 00:54:00+00:00,1.3361302614212036,1.3361302614212036,1.3361302614212036,1.3361302614212036,0.0
2026-09-18 00:55:00+00:00,1.3361481428146362,1.3361481428146362,1.3361481428146362,1.3361481428146362,0.0
2026-09-18 00:56:00+00:00,1.3362195491790771,1.3362195491790771,1.3362195491790771,1.3362195491790771,0.0
2026-09-18 00:57:00+00:00,1.3362195491790771,1.3362195491790771,1.3362195491790771,1.3362195491790771,0.0
2026-09-18 00:58:00+00:00,1.3361302614212036,1.3361302614212036,1.3361302614212036,1.3361302614212036,0.0
2026-09-18 00:59:00+00:00,1.336112380027771,1.336112380027771,1.336112380027771,1.336112380027771,0.0
2026-09-18 01:00:00+00:00,1.3362374305725098,1.3362374305725098,1.3362374305725098,1.3362374305725098,0.0
2026-09-18 01:01:00+00:00,1.3362730741500854,1.3362730741500854,1.3362730741500854,1.3362730741500854,0.0
2026-09-18 01:02:00+00:00,1.3363088369369507,1.3363088369369507,1.3363088369369507,1.3363088369369507,0.0
2026-09-18 01:03:00+00:00,1.3362195491790771,1.3362195491790771,1.3362195491790771,1.3362195491790771,0.0
2026-09-18 01:04:00+00:00,1.3362016677856445,1.3362016677856445,1.3362016677856445,1.3362016677856445,0.0
2026-09-18 01:05:00+00:00,1.3361302614212036,1.3361302614212036,1.3361302614212036,1.3361302614212036,0.0
2026-09-18 01:06:00+00:00,1.3361302614212036,1.3361302614212036,1.3361302614212036,1.3361302614212036,0.0
2026-09-18 01:07:00+00:00,1.336094617843628,1.336094617843628,1.336094617843628,1.336094617843628,0.0
2026-09-18 01:08:00+00:00,1.336023211479187,1.336023211479187,1.336023211479187,1.336023211479187,0.0
2026-09-18 01:09:00+00:00,1.3359339237213135,1.3359339237213135,1.3359339237213135,1.3359339237213135,0.0
2026-09-18 01:10:00+00:00,1.3359339237213135,1.3359339237213135,1.3359339237213135,1.3359339237213135,0.0
2026-09-18 01:11:00+00:00,1.335951805114746,1.335951805114746,1.335951805114746,1.335951805114746,0.0
2026-09-18 01:12:00+00:00,1.3358982801437378,1.3358982801437378,1.3358982801437378,1.3358982801437378,0.0
2026-09-18 01:13:00+00:00,1.3358268737792969,1.3358268737792969,1.3358268737792969,1.3358268737792969,0.0
2026-09-18 01:14:00+00:00,1.335862636566162,1.335862636566162,1.335862636566162,1.335862636566162,0.0
2026-09-18 01:15:00+00:00,1.3358803987503052,1.3358803987503052,1.3358803987503052,1.3358803987503052,0.0
2026-09-18 01:16:00+00:00,1.3358268737792969,1.3358268737792969,1.3358268737792969,1.3358268737792969,0.0
2026-09-18 01:17:00+00:00,1.3359339237213135,1.3359339237213135,1.3359339237213135,1.3359339237213135,0.0
2026-09-18 01:18:00+00:00,1.3358982801437378,1.3358982801437378,1.3358982801437378,1.3358982801437378,0.0
2026-09-18 01:19:00+00:00,1.3358447551727295,1.3358447551727295,1.3358447551727295,1.3358447551727295,0.0
2026-09-18 01:20:00+00:00,1.3358982801437378,1.3358982801437378,1.3358982801437378,1.3358982801437378,0.0
2026-09-18 01:21:00+00:00,1.3360588550567627,1.3360588550567627,1.3360588550567627,1.3360588550567627,0.0
2026-09-18 01:22:00+00:00,1.3360053300857544,1.3360053300857544,1.3360053300857544,1.3360053300857544,0.0
2026-09-18 01:23:00+00:00,1.3360053300857544,1.3360053300857544,1.3360053300857544,1.3360053300857544,0.0
2026-09-18 01:24:00+00:00,1.3360767364501953,1.3360767364501953,1.3360767364501953,1.3360767364501953,0.0
2026-09-18 01:25:00+00:00,1.3360588550567627,1.3360588550567627,1.3360588550567627,1.3360588550567627,0.0
2026-09-18 01:26:00+00:00,1.336023211479187,1.336023211479187,1.336023211479187,1.336023211479187,0.0
2026-09-18 01:27:00+00:00,1.3359695672988892,1.3359695672988892,1.3359695672988892,1.3359695672988892,0.0
2026-09-18 01:28:00+00:00,1.3359339237213135,1.3359339237213135,1.3359339237213135,1.3359339237213135,0.0
2026-09-18 01:29:00+00:00,1.3358803987503052,1.3358803987503052,1.3358803987503052,1.3358803987503052,0.0
2026-09-18 01:30:00+00:00,1.3359161615371704,1.3359161615371704,1.3359161615371704,1.3359161615371704,0.0
2026-09-18 01:31:00+00:00,1.3358089923858643,1.3358089923858643,1.3358089923858643,1.3358089923858643,0.0
2026-09-18 01:32:00+00:00,1.3357198238372803,1.3357198238372803,1.3357198238372803,1.3357198238372803,0.0
2026-09-18 01:33:00+00:00,1.3357198238372803,1.3357198238372803,1.3357198238372803,1.3357198238372803,0.0
2026-09-18 01:34:00+00:00,1.3358268737792969,1.3358268737792969,1.3358268737792969,1.3358268737792969,0.0
2026-09-18 01:35:00+00:00,1.3358982801437378,1.3358982801437378,1.3358982801437378,1.3358982801437378,0.0
2026-09-18 01:36:00+00:00,1.3358982801437378,1.3358982801437378,1.3358982801437378,1.3358982801437378,0.0
2026-09-18 01:37:00+00:00,1.3358268737792969,1.3358268737792969,1.3358268737792969,1.3358268737792969,0.0
2026-09-18 01:38:00+00:00,1.3358268737792969,1.3358268737792969,1.3358268737792969,1.3358268737792969,0.0
2026-09-18 01:39:00+00:00,1.3357020616531372,1.3357020616531372,1.3357020616531372,1.3357020616531372,0.0
2026-09-18 01:40:00+00:00,1.3357733488082886,1.3357733488082886,1.3357733488082886,1.3357733488082886,0.0
2026-09-18 01:41:00+00:00,1.3358447551727295,1.3358447551727295,1.3358447551727295,1.3358447551727295,0.0
2026-09-18 01:42:00+00:00,1.3358268737792969,1.3358268737792969,1.3358268737792969,1.3358268737792969,0.0
2026-09-18 01:43:00+00:00,1.3359874486923218,1.3359874486923218,1.3359874486923218,1.3359874486923218,0.0
2026-09-18 01:44:00+00:00,1.3358803987503052,1.3358803987503052,1.3358803987503052,1.3358803987503052,0.0
2026-09-18 01:45:00+00:00,1.3359161615371704,1.3359161615371704,1.3359161615371704,1.3359161615371704,0.0
2026-09-18 01:46:00+00:00,1.3358803987503052,1.3358803987503052,1.3358803987503052,1.3358803987503052,0.0
2026-09-18 01:47:00+00:00,1.3359874486923218,1.3359874486923218,1.3359874486923218,1.3359874486923218,0.0
2026-09-18 01:48:00+00:00,1.3359874486923218,1.3359874486923218,1.3359874486923218,1.3359874486923218,0.0
2026-09-18 01:49:00+00:00,1.3359695672988892,1.3359695672988892,1.3359695672988892,1.3359695672988892,0.0
2026-09-18 01:50:00+00:00,1.3358268737792969,1.3358268737792969,1.3358268737792969,1.3358268737792969,0.0
2026-09-18 01:51:00+00:00,1.3359874486923218,1.3359874486923218,1.3359874486923218,1.3359874486923218,0.0
2026-09-18 01:52:00+00:00,1.3360053300857544,1.3360053300857544,1.3360053300857544,1.3360053300857544,0.0
2026-09-18 01:53:00+00:00,1.33604097366333,1.33604097366333,1.33604097366333,1.33604097366333,0.0
2026-09-18 01:54:00+00:00,1.336023211479187,1.336023211479187,1.336023211479187,1.336023211479187,0.0
2026-09-18 01:55:00+00:00,1.3360588550567627,1.3360588550567627,1.3360588550567627,1.3360588550567627,0.0
2026-09-18 01:56:00+00:00,1.3361839056015015,1.3361839056015015,1.3361839056015015,1.3361839056015015,0.0
2026-09-18 01:57:00+00:00,1.3362195491790771,1.3362195491790771,1.3362195491790771,1.3362195491790771,0.0
2026-09-18 01:58:00+00:00,1.3363088369369507,1.3363088369369507,1.3363088369369507,1.3363088369369507,0.0
2026-09-18 01:59:00+00:00,1.3363088369369507,1.3363088369369507,1.3363088369369507,1.3363088369369507,0.0
2026-09-18 02:00:00+00:00,1.3362195491790771,1.3362195491790771,1.3362195491790771,1.3362195491790771,0.0
2026-09-18 02:01:00+00:00,1.3361839056015015,1.3361839056015015,1.3361839056015015,1.3361839056015015,0.0
2026-09-18 02:02:00+00:00,1.3361481428146362,1.3361481428146362,1.3361481428146362,1.3361481428146362,0.0
2026-09-18 02:03:00+00:00,1.3361302614212036,1.3361302614212036,1.3361302614212036,1.3361302614212036,0.0
2026-09-18 02:04:00+00:00,1.3361302614212036,1.3361302614212036,1.3361302614212036,1.3361302614212036,0.0
2026-09-18 02:05:00+00:00,1.3361660242080688,1.3361660242080688,1.3361660242080688,1.3361660242080688,0.0
2026-09-18 02:06:00+00:00,1.336112380027771,1.336112380027771,1.336112380027771,1.336112380027771,0.0
2026-09-18 02:07:00+00:00,1.336112380027771,1.336112380027771,1.336112380027771,1.336112380027771,0.0
2026-09-18 02:08:00+00:00,1.336112380027771,1.336112380027771,1.336112380027771,1.336112380027771,0.0
2026-09-18 02:09:00+00:00,1.3359874486923218,1.3359874486923218,1.3359874486923218,1.3359874486923218,0.0
2026-09-18 02:10:00+00:00,1.3359695672988892,1.3359695672988892,1.3359695672988892,1.3359695672988892,0.0
2026-09-18 02:11:00+00:00,1.3359339237213135,1.3359339237213135,1.3359339237213135,1.3359339237213135,0.0
2026-09-18 02:12:00+00:00,1.3359695672988892,1.3359695672988892,1.3359695672988892,1.3359695672988892,0.0
2026-09-18 02:13:00+00:00,1.336023211479187,1.336023211479187,1.336023211479187,1.336023211479187,0.0
2026-09-18 02:14:00+00:00,1.3359695672988892,1.3359695672988892,1.3359695672988892,1.3359695672988892,0.0
2026-09-18 02:15:00+00:00,1.3358982801437378,1.3358982801437378,1.3358982801437378,1.3358982801437378,0.0
2026-09-18 02:16:00+00:00,1.3359339237213135,1.3359339237213135,1.3359339237213135,1.3359339237213135,0.0
2026-09-18 02:17:00+00:00,1.3358268737792969,1.3358268737792969,1.3358268737792969,1.3358268737792969,0.0
2026-09-18 02:19:00+00:00,1.3357912302017212,1.3357912302017212,1.3357912302017212,1.3357912302017212,0.0
2026-09-18 02:20:00+00:00,1.3359161615371704,1.3359161615371704,1.3359161615371704,1.3359161615371704,0.0
2026-09-18 02:21:00+00:00,1.3358803987503052,1.3358803987503052,1.3358803987503052,1.3358803987503052,0.0
2026-09-18 02:22:00+00:00,1.3359695672988892,1.3359695672988892,1.3359695672988892,1.3359695672988892,0.0
2026-09-18 02:23:00+00:00,1.335951805114746,1.335951805114746,1.335951805114746,1.335951805114746,0.0
2026-09-18 02:24:00+00:00,1.3359339237213135,1.3359339237213135,1.3359339237213135,1.3359339237213135,0.0
2026-09-18 02:25:00+00:00,1.3360588550567627,1.3360588550567627,1.3360588550567627,1.3360588550567627,0.0
2026-09-18 02:26:00+00:00,1.335951805114746,1.335951805114746,1.335951805114746,1.335951805114746,0.0
2026-09-18 02:27:00+00:00,1.3359339237213135,1.3359339237213135,1.3359339237213135,1.3359339237213135,0.0
2026-09-18 02:28:00+00:00,1.3359874486923218,1.3359874486923218,1.3359874486923218,1.3359874486923218,0.0
2026-09-18 02:29:00+00:00,1.3359339237213135,1.3359339237213135,1.3359339237213135,1.3359339237213135,0.0
2026-09-18 02:30:00+00:00,1.336023211479187,1.336023211479187,1.336023211479187,1.336023211479187,0.0
2026-09-18 02:31:00+00:00,1.3360588550567627,1.3360588550567627,1.3360588550567627,1.3360588550567627,0.0
2026-09-18 02:32:00+00:00,1.336023211479187,1.336023211479187,1.336023211479187,1.336023211479187,0.0
2026-09-18 02:33:00+00:00,1.336023211479187,1.336023211479187,1.336023211479187,1.336023211479187,0.0
2026-09-18 02:34:00+00:00,1.3359695672988892,1.3359695672988892,1.3359695672988892,1.3359695672988892,0.0
2026-09-18 02:35:00+00:00,1.335951805114746,1.335951805114746,1.335951805114746,1.335951805114746,0.0
2026-09-18 02:36:00+00:00,1.3359695672988892,1.3359695672988892,1.3359695672988892,1.3359695672988892,0.0
2026-09-18 02:37:00+00:00,1.3359161615371704,1.3359161615371704,1.3359161615371704,1.3359161615371704,0.0
2026-09-18 02:38:00+00:00,1.335862636566162,1.335862636566162,1.335862636566162,1.335862636566162,0.0
2026-09-18 02:39:00+00:00,1.3358982801437378,1.3358982801437378,1.3358982801437378,1.3358982801437378,0.0
2026-09-18 02:40:00+00:00,1.335951805114746,1.335951805114746,1.335951805114746,1.335951805114746,0.0
2026-09-18 02:41:00+00:00,1.335951805114746,1.335951805114746,1.335951805114746,1.335951805114746,0.0
2026-09-18 02:42:00+00:00,1.3359339237213135,1.3359339237213135,1.3359339237213135,1.3359339237213135,0.0
2026-09-18 02:43:00+00:00,1.335951805114746,1.335951805114746,1.335951805114746,1.335951805114746,0.0
2026-09-18 02:44:00+00:00,1.3359339237213135,1.3359339237213135,1.3359339237213135,1.3359339237213135,0.0
2026-09-18 02:45:00+00:00,1.3358089923858643,1.3358089923858643,1.3358089923858643,1.3358089923858643,0.0
2026-09-18 02:46:00+00:00,1.336023211479187,1.336023211479187,1.336023211479187,1.336023211479187,0.0
2026-09-18 02:47:00+00:00,1.336023211479187,1.336023211479187,1.336023211479187,1.336023211479187,0.0
2026-09-18 02:48:00+00:00,1.3360053300857544,1.3360053300857544,1.3360053300857544,1.3360053300857544,0.0
2026-09-18 02:49:00+00:00,1.33604097366333,1.33604097366333,1.33604097366333,1.33604097366333,0.0
2026-09-18 02:50:00+00:00,1.336023211479187,1.336023211479187,1.336023211479187,1.336023211479187,0.0
2026-09-18 02:51:00+00:00,1.33604097366333,1.33604097366333,1.33604097366333,1.33604097366333,0.0
2026-09-18 02:52:00+00:00,1.3359695672988892,1.3359695672988892,1.3359695672988892,1.3359695672988892,0.0
2026-09-18 02:53:00+00:00,1.3360588550567627,1.3360588550567627,1.3360588550567627,1.3360588550567627,0.0
2026-09-18 02:54:00+00:00,1.3360588550567627,1.3360588550567627,1.3360588550567627,1.3360588550567627,0.0
2026-09-18 02:55:00+00:00,1.3358268737792969,1.3358268737792969,1.3358268737792969,1.3358268737792969,0.0
2026-09-18 02:56:00+00:00,1.3358268737792969,1.3358268737792969,1.3358268737792969,1.3358268737792969,0.0
2026-09-18 02:57:00+00:00,1.3360053300857544,1.3360053300857544,1.3360053300857544,1.3360053300857544,0.0
2026-09-18 02:58:00+00:00,1.3359339237213135,1.3359339237213135,1.3359339237213135,1.3359339237213135,0.0
2026-09-18 02:59:00+00:00,1.3359695672988892,1.3359695672988892,1.3359695672988892,1.3359695672988892,0.0
2026-09-18 03:00:00+00:00,1.336112380027771,1.336112380027771,1.336112380027771,1.336112380027771,0.0
2026-09-18 03:01:00+00:00,1.3360767364501953,1.3360767364501953,1.3360767364501953,1.3360767364501953,0.0
2026-09-18 03:02:00+00:00,1.336023211479187,1.336023211479187,1.336023211479187,1.336023211479187,0.0
2026-09-18 03:03:00+00:00,1.3360588550567627,1.3360588550567627,1.3360588550567627,1.3360588550567627,0.0
2026-09-18 03:04:00+00:00,1.3361481428146362,1.3361481428146362,1.3361481428146362,1.3361481428146362,0.0
2026-09-18 03:05:00+00:00,1.3362730741500854,1.3362730741500854,1.3362730741500854,1.3362730741500854,0.0
2026-09-18 03:06:00+00:00,1.3363267183303833,1.3363267183303833,1.3363267183303833,1.3363267183303833,0.0
2026-09-18 03:07:00+00:00,1.3362730741500854,1.3362730741500854,1.3362730741500854,1.3362730741500854,0.0
2026-09-18 03:08:00+00:00,1.336523175239563,1.336523175239563,1.336523175239563,1.336523175239563,0.0
2026-09-18 03:09:00+00:00,1.3364516496658325,1.3364516496658325,1.3364516496658325,1.3364516496658325,0.0
2026-09-18 03:10:00+00:00,1.3364516496658325,1.3364516496658325,1.3364516496658325,1.3364516496658325,0.0
2026-09-18 03:11:00+00:00,1.3363802433013916,1.3363802433013916,1.3363802433013916,1.3363802433013916,0.0
2026-09-18 03:12:00+00:00,1.3364696502685547,1.3364696502685547,1.3364696502685547,1.3364696502685547,0.0
2026-09-18 03:13:00+00:00,1.3366659879684448,1.3366659879684448,1.3366659879684448,1.3366659879684448,0.0
2026-09-18 03:14:00+00:00,1.3367375135421753,1.3367375135421753,1.3367375135421753,1.3367375135421753,0.0
2026-09-18 03:15:00+00:00,1.3366303443908691,1.3366303443908691,1.3366303443908691,1.3366303443908691,0.0
2026-09-18 03:16:00+00:00,1.3366303443908691,1.3366303443908691,1.3366303443908691,1.3366303443908691,0.0
2026-09-18 03:17:00+00:00,1.3366124629974365,1.3366124629974365,1.3366124629974365,1.3366124629974365,0.0
2026-09-18 03:18:00+00:00,1.3366303443908691,1.3366303443908691,1.3366303443908691,1.3366303443908691,0.0
2026-09-18 03:19:00+00:00,1.3365589380264282,1.3365589380264282,1.3365589380264282,1.3365589380264282,0.0
2026-09-18 03:20:00+00:00,1.3365589380264282,1.3365589380264282,1.3365589380264282,1.3365589380264282,0.0
2026-09-18 03:21:00+00:00,1.3365410566329956,1.3365410566329956,1.3365410566329956,1.3365410566329956,0.0
2026-09-18 03:22:00+00:00,1.336523175239563,1.336523175239563,1.336523175239563,1.336523175239563,0.0
2026-09-18 03:23:00+00:00,1.3363981246948242,1.3363981246948242,1.3363981246948242,1.3363981246948242,0.0
2026-09-18 03:24:00+00:00,1.3363981246948242,1.3363981246948242,1.3363981246948242,1.3363981246948242,0.0
2026-09-18 03:25:00+00:00,1.336594581604004,1.336594581604004,1.336594581604004,1.336594581604004,0.0
2026-09-18 03:26:00+00:00,1.3365589380264282,1.3365589380264282,1.3365589380264282,1.3365589380264282,0.0
2026-09-18 03:27:00+00:00,1.3365410566329956,1.3365410566329956,1.3365410566329956,1.3365410566329956,0.0
2026-09-18 03:28:00+00:00,1.3366659879684448,1.3366659879684448,1.3366659879684448,1.3366659879684448,0.0
2026-09-18 03:29:00+00:00,1.3366482257843018,1.3366482257843018,1.3366482257843018,1.3366482257843018,0.0
2026-09-18 03:30:00+00:00,1.3366303443908691,1.3366303443908691,1.3366303443908691,1.3366303443908691,0.0
2026-09-18 03:31:00+00:00,1.3366482257843018,1.3366482257843018,1.3366482257843018,1.3366482257843018,0.0
2026-09-18 03:32:00+00:00,1.3366659879684448,1.3366659879684448,1.3366659879684448,1.3366659879684448,0.0
2026-09-18 03:33:00+00:00,1.3366659879684448,1.3366659879684448,1.3366659879684448,1.3366659879684448,0.0
2026-09-18 03:34:00+00:00,1.3368269205093384,1.3368269205093384,1.3368269205093384,1.3368269205093384,0.0
2026-09-18 03:35:00+00:00,1.336683988571167,1.336683988571167,1.336683988571167,1.336683988571167,0.0
2026-09-18 03:36:00+00:00,1.3367375135421753,1.3367375135421753,1.3367375135421753,1.3367375135421753,0.0
2026-09-18 03:37:00+00:00,1.3366659879684448,1.3366659879684448,1.3366659879684448,1.3366659879684448,0.0
2026-09-18 03:38:00+00:00,1.3367018699645996,1.3367018699645996,1.3367018699645996,1.3367018699645996,0.0
2026-09-18 03:39:00+00:00,1.3367911577224731,1.3367911577224731,1.3367911577224731,1.3367911577224731,0.0
2026-09-18 03:40:00+00:00,1.3367375135421753,1.3367375135421753,1.3367375135421753,1.3367375135421753,0.0
2026-09-18 03:41:00+00:00,1.3368090391159058,1.3368090391159058,1.3368090391159058,1.3368090391159058,0.0
2026-09-18 03:42:00+00:00,1.3368626832962036,1.3368626832962036,1.3368626832962036,1.3368626832962036,0.0
2026-09-18 03:43:00+00:00,1.336916208267212,1.336916208267212,1.336916208267212,1.336916208267212,0.0
2026-09-18 03:44:00+00:00,1.337005615234375,1.337005615234375,1.337005615234375,1.337005615234375,0.0
2026-09-18 03:45:00+00:00,1.3369877338409424,1.3369877338409424,1.3369877338409424,1.3369877338409424,0.0
2026-09-18 03:46:00+00:00,1.3370413780212402,1.3370413780212402,1.3370413780212402,1.3370413780212402,0.0
2026-09-18 03:47:00+00:00,1.3371129035949707,1.3371129035949707,1.3371129035949707,1.3371129035949707,0.0
2026-09-18 03:48:00+00:00,1.337327480316162,1.337327480316162,1.337327480316162,1.337327480316162,0.0
2026-09-18 03:49:00+00:00,1.3372201919555664,1.3372201919555664,1.3372201919555664,1.3372201919555664,0.0
2026-09-18 03:50:00+00:00,1.3372201919555664,1.3372201919555664,1.3372201919555664,1.3372201919555664,0.0
2026-09-18 03:51:00+00:00,1.3372201919555664,1.3372201919555664,1.3372201919555664,1.3372201919555664,0.0
2026-09-18 03:52:00+00:00,1.3372023105621338,1.3372023105621338,1.3372023105621338,1.3372023105621338,0.0
2026-09-18 03:53:00+00:00,1.337238073348999,1.337238073348999,1.337238073348999,1.337238073348999,0.0
2026-09-18 03:54:00+00:00,1.3372738361358643,1.3372738361358643,1.3372738361358643,1.3372738361358643,0.0
2026-09-18 03:55:00+00:00,1.3372201919555664,1.3372201919555664,1.3372201919555664,1.3372201919555664,0.0
2026-09-18 03:56:00+00:00,1.337238073348999,1.337238073348999,1.337238073348999,1.337238073348999,0.0
2026-09-18 03:57:00+00:00,1.337238073348999,1.337238073348999,1.337238073348999,1.337238073348999,0.0
2026-09-18 03:58:00+00:00,1.3371665477752686,1.3371665477752686,1.3371665477752686,1.3371665477752686,0.0
2026-09-18 03:59:00+00:00,1.3372559547424316,1.3372559547424316,1.3372559547424316,1.3372559547424316,0.0
2026-09-18 04:00:00+00:00,1.3374526500701904,1.3374526500701904,1.3374526500701904,1.3374526500701904,0.0
2026-09-18 04:01:00+00:00,1.3374348878860474,1.3374348878860474,1.3374348878860474,1.3374348878860474,0.0
2026-09-18 04:02:00+00:00,1.3375779390335083,1.3375779390335083,1.3375779390335083,1.3375779390335083,0.0
2026-09-18 04:03:00+00:00,1.3375420570373535,1.3375420570373535,1.3375420570373535,1.3375420570373535,0.0
2026-09-18 04:04:00+00:00,1.3374526500701904,1.3374526500701904,1.3374526500701904,1.3374526500701904,0.0
2026-09-18 04:05:00+00:00,1.337524175643921,1.337524175643921,1.337524175643921,1.337524175643921,0.0
2026-09-18 04:06:00+00:00,1.3375600576400757,1.3375600576400757,1.3375600576400757,1.3375600576400757,0.0
2026-09-18 04:07:00+00:00,1.3375779390335083,1.3375779390335083,1.3375779390335083,1.3375779390335083,0.0
2026-09-18 04:08:00+00:00,1.337595820426941,1.337595820426941,1.337595820426941,1.337595820426941,0.0
2026-09-18 04:09:00+00:00,1.3375064134597778,1.3375064134597778,1.3375064134597778,1.3375064134597778,0.0
2026-09-18 04:10:00+00:00,1.3374885320663452,1.3374885320663452,1.3374885320663452,1.3374885320663452,0.0
2026-09-18 04:11:00+00:00,1.3374885320663452,1.3374885320663452,1.3374885320663452,1.3374885320663452,0.0
2026-09-18 04:12:00+00:00,1.337524175643921,1.337524175643921,1.337524175643921,1.337524175643921,0.0
2026-09-18 04:13:00+00:00,1.3374168872833252,1.3374168872833252,1.3374168872833252,1.3374168872833252,0.0
2026-09-18 04:14:00+00:00,1.3374526500701904,1.3374526500701904,1.3374526500701904,1.3374526500701904,0.0
2026-09-18 04:15:00+00:00,1.3374526500701904,1.3374526500701904,1.3374526500701904,1.3374526500701904,0.0
2026-09-18 04:16:00+00:00,1.3374348878860474,1.3374348878860474,1.3374348878860474,1.3374348878860474,0.0
2026-09-18 04:17:00+00:00,1.3373990058898926,1.3373990058898926,1.3373990058898926,1.3373990058898926,0.0
2026-09-18 04:18:00+00:00,1.3374168872833252,1.3374168872833252,1.3374168872833252,1.3374168872833252,0.0
2026-09-18 04:19:00+00:00,1.3373990058898926,1.3373990058898926,1.3373990058898926,1.3373990058898926,0.0
2026-09-18 04:20:00+00:00,1.3372917175292969,1.3372917175292969,1.3372917175292969,1.3372917175292969,0.0
2026-09-18 04:21:00+00:00,1.3372559547424316,1.3372559547424316,1.3372559547424316,1.3372559547424316,0.0
2026-09-18 04:22:00+00:00,1.3372738361358643,1.3372738361358643,1.3372738361358643,1.3372738361358643,0.0
2026-09-18 04:23:00+00:00,1.3373453617095947,1.3373453617095947,1.3373453617095947,1.3373453617095947,0.0
2026-09-18 04:24:00+00:00,1.3373453617095947,1.3373453617095947,1.3373453617095947,1.3373453617095947,0.0
2026-09-18 04:25:00+00:00,1.3373453617095947,1.3373453617095947,1.3373453617095947,1.3373453617095947,0.0
2026-09-18 04:26:00+00:00,1.3372917175292969,1.3372917175292969,1.3372917175292969,1.3372917175292969,0.0
2026-09-18 04:27:00+00:00,1.337238073348999,1.337238073348999,1.337238073348999,1.337238073348999,0.0
2026-09-18 04:28:00+00:00,1.3372023105621338,1.3372023105621338,1.3372023105621338,1.3372023105621338,0.0
2026-09-18 04:29:00+00:00,1.3372023105621338,1.3372023105621338,1.3372023105621338,1.3372023105621338,0.0
2026-09-18 04:30:00+00:00,1.3372738361358643,1.3372738361358643,1.3372738361358643,1.3372738361358643,0.0
2026-09-18 04:31:00+00:00,1.337238073348999,1.337238073348999,1.337238073348999,1.337238073348999,0.0
2026-09-18 04:32:00+00:00,1.3372559547424316,1.3372559547424316,1.3372559547424316,1.3372559547424316,0.0
2026-09-18 04:33:00+00:00,1.3372201919555664,1.3372201919555664,1.3372201919555664,1.3372201919555664,0.0
2026-09-18 04:34:00+00:00,1.3372738361358643,1.3372738361358643,1.3372738361358643,1.3372738361358643,0.0
2026-09-18 04:35:00+00:00,1.3371307849884033,1.3371307849884033,1.3371307849884033,1.3371307849884033,0.0
2026-09-18 04:36:00+00:00,1.337148666381836,1.337148666381836,1.337148666381836,1.337148666381836,0.0
2026-09-18 04:37:00+00:00,1.3371129035949707,1.3371129035949707,1.3371129035949707,1.3371129035949707,0.0
2026-09-18 04:38:00+00:00,1.337148666381836,1.337148666381836,1.337148666381836,1.337148666381836,0.0
2026-09-18 04:39:00+00:00,1.337148666381836,1.337148666381836,1.337148666381836,1.337148666381836,0.0
2026-09-18 04:40:00+00:00,1.3372023105621338,1.3372023105621338,1.3372023105621338,1.3372023105621338,0.0
2026-09-18 04:41:00+00:00,1.337238073348999,1.337238073348999,1.337238073348999,1.337238073348999,0.0
2026-09-18 04:42:00+00:00,1.3372917175292969,1.3372917175292969,1.3372917175292969,1.3372917175292969,0.0
2026-09-18 04:43:00+00:00,1.337148666381836,1.337148666381836,1.337148666381836,1.337148666381836,0.0
2026-09-18 04:44:00+00:00,1.3372023105621338,1.3372023105621338,1.3372023105621338,1.3372023105621338,0.0
2026-09-18 04:45:00+00:00,1.3371129035949707,1.3371129035949707,1.3371129035949707,1.3371129035949707,0.0
2026-09-18 04:46:00+00:00,1.3370413780212402,1.3370413780212402,1.3370413780212402,1.3370413780212402,0.0
2026-09-18 04:47:00+00:00,1.337095022201538,1.337095022201538,1.337095022201538,1.337095022201538,0.0
2026-09-18 04:48:00+00:00,1.3370592594146729,1.3370592594146729,1.3370592594146729,1.3370592594146729,0.0
2026-09-18 04:49:00+00:00,1.3371307849884033,1.3371307849884033,1.3371307849884033,1.3371307849884033,0.0
2026-09-18 04:50:00+00:00,1.337095022201538,1.337095022201538,1.337095022201538,1.337095022201538,0.0
2026-09-18 04:51:00+00:00,1.3370771408081055,1.3370771408081055,1.3370771408081055,1.3370771408081055,0.0
2026-09-18 04:52:00+00:00,1.3371129035949707,1.3371129035949707,1.3371129035949707,1.3371129035949707,0.0
2026-09-18 04:53:00+00:00,1.3372023105621338,1.3372023105621338,1.3372023105621338,1.3372023105621338,0.0
2026-09-18 04:54:00+00:00,1.3371129035949707,1.3371129035949707,1.3371129035949707,1.3371129035949707,0.0
2026-09-18 04:55:00+00:00,1.3370771408081055,1.3370771408081055,1.3370771408081055,1.3370771408081055,0.0
2026-09-18 04:56:00+00:00,1.3371129035949707,1.3371129035949707,1.3371129035949707,1.3371129035949707,0.0
2026-09-18 04:57:00+00:00,1.3371129035949707,1.3371129035949707,1.3371129035949707,1.3371129035949707,0.0
2026-09-18 04:58:00+00:00,1.3369877338409424,1.3369877338409424,1.3369877338409424,1.3369877338409424,0.0
2026-09-18 04:59:00+00:00,1.3369699716567993,1.3369699716567993,1.3369699716567993,1.3369699716567993,0.0
2026-09-18 05:00:00+00:00,1.337095022201538,1.337095022201538,1.337095022201538,1.337095022201538,0.0
2026-09-18 05:01:00+00:00,1.3370234966278076,1.3370234966278076,1.3370234966278076,1.3370234966278076,0.0
2026-09-18 05:02:00+00:00,1.3369340896606445,1.3369340896606445,1.3369340896606445,1.3369340896606445,0.0
2026-09-18 05:03:00+00:00,1.3368983268737793,1.3368983268737793,1.3368983268737793,1.3368983268737793,0.0
2026-09-18 05:04:00+00:00,1.3369520902633667,1.3369520902633667,1.3369520902633667,1.3369520902633667,0.0
2026-09-18 05:05:00+00:00,1.336916208267212,1.336916208267212,1.336916208267212,1.336916208267212,0.0
2026-09-18 05:06:00+00:00,1.336916208267212,1.336916208267212,1.336916208267212,1.336916208267212,0.0
2026-09-18 05:07:00+00:00,1.3370413780212402,1.3370413780212402,1.3370413780212402,1.3370413780212402,0.0
2026-09-18 05:08:00+00:00,1.3370234966278076,1.3370234966278076,1.3370234966278076,1.3370234966278076,0.0
2026-09-18 05:09:00+00:00,1.3369520902633667,1.3369520902633667,1.3369520902633667,1.3369520902633667,0.0
2026-09-18 05:10:00+00:00,1.336916208267212,1.336916208267212,1.336916208267212,1.336916208267212,0.0
2026-09-18 05:11:00+00:00,1.3368626832962036,1.3368626832962036,1.3368626832962036,1.3368626832962036,0.0
2026-09-18 05:12:00+00:00,1.3368805646896362,1.3368805646896362,1.3368805646896362,1.3368805646896362,0.0
2026-09-18 05:13:00+00:00,1.3368090391159058,1.3368090391159058,1.3368090391159058,1.3368090391159058,0.0
2026-09-18 05:14:00+00:00,1.3368090391159058,1.3368090391159058,1.3368090391159058,1.3368090391159058,0.0
2026-09-18 05:15:00+00:00,1.3367911577224731,1.3367911577224731,1.3367911577224731,1.3367911577224731,0.0
2026-09-18 05:16:00+00:00,1.3368269205093384,1.3368269205093384,1.3368269205093384,1.3368269205093384,0.0
2026-09-18 05:17:00+00:00,1.336844801902771,1.336844801902771,1.336844801902771,1.336844801902771,0.0
2026-09-18 05:18:00+00:00,1.336755394935608,1.336755394935608,1.336755394935608,1.336755394935608,0.0
2026-09-18 05:19:00+00:00,1.336755394935608,1.336755394935608,1.336755394935608,1.336755394935608,0.0
2026-09-18 05:20:00+00:00,1.3367197513580322,1.3367197513580322,1.3367197513580322,1.3367197513580322,0.0
2026-09-18 05:21:00+00:00,1.3366124629974365,1.3366124629974365,1.3366124629974365,1.3366124629974365,0.0
2026-09-18 05:22:00+00:00,1.336523175239563,1.336523175239563,1.336523175239563,1.336523175239563,0.0
2026-09-18 05:23:00+00:00,1.336523175239563,1.336523175239563,1.336523175239563,1.336523175239563,0.0
2026-09-18 05:24:00+00:00,1.3365768194198608,1.3365768194198608,1.3365768194198608,1.3365768194198608,0.0
2026-09-18 05:25:00+00:00,1.3366303443908691,1.3366303443908691,1.3366303443908691,1.3366303443908691,0.0
2026-09-18 05:26:00+00:00,1.3366303443908691,1.3366303443908691,1.3366303443908691,1.3366303443908691,0.0
2026-09-18 05:27:00+00:00,1.3366124629974365,1.3366124629974365,1.3366124629974365,1.3366124629974365,0.0
2026-09-18 05:28:00+00:00,1.336594581604004,1.336594581604004,1.336594581604004,1.336594581604004,0.0
2026-09-18 05:29:00+00:00,1.3365052938461304,1.3365052938461304,1.3365052938461304,1.3365052938461304,0.0
2026-09-18 05:30:00+00:00,1.3363802433013916,1.3363802433013916,1.3363802433013916,1.3363802433013916,0.0
2026-09-18 05:31:00+00:00,1.3363267183303833,1.3363267183303833,1.3363267183303833,1.3363267183303833,0.0
2026-09-18 05:32:00+00:00,1.3363088369369507,1.3363088369369507,1.3363088369369507,1.3363088369369507,0.0
2026-09-18 05:33:00+00:00,1.3362730741500854,1.3362730741500854,1.3362730741500854,1.3362730741500854,0.0
2026-09-18 05:34:00+00:00,1.3362553119659424,1.3362553119659424,1.3362553119659424,1.3362553119659424,0.0
2026-09-18 05:35:00+00:00,1.3363088369369507,1.3363088369369507,1.3363088369369507,1.3363088369369507,0.0
2026-09-18 05:36:00+00:00,1.3363444805145264,1.3363444805145264,1.3363444805145264,1.3363444805145264,0.0
2026-09-18 05:37:00+00:00,1.3363088369369507,1.3363088369369507,1.3363088369369507,1.3363088369369507,0.0
2026-09-18 05:38:00+00:00,1.3362016677856445,1.3362016677856445,1.3362016677856445,1.3362016677856445,0.0
2026-09-18 05:39:00+00:00,1.3363802433013916,1.3363802433013916,1.3363802433013916,1.3363802433013916,0.0
2026-09-18 05:40:00+00:00,1.3363444805145264,1.3363444805145264,1.3363444805145264,1.3363444805145264,0.0
2026-09-18 05:41:00+00:00,1.336290955543518,1.336290955543518,1.336290955543518,1.336290955543518,0.0
2026-09-18 05:42:00+00:00,1.3362016677856445,1.3362016677856445,1.3362016677856445,1.3362016677856445,0.0
2026-09-18 05:43:00+00:00,1.3363267183303833,1.3363267183303833,1.3363267183303833,1.3363267183303833,0.0
2026-09-18 05:44:00+00:00,1.3363267183303833,1.3363267183303833,1.3363267183303833,1.3363267183303833,0.0
2026-09-18 05:45:00+00:00,1.3362195491790771,1.3362195491790771,1.3362195491790771,1.3362195491790771,0.0
2026-09-18 05:46:00+00:00,1.3362016677856445,1.3362016677856445,1.3362016677856445,1.3362016677856445,0.0
2026-09-18 05:47:00+00:00,1.3362374305725098,1.3362374305725098,1.3362374305725098,1.3362374305725098,0.0
2026-09-18 05:48:00+00:00,1.3362730741500854,1.3362730741500854,1.3362730741500854,1.3362730741500854,0.0
2026-09-18 05:49:00+00:00,1.3362195491790771,1.3362195491790771,1.3362195491790771,1.3362195491790771,0.0
2026-09-18 05:50:00+00:00,1.336362361907959,1.336362361907959,1.336362361907959,1.336362361907959,0.0
2026-09-18 05:51:00+00:00,1.3363088369369507,1.3363088369369507,1.3363088369369507,1.3363088369369507,0.0
2026-09-18 05:52:00+00:00,1.3362730741500854,1.3362730741500854,1.3362730741500854,1.3362730741500854,0.0
2026-09-18 05:53:00+00:00,1.3362374305725098,1.3362374305725098,1.3362374305725098,1.3362374305725098,0.0
2026-09-18 05:54:00+00:00,1.3362374305725098,1.3362374305725098,1.3362374305725098,1.3362374305725098,0.0
2026-09-18 05:55:00+00:00,1.3362553119659424,1.3362553119659424,1.3362553119659424,1.3362553119659424,0.0
2026-09-18 05:56:00+00:00,1.3361481428146362,1.3361481428146362,1.3361481428146362,1.3361481428146362,0.0
2026-09-18 05:57:00+00:00,1.3363444805145264,1.3363444805145264,1.3363444805145264,1.3363444805145264,0.0
2026-09-18 05:58:00+00:00,1.336290955543518,1.336290955543518,1.336290955543518,1.336290955543518,0.0
2026-09-18 05:59:00+00:00,1.3362195491790771,1.3362195491790771,1.3362195491790771,1.3362195491790771,0.0
2026-09-18 06:00:00+00:00,1.3365052938461304,1.3365052938461304,1.3365052938461304,1.3365052938461304,0.0
2026-09-18 06:01:00+00:00,1.336594581604004,1.336594581604004,1.336594581604004,1.336594581604004,0.0
2026-09-18 06:02:00+00:00,1.3366303443908691,1.3366303443908691,1.3366303443908691,1.3366303443908691,0.0
2026-09-18 06:03:00+00:00,1.3365052938461304,1.3365052938461304,1.3365052938461304,1.3365052938461304,0.0
2026-09-18 06:04:00+00:00,1.3364516496658325,1.3364516496658325,1.3364516496658325,1.3364516496658325,0.0
2026-09-18 06:05:00+00:00,1.3364337682724,1.3364337682724,1.3364337682724,1.3364337682724,0.0
2026-09-18 06:06:00+00:00,1.3365410566329956,1.3365410566329956,1.3365410566329956,1.3365410566329956,0.0
2026-09-18 06:07:00+00:00,1.336523175239563,1.336523175239563,1.336523175239563,1.336523175239563,0.0
2026-09-18 06:08:00+00:00,1.336523175239563,1.336523175239563,1.336523175239563,1.336523175239563,0.0
2026-09-18 06:09:00+00:00,1.3366659879684448,1.3366659879684448,1.3366659879684448,1.3366659879684448,0.0
2026-09-18 06:10:00+00:00,1.3367732763290405,1.3367732763290405,1.3367732763290405,1.3367732763290405,0.0
2026-09-18 06:11:00+00:00,1.336755394935608,1.336755394935608,1.336755394935608,1.336755394935608,0.0
2026-09-18 06:12:00+00:00,1.3368090391159058,1.3368090391159058,1.3368090391159058,1.3368090391159058,0.0
2026-09-18 06:13:00+00:00,1.3368090391159058,1.3368090391159058,1.3368090391159058,1.3368090391159058,0.0
2026-09-18 06:14:00+00:00,1.3367911577224731,1.3367911577224731,1.3367911577224731,1.3367911577224731,0.0
2026-09-18 06:15:00+00:00,1.336594581604004,1.336594581604004,1.336594581604004,1.336594581604004,0.0
2026-09-18 06:16:00+00:00,1.3366303443908691,1.3366303443908691,1.3366303443908691,1.3366303443908691,0.0
2026-09-18 06:17:00+00:00,1.3367911577224731,1.3367911577224731,1.3367911577224731,1.3367911577224731,0.0
2026-09-18 06:18:00+00:00,1.3367197513580322,1.3367197513580322,1.3367197513580322,1.3367197513580322,0.0
2026-09-18 06:19:00+00:00,1.3369340896606445,1.3369340896606445,1.3369340896606445,1.3369340896606445,0.0
2026-09-18 06:20:00+00:00,1.3369340896606445,1.3369340896606445,1.3369340896606445,1.3369340896606445,0.0
2026-09-18 06:21:00+00:00,1.337005615234375,1.337005615234375,1.337005615234375,1.337005615234375,0.0
2026-09-18 06:23:00+00:00,1.337095022201538,1.337095022201538,1.337095022201538,1.337095022201538,0.0
2026-09-18 06:24:00+00:00,1.3371129035949707,1.3371129035949707,1.3371129035949707,1.3371129035949707,0.0
2026-09-18 06:25:00+00:00,1.3371129035949707,1.3371129035949707,1.3371129035949707,1.3371129035949707,0.0
2026-09-18 06:26:00+00:00,1.3370234966278076,1.3370234966278076,1.3370234966278076,1.3370234966278076,0.0
2026-09-18 06:27:00+00:00,1.3371665477752686,1.3371665477752686,1.3371665477752686,1.3371665477752686,0.0
2026-09-18 06:28:00+00:00,1.3372738361358643,1.3372738361358643,1.3372738361358643,1.3372738361358643,0.0
2026-09-18 06:29:00+00:00,1.337238073348999,1.337238073348999,1.337238073348999,1.337238073348999,0.0
2026-09-18 06:30:00+00:00,1.337327480316162,1.337327480316162,1.337327480316162,1.337327480316162,0.0
2026-09-18 06:31:00+00:00,1.3372738361358643,1.3372738361358643,1.3372738361358643,1.3372738361358643,0.0
2026-09-18 06:32:00+00:00,1.337238073348999,1.337238073348999,1.337238073348999,1.337238073348999,0.0
2026-09-18 06:33:00+00:00,1.3372917175292969,1.3372917175292969,1.3372917175292969,1.3372917175292969,0.0
2026-09-18 06:34:00+00:00,1.337238073348999,1.337238073348999,1.337238073348999,1.337238073348999,0.0
2026-09-18 06:35:00+00:00,1.3372201919555664,1.3372201919555664,1.3372201919555664,1.3372201919555664,0.0
2026-09-18 06:36:00+00:00,1.3372201919555664,1.3372201919555664,1.3372201919555664,1.3372201919555664,0.0
2026-09-18 06:37:00+00:00,1.3369340896606445,1.3369340896606445,1.3369340896606445,1.3369340896606445,0.0
2026-09-18 06:38:00+00:00,1.3368983268737793,1.3368983268737793,1.3368983268737793,1.3368983268737793,0.0
2026-09-18 06:39:00+00:00,1.3370234966278076,1.3370234966278076,1.3370234966278076,1.3370234966278076,0.0
2026-09-18 06:40:00+00:00,1.3371307849884033,1.3371307849884033,1.3371307849884033,1.3371307849884033,0.0
2026-09-18 06:41:00+00:00,1.3372201919555664,1.3372201919555664,1.3372201919555664,1.3372201919555664,0.0
2026-09-18 06:42:00+00:00,1.3372201919555664,1.3372201919555664,1.3372201919555664,1.3372201919555664,0.0
2026-09-18 06:43:00+00:00,1.3374348878860474,1.3374348878860474,1.3374348878860474,1.3374348878860474,0.0
2026-09-18 06:44:00+00:00,1.337470531463623,1.337470531463623,1.337470531463623,1.337470531463623,0.0
2026-09-18 06:45:00+00:00,1.3372559547424316,1.3372559547424316,1.3372559547424316,1.3372559547424316,0.0
2026-09-18 06:46:00+00:00,1.3373453617095947,1.3373453617095947,1.3373453617095947,1.3373453617095947,0.0
2026-09-18 06:47:00+00:00,1.3373453617095947,1.3373453617095947,1.3373453617095947,1.3373453617095947,0.0
2026-09-18 06:48:00+00:00,1.3373990058898926,1.3373990058898926,1.3373990058898926,1.3373990058898926,0.0
2026-09-18 06:49:00+00:00,1.337238073348999,1.337238073348999,1.337238073348999,1.337238073348999,0.0
2026-09-18 06:50:00+00:00,1.3372201919555664,1.3372201919555664,1.3372201919555664,1.3372201919555664,0.0
2026-09-18 06:51:00+00:00,1.3372023105621338,1.3372023105621338,1.3372023105621338,1.3372023105621338,0.0
2026-09-18 06:52:00+00:00,1.337148666381836,1.337148666381836,1.337148666381836,1.337148666381836,0.0
2026-09-18 06:53:00+00:00,1.337327480316162,1.337327480316162,1.337327480316162,1.337327480316162,0.0
2026-09-18 06:54:00+00:00,1.337238073348999,1.337238073348999,1.337238073348999,1.337238073348999,0.0
2026-09-18 06:55:00+00:00,1.3372201919555664,1.3372201919555664,1.3372201919555664,1.3372201919555664,0.0
2026-09-18 06:56:00+00:00,1.3372201919555664,1.3372201919555664,1.3372201919555664,1.3372201919555664,0.0
2026-09-18 06:57:00+00:00,1.337238073348999,1.337238073348999,1.337238073348999,1.337238073348999,0.0
2026-09-18 06:58:00+00:00,1.3371307849884033,1.3371307849884033,1.3371307849884033,1.3371307849884033,0.0
2026-09-18 06:59:00+00:00,1.337095022201538,1.337095022201538,1.337095022201538,1.337095022201538,0.0
2026-09-18 07:00:00+00:00,1.337095022201538,1.337095022201538,1.337095022201538,1.337095022201538,0.0
2026-09-18 07:01:00+00:00,1.3369520902633667,1.3369520902633667,1.3369520902633667,1.3369520902633667,0.0
2026-09-18 07:02:00+00:00,1.336916208267212,1.336916208267212,1.336916208267212,1.336916208267212,0.0
2026-09-18 07:03:00+00:00,1.336844801902771,1.336844801902771,1.336844801902771,1.336844801902771,0.0
2026-09-18 07:04:00+00:00,1.3370234966278076,1.3370234966278076,1.3370234966278076,1.3370234966278076,0.0
2026-09-18 07:05:00+00:00,1.3371844291687012,1.3371844291687012,1.3371844291687012,1.3371844291687012,0.0
2026-09-18 07:06:00+00:00,1.3372201919555664,1.3372201919555664,1.3372201919555664,1.3372201919555664,0.0
2026-09-18 07:07:00+00:00,1.3371844291687012,1.3371844291687012,1.3371844291687012,1.3371844291687012,0.0
2026-09-18 07:08:00+00:00,1.3372023105621338,1.3372023105621338,1.3372023105621338,1.3372023105621338,0.0
2026-09-18 07:09:00+00:00,1.3372023105621338,1.3372023105621338,1.3372023105621338,1.3372023105621338,0.0
2026-09-18 07:10:00+00:00,1.3372917175292969,1.3372917175292969,1.3372917175292969,1.3372917175292969,0.0
2026-09-18 07:11:00+00:00,1.3372917175292969,1.3372917175292969,1.3372917175292969,1.3372917175292969,0.0
2026-09-18 07:12:00+00:00,1.3372917175292969,1.3372917175292969,1.3372917175292969,1.3372917175292969,0.0
2026-09-18 07:13:00+00:00,1.3371307849884033,1.3371307849884033,1.3371307849884033,1.3371307849884033,0.0
2026-09-18 07:14:00+00:00,1.3369699716567993,1.3369699716567993,1.3368626832962036,1.3368626832962036,0.0
2026-09-18 07:15:00+00:00,1.336755394935608,1.336755394935608,1.336755394935608,1.336755394935608,0.0
2026-09-18 07:16:00+00:00,1.3367732763290405,1.3367732763290405,1.3367732763290405,1.3367732763290405,0.0
2026-09-18 07:17:00+00:00,1.3369520902633667,1.3369520902633667,1.3369520902633667,1.3369520902633667,0.0
2026-09-18 07:18:00+00:00,1.3368626832962036,1.3368626832962036,1.3368626832962036,1.3368626832962036,0.0
2026-09-18 07:19:00+00:00,1.3367018699645996,1.3367018699645996,1.3367018699645996,1.3367018699645996,0.0
2026-09-18 07:20:00+00:00,1.3366124629974365,1.3366124629974365,1.3366124629974365,1.3366124629974365,0.0
2026-09-18 07:21:00+00:00,1.3365052938461304,1.3365052938461304,1.3365052938461304,1.3365052938461304,0.0
2026-09-18 07:22:00+00:00,1.3364160060882568,1.3364160060882568,1.3364160060882568,1.3364160060882568,0.0
2026-09-18 07:23:00+00:00,1.3364875316619873,1.3364875316619873,1.3364875316619873,1.3364875316619873,0.0
2026-09-18 07:24:00+00:00,1.3365768194198608,1.3365768194198608,1.3365768194198608,1.3365768194198608,0.0
2026-09-18 07:25:00+00:00,1.3367018699645996,1.3367018699645996,1.3367018699645996,1.3367018699645996,0.0
2026-09-18 07:26:00+00:00,1.3367018699645996,1.3367018699645996,1.3367018699645996,1.3367018699645996,0.0
2026-09-18 07:27:00+00:00,1.3365589380264282,1.3365589380264282,1.3365589380264282,1.3365589380264282,0.0
2026-09-18 07:28:00+00:00,1.3365589380264282,1.3365589380264282,1.3365589380264282,1.3365589380264282,0.0
2026-09-18 07:29:00+00:00,1.3367018699645996,1.3367018699645996,1.3367018699645996,1.3367018699645996,0.0
2026-09-18 07:30:00+00:00,1.3367018699645996,1.3367018699645996,1.3367018699645996,1.3367018699645996,0.0
2026-09-18 07:31:00+00:00,1.3363981246948242,1.3363981246948242,1.3363981246948242,1.3363981246948242,0.0
2026-09-18 07:32:00+00:00,1.3362016677856445,1.3362016677856445,1.3362016677856445,1.3362016677856445,0.0
2026-09-18 07:33:00+00:00,1.3364337682724,1.3364337682724,1.3364337682724,1.3364337682724,0.0
2026-09-18 07:34:00+00:00,1.3364875316619873,1.3364875316619873,1.3364875316619873,1.3364875316619873,0.0
2026-09-18 07:35:00+00:00,1.3364875316619873,1.3364875316619873,1.3364875316619873,1.3364875316619873,0.0
2026-09-18 07:36:00+00:00,1.3362374305725098,1.3362374305725098,1.3362374305725098,1.3362374305725098,0.0
2026-09-18 07:37:00+00:00,1.3362553119659424,1.3362553119659424,1.3362553119659424,1.3362553119659424,0.0
2026-09-18 07:38:00+00:00,1.3365052938461304,1.3365052938461304,1.3365052938461304,1.3365052938461304,0.0
2026-09-18 07:39:00+00:00,1.3366482257843018,1.3366482257843018,1.3366482257843018,1.3366482257843018,0.0
2026-09-18 07:40:00+00:00,1.3365768194198608,1.3365768194198608,1.3365768194198608,1.3365768194198608,0.0
2026-09-18 07:41:00+00:00,1.3367911577224731,1.3367911577224731,1.3367911577224731,1.3367911577224731,0.0
2026-09-18 07:42:00+00:00,1.3367911577224731,1.3367911577224731,1.3367911577224731,1.3367911577224731,0.0
2026-09-18 07:43:00+00:00,1.3369520902633667,1.3369520902633667,1.3369520902633667,1.3369520902633667,0.0
2026-09-18 07:44:00+00:00,1.336916208267212,1.336916208267212,1.336916208267212,1.336916208267212,0.0
2026-09-18 07:45:00+00:00,1.3369520902633667,1.3369520902633667,1.3369520902633667,1.3369520902633667,0.0
2026-09-18 07:46:00+00:00,1.3367911577224731,1.3367911577224731,1.3367911577224731,1.3367911577224731,0.0
2026-09-18 07:47:00+00:00,1.3369699716567993,1.3369699716567993,1.3369699716567993,1.3369699716567993,0.0
2026-09-18 07:48:00+00:00,1.337005615234375,1.337005615234375,1.337005615234375,1.337005615234375,0.0
2026-09-18 07:49:00+00:00,1.3369877338409424,1.3369877338409424,1.3369877338409424,1.3369877338409424,0.0
2026-09-18 07:50:00+00:00,1.3370592594146729,1.3370592594146729,1.3370592594146729,1.3370592594146729,0.0
2026-09-18 07:51:00+00:00,1.3370771408081055,1.3370771408081055,1.3370771408081055,1.3370771408081055,0.0
2026-09-18 07:52:00+00:00,1.3370771408081055,1.3370771408081055,1.3370771408081055,1.3370771408081055,0.0
2026-09-18 07:53:00+00:00,1.3370234966278076,1.3370234966278076,1.3370234966278076,1.3370234966278076,0.0
2026-09-18 07:54:00+00:00,1.3369699716567993,1.3369699716567993,1.3369699716567993,1.3369699716567993,0.0
2026-09-18 07:55:00+00:00,1.3371129035949707,1.3371129035949707,1.3371129035949707,1.3371129035949707,0.0
2026-09-18 07:56:00+00:00,1.3369877338409424,1.3369877338409424,1.3369877338409424,1.3369877338409424,0.0
2026-09-18 07:57:00+00:00,1.3368805646896362,1.3368805646896362,1.3368805646896362,1.3368805646896362,0.0
2026-09-18 07:58:00+00:00,1.3368983268737793,1.3368983268737793,1.3368983268737793,1.3368983268737793,0.0
2026-09-18 07:59:00+00:00,1.3367732763290405,1.3367732763290405,1.3367732763290405,1.3367732763290405,0.0
2026-09-18 08:00:00+00:00,1.3367732763290405,1.3367732763290405,1.3367732763290405,1.3367732763290405,0.0
2026-09-18 08:01:00+00:00,1.3367911577224731,1.3367911577224731,1.3367911577224731,1.3367911577224731,0.0
2026-09-18 08:02:00+00:00,1.3368983268737793,1.3368983268737793,1.3368983268737793,1.3368983268737793,0.0
2026-09-18 08:03:00+00:00,1.3368626832962036,1.3368626832962036,1.3368626832962036,1.3368626832962036,0.0
2026-09-18 08:04:00+00:00,1.3369340896606445,1.3369340896606445,1.3369340896606445,1.3369340896606445,0.0
2026-09-18 08:05:00+00:00,1.337005615234375,1.337005615234375,1.337005615234375,1.337005615234375,0.0
2026-09-18 08:06:00+00:00,1.3370413780212402,1.3370413780212402,1.3370413780212402,1.3370413780212402,0.0
2026-09-18 08:07:00+00:00,1.3369340896606445,1.3369340896606445,1.3369340896606445,1.3369340896606445,0.0
2026-09-18 08:08:00+00:00,1.3369340896606445,1.3369340896606445,1.3369340896606445,1.3369340896606445,0.0
2026-09-18 08:09:00+00:00,1.3369699716567993,1.3369699716567993,1.3369699716567993,1.3369699716567993,0.0
2026-09-18 08:10:00+00:00,1.3369877338409424,1.3369877338409424,1.3369877338409424,1.3369877338409424,0.0
2026-09-18 08:11:00+00:00,1.3369877338409424,1.3369877338409424,1.3369877338409424,1.3369877338409424,0.0
2026-09-18 08:12:00+00:00,1.336916208267212,1.336916208267212,1.336916208267212,1.336916208267212,0.0
2026-09-18 08:13:00+00:00,1.3373095989227295,1.3373095989227295,1.3373095989227295,1.3373095989227295,0.0
2026-09-18 08:14:00+00:00,1.3372201919555664,1.3372201919555664,1.3372201919555664,1.3372201919555664,0.0
2026-09-18 08:15:00+00:00,1.3371665477752686,1.3371665477752686,1.3371665477752686,1.3371665477752686,0.0
2026-09-18 08:16:00+00:00,1.3372023105621338,1.3372023105621338,1.3372023105621338,1.3372023105621338,0.0
2026-09-18 08:17:00+00:00,1.3372917175292969,1.3372917175292969,1.3372917175292969,1.3372917175292969,0.0
2026-09-18 08:18:00+00:00,1.337238073348999,1.337238073348999,1.337238073348999,1.337238073348999,0.0
2026-09-18 08:19:00+00:00,1.3371844291687012,1.3371844291687012,1.3371844291687012,1.3371844291687012,0.0
2026-09-18 08:20:00+00:00,1.3372023105621338,1.3372023105621338,1.3372023105621338,1.3372023105621338,0.0
2026-09-18 08:21:00+00:00,1.337095022201538,1.337095022201538,1.337095022201538,1.337095022201538,0.0
2026-09-18 08:22:00+00:00,1.3369877338409424,1.3369877338409424,1.3369877338409424,1.3369877338409424,0.0
2026-09-18 08:23:00+00:00,1.3371129035949707,1.3371129035949707,1.3371129035949707,1.3371129035949707,0.0
2026-09-18 08:24:00+00:00,1.3371129035949707,1.3371129035949707,1.3371129035949707,1.3371129035949707,0.0
2026-09-18 08:25:00+00:00,1.3370771408081055,1.3370771408081055,1.3370771408081055,1.3370771408081055,0.0
2026-09-18 08:26:00+00:00,1.3370592594146729,1.3370592594146729,1.3370592594146729,1.3370592594146729,0.0
2026-09-18 08:27:00+00:00,1.337095022201538,1.337095022201538,1.337095022201538,1.337095022201538,0.0
2026-09-18 08:28:00+00:00,1.3370234966278076,1.3370234966278076,1.3370234966278076,1.3370234966278076,0.0
2026-09-18 08:29:00+00:00,1.3371307849884033,1.3371307849884033,1.3371307849884033,1.3371307849884033,0.0
2026-09-18 08:30:00+00:00,1.3372559547424316,1.3372559547424316,1.3372559547424316,1.3372559547424316,0.0
2026-09-18 08:31:00+00:00,1.3372023105621338,1.3372023105621338,1.3372023105621338,1.3372023105621338,0.0
2026-09-18 08:32:00+00:00,1.3371844291687012,1.3371844291687012,1.3371844291687012,1.3371844291687012,0.0
2026-09-18 08:33:00+00:00,1.337238073348999,1.337238073348999,1.337238073348999,1.337238073348999,0.0
2026-09-18 08:34:00+00:00,1.3369520902633667,1.3369520902633667,1.3369520902633667,1.3369520902633667,0.0
2026-09-18 08:35:00+00:00,1.3369699716567993,1.3369699716567993,1.3369699716567993,1.3369699716567993,0.0
2026-09-18 08:36:00+00:00,1.3370234966278076,1.3370234966278076,1.3370234966278076,1.3370234966278076,0.0
2026-09-18 08:37:00+00:00,1.3369877338409424,1.3369877338409424,1.3369877338409424,1.3369877338409424,0.0
2026-09-18 08:38:00+00:00,1.3369877338409424,1.3369877338409424,1.3369877338409424,1.3369877338409424,0.0
2026-09-18 08:39:00+00:00,1.337005615234375,1.337005615234375,1.337005615234375,1.337005615234375,0.0
2026-09-18 08:40:00+00:00,1.336916208267212,1.336916208267212,1.336916208267212,1.336916208267212,0.0
2026-09-18 08:41:00+00:00,1.3368090391159058,1.3368090391159058,1.3368090391159058,1.3368090391159058,0.0
2026-09-18 08:42:00+00:00,1.3368090391159058,1.3368090391159058,1.3368090391159058,1.3368090391159058,0.0
2026-09-18 08:43:00+00:00,1.336755394935608,1.336755394935608,1.336755394935608,1.336755394935608,0.0
2026-09-18 08:44:00+00:00,1.3367911577224731,1.3367911577224731,1.3367911577224731,1.3367911577224731,0.0
2026-09-18 08:45:00+00:00,1.3366124629974365,1.3366124629974365,1.3366124629974365,1.3366124629974365,0.0
2026-09-18 08:46:00+00:00,1.336683988571167,1.336683988571167,1.336683988571167,1.336683988571167,0.0
2026-09-18 08:47:00+00:00,1.3367197513580322,1.3367197513580322,1.3367197513580322,1.3367197513580322,0.0
2026-09-18 08:48:00+00:00,1.336683988571167,1.336683988571167,1.336683988571167,1.336683988571167,0.0
2026-09-18 08:49:00+00:00,1.3366659879684448,1.3366659879684448,1.3366659879684448,1.3366659879684448,0.0
2026-09-18 08:50:00+00:00,1.3367018699645996,1.3367018699645996,1.3367018699645996,1.3367018699645996,0.0
2026-09-18 08:51:00+00:00,1.336755394935608,1.336755394935608,1.336755394935608,1.336755394935608,0.0
2026-09-18 08:52:00+00:00,1.336844801902771,1.336844801902771,1.336844801902771,1.336844801902771,0.0
2026-09-18 08:53:00+00:00,1.3370234966278076,1.3370234966278076,1.3370234966278076,1.3370234966278076,0.0
2026-09-18 08:54:00+00:00,1.3369877338409424,1.3369877338409424,1.3369877338409424,1.3369877338409424,0.0
2026-09-18 08:55:00+00:00,1.3368090391159058,1.3368090391159058,1.3368090391159058,1.3368090391159058,0.0
2026-09-18 08:56:00+00:00,1.3369340896606445,1.3369340896606445,1.3369340896606445,1.3369340896606445,0.0
2026-09-18 08:57:00+00:00,1.3371307849884033,1.3371307849884033,1.3371307849884033,1.3371307849884033,0.0
2026-09-18 08:58:00+00:00,1.3370771408081055,1.3370771408081055,1.3370771408081055,1.3370771408081055,0.0
2026-09-18 08:59:00+00:00,1.3371129035949707,1.3371129035949707,1.3371129035949707,1.3371129035949707,0.0
2026-09-18 09:00:00+00:00,1.3371129035949707,1.3371129035949707,1.3371129035949707,1.3371129035949707,0.0
2026-09-18 09:01:00+00:00,1.3369877338409424,1.3369877338409424,1.3369877338409424,1.3369877338409424,0.0
2026-09-18 09:02:00+00:00,1.3370413780212402,1.3370413780212402,1.3370413780212402,1.3370413780212402,0.0
2026-09-18 09:03:00+00:00,1.3370592594146729,1.3370592594146729,1.3370592594146729,1.3370592594146729,0.0
2026-09-18 09:04:00+00:00,1.337148666381836,1.337148666381836,1.337148666381836,1.337148666381836,0.0
2026-09-18 09:05:00+00:00,1.337095022201538,1.337095022201538,1.337095022201538,1.337095022201538,0.0
2026-09-18 09:06:00+00:00,1.3371129035949707,1.3371129035949707,1.3371129035949707,1.3371129035949707,0.0
2026-09-18 09:07:00+00:00,1.3370413780212402,1.3370413780212402,1.3370413780212402,1.3370413780212402,0.0
2026-09-18 09:08:00+00:00,1.337095022201538,1.337095022201538,1.337095022201538,1.337095022201538,0.0
2026-09-18 09:09:00+00:00,1.336844801902771,1.336844801902771,1.336844801902771,1.336844801902771,0.0
2026-09-18 09:10:00+00:00,1.3369877338409424,1.3369877338409424,1.3369877338409424,1.3369877338409424,0.0
2026-09-18 09:11:00+00:00,1.3368983268737793,1.3368983268737793,1.3368983268737793,1.3368983268737793,0.0
2026-09-18 09:12:00+00:00,1.3368269205093384,1.3368269205093384,1.3368269205093384,1.3368269205093384,0.0
2026-09-18 09:13:00+00:00,1.3367911577224731,1.3367911577224731,1.3367911577224731,1.3367911577224731,0.0
2026-09-18 09:14:00+00:00,1.3368626832962036,1.3368626832962036,1.3368626832962036,1.3368626832962036,0.0
2026-09-18 09:15:00+00:00,1.3368626832962036,1.3368626832962036,1.3368626832962036,1.3368626832962036,0.0
2026-09-18 09:16:00+00:00,1.3368805646896362,1.3368805646896362,1.3368805646896362,1.3368805646896362,0.0
2026-09-18 09:17:00+00:00,1.3367375135421753,1.3367375135421753,1.3367375135421753,1.3367375135421753,0.0
2026-09-18 09:18:00+00:00,1.3366482257843018,1.3366482257843018,1.3366482257843018,1.3366482257843018,0.0
2026-09-18 09:19:00+00:00,1.3367375135421753,1.3367375135421753,1.3367375135421753,1.3367375135421753,0.0
2026-09-18 09:20:00+00:00,1.3366482257843018,1.3366482257843018,1.3366482257843018,1.3366482257843018,0.0
2026-09-18 09:21:00+00:00,1.3366124629974365,1.3366124629974365,1.3366124629974365,1.3366124629974365,0.0
2026-09-18 09:22:00+00:00,1.3366482257843018,1.3366482257843018,1.3366482257843018,1.3366482257843018,0.0
2026-09-18 09:23:00+00:00,1.3367375135421753,1.3367375135421753,1.3367375135421753,1.3367375135421753,0.0
2026-09-18 09:24:00+00:00,1.336844801902771,1.336844801902771,1.336844801902771,1.336844801902771,0.0
2026-09-18 09:25:00+00:00,1.3368269205093384,1.3368269205093384,1.3368269205093384,1.3368269205093384,0.0
2026-09-18 09:26:00+00:00,1.3368269205093384,1.3368269205093384,1.3368269205093384,1.3368269205093384,0.0
2026-09-18 09:27:00+00:00,1.3366659879684448,1.3366659879684448,1.3366659879684448,1.3366659879684448,0.0
2026-09-18 09:28:00+00:00,1.3367018699645996,1.3367018699645996,1.3367018699645996,1.3367018699645996,0.0
2026-09-18 09:29:00+00:00,1.3366482257843018,1.3366482257843018,1.3366482257843018,1.3366482257843018,0.0
2026-09-18 09:30:00+00:00,1.336683988571167,1.336683988571167,1.336683988571167,1.336683988571167,0.0
2026-09-18 09:31:00+00:00,1.3366659879684448,1.3366659879684448,1.3366659879684448,1.3366659879684448,0.0
2026-09-18 09:32:00+00:00,1.3368090391159058,1.3368090391159058,1.3368090391159058,1.3368090391159058,0.0
2026-09-18 09:33:00+00:00,1.336683988571167,1.336683988571167,1.336683988571167,1.336683988571167,0.0
2026-09-18 09:34:00+00:00,1.3367375135421753,1.3367375135421753,1.3367375135421753,1.3367375135421753,0.0
2026-09-18 09:35:00+00:00,1.336844801902771,1.336844801902771,1.336844801902771,1.336844801902771,0.0
2026-09-18 09:36:00+00:00,1.3368090391159058,1.3368090391159058,1.3368090391159058,1.3368090391159058,0.0
2026-09-18 09:37:00+00:00,1.336755394935608,1.336755394935608,1.336755394935608,1.336755394935608,0.0
2026-09-18 09:38:00+00:00,1.3367018699645996,1.3367018699645996,1.3367018699645996,1.3367018699645996,0.0
2026-09-18 09:39:00+00:00,1.336594581604004,1.336594581604004,1.336594581604004,1.336594581604004,0.0
2026-09-18 09:40:00+00:00,1.3366124629974365,1.3366124629974365,1.3366124629974365,1.3366124629974365,0.0
2026-09-18 09:41:00+00:00,1.3367197513580322,1.3367197513580322,1.3367197513580322,1.3367197513580322,0.0
2026-09-18 09:42:00+00:00,1.3368269205093384,1.3368269205093384,1.3368269205093384,1.3368269205093384,0.0
2026-09-18 09:43:00+00:00,1.336844801902771,1.336844801902771,1.336844801902771,1.336844801902771,0.0
2026-09-18 09:44:00+00:00,1.336755394935608,1.336755394935608,1.336755394935608,1.336755394935608,0.0
2026-09-18 09:45:00+00:00,1.336683988571167,1.336683988571167,1.336683988571167,1.336683988571167,0.0
2026-09-18 09:46:00+00:00,1.336594581604004,1.336594581604004,1.336594581604004,1.336594581604004,0.0
2026-09-18 09:47:00+00:00,1.336594581604004,1.336594581604004,1.336594581604004,1.336594581604004,0.0
2026-09-18 09:48:00+00:00,1.336594581604004,1.336594581604004,1.336594581604004,1.336594581604004,0.0
2026-09-18 09:49:00+00:00,1.3365768194198608,1.3365768194198608,1.3365768194198608,1.3365768194198608,0.0
2026-09-18 09:50:00+00:00,1.3368983268737793,1.3368983268737793,1.3368983268737793,1.3368983268737793,0.0
2026-09-18 09:51:00+00:00,1.336844801902771,1.336844801902771,1.336844801902771,1.336844801902771,0.0
2026-09-18 09:52:00+00:00,1.336916208267212,1.336916208267212,1.336916208267212,1.336916208267212,0.0
2026-09-18 09:53:00+00:00,1.3370234966278076,1.3370234966278076,1.3370234966278076,1.3370234966278076,0.0
2026-09-18 09:54:00+00:00,1.3372738361358643,1.3372738361358643,1.3372738361358643,1.3372738361358643,0.0
2026-09-18 09:55:00+00:00,1.3371129035949707,1.3371129035949707,1.3371129035949707,1.3371129035949707,0.0
2026-09-18 09:56:00+00:00,1.337238073348999,1.337238073348999,1.337238073348999,1.337238073348999,0.0
2026-09-18 09:57:00+00:00,1.3372917175292969,1.3372917175292969,1.3372917175292969,1.3372917175292969,0.0
2026-09-18 09:58:00+00:00,1.337238073348999,1.337238073348999,1.337238073348999,1.337238073348999,0.0
2026-09-18 09:59:00+00:00,1.3371307849884033,1.3371307849884033,1.3371307849884033,1.3371307849884033,0.0
2026-09-18 10:00:00+00:00,1.3370234966278076,1.3370234966278076,1.3370234966278076,1.3370234966278076,0.0
2026-09-18 10:01:00+00:00,1.3370413780212402,1.3370413780212402,1.3370413780212402,1.3370413780212402,0.0
2026-09-18 10:02:00+00:00,1.3370413780212402,1.3370413780212402,1.3370413780212402,1.3370413780212402,0.0
2026-09-18 10:03:00+00:00,1.3370592594146729,1.3370592594146729,1.3370592594146729,1.3370592594146729,0.0
2026-09-18 10:04:00+00:00,1.3368626832962036,1.3368626832962036,1.3368626832962036,1.3368626832962036,0.0
2026-09-18 10:05:00+00:00,1.336844801902771,1.336844801902771,1.336844801902771,1.336844801902771,0.0
2026-09-18 10:06:00+00:00,1.3369340896606445,1.3369340896606445,1.3369340896606445,1.3369340896606445,0.0
2026-09-18 10:07:00+00:00,1.3372023105621338,1.3372023105621338,1.3372023105621338,1.3372023105621338,0.0
2026-09-18 10:08:00+00:00,1.337148666381836,1.337148666381836,1.337148666381836,1.337148666381836,0.0
2026-09-18 10:09:00+00:00,1.337005615234375,1.337005615234375,1.337005615234375,1.337005615234375,0.0
2026-09-18 10:10:00+00:00,1.3370413780212402,1.3370413780212402,1.3370413780212402,1.3370413780212402,0.0
2026-09-18 10:11:00+00:00,1.337005615234375,1.337005615234375,1.337005615234375,1.337005615234375,0.0
2026-09-18 10:12:00+00:00,1.3370592594146729,1.3370592594146729,1.3370592594146729,1.3370592594146729,0.0
2026-09-18 10:13:00+00:00,1.3370234966278076,1.3370234966278076,1.3370234966278076,1.3370234966278076,0.0
2026-09-18 10:14:00+00:00,1.3369699716567993,1.3369699716567993,1.3369699716567993,1.3369699716567993,0.0
2026-09-18 10:15:00+00:00,1.3369520902633667,1.3369520902633667,1.3369520902633667,1.3369520902633667,0.0
2026-09-18 10:16:00+00:00,1.3368983268737793,1.3368983268737793,1.3368983268737793,1.3368983268737793,0.0
2026-09-18 10:17:00+00:00,1.3369520902633667,1.3369520902633667,1.3369520902633667,1.3369520902633667,0.0
2026-09-18 10:18:00+00:00,1.3369340896606445,1.3369340896606445,1.3369340896606445,1.3369340896606445,0.0
2026-09-18 10:19:00+00:00,1.3369340896606445,1.3369340896606445,1.3369340896606445,1.3369340896606445,0.0
2026-09-18 10:20:00+00:00,1.3369699716567993,1.3369699716567993,1.3369699716567993,1.3369699716567993,0.0
2026-09-18 10:21:00+00:00,1.3367911577224731,1.3367911577224731,1.3367911577224731,1.3367911577224731,0.0
2026-09-18 10:23:00+00:00,1.3367911577224731,1.3367911577224731,1.3367911577224731,1.3367911577224731,0.0
2026-09-18 10:24:00+00:00,1.3369340896606445,1.3369340896606445,1.3369340896606445,1.3369340896606445,0.0
2026-09-18 10:25:00+00:00,1.3368983268737793,1.3368983268737793,1.3368983268737793,1.3368983268737793,0.0
2026-09-18 10:26:00+00:00,1.3369520902633667,1.3369520902633667,1.3369520902633667,1.3369520902633667,0.0
2026-09-18 10:27:00+00:00,1.3369340896606445,1.3369340896606445,1.3369340896606445,1.3369340896606445,0.0
2026-09-18 10:28:00+00:00,1.3369699716567993,1.3369699716567993,1.3369699716567993,1.3369699716567993,0.0
2026-09-18 10:29:00+00:00,1.3367911577224731,1.3367911577224731,1.3367911577224731,1.3367911577224731,0.0
2026-09-18 10:30:00+00:00,1.336683988571167,1.336683988571167,1.336683988571167,1.336683988571167,0.0
2026-09-18 10:31:00+00:00,1.3366303443908691,1.3366303443908691,1.3366303443908691,1.3366303443908691,0.0
2026-09-18 10:32:00+00:00,1.3366124629974365,1.3366124629974365,1.3366124629974365,1.3366124629974365,0.0
2026-09-18 10:33:00+00:00,1.336523175239563,1.336523175239563,1.336523175239563,1.336523175239563,0.0
2026-09-18 10:34:00+00:00,1.336523175239563,1.336523175239563,1.336523175239563,1.336523175239563,0.0
2026-09-18 10:35:00+00:00,1.3364337682724,1.3364337682724,1.3364337682724,1.3364337682724,0.0
2026-09-18 10:36:00+00:00,1.336523175239563,1.336523175239563,1.336523175239563,1.336523175239563,0.0
2026-09-18 10:37:00+00:00,1.3363267183303833,1.3363267183303833,1.3363267183303833,1.3363267183303833,0.0
2026-09-18 10:38:00+00:00,1.3363802433013916,1.3363802433013916,1.3363802433013916,1.3363802433013916,0.0
2026-09-18 10:39:00+00:00,1.3361302614212036,1.3361302614212036,1.3361302614212036,1.3361302614212036,0.0
2026-09-18 10:40:00+00:00,1.3360767364501953,1.3360767364501953,1.3360767364501953,1.3360767364501953,0.0
2026-09-18 10:41:00+00:00,1.3359161615371704,1.3359161615371704,1.3359161615371704,1.3359161615371704,0.0
2026-09-18 10:42:00+00:00,1.335862636566162,1.335862636566162,1.335862636566162,1.335862636566162,0.0
2026-09-18 10:43:00+00:00,1.3358268737792969,1.3358268737792969,1.3358268737792969,1.3358268737792969,0.0
2026-09-18 10:44:00+00:00,1.3356484174728394,1.3356484174728394,1.3356484174728394,1.3356484174728394,0.0
2026-09-18 10:45:00+00:00,1.3354878425598145,1.3354878425598145,1.3354878425598145,1.3354878425598145,0.0
2026-09-18 10:46:00+00:00,1.3354523181915283,1.3354523181915283,1.3354523181915283,1.3354523181915283,0.0
2026-09-18 10:47:00+00:00,1.335416555404663,1.335416555404663,1.335416555404663,1.335416555404663,0.0
2026-09-18 10:48:00+00:00,1.335309624671936,1.335309624671936,1.335309624671936,1.335309624671936,0.0
2026-09-18 10:49:00+00:00,1.335220456123352,1.335220456123352,1.335220456123352,1.335220456123352,0.0
2026-09-18 10:50:00+00:00,1.3351491689682007,1.3351491689682007,1.3351491689682007,1.3351491689682007,0.0
2026-09-18 10:51:00+00:00,1.3350956439971924,1.3350956439971924,1.3350956439971924,1.3350956439971924,0.0
2026-09-18 10:52:00+00:00,1.335309624671936,1.335309624671936,1.335309624671936,1.335309624671936,0.0
2026-09-18 10:53:00+00:00,1.3354344367980957,1.3354344367980957,1.3354344367980957,1.3354344367980957,0.0
2026-09-18 10:54:00+00:00,1.3355236053466797,1.3355236053466797,1.3355236053466797,1.3355236053466797,0.0
2026-09-18 10:55:00+00:00,1.3356484174728394,1.3356484174728394,1.3356484174728394,1.3356484174728394,0.0
2026-09-18 10:56:00+00:00,1.3355236053466797,1.3355236053466797,1.3355236053466797,1.3355236053466797,0.0
2026-09-18 10:57:00+00:00,1.3354878425598145,1.3354878425598145,1.3354878425598145,1.3354878425598145,0.0
2026-09-18 10:58:00+00:00,1.3355236053466797,1.3355236053466797,1.3355236053466797,1.3355236053466797,0.0
2026-09-18 10:59:00+00:00,1.335416555404663,1.335416555404663,1.335416555404663,1.335416555404663,0.0
2026-09-18 11:00:00+00:00,1.3358089923858643,1.3358089923858643,1.3358089923858643,1.3358089923858643,0.0
2026-09-18 11:01:00+00:00,1.3360053300857544,1.3360053300857544,1.3360053300857544,1.3360053300857544,0.0
2026-09-18 11:02:00+00:00,1.3360588550567627,1.3360588550567627,1.3360588550567627,1.3360588550567627,0.0
2026-09-18 11:03:00+00:00,1.3362553119659424,1.3362553119659424,1.3362553119659424,1.3362553119659424,0.0
2026-09-18 11:04:00+00:00,1.3362730741500854,1.3362730741500854,1.3362730741500854,1.3362730741500854,0.0
2026-09-18 11:05:00+00:00,1.3362730741500854,1.3362730741500854,1.3362730741500854,1.3362730741500854,0.0
2026-09-18 11:06:00+00:00,1.335755467414856,1.335755467414856,1.335755467414856,1.335755467414856,0.0
2026-09-18 11:07:00+00:00,1.3358447551727295,1.3358447551727295,1.3358447551727295,1.3358447551727295,0.0
2026-09-18 11:08:00+00:00,1.3358982801437378,1.3358982801437378,1.3358982801437378,1.3358982801437378,0.0
2026-09-18 11:09:00+00:00,1.336112380027771,1.336112380027771,1.336112380027771,1.336112380027771,0.0
2026-09-18 11:10:00+00:00,1.3361660242080688,1.3361660242080688,1.3361660242080688,1.3361660242080688,0.0
2026-09-18 11:11:00+00:00,1.3362553119659424,1.3362553119659424,1.3362553119659424,1.3362553119659424,0.0
2026-09-18 11:12:00+00:00,1.3364160060882568,1.3364160060882568,1.3364160060882568,1.3364160060882568,0.0
2026-09-18 11:13:00+00:00,1.3363267183303833,1.3363267183303833,1.3363267183303833,1.3363267183303833,0.0
2026-09-18 11:14:00+00:00,1.3362553119659424,1.3362553119659424,1.3362553119659424,1.3362553119659424,0.0
2026-09-18 11:15:00+00:00,1.336112380027771,1.336112380027771,1.336112380027771,1.336112380027771,0.0
2026-09-18 11:16:00+00:00,1.3358447551727295,1.3358447551727295,1.3358089923858643,1.3358089923858643,0.0
2026-09-18 11:17:00+00:00,1.3358982801437378,1.3358982801437378,1.3358982801437378,1.3358982801437378,0.0
2026-09-18 11:18:00+00:00,1.3359339237213135,1.3359339237213135,1.3359339237213135,1.3359339237213135,0.0
2026-09-18 11:19:00+00:00,1.3359695672988892,1.3359695672988892,1.3359695672988892,1.3359695672988892,0.0
2026-09-18 11:20:00+00:00,1.3358447551727295,1.3358447551727295,1.3358447551727295,1.3358447551727295,0.0
2026-09-18 11:21:00+00:00,1.335666298866272,1.335666298866272,1.335666298866272,1.335666298866272,0.0
2026-09-18 11:22:00+00:00,1.3360767364501953,1.3360767364501953,1.3360767364501953,1.3360767364501953,0.0
2026-09-18 11:23:00+00:00,1.335951805114746,1.335951805114746,1.335951805114746,1.335951805114746,0.0
2026-09-18 11:24:00+00:00,1.3358447551727295,1.3358447551727295,1.3358447551727295,1.3358447551727295,0.0
2026-09-18 11:25:00+00:00,1.3357375860214233,1.3357375860214233,1.3357375860214233,1.3357375860214233,0.0
2026-09-18 11:26:00+00:00,1.335594892501831,1.335594892501831,1.335594892501831,1.335594892501831,0.0
2026-09-18 11:27:00+00:00,1.3354344367980957,1.3354344367980957,1.3354344367980957,1.3354344367980957,0.0
2026-09-18 11:28:00+00:00,1.33539879322052,1.33539879322052,1.33539879322052,1.33539879322052,0.0
2026-09-18 11:29:00+00:00,1.3352917432785034,1.3352917432785034,1.3352917432785034,1.3352917432785034,0.0
2026-09-18 11:30:00+00:00,1.3352917432785034,1.3352917432785034,1.3352917432785034,1.3352917432785034,0.0
2026-09-18 11:31:00+00:00,1.335131287574768,1.335131287574768,1.335131287574768,1.335131287574768,0.0
2026-09-18 11:32:00+00:00,1.335131287574768,1.335131287574768,1.335131287574768,1.335131287574768,0.0
2026-09-18 11:33:00+00:00,1.335416555404663,1.335416555404663,1.335416555404663,1.335416555404663,0.0
2026-09-18 11:34:00+00:00,1.3353809118270874,1.3353809118270874,1.3353809118270874,1.3353809118270874,0.0
2026-09-18 11:35:00+00:00,1.3352025747299194,1.3352025747299194,1.3352025747299194,1.3352025747299194,0.0
2026-09-18 11:36:00+00:00,1.3351491689682007,1.3351491689682007,1.3351491689682007,1.3351491689682007,0.0
2026-09-18 11:37:00+00:00,1.3350956439971924,1.3350956439971924,1.3350956439971924,1.3350956439971924,0.0
2026-09-18 11:38:00+00:00,1.3347570896148682,1.3347570896148682,1.3347570896148682,1.3347570896148682,0.0
2026-09-18 11:39:00+00:00,1.3347392082214355,1.3347392082214355,1.3347392082214355,1.3347392082214355,0.0
2026-09-18 11:40:00+00:00,1.3347392082214355,1.3347392082214355,1.3347392082214355,1.3347392082214355,0.0
2026-09-18 11:41:00+00:00,1.3346322774887085,1.3346322774887085,1.3346322774887085,1.3346322774887085,0.0
2026-09-18 11:42:00+00:00,1.3345789909362793,1.3345789909362793,1.3345789909362793,1.3345789909362793,0.0
2026-09-18 11:43:00+00:00,1.3347392082214355,1.3347392082214355,1.3347392082214355,1.3347392082214355,0.0
2026-09-18 11:44:00+00:00,1.3345789909362793,1.3345789909362793,1.3345789909362793,1.3345789909362793,0.0
2026-09-18 11:45:00+00:00,1.334810495376587,1.334810495376587,1.334810495376587,1.334810495376587,0.0
2026-09-18 11:46:00+00:00,1.3348283767700195,1.3348283767700195,1.3348283767700195,1.3348283767700195,0.0
2026-09-18 11:47:00+00:00,1.334935188293457,1.334935188293457,1.334935188293457,1.334935188293457,0.0
2026-09-18 11:48:00+00:00,1.3348639011383057,1.3348639011383057,1.3348639011383057,1.3348639011383057,0.0
2026-09-18 11:49:00+00:00,1.3348461389541626,1.3348461389541626,1.3348461389541626,1.3348461389541626,0.0
2026-09-18 11:50:00+00:00,1.3346322774887085,1.3346322774887085,1.3346322774887085,1.3346322774887085,0.0
2026-09-18 11:51:00+00:00,1.334507703781128,1.334507703781128,1.334507703781128,1.334507703781128,0.0
2026-09-18 11:52:00+00:00,1.3344365358352661,1.3344365358352661,1.3344365358352661,1.3344365358352661,0.0
2026-09-18 11:53:00+00:00,1.3343474864959717,1.3343474864959717,1.3343474864959717,1.3343474864959717,0.0
2026-09-18 11:54:00+00:00,1.3344186544418335,1.3344186544418335,1.3344186544418335,1.3344186544418335,0.0
2026-09-18 11:55:00+00:00,1.3343831300735474,1.3343831300735474,1.3343831300735474,1.3343831300735474,0.0
2026-09-18 11:56:00+00:00,1.3345967531204224,1.3345967531204224,1.3345967531204224,1.3345967531204224,0.0
2026-09-18 11:57:00+00:00,1.3345967531204224,1.3345967531204224,1.3345967531204224,1.3345967531204224,0.0
2026-09-18 11:58:00+00:00,1.3346858024597168,1.3346858024597168,1.3346858024597168,1.3346858024597168,0.0
2026-09-18 11:59:00+00:00,1.3347392082214355,1.3347392082214355,1.3347392082214355,1.3347392082214355,0.0
2026-09-18 12:00:00+00:00,1.3347392082214355,1.3347392082214355,1.3347392082214355,1.3347392082214355,0.0
2026-09-18 12:01:00+00:00,1.3346501588821411,1.3346501588821411,1.3346501588821411,1.3346501588821411,0.0
2026-09-18 12:02:00+00:00,1.334507703781128,1.334507703781128,1.334507703781128,1.334507703781128,0.0
2026-09-18 12:03:00+00:00,1.3345967531204224,1.3345967531204224,1.3345967531204224,1.3345967531204224,0.0
2026-09-18 12:04:00+00:00,1.3346680402755737,1.3346680402755737,1.3346680402755737,1.3346680402755737,0.0
2026-09-18 12:05:00+00:00,1.3344720602035522,1.3344720602035522,1.3344720602035522,1.3344720602035522,0.0
2026-09-18 12:06:00+00:00,1.3344542980194092,1.3344542980194092,1.3344542980194092,1.3344542980194092,0.0
2026-09-18 12:07:00+00:00,1.3343831300735474,1.3343831300735474,1.3343831300735474,1.3343831300735474,0.0
2026-09-18 12:08:00+00:00,1.3344186544418335,1.3344186544418335,1.3344186544418335,1.3344186544418335,0.0
2026-09-18 12:09:00+00:00,1.3344186544418335,1.3344186544418335,1.3344186544418335,1.3344186544418335,0.0
2026-09-18 12:10:00+00:00,1.3344186544418335,1.3344186544418335,1.3344186544418335,1.3344186544418335,0.0
2026-09-18 12:11:00+00:00,1.3340270519256592,1.3340270519256592,1.3340270519256592,1.3340270519256592,0.0
2026-09-18 12:12:00+00:00,1.334294080734253,1.334294080734253,1.334294080734253,1.334294080734253,0.0
2026-09-18 12:13:00+00:00,1.3344186544418335,1.3344186544418335,1.3344186544418335,1.3344186544418335,0.0
2026-09-18 12:14:00+00:00,1.3343652486801147,1.3343652486801147,1.3343652486801147,1.3343652486801147,0.0
2026-09-18 12:15:00+00:00,1.3344365358352661,1.3344365358352661,1.3344365358352661,1.3344365358352661,0.0
2026-09-18 12:16:00+00:00,1.334329605102539,1.334329605102539,1.334329605102539,1.334329605102539,0.0
2026-09-18 12:17:00+00:00,1.3342229127883911,1.3342229127883911,1.3342229127883911,1.3342229127883911,0.0
2026-09-18 12:18:00+00:00,1.3342050313949585,1.3342050313949585,1.3342050313949585,1.3342050313949585,0.0
2026-09-18 12:19:00+00:00,1.333866834640503,1.333866834640503,1.333866834640503,1.333866834640503,0.0
2026-09-18 12:20:00+00:00,1.3337956666946411,1.3337956666946411,1.3337956666946411,1.3337956666946411,0.0
2026-09-18 12:21:00+00:00,1.3338313102722168,1.3338313102722168,1.3338313102722168,1.3338313102722168,0.0
2026-09-18 12:22:00+00:00,1.3340091705322266,1.3340091705322266,1.3340091705322266,1.3340091705322266,0.0
2026-09-18 12:23:00+00:00,1.3339202404022217,1.3339202404022217,1.3339202404022217,1.3339202404022217,0.0
2026-09-18 12:24:00+00:00,1.3337246179580688,1.3337246179580688,1.3337246179580688,1.3337246179580688,0.0
2026-09-18 12:25:00+00:00,1.333653450012207,1.333653450012207,1.333653450012207,1.333653450012207,0.0
2026-09-18 12:26:00+00:00,1.333742380142212,1.333742380142212,1.333742380142212,1.333742380142212,0.0
2026-09-18 12:27:00+00:00,1.333760142326355,1.333760142326355,1.333760142326355,1.333760142326355,0.0
2026-09-18 12:28:00+00:00,1.333653450012207,1.333653450012207,1.333653450012207,1.333653450012207,0.0
2026-09-18 12:29:00+00:00,1.3337246179580688,1.3337246179580688,1.3337246179580688,1.3337246179580688,0.0
2026-09-18 12:30:00+00:00,1.3337067365646362,1.3337067365646362,1.3337067365646362,1.3337067365646362,0.0
2026-09-18 12:31:00+00:00,1.3339024782180786,1.3339024782180786,1.3339024782180786,1.3339024782180786,0.0
2026-09-18 12:32:00+00:00,1.333760142326355,1.333760142326355,1.333760142326355,1.333760142326355,0.0
2026-09-18 12:33:00+00:00,1.3340270519256592,1.3340270519256592,1.3340270519256592,1.3340270519256592,0.0
2026-09-18 12:34:00+00:00,1.3342229127883911,1.3342229127883911,1.3342229127883911,1.3342229127883911,0.0
2026-09-18 12:35:00+00:00,1.3342584371566772,1.3342584371566772,1.3342584371566772,1.3342584371566772,0.0
2026-09-18 12:36:00+00:00,1.334329605102539,1.334329605102539,1.334329605102539,1.334329605102539,0.0
2026-09-18 12:37:00+00:00,1.3344186544418335,1.3344186544418335,1.3344186544418335,1.3344186544418335,0.0
2026-09-18 12:38:00+00:00,1.3343117237091064,1.3343117237091064,1.3343117237091064,1.3343117237091064,0.0
2026-09-18 12:39:00+00:00,1.3343652486801147,1.3343652486801147,1.3343652486801147,1.3343652486801147,0.0
2026-09-18 12:40:00+00:00,1.3343117237091064,1.3343117237091064,1.3343117237091064,1.3343117237091064,0.0
2026-09-18 12:41:00+00:00,1.3342405557632446,1.3342405557632446,1.3342405557632446,1.3342405557632446,0.0
2026-09-18 12:42:00+00:00,1.3343474864959717,1.3343474864959717,1.3343474864959717,1.3343474864959717,0.0
2026-09-18 12:43:00+00:00,1.334294080734253,1.334294080734253,1.334294080734253,1.334294080734253,0.0
2026-09-18 12:44:00+00:00,1.3343117237091064,1.3343117237091064,1.3343117237091064,1.3343117237091064,0.0
2026-09-18 12:45:00+00:00,1.334329605102539,1.334329605102539,1.334329605102539,1.334329605102539,0.0
2026-09-18 12:46:00+00:00,1.3344542980194092,1.3344542980194092,1.3344542980194092,1.3344542980194092,0.0
2026-09-18 12:47:00+00:00,1.3346322774887085,1.3346322774887085,1.3346322774887085,1.3346322774887085,0.0
2026-09-18 12:48:00+00:00,1.3344898223876953,1.3344898223876953,1.3344898223876953,1.3344898223876953,0.0
2026-09-18 12:49:00+00:00,1.334614634513855,1.334614634513855,1.334614634513855,1.334614634513855,0.0
2026-09-18 12:50:00+00:00,1.3347570896148682,1.3347570896148682,1.3347570896148682,1.3347570896148682,0.0
2026-09-18 12:51:00+00:00,1.334917426109314,1.334917426109314,1.334917426109314,1.334917426109314,0.0
2026-09-18 12:52:00+00:00,1.3347749710083008,1.3347749710083008,1.3347749710083008,1.3347749710083008,0.0
2026-09-18 12:53:00+00:00,1.3346501588821411,1.3346501588821411,1.3346501588821411,1.3346501588821411,0.0
2026-09-18 12:54:00+00:00,1.3347214460372925,1.3347214460372925,1.3347214460372925,1.3347214460372925,0.0
2026-09-18 12:55:00+00:00,1.3348461389541626,1.3348461389541626,1.3348461389541626,1.3348461389541626,0.0
2026-09-18 12:56:00+00:00,1.334899663925171,1.334899663925171,1.334899663925171,1.334899663925171,0.0
2026-09-18 12:57:00+00:00,1.335131287574768,1.335131287574768,1.335131287574768,1.335131287574768,0.0
2026-09-18 12:58:00+00:00,1.335131287574768,1.335131287574768,1.335131287574768,1.335131287574768,0.0
2026-09-18 12:59:00+00:00,1.334935188293457,1.334935188293457,1.334935188293457,1.334935188293457,0.0
2026-09-18 13:00:00+00:00,1.334810495376587,1.334810495376587,1.334810495376587,1.334810495376587,0.0
2026-09-18 13:01:00+00:00,1.334810495376587,1.334810495376587,1.334810495376587,1.334810495376587,0.0
2026-09-18 13:02:00+00:00,1.334614634513855,1.334614634513855,1.334614634513855,1.334614634513855,0.0
2026-09-18 13:03:00+00:00,1.3344720602035522,1.3344720602035522,1.3344720602035522,1.3344720602035522,0.0
2026-09-18 13:04:00+00:00,1.3346501588821411,1.3346501588821411,1.3346501588821411,1.3346501588821411,0.0
2026-09-18 13:05:00+00:00,1.3347035646438599,1.3347035646438599,1.3347035646438599,1.3347035646438599,0.0
2026-09-18 13:06:00+00:00,1.334614634513855,1.334614634513855,1.334614634513855,1.334614634513855,0.0
2026-09-18 13:07:00+00:00,1.3345255851745605,1.3345255851745605,1.3345255851745605,1.3345255851745605,0.0
2026-09-18 13:08:00+00:00,1.334614634513855,1.334614634513855,1.334614634513855,1.334614634513855,0.0
2026-09-18 13:09:00+00:00,1.3346858024597168,1.3346858024597168,1.3346858024597168,1.3346858024597168,0.0
2026-09-18 13:10:00+00:00,1.3344365358352661,1.3344365358352661,1.3344365358352661,1.3344365358352661,0.0
2026-09-18 13:11:00+00:00,1.3344365358352661,1.3344365358352661,1.3344365358352661,1.3344365358352661,0.0
2026-09-18 13:12:00+00:00,1.3343652486801147,1.3343652486801147,1.3343652486801147,1.3343652486801147,0.0
2026-09-18 13:13:00+00:00,1.3344898223876953,1.3344898223876953,1.3344898223876953,1.3344898223876953,0.0
2026-09-18 13:14:00+00:00,1.3343474864959717,1.3343474864959717,1.3343474864959717,1.3343474864959717,0.0
2026-09-18 13:15:00+00:00,1.3343474864959717,1.3343474864959717,1.3343474864959717,1.3343474864959717,0.0
2026-09-18 13:16:00+00:00,1.334507703781128,1.334507703781128,1.334507703781128,1.334507703781128,0.0
2026-09-18 13:17:00+00:00,1.3344898223876953,1.3344898223876953,1.3344898223876953,1.3344898223876953,0.0
2026-09-18 13:18:00+00:00,1.3344898223876953,1.3344898223876953,1.3344898223876953,1.3344898223876953,0.0
2026-09-18 13:19:00+00:00,1.3345255851745605,1.3345255851745605,1.3345255851745605,1.3345255851745605,0.0
2026-09-18 13:20:00+00:00,1.334614634513855,1.334614634513855,1.334614634513855,1.334614634513855,0.0
2026-09-18 13:21:00+00:00,1.3345255851745605,1.3345255851745605,1.3345255851745605,1.3345255851745605,0.0
2026-09-18 13:22:00+00:00,1.3345433473587036,1.3345433473587036,1.3345433473587036,1.3345433473587036,0.0
2026-09-18 13:23:00+00:00,1.3344365358352661,1.3344365358352661,1.3344365358352661,1.3344365358352661,0.0
2026-09-18 13:24:00+00:00,1.3345255851745605,1.3345255851745605,1.3345255851745605,1.3345255851745605,0.0
2026-09-18 13:25:00+00:00,1.3347392082214355,1.3347392082214355,1.3347392082214355,1.3347392082214355,0.0
2026-09-18 13:26:00+00:00,1.3347392082214355,1.3347392082214355,1.3347392082214355,1.3347392082214355,0.0
2026-09-18 13:27:00+00:00,1.3347392082214355,1.3347392082214355,1.3347392082214355,1.3347392082214355,0.0
2026-09-18 13:28:00+00:00,1.3347570896148682,1.3347570896148682,1.3347570896148682,1.3347570896148682,0.0
2026-09-18 13:29:00+00:00,1.3349530696868896,1.3349530696868896,1.3349530696868896,1.3349530696868896,0.0
2026-09-18 13:30:00+00:00,1.335024356842041,1.335024356842041,1.335024356842041,1.335024356842041,0.0
2026-09-18 13:31:00+00:00,1.3348639011383057,1.3348639011383057,1.3348639011383057,1.3348639011383057,0.0
2026-09-18 13:32:00+00:00,1.334917426109314,1.334917426109314,1.334917426109314,1.334917426109314,0.0
2026-09-18 13:33:00+00:00,1.334810495376587,1.334810495376587,1.334810495376587,1.334810495376587,0.0
2026-09-18 13:34:00+00:00,1.3347035646438599,1.3347035646438599,1.3347035646438599,1.3347035646438599,0.0
2026-09-18 13:35:00+00:00,1.3346322774887085,1.3346322774887085,1.3346322774887085,1.3346322774887085,0.0
2026-09-18 13:36:00+00:00,1.3344542980194092,1.3344542980194092,1.3344542980194092,1.3344542980194092,0.0
2026-09-18 13:37:00+00:00,1.3342761993408203,1.3342761993408203,1.3342761993408203,1.3342761993408203,0.0
2026-09-18 13:38:00+00:00,1.3343117237091064,1.3343117237091064,1.3343117237091064,1.3343117237091064,0.0
2026-09-18 13:39:00+00:00,1.3343474864959717,1.3343474864959717,1.3343474864959717,1.3343474864959717,0.0
2026-09-18 13:40:00+00:00,1.3342405557632446,1.3342405557632446,1.3342405557632446,1.3342405557632446,0.0
2026-09-18 13:41:00+00:00,1.3342405557632446,1.3342405557632446,1.3342405557632446,1.3342405557632446,0.0
2026-09-18 13:42:00+00:00,1.3343474864959717,1.3343474864959717,1.3343474864959717,1.3343474864959717,0.0
2026-09-18 13:43:00+00:00,1.3345433473587036,1.3345433473587036,1.3345433473587036,1.3345433473587036,0.0
2026-09-18 13:44:00+00:00,1.3347570896148682,1.3347570896148682,1.3347570896148682,1.3347570896148682,0.0
2026-09-18 13:45:00+00:00,1.334917426109314,1.334917426109314,1.334917426109314,1.334917426109314,0.0
2026-09-18 13:46:00+00:00,1.335006594657898,1.335006594657898,1.335006594657898,1.335006594657898,0.0
2026-09-18 13:47:00+00:00,1.3347392082214355,1.3347392082214355,1.3347392082214355,1.3347392082214355,0.0
2026-09-18 13:48:00+00:00,1.3347214460372925,1.3347214460372925,1.3347214460372925,1.3347214460372925,0.0
2026-09-18 13:49:00+00:00,1.3346322774887085,1.3346322774887085,1.3346322774887085,1.3346322774887085,0.0
2026-09-18 13:50:00+00:00,1.3345789909362793,1.3345789909362793,1.3345789909362793,1.3345789909362793,0.0
2026-09-18 13:51:00+00:00,1.3344365358352661,1.3344365358352661,1.3344365358352661,1.3344365358352661,0.0
2026-09-18 13:52:00+00:00,1.334614634513855,1.334614634513855,1.334614634513855,1.334614634513855,0.0
2026-09-18 13:53:00+00:00,1.3344898223876953,1.3344898223876953,1.3344898223876953,1.3344898223876953,0.0
2026-09-18 13:54:00+00:00,1.3344007730484009,1.3344007730484009,1.3344007730484009,1.3344007730484009,0.0
2026-09-18 13:56:00+00:00,1.3341338634490967,1.3341338634490967,1.3341338634490967,1.3341338634490967,0.0
2026-09-18 13:57:00+00:00,1.3341338634490967,1.3341338634490967,1.3341338634490967,1.3341338634490967,0.0
2026-09-18 13:58:00+00:00,1.334098219871521,1.334098219871521,1.334098219871521,1.334098219871521,0.0
2026-09-18 13:59:00+00:00,1.3342229127883911,1.3342229127883911,1.3342229127883911,1.3342229127883911,0.0
2026-09-18 14:00:00+00:00,1.3340091705322266,1.3340091705322266,1.3340091705322266,1.3340091705322266,0.0
2026-09-18 14:01:00+00:00,1.3341516256332397,1.3341516256332397,1.3341516256332397,1.3341516256332397,0.0
2026-09-18 14:02:00+00:00,1.3344007730484009,1.3344007730484009,1.3344007730484009,1.3344007730484009,0.0
2026-09-18 14:03:00+00:00,1.334614634513855,1.334614634513855,1.334614634513855,1.334614634513855,0.0
2026-09-18 14:04:00+00:00,1.3345433473587036,1.3345433473587036,1.3345433473587036,1.3345433473587036,0.0
2026-09-18 14:05:00+00:00,1.3345255851745605,1.3345255851745605,1.3345255851745605,1.3345255851745605,0.0
2026-09-18 14:06:00+00:00,1.3342761993408203,1.3342761993408203,1.3342761993408203,1.3342761993408203,0.0
2026-09-18 14:07:00+00:00,1.3342405557632446,1.3342405557632446,1.3342405557632446,1.3342405557632446,0.0
2026-09-18 14:08:00+00:00,1.3343652486801147,1.3343652486801147,1.3343652486801147,1.3343652486801147,0.0
2026-09-18 14:09:00+00:00,1.3345789909362793,1.3345789909362793,1.3345789909362793,1.3345789909362793,0.0
2026-09-18 14:10:00+00:00,1.3347035646438599,1.3347035646438599,1.3347035646438599,1.3347035646438599,0.0
2026-09-18 14:11:00+00:00,1.3347392082214355,1.3347392082214355,1.3347392082214355,1.3347392082214355,0.0
2026-09-18 14:12:00+00:00,1.3347214460372925,1.3347214460372925,1.3347214460372925,1.3347214460372925,0.0
2026-09-18 14:13:00+00:00,1.3347926139831543,1.3347926139831543,1.3347926139831543,1.3347926139831543,0.0
2026-09-18 14:14:00+00:00,1.3348461389541626,1.3348461389541626,1.3348461389541626,1.3348461389541626,0.0
2026-09-18 14:15:00+00:00,1.335006594657898,1.335006594657898,1.335006594657898,1.335006594657898,0.0
2026-09-18 14:16:00+00:00,1.3348461389541626,1.3348461389541626,1.3348461389541626,1.3348461389541626,0.0
2026-09-18 14:17:00+00:00,1.334810495376587,1.334810495376587,1.334810495376587,1.334810495376587,0.0
2026-09-18 14:18:00+00:00,1.3344898223876953,1.3344898223876953,1.3344898223876953,1.3344898223876953,0.0
2026-09-18 14:19:00+00:00,1.3345611095428467,1.3345611095428467,1.3345611095428467,1.3345611095428467,0.0
2026-09-18 14:20:00+00:00,1.3344898223876953,1.3344898223876953,1.3344898223876953,1.3344898223876953,0.0
2026-09-18 14:21:00+00:00,1.3343474864959717,1.3343474864959717,1.3343474864959717,1.3343474864959717,0.0
2026-09-18 14:22:00+00:00,1.334329605102539,1.334329605102539,1.334329605102539,1.334329605102539,0.0
2026-09-18 14:23:00+00:00,1.3345967531204224,1.3345967531204224,1.3345967531204224,1.3345967531204224,0.0
2026-09-18 14:24:00+00:00,1.3346501588821411,1.3346501588821411,1.3346501588821411,1.3346501588821411,0.0
2026-09-18 14:25:00+00:00,1.3347214460372925,1.3347214460372925,1.3347214460372925,1.3347214460372925,0.0
2026-09-18 14:26:00+00:00,1.3348283767700195,1.3348283767700195,1.3348283767700195,1.3348283767700195,0.0
2026-09-18 14:27:00+00:00,1.3348461389541626,1.3348461389541626,1.3348461389541626,1.3348461389541626,0.0
2026-09-18 14:28:00+00:00,1.334917426109314,1.334917426109314,1.334917426109314,1.334917426109314,0.0
2026-09-18 14:29:00+00:00,1.335006594657898,1.335006594657898,1.335006594657898,1.335006594657898,0.0
2026-09-18 14:30:00+00:00,1.334917426109314,1.334917426109314,1.334917426109314,1.334917426109314,0.0
2026-09-18 14:31:00+00:00,1.335024356842041,1.335024356842041,1.335024356842041,1.335024356842041,0.0
2026-09-18 14:32:00+00:00,1.334935188293457,1.334935188293457,1.334935188293457,1.334935188293457,0.0
2026-09-18 14:33:00+00:00,1.335024356842041,1.335024356842041,1.335024356842041,1.335024356842041,0.0
2026-09-18 14:34:00+00:00,1.334935188293457,1.334935188293457,1.334935188293457,1.334935188293457,0.0
2026-09-18 14:35:00+00:00,1.334935188293457,1.334935188293457,1.334935188293457,1.334935188293457,0.0
2026-09-18 14:36:00+00:00,1.3349530696868896,1.3349530696868896,1.3349530696868896,1.3349530696868896,0.0
2026-09-18 14:37:00+00:00,1.3349530696868896,1.3349530696868896,1.3349530696868896,1.3349530696868896,0.0
2026-09-18 14:38:00+00:00,1.3351670503616333,1.3351670503616333,1.3351670503616333,1.3351670503616333,0.0
2026-09-18 14:39:00+00:00,1.3351491689682007,1.3351491689682007,1.3351491689682007,1.3351491689682007,0.0
2026-09-18 14:40:00+00:00,1.335309624671936,1.335309624671936,1.335309624671936,1.335309624671936,0.0
2026-09-18 14:41:00+00:00,1.3354344367980957,1.3354344367980957,1.3354344367980957,1.3354344367980957,0.0
2026-09-18 14:42:00+00:00,1.3354344367980957,1.3354344367980957,1.3354344367980957,1.3354344367980957,0.0
2026-09-18 14:43:00+00:00,1.335559368133545,1.335559368133545,1.335559368133545,1.335559368133545,0.0
2026-09-18 14:44:00+00:00,1.3356127738952637,1.3356127738952637,1.3356127738952637,1.3356127738952637,0.0
2026-09-18 14:45:00+00:00,1.3356306552886963,1.3356306552886963,1.3356306552886963,1.3356306552886963,0.0
2026-09-18 14:46:00+00:00,1.3357020616531372,1.3357020616531372,1.3357020616531372,1.3357020616531372,0.0
2026-09-18 14:47:00+00:00,1.3358268737792969,1.3358268737792969,1.3358268737792969,1.3358268737792969,0.0
2026-09-18 14:48:00+00:00,1.3357733488082886,1.3358268737792969,1.3357733488082886,1.3358268737792969,0.0
2026-09-18 14:49:00+00:00,1.3357912302017212,1.3357912302017212,1.3357912302017212,1.3357912302017212,0.0
2026-09-18 14:50:00+00:00,1.336112380027771,1.336112380027771,1.336112380027771,1.336112380027771,0.0
2026-09-18 14:51:00+00:00,1.336112380027771,1.336112380027771,1.336112380027771,1.336112380027771,0.0
2026-09-18 14:52:00+00:00,1.3363267183303833,1.3363267183303833,1.3363267183303833,1.3363267183303833,0.0
2026-09-18 14:53:00+00:00,1.336112380027771,1.336112380027771,1.336112380027771,1.336112380027771,0.0
2026-09-18 14:54:00+00:00,1.3363267183303833,1.3363267183303833,1.3363267183303833,1.3363267183303833,0.0
2026-09-18 14:55:00+00:00,1.3363088369369507,1.3363088369369507,1.3363088369369507,1.3363088369369507,0.0
2026-09-18 14:56:00+00:00,1.3364516496658325,1.3364516496658325,1.3364516496658325,1.3364516496658325,0.0
2026-09-18 14:57:00+00:00,1.3363802433013916,1.3363802433013916,1.3363802433013916,1.3363802433013916,0.0
2026-09-18 14:58:00+00:00,1.3361302614212036,1.3361302614212036,1.3361302614212036,1.3361302614212036,0.0
2026-09-18 14:59:00+00:00,1.336094617843628,1.336094617843628,1.336094617843628,1.336094617843628,0.0
2026-09-18 15:00:00+00:00,1.3358982801437378,1.3358982801437378,1.3358982801437378,1.3358982801437378,0.0
2026-09-18 15:01:00+00:00,1.3361839056015015,1.3361839056015015,1.3361839056015015,1.3361839056015015,0.0
2026-09-18 15:02:00+00:00,1.3362195491790771,1.3362195491790771,1.3362195491790771,1.3362195491790771,0.0
2026-09-18 15:03:00+00:00,1.336094617843628,1.336094617843628,1.336094617843628,1.336094617843628,0.0
2026-09-18 15:04:00+00:00,1.3357375860214233,1.3357375860214233,1.3357375860214233,1.3357375860214233,0.0
2026-09-18 15:05:00+00:00,1.3358447551727295,1.3358447551727295,1.3358447551727295,1.3358447551727295,0.0
2026-09-18 15:06:00+00:00,1.3358447551727295,1.3358447551727295,1.3358447551727295,1.3358447551727295,0.0
2026-09-18 15:07:00+00:00,1.336112380027771,1.336112380027771,1.336112380027771,1.336112380027771,0.0
2026-09-18 15:08:00+00:00,1.336094617843628,1.336094617843628,1.336094617843628,1.336094617843628,0.0
2026-09-18 15:09:00+00:00,1.3360588550567627,1.3360588550567627,1.3360588550567627,1.3360588550567627,0.0
2026-09-18 15:10:00+00:00,1.33604097366333,1.33604097366333,1.33604097366333,1.33604097366333,0.0
2026-09-18 15:11:00+00:00,1.3360053300857544,1.3360053300857544,1.3360053300857544,1.3360053300857544,0.0
2026-09-18 15:12:00+00:00,1.335951805114746,1.335951805114746,1.335951805114746,1.335951805114746,0.0
2026-09-18 15:13:00+00:00,1.3364160060882568,1.3364160060882568,1.3364160060882568,1.3364160060882568,0.0
2026-09-18 15:14:00+00:00,1.3365768194198608,1.3365768194198608,1.3365768194198608,1.3365768194198608,0.0
2026-09-18 15:15:00+00:00,1.3365052938461304,1.3365052938461304,1.3365052938461304,1.3365052938461304,0.0
2026-09-18 15:16:00+00:00,1.3364875316619873,1.3364875316619873,1.3364875316619873,1.3364875316619873,0.0
2026-09-18 15:17:00+00:00,1.3365410566329956,1.3365410566329956,1.3365410566329956,1.3365410566329956,0.0
2026-09-18 15:18:00+00:00,1.3366482257843018,1.3366482257843018,1.3366482257843018,1.3366482257843018,0.0
2026-09-18 15:19:00+00:00,1.3368269205093384,1.3368269205093384,1.3368269205093384,1.3368269205093384,0.0
2026-09-18 15:20:00+00:00,1.3367911577224731,1.3367911577224731,1.3367911577224731,1.3367911577224731,0.0
2026-09-18 15:21:00+00:00,1.3367375135421753,1.3367375135421753,1.3367375135421753,1.3367375135421753,0.0
2026-09-18 15:22:00+00:00,1.3368090391159058,1.3368090391159058,1.3368090391159058,1.3368090391159058,0.0
2026-09-18 15:23:00+00:00,1.3368983268737793,1.3368983268737793,1.3368983268737793,1.3368983268737793,0.0
2026-09-18 15:24:00+00:00,1.3371307849884033,1.3371307849884033,1.3371307849884033,1.3371307849884033,0.0
2026-09-18 15:25:00+00:00,1.3374168872833252,1.3374168872833252,1.3374168872833252,1.3374168872833252,0.0
2026-09-18 15:26:00+00:00,1.3373095989227295,1.3373095989227295,1.3373095989227295,1.3373095989227295,0.0
2026-09-18 15:27:00+00:00,1.3372023105621338,1.3372023105621338,1.3372023105621338,1.3372023105621338,0.0
2026-09-18 15:28:00+00:00,1.3372023105621338,1.3372023105621338,1.3372023105621338,1.3372023105621338,0.0
2026-09-18 15:29:00+00:00,1.3375064134597778,1.3375064134597778,1.3375064134597778,1.3375064134597778,0.0
2026-09-18 15:30:00+00:00,1.3376315832138062,1.3376315832138062,1.3376315832138062,1.3376315832138062,0.0
2026-09-18 15:31:00+00:00,1.337595820426941,1.337595820426941,1.337595820426941,1.337595820426941,0.0
2026-09-18 15:32:00+00:00,1.3375600576400757,1.3375600576400757,1.3375600576400757,1.3375600576400757,0.0
2026-09-18 15:33:00+00:00,1.3375064134597778,1.3375064134597778,1.3375064134597778,1.3375064134597778,0.0
2026-09-18 15:34:00+00:00,1.3372201919555664,1.3372201919555664,1.3372201919555664,1.3372201919555664,0.0
2026-09-18 15:35:00+00:00,1.3375064134597778,1.3375064134597778,1.3375064134597778,1.3375064134597778,0.0
2026-09-18 15:36:00+00:00,1.337667465209961,1.337667465209961,1.337667465209961,1.337667465209961,0.0
2026-09-18 15:37:00+00:00,1.3373095989227295,1.3373095989227295,1.3373095989227295,1.3373095989227295,0.0
2026-09-18 15:38:00+00:00,1.337238073348999,1.337238073348999,1.337238073348999,1.337238073348999,0.0
2026-09-18 15:39:00+00:00,1.3370771408081055,1.3370771408081055,1.3370771408081055,1.3370771408081055,0.0
2026-09-18 15:40:00+00:00,1.3370771408081055,1.3370771408081055,1.3370771408081055,1.3370771408081055,0.0
2026-09-18 15:41:00+00:00,1.3371307849884033,1.3371307849884033,1.3371307849884033,1.3371307849884033,0.0
2026-09-18 15:42:00+00:00,1.336916208267212,1.336916208267212,1.336916208267212,1.336916208267212,0.0
2026-09-18 15:43:00+00:00,1.336916208267212,1.336916208267212,1.336916208267212,1.336916208267212,0.0
2026-09-18 15:44:00+00:00,1.3370234966278076,1.3370234966278076,1.3370234966278076,1.3370234966278076,0.0
2026-09-18 15:45:00+00:00,1.3368983268737793,1.3368983268737793,1.3368983268737793,1.3368983268737793,0.0
2026-09-18 15:46:00+00:00,1.3371307849884033,1.3371307849884033,1.3371307849884033,1.3371307849884033,0.0
2026-09-18 15:47:00+00:00,1.3371129035949707,1.3371129035949707,1.3371129035949707,1.3371129035949707,0.0
2026-09-18 15:48:00+00:00,1.3372559547424316,1.3372559547424316,1.3372559547424316,1.3372559547424316,0.0
2026-09-18 15:49:00+00:00,1.3372738361358643,1.3372738361358643,1.3372738361358643,1.3372738361358643,0.0
2026-09-18 15:50:00+00:00,1.337095022201538,1.337095022201538,1.337095022201538,1.337095022201538,0.0
2026-09-18 15:51:00+00:00,1.337148666381836,1.337148666381836,1.337148666381836,1.337148666381836,0.0
2026-09-18 15:52:00+00:00,1.3371129035949707,1.3371129035949707,1.3371129035949707,1.3371129035949707,0.0
2026-09-18 15:53:00+00:00,1.3369340896606445,1.3369340896606445,1.3369340896606445,1.3369340896606445,0.0
2026-09-18 15:54:00+00:00,1.336916208267212,1.336916208267212,1.336916208267212,1.336916208267212,0.0
2026-09-18 15:55:00+00:00,1.3370592594146729,1.3370592594146729,1.3370592594146729,1.3370592594146729,0.0
2026-09-18 15:56:00+00:00,1.3368805646896362,1.3368805646896362,1.3368805646896362,1.3368805646896362,0.0
2026-09-18 15:57:00+00:00,1.337005615234375,1.337005615234375,1.337005615234375,1.337005615234375,0.0
2026-09-18 15:58:00+00:00,1.337005615234375,1.337005615234375,1.337005615234375,1.337005615234375,0.0
2026-09-18 15:59:00+00:00,1.337095022201538,1.337095022201538,1.337095022201538,1.337095022201538,0.0
2026-09-18 16:00:00+00:00,1.3371307849884033,1.3371307849884033,1.3371307849884033,1.3371307849884033,0.0
2026-09-18 16:01:00+00:00,1.3372201919555664,1.3372201919555664,1.3372201919555664,1.3372201919555664,0.0
2026-09-18 16:02:00+00:00,1.3370771408081055,1.3370771408081055,1.3370771408081055,1.3370771408081055,0.0
2026-09-18 16:03:00+00:00,1.337095022201538,1.337095022201538,1.337095022201538,1.337095022201538,0.0
2026-09-18 16:04:00+00:00,1.3369877338409424,1.3369877338409424,1.3369877338409424,1.3369877338409424,0.0
2026-09-18 16:05:00+00:00,1.3371844291687012,1.3371844291687012,1.3371844291687012,1.3371844291687012,0.0
2026-09-18 16:06:00+00:00,1.337238073348999,1.337238073348999,1.337238073348999,1.337238073348999,0.0
2026-09-18 16:07:00+00:00,1.3373990058898926,1.3373990058898926,1.3373990058898926,1.3373990058898926,0.0
2026-09-18 16:08:00+00:00,1.33738112449646,1.33738112449646,1.33738112449646,1.33738112449646,0.0
2026-09-18 16:09:00+00:00,1.3374168872833252,1.3374168872833252,1.3374168872833252,1.3374168872833252,0.0
2026-09-18 16:10:00+00:00,1.3373990058898926,1.3373990058898926,1.3373990058898926,1.3373990058898926,0.0
2026-09-18 16:11:00+00:00,1.337595820426941,1.337595820426941,1.337595820426941,1.337595820426941,0.0
2026-09-18 16:12:00+00:00,1.337524175643921,1.337524175643921,1.337524175643921,1.337524175643921,0.0
2026-09-18 16:13:00+00:00,1.3374885320663452,1.3374885320663452,1.3374885320663452,1.3374885320663452,0.0
2026-09-18 16:14:00+00:00,1.3376137018203735,1.3376137018203735,1.3376137018203735,1.3376137018203735,0.0
2026-09-18 16:15:00+00:00,1.3376494646072388,1.3376494646072388,1.3376494646072388,1.3376494646072388,0.0
2026-09-18 16:16:00+00:00,1.3379895687103271,1.3379895687103271,1.3379895687103271,1.3379895687103271,0.0
2026-09-18 16:17:00+00:00,1.3379000425338745,1.3379000425338745,1.3379000425338745,1.3379000425338745,0.0
2026-09-18 16:18:00+00:00,1.337846279144287,1.337846279144287,1.337846279144287,1.337846279144287,0.0
2026-09-18 16:19:00+00:00,1.337828516960144,1.337828516960144,1.337828516960144,1.337828516960144,0.0
2026-09-18 16:20:00+00:00,1.3378105163574219,1.3378105163574219,1.3378105163574219,1.3378105163574219,0.0
2026-09-18 16:21:00+00:00,1.3378105163574219,1.3378105163574219,1.3378105163574219,1.3378105163574219,0.0
2026-09-18 16:22:00+00:00,1.337685227394104,1.337685227394104,1.337685227394104,1.337685227394104,0.0
2026-09-18 16:23:00+00:00,1.3376137018203735,1.3376137018203735,1.3376137018203735,1.3376137018203735,0.0
2026-09-18 16:24:00+00:00,1.337667465209961,1.337667465209961,1.337667465209961,1.337667465209961,0.0
2026-09-18 16:25:00+00:00,1.337882161140442,1.337882161140442,1.337882161140442,1.337882161140442,0.0
2026-09-18 16:26:00+00:00,1.337828516960144,1.337828516960144,1.337828516960144,1.337828516960144,0.0
2026-09-18 16:27:00+00:00,1.3377031087875366,1.3377031087875366,1.3377031087875366,1.3377031087875366,0.0
2026-09-18 16:28:00+00:00,1.337828516960144,1.337828516960144,1.337828516960144,1.337828516960144,0.0
2026-09-18 16:29:00+00:00,1.3379536867141724,1.3379536867141724,1.3379536867141724,1.3379536867141724,0.0
2026-09-18 16:30:00+00:00,1.3378641605377197,1.3378641605377197,1.3378641605377197,1.3378641605377197,0.0
2026-09-18 16:31:00+00:00,1.3379358053207397,1.3379358053207397,1.3379358053207397,1.3379358053207397,0.0
2026-09-18 16:32:00+00:00,1.3380612134933472,1.3380612134933472,1.3380612134933472,1.3380612134933472,0.0
2026-09-18 16:33:00+00:00,1.338311791419983,1.338311791419983,1.338311791419983,1.338311791419983,0.0
2026-09-18 16:34:00+00:00,1.3380969762802124,1.3380969762802124,1.3380969762802124,1.3380969762802124,0.0
2026-09-18 16:35:00+00:00,1.338114857673645,1.338114857673645,1.338114857673645,1.338114857673645,0.0
2026-09-18 16:36:00+00:00,1.3381328582763672,1.3381328582763672,1.3381328582763672,1.3381328582763672,0.0
2026-09-18 16:37:00+00:00,1.3381685018539429,1.3381685018539429,1.3381685018539429,1.3381685018539429,0.0
2026-09-18 16:38:00+00:00,1.338186502456665,1.338186502456665,1.338186502456665,1.338186502456665,0.0
2026-09-18 16:39:00+00:00,1.338186502456665,1.338186502456665,1.338186502456665,1.338186502456665,0.0
2026-09-18 16:40:00+00:00,1.3384193181991577,1.3384193181991577,1.3384193181991577,1.3384193181991577,0.0
2026-09-18 16:41:00+00:00,1.3383835554122925,1.3383835554122925,1.3383835554122925,1.3383835554122925,0.0
2026-09-18 16:42:00+00:00,1.3384552001953125,1.3384552001953125,1.3384552001953125,1.3384552001953125,0.0
2026-09-18 16:43:00+00:00,1.338401436805725,1.338401436805725,1.338401436805725,1.338401436805725,0.0
2026-09-18 16:44:00+00:00,1.3383835554122925,1.3383835554122925,1.3383835554122925,1.3383835554122925,0.0
2026-09-18 16:45:00+00:00,1.3384371995925903,1.3384371995925903,1.3384371995925903,1.3384371995925903,0.0
2026-09-18 16:46:00+00:00,1.3384552001953125,1.3384552001953125,1.3384552001953125,1.3384552001953125,0.0
2026-09-18 16:47:00+00:00,1.3384193181991577,1.3384193181991577,1.3384193181991577,1.3384193181991577,0.0
2026-09-18 16:48:00+00:00,1.338401436805725,1.338401436805725,1.338401436805725,1.338401436805725,0.0
2026-09-18 16:49:00+00:00,1.3384371995925903,1.3384371995925903,1.3384371995925903,1.3384371995925903,0.0
2026-09-18 16:50:00+00:00,1.3383656740188599,1.3383656740188599,1.3383656740188599,1.3383656740188599,0.0
2026-09-18 16:51:00+00:00,1.3384371995925903,1.3384371995925903,1.3384371995925903,1.3384371995925903,0.0
2026-09-18 16:52:00+00:00,1.3384552001953125,1.3384552001953125,1.3384552001953125,1.3384552001953125,0.0
2026-09-18 16:53:00+00:00,1.3385984897613525,1.3385984897613525,1.3385984897613525,1.3385984897613525,0.0
2026-09-18 16:54:00+00:00,1.3385984897613525,1.3385984897613525,1.3385984897613525,1.3385984897613525,0.0
2026-09-18 16:55:00+00:00,1.3385984897613525,1.3385984897613525,1.3385984897613525,1.3385984897613525,0.0
2026-09-18 16:56:00+00:00,1.3385268449783325,1.3385268449783325,1.3385268449783325,1.3385268449783325,0.0
2026-09-18 16:57:00+00:00,1.338401436805725,1.338401436805725,1.338401436805725,1.338401436805725,0.0
2026-09-18 16:58:00+00:00,1.3383656740188599,1.3383656740188599,1.3383656740188599,1.3383656740188599,0.0
2026-09-18 16:59:00+00:00,1.3382940292358398,1.3382940292358398,1.3382940292358398,1.3382940292358398,0.0
2026-09-18 17:00:00+00:00,1.3384193181991577,1.3384193181991577,1.3384193181991577,1.3384193181991577,0.0
2026-09-18 17:01:00+00:00,1.3384552001953125,1.3384552001953125,1.3384552001953125,1.3384552001953125,0.0
2026-09-18 17:02:00+00:00,1.3383656740188599,1.3383656740188599,1.3383656740188599,1.3383656740188599,0.0
2026-09-18 17:03:00+00:00,1.3385089635849,1.3385089635849,1.3385089635849,1.3385089635849,0.0
2026-09-18 17:04:00+00:00,1.3385089635849,1.3385089635849,1.3385089635849,1.3385089635849,0.0
2026-09-18 17:05:00+00:00,1.3385268449783325,1.3385268449783325,1.3385268449783325,1.3385268449783325,0.0
2026-09-18 17:06:00+00:00,1.3385447263717651,1.3385447263717651,1.3385447263717651,1.3385447263717651,0.0
2026-09-18 17:07:00+00:00,1.3386164903640747,1.3386164903640747,1.3386164903640747,1.3386164903640747,0.0
2026-09-18 17:08:00+00:00,1.3386164903640747,1.3386164903640747,1.3386164903640747,1.3386164903640747,0.0
2026-09-18 17:09:00+00:00,1.3386881351470947,1.3386881351470947,1.3386881351470947,1.3386881351470947,0.0
2026-09-18 17:10:00+00:00,1.3392438888549805,1.3392438888549805,1.3392438888549805,1.3392438888549805,0.0
2026-09-18 17:11:00+00:00,1.3391542434692383,1.3391542434692383,1.3391542434692383,1.3391542434692383,0.0
2026-09-18 17:12:00+00:00,1.3390824794769287,1.3390824794769287,1.3390824794769287,1.3390824794769287,0.0
2026-09-18 17:13:00+00:00,1.3391900062561035,1.3391900062561035,1.3391900062561035,1.3391900062561035,0.0
2026-09-18 17:14:00+00:00,1.3393514156341553,1.3393514156341553,1.3393514156341553,1.3393514156341553,0.0
2026-09-18 17:15:00+00:00,1.33931565284729,1.33931565284729,1.33931565284729,1.33931565284729,0.0
2026-09-18 17:16:00+00:00,1.3393335342407227,1.3393335342407227,1.3393335342407227,1.3393335342407227,0.0
2026-09-18 17:17:00+00:00,1.3393694162368774,1.3393694162368774,1.3393694162368774,1.3393694162368774,0.0
2026-09-18 17:18:00+00:00,1.339261770248413,1.339261770248413,1.339261770248413,1.339261770248413,0.0
2026-09-18 17:19:00+00:00,1.3392976522445679,1.3392976522445679,1.3392976522445679,1.3392976522445679,0.0
2026-09-18 17:20:00+00:00,1.3393335342407227,1.3393335342407227,1.3393335342407227,1.3393335342407227,0.0
2026-09-18 17:21:00+00:00,1.3392976522445679,1.3392976522445679,1.3392976522445679,1.3392976522445679,0.0
2026-09-18 17:22:00+00:00,1.339441180229187,1.339441180229187,1.339441180229187,1.339441180229187,0.0
2026-09-18 17:23:00+00:00,1.339441180229187,1.339441180229187,1.339441180229187,1.339441180229187,0.0
2026-09-18 17:24:00+00:00,1.3393694162368774,1.3393694162368774,1.3393694162368774,1.3393694162368774,0.0
2026-09-18 17:25:00+00:00,1.3393335342407227,1.3393335342407227,1.3393335342407227,1.3393335342407227,0.0
2026-09-18 17:26:00+00:00,1.339261770248413,1.339261770248413,1.339261770248413,1.339261770248413,0.0
2026-09-18 17:27:00+00:00,1.3393514156341553,1.3393514156341553,1.3393514156341553,1.3393514156341553,0.0
2026-09-18 17:28:00+00:00,1.3392258882522583,1.3392258882522583,1.3392258882522583,1.3392258882522583,0.0
2026-09-18 17:29:00+00:00,1.339261770248413,1.339261770248413,1.339261770248413,1.339261770248413,0.0
2026-09-18 17:30:00+00:00,1.3392258882522583,1.3392258882522583,1.3392258882522583,1.3392258882522583,0.0
2026-09-18 17:31:00+00:00,1.3392438888549805,1.3392438888549805,1.3392438888549805,1.3392438888549805,0.0
2026-09-18 17:32:00+00:00,1.3391183614730835,1.3391183614730835,1.3391183614730835,1.3391183614730835,0.0
2026-09-18 17:33:00+00:00,1.3390285968780518,1.3390285968780518,1.3390285968780518,1.3390285968780518,0.0
2026-09-18 17:34:00+00:00,1.3392080068588257,1.3392080068588257,1.3392080068588257,1.3392080068588257,0.0
2026-09-18 17:35:00+00:00,1.3392080068588257,1.3392080068588257,1.3392080068588257,1.3392080068588257,0.0
2026-09-18 17:36:00+00:00,1.3394231796264648,1.3394231796264648,1.3394231796264648,1.3394231796264648,0.0
2026-09-18 17:37:00+00:00,1.339261770248413,1.339261770248413,1.339261770248413,1.339261770248413,0.0
2026-09-18 17:38:00+00:00,1.3394231796264648,1.3394231796264648,1.3394231796264648,1.3394231796264648,0.0
2026-09-18 17:39:00+00:00,1.3392976522445679,1.3392976522445679,1.3392976522445679,1.3392976522445679,0.0
2026-09-18 17:40:00+00:00,1.3393694162368774,1.3393694162368774,1.3393694162368774,1.3393694162368774,0.0
2026-09-18 17:41:00+00:00,1.3393874168395996,1.3393874168395996,1.3393874168395996,1.3393874168395996,0.0
2026-09-18 17:42:00+00:00,1.3394591808319092,1.3394591808319092,1.3394591808319092,1.3394591808319092,0.0
2026-09-18 17:43:00+00:00,1.33931565284729,1.33931565284729,1.33931565284729,1.33931565284729,0.0
2026-09-18 17:44:00+00:00,1.3393514156341553,1.3393514156341553,1.3393514156341553,1.3393514156341553,0.0
2026-09-18 17:45:00+00:00,1.3392797708511353,1.3392797708511353,1.3392797708511353,1.3392797708511353,0.0
2026-09-18 17:46:00+00:00,1.3390108346939087,1.3390108346939087,1.3390108346939087,1.3390108346939087,0.0
2026-09-18 17:47:00+00:00,1.339064598083496,1.339064598083496,1.339064598083496,1.339064598083496,0.0
2026-09-18 17:49:00+00:00,1.3391003608703613,1.3391003608703613,1.3391003608703613,1.3391003608703613,0.0
2026-09-18 17:50:00+00:00,1.3390285968780518,1.3390285968780518,1.3390285968780518,1.3390285968780518,0.0
2026-09-18 17:51:00+00:00,1.3390285968780518,1.3390285968780518,1.3390285968780518,1.3390285968780518,0.0
2026-09-18 17:52:00+00:00,1.3390285968780518,1.3390285968780518,1.3390285968780518,1.3390285968780518,0.0
2026-09-18 17:53:00+00:00,1.3391183614730835,1.3391183614730835,1.3391183614730835,1.3391183614730835,0.0
2026-09-18 17:54:00+00:00,1.3391362428665161,1.3391362428665161,1.3391362428665161,1.3391362428665161,0.0
2026-09-18 17:55:00+00:00,1.339064598083496,1.339064598083496,1.339064598083496,1.339064598083496,0.0
2026-09-18 17:56:00+00:00,1.3389389514923096,1.3389389514923096,1.3389389514923096,1.3389389514923096,0.0
2026-09-18 17:57:00+00:00,1.339046597480774,1.339046597480774,1.339046597480774,1.339046597480774,0.0
2026-09-18 17:58:00+00:00,1.3390108346939087,1.3390108346939087,1.3390108346939087,1.3390108346939087,0.0
2026-09-18 17:59:00+00:00,1.3389211893081665,1.3389211893081665,1.3389211893081665,1.3389211893081665,0.0
2026-09-18 18:00:00+00:00,1.3390108346939087,1.3390108346939087,1.3390108346939087,1.3390108346939087,0.0
2026-09-18 18:01:00+00:00,1.3388851881027222,1.3388851881027222,1.3388851881027222,1.3388851881027222,0.0
2026-09-18 18:02:00+00:00,1.3391183614730835,1.3391183614730835,1.3391183614730835,1.3391183614730835,0.0
2026-09-18 18:03:00+00:00,1.3391362428665161,1.3391362428665161,1.3391362428665161,1.3391362428665161,0.0
2026-09-18 18:04:00+00:00,1.3390824794769287,1.3390824794769287,1.3390824794769287,1.3390824794769287,0.0
2026-09-18 18:05:00+00:00,1.339064598083496,1.339064598083496,1.339064598083496,1.339064598083496,0.0
2026-09-18 18:06:00+00:00,1.3391003608703613,1.3391003608703613,1.3391003608703613,1.3391003608703613,0.0
2026-09-18 18:07:00+00:00,1.339172124862671,1.339172124862671,1.339172124862671,1.339172124862671,0.0
2026-09-18 18:08:00+00:00,1.3392258882522583,1.3392258882522583,1.3392258882522583,1.3392258882522583,0.0
2026-09-18 18:09:00+00:00,1.3390824794769287,1.3390824794769287,1.3390824794769287,1.3390824794769287,0.0
2026-09-18 18:10:00+00:00,1.3390824794769287,1.3390824794769287,1.3390824794769287,1.3390824794769287,0.0
2026-09-18 18:11:00+00:00,1.3391183614730835,1.3391183614730835,1.3391183614730835,1.3391183614730835,0.0
2026-09-18 18:12:00+00:00,1.339046597480774,1.339046597480774,1.339046597480774,1.339046597480774,0.0
2026-09-18 18:13:00+00:00,1.3390824794769287,1.3390824794769287,1.3390824794769287,1.3390824794769287,0.0
2026-09-18 18:14:00+00:00,1.3391003608703613,1.3391003608703613,1.3391003608703613,1.3391003608703613,0.0
2026-09-18 18:15:00+00:00,1.3391003608703613,1.3391003608703613,1.3391003608703613,1.3391003608703613,0.0
2026-09-18 18:16:00+00:00,1.3391183614730835,1.3391183614730835,1.3391183614730835,1.3391183614730835,0.0
2026-09-18 18:17:00+00:00,1.3391003608703613,1.3391003608703613,1.3391003608703613,1.3391003608703613,0.0
2026-09-18 18:18:00+00:00,1.3389748334884644,1.3389748334884644,1.3389748334884644,1.3389748334884644,0.0
2026-09-18 18:19:00+00:00,1.3389031887054443,1.3389031887054443,1.3389031887054443,1.3389031887054443,0.0
2026-09-18 18:20:00+00:00,1.3389031887054443,1.3389031887054443,1.3389031887054443,1.3389031887054443,0.0
2026-09-18 18:21:00+00:00,1.3389389514923096,1.3389389514923096,1.3389389514923096,1.3389389514923096,0.0
2026-09-18 18:22:00+00:00,1.3389031887054443,1.3389031887054443,1.3389031887054443,1.3389031887054443,0.0
2026-09-18 18:23:00+00:00,1.339064598083496,1.339064598083496,1.339064598083496,1.339064598083496,0.0
2026-09-18 18:24:00+00:00,1.3390108346939087,1.3390108346939087,1.3390108346939087,1.3390108346939087,0.0
2026-09-18 18:25:00+00:00,1.3390285968780518,1.3390285968780518,1.3390285968780518,1.3390285968780518,0.0
2026-09-18 18:26:00+00:00,1.3390108346939087,1.3390108346939087,1.3390108346939087,1.3390108346939087,0.0
2026-09-18 18:27:00+00:00,1.339064598083496,1.339064598083496,1.339064598083496,1.339064598083496,0.0
2026-09-18 18:28:00+00:00,1.3390108346939087,1.3390108346939087,1.3390108346939087,1.3390108346939087,0.0
2026-09-18 18:29:00+00:00,1.3390285968780518,1.3390285968780518,1.3390285968780518,1.3390285968780518,0.0
2026-09-18 18:30:00+00:00,1.339046597480774,1.339046597480774,1.339046597480774,1.339046597480774,0.0
2026-09-18 18:31:00+00:00,1.3390108346939087,1.3390108346939087,1.3390108346939087,1.3390108346939087,0.0
2026-09-18 18:32:00+00:00,1.3389748334884644,1.3389748334884644,1.3389748334884644,1.3389748334884644,0.0
2026-09-18 18:33:00+00:00,1.3391003608703613,1.3391003608703613,1.3391003608703613,1.3391003608703613,0.0
2026-09-18 18:34:00+00:00,1.3390824794769287,1.3390824794769287,1.3390824794769287,1.3390824794769287,0.0
2026-09-18 18:35:00+00:00,1.3391183614730835,1.3391183614730835,1.3391183614730835,1.3391183614730835,0.0
2026-09-18 18:36:00+00:00,1.3391362428665161,1.3391362428665161,1.3391362428665161,1.3391362428665161,0.0
2026-09-18 18:37:00+00:00,1.3391183614730835,1.3391183614730835,1.3391183614730835,1.3391183614730835,0.0
2026-09-18 18:38:00+00:00,1.3391362428665161,1.3391362428665161,1.3391362428665161,1.3391362428665161,0.0
2026-09-18 18:39:00+00:00,1.3390108346939087,1.3390108346939087,1.3390108346939087,1.3390108346939087,0.0
2026-09-18 18:40:00+00:00,1.3389928340911865,1.3389928340911865,1.3389928340911865,1.3389928340911865,0.0
2026-09-18 18:41:00+00:00,1.3389031887054443,1.3389031887054443,1.3389031887054443,1.3389031887054443,0.0
2026-09-18 18:42:00+00:00,1.3389211893081665,1.3389211893081665,1.3389211893081665,1.3389211893081665,0.0
2026-09-18 18:43:00+00:00,1.33879554271698,1.33879554271698,1.33879554271698,1.33879554271698,0.0
2026-09-18 18:44:00+00:00,1.3388315439224243,1.3388315439224243,1.3388135433197021,1.3388135433197021,0.0
2026-09-18 18:45:00+00:00,1.338849425315857,1.338849425315857,1.338849425315857,1.338849425315857,0.0
2026-09-18 18:46:00+00:00,1.3390285968780518,1.3390285968780518,1.3390285968780518,1.3390285968780518,0.0
2026-09-18 18:47:00+00:00,1.3390108346939087,1.3390108346939087,1.3390108346939087,1.3390108346939087,0.0
2026-09-18 18:48:00+00:00,1.3391900062561035,1.3391900062561035,1.3391900062561035,1.3391900062561035,0.0
2026-09-18 18:49:00+00:00,1.3392080068588257,1.3392080068588257,1.3392080068588257,1.3392080068588257,0.0
2026-09-18 18:50:00+00:00,1.3392976522445679,1.3392976522445679,1.3392976522445679,1.3392976522445679,0.0
2026-09-18 18:51:00+00:00,1.3392258882522583,1.3392258882522583,1.3392258882522583,1.3392258882522583,0.0
2026-09-18 18:52:00+00:00,1.3391900062561035,1.3391900062561035,1.3391900062561035,1.3391900062561035,0.0
2026-09-18 18:53:00+00:00,1.3392797708511353,1.3392797708511353,1.3392797708511353,1.3392797708511353,0.0
2026-09-18 18:54:00+00:00,1.3392080068588257,1.3392080068588257,1.3392080068588257,1.3392080068588257,0.0
2026-09-18 18:55:00+00:00,1.3392080068588257,1.3392080068588257,1.3392080068588257,1.3392080068588257,0.0
2026-09-18 18:56:00+00:00,1.3392080068588257,1.3392080068588257,1.3392080068588257,1.3392080068588257,0.0
2026-09-18 18:57:00+00:00,1.3392438888549805,1.3392438888549805,1.3392438888549805,1.3392438888549805,0.0
2026-09-18 18:58:00+00:00,1.3392258882522583,1.3392258882522583,1.3392258882522583,1.3392258882522583,0.0
2026-09-18 18:59:00+00:00,1.339046597480774,1.339046597480774,1.339046597480774,1.339046597480774,0.0
2026-09-18 19:00:00+00:00,1.3392438888549805,1.3392438888549805,1.3392438888549805,1.3392438888549805,0.0
2026-09-18 19:01:00+00:00,1.3391542434692383,1.3391542434692383,1.3391542434692383,1.3391542434692383,0.0
2026-09-18 19:02:00+00:00,1.3391362428665161,1.3391362428665161,1.3391362428665161,1.3391362428665161,0.0
2026-09-18 19:03:00+00:00,1.339064598083496,1.339064598083496,1.339064598083496,1.339064598083496,0.0
2026-09-18 19:04:00+00:00,1.3391183614730835,1.3391183614730835,1.3391183614730835,1.3391183614730835,0.0
2026-09-18 19:05:00+00:00,1.3391900062561035,1.3391900062561035,1.3391900062561035,1.3391900062561035,0.0
2026-09-18 19:06:00+00:00,1.3392080068588257,1.3392080068588257,1.3392080068588257,1.3392080068588257,0.0
2026-09-18 19:07:00+00:00,1.3392080068588257,1.3392080068588257,1.3392080068588257,1.3392080068588257,0.0
2026-09-18 19:08:00+00:00,1.3392438888549805,1.3392438888549805,1.3392438888549805,1.3392438888549805,0.0
2026-09-18 19:09:00+00:00,1.339441180229187,1.339441180229187,1.339441180229187,1.339441180229187,0.0
2026-09-18 19:10:00+00:00,1.3393874168395996,1.3393874168395996,1.3393874168395996,1.3393874168395996,0.0
2026-09-18 19:11:00+00:00,1.3394231796264648,1.3394231796264648,1.3394231796264648,1.3394231796264648,0.0
2026-09-18 19:12:00+00:00,1.3395129442214966,1.3395129442214966,1.3395129442214966,1.3395129442214966,0.0
2026-09-18 19:13:00+00:00,1.3395129442214966,1.3395129442214966,1.3395129442214966,1.3395129442214966,0.0
2026-09-18 19:14:00+00:00,1.3395488262176514,1.3395488262176514,1.3395488262176514,1.3395488262176514,0.0
2026-09-18 19:15:00+00:00,1.3396027088165283,1.3396027088165283,1.3396027088165283,1.3396027088165283,0.0
2026-09-18 19:16:00+00:00,1.339638590812683,1.339638590812683,1.339638590812683,1.339638590812683,0.0
2026-09-18 19:17:00+00:00,1.3394591808319092,1.3394591808319092,1.3394591808319092,1.3394591808319092,0.0
2026-09-18 19:18:00+00:00,1.3394949436187744,1.3394949436187744,1.3394949436187744,1.3394949436187744,0.0
2026-09-18 19:19:00+00:00,1.3395129442214966,1.3395129442214966,1.3395129442214966,1.3395129442214966,0.0
2026-09-18 19:20:00+00:00,1.3396564722061157,1.3396564722061157,1.3396564722061157,1.3396564722061157,0.0
2026-09-18 19:21:00+00:00,1.3397642374038696,1.3397642374038696,1.3397642374038696,1.3397642374038696,0.0
2026-09-18 19:22:00+00:00,1.3397282361984253,1.3397282361984253,1.3397282361984253,1.3397282361984253,0.0
2026-09-18 19:23:00+00:00,1.3397462368011475,1.3397462368011475,1.3397462368011475,1.3397462368011475,0.0
2026-09-18 19:24:00+00:00,1.339674472808838,1.339674472808838,1.339674472808838,1.339674472808838,0.0
2026-09-18 19:25:00+00:00,1.3395847082138062,1.3395847082138062,1.3395847082138062,1.3395847082138062,0.0
2026-09-18 19:26:00+00:00,1.3394591808319092,1.3394591808319092,1.3394591808319092,1.3394591808319092,0.0
2026-09-18 19:27:00+00:00,1.3395129442214966,1.3395129442214966,1.3395129442214966,1.3395129442214966,0.0
2026-09-18 19:28:00+00:00,1.339620590209961,1.339620590209961,1.339620590209961,1.339620590209961,0.0
2026-09-18 19:29:00+00:00,1.339566707611084,1.339566707611084,1.339566707611084,1.339566707611084,0.0
2026-09-18 19:30:00+00:00,1.3395309448242188,1.3395309448242188,1.3395309448242188,1.3395309448242188,0.0
2026-09-18 19:31:00+00:00,1.3395488262176514,1.3395488262176514,1.3395488262176514,1.3395488262176514,0.0
2026-09-18 19:32:00+00:00,1.339638590812683,1.339638590812683,1.339638590812683,1.339638590812683,0.0
2026-09-18 19:33:00+00:00,1.339638590812683,1.339638590812683,1.339638590812683,1.339638590812683,0.0
2026-09-18 19:34:00+00:00,1.339620590209961,1.339620590209961,1.339620590209961,1.339620590209961,0.0
2026-09-18 19:35:00+00:00,1.3395129442214966,1.3395129442214966,1.3395129442214966,1.3395129442214966,0.0
2026-09-18 19:36:00+00:00,1.3395488262176514,1.3395488262176514,1.3395488262176514,1.3395488262176514,0.0
2026-09-18 19:37:00+00:00,1.3395129442214966,1.3395129442214966,1.3395129442214966,1.3395129442214966,0.0
2026-09-18 19:38:00+00:00,1.3395129442214966,1.3395129442214966,1.3395129442214966,1.3395129442214966,0.0
2026-09-18 19:39:00+00:00,1.3395488262176514,1.3395488262176514,1.3395488262176514,1.3395488262176514,0.0
2026-09-18 19:40:00+00:00,1.3394949436187744,1.3394949436187744,1.3394949436187744,1.3394949436187744,0.0
2026-09-18 19:41:00+00:00,1.3395488262176514,1.3395488262176514,1.3395488262176514,1.3395488262176514,0.0
2026-09-18 19:42:00+00:00,1.3395847082138062,1.3395847082138062,1.3395847082138062,1.3395847082138062,0.0
2026-09-18 19:43:00+00:00,1.3395129442214966,1.3395129442214966,1.3395129442214966,1.3395129442214966,0.0
2026-09-18 19:44:00+00:00,1.3395129442214966,1.3395129442214966,1.3395129442214966,1.3395129442214966,0.0
2026-09-18 19:45:00+00:00,1.3395129442214966,1.3395129442214966,1.3395129442214966,1.3395129442214966,0.0
2026-09-18 19:46:00+00:00,1.3396027088165283,1.3396027088165283,1.3396027088165283,1.3396027088165283,0.0
2026-09-18 19:47:00+00:00,1.3396027088165283,1.3396027088165283,1.3396027088165283,1.3396027088165283,0.0
2026-09-18 19:48:00+00:00,1.3395309448242188,1.3395309448242188,1.3395309448242188,1.3395309448242188,0.0
2026-09-18 19:49:00+00:00,1.3395309448242188,1.3395309448242188,1.3395309448242188,1.3395309448242188,0.0
2026-09-18 19:50:00+00:00,1.339620590209961,1.339620590209961,1.339620590209961,1.339620590209961,0.0
2026-09-18 19:51:00+00:00,1.3396027088165283,1.3396027088165283,1.3396027088165283,1.3396027088165283,0.0
2026-09-18 19:52:00+00:00,1.3395488262176514,1.3395488262176514,1.3395488262176514,1.3395488262176514,0.0
2026-09-18 19:53:00+00:00,1.3395309448242188,1.3395309448242188,1.3395309448242188,1.3395309448242188,0.0
2026-09-18 19:54:00+00:00,1.3394231796264648,1.3394231796264648,1.3394231796264648,1.3394231796264648,0.0
2026-09-18 19:55:00+00:00,1.3394591808319092,1.3394591808319092,1.3394591808319092,1.3394591808319092,0.0
2026-09-18 19:56:00+00:00,1.3394591808319092,1.3394591808319092,1.3394591808319092,1.3394591808319092,0.0
2026-09-18 19:57:00+00:00,1.3395309448242188,1.3395309448242188,1.3395309448242188,1.3395309448242188,0.0
2026-09-18 19:58:00+00:00,1.3396027088165283,1.3396027088165283,1.3396027088165283,1.3396027088165283,0.0
2026-09-18 19:59:00+00:00,1.3394770622253418,1.3394770622253418,1.3394770622253418,1.3394770622253418,0.0
2026-09-18 20:00:00+00:00,1.3395129442214966,1.3395129442214966,1.3395129442214966,1.3395129442214966,0.0
2026-09-18 20:01:00+00:00,1.3395488262176514,1.3395488262176514,1.3395488262176514,1.3395488262176514,0.0
2026-09-18 20:02:00+00:00,1.3394770622253418,1.3394770622253418,1.3394770622253418,1.3394770622253418,0.0
2026-09-18 20:03:00+00:00,1.3396027088165283,1.3396027088165283,1.3396027088165283,1.3396027088165283,0.0
2026-09-18 20:04:00+00:00,1.3396027088165283,1.3396027088165283,1.3396027088165283,1.3396027088165283,0.0
2026-09-18 20:05:00+00:00,1.3396564722061157,1.3396564722061157,1.3396564722061157,1.3396564722061157,0.0
2026-09-18 20:06:00+00:00,1.339638590812683,1.339638590812683,1.339638590812683,1.339638590812683,0.0
2026-09-18 20:07:00+00:00,1.339620590209961,1.339620590209961,1.339620590209961,1.339620590209961,0.0
2026-09-18 20:08:00+00:00,1.339620590209961,1.339620590209961,1.339620590209961,1.339620590209961,0.0
2026-09-18 20:09:00+00:00,1.339638590812683,1.339638590812683,1.339638590812683,1.339638590812683,0.0
2026-09-18 20:10:00+00:00,1.339638590812683,1.339638590812683,1.339638590812683,1.339638590812683,0.0
2026-09-18 20:11:00+00:00,1.3396564722061157,1.3396564722061157,1.3396564722061157,1.3396564722061157,0.0
2026-09-18 20:12:00+00:00,1.3396027088165283,1.3396027088165283,1.3396027088165283,1.3396027088165283,0.0
2026-09-18 20:13:00+00:00,1.3396027088165283,1.3396027088165283,1.3396027088165283,1.3396027088165283,0.0
2026-09-18 20:14:00+00:00,1.339620590209961,1.339620590209961,1.339620590209961,1.339620590209961,0.0
2026-09-18 20:15:00+00:00,1.339620590209961,1.339620590209961,1.339620590209961,1.339620590209961,0.0
2026-09-18 20:16:00+00:00,1.339638590812683,1.339638590812683,1.339638590812683,1.339638590812683,0.0
2026-09-18 20:17:00+00:00,1.3397282361984253,1.3397282361984253,1.3397282361984253,1.3397282361984253,0.0
2026-09-18 20:18:00+00:00,1.339818000793457,1.339818000793457,1.339818000793457,1.339818000793457,0.0
2026-09-18 20:19:00+00:00,1.3398001194000244,1.3398001194000244,1.3398001194000244,1.3398001194000244,0.0
2026-09-18 20:20:00+00:00,1.3398001194000244,1.3398001194000244,1.3398001194000244,1.3398001194000244,0.0
2026-09-18 20:21:00+00:00,1.3398360013961792,1.3398360013961792,1.3398360013961792,1.3398360013961792,0.0
2026-09-18 20:22:00+00:00,1.3397821187973022,1.3397821187973022,1.3397821187973022,1.3397821187973022,0.0
2026-09-18 20:23:00+00:00,1.3397282361984253,1.3397282361984253,1.3397282361984253,1.3397282361984253,0.0
2026-09-18 20:24:00+00:00,1.3397282361984253,1.3397282361984253,1.3397282361984253,1.3397282361984253,0.0
2026-09-18 20:25:00+00:00,1.3398001194000244,1.3398001194000244,1.3398001194000244,1.3398001194000244,0.0
2026-09-18 20:26:00+00:00,1.3398360013961792,1.3398360013961792,1.3398360013961792,1.3398360013961792,0.0
2026-09-18 20:27:00+00:00,1.3398540019989014,1.3398540019989014,1.3398540019989014,1.3398540019989014,0.0
2026-09-18 20:28:00+00:00,1.3397462368011475,1.3397462368011475,1.3397462368011475,1.3397462368011475,0.0
2026-09-18 20:29:00+00:00,1.3397642374038696,1.3397642374038696,1.3397642374038696,1.3397642374038696,0.0
2026-09-18 20:30:00+00:00,1.3398001194000244,1.3398001194000244,1.3398001194000244,1.3398001194000244,0.0
2026-09-18 20:31:00+00:00,1.3397821187973022,1.3397821187973022,1.3397821187973022,1.3397821187973022,0.0
2026-09-18 20:32:00+00:00,1.3396564722061157,1.3396564722061157,1.3396564722061157,1.3396564722061157,0.0
2026-09-18 20:33:00+00:00,1.339638590812683,1.339638590812683,1.339638590812683,1.339638590812683,0.0
2026-09-18 20:34:00+00:00,1.3396564722061157,1.3396564722061157,1.3396564722061157,1.3396564722061157,0.0
2026-09-18 20:35:00+00:00,1.339674472808838,1.339674472808838,1.339674472808838,1.339674472808838,0.0
2026-09-18 20:36:00+00:00,1.339638590812683,1.339638590812683,1.339638590812683,1.339638590812683,0.0
2026-09-18 20:37:00+00:00,1.3396564722061157,1.3396564722061157,1.3396564722061157,1.3396564722061157,0.0
2026-09-18 20:38:00+00:00,1.339638590812683,1.339638590812683,1.339638590812683,1.339638590812683,0.0
2026-09-18 20:39:00+00:00,1.3394770622253418,1.3394770622253418,1.3394770622253418,1.3394770622253418,0.0
2026-09-18 20:40:00+00:00,1.3395309448242188,1.3395309448242188,1.3395309448242188,1.3395309448242188,0.0
2026-09-18 20:41:00+00:00,1.3395129442214966,1.3395129442214966,1.3395129442214966,1.3395129442214966,0.0
2026-09-18 20:42:00+00:00,1.3394949436187744,1.3394949436187744,1.3394949436187744,1.3394949436187744,0.0
2026-09-18 20:43:00+00:00,1.3395309448242188,1.3395309448242188,1.3395309448242188,1.3395309448242188,0.0
2026-09-18 20:44:00+00:00,1.3395847082138062,1.3395847082138062,1.3395847082138062,1.3395847082138062,0.0
2026-09-18 20:45:00+00:00,1.339620590209961,1.339620590209961,1.339620590209961,1.339620590209961,0.0
2026-09-18 20:46:00+00:00,1.3394770622253418,1.3394770622253418,1.3394770622253418,1.3394770622253418,0.0
2026-09-18 20:47:00+00:00,1.3395309448242188,1.3395309448242188,1.3395309448242188,1.3395309448242188,0.0
2026-09-18 20:48:00+00:00,1.3395309448242188,1.3395309448242188,1.3395309448242188,1.3395309448242188,0.0
2026-09-18 20:49:00+00:00,1.3394770622253418,1.3394770622253418,1.3394770622253418,1.3394770622253418,0.0
2026-09-18 20:50:00+00:00,1.3394949436187744,1.3394949436187744,1.3394949436187744,1.3394949436187744,0.0
2026-09-18 20:51:00+00:00,1.3394231796264648,1.3394231796264648,1.3394231796264648,1.3394231796264648,0.0
2026-09-18 20:52:00+00:00,1.3394231796264648,1.3394231796264648,1.3394231796264648,1.3394231796264648,0.0
2026-09-18 20:53:00+00:00,1.3394052982330322,1.3394052982330322,1.3394052982330322,1.3394052982330322,0.0
2026-09-18 20:54:00+00:00,1.3394231796264648,1.3394231796264648,1.3394231796264648,1.3394231796264648,0.0
2026-09-18 20:55:00+00:00,1.3395309448242188,1.3395309448242188,1.3395309448242188,1.3395309448242188,0.0
2026-09-18 20:56:00+00:00,1.339441180229187,1.339441180229187,1.339441180229187,1.339441180229187,0.0
2026-09-18 20:57:00+00:00,1.3395129442214966,1.3395129442214966,1.3395129442214966,1.3395129442214966,0.0
2026-09-18 20:58:00+00:00,1.3393694162368774,1.3393694162368774,1.3393694162368774,1.3393694162368774,0.0
2026-09-18 20:59:00+00:00,1.3394591808319092,1.3394591808319092,1.3394591808319092,1.3394591808319092,0.0
2026-09-18 21:00:00+00:00,1.3393514156341553,1.3393514156341553,1.3393514156341553,1.3393514156341553,0.0
2026-09-18 21:01:00+00:00,1.3393514156341553,1.3393514156341553,1.3393514156341553,1.3393514156341553,0.0
2026-09-18 21:02:00+00:00,1.3393514156341553,1.3393514156341553,1.3393514156341553,1.3393514156341553,0.0
2026-09-18 21:03:00+00:00,1.3393514156341553,1.3393514156341553,1.3393514156341553,1.3393514156341553,0.0
2026-09-18 21:04:00+00:00,1.3393514156341553,1.3393514156341553,1.3393514156341553,1.3393514156341553,0.0
2026-09-18 21:05:00+00:00,1.3393514156341553,1.3393514156341553,1.3393514156341553,1.3393514156341553,0.0
2026-09-18 21:06:00+00:00,1.3393514156341553,1.3393514156341553,1.3393514156341553,1.3393514156341553,0.0
2026-09-18 21:07:00+00:00,1.3393514156341553,1.3393514156341553,1.3393514156341553,1.3393514156341553,0.0
2026-09-18 21:08:00+00:00,1.3393514156341553,1.3393514156341553,1.3393514156341553,1.3393514156341553,0.0
2026-09-18 21:09:00+00:00,1.3393514156341553,1.3393514156341553,1.3393514156341553,1.3393514156341553,0.0
2026-09-18 21:10:00+00:00,1.3393514156341553,1.3393514156341553,1.3393514156341553,1.3393514156341553,0.0
2026-09-18 21:11:00+00:00,1.3393514156341553,1.3393514156341553,1.3393514156341553,1.3393514156341553,0.0
2026-09-18 21:12:00+00:00,1.3393514156341553,1.3393514156341553,1.3393514156341553,1.3393514156341553,0.0
2026-09-18 21:13:00+00:00,1.3393514156341553,1.3393514156341553,1.3393514156341553,1.3393514156341553,0.0
2026-09-18 21:14:00+00:00,1.3393514156341553,1.3393514156341553,1.3393514156341553,1.3393514156341553,0.0
2026-09-18 21:15:00+00:00,1.3393514156341553,1.3393514156341553,1.3393514156341553,1.3393514156341553,0.0
2026-09-18 21:16:00+00:00,1.3393514156341553,1.3393514156341553,1.3393514156341553,1.3393514156341553,0.0
2026-09-18 21:17:00+00:00,1.3393514156341553,1.3393514156341553,1.3393514156341553,1.3393514156341553,0.0
2026-09-18 21:18:00+00:00,1.3393514156341553,1.3393514156341553,1.3393514156341553,1.3393514156341553,0.0
2026-09-18 21:19:00+00:00,1.3393514156341553,1.3393514156341553,1.3393514156341553,1.3393514156341553,0.0
2026-09-18 21:20:00+00:00,1.3393514156341553,1.3393514156341553,1.3393514156341553,1.3393514156341553,0.0
2026-09-18 21:21:00+00:00,1.3393514156341553,1.3393514156341553,1.3393514156341553,1.3393514156341553,0.0
2026-09-18 21:22:00+00:00,1.3393514156341553,1.3393514156341553,1.3393514156341553,1.3393514156341553,0.0
2026-09-18 21:23:00+00:00,1.3393514156341553,1.3393514156341553,1.3393514156341553,1.3393514156341553,0.0
2026-09-18 21:24:00+00:00,1.3393514156341553,1.3393514156341553,1.3393514156341553,1.3393514156341553,0.0
2026-09-18 21:25:00+00:00,1.3393514156341553,1.3393514156341553,1.3393514156341553,1.3393514156341553,0.0
2026-09-18 21:26:00+00:00,1.3393514156341553,1.3393514156341553,1.3393514156341553,1.3393514156341553,0.0
2026-09-18 21:27:00+00:00,1.3393514156341553,1.3393514156341553,1.3393514156341553,1.3393514156341553,0.0
2026-09-18 21:28:00+00:00,1.3393514156341553,1.3393514156341553,1.3393514156341553,1.3393514156341553,0.0
2026-09-18 21:29:00+00:00,1.3393514156341553,1.3393514156341553,1.3393514156341553,1.3393514156341553,0.0
2026-09-20 23:00:00+00:00,1.3389748334884644,1.3389748334884644,1.3389748334884644,1.3389748334884644,0.0
2026-09-20 23:01:00+00:00,1.3389031887054443,1.3389031887054443,1.3389031887054443,1.3389031887054443,0.0
2026-09-20 23:02:00+00:00,1.3388851881027222,1.3388851881027222,1.3388851881027222,1.3388851881027222,0.0
2026-09-20 23:03:00+00:00,1.3389389514923096,1.3389389514923096,1.3389389514923096,1.3389389514923096,0.0
2026-09-20 23:04:00+00:00,1.3388673067092896,1.3388673067092896,1.3388673067092896,1.3388673067092896,0.0
2026-09-20 23:05:00+00:00,1.3388851881027222,1.3388851881027222,1.3388851881027222,1.3388851881027222,0.0
2026-09-20 23:06:00+00:00,1.3388315439224243,1.3388315439224243,1.3388315439224243,1.3388315439224243,0.0
2026-09-20 23:07:00+00:00,1.338849425315857,1.338849425315857,1.338849425315857,1.338849425315857,0.0
2026-09-20 23:08:00+00:00,1.3388315439224243,1.3388315439224243,1.3388315439224243,1.3388315439224243,0.0
2026-09-20 23:09:00+00:00,1.3388315439224243,1.3388315439224243,1.3388315439224243,1.3388315439224243,0.0
2026-09-20 23:10:00+00:00,1.338849425315857,1.338849425315857,1.338849425315857,1.338849425315857,0.0
2026-09-20 23:11:00+00:00,1.338849425315857,1.338849425315857,1.338849425315857,1.338849425315857,0.0
2026-09-20 23:12:00+00:00,1.3389211893081665,1.3389211893081665,1.3389211893081665,1.3389211893081665,0.0
2026-09-20 23:13:00+00:00,1.3389211893081665,1.3389211893081665,1.3389211893081665,1.3389211893081665,0.0
2026-09-20 23:14:00+00:00,1.3389031887054443,1.3389031887054443,1.3389031887054443,1.3389031887054443,0.0
2026-09-20 23:15:00+00:00,1.3390285968780518,1.3390285968780518,1.3390285968780518,1.3390285968780518,0.0
2026-09-20 23:16:00+00:00,1.3389389514923096,1.3389389514923096,1.3389389514923096,1.3389389514923096,0.0
2026-09-20 23:17:00+00:00,1.3389389514923096,1.3389389514923096,1.3389389514923096,1.3389389514923096,0.0
2026-09-20 23:18:00+00:00,1.3389389514923096,1.3389389514923096,1.3389389514923096,1.3389389514923096,0.0
2026-09-20 23:19:00+00:00,1.3389211893081665,1.3389211893081665,1.3389211893081665,1.3389211893081665,0.0
2026-09-20 23:20:00+00:00,1.3389928340911865,1.3389928340911865,1.3389928340911865,1.3389928340911865,0.0
2026-09-20 23:21:00+00:00,1.3390108346939087,1.3390108346939087,1.3390108346939087,1.3390108346939087,0.0
2026-09-20 23:22:00+00:00,1.3389748334884644,1.3389748334884644,1.3389748334884644,1.3389748334884644,0.0
2026-09-20 23:23:00+00:00,1.3390285968780518,1.3390285968780518,1.3390285968780518,1.3390285968780518,0.0
2026-09-20 23:24:00+00:00,1.3390285968780518,1.3390285968780518,1.3390285968780518,1.3390285968780518,0.0
2026-09-20 23:25:00+00:00,1.3390285968780518,1.3390285968780518,1.3390285968780518,1.3390285968780518,0.0
2026-09-20 23:26:00+00:00,1.3390285968780518,1.3390285968780518,1.3390285968780518,1.3390285968780518,0.0
2026-09-20 23:27:00+00:00,1.3390108346939087,1.3390108346939087,1.3390108346939087,1.3390108346939087,0.0
2026-09-20 23:28:00+00:00,1.339046597480774,1.339046597480774,1.339046597480774,1.339046597480774,0.0
2026-09-20 23:29:00+00:00,1.3391362428665161,1.3391362428665161,1.3391362428665161,1.3391362428665161,0.0
2026-09-20 23:30:00+00:00,1.3391362428665161,1.3391362428665161,1.3391362428665161,1.3391362428665161,0.0
2026-09-20 23:31:00+00:00,1.3391362428665161,1.3391362428665161,1.3391362428665161,1.3391362428665161,0.0
2026-09-20 23:32:00+00:00,1.3391542434692383,1.3391542434692383,1.3391542434692383,1.3391542434692383,0.0
2026-09-20 23:33:00+00:00,1.3391542434692383,1.3391542434692383,1.3391542434692383,1.3391542434692383,0.0
2026-09-20 23:34:00+00:00,1.339064598083496,1.339064598083496,1.339064598083496,1.339064598083496,0.0
2026-09-20 23:35:00+00:00,1.339046597480774,1.339046597480774,1.339046597480774,1.339046597480774,0.0
2026-09-20 23:36:00+00:00,1.3390824794769287,1.3390824794769287,1.3390824794769287,1.3390824794769287,0.0
2026-09-20 23:37:00+00:00,1.3390285968780518,1.3390285968780518,1.3390285968780518,1.3390285968780518,0.0
2026-09-20 23:38:00+00:00,1.339046597480774,1.339046597480774,1.339046597480774,1.339046597480774,0.0
2026-09-20 23:39:00+00:00,1.3390285968780518,1.3390285968780518,1.3390285968780518,1.3390285968780518,0.0
2026-09-20 23:40:00+00:00,1.3390285968780518,1.3390285968780518,1.3390285968780518,1.3390285968780518,0.0
2026-09-20 23:41:00+00:00,1.3390285968780518,1.3390285968780518,1.3390285968780518,1.3390285968780518,0.0
2026-09-20 23:42:00+00:00,1.339046597480774,1.339046597480774,1.339046597480774,1.339046597480774,0.0
2026-09-20 23:43:00+00:00,1.3390285968780518,1.3390285968780518,1.3390285968780518,1.3390285968780518,0.0
2026-09-20 23:44:00+00:00,1.3390285968780518,1.3390285968780518,1.3390285968780518,1.3390285968780518,0.0
2026-09-20 23:45:00+00:00,1.3389748334884644,1.3389748334884644,1.3389748334884644,1.3389748334884644,0.0
2026-09-20 23:46:00+00:00,1.3388851881027222,1.3388851881027222,1.3388851881027222,1.3388851881027222,0.0
2026-09-20 23:47:00+00:00,1.3389211893081665,1.3389211893081665,1.3389211893081665,1.3389211893081665,0.0
2026-09-20 23:48:00+00:00,1.3388851881027222,1.3388851881027222,1.3388851881027222,1.3388851881027222,0.0
2026-09-20 23:49:00+00:00,1.3390108346939087,1.3390108346939087,1.3390108346939087,1.3390108346939087,0.0
2026-09-20 23:50:00+00:00,1.3389928340911865,1.3389928340911865,1.3389928340911865,1.3389928340911865,0.0
2026-09-20 23:51:00+00:00,1.339046597480774,1.339046597480774,1.339046597480774,1.339046597480774,0.0
2026-09-20 23:52:00+00:00,1.3389389514923096,1.3389389514923096,1.3389389514923096,1.3389389514923096,0.0
2026-09-20 23:53:00+00:00,1.3389389514923096,1.3389389514923096,1.3389389514923096,1.3389389514923096,0.0
2026-09-20 23:54:00+00:00,1.3388851881027222,1.3388851881027222,1.3388851881027222,1.3388851881027222,0.0
2026-09-20 23:55:00+00:00,1.3389211893081665,1.3389211893081665,1.3389211893081665,1.3389211893081665,0.0
2026-09-20 23:56:00+00:00,1.3390285968780518,1.3390285968780518,1.3390285968780518,1.3390285968780518,0.0
2026-09-20 23:57:00+00:00,1.3390285968780518,1.3390285968780518,1.3390285968780518,1.3390285968780518,0.0
2026-09-20 23:58:00+00:00,1.3389389514923096,1.3389389514923096,1.3389389514923096,1.3389389514923096,0.0
2026-09-20 23:59:00+00:00,1.3389031887054443,1.3389031887054443,1.3389031887054443,1.3389031887054443,0.0
2026-09-21 00:00:00+00:00,1.3390285968780518,1.3390285968780518,1.3390285968780518,1.3390285968780518,0.0
2026-09-21 00:01:00+00:00,1.3389211893081665,1.3389211893081665,1.3389211893081665,1.3389211893081665,0.0
2026-09-21 00:02:00+00:00,1.3389389514923096,1.3389389514923096,1.3389389514923096,1.3389389514923096,0.0
2026-09-21 00:03:00+00:00,1.3388673067092896,1.3388673067092896,1.3388673067092896,1.3388673067092896,0.0
2026-09-21 00:04:00+00:00,1.338849425315857,1.338849425315857,1.338849425315857,1.338849425315857,0.0
2026-09-21 00:05:00+00:00,1.3389569520950317,1.3389569520950317,1.3389569520950317,1.3389569520950317,0.0
2026-09-21 00:06:00+00:00,1.3389389514923096,1.3389389514923096,1.3389389514923096,1.3389389514923096,0.0
2026-09-21 00:07:00+00:00,1.3389389514923096,1.3389389514923096,1.3389389514923096,1.3389389514923096,0.0
2026-09-21 00:08:00+00:00,1.3389569520950317,1.3389569520950317,1.3389569520950317,1.3389569520950317,0.0
2026-09-21 00:09:00+00:00,1.3389569520950317,1.3389569520950317,1.3389569520950317,1.3389569520950317,0.0
2026-09-21 00:10:00+00:00,1.3389389514923096,1.3389389514923096,1.3389389514923096,1.3389389514923096,0.0
2026-09-21 00:11:00+00:00,1.3389031887054443,1.3389031887054443,1.3389031887054443,1.3389031887054443,0.0
2026-09-21 00:12:00+00:00,1.3389748334884644,1.3389748334884644,1.3389748334884644,1.3389748334884644,0.0
2026-09-21 00:13:00+00:00,1.3389569520950317,1.3389569520950317,1.3389569520950317,1.3389569520950317,0.0
2026-09-21 00:14:00+00:00,1.3389748334884644,1.3389748334884644,1.3389748334884644,1.3389748334884644,0.0
2026-09-21 00:15:00+00:00,1.339046597480774,1.339046597480774,1.339046597480774,1.339046597480774,0.0
2026-09-21 00:16:00+00:00,1.339046597480774,1.339046597480774,1.339046597480774,1.339046597480774,0.0
2026-09-21 00:17:00+00:00,1.3390108346939087,1.3390108346939087,1.3390108346939087,1.3390108346939087,0.0
2026-09-21 00:18:00+00:00,1.3390108346939087,1.3390108346939087,1.3390108346939087,1.3390108346939087,0.0
2026-09-21 00:19:00+00:00,1.3389211893081665,1.3389211893081665,1.3389211893081665,1.3389211893081665,0.0
2026-09-21 00:20:00+00:00,1.3389211893081665,1.3389211893081665,1.3389211893081665,1.3389211893081665,0.0
2026-09-21 00:21:00+00:00,1.3388315439224243,1.3388315439224243,1.3388315439224243,1.3388315439224243,0.0
2026-09-21 00:22:00+00:00,1.3388315439224243,1.3388315439224243,1.3388315439224243,1.3388315439224243,0.0
2026-09-21 00:23:00+00:00,1.3388673067092896,1.3388673067092896,1.3388673067092896,1.3388673067092896,0.0
2026-09-21 00:24:00+00:00,1.3390108346939087,1.3390108346939087,1.3390108346939087,1.3390108346939087,0.0
2026-09-21 00:25:00+00:00,1.339046597480774,1.339046597480774,1.339046597480774,1.339046597480774,0.0
2026-09-21 00:26:00+00:00,1.3390285968780518,1.3390285968780518,1.3390285968780518,1.3390285968780518,0.0
2026-09-21 00:27:00+00:00,1.3390285968780518,1.3390285968780518,1.3390285968780518,1.3390285968780518,0.0
2026-09-21 00:28:00+00:00,1.3391183614730835,1.3391183614730835,1.3391183614730835,1.3391183614730835,0.0
2026-09-21 00:29:00+00:00,1.3391362428665161,1.3391362428665161,1.3391362428665161,1.3391362428665161,0.0
2026-09-21 00:30:00+00:00,1.3391183614730835,1.3391183614730835,1.3391183614730835,1.3391183614730835,0.0
2026-09-21 00:31:00+00:00,1.3391542434692383,1.3391542434692383,1.3391542434692383,1.3391542434692383,0.0
2026-09-21 00:32:00+00:00,1.3391362428665161,1.3391362428665161,1.3391362428665161,1.3391362428665161,0.0
2026-09-21 00:33:00+00:00,1.3391362428665161,1.3391362428665161,1.3391362428665161,1.3391362428665161,0.0
2026-09-21 00:34:00+00:00,1.3391362428665161,1.3391362428665161,1.3391362428665161,1.3391362428665161,0.0
2026-09-21 00:35:00+00:00,1.3390824794769287,1.3390824794769287,1.3390824794769287,1.3390824794769287,0.0
2026-09-21 00:36:00+00:00,1.3390285968780518,1.3390285968780518,1.3390285968780518,1.3390285968780518,0.0
2026-09-21 00:37:00+00:00,1.3391362428665161,1.3391362428665161,1.3391362428665161,1.3391362428665161,0.0
2026-09-21 00:38:00+00:00,1.339064598083496,1.339064598083496,1.339064598083496,1.339064598083496,0.0
2026-09-21 00:39:00+00:00,1.3391183614730835,1.3391183614730835,1.3391183614730835,1.3391183614730835,0.0
2026-09-21 00:40:00+00:00,1.339172124862671,1.339172124862671,1.339172124862671,1.339172124862671,0.0
2026-09-21 00:41:00+00:00,1.3392438888549805,1.3392438888549805,1.3392438888549805,1.3392438888549805,0.0
2026-09-21 00:42:00+00:00,1.3391542434692383,1.3391542434692383,1.3391542434692383,1.3391542434692383,0.0
2026-09-21 00:43:00+00:00,1.3391362428665161,1.3391362428665161,1.3391362428665161,1.3391362428665161,0.0
2026-09-21 00:44:00+00:00,1.3391183614730835,1.3391183614730835,1.3391183614730835,1.3391183614730835,0.0
2026-09-21 00:45:00+00:00,1.3391542434692383,1.3391542434692383,1.3391542434692383,1.3391542434692383,0.0
2026-09-21 00:46:00+00:00,1.3391900062561035,1.3391900062561035,1.3391900062561035,1.3391900062561035,0.0
2026-09-21 00:47:00+00:00,1.3391362428665161,1.3391362428665161,1.3391362428665161,1.3391362428665161,0.0
2026-09-21 00:48:00+00:00,1.3390824794769287,1.3390824794769287,1.3390824794769287,1.3390824794769287,0.0
2026-09-21 00:49:00+00:00,1.3391003608703613,1.3391003608703613,1.3391003608703613,1.3391003608703613,0.0
2026-09-21 00:50:00+00:00,1.339046597480774,1.339046597480774,1.339046597480774,1.339046597480774,0.0
2026-09-21 00:51:00+00:00,1.339064598083496,1.339064598083496,1.339064598083496,1.339064598083496,0.0
2026-09-21 00:52:00+00:00,1.3391542434692383,1.3391542434692383,1.3391542434692383,1.3391542434692383,0.0
2026-09-21 00:53:00+00:00,1.339172124862671,1.339172124862671,1.339172124862671,1.339172124862671,0.0
2026-09-21 00:54:00+00:00,1.3391362428665161,1.3391362428665161,1.3391362428665161,1.3391362428665161,0.0
2026-09-21 00:55:00+00:00,1.3390285968780518,1.3390285968780518,1.3390285968780518,1.3390285968780518,0.0
2026-09-21 00:56:00+00:00,1.3390108346939087,1.3390108346939087,1.3390108346939087,1.3390108346939087,0.0
2026-09-21 00:57:00+00:00,1.3389211893081665,1.3389211893081665,1.3389211893081665,1.3389211893081665,0.0
2026-09-21 00:58:00+00:00,1.338849425315857,1.338849425315857,1.338849425315857,1.338849425315857,0.0
2026-09-21 00:59:00+00:00,1.3389389514923096,1.3389389514923096,1.3389389514923096,1.3389389514923096,0.0
2026-09-21 01:00:00+00:00,1.3388851881027222,1.3388851881027222,1.3388851881027222,1.3388851881027222,0.0
2026-09-21 01:01:00+00:00,1.3389928340911865,1.3389928340911865,1.3389928340911865,1.3389928340911865,0.0
2026-09-21 01:02:00+00:00,1.339064598083496,1.339064598083496,1.339064598083496,1.339064598083496,0.0
2026-09-21 01:03:00+00:00,1.3390108346939087,1.3390108346939087,1.3390108346939087,1.3390108346939087,0.0
2026-09-21 01:04:00+00:00,1.3389211893081665,1.3389211893081665,1.3389211893081665,1.3389211893081665,0.0
2026-09-21 01:05:00+00:00,1.3388851881027222,1.3388851881027222,1.3388851881027222,1.3388851881027222,0.0
2026-09-21 01:06:00+00:00,1.3390285968780518,1.3390285968780518,1.3390285968780518,1.3390285968780518,0.0
2026-09-21 01:07:00+00:00,1.3390285968780518,1.3390285968780518,1.3390285968780518,1.3390285968780518,0.0
2026-09-21 01:08:00+00:00,1.3390824794769287,1.3390824794769287,1.3390824794769287,1.3390824794769287,0.0
2026-09-21 01:09:00+00:00,1.3391003608703613,1.3391003608703613,1.3391003608703613,1.3391003608703613,0.0
2026-09-21 01:10:00+00:00,1.339172124862671,1.339172124862671,1.339172124862671,1.339172124862671,0.0
2026-09-21 01:11:00+00:00,1.3391900062561035,1.3391900062561035,1.3391900062561035,1.3391900062561035,0.0
2026-09-21 01:12:00+00:00,1.3392258882522583,1.3392258882522583,1.3392258882522583,1.3392258882522583,0.0
2026-09-21 01:13:00+00:00,1.3392258882522583,1.3392258882522583,1.3392258882522583,1.3392258882522583,0.0
2026-09-21 01:14:00+00:00,1.3392258882522583,1.3392258882522583,1.3392258882522583,1.3392258882522583,0.0
2026-09-21 01:15:00+00:00,1.3391003608703613,1.3391003608703613,1.3391003608703613,1.3391003608703613,0.0
2026-09-21 01:16:00+00:00,1.3391183614730835,1.3391183614730835,1.3391183614730835,1.3391183614730835,0.0
2026-09-21 01:17:00+00:00,1.3391542434692383,1.3391542434692383,1.3391542434692383,1.3391542434692383,0.0
2026-09-21 01:18:00+00:00,1.3391362428665161,1.3391362428665161,1.3391362428665161,1.3391362428665161,0.0
2026-09-21 01:19:00+00:00,1.339172124862671,1.339172124862671,1.339172124862671,1.339172124862671,0.0
2026-09-21 01:20:00+00:00,1.3390824794769287,1.3390824794769287,1.3390824794769287,1.3390824794769287,0.0
2026-09-21 01:21:00+00:00,1.3391183614730835,1.3391183614730835,1.3391183614730835,1.3391183614730835,0.0
2026-09-21 01:22:00+00:00,1.3392258882522583,1.3392258882522583,1.3392258882522583,1.3392258882522583,0.0
2026-09-21 01:23:00+00:00,1.3391003608703613,1.3391003608703613,1.3391003608703613,1.3391003608703613,0.0
2026-09-21 01:24:00+00:00,1.3391362428665161,1.3391362428665161,1.3391362428665161,1.3391362428665161,0.0
2026-09-21 01:25:00+00:00,1.3391900062561035,1.3391900062561035,1.3391900062561035,1.3391900062561035,0.0
2026-09-21 01:26:00+00:00,1.3391362428665161,1.3391362428665161,1.3391362428665161,1.3391362428665161,0.0
2026-09-21 01:27:00+00:00,1.339172124862671,1.339172124862671,1.339172124862671,1.339172124862671,0.0
2026-09-21 01:28:00+00:00,1.339261770248413,1.339261770248413,1.339261770248413,1.339261770248413,0.0
2026-09-21 01:29:00+00:00,1.3391900062561035,1.3391900062561035,1.3391900062561035,1.3391900062561035,0.0
2026-09-21 01:30:00+00:00,1.3391362428665161,1.3391362428665161,1.3391362428665161,1.3391362428665161,0.0
2026-09-21 01:31:00+00:00,1.3391542434692383,1.3391542434692383,1.3391542434692383,1.3391542434692383,0.0
2026-09-21 01:32:00+00:00,1.3391542434692383,1.3391542434692383,1.3391542434692383,1.3391542434692383,0.0
2026-09-21 01:33:00+00:00,1.3392258882522583,1.3392258882522583,1.3392258882522583,1.3392258882522583,0.0
2026-09-21 01:34:00+00:00,1.339172124862671,1.339172124862671,1.339172124862671,1.339172124862671,0.0
2026-09-21 01:35:00+00:00,1.339172124862671,1.339172124862671,1.339172124862671,1.339172124862671,0.0
2026-09-21 01:36:00+00:00,1.3391183614730835,1.3391183614730835,1.3391183614730835,1.3391183614730835,0.0
2026-09-21 01:37:00+00:00,1.3390824794769287,1.3390824794769287,1.3390824794769287,1.3390824794769287,0.0
2026-09-21 01:38:00+00:00,1.3390824794769287,1.3390824794769287,1.3390824794769287,1.3390824794769287,0.0
2026-09-21 01:39:00+00:00,1.339046597480774,1.339046597480774,1.339046597480774,1.339046597480774,0.0
2026-09-21 01:40:00+00:00,1.3391362428665161,1.3391362428665161,1.3391362428665161,1.3391362428665161,0.0
2026-09-21 01:41:00+00:00,1.3392438888549805,1.3392438888549805,1.3392438888549805,1.3392438888549805,0.0
2026-09-21 01:42:00+00:00,1.339172124862671,1.339172124862671,1.339172124862671,1.339172124862671,0.0
2026-09-21 01:43:00+00:00,1.3392080068588257,1.3392080068588257,1.3392080068588257,1.3392080068588257,0.0
2026-09-21 01:44:00+00:00,1.3392797708511353,1.3392797708511353,1.3392797708511353,1.3392797708511353,0.0
2026-09-21 01:45:00+00:00,1.3392797708511353,1.3392797708511353,1.3392797708511353,1.3392797708511353,0.0
2026-09-21 01:46:00+00:00,1.3392976522445679,1.3392976522445679,1.3392976522445679,1.3392976522445679,0.0
2026-09-21 01:47:00+00:00,1.3392976522445679,1.3392976522445679,1.3392976522445679,1.3392976522445679,0.0
2026-09-21 01:48:00+00:00,1.339261770248413,1.339261770248413,1.339261770248413,1.339261770248413,0.0
2026-09-21 01:49:00+00:00,1.3392797708511353,1.3392797708511353,1.3392797708511353,1.3392797708511353,0.0
2026-09-21 01:50:00+00:00,1.3392797708511353,1.3392797708511353,1.3392797708511353,1.3392797708511353,0.0
2026-09-21 01:51:00+00:00,1.3392797708511353,1.3392797708511353,1.3392797708511353,1.3392797708511353,0.0
2026-09-21 01:52:00+00:00,1.33931565284729,1.33931565284729,1.33931565284729,1.33931565284729,0.0
2026-09-21 01:53:00+00:00,1.3393335342407227,1.3393335342407227,1.3393335342407227,1.3393335342407227,0.0
2026-09-21 01:54:00+00:00,1.339261770248413,1.339261770248413,1.339261770248413,1.339261770248413,0.0
2026-09-21 01:55:00+00:00,1.3392976522445679,1.3392976522445679,1.3392976522445679,1.3392976522445679,0.0
2026-09-21 01:56:00+00:00,1.3392258882522583,1.3392258882522583,1.3392258882522583,1.3392258882522583,0.0
2026-09-21 01:57:00+00:00,1.3391900062561035,1.3391900062561035,1.3391900062561035,1.3391900062561035,0.0
2026-09-21 01:58:00+00:00,1.3391362428665161,1.3391362428665161,1.3391362428665161,1.3391362428665161,0.0
2026-09-21 01:59:00+00:00,1.3389748334884644,1.3389748334884644,1.3389748334884644,1.3389748334884644,0.0
2026-09-21 02:00:00+00:00,1.3389748334884644,1.3389748334884644,1.3389748334884644,1.3389748334884644,0.0
2026-09-21 02:01:00+00:00,1.3389748334884644,1.3389748334884644,1.3389748334884644,1.3389748334884644,0.0
2026-09-21 02:02:00+00:00,1.3390108346939087,1.3390108346939087,1.3390108346939087,1.3390108346939087,0.0
2026-09-21 02:03:00+00:00,1.3389389514923096,1.3389389514923096,1.3389389514923096,1.3389389514923096,0.0
2026-09-21 02:04:00+00:00,1.3389748334884644,1.3389748334884644,1.3389748334884644,1.3389748334884644,0.0
2026-09-21 02:05:00+00:00,1.3389031887054443,1.3389031887054443,1.3389031887054443,1.3389031887054443,0.0
2026-09-21 02:06:00+00:00,1.3389211893081665,1.3389211893081665,1.3389211893081665,1.3389211893081665,0.0
2026-09-21 02:07:00+00:00,1.3388315439224243,1.3388315439224243,1.3388315439224243,1.3388315439224243,0.0
2026-09-21 02:08:00+00:00,1.3387418985366821,1.3387418985366821,1.3387418985366821,1.3387418985366821,0.0
2026-09-21 02:09:00+00:00,1.338849425315857,1.338849425315857,1.338849425315857,1.338849425315857,0.0
2026-09-21 02:10:00+00:00,1.3388315439224243,1.3388315439224243,1.3388315439224243,1.3388315439224243,0.0
2026-09-21 02:11:00+00:00,1.3387418985366821,1.3387418985366821,1.3387418985366821,1.3387418985366821,0.0
2026-09-21 02:12:00+00:00,1.3388135433197021,1.3388135433197021,1.3388135433197021,1.3388135433197021,0.0
2026-09-21 02:13:00+00:00,1.338849425315857,1.338849425315857,1.338849425315857,1.338849425315857,0.0
2026-09-21 02:14:00+00:00,1.3388135433197021,1.3388135433197021,1.3388135433197021,1.3388135433197021,0.0
2026-09-21 02:15:00+00:00,1.3387418985366821,1.3387418985366821,1.3387418985366821,1.3387418985366821,0.0
2026-09-21 02:16:00+00:00,1.338777780532837,1.338777780532837,1.338777780532837,1.338777780532837,0.0
2026-09-21 02:17:00+00:00,1.3388135433197021,1.3388135433197021,1.3388135433197021,1.3388135433197021,0.0
2026-09-21 02:18:00+00:00,1.3388315439224243,1.3388315439224243,1.3388315439224243,1.3388315439224243,0.0
2026-09-21 02:19:00+00:00,1.3388135433197021,1.3388135433197021,1.3388135433197021,1.3388135433197021,0.0
2026-09-21 02:20:00+00:00,1.33879554271698,1.33879554271698,1.33879554271698,1.33879554271698,0.0
2026-09-21 02:21:00+00:00,1.3386881351470947,1.3386881351470947,1.3386881351470947,1.3386881351470947,0.0
2026-09-21 02:22:00+00:00,1.3387060165405273,1.3387060165405273,1.3387060165405273,1.3387060165405273,0.0
2026-09-21 02:23:00+00:00,1.3386881351470947,1.3386881351470947,1.3386881351470947,1.3386881351470947,0.0
2026-09-21 02:24:00+00:00,1.3386881351470947,1.3386881351470947,1.3386881351470947,1.3386881351470947,0.0
2026-09-21 02:25:00+00:00,1.3386701345443726,1.3386701345443726,1.3386701345443726,1.3386701345443726,0.0
2026-09-21 02:26:00+00:00,1.3386701345443726,1.3386701345443726,1.3386701345443726,1.3386701345443726,0.0
2026-09-21 02:27:00+00:00,1.33872389793396,1.33872389793396,1.33872389793396,1.33872389793396,0.0
2026-09-21 02:28:00+00:00,1.3386881351470947,1.3386881351470947,1.3386881351470947,1.3386881351470947,0.0
2026-09-21 02:29:00+00:00,1.3386881351470947,1.3386881351470947,1.3386881351470947,1.3386881351470947,0.0
2026-09-21 02:30:00+00:00,1.3386701345443726,1.3386701345443726,1.3386701345443726,1.3386701345443726,0.0
2026-09-21 02:31:00+00:00,1.33865225315094,1.33865225315094,1.33865225315094,1.33865225315094,0.0
2026-09-21 02:32:00+00:00,1.33865225315094,1.33865225315094,1.33865225315094,1.33865225315094,0.0
2026-09-21 02:33:00+00:00,1.3386701345443726,1.3386701345443726,1.3386701345443726,1.3386701345443726,0.0
2026-09-21 02:34:00+00:00,1.3386342525482178,1.3386342525482178,1.3386342525482178,1.3386342525482178,0.0
2026-09-21 02:35:00+00:00,1.3386164903640747,1.3386164903640747,1.3386164903640747,1.3386164903640747,0.0
2026-09-21 02:36:00+00:00,1.3386342525482178,1.3386342525482178,1.3386342525482178,1.3386342525482178,0.0
2026-09-21 02:37:00+00:00,1.3386881351470947,1.3386881351470947,1.3386881351470947,1.3386881351470947,0.0
2026-09-21 02:38:00+00:00,1.3386881351470947,1.3386881351470947,1.3386881351470947,1.3386881351470947,0.0
2026-09-21 02:39:00+00:00,1.3386701345443726,1.3386701345443726,1.3386701345443726,1.3386701345443726,0.0
2026-09-21 02:40:00+00:00,1.3386342525482178,1.3386342525482178,1.3386342525482178,1.3386342525482178,0.0
2026-09-21 02:41:00+00:00,1.3386164903640747,1.3386164903640747,1.3386164903640747,1.3386164903640747,0.0
2026-09-21 02:42:00+00:00,1.3386164903640747,1.3386164903640747,1.3386164903640747,1.3386164903640747,0.0
2026-09-21 02:43:00+00:00,1.3386342525482178,1.3386342525482178,1.3386342525482178,1.3386342525482178,0.0
2026-09-21 02:44:00+00:00,1.3386342525482178,1.3386342525482178,1.3386342525482178,1.3386342525482178,0.0
2026-09-21 02:45:00+00:00,1.3386164903640747,1.3386164903640747,1.3386164903640747,1.3386164903640747,0.0
2026-09-21 02:46:00+00:00,1.3386164903640747,1.3386164903640747,1.3386164903640747,1.3386164903640747,0.0
2026-09-21 02:47:00+00:00,1.3385984897613525,1.3385984897613525,1.3385984897613525,1.3385984897613525,0.0
2026-09-21 02:48:00+00:00,1.3386164903640747,1.3386164903640747,1.3386164903640747,1.3386164903640747,0.0
2026-09-21 02:49:00+00:00,1.3385089635849,1.3385089635849,1.3385089635849,1.3385089635849,0.0
2026-09-21 02:50:00+00:00,1.3384909629821777,1.3384909629821777,1.3384909629821777,1.3384909629821777,0.0
2026-09-21 02:51:00+00:00,1.3385089635849,1.3385089635849,1.3385089635849,1.3385089635849,0.0
2026-09-21 02:52:00+00:00,1.338401436805725,1.338401436805725,1.338401436805725,1.338401436805725,0.0
2026-09-21 02:53:00+00:00,1.3384193181991577,1.3384193181991577,1.3384193181991577,1.3384193181991577,0.0
2026-09-21 02:54:00+00:00,1.3384552001953125,1.3384552001953125,1.3384552001953125,1.3384552001953125,0.0
2026-09-21 02:55:00+00:00,1.3382940292358398,1.3382940292358398,1.3382940292358398,1.3382940292358398,0.0
2026-09-21 02:56:00+00:00,1.3383476734161377,1.3383476734161377,1.3383476734161377,1.3383476734161377,0.0
2026-09-21 02:57:00+00:00,1.338329792022705,1.338329792022705,1.338329792022705,1.338329792022705,0.0
2026-09-21 02:58:00+00:00,1.3382760286331177,1.3382760286331177,1.3382760286331177,1.3382760286331177,0.0
2026-09-21 02:59:00+00:00,1.338329792022705,1.338329792022705,1.338329792022705,1.338329792022705,0.0
2026-09-21 03:00:00+00:00,1.338329792022705,1.338329792022705,1.338329792022705,1.338329792022705,0.0
2026-09-21 03:01:00+00:00,1.3382760286331177,1.3382760286331177,1.3382760286331177,1.3382760286331177,0.0
2026-09-21 03:02:00+00:00,1.338311791419983,1.338311791419983,1.338311791419983,1.338311791419983,0.0
2026-09-21 03:03:00+00:00,1.338258147239685,1.338258147239685,1.338258147239685,1.338258147239685,0.0
2026-09-21 03:04:00+00:00,1.3382760286331177,1.3382760286331177,1.3382760286331177,1.3382760286331177,0.0
2026-09-21 03:05:00+00:00,1.338329792022705,1.338329792022705,1.338329792022705,1.338329792022705,0.0
2026-09-21 03:06:00+00:00,1.338258147239685,1.338258147239685,1.338258147239685,1.338258147239685,0.0
2026-09-21 03:07:00+00:00,1.3382223844528198,1.3382223844528198,1.3382223844528198,1.3382223844528198,0.0
2026-09-21 03:08:00+00:00,1.3382043838500977,1.3382043838500977,1.3382043838500977,1.3382043838500977,0.0
2026-09-21 03:09:00+00:00,1.3382043838500977,1.3382043838500977,1.3382043838500977,1.3382043838500977,0.0
2026-09-21 03:10:00+00:00,1.338186502456665,1.338186502456665,1.338186502456665,1.338186502456665,0.0
2026-09-21 03:11:00+00:00,1.338186502456665,1.338186502456665,1.338186502456665,1.338186502456665,0.0
2026-09-21 03:12:00+00:00,1.338240146636963,1.338240146636963,1.338240146636963,1.338240146636963,0.0
2026-09-21 03:13:00+00:00,1.338311791419983,1.338311791419983,1.338311791419983,1.338311791419983,0.0
2026-09-21 03:14:00+00:00,1.338401436805725,1.338401436805725,1.338401436805725,1.338401436805725,0.0
2026-09-21 03:15:00+00:00,1.3385447263717651,1.3385447263717651,1.3385447263717651,1.3385447263717651,0.0
2026-09-21 03:16:00+00:00,1.3385447263717651,1.3385447263717651,1.3385447263717651,1.3385447263717651,0.0
2026-09-21 03:17:00+00:00,1.3387060165405273,1.3387060165405273,1.3387060165405273,1.3387060165405273,0.0
2026-09-21 03:18:00+00:00,1.3387418985366821,1.3387418985366821,1.3387418985366821,1.3387418985366821,0.0
2026-09-21 03:19:00+00:00,1.33872389793396,1.33872389793396,1.33872389793396,1.33872389793396,0.0
2026-09-21 03:20:00+00:00,1.33872389793396,1.33872389793396,1.33872389793396,1.33872389793396,0.0
2026-09-21 03:21:00+00:00,1.3386342525482178,1.3386342525482178,1.3386342525482178,1.3386342525482178,0.0
2026-09-21 03:22:00+00:00,1.3385984897613525,1.3385984897613525,1.3385984897613525,1.3385984897613525,0.0
2026-09-21 03:23:00+00:00,1.3385089635849,1.3385089635849,1.3385089635849,1.3385089635849,0.0
2026-09-21 03:24:00+00:00,1.3384371995925903,1.3384371995925903,1.3384371995925903,1.3384371995925903,0.0
2026-09-21 03:25:00+00:00,1.3384552001953125,1.3384552001953125,1.3384552001953125,1.3384552001953125,0.0
2026-09-21 03:26:00+00:00,1.3382043838500977,1.3382043838500977,1.3382043838500977,1.3382043838500977,0.0
2026-09-21 03:27:00+00:00,1.3382223844528198,1.3382223844528198,1.3382223844528198,1.3382223844528198,0.0
2026-09-21 03:28:00+00:00,1.3382940292358398,1.3382940292358398,1.3382940292358398,1.3382940292358398,0.0
2026-09-21 03:29:00+00:00,1.3383835554122925,1.3383835554122925,1.3383835554122925,1.3383835554122925,0.0
2026-09-21 03:30:00+00:00,1.338240146636963,1.338240146636963,1.338240146636963,1.338240146636963,0.0
2026-09-21 03:31:00+00:00,1.338240146636963,1.338240146636963,1.338240146636963,1.338240146636963,0.0
2026-09-21 03:32:00+00:00,1.338311791419983,1.338311791419983,1.338311791419983,1.338311791419983,0.0
2026-09-21 03:33:00+00:00,1.3383835554122925,1.3383835554122925,1.3383835554122925,1.3383835554122925,0.0
2026-09-21 03:34:00+00:00,1.3383476734161377,1.3383476734161377,1.3383476734161377,1.3383476734161377,0.0
2026-09-21 03:35:00+00:00,1.3384193181991577,1.3384193181991577,1.3384193181991577,1.3384193181991577,0.0
2026-09-21 03:36:00+00:00,1.338401436805725,1.338401436805725,1.338401436805725,1.338401436805725,0.0
2026-09-21 03:37:00+00:00,1.3383656740188599,1.3383656740188599,1.3383656740188599,1.3383656740188599,0.0
2026-09-21 03:38:00+00:00,1.3384371995925903,1.3384371995925903,1.3384371995925903,1.3384371995925903,0.0
2026-09-21 03:39:00+00:00,1.3384552001953125,1.3384552001953125,1.3384552001953125,1.3384552001953125,0.0
2026-09-21 03:40:00+00:00,1.338401436805725,1.338401436805725,1.338401436805725,1.338401436805725,0.0
2026-09-21 03:41:00+00:00,1.3384371995925903,1.3384371995925903,1.3384371995925903,1.3384371995925903,0.0
2026-09-21 03:42:00+00:00,1.3384193181991577,1.3384193181991577,1.3384193181991577,1.3384193181991577,0.0
2026-09-21 03:43:00+00:00,1.338329792022705,1.338329792022705,1.338329792022705,1.338329792022705,0.0
2026-09-21 03:44:00+00:00,1.3382940292358398,1.3382940292358398,1.3382940292358398,1.3382940292358398,0.0
2026-09-21 03:45:00+00:00,1.3383476734161377,1.3383476734161377,1.3383476734161377,1.3383476734161377,0.0
2026-09-21 03:46:00+00:00,1.3384193181991577,1.3384193181991577,1.3384193181991577,1.3384193181991577,0.0
2026-09-21 03:47:00+00:00,1.3384909629821777,1.3384909629821777,1.3384909629821777,1.3384909629821777,0.0
2026-09-21 03:48:00+00:00,1.338401436805725,1.338401436805725,1.338401436805725,1.338401436805725,0.0
2026-09-21 03:49:00+00:00,1.3383656740188599,1.3383656740188599,1.3383656740188599,1.3383656740188599,0.0
2026-09-21 03:50:00+00:00,1.3383476734161377,1.3383476734161377,1.3383476734161377,1.3383476734161377,0.0
2026-09-21 03:51:00+00:00,1.3383476734161377,1.3383476734161377,1.3383476734161377,1.3383476734161377,0.0
2026-09-21 03:52:00+00:00,1.338329792022705,1.338329792022705,1.338329792022705,1.338329792022705,0.0
2026-09-21 03:53:00+00:00,1.3382940292358398,1.3382940292358398,1.3382940292358398,1.3382940292358398,0.0
2026-09-21 03:54:00+00:00,1.338311791419983,1.338311791419983,1.338311791419983,1.338311791419983,0.0
2026-09-21 03:55:00+00:00,1.3382223844528198,1.3382223844528198,1.3382223844528198,1.3382223844528198,0.0
2026-09-21 03:56:00+00:00,1.3382223844528198,1.3382223844528198,1.3382223844528198,1.3382223844528198,0.0
2026-09-21 03:57:00+00:00,1.338240146636963,1.338240146636963,1.338240146636963,1.338240146636963,0.0
2026-09-21 03:58:00+00:00,1.338258147239685,1.338258147239685,1.338258147239685,1.338258147239685,0.0
2026-09-21 03:59:00+00:00,1.338240146636963,1.338240146636963,1.338240146636963,1.338240146636963,0.0
2026-09-21 04:00:00+00:00,1.3382940292358398,1.3382940292358398,1.3382940292358398,1.3382940292358398,0.0
2026-09-21 04:01:00+00:00,1.338240146636963,1.338240146636963,1.338240146636963,1.338240146636963,0.0
2026-09-21 04:02:00+00:00,1.338240146636963,1.338240146636963,1.338240146636963,1.338240146636963,0.0
2026-09-21 04:03:00+00:00,1.338258147239685,1.338258147239685,1.338258147239685,1.338258147239685,0.0
2026-09-21 04:04:00+00:00,1.3382223844528198,1.3382223844528198,1.3382223844528198,1.3382223844528198,0.0
2026-09-21 04:05:00+00:00,1.338240146636963,1.338240146636963,1.338240146636963,1.338240146636963,0.0
2026-09-21 04:06:00+00:00,1.3382223844528198,1.3382223844528198,1.3382223844528198,1.3382223844528198,0.0
2026-09-21 04:07:00+00:00,1.3381328582763672,1.3381328582763672,1.3381328582763672,1.3381328582763672,0.0
2026-09-21 04:08:00+00:00,1.3381506204605103,1.3381506204605103,1.3381506204605103,1.3381506204605103,0.0
2026-09-21 04:09:00+00:00,1.338240146636963,1.338240146636963,1.338240146636963,1.338240146636963,0.0
2026-09-21 04:10:00+00:00,1.338329792022705,1.338329792022705,1.338329792022705,1.338329792022705,0.0
2026-09-21 04:11:00+00:00,1.3382940292358398,1.3382940292358398,1.3382940292358398,1.3382940292358398,0.0
2026-09-21 04:12:00+00:00,1.338240146636963,1.338240146636963,1.338240146636963,1.338240146636963,0.0
2026-09-21 04:13:00+00:00,1.338329792022705,1.338329792022705,1.338329792022705,1.338329792022705,0.0
2026-09-21 04:14:00+00:00,1.338329792022705,1.338329792022705,1.338329792022705,1.338329792022705,0.0
2026-09-21 04:15:00+00:00,1.3383476734161377,1.3383476734161377,1.3383476734161377,1.3383476734161377,0.0
2026-09-21 04:16:00+00:00,1.338329792022705,1.338329792022705,1.338329792022705,1.338329792022705,0.0
2026-09-21 04:17:00+00:00,1.338401436805725,1.338401436805725,1.338401436805725,1.338401436805725,0.0
2026-09-21 04:18:00+00:00,1.3383656740188599,1.3383656740188599,1.3383656740188599,1.3383656740188599,0.0
2026-09-21 04:19:00+00:00,1.3383656740188599,1.3383656740188599,1.3383656740188599,1.3383656740188599,0.0
2026-09-21 04:20:00+00:00,1.338329792022705,1.338329792022705,1.338329792022705,1.338329792022705,0.0
2026-09-21 04:21:00+00:00,1.3383656740188599,1.3383656740188599,1.3383656740188599,1.3383656740188599,0.0
2026-09-21 04:22:00+00:00,1.338329792022705,1.338329792022705,1.338329792022705,1.338329792022705,0.0
2026-09-21 04:23:00+00:00,1.3382760286331177,1.3382760286331177,1.3382760286331177,1.3382760286331177,0.0
2026-09-21 04:24:00+00:00,1.3382223844528198,1.3382223844528198,1.3382223844528198,1.3382223844528198,0.0
2026-09-21 04:25:00+00:00,1.3382940292358398,1.3382940292358398,1.3382940292358398,1.3382940292358398,0.0
2026-09-21 04:26:00+00:00,1.3380253314971924,1.3380253314971924,1.3380253314971924,1.3380253314971924,0.0
2026-09-21 04:27:00+00:00,1.3379179239273071,1.3379179239273071,1.3379179239273071,1.3379179239273071,0.0
2026-09-21 04:28:00+00:00,1.337882161140442,1.337882161140442,1.337882161140442,1.337882161140442,0.0
2026-09-21 04:29:00+00:00,1.337828516960144,1.337828516960144,1.337828516960144,1.337828516960144,0.0
2026-09-21 04:30:00+00:00,1.337685227394104,1.337685227394104,1.337685227394104,1.337685227394104,0.0
2026-09-21 04:31:00+00:00,1.3375779390335083,1.3375779390335083,1.3375779390335083,1.3375779390335083,0.0
2026-09-21 04:32:00+00:00,1.3374348878860474,1.3374348878860474,1.3374348878860474,1.3374348878860474,0.0
2026-09-21 04:33:00+00:00,1.337685227394104,1.337685227394104,1.337685227394104,1.337685227394104,0.0
2026-09-21 04:34:00+00:00,1.3377031087875366,1.3377031087875366,1.3377031087875366,1.3377031087875366,0.0
2026-09-21 04:35:00+00:00,1.337846279144287,1.337846279144287,1.337846279144287,1.337846279144287,0.0
2026-09-21 04:36:00+00:00,1.337846279144287,1.337846279144287,1.337846279144287,1.337846279144287,0.0
2026-09-21 04:37:00+00:00,1.3377747535705566,1.3377747535705566,1.3377747535705566,1.3377747535705566,0.0
2026-09-21 04:38:00+00:00,1.3378641605377197,1.3378641605377197,1.3378641605377197,1.3378641605377197,0.0
2026-09-21 04:39:00+00:00,1.337828516960144,1.337828516960144,1.337828516960144,1.337828516960144,0.0
2026-09-21 04:40:00+00:00,1.3379000425338745,1.3379000425338745,1.3379000425338745,1.3379000425338745,0.0
2026-09-21 04:41:00+00:00,1.337882161140442,1.337882161140442,1.337882161140442,1.337882161140442,0.0
2026-09-21 04:42:00+00:00,1.3380074501037598,1.3380074501037598,1.3380074501037598,1.3380074501037598,0.0
2026-09-21 04:43:00+00:00,1.3379536867141724,1.3379536867141724,1.3379536867141724,1.3379536867141724,0.0
2026-09-21 04:44:00+00:00,1.3379895687103271,1.3379895687103271,1.3379895687103271,1.3379895687103271,0.0
2026-09-21 04:45:00+00:00,1.3379000425338745,1.3379000425338745,1.3379000425338745,1.3379000425338745,0.0
2026-09-21 04:46:00+00:00,1.337882161140442,1.337882161140442,1.337882161140442,1.337882161140442,0.0
2026-09-21 04:47:00+00:00,1.3379179239273071,1.3379179239273071,1.3379179239273071,1.3379179239273071,0.0
2026-09-21 04:48:00+00:00,1.337882161140442,1.337882161140442,1.337882161140442,1.337882161140442,0.0
2026-09-21 04:49:00+00:00,1.3379358053207397,1.3379358053207397,1.3379358053207397,1.3379358053207397,0.0
2026-09-21 04:50:00+00:00,1.3379179239273071,1.3379179239273071,1.3379179239273071,1.3379179239273071,0.0
2026-09-21 04:51:00+00:00,1.3379000425338745,1.3379000425338745,1.3379000425338745,1.3379000425338745,0.0
2026-09-21 04:52:00+00:00,1.3379179239273071,1.3379179239273071,1.3379179239273071,1.3379179239273071,0.0
2026-09-21 04:53:00+00:00,1.337882161140442,1.337882161140442,1.337882161140442,1.337882161140442,0.0
2026-09-21 04:54:00+00:00,1.337882161140442,1.337882161140442,1.337882161140442,1.337882161140442,0.0
2026-09-21 04:55:00+00:00,1.3379358053207397,1.3379358053207397,1.3379358053207397,1.3379358053207397,0.0
2026-09-21 04:56:00+00:00,1.3379716873168945,1.3379716873168945,1.3379716873168945,1.3379716873168945,0.0
2026-09-21 04:57:00+00:00,1.3379000425338745,1.3379000425338745,1.3379000425338745,1.3379000425338745,0.0
2026-09-21 04:58:00+00:00,1.3379000425338745,1.3379000425338745,1.3379000425338745,1.3379000425338745,0.0
2026-09-21 04:59:00+00:00,1.337846279144287,1.337846279144287,1.337846279144287,1.337846279144287,0.0
2026-09-21 05:00:00+00:00,1.3378105163574219,1.3378105163574219,1.3378105163574219,1.3378105163574219,0.0
2026-09-21 05:01:00+00:00,1.3378105163574219,1.3378105163574219,1.3378105163574219,1.3378105163574219,0.0
2026-09-21 05:02:00+00:00,1.3378105163574219,1.3378105163574219,1.3378105163574219,1.3378105163574219,0.0
2026-09-21 05:03:00+00:00,1.337846279144287,1.337846279144287,1.337846279144287,1.337846279144287,0.0
2026-09-21 05:04:00+00:00,1.3378105163574219,1.3378105163574219,1.3378105163574219,1.3378105163574219,0.0
2026-09-21 05:05:00+00:00,1.3377926349639893,1.3377926349639893,1.3377926349639893,1.3377926349639893,0.0
2026-09-21 05:06:00+00:00,1.337846279144287,1.337846279144287,1.337846279144287,1.337846279144287,0.0
2026-09-21 05:07:00+00:00,1.3379000425338745,1.3379000425338745,1.3379000425338745,1.3379000425338745,0.0
2026-09-21 05:08:00+00:00,1.3379000425338745,1.3379000425338745,1.3379000425338745,1.3379000425338745,0.0
2026-09-21 05:09:00+00:00,1.337846279144287,1.337846279144287,1.337846279144287,1.337846279144287,0.0
2026-09-21 05:10:00+00:00,1.337846279144287,1.337846279144287,1.337846279144287,1.337846279144287,0.0
2026-09-21 05:11:00+00:00,1.337882161140442,1.337882161140442,1.337882161140442,1.337882161140442,0.0
2026-09-21 05:12:00+00:00,1.3379179239273071,1.3379179239273071,1.3379179239273071,1.3379179239273071,0.0
2026-09-21 05:13:00+00:00,1.3379000425338745,1.3379000425338745,1.3379000425338745,1.3379000425338745,0.0
2026-09-21 05:14:00+00:00,1.337882161140442,1.337882161140442,1.337882161140442,1.337882161140442,0.0
2026-09-21 05:15:00+00:00,1.3379179239273071,1.3379179239273071,1.3379179239273071,1.3379179239273071,0.0
2026-09-21 05:16:00+00:00,1.337846279144287,1.337846279144287,1.337846279144287,1.337846279144287,0.0
2026-09-21 05:17:00+00:00,1.3379000425338745,1.3379000425338745,1.3379000425338745,1.3379000425338745,0.0
2026-09-21 05:18:00+00:00,1.337846279144287,1.337846279144287,1.337846279144287,1.337846279144287,0.0
2026-09-21 05:19:00+00:00,1.3379179239273071,1.3379179239273071,1.3379179239273071,1.3379179239273071,0.0
2026-09-21 05:20:00+00:00,1.3378641605377197,1.3378641605377197,1.3378641605377197,1.3378641605377197,0.0
2026-09-21 05:21:00+00:00,1.337828516960144,1.337828516960144,1.337828516960144,1.337828516960144,0.0
2026-09-21 05:22:00+00:00,1.337828516960144,1.337828516960144,1.337828516960144,1.337828516960144,0.0
2026-09-21 05:23:00+00:00,1.3378105163574219,1.3378105163574219,1.3378105163574219,1.3378105163574219,0.0
2026-09-21 05:24:00+00:00,1.3378105163574219,1.3378105163574219,1.3378105163574219,1.3378105163574219,0.0
2026-09-21 05:25:00+00:00,1.3378105163574219,1.3378105163574219,1.3378105163574219,1.3378105163574219,0.0
2026-09-21 05:26:00+00:00,1.3377926349639893,1.3377926349639893,1.3377926349639893,1.3377926349639893,0.0
2026-09-21 05:27:00+00:00,1.337828516960144,1.337828516960144,1.337828516960144,1.337828516960144,0.0
2026-09-21 05:28:00+00:00,1.3377211093902588,1.3377211093902588,1.3377211093902588,1.3377211093902588,0.0
2026-09-21 05:29:00+00:00,1.3377211093902588,1.3377211093902588,1.3377211093902588,1.3377211093902588,0.0
2026-09-21 05:30:00+00:00,1.337685227394104,1.337685227394104,1.337685227394104,1.337685227394104,0.0
2026-09-21 05:31:00+00:00,1.3377926349639893,1.3377926349639893,1.3377926349639893,1.3377926349639893,0.0
2026-09-21 05:32:00+00:00,1.3378105163574219,1.3378105163574219,1.3378105163574219,1.3378105163574219,0.0
2026-09-21 05:33:00+00:00,1.337685227394104,1.337685227394104,1.337685227394104,1.337685227394104,0.0
2026-09-21 05:34:00+00:00,1.3377389907836914,1.3377389907836914,1.3377389907836914,1.3377389907836914,0.0
2026-09-21 05:35:00+00:00,1.3377031087875366,1.3377031087875366,1.3377031087875366,1.3377031087875366,0.0
2026-09-21 05:36:00+00:00,1.3376315832138062,1.3376315832138062,1.3376315832138062,1.3376315832138062,0.0
2026-09-21 05:37:00+00:00,1.3376137018203735,1.3376137018203735,1.3376137018203735,1.3376137018203735,0.0
2026-09-21 05:38:00+00:00,1.3376494646072388,1.3376494646072388,1.3376494646072388,1.3376494646072388,0.0
2026-09-21 05:39:00+00:00,1.337685227394104,1.337685227394104,1.337685227394104,1.337685227394104,0.0
2026-09-21 05:40:00+00:00,1.3377389907836914,1.3377389907836914,1.3377389907836914,1.3377389907836914,0.0
2026-09-21 05:41:00+00:00,1.3377211093902588,1.3377211093902588,1.3377211093902588,1.3377211093902588,0.0
2026-09-21 05:42:00+00:00,1.337667465209961,1.337667465209961,1.337667465209961,1.337667465209961,0.0
2026-09-21 05:43:00+00:00,1.3376315832138062,1.3376315832138062,1.3376315832138062,1.3376315832138062,0.0
2026-09-21 05:44:00+00:00,1.3376315832138062,1.3376315832138062,1.3376315832138062,1.3376315832138062,0.0
2026-09-21 05:45:00+00:00,1.3376494646072388,1.3376494646072388,1.3376494646072388,1.3376494646072388,0.0
2026-09-21 05:46:00+00:00,1.337595820426941,1.337595820426941,1.337595820426941,1.337595820426941,0.0
2026-09-21 05:47:00+00:00,1.3376137018203735,1.3376137018203735,1.3376137018203735,1.3376137018203735,0.0
2026-09-21 05:48:00+00:00,1.337595820426941,1.337595820426941,1.337595820426941,1.337595820426941,0.0
2026-09-21 05:49:00+00:00,1.3376137018203735,1.3376137018203735,1.3376137018203735,1.3376137018203735,0.0
2026-09-21 05:50:00+00:00,1.337667465209961,1.337667465209961,1.337667465209961,1.337667465209961,0.0
2026-09-21 05:51:00+00:00,1.3377031087875366,1.3377031087875366,1.3377031087875366,1.3377031087875366,0.0
2026-09-21 05:52:00+00:00,1.3376137018203735,1.3376137018203735,1.3376137018203735,1.3376137018203735,0.0
2026-09-21 05:53:00+00:00,1.337685227394104,1.337685227394104,1.337685227394104,1.337685227394104,0.0
2026-09-21 05:54:00+00:00,1.3377211093902588,1.3377211093902588,1.3377211093902588,1.3377211093902588,0.0
2026-09-21 05:55:00+00:00,1.337685227394104,1.337685227394104,1.337685227394104,1.337685227394104,0.0
2026-09-21 05:56:00+00:00,1.337667465209961,1.337667465209961,1.337667465209961,1.337667465209961,0.0
2026-09-21 05:57:00+00:00,1.3377031087875366,1.3377031087875366,1.3377031087875366,1.3377031087875366,0.0
2026-09-21 05:58:00+00:00,1.337685227394104,1.337685227394104,1.337685227394104,1.337685227394104,0.0
2026-09-21 05:59:00+00:00,1.3376137018203735,1.3376137018203735,1.3376137018203735,1.3376137018203735,0.0
2026-09-21 06:00:00+00:00,1.3376494646072388,1.3376494646072388,1.3376494646072388,1.3376494646072388,0.0
2026-09-21 06:01:00+00:00,1.3375779390335083,1.3375779390335083,1.3375779390335083,1.3375779390335083,0.0
2026-09-21 06:02:00+00:00,1.3375779390335083,1.3375779390335083,1.3375779390335083,1.3375779390335083,0.0
2026-09-21 06:03:00+00:00,1.3374168872833252,1.3374168872833252,1.3374168872833252,1.3374168872833252,0.0
2026-09-21 06:04:00+00:00,1.33738112449646,1.33738112449646,1.33738112449646,1.33738112449646,0.0
2026-09-21 06:05:00+00:00,1.337363362312317,1.337363362312317,1.337363362312317,1.337363362312317,0.0
2026-09-21 06:06:00+00:00,1.3374168872833252,1.3374168872833252,1.3374168872833252,1.3374168872833252,0.0
2026-09-21 06:07:00+00:00,1.3373990058898926,1.3373990058898926,1.3373990058898926,1.3373990058898926,0.0
2026-09-21 06:08:00+00:00,1.3374168872833252,1.3374168872833252,1.3374168872833252,1.3374168872833252,0.0
2026-09-21 06:09:00+00:00,1.33738112449646,1.33738112449646,1.33738112449646,1.33738112449646,0.0
2026-09-21 06:10:00+00:00,1.3374168872833252,1.3374168872833252,1.3374168872833252,1.3374168872833252,0.0
2026-09-21 06:11:00+00:00,1.3374348878860474,1.3374348878860474,1.3374348878860474,1.3374348878860474,0.0
2026-09-21 06:12:00+00:00,1.337470531463623,1.337470531463623,1.337470531463623,1.337470531463623,0.0
2026-09-21 06:13:00+00:00,1.33738112449646,1.33738112449646,1.33738112449646,1.33738112449646,0.0
2026-09-21 06:14:00+00:00,1.3375064134597778,1.3375064134597778,1.3375064134597778,1.3375064134597778,0.0
2026-09-21 06:15:00+00:00,1.3374885320663452,1.3374885320663452,1.3374885320663452,1.3374885320663452,0.0
2026-09-21 06:16:00+00:00,1.3375064134597778,1.3375064134597778,1.3375064134597778,1.3375064134597778,0.0
2026-09-21 06:17:00+00:00,1.337470531463623,1.337470531463623,1.337470531463623,1.337470531463623,0.0
2026-09-21 06:18:00+00:00,1.3374168872833252,1.3374168872833252,1.3374168872833252,1.3374168872833252,0.0
2026-09-21 06:19:00+00:00,1.3375064134597778,1.3375064134597778,1.3375064134597778,1.3375064134597778,0.0
2026-09-21 06:20:00+00:00,1.3374526500701904,1.3374526500701904,1.3374526500701904,1.3374526500701904,0.0
2026-09-21 06:21:00+00:00,1.3375064134597778,1.3375064134597778,1.3375064134597778,1.3375064134597778,0.0
2026-09-21 06:22:00+00:00,1.3375064134597778,1.3375064134597778,1.3375064134597778,1.3375064134597778,0.0
2026-09-21 06:23:00+00:00,1.3376315832138062,1.3376315832138062,1.3376315832138062,1.3376315832138062,0.0
2026-09-21 06:24:00+00:00,1.3377211093902588,1.3377211093902588,1.3377211093902588,1.3377211093902588,0.0
2026-09-21 06:25:00+00:00,1.3377389907836914,1.3377389907836914,1.3377389907836914,1.3377389907836914,0.0
2026-09-21 06:26:00+00:00,1.3377211093902588,1.3377211093902588,1.3377211093902588,1.3377211093902588,0.0
2026-09-21 06:27:00+00:00,1.337828516960144,1.337828516960144,1.337828516960144,1.337828516960144,0.0
2026-09-21 06:28:00+00:00,1.337828516960144,1.337828516960144,1.337828516960144,1.337828516960144,0.0
2026-09-21 06:29:00+00:00,1.3379179239273071,1.3379179239273071,1.3379179239273071,1.3379179239273071,0.0
2026-09-21 06:30:00+00:00,1.3379179239273071,1.3379179239273071,1.3379179239273071,1.3379179239273071,0.0
2026-09-21 06:31:00+00:00,1.337846279144287,1.337846279144287,1.337846279144287,1.337846279144287,0.0
2026-09-21 06:32:00+00:00,1.3378105163574219,1.3378105163574219,1.3378105163574219,1.3378105163574219,0.0
2026-09-21 06:33:00+00:00,1.3379000425338745,1.3379000425338745,1.3379000425338745,1.3379000425338745,0.0
2026-09-21 06:34:00+00:00,1.3378105163574219,1.3378105163574219,1.3378105163574219,1.3378105163574219,0.0
2026-09-21 06:35:00+00:00,1.3378641605377197,1.3378641605377197,1.3378641605377197,1.3378641605377197,0.0
2026-09-21 06:36:00+00:00,1.3378105163574219,1.3378105163574219,1.3378105163574219,1.3378105163574219,0.0
2026-09-21 06:37:00+00:00,1.337828516960144,1.337828516960144,1.337828516960144,1.337828516960144,0.0
2026-09-21 06:38:00+00:00,1.3378105163574219,1.3378105163574219,1.3378105163574219,1.3378105163574219,0.0
2026-09-21 06:39:00+00:00,1.337828516960144,1.337828516960144,1.337828516960144,1.337828516960144,0.0
2026-09-21 06:40:00+00:00,1.337828516960144,1.337828516960144,1.337828516960144,1.337828516960144,0.0
2026-09-21 06:41:00+00:00,1.3380253314971924,1.3380253314971924,1.3380253314971924,1.3380253314971924,0.0
2026-09-21 06:42:00+00:00,1.337882161140442,1.337882161140442,1.337882161140442,1.337882161140442,0.0
2026-09-21 06:43:00+00:00,1.3379179239273071,1.3379179239273071,1.3379179239273071,1.3379179239273071,0.0
2026-09-21 06:44:00+00:00,1.3379536867141724,1.3379536867141724,1.3379536867141724,1.3379536867141724,0.0
2026-09-21 06:45:00+00:00,1.3380253314971924,1.3380253314971924,1.3380253314971924,1.3380253314971924,0.0
2026-09-21 06:46:00+00:00,1.3380789756774902,1.3380789756774902,1.3380789756774902,1.3380789756774902,0.0
2026-09-21 06:47:00+00:00,1.338311791419983,1.338311791419983,1.338311791419983,1.338311791419983,0.0
2026-09-21 06:48:00+00:00,1.338329792022705,1.338329792022705,1.338329792022705,1.338329792022705,0.0
2026-09-21 06:49:00+00:00,1.338258147239685,1.338258147239685,1.338258147239685,1.338258147239685,0.0
2026-09-21 06:50:00+00:00,1.3382940292358398,1.3382940292358398,1.3382940292358398,1.3382940292358398,0.0
2026-09-21 06:51:00+00:00,1.338329792022705,1.338329792022705,1.338329792022705,1.338329792022705,0.0
2026-09-21 06:52:00+00:00,1.3383476734161377,1.3383476734161377,1.3383476734161377,1.3383476734161377,0.0
2026-09-21 06:53:00+00:00,1.3381685018539429,1.3381685018539429,1.3381685018539429,1.3381685018539429,0.0
2026-09-21 06:54:00+00:00,1.338186502456665,1.338186502456665,1.338186502456665,1.338186502456665,0.0
2026-09-21 06:55:00+00:00,1.3380969762802124,1.3380969762802124,1.3380969762802124,1.3380969762802124,0.0
2026-09-21 06:56:00+00:00,1.3381328582763672,1.3381328582763672,1.3381328582763672,1.3381328582763672,0.0
2026-09-21 06:57:00+00:00,1.338043212890625,1.338043212890625,1.338043212890625,1.338043212890625,0.0
2026-09-21 06:58:00+00:00,1.3377389907836914,1.3377389907836914,1.3377389907836914,1.3377389907836914,0.0
2026-09-21 06:59:00+00:00,1.3377747535705566,1.3377747535705566,1.3377747535705566,1.3377747535705566,0.0
2026-09-21 07:00:00+00:00,1.3377211093902588,1.3377211093902588,1.3377211093902588,1.3377211093902588,0.0
2026-09-21 07:01:00+00:00,1.3373095989227295,1.3373095989227295,1.3373095989227295,1.3373095989227295,0.0
2026-09-21 07:02:00+00:00,1.3372201919555664,1.3372201919555664,1.3372201919555664,1.3372201919555664,0.0
2026-09-21 07:03:00+00:00,1.3371844291687012,1.3371844291687012,1.3371844291687012,1.3371844291687012,0.0
2026-09-21 07:04:00+00:00,1.3371844291687012,1.3371844291687012,1.3371844291687012,1.3371844291687012,0.0
2026-09-21 07:05:00+00:00,1.337238073348999,1.337238073348999,1.337238073348999,1.337238073348999,0.0
2026-09-21 07:06:00+00:00,1.3372559547424316,1.3372559547424316,1.3372559547424316,1.3372559547424316,0.0
2026-09-21 07:07:00+00:00,1.3372023105621338,1.3372023105621338,1.3372023105621338,1.3372023105621338,0.0
2026-09-21 07:08:00+00:00,1.3371844291687012,1.3371844291687012,1.3371844291687012,1.3371844291687012,0.0
2026-09-21 07:09:00+00:00,1.3372201919555664,1.3372201919555664,1.3372201919555664,1.3372201919555664,0.0
2026-09-21 07:10:00+00:00,1.3371307849884033,1.3371307849884033,1.3371307849884033,1.3371307849884033,0.0
2026-09-21 07:11:00+00:00,1.3369877338409424,1.3369877338409424,1.3369877338409424,1.3369877338409424,0.0
2026-09-21 07:12:00+00:00,1.3370771408081055,1.3370771408081055,1.3370771408081055,1.3370771408081055,0.0
2026-09-21 07:13:00+00:00,1.3369520902633667,1.3369520902633667,1.3369520902633667,1.3369520902633667,0.0
2026-09-21 07:14:00+00:00,1.3371129035949707,1.3371129035949707,1.3371129035949707,1.3371129035949707,0.0
2026-09-21 07:15:00+00:00,1.337238073348999,1.337238073348999,1.337238073348999,1.337238073348999,0.0
2026-09-21 07:16:00+00:00,1.3372917175292969,1.3372917175292969,1.3372917175292969,1.3372917175292969,0.0
2026-09-21 07:17:00+00:00,1.3374168872833252,1.3374168872833252,1.3374168872833252,1.3374168872833252,0.0
2026-09-21 07:18:00+00:00,1.3373990058898926,1.3373990058898926,1.3373990058898926,1.3373990058898926,0.0
2026-09-21 07:19:00+00:00,1.337524175643921,1.337524175643921,1.337524175643921,1.337524175643921,0.0
2026-09-21 07:20:00+00:00,1.337524175643921,1.337524175643921,1.337524175643921,1.337524175643921,0.0
2026-09-21 07:21:00+00:00,1.3376315832138062,1.3376315832138062,1.3376315832138062,1.3376315832138062,0.0
2026-09-21 07:22:00+00:00,1.337667465209961,1.337667465209961,1.337667465209961,1.337667465209961,0.0
2026-09-21 07:23:00+00:00,1.3377211093902588,1.3377211093902588,1.3377211093902588,1.3377211093902588,0.0
2026-09-21 07:24:00+00:00,1.337828516960144,1.337828516960144,1.337828516960144,1.337828516960144,0.0
2026-09-21 07:25:00+00:00,1.3377747535705566,1.3377747535705566,1.3377747535705566,1.3377747535705566,0.0
2026-09-21 07:26:00+00:00,1.3377211093902588,1.3377211093902588,1.3377211093902588,1.3377211093902588,0.0
2026-09-21 07:27:00+00:00,1.337846279144287,1.337846279144287,1.337846279144287,1.337846279144287,0.0
2026-09-21 07:28:00+00:00,1.3379358053207397,1.3379358053207397,1.3379358053207397,1.3379358053207397,0.0
2026-09-21 07:29:00+00:00,1.3379179239273071,1.3379179239273071,1.3379179239273071,1.3379179239273071,0.0
2026-09-21 07:30:00+00:00,1.3379179239273071,1.3379179239273071,1.3379179239273071,1.3379179239273071,0.0
2026-09-21 07:31:00+00:00,1.3379179239273071,1.3379179239273071,1.3379179239273071,1.3379179239273071,0.0
2026-09-21 07:32:00+00:00,1.3380253314971924,1.3380253314971924,1.3380253314971924,1.3380253314971924,0.0
2026-09-21 07:33:00+00:00,1.3379179239273071,1.3379179239273071,1.3379179239273071,1.3379179239273071,0.0
2026-09-21 07:34:00+00:00,1.3380253314971924,1.3380253314971924,1.3380253314971924,1.3380253314971924,0.0
2026-09-21 07:35:00+00:00,1.3380074501037598,1.3380074501037598,1.3380074501037598,1.3380074501037598,0.0
2026-09-21 07:36:00+00:00,1.3379358053207397,1.3379358053207397,1.3379358053207397,1.3379358053207397,0.0
2026-09-21 07:37:00+00:00,1.3377389907836914,1.3377389907836914,1.3377389907836914,1.3377389907836914,0.0
2026-09-21 07:38:00+00:00,1.3376494646072388,1.3376494646072388,1.3376494646072388,1.3376494646072388,0.0
2026-09-21 07:39:00+00:00,1.3377031087875366,1.3377031087875366,1.3377031087875366,1.3377031087875366,0.0
2026-09-21 07:40:00+00:00,1.3378105163574219,1.3378105163574219,1.3378105163574219,1.3378105163574219,0.0
2026-09-21 07:41:00+00:00,1.3378641605377197,1.3378641605377197,1.3378641605377197,1.3378641605377197,0.0
2026-09-21 07:42:00+00:00,1.3377926349639893,1.3377926349639893,1.3377926349639893,1.3377926349639893,0.0
2026-09-21 07:43:00+00:00,1.3377926349639893,1.3377926349639893,1.3377926349639893,1.3377926349639893,0.0
2026-09-21 07:44:00+00:00,1.337828516960144,1.337828516960144,1.337828516960144,1.337828516960144,0.0
2026-09-21 07:45:00+00:00,1.3379179239273071,1.3379179239273071,1.3379179239273071,1.3379179239273071,0.0
2026-09-21 07:46:00+00:00,1.3379358053207397,1.3379358053207397,1.3379358053207397,1.3379358053207397,0.0
2026-09-21 07:47:00+00:00,1.3379358053207397,1.3379358053207397,1.3379358053207397,1.3379358053207397,0.0
2026-09-21 07:48:00+00:00,1.3379358053207397,1.3379358053207397,1.3379358053207397,1.3379358053207397,0.0
2026-09-21 07:49:00+00:00,1.338240146636963,1.338240146636963,1.338240146636963,1.338240146636963,0.0
2026-09-21 07:50:00+00:00,1.3381506204605103,1.3381506204605103,1.3381506204605103,1.3381506204605103,0.0
2026-09-21 07:51:00+00:00,1.338114857673645,1.338114857673645,1.338114857673645,1.338114857673645,0.0
2026-09-21 07:52:00+00:00,1.338114857673645,1.338114857673645,1.338114857673645,1.338114857673645,0.0
2026-09-21 07:53:00+00:00,1.3382043838500977,1.3382043838500977,1.3382043838500977,1.3382043838500977,0.0
2026-09-21 07:54:00+00:00,1.3381328582763672,1.3381328582763672,1.3381328582763672,1.3381328582763672,0.0
2026-09-21 07:55:00+00:00,1.3380969762802124,1.3380969762802124,1.3380969762802124,1.3380969762802124,0.0
2026-09-21 07:56:00+00:00,1.338186502456665,1.338186502456665,1.338186502456665,1.338186502456665,0.0
2026-09-21 07:57:00+00:00,1.3382223844528198,1.3382223844528198,1.3382223844528198,1.3382223844528198,0.0
2026-09-21 07:58:00+00:00,1.338114857673645,1.338114857673645,1.338114857673645,1.338114857673645,0.0
2026-09-21 07:59:00+00:00,1.3380612134933472,1.3380612134933472,1.3380612134933472,1.3380612134933472,0.0
2026-09-21 08:00:00+00:00,1.338114857673645,1.338114857673645,1.338114857673645,1.338114857673645,0.0
2026-09-21 08:01:00+00:00,1.3380789756774902,1.3380789756774902,1.3380789756774902,1.3380789756774902,0.0
2026-09-21 08:02:00+00:00,1.338114857673645,1.338114857673645,1.338114857673645,1.338114857673645,0.0
2026-09-21 08:03:00+00:00,1.3380612134933472,1.3380612134933472,1.3380612134933472,1.3380612134933472,0.0
2026-09-21 08:04:00+00:00,1.338114857673645,1.338114857673645,1.338114857673645,1.338114857673645,0.0
2026-09-21 08:05:00+00:00,1.338186502456665,1.338186502456665,1.338186502456665,1.338186502456665,0.0
2026-09-21 08:06:00+00:00,1.3381506204605103,1.3381506204605103,1.3381506204605103,1.3381506204605103,0.0
2026-09-21 08:07:00+00:00,1.3382223844528198,1.3382223844528198,1.3382223844528198,1.3382223844528198,0.0
2026-09-21 08:08:00+00:00,1.3380969762802124,1.3380969762802124,1.3380969762802124,1.3380969762802124,0.0
2026-09-21 08:09:00+00:00,1.3382760286331177,1.3382760286331177,1.3382760286331177,1.3382760286331177,0.0
2026-09-21 08:10:00+00:00,1.3384552001953125,1.3384552001953125,1.3384552001953125,1.3384552001953125,0.0
2026-09-21 08:11:00+00:00,1.3385268449783325,1.3385268449783325,1.3385268449783325,1.3385268449783325,0.0
2026-09-21 08:12:00+00:00,1.33858060836792,1.33858060836792,1.33858060836792,1.33858060836792,0.0
2026-09-21 08:13:00+00:00,1.33865225315094,1.33865225315094,1.33865225315094,1.33865225315094,0.0
2026-09-21 08:14:00+00:00,1.3386164903640747,1.3386164903640747,1.3386164903640747,1.3386164903640747,0.0
2026-09-21 08:15:00+00:00,1.3384730815887451,1.3384730815887451,1.3384730815887451,1.3384730815887451,0.0
2026-09-21 08:16:00+00:00,1.3384371995925903,1.3384371995925903,1.3384371995925903,1.3384371995925903,0.0
2026-09-21 08:17:00+00:00,1.3385447263717651,1.3385447263717651,1.3385447263717651,1.3385447263717651,0.0
2026-09-21 08:18:00+00:00,1.3385447263717651,1.3385447263717651,1.3385447263717651,1.3385447263717651,0.0
2026-09-21 08:19:00+00:00,1.3384371995925903,1.3384371995925903,1.3384371995925903,1.3384371995925903,0.0
2026-09-21 08:20:00+00:00,1.3384371995925903,1.3384371995925903,1.3384371995925903,1.3384371995925903,0.0
2026-09-21 08:21:00+00:00,1.3385447263717651,1.3385447263717651,1.3385447263717651,1.3385447263717651,0.0
2026-09-21 08:22:00+00:00,1.3385447263717651,1.3385447263717651,1.3385447263717651,1.3385447263717651,0.0
2026-09-21 08:23:00+00:00,1.3384552001953125,1.3384552001953125,1.3384552001953125,1.3384552001953125,0.0
2026-09-21 08:24:00+00:00,1.3384909629821777,1.3384909629821777,1.3384909629821777,1.3384909629821777,0.0
2026-09-21 08:25:00+00:00,1.3384552001953125,1.3384552001953125,1.3384552001953125,1.3384552001953125,0.0
2026-09-21 08:26:00+00:00,1.3385626077651978,1.3385626077651978,1.3385626077651978,1.3385626077651978,0.0
2026-09-21 08:27:00+00:00,1.33858060836792,1.33858060836792,1.33858060836792,1.33858060836792,0.0
2026-09-21 08:28:00+00:00,1.3385089635849,1.3385089635849,1.3385089635849,1.3385089635849,0.0
2026-09-21 08:29:00+00:00,1.3385447263717651,1.3385447263717651,1.3385447263717651,1.3385447263717651,0.0
2026-09-21 08:30:00+00:00,1.3385268449783325,1.3385268449783325,1.3385268449783325,1.3385268449783325,0.0
2026-09-21 08:31:00+00:00,1.3385447263717651,1.3385447263717651,1.3385447263717651,1.3385447263717651,0.0
2026-09-21 08:32:00+00:00,1.33872389793396,1.33872389793396,1.33872389793396,1.33872389793396,0.0
2026-09-21 08:33:00+00:00,1.3387597799301147,1.3387597799301147,1.3387597799301147,1.3387597799301147,0.0
2026-09-21 08:34:00+00:00,1.3387597799301147,1.3387597799301147,1.3387597799301147,1.3387597799301147,0.0
2026-09-21 08:35:00+00:00,1.3388315439224243,1.3388315439224243,1.3388315439224243,1.3388315439224243,0.0
2026-09-21 08:36:00+00:00,1.33872389793396,1.33872389793396,1.33872389793396,1.33872389793396,0.0
2026-09-21 08:37:00+00:00,1.3385984897613525,1.3385984897613525,1.3385984897613525,1.3385984897613525,0.0
2026-09-21 08:38:00+00:00,1.3384730815887451,1.3384730815887451,1.3384730815887451,1.3384730815887451,0.0
2026-09-21 08:39:00+00:00,1.3386164903640747,1.3386164903640747,1.3386164903640747,1.3386164903640747,0.0
2026-09-21 08:40:00+00:00,1.3386164903640747,1.3386164903640747,1.3386164903640747,1.3386164903640747,0.0
2026-09-21 08:41:00+00:00,1.3387060165405273,1.3387060165405273,1.3387060165405273,1.3387060165405273,0.0
2026-09-21 08:42:00+00:00,1.3387418985366821,1.3387418985366821,1.3387418985366821,1.3387418985366821,0.0
2026-09-21 08:43:00+00:00,1.33872389793396,1.33872389793396,1.33872389793396,1.33872389793396,0.0
2026-09-21 08:44:00+00:00,1.3387060165405273,1.3387060165405273,1.3387060165405273,1.3387060165405273,0.0
2026-09-21 08:45:00+00:00,1.33865225315094,1.33865225315094,1.33865225315094,1.33865225315094,0.0
2026-09-21 08:46:00+00:00,1.3388851881027222,1.3388851881027222,1.3388851881027222,1.3388851881027222,0.0
2026-09-21 08:47:00+00:00,1.338849425315857,1.338849425315857,1.338849425315857,1.338849425315857,0.0
2026-09-21 08:48:00+00:00,1.33879554271698,1.33879554271698,1.33879554271698,1.33879554271698,0.0
2026-09-21 08:49:00+00:00,1.338849425315857,1.338849425315857,1.338849425315857,1.338849425315857,0.0
2026-09-21 08:50:00+00:00,1.3388135433197021,1.3388135433197021,1.3388135433197021,1.3388135433197021,0.0
2026-09-21 08:51:00+00:00,1.3387597799301147,1.3387597799301147,1.3387597799301147,1.3387597799301147,0.0
2026-09-21 08:52:00+00:00,1.33872389793396,1.33872389793396,1.33872389793396,1.33872389793396,0.0
2026-09-21 08:53:00+00:00,1.33872389793396,1.33872389793396,1.33872389793396,1.33872389793396,0.0
2026-09-21 08:54:00+00:00,1.3387060165405273,1.3387060165405273,1.3387060165405273,1.3387060165405273,0.0
2026-09-21 08:55:00+00:00,1.3384730815887451,1.3384730815887451,1.3384730815887451,1.3384730815887451,0.0
2026-09-21 08:56:00+00:00,1.3384193181991577,1.3384193181991577,1.3384193181991577,1.3384193181991577,0.0
2026-09-21 08:57:00+00:00,1.338258147239685,1.338258147239685,1.338258147239685,1.338258147239685,0.0
2026-09-21 08:58:00+00:00,1.3383656740188599,1.3383656740188599,1.3383656740188599,1.3383656740188599,0.0
2026-09-21 08:59:00+00:00,1.338311791419983,1.338311791419983,1.338311791419983,1.338311791419983,0.0
2026-09-21 09:00:00+00:00,1.3383476734161377,1.3383476734161377,1.3383476734161377,1.3383476734161377,0.0
2026-09-21 09:01:00+00:00,1.338401436805725,1.338401436805725,1.338401436805725,1.338401436805725,0.0
2026-09-21 09:02:00+00:00,1.338311791419983,1.338311791419983,1.338311791419983,1.338311791419983,0.0
2026-09-21 09:03:00+00:00,1.3382760286331177,1.3382760286331177,1.3382760286331177,1.3382760286331177,0.0
2026-09-21 09:04:00+00:00,1.3382940292358398,1.3382940292358398,1.3382940292358398,1.3382940292358398,0.0
2026-09-21 09:05:00+00:00,1.3382940292358398,1.3382940292358398,1.3382940292358398,1.3382940292358398,0.0
2026-09-21 09:06:00+00:00,1.3383835554122925,1.3383835554122925,1.3383835554122925,1.3383835554122925,0.0
2026-09-21 09:07:00+00:00,1.3384193181991577,1.3384193181991577,1.3384193181991577,1.3384193181991577,0.0
2026-09-21 09:08:00+00:00,1.33858060836792,1.33858060836792,1.33858060836792,1.33858060836792,0.0
2026-09-21 09:09:00+00:00,1.3386164903640747,1.3386164903640747,1.3386164903640747,1.3386164903640747,0.0
2026-09-21 09:10:00+00:00,1.3385626077651978,1.3385626077651978,1.3385626077651978,1.3385626077651978,0.0
2026-09-21 09:11:00+00:00,1.3385089635849,1.3385089635849,1.3385089635849,1.3385089635849,0.0
2026-09-21 09:12:00+00:00,1.3385268449783325,1.3385268449783325,1.3385268449783325,1.3385268449783325,0.0
2026-09-21 09:13:00+00:00,1.3385626077651978,1.3385626077651978,1.3385626077651978,1.3385626077651978,0.0
2026-09-21 09:14:00+00:00,1.3385268449783325,1.3385268449783325,1.3385268449783325,1.3385268449783325,0.0
2026-09-21 09:15:00+00:00,1.3387418985366821,1.3387418985366821,1.3387418985366821,1.3387418985366821,0.0
2026-09-21 09:16:00+00:00,1.3385984897613525,1.3385984897613525,1.3385984897613525,1.3385984897613525,0.0
2026-09-21 09:17:00+00:00,1.33872389793396,1.33872389793396,1.33872389793396,1.33872389793396,0.0
2026-09-21 09:18:00+00:00,1.33872389793396,1.33872389793396,1.33872389793396,1.33872389793396,0.0
2026-09-21 09:19:00+00:00,1.3386164903640747,1.3386164903640747,1.3386164903640747,1.3386164903640747,0.0
2026-09-21 09:20:00+00:00,1.3386164903640747,1.3386164903640747,1.3386164903640747,1.3386164903640747,0.0
2026-09-21 09:21:00+00:00,1.3385268449783325,1.3385268449783325,1.3385268449783325,1.3385268449783325,0.0
2026-09-21 09:22:00+00:00,1.33858060836792,1.33858060836792,1.33858060836792,1.33858060836792,0.0
2026-09-21 09:23:00+00:00,1.3385268449783325,1.3385268449783325,1.3385268449783325,1.3385268449783325,0.0
2026-09-21 09:24:00+00:00,1.3386164903640747,1.3386164903640747,1.3386164903640747,1.3386164903640747,0.0
2026-09-21 09:25:00+00:00,1.3385089635849,1.3385089635849,1.3385089635849,1.3385089635849,0.0
2026-09-21 09:26:00+00:00,1.3384909629821777,1.3384909629821777,1.3384909629821777,1.3384909629821777,0.0
2026-09-21 09:27:00+00:00,1.3384371995925903,1.3384371995925903,1.3384371995925903,1.3384371995925903,0.0
2026-09-21 09:28:00+00:00,1.3383835554122925,1.3383835554122925,1.3383835554122925,1.3383835554122925,0.0
2026-09-21 09:29:00+00:00,1.338401436805725,1.338401436805725,1.338401436805725,1.338401436805725,0.0
2026-09-21 09:30:00+00:00,1.3383656740188599,1.3383656740188599,1.3383656740188599,1.3383656740188599,0.0
2026-09-21 09:31:00+00:00,1.3384193181991577,1.3384193181991577,1.3384193181991577,1.3384193181991577,0.0
2026-09-21 09:32:00+00:00,1.338311791419983,1.338311791419983,1.338311791419983,1.338311791419983,0.0
2026-09-21 09:33:00+00:00,1.3383476734161377,1.3383476734161377,1.3383476734161377,1.3383476734161377,0.0
2026-09-21 09:34:00+00:00,1.338311791419983,1.338311791419983,1.338311791419983,1.338311791419983,0.0
2026-09-21 09:35:00+00:00,1.338258147239685,1.338258147239685,1.338258147239685,1.338258147239685,0.0
2026-09-21 09:36:00+00:00,1.338311791419983,1.338311791419983,1.338311791419983,1.338311791419983,0.0
2026-09-21 09:37:00+00:00,1.3383835554122925,1.3383835554122925,1.3383835554122925,1.3383835554122925,0.0
2026-09-21 09:38:00+00:00,1.3384909629821777,1.3384909629821777,1.3384909629821777,1.3384909629821777,0.0
2026-09-21 09:39:00+00:00,1.3385268449783325,1.3385268449783325,1.3385268449783325,1.3385268449783325,0.0
2026-09-21 09:40:00+00:00,1.3385984897613525,1.3385984897613525,1.3385984897613525,1.3385984897613525,0.0
2026-09-21 09:41:00+00:00,1.3386164903640747,1.3386164903640747,1.3386164903640747,1.3386164903640747,0.0
2026-09-21 09:42:00+00:00,1.3385447263717651,1.3385447263717651,1.3385447263717651,1.3385447263717651,0.0
2026-09-21 09:43:00+00:00,1.3386164903640747,1.3386164903640747,1.3386164903640747,1.3386164903640747,0.0
2026-09-21 09:44:00+00:00,1.3385447263717651,1.3385447263717651,1.3385447263717651,1.3385447263717651,0.0
2026-09-21 09:45:00+00:00,1.3383835554122925,1.3383835554122925,1.3383835554122925,1.3383835554122925,0.0
2026-09-21 09:46:00+00:00,1.338258147239685,1.338258147239685,1.338258147239685,1.338258147239685,0.0
2026-09-21 09:47:00+00:00,1.3381685018539429,1.3381685018539429,1.3381685018539429,1.3381685018539429,0.0
2026-09-21 09:48:00+00:00,1.3380969762802124,1.3380969762802124,1.3380969762802124,1.3380969762802124,0.0
2026-09-21 09:49:00+00:00,1.3381328582763672,1.3381328582763672,1.3381328582763672,1.3381328582763672,0.0
2026-09-21 09:50:00+00:00,1.338114857673645,1.338114857673645,1.338114857673645,1.338114857673645,0.0
2026-09-21 09:51:00+00:00,1.338114857673645,1.338114857673645,1.338114857673645,1.338114857673645,0.0
2026-09-21 09:52:00+00:00,1.338240146636963,1.338240146636963,1.338240146636963,1.338240146636963,0.0
2026-09-21 09:53:00+00:00,1.3382223844528198,1.3382223844528198,1.3382223844528198,1.3382223844528198,0.0
2026-09-21 09:54:00+00:00,1.338329792022705,1.338329792022705,1.338329792022705,1.338329792022705,0.0
2026-09-21 09:55:00+00:00,1.3384371995925903,1.3384371995925903,1.3384371995925903,1.3384371995925903,0.0
2026-09-21 09:56:00+00:00,1.3383835554122925,1.3383835554122925,1.3383835554122925,1.3383835554122925,0.0
2026-09-21 09:57:00+00:00,1.338186502456665,1.338186502456665,1.338186502456665,1.338186502456665,0.0
2026-09-21 09:58:00+00:00,1.3382043838500977,1.3382043838500977,1.3382043838500977,1.3382043838500977,0.0
2026-09-21 09:59:00+00:00,1.338329792022705,1.338329792022705,1.338329792022705,1.338329792022705,0.0
2026-09-21 10:00:00+00:00,1.3384193181991577,1.3384193181991577,1.3384193181991577,1.3384193181991577,0.0
2026-09-21 10:01:00+00:00,1.3383835554122925,1.3383835554122925,1.3383835554122925,1.3383835554122925,0.0
2026-09-21 10:02:00+00:00,1.338329792022705,1.338329792022705,1.338329792022705,1.338329792022705,0.0
2026-09-21 10:03:00+00:00,1.3385447263717651,1.3385447263717651,1.3385447263717651,1.3385447263717651,0.0
2026-09-21 10:04:00+00:00,1.3384552001953125,1.3384552001953125,1.3384552001953125,1.3384552001953125,0.0
2026-09-21 10:05:00+00:00,1.3384371995925903,1.3384371995925903,1.3384371995925903,1.3384371995925903,0.0
2026-09-21 10:06:00+00:00,1.3384193181991577,1.3384193181991577,1.3384193181991577,1.3384193181991577,0.0
2026-09-21 10:07:00+00:00,1.3384193181991577,1.3384193181991577,1.3384193181991577,1.3384193181991577,0.0
2026-09-21 10:08:00+00:00,1.3384193181991577,1.3384193181991577,1.3384193181991577,1.3384193181991577,0.0
2026-09-21 10:09:00+00:00,1.338401436805725,1.338401436805725,1.338401436805725,1.338401436805725,0.0
2026-09-21 10:10:00+00:00,1.3385089635849,1.3385089635849,1.3385089635849,1.3385089635849,0.0
2026-09-21 10:11:00+00:00,1.3384193181991577,1.3384193181991577,1.3384193181991577,1.3384193181991577,0.0
2026-09-21 10:12:00+00:00,1.3384371995925903,1.3384371995925903,1.3384371995925903,1.3384371995925903,0.0
2026-09-21 10:13:00+00:00,1.3384552001953125,1.3384552001953125,1.3384552001953125,1.3384552001953125,0.0
2026-09-21 10:14:00+00:00,1.3385626077651978,1.3385626077651978,1.3385626077651978,1.3385626077651978,0.0
2026-09-21 10:15:00+00:00,1.3384371995925903,1.3384371995925903,1.3384371995925903,1.3384371995925903,0.0
2026-09-21 10:16:00+00:00,1.3385089635849,1.3385089635849,1.3385089635849,1.3385089635849,0.0
2026-09-21 10:17:00+00:00,1.3384371995925903,1.3384371995925903,1.3384371995925903,1.3384371995925903,0.0
2026-09-21 10:18:00+00:00,1.3383835554122925,1.3383835554122925,1.3383835554122925,1.3383835554122925,0.0
2026-09-21 10:19:00+00:00,1.3384371995925903,1.3384371995925903,1.3384371995925903,1.3384371995925903,0.0
2026-09-21 10:20:00+00:00,1.338401436805725,1.338401436805725,1.338401436805725,1.338401436805725,0.0
2026-09-21 10:21:00+00:00,1.338401436805725,1.338401436805725,1.338401436805725,1.338401436805725,0.0
2026-09-21 10:22:00+00:00,1.3384193181991577,1.3384193181991577,1.3384193181991577,1.3384193181991577,0.0
2026-09-21 10:23:00+00:00,1.3384193181991577,1.3384193181991577,1.3384193181991577,1.3384193181991577,0.0
2026-09-21 10:24:00+00:00,1.338401436805725,1.338401436805725,1.338401436805725,1.338401436805725,0.0
2026-09-21 10:25:00+00:00,1.3384552001953125,1.3384552001953125,1.3384552001953125,1.3384552001953125,0.0
2026-09-21 10:26:00+00:00,1.338401436805725,1.338401436805725,1.338401436805725,1.338401436805725,0.0
2026-09-21 10:27:00+00:00,1.3384552001953125,1.3384552001953125,1.3384552001953125,1.3384552001953125,0.0
2026-09-21 10:28:00+00:00,1.3384730815887451,1.3384730815887451,1.3384730815887451,1.3384730815887451,0.0
2026-09-21 10:29:00+00:00,1.3384909629821777,1.3384909629821777,1.3384909629821777,1.3384909629821777,0.0
2026-09-21 10:30:00+00:00,1.3383476734161377,1.3383476734161377,1.3383476734161377,1.3383476734161377,0.0
2026-09-21 10:31:00+00:00,1.338329792022705,1.338329792022705,1.338329792022705,1.338329792022705,0.0
2026-09-21 10:32:00+00:00,1.338311791419983,1.338311791419983,1.338311791419983,1.338311791419983,0.0
2026-09-21 10:33:00+00:00,1.338258147239685,1.338258147239685,1.338258147239685,1.338258147239685,0.0
2026-09-21 10:34:00+00:00,1.3380789756774902,1.3380789756774902,1.3380789756774902,1.3380789756774902,0.0
2026-09-21 10:35:00+00:00,1.338240146636963,1.338240146636963,1.338240146636963,1.338240146636963,0.0
2026-09-21 10:36:00+00:00,1.3382223844528198,1.3382223844528198,1.3382223844528198,1.3382223844528198,0.0
2026-09-21 10:37:00+00:00,1.3382223844528198,1.3382223844528198,1.3382223844528198,1.3382223844528198,0.0
2026-09-21 10:38:00+00:00,1.338329792022705,1.338329792022705,1.338329792022705,1.338329792022705,0.0
2026-09-21 10:39:00+00:00,1.3384193181991577,1.3384193181991577,1.3384193181991577,1.3384193181991577,0.0
2026-09-21 10:40:00+00:00,1.3384193181991577,1.3384193181991577,1.3384193181991577,1.3384193181991577,0.0
2026-09-21 10:41:00+00:00,1.3385089635849,1.3385089635849,1.3385089635849,1.3385089635849,0.0
2026-09-21 10:42:00+00:00,1.3384909629821777,1.3384909629821777,1.3384909629821777,1.3384909629821777,0.0
2026-09-21 10:43:00+00:00,1.3385089635849,1.3385089635849,1.3385089635849,1.3385089635849,0.0
2026-09-21 10:44:00+00:00,1.3384552001953125,1.3384552001953125,1.3384552001953125,1.3384552001953125,0.0
2026-09-21 10:45:00+00:00,1.3384730815887451,1.3384730815887451,1.3384730815887451,1.3384730815887451,0.0
2026-09-21 10:46:00+00:00,1.338311791419983,1.338311791419983,1.338311791419983,1.338311791419983,0.0
2026-09-21 10:47:00+00:00,1.338311791419983,1.338311791419983,1.338311791419983,1.338311791419983,0.0
2026-09-21 10:48:00+00:00,1.338311791419983,1.338311791419983,1.338311791419983,1.338311791419983,0.0
2026-09-21 10:49:00+00:00,1.3382940292358398,1.3382940292358398,1.3382940292358398,1.3382940292358398,0.0
2026-09-21 10:50:00+00:00,1.338186502456665,1.338186502456665,1.338186502456665,1.338186502456665,0.0
2026-09-21 10:51:00+00:00,1.338311791419983,1.338311791419983,1.338311791419983,1.338311791419983,0.0
2026-09-21 10:52:00+00:00,1.338114857673645,1.338114857673645,1.338114857673645,1.338114857673645,0.0
2026-09-21 10:53:00+00:00,1.338186502456665,1.338186502456665,1.338186502456665,1.338186502456665,0.0
2026-09-21 10:54:00+00:00,1.3382223844528198,1.3382223844528198,1.3382223844528198,1.3382223844528198,0.0
2026-09-21 10:55:00+00:00,1.3382223844528198,1.3382223844528198,1.3382223844528198,1.3382223844528198,0.0
2026-09-21 10:56:00+00:00,1.3382223844528198,1.3382223844528198,1.3382223844528198,1.3382223844528198,0.0
2026-09-21 10:57:00+00:00,1.338329792022705,1.338329792022705,1.338329792022705,1.338329792022705,0.0
2026-09-21 10:58:00+00:00,1.3381328582763672,1.3381328582763672,1.3381328582763672,1.3381328582763672,0.0
2026-09-21 10:59:00+00:00,1.3380612134933472,1.3380612134933472,1.3380612134933472,1.3380612134933472,0.0
2026-09-21 11:00:00+00:00,1.3382043838500977,1.3382043838500977,1.3382043838500977,1.3382043838500977,0.0
2026-09-21 11:01:00+00:00,1.3382223844528198,1.3382223844528198,1.3382223844528198,1.3382223844528198,0.0
2026-09-21 11:02:00+00:00,1.3382223844528198,1.3382223844528198,1.3382223844528198,1.3382223844528198,0.0
2026-09-21 11:03:00+00:00,1.3382940292358398,1.3382940292358398,1.3382940292358398,1.3382940292358398,0.0
2026-09-21 11:04:00+00:00,1.338240146636963,1.338240146636963,1.338240146636963,1.338240146636963,0.0
2026-09-21 11:05:00+00:00,1.338329792022705,1.338329792022705,1.338329792022705,1.338329792022705,0.0
2026-09-21 11:06:00+00:00,1.3383476734161377,1.3383476734161377,1.3383476734161377,1.3383476734161377,0.0
2026-09-21 11:07:00+00:00,1.338311791419983,1.338311791419983,1.338311791419983,1.338311791419983,0.0
2026-09-21 11:08:00+00:00,1.3384371995925903,1.3384371995925903,1.3384371995925903,1.3384371995925903,0.0
2026-09-21 11:09:00+00:00,1.3384730815887451,1.3384730815887451,1.3384730815887451,1.3384730815887451,0.0
2026-09-21 11:10:00+00:00,1.3384909629821777,1.3384909629821777,1.3384909629821777,1.3384909629821777,0.0
2026-09-21 11:11:00+00:00,1.3385268449783325,1.3385268449783325,1.3385268449783325,1.3385268449783325,0.0
2026-09-21 11:12:00+00:00,1.3383835554122925,1.3383835554122925,1.3383835554122925,1.3383835554122925,0.0
2026-09-21 11:13:00+00:00,1.3383835554122925,1.3383835554122925,1.3383835554122925,1.3383835554122925,0.0
2026-09-21 11:14:00+00:00,1.338401436805725,1.338401436805725,1.338401436805725,1.338401436805725,0.0
2026-09-21 11:15:00+00:00,1.3385626077651978,1.3385626077651978,1.3385626077651978,1.3385626077651978,0.0
2026-09-21 11:16:00+00:00,1.3387418985366821,1.3387418985366821,1.3387418985366821,1.3387418985366821,0.0
2026-09-21 11:17:00+00:00,1.33872389793396,1.33872389793396,1.33872389793396,1.33872389793396,0.0
2026-09-21 11:18:00+00:00,1.3387060165405273,1.3387060165405273,1.3387060165405273,1.3387060165405273,0.0
2026-09-21 11:19:00+00:00,1.33872389793396,1.33872389793396,1.33872389793396,1.33872389793396,0.0
2026-09-21 11:20:00+00:00,1.33872389793396,1.33872389793396,1.33872389793396,1.33872389793396,0.0
2026-09-21 11:21:00+00:00,1.3387060165405273,1.3387060165405273,1.3387060165405273,1.3387060165405273,0.0
2026-09-21 11:22:00+00:00,1.3387060165405273,1.3387060165405273,1.3387060165405273,1.3387060165405273,0.0
2026-09-21 11:23:00+00:00,1.3387060165405273,1.3387060165405273,1.3387060165405273,1.3387060165405273,0.0
2026-09-21 11:24:00+00:00,1.3387597799301147,1.3387597799301147,1.3387597799301147,1.3387597799301147,0.0
2026-09-21 11:25:00+00:00,1.33879554271698,1.33879554271698,1.33879554271698,1.33879554271698,0.0
2026-09-21 11:26:00+00:00,1.3388135433197021,1.3388135433197021,1.3388135433197021,1.3388135433197021,0.0
2026-09-21 11:27:00+00:00,1.3388135433197021,1.3388135433197021,1.3388135433197021,1.3388135433197021,0.0
2026-09-21 11:28:00+00:00,1.3389748334884644,1.3389748334884644,1.3389748334884644,1.3389748334884644,0.0
2026-09-21 11:29:00+00:00,1.3389389514923096,1.3389389514923096,1.3389389514923096,1.3389389514923096,0.0
2026-09-21 11:30:00+00:00,1.3389748334884644,1.3389748334884644,1.3389748334884644,1.3389748334884644,0.0
2026-09-21 11:31:00+00:00,1.3388673067092896,1.3388673067092896,1.3388673067092896,1.3388673067092896,0.0
2026-09-21 11:32:00+00:00,1.3389211893081665,1.3389211893081665,1.3389211893081665,1.3389211893081665,0.0
2026-09-21 11:33:00+00:00,1.3388851881027222,1.3388851881027222,1.3388851881027222,1.3388851881027222,0.0
2026-09-21 11:34:00+00:00,1.3389031887054443,1.3389031887054443,1.3389031887054443,1.3389031887054443,0.0
2026-09-21 11:35:00+00:00,1.3389928340911865,1.3389928340911865,1.3389928340911865,1.3389928340911865,0.0
2026-09-21 11:36:00+00:00,1.3391003608703613,1.3391003608703613,1.3391003608703613,1.3391003608703613,0.0
2026-09-21 11:37:00+00:00,1.3391183614730835,1.3391183614730835,1.3391183614730835,1.3391183614730835,0.0
2026-09-21 11:38:00+00:00,1.3391003608703613,1.3391003608703613,1.3391003608703613,1.3391003608703613,0.0
2026-09-21 11:39:00+00:00,1.3390824794769287,1.3390824794769287,1.3390824794769287,1.3390824794769287,0.0
2026-09-21 11:40:00+00:00,1.3390108346939087,1.3390108346939087,1.3390108346939087,1.3390108346939087,0.0
2026-09-21 11:41:00+00:00,1.3390108346939087,1.3390108346939087,1.3390108346939087,1.3390108346939087,0.0
2026-09-21 11:42:00+00:00,1.3392797708511353,1.3392797708511353,1.3392797708511353,1.3392797708511353,0.0
2026-09-21 11:43:00+00:00,1.3394231796264648,1.3394231796264648,1.3394231796264648,1.3394231796264648,0.0
2026-09-21 11:44:00+00:00,1.3395309448242188,1.3395309448242188,1.3395309448242188,1.3395309448242188,0.0
2026-09-21 11:45:00+00:00,1.339566707611084,1.339566707611084,1.339566707611084,1.339566707611084,0.0
2026-09-21 11:46:00+00:00,1.339441180229187,1.339441180229187,1.339441180229187,1.339441180229187,0.0
2026-09-21 11:47:00+00:00,1.3395129442214966,1.3395129442214966,1.3395129442214966,1.3395129442214966,0.0
2026-09-21 11:48:00+00:00,1.3394052982330322,1.3394052982330322,1.3394052982330322,1.3394052982330322,0.0
2026-09-21 11:49:00+00:00,1.3395129442214966,1.3395129442214966,1.3395129442214966,1.3395129442214966,0.0
2026-09-21 11:50:00+00:00,1.339620590209961,1.339620590209961,1.339620590209961,1.339620590209961,0.0
2026-09-21 11:51:00+00:00,1.3395309448242188,1.3395309448242188,1.3395309448242188,1.3395309448242188,0.0
2026-09-21 11:52:00+00:00,1.3395847082138062,1.3395847082138062,1.3395847082138062,1.3395847082138062,0.0
2026-09-21 11:53:00+00:00,1.3395847082138062,1.3395847082138062,1.3395847082138062,1.3395847082138062,0.0
2026-09-21 11:54:00+00:00,1.3394770622253418,1.3394770622253418,1.3394770622253418,1.3394770622253418,0.0
2026-09-21 11:55:00+00:00,1.3395847082138062,1.3395847082138062,1.3395847082138062,1.3395847082138062,0.0
2026-09-21 11:56:00+00:00,1.3397642374038696,1.3397642374038696,1.3397642374038696,1.3397642374038696,0.0
2026-09-21 11:57:00+00:00,1.3395129442214966,1.3395129442214966,1.3395129442214966,1.3395129442214966,0.0
2026-09-21 11:58:00+00:00,1.3394231796264648,1.3394231796264648,1.3394231796264648,1.3394231796264648,0.0
2026-09-21 11:59:00+00:00,1.3394231796264648,1.3394231796264648,1.3394231796264648,1.3394231796264648,0.0
2026-09-21 12:00:00+00:00,1.3395129442214966,1.3395129442214966,1.3395129442214966,1.3395129442214966,0.0
2026-09-21 12:01:00+00:00,1.33969247341156,1.33969247341156,1.33969247341156,1.33969247341156,0.0
2026-09-21 12:02:00+00:00,1.3397103548049927,1.3397103548049927,1.3397103548049927,1.3397103548049927,0.0
2026-09-21 12:03:00+00:00,1.339818000793457,1.339818000793457,1.339818000793457,1.339818000793457,0.0
2026-09-21 12:04:00+00:00,1.3398720026016235,1.3398720026016235,1.3398720026016235,1.3398720026016235,0.0
2026-09-21 12:05:00+00:00,1.3399616479873657,1.3399616479873657,1.3399616479873657,1.3399616479873657,0.0
2026-09-21 12:06:00+00:00,1.3400155305862427,1.3400155305862427,1.3400155305862427,1.3400155305862427,0.0
2026-09-21 12:07:00+00:00,1.3397462368011475,1.3397462368011475,1.3397462368011475,1.3397462368011475,0.0
2026-09-21 12:08:00+00:00,1.339638590812683,1.339638590812683,1.339638590812683,1.339638590812683,0.0
2026-09-21 12:09:00+00:00,1.3396564722061157,1.3396564722061157,1.3396564722061157,1.3396564722061157,0.0
2026-09-21 12:10:00+00:00,1.3395129442214966,1.3395129442214966,1.3395129442214966,1.3395129442214966,0.0
2026-09-21 12:11:00+00:00,1.3395129442214966,1.3395129442214966,1.3395129442214966,1.3395129442214966,0.0
2026-09-21 12:12:00+00:00,1.339441180229187,1.339441180229187,1.339441180229187,1.339441180229187,0.0
2026-09-21 12:13:00+00:00,1.3394770622253418,1.3394770622253418,1.3394770622253418,1.3394770622253418,0.0
2026-09-21 12:14:00+00:00,1.3394052982330322,1.3394052982330322,1.3394052982330322,1.3394052982330322,0.0
2026-09-21 12:15:00+00:00,1.3394591808319092,1.3394591808319092,1.3394591808319092,1.3394591808319092,0.0
2026-09-21 12:16:00+00:00,1.3394770622253418,1.3394770622253418,1.3394770622253418,1.3394770622253418,0.0
2026-09-21 12:17:00+00:00,1.3394770622253418,1.3394770622253418,1.3394770622253418,1.3394770622253418,0.0
2026-09-21 12:18:00+00:00,1.339638590812683,1.339638590812683,1.339638590812683,1.339638590812683,0.0
2026-09-21 12:19:00+00:00,1.33969247341156,1.33969247341156,1.33969247341156,1.33969247341156,0.0
2026-09-21 12:20:00+00:00,1.3395847082138062,1.3395847082138062,1.3395847082138062,1.3395847082138062,0.0
2026-09-21 12:21:00+00:00,1.3395847082138062,1.3395847082138062,1.3395847082138062,1.3395847082138062,0.0
2026-09-21 12:22:00+00:00,1.33969247341156,1.33969247341156,1.33969247341156,1.33969247341156,0.0
2026-09-21 12:23:00+00:00,1.3397642374038696,1.3397642374038696,1.3397642374038696,1.3397642374038696,0.0
2026-09-21 12:24:00+00:00,1.3396027088165283,1.3396027088165283,1.3396027088165283,1.3396027088165283,0.0
2026-09-21 12:25:00+00:00,1.3396027088165283,1.3396027088165283,1.3396027088165283,1.3396027088165283,0.0
2026-09-21 12:26:00+00:00,1.3395488262176514,1.3395488262176514,1.3395488262176514,1.3395488262176514,0.0
2026-09-21 12:27:00+00:00,1.3395488262176514,1.3395488262176514,1.3395488262176514,1.3395488262176514,0.0
2026-09-21 12:28:00+00:00,1.3393694162368774,1.3393694162368774,1.3393694162368774,1.3393694162368774,0.0
2026-09-21 12:29:00+00:00,1.3392976522445679,1.3392976522445679,1.3392976522445679,1.3392976522445679,0.0
2026-09-21 12:30:00+00:00,1.3393874168395996,1.3393874168395996,1.3393874168395996,1.3393874168395996,0.0
2026-09-21 12:31:00+00:00,1.3393874168395996,1.3393874168395996,1.3393874168395996,1.3393874168395996,0.0
2026-09-21 12:32:00+00:00,1.3394231796264648,1.3394231796264648,1.3394231796264648,1.3394231796264648,0.0
2026-09-21 12:33:00+00:00,1.3393335342407227,1.3393335342407227,1.3393335342407227,1.3393335342407227,0.0
2026-09-21 12:34:00+00:00,1.3391362428665161,1.3391362428665161,1.3391362428665161,1.3391362428665161,0.0
2026-09-21 12:35:00+00:00,1.3392797708511353,1.3392797708511353,1.3392797708511353,1.3392797708511353,0.0
2026-09-21 12:36:00+00:00,1.3394052982330322,1.3394052982330322,1.3394052982330322,1.3394052982330322,0.0
2026-09-21 12:37:00+00:00,1.3393874168395996,1.3393874168395996,1.3393874168395996,1.3393874168395996,0.0
2026-09-21 12:38:00+00:00,1.3394052982330322,1.3394052982330322,1.3394052982330322,1.3394052982330322,0.0
2026-09-21 12:39:00+00:00,1.3391542434692383,1.3391542434692383,1.3391542434692383,1.3391542434692383,0.0
2026-09-21 12:40:00+00:00,1.3390824794769287,1.3390824794769287,1.3390824794769287,1.3390824794769287,0.0
2026-09-21 12:41:00+00:00,1.3391183614730835,1.3391183614730835,1.3391183614730835,1.3391183614730835,0.0
2026-09-21 12:42:00+00:00,1.3390824794769287,1.3390824794769287,1.3390824794769287,1.3390824794769287,0.0
2026-09-21 12:43:00+00:00,1.3390824794769287,1.3390824794769287,1.3390824794769287,1.3390824794769287,0.0
2026-09-21 12:44:00+00:00,1.3389569520950317,1.3389569520950317,1.3389569520950317,1.3389569520950317,0.0
2026-09-21 12:45:00+00:00,1.339261770248413,1.339261770248413,1.339261770248413,1.339261770248413,0.0
2026-09-21 12:46:00+00:00,1.3391900062561035,1.3391900062561035,1.3391900062561035,1.3391900062561035,0.0
2026-09-21 12:47:00+00:00,1.3391542434692383,1.3391542434692383,1.3391542434692383,1.3391542434692383,0.0
2026-09-21 12:48:00+00:00,1.33931565284729,1.33931565284729,1.33931565284729,1.33931565284729,0.0
2026-09-21 12:49:00+00:00,1.3392438888549805,1.3392438888549805,1.3392438888549805,1.3392438888549805,0.0
2026-09-21 12:50:00+00:00,1.339064598083496,1.339064598083496,1.339064598083496,1.339064598083496,0.0
2026-09-21 12:51:00+00:00,1.3391900062561035,1.3391900062561035,1.3391900062561035,1.3391900062561035,0.0
2026-09-21 12:52:00+00:00,1.3392258882522583,1.3392258882522583,1.3392258882522583,1.3392258882522583,0.0
2026-09-21 12:53:00+00:00,1.3392080068588257,1.3392080068588257,1.3392080068588257,1.3392080068588257,0.0
2026-09-21 12:54:00+00:00,1.3391362428665161,1.3391362428665161,1.3391362428665161,1.3391362428665161,0.0
2026-09-21 12:55:00+00:00,1.3390824794769287,1.3390824794769287,1.3390824794769287,1.3390824794769287,0.0
2026-09-21 12:56:00+00:00,1.3392080068588257,1.3392080068588257,1.3392080068588257,1.3392080068588257,0.0
2026-09-21 12:57:00+00:00,1.3391183614730835,1.3391183614730835,1.3391183614730835,1.3391183614730835,0.0
2026-09-21 12:58:00+00:00,1.3392080068588257,1.3392080068588257,1.3392080068588257,1.3392080068588257,0.0
2026-09-21 12:59:00+00:00,1.339172124862671,1.339172124862671,1.339172124862671,1.339172124862671,0.0
2026-09-21 13:00:00+00:00,1.3392258882522583,1.3392258882522583,1.3392258882522583,1.3392258882522583,0.0
2026-09-21 13:01:00+00:00,1.3392080068588257,1.3392080068588257,1.3392080068588257,1.3392080068588257,0.0
2026-09-21 13:02:00+00:00,1.3391362428665161,1.3391362428665161,1.3391362428665161,1.3391362428665161,0.0
2026-09-21 13:03:00+00:00,1.3391362428665161,1.3391362428665161,1.3391362428665161,1.3391362428665161,0.0
2026-09-21 13:04:00+00:00,1.3392438888549805,1.3392438888549805,1.3392438888549805,1.3392438888549805,0.0
2026-09-21 13:05:00+00:00,1.3391362428665161,1.3391362428665161,1.3391362428665161,1.3391362428665161,0.0
2026-09-21 13:06:00+00:00,1.3391900062561035,1.3391900062561035,1.3391900062561035,1.3391900062561035,0.0
2026-09-21 13:07:00+00:00,1.339172124862671,1.339172124862671,1.339172124862671,1.339172124862671,0.0
2026-09-21 13:08:00+00:00,1.3391003608703613,1.3391003608703613,1.3391003608703613,1.3391003608703613,0.0
2026-09-21 13:09:00+00:00,1.339261770248413,1.339261770248413,1.339261770248413,1.339261770248413,0.0
2026-09-21 13:10:00+00:00,1.3392438888549805,1.3392438888549805,1.3392438888549805,1.3392438888549805,0.0
2026-09-21 13:11:00+00:00,1.3392258882522583,1.3392258882522583,1.3392258882522583,1.3392258882522583,0.0
2026-09-21 13:12:00+00:00,1.3392080068588257,1.3392080068588257,1.3392080068588257,1.3392080068588257,0.0
2026-09-21 13:13:00+00:00,1.3392080068588257,1.3392080068588257,1.3392080068588257,1.3392080068588257,0.0
2026-09-21 13:14:00+00:00,1.3391542434692383,1.3391542434692383,1.3391542434692383,1.3391542434692383,0.0
2026-09-21 13:15:00+00:00,1.3392438888549805,1.3392438888549805,1.3392438888549805,1.3392438888549805,0.0
2026-09-21 13:16:00+00:00,1.3392797708511353,1.3392797708511353,1.3392797708511353,1.3392797708511353,0.0
2026-09-21 13:17:00+00:00,1.3392438888549805,1.3392438888549805,1.3392438888549805,1.3392438888549805,0.0
2026-09-21 13:18:00+00:00,1.3393874168395996,1.3393874168395996,1.3393874168395996,1.3393874168395996,0.0
2026-09-21 13:19:00+00:00,1.3394591808319092,1.3394591808319092,1.3394591808319092,1.3394591808319092,0.0
2026-09-21 13:20:00+00:00,1.339261770248413,1.339261770248413,1.339261770248413,1.339261770248413,0.0
2026-09-21 13:21:00+00:00,1.339261770248413,1.339261770248413,1.339261770248413,1.339261770248413,0.0
2026-09-21 13:22:00+00:00,1.3392797708511353,1.3392797708511353,1.3392797708511353,1.3392797708511353,0.0
2026-09-21 13:23:00+00:00,1.3392976522445679,1.3392976522445679,1.3392976522445679,1.3392976522445679,0.0
2026-09-21 13:24:00+00:00,1.3392976522445679,1.3392976522445679,1.3392976522445679,1.3392976522445679,0.0
2026-09-21 13:25:00+00:00,1.3392080068588257,1.3392080068588257,1.3392080068588257,1.3392080068588257,0.0
2026-09-21 13:26:00+00:00,1.3392080068588257,1.3392080068588257,1.3392080068588257,1.3392080068588257,0.0
2026-09-21 13:27:00+00:00,1.339172124862671,1.339172124862671,1.339172124862671,1.339172124862671,0.0
2026-09-21 13:28:00+00:00,1.33931565284729,1.33931565284729,1.33931565284729,1.33931565284729,0.0
2026-09-21 13:29:00+00:00,1.3394052982330322,1.3394052982330322,1.3394052982330322,1.3394052982330322,0.0
2026-09-21 13:30:00+00:00,1.339261770248413,1.339261770248413,1.339261770248413,1.339261770248413,0.0
2026-09-21 13:31:00+00:00,1.3391183614730835,1.3391183614730835,1.3391183614730835,1.3391183614730835,0.0
2026-09-21 13:32:00+00:00,1.339064598083496,1.339064598083496,1.339064598083496,1.339064598083496,0.0
2026-09-21 13:33:00+00:00,1.3389389514923096,1.3389389514923096,1.3389389514923096,1.3389389514923096,0.0
2026-09-21 13:34:00+00:00,1.3391362428665161,1.3391362428665161,1.3391362428665161,1.3391362428665161,0.0
2026-09-21 13:35:00+00:00,1.339046597480774,1.339046597480774,1.339046597480774,1.339046597480774,0.0
2026-09-21 13:36:00+00:00,1.3389389514923096,1.3389389514923096,1.3389389514923096,1.3389389514923096,0.0
2026-09-21 13:37:00+00:00,1.339046597480774,1.339046597480774,1.339046597480774,1.339046597480774,0.0
2026-09-21 13:38:00+00:00,1.3389211893081665,1.3389211893081665,1.3389211893081665,1.3389211893081665,0.0
2026-09-21 13:39:00+00:00,1.3388135433197021,1.3388135433197021,1.3388135433197021,1.3388135433197021,0.0
2026-09-21 13:40:00+00:00,1.3386881351470947,1.3386881351470947,1.3386881351470947,1.3386881351470947,0.0
2026-09-21 13:41:00+00:00,1.3390108346939087,1.3390108346939087,1.3390108346939087,1.3390108346939087,0.0
2026-09-21 13:42:00+00:00,1.3389031887054443,1.3389031887054443,1.3389031887054443,1.3389031887054443,0.0
2026-09-21 13:43:00+00:00,1.338849425315857,1.338849425315857,1.338849425315857,1.338849425315857,0.0
2026-09-21 13:44:00+00:00,1.33872389793396,1.33872389793396,1.33872389793396,1.33872389793396,0.0
2026-09-21 13:45:00+00:00,1.3385447263717651,1.3385447263717651,1.3385447263717651,1.3385447263717651,0.0
2026-09-21 13:46:00+00:00,1.3382940292358398,1.3382940292358398,1.3382940292358398,1.3382940292358398,0.0
2026-09-21 13:47:00+00:00,1.338311791419983,1.338311791419983,1.338311791419983,1.338311791419983,0.0
2026-09-21 13:48:00+00:00,1.3382043838500977,1.3382043838500977,1.3382043838500977,1.3382043838500977,0.0
2026-09-21 13:49:00+00:00,1.3380789756774902,1.3380789756774902,1.3380789756774902,1.3380789756774902,0.0
2026-09-21 13:50:00+00:00,1.3382223844528198,1.3382223844528198,1.3382223844528198,1.3382223844528198,0.0
2026-09-21 13:51:00+00:00,1.338329792022705,1.338329792022705,1.338329792022705,1.338329792022705,0.0
2026-09-21 13:52:00+00:00,1.3384193181991577,1.3384193181991577,1.3384193181991577,1.3384193181991577,0.0
2026-09-21 13:53:00+00:00,1.3384909629821777,1.3384909629821777,1.3384909629821777,1.3384909629821777,0.0
2026-09-21 13:54:00+00:00,1.3382940292358398,1.3382940292358398,1.3382940292358398,1.3382940292358398,0.0
2026-09-21 13:55:00+00:00,1.3381328582763672,1.3381328582763672,1.3381328582763672,1.3381328582763672,0.0
2026-09-21 13:56:00+00:00,1.3380969762802124,1.3380969762802124,1.3380969762802124,1.3380969762802124,0.0
2026-09-21 13:57:00+00:00,1.3380612134933472,1.3380612134933472,1.3380612134933472,1.3380612134933472,0.0
2026-09-21 13:58:00+00:00,1.3381328582763672,1.3381328582763672,1.3381328582763672,1.3381328582763672,0.0
2026-09-21 13:59:00+00:00,1.3380789756774902,1.3380789756774902,1.3380789756774902,1.3380789756774902,0.0
2026-09-21 14:00:00+00:00,1.3380253314971924,1.3380253314971924,1.3380253314971924,1.3380253314971924,0.0
2026-09-21 14:01:00+00:00,1.3378105163574219,1.3378105163574219,1.3378105163574219,1.3378105163574219,0.0
2026-09-21 14:02:00+00:00,1.337846279144287,1.337846279144287,1.337846279144287,1.337846279144287,0.0
2026-09-21 14:03:00+00:00,1.3376315832138062,1.3376315832138062,1.3376315832138062,1.3376315832138062,0.0
2026-09-21 14:04:00+00:00,1.337327480316162,1.337327480316162,1.337327480316162,1.337327480316162,0.0
2026-09-21 14:05:00+00:00,1.3372023105621338,1.3372023105621338,1.3372023105621338,1.3372023105621338,0.0
2026-09-21 14:06:00+00:00,1.3370234966278076,1.3370234966278076,1.3370234966278076,1.3370234966278076,0.0
2026-09-21 14:07:00+00:00,1.3370413780212402,1.3370413780212402,1.3370413780212402,1.3370413780212402,0.0
2026-09-21 14:08:00+00:00,1.337148666381836,1.337148666381836,1.337148666381836,1.337148666381836,0.0
2026-09-21 14:09:00+00:00,1.3373095989227295,1.3373095989227295,1.3373095989227295,1.3373095989227295,0.0
2026-09-21 14:10:00+00:00,1.3371844291687012,1.3371844291687012,1.3371844291687012,1.3371844291687012,0.0
2026-09-21 14:11:00+00:00,1.3371844291687012,1.3371844291687012,1.3371844291687012,1.3371844291687012,0.0
2026-09-21 14:12:00+00:00,1.3372201919555664,1.3372201919555664,1.3372201919555664,1.3372201919555664,0.0
2026-09-21 14:13:00+00:00,1.3372201919555664,1.3372201919555664,1.3372201919555664,1.3372201919555664,0.0
2026-09-21 14:14:00+00:00,1.3373453617095947,1.3373453617095947,1.3373453617095947,1.3373453617095947,0.0
2026-09-21 14:15:00+00:00,1.3374168872833252,1.3374168872833252,1.3374168872833252,1.3374168872833252,0.0
2026-09-21 14:16:00+00:00,1.3375600576400757,1.3375600576400757,1.3375600576400757,1.3375600576400757,0.0
2026-09-21 14:17:00+00:00,1.337524175643921,1.337524175643921,1.337524175643921,1.337524175643921,0.0
2026-09-21 14:18:00+00:00,1.337327480316162,1.337327480316162,1.337327480316162,1.337327480316162,0.0
2026-09-21 14:19:00+00:00,1.337148666381836,1.337148666381836,1.337148666381836,1.337148666381836,0.0
2026-09-21 14:20:00+00:00,1.337148666381836,1.337148666381836,1.337148666381836,1.337148666381836,0.0
2026-09-21 14:21:00+00:00,1.3372201919555664,1.3372201919555664,1.3372201919555664,1.3372201919555664,0.0
2026-09-21 14:22:00+00:00,1.3372559547424316,1.3372559547424316,1.3372559547424316,1.3372559547424316,0.0
2026-09-21 14:23:00+00:00,1.337363362312317,1.337363362312317,1.337363362312317,1.337363362312317,0.0
2026-09-21 14:24:00+00:00,1.3373453617095947,1.3373453617095947,1.3373453617095947,1.3373453617095947,0.0
2026-09-21 14:25:00+00:00,1.3373453617095947,1.3373453617095947,1.3373453617095947,1.3373453617095947,0.0
2026-09-21 14:26:00+00:00,1.3374526500701904,1.3374526500701904,1.3374526500701904,1.3374526500701904,0.0
2026-09-21 14:27:00+00:00,1.337595820426941,1.337595820426941,1.337595820426941,1.337595820426941,0.0
2026-09-21 14:28:00+00:00,1.337524175643921,1.337524175643921,1.337524175643921,1.337524175643921,0.0
2026-09-21 14:29:00+00:00,1.337667465209961,1.337667465209961,1.337667465209961,1.337667465209961,0.0
2026-09-21 14:30:00+00:00,1.337828516960144,1.337828516960144,1.337828516960144,1.337828516960144,0.0
2026-09-21 14:31:00+00:00,1.3376137018203735,1.3376137018203735,1.3376137018203735,1.3376137018203735,0.0
2026-09-21 14:32:00+00:00,1.337828516960144,1.337828516960144,1.337828516960144,1.337828516960144,0.0
2026-09-21 14:33:00+00:00,1.3377389907836914,1.3377389907836914,1.3377389907836914,1.3377389907836914,0.0
2026-09-21 14:34:00+00:00,1.3377389907836914,1.3377389907836914,1.3377389907836914,1.3377389907836914,0.0
2026-09-21 14:35:00+00:00,1.337667465209961,1.337667465209961,1.337667465209961,1.337667465209961,0.0
2026-09-21 14:36:00+00:00,1.3377567529678345,1.3377567529678345,1.3377567529678345,1.3377567529678345,0.0
2026-09-21 14:37:00+00:00,1.3377567529678345,1.3377567529678345,1.3377567529678345,1.3377567529678345,0.0
2026-09-21 14:38:00+00:00,1.3376494646072388,1.3376494646072388,1.3376494646072388,1.3376494646072388,0.0
2026-09-21 14:39:00+00:00,1.3376315832138062,1.3376315832138062,1.3376315832138062,1.3376315832138062,0.0
2026-09-21 14:40:00+00:00,1.3377031087875366,1.3377031087875366,1.3377031087875366,1.3377031087875366,0.0
2026-09-21 14:41:00+00:00,1.3377389907836914,1.3377389907836914,1.3377389907836914,1.3377389907836914,0.0
2026-09-21 14:42:00+00:00,1.337828516960144,1.337828516960144,1.337828516960144,1.337828516960144,0.0
2026-09-21 14:43:00+00:00,1.3377747535705566,1.3377747535705566,1.3377747535705566,1.3377747535705566,0.0
2026-09-21 14:44:00+00:00,1.3376315832138062,1.3376315832138062,1.3376315832138062,1.3376315832138062,0.0
2026-09-21 14:45:00+00:00,1.337524175643921,1.337524175643921,1.337524175643921,1.337524175643921,0.0
2026-09-21 14:46:00+00:00,1.3376315832138062,1.3376315832138062,1.3376315832138062,1.3376315832138062,0.0
2026-09-21 14:47:00+00:00,1.3376494646072388,1.3376494646072388,1.3376494646072388,1.3376494646072388,0.0
2026-09-21 14:48:00+00:00,1.3376137018203735,1.3376137018203735,1.3376137018203735,1.3376137018203735,0.0
2026-09-21 14:49:00+00:00,1.3373095989227295,1.3373095989227295,1.3373095989227295,1.3373095989227295,0.0
2026-09-21 14:50:00+00:00,1.3372201919555664,1.3372201919555664,1.3372201919555664,1.3372201919555664,0.0
2026-09-21 14:51:00+00:00,1.3372201919555664,1.3372201919555664,1.3372201919555664,1.3372201919555664,0.0
2026-09-21 14:52:00+00:00,1.3374348878860474,1.3374348878860474,1.3374348878860474,1.3374348878860474,0.0
2026-09-21 14:53:00+00:00,1.337524175643921,1.337524175643921,1.337524175643921,1.337524175643921,0.0
2026-09-21 14:54:00+00:00,1.337595820426941,1.337595820426941,1.337595820426941,1.337595820426941,0.0
2026-09-21 14:55:00+00:00,1.3376315832138062,1.3376315832138062,1.3376315832138062,1.3376315832138062,0.0
2026-09-21 14:56:00+00:00,1.3376315832138062,1.3376315832138062,1.3376315832138062,1.3376315832138062,0.0
2026-09-21 14:57:00+00:00,1.3376137018203735,1.3376137018203735,1.3376137018203735,1.3376137018203735,0.0
2026-09-21 14:58:00+00:00,1.3376137018203735,1.3376137018203735,1.3376137018203735,1.3376137018203735,0.0
2026-09-21 14:59:00+00:00,1.3373990058898926,1.3373990058898926,1.3373990058898926,1.3373990058898926,0.0
2026-09-21 15:00:00+00:00,1.3373990058898926,1.3373990058898926,1.3373990058898926,1.3373990058898926,0.0
2026-09-21 15:01:00+00:00,1.3373990058898926,1.3373990058898926,1.3373990058898926,1.3373990058898926,0.0
2026-09-21 15:02:00+00:00,1.3373990058898926,1.3373990058898926,1.3373990058898926,1.3373990058898926,0.0
2026-09-21 15:03:00+00:00,1.337524175643921,1.337524175643921,1.337524175643921,1.337524175643921,0.0
2026-09-21 15:04:00+00:00,1.3373095989227295,1.3373095989227295,1.3373095989227295,1.3373095989227295,0.0
2026-09-21 15:05:00+00:00,1.3373095989227295,1.3373095989227295,1.3373095989227295,1.3373095989227295,0.0
2026-09-21 15:06:00+00:00,1.3374168872833252,1.3374168872833252,1.3374168872833252,1.3374168872833252,0.0
2026-09-21 15:07:00+00:00,1.3374885320663452,1.3374885320663452,1.3374885320663452,1.3374885320663452,0.0
2026-09-21 15:08:00+00:00,1.3373990058898926,1.3373990058898926,1.3373990058898926,1.3373990058898926,0.0
2026-09-21 15:09:00+00:00,1.3372738361358643,1.3372738361358643,1.3372738361358643,1.3372738361358643,0.0
2026-09-21 15:10:00+00:00,1.33738112449646,1.33738112449646,1.33738112449646,1.33738112449646,0.0
2026-09-21 15:11:00+00:00,1.3372738361358643,1.3372738361358643,1.3372738361358643,1.3372738361358643,0.0
2026-09-21 15:12:00+00:00,1.3372201919555664,1.3372201919555664,1.3372201919555664,1.3372201919555664,0.0
2026-09-21 15:13:00+00:00,1.3372201919555664,1.3372201919555664,1.3372201919555664,1.3372201919555664,0.0
2026-09-21 15:14:00+00:00,1.3374168872833252,1.3374168872833252,1.3374168872833252,1.3374168872833252,0.0
2026-09-21 15:15:00+00:00,1.3373990058898926,1.3373990058898926,1.3373990058898926,1.3373990058898926,0.0
2026-09-21 15:16:00+00:00,1.337327480316162,1.337327480316162,1.337327480316162,1.337327480316162,0.0
2026-09-21 15:17:00+00:00,1.33738112449646,1.33738112449646,1.33738112449646,1.33738112449646,0.0
2026-09-21 15:18:00+00:00,1.3373453617095947,1.3373453617095947,1.3373453617095947,1.3373453617095947,0.0
2026-09-21 15:19:00+00:00,1.33738112449646,1.33738112449646,1.33738112449646,1.33738112449646,0.0
2026-09-21 15:20:00+00:00,1.3373095989227295,1.3373095989227295,1.3373095989227295,1.3373095989227295,0.0
2026-09-21 15:21:00+00:00,1.337238073348999,1.337238073348999,1.337238073348999,1.337238073348999,0.0
2026-09-21 15:22:00+00:00,1.3372023105621338,1.3372023105621338,1.3372023105621338,1.3372023105621338,0.0
2026-09-21 15:23:00+00:00,1.3371844291687012,1.3371844291687012,1.3371844291687012,1.3371844291687012,0.0
2026-09-21 15:24:00+00:00,1.337148666381836,1.337148666381836,1.337148666381836,1.337148666381836,0.0
2026-09-21 15:25:00+00:00,1.3372201919555664,1.3372201919555664,1.3372201919555664,1.3372201919555664,0.0
2026-09-21 15:26:00+00:00,1.337327480316162,1.337327480316162,1.337327480316162,1.337327480316162,0.0
2026-09-21 15:27:00+00:00,1.3373095989227295,1.3373095989227295,1.3373095989227295,1.3373095989227295,0.0
2026-09-21 15:28:00+00:00,1.3372559547424316,1.3372559547424316,1.3372559547424316,1.3372559547424316,0.0
2026-09-21 15:29:00+00:00,1.3372738361358643,1.3372738361358643,1.3372738361358643,1.3372738361358643,0.0
2026-09-21 15:30:00+00:00,1.3372559547424316,1.3372559547424316,1.3372559547424316,1.3372559547424316,0.0
2026-09-21 15:31:00+00:00,1.3371665477752686,1.3371665477752686,1.3371665477752686,1.3371665477752686,0.0
2026-09-21 15:32:00+00:00,1.3371844291687012,1.3371844291687012,1.3371844291687012,1.3371844291687012,0.0
2026-09-21 15:33:00+00:00,1.3372201919555664,1.3372201919555664,1.3372201919555664,1.3372201919555664,0.0
2026-09-21 15:34:00+00:00,1.3372023105621338,1.3372023105621338,1.3372023105621338,1.3372023105621338,0.0
2026-09-21 15:35:00+00:00,1.3372201919555664,1.3372201919555664,1.3372201919555664,1.3372201919555664,0.0
2026-09-21 15:36:00+00:00,1.3371129035949707,1.3371129035949707,1.3371129035949707,1.3371129035949707,0.0
2026-09-21 15:37:00+00:00,1.3369877338409424,1.3369877338409424,1.3369877338409424,1.3369877338409424,0.0
2026-09-21 15:38:00+00:00,1.337005615234375,1.337005615234375,1.337005615234375,1.337005615234375,0.0
2026-09-21 15:39:00+00:00,1.337005615234375,1.337005615234375,1.337005615234375,1.337005615234375,0.0
2026-09-21 15:40:00+00:00,1.3369699716567993,1.3369699716567993,1.3369699716567993,1.3369699716567993,0.0
2026-09-21 15:41:00+00:00,1.3367911577224731,1.3367911577224731,1.3367911577224731,1.3367911577224731,0.0
2026-09-21 15:42:00+00:00,1.3369520902633667,1.3369520902633667,1.3369520902633667,1.3369520902633667,0.0
2026-09-21 15:43:00+00:00,1.3369699716567993,1.3369699716567993,1.3369699716567993,1.3369699716567993,0.0
2026-09-21 15:44:00+00:00,1.3369699716567993,1.3369699716567993,1.3369699716567993,1.3369699716567993,0.0
2026-09-21 15:45:00+00:00,1.3369877338409424,1.3369877338409424,1.3369877338409424,1.3369877338409424,0.0
2026-09-21 15:46:00+00:00,1.3370592594146729,1.3370592594146729,1.3370592594146729,1.3370592594146729,0.0
2026-09-21 15:47:00+00:00,1.3371307849884033,1.3371307849884033,1.3371307849884033,1.3371307849884033,0.0
2026-09-21 15:48:00+00:00,1.3369520902633667,1.3369520902633667,1.3369520902633667,1.3369520902633667,0.0
2026-09-21 15:49:00+00:00,1.3369699716567993,1.3369699716567993,1.3369699716567993,1.3369699716567993,0.0
2026-09-21 15:50:00+00:00,1.3370234966278076,1.3370234966278076,1.3370234966278076,1.3370234966278076,0.0
2026-09-21 15:51:00+00:00,1.3371129035949707,1.3371129035949707,1.3371129035949707,1.3371129035949707,0.0
2026-09-21 15:52:00+00:00,1.336916208267212,1.336916208267212,1.336916208267212,1.336916208267212,0.0
2026-09-21 15:53:00+00:00,1.336916208267212,1.336916208267212,1.336916208267212,1.336916208267212,0.0
2026-09-21 15:54:00+00:00,1.3368805646896362,1.3368805646896362,1.3368805646896362,1.3368805646896362,0.0
2026-09-21 15:55:00+00:00,1.3370234966278076,1.3370234966278076,1.3370234966278076,1.3370234966278076,0.0
2026-09-21 15:56:00+00:00,1.3370234966278076,1.3370234966278076,1.3370234966278076,1.3370234966278076,0.0
2026-09-21 15:57:00+00:00,1.3369699716567993,1.3369699716567993,1.3369699716567993,1.3369699716567993,0.0
2026-09-21 15:58:00+00:00,1.3370234966278076,1.3370234966278076,1.3370234966278076,1.3370234966278076,0.0
2026-09-21 15:59:00+00:00,1.3369877338409424,1.3369877338409424,1.3369877338409424,1.3369877338409424,0.0
2026-09-21 16:00:00+00:00,1.337095022201538,1.337095022201538,1.337095022201538,1.337095022201538,0.0
2026-09-21 16:01:00+00:00,1.3369520902633667,1.3369520902633667,1.3369520902633667,1.3369520902633667,0.0
2026-09-21 16:02:00+00:00,1.3368805646896362,1.3368805646896362,1.3368805646896362,1.3368805646896362,0.0
2026-09-21 16:03:00+00:00,1.3369877338409424,1.3369877338409424,1.3369877338409424,1.3369877338409424,0.0
2026-09-21 16:04:00+00:00,1.337095022201538,1.337095022201538,1.337095022201538,1.337095022201538,0.0
2026-09-21 16:05:00+00:00,1.3371844291687012,1.3371844291687012,1.3371844291687012,1.3371844291687012,0.0
2026-09-21 16:06:00+00:00,1.337095022201538,1.337095022201538,1.337095022201538,1.337095022201538,0.0
2026-09-21 16:07:00+00:00,1.3371844291687012,1.3371844291687012,1.3371844291687012,1.3371844291687012,0.0
2026-09-21 16:08:00+00:00,1.3372023105621338,1.3372023105621338,1.3372023105621338,1.3372023105621338,0.0
2026-09-21 16:09:00+00:00,1.337238073348999,1.337238073348999,1.337238073348999,1.337238073348999,0.0
2026-09-21 16:10:00+00:00,1.3372559547424316,1.3372559547424316,1.3372559547424316,1.3372559547424316,0.0
2026-09-21 16:11:00+00:00,1.3372917175292969,1.3372917175292969,1.3372917175292969,1.3372917175292969,0.0
2026-09-21 16:12:00+00:00,1.337327480316162,1.337327480316162,1.337327480316162,1.337327480316162,0.0
2026-09-21 16:13:00+00:00,1.337238073348999,1.337238073348999,1.337238073348999,1.337238073348999,0.0
2026-09-21 16:14:00+00:00,1.337095022201538,1.337095022201538,1.337095022201538,1.337095022201538,0.0
2026-09-21 16:15:00+00:00,1.3372559547424316,1.3372559547424316,1.3372559547424316,1.3372559547424316,0.0
2026-09-21 16:16:00+00:00,1.3372738361358643,1.3372738361358643,1.3372738361358643,1.3372738361358643,0.0
2026-09-21 16:17:00+00:00,1.3372201919555664,1.3372201919555664,1.3372201919555664,1.3372201919555664,0.0
2026-09-21 16:18:00+00:00,1.3372559547424316,1.3372559547424316,1.3372559547424316,1.3372559547424316,0.0
2026-09-21 16:19:00+00:00,1.3372917175292969,1.3372917175292969,1.3372917175292969,1.3372917175292969,0.0
2026-09-21 16:20:00+00:00,1.3374348878860474,1.3374348878860474,1.3374348878860474,1.3374348878860474,0.0
2026-09-21 16:21:00+00:00,1.3374885320663452,1.3374885320663452,1.3374885320663452,1.3374885320663452,0.0
2026-09-21 16:22:00+00:00,1.337524175643921,1.337524175643921,1.337524175643921,1.337524175643921,0.0
2026-09-21 16:23:00+00:00,1.3374526500701904,1.3374526500701904,1.3374526500701904,1.3374526500701904,0.0
2026-09-21 16:24:00+00:00,1.3373990058898926,1.3373990058898926,1.3373990058898926,1.3373990058898926,0.0
2026-09-21 16:25:00+00:00,1.3372738361358643,1.3372738361358643,1.3372738361358643,1.3372738361358643,0.0
2026-09-21 16:26:00+00:00,1.3372738361358643,1.3372738361358643,1.3372738361358643,1.3372738361358643,0.0
2026-09-21 16:27:00+00:00,1.3373095989227295,1.3373095989227295,1.3373095989227295,1.3373095989227295,0.0
2026-09-21 16:28:00+00:00,1.3373990058898926,1.3373990058898926,1.3373990058898926,1.3373990058898926,0.0
2026-09-21 16:29:00+00:00,1.3372917175292969,1.3372917175292969,1.3372917175292969,1.3372917175292969,0.0
2026-09-21 16:30:00+00:00,1.3372023105621338,1.3372023105621338,1.3372023105621338,1.3372023105621338,0.0
2026-09-21 16:31:00+00:00,1.3371844291687012,1.3371844291687012,1.3371844291687012,1.3371844291687012,0.0
2026-09-21 16:32:00+00:00,1.3371844291687012,1.3371844291687012,1.3371844291687012,1.3371844291687012,0.0
2026-09-21 16:33:00+00:00,1.3372917175292969,1.3372917175292969,1.3372917175292969,1.3372917175292969,0.0
2026-09-21 16:34:00+00:00,1.33738112449646,1.33738112449646,1.33738112449646,1.33738112449646,0.0
2026-09-21 16:35:00+00:00,1.337363362312317,1.337363362312317,1.337363362312317,1.337363362312317,0.0
2026-09-21 16:36:00+00:00,1.3374168872833252,1.3374168872833252,1.3374168872833252,1.3374168872833252,0.0
2026-09-21 16:37:00+00:00,1.3374885320663452,1.3374885320663452,1.3374885320663452,1.3374885320663452,0.0
2026-09-21 16:38:00+00:00,1.3375064134597778,1.3375064134597778,1.3375064134597778,1.3375064134597778,0.0
2026-09-21 16:39:00+00:00,1.337470531463623,1.337470531463623,1.337470531463623,1.337470531463623,0.0
2026-09-21 16:40:00+00:00,1.3372559547424316,1.3372559547424316,1.3372559547424316,1.3372559547424316,0.0
2026-09-21 16:41:00+00:00,1.3371129035949707,1.3371129035949707,1.3371129035949707,1.3371129035949707,0.0
2026-09-21 16:42:00+00:00,1.3371307849884033,1.3371307849884033,1.3371307849884033,1.3371307849884033,0.0
2026-09-21 16:43:00+00:00,1.337148666381836,1.337148666381836,1.337148666381836,1.337148666381836,0.0
2026-09-21 16:44:00+00:00,1.3372201919555664,1.3372201919555664,1.3372201919555664,1.3372201919555664,0.0
2026-09-21 16:45:00+00:00,1.3372023105621338,1.3372023105621338,1.3372023105621338,1.3372023105621338,0.0
2026-09-21 16:46:00+00:00,1.3372201919555664,1.3372201919555664,1.3372201919555664,1.3372201919555664,0.0
