time,Open,High,Low,Close,Volume
2026-09-15 04:00:00+00:00,4344.0,4344.89990234375,4343.5,4343.5,0.0
2026-09-15 04:01:00+00:00,4343.60009765625,4343.7001953125,4343.10009765625,4343.2998046875,32.0
2026-09-15 04:02:00+00:00,4343.39990234375,4343.89990234375,4343.10009765625,4343.2001953125,30.0
2026-09-15 04:03:00+00:00,4343.2998046875,4343.39990234375,4343.10009765625,4343.2998046875,23.0
2026-09-15 04:04:00+00:00,4343.39990234375,4343.89990234375,4343.10009765625,4343.60009765625,41.0
2026-09-15 04:05:00+00:00,4343.7998046875,4345.0,4343.7998046875,4344.5,46.0
2026-09-15 04:06:00+00:00,4344.60009765625,4344.60009765625,4344.2998046875,4344.2998046875,12.0
2026-09-15 04:07:00+00:00,4344.10009765625,4344.39990234375,4343.2998046875,4344.2998046875,24.0
2026-09-15 04:08:00+00:00,4344.0,4346.2998046875,4344.0,4346.2998046875,193.0
2026-09-15 04:09:00+00:00,4346.60009765625,4347.0,4345.7998046875,4346.2998046875,180.0
2026-09-15 04:10:00+00:00,4346.2998046875,4347.60009765625,4346.2998046875,4347.2001953125,130.0
2026-09-15 04:11:00+00:00,4347.0,4347.0,4345.0,4345.39990234375,289.0
2026-09-15 04:12:00+00:00,4345.2998046875,4347.7001953125,4345.2998046875,4347.7001953125,107.0
2026-09-15 04:13:00+00:00,4347.60009765625,4349.7001953125,4347.5,4349.7001953125,104.0
2026-09-15 04:14:00+00:00,4349.7998046875,4350.39990234375,4348.0,4348.0,130.0
2026-09-15 04:15:00+00:00,4348.2001953125,4349.39990234375,4347.60009765625,4348.7001953125,41.0
2026-09-15 04:16:00+00:00,4348.7001953125,4348.7001953125,4347.0,4347.10009765625,63.0
2026-09-15 04:17:00+00:00,4347.10009765625,4347.10009765625,4345.89990234375,4346.7001953125,68.0
2026-09-15 04:18:00+00:00,4346.60009765625,4346.60009765625,4345.2001953125,4345.2001953125,37.0
2026-09-15 04:19:00+00:00,4345.10009765625,4345.2998046875,4344.0,4344.7998046875,76.0
2026-09-15 04:20:00+00:00,4344.7998046875,4345.2998046875,4344.7998046875,4345.2998046875,10.0
2026-09-15 04:21:00+00:00,4345.5,4345.60009765625,4344.5,4344.7998046875,27.0
2026-09-15 04:22:00+00:00,4344.39990234375,4344.39990234375,4343.39990234375,4343.7001953125,37.0
2026-09-15 04:23:00+00:00,4343.5,4344.60009765625,4343.5,4343.89990234375,37.0
2026-09-15 04:24:00+00:00,4343.7001953125,4344.10009765625,4343.5,4343.7001953125,30.0
2026-09-15 04:25:00+00:00,4343.5,4344.39990234375,4343.5,4343.60009765625,65.0
2026-09-15 04:26:00+00:00,4343.5,4344.10009765625,4343.2001953125,4343.39990234375,36.0
2026-09-15 04:27:00+00:00,4343.60009765625,4344.2001953125,4343.5,4344.2001953125,13.0
2026-09-15 04:28:00+00:00,4344.0,4344.7001953125,4344.0,4344.0,7.0
2026-09-15 04:29:00+00:00,4343.89990234375,4344.0,4343.2998046875,4344.0,14.0
2026-09-15 04:30:00+00:00,4344.2001953125,4344.2998046875,4344.0,4344.0,7.0
2026-09-15 04:31:00+00:00,4344.39990234375,4344.5,4343.60009765625,4343.7001953125,12.0
2026-09-15 04:32:00+00:00,4343.7998046875,4344.5,4343.7001953125,4343.89990234375,21.0
2026-09-15 04:33:00+00:00,4344.0,4344.0,4343.10009765625,4343.60009765625,31.0
2026-09-15 04:34:00+00:00,4343.60009765625,4345.0,4343.10009765625,4343.39990234375,121.0
2026-09-15 04:35:00+00:00,4343.2998046875,4343.60009765625,4342.60009765625,4343.5,76.0
2026-09-15 04:36:00+00:00,4343.2998046875,4343.5,4341.60009765625,4342.10009765625,148.0
2026-09-15 04:37:00+00:00,4342.0,4342.89990234375,4341.2998046875,4341.60009765625,236.0
2026-09-15 04:38:00+00:00,4341.5,4343.0,4341.39990234375,4343.0,147.0
2026-09-15 04:39:00+00:00,4343.0,4345.39990234375,4342.7001953125,4345.10009765625,305.0
2026-09-15 04:40:00+00:00,4345.10009765625,4345.2998046875,4343.7998046875,4344.89990234375,66.0
2026-09-15 04:41:00+00:00,4345.2001953125,4346.5,4345.2001953125,4346.2998046875,61.0
2026-09-15 04:42:00+00:00,4346.2998046875,4346.5,4345.89990234375,4345.89990234375,30.0
2026-09-15 04:43:00+00:00,4346.2001953125,4346.2001953125,4345.2998046875,4345.7001953125,25.0
2026-09-15 04:44:00+00:00,4345.39990234375,4345.7998046875,4345.10009765625,4345.39990234375,41.0
2026-09-15 04:45:00+00:00,4345.2001953125,4345.2998046875,4344.2998046875,4345.10009765625,36.0
2026-09-15 04:46:00+00:00,4345.0,4345.7998046875,4345.0,4345.2998046875,20.0
2026-09-15 04:47:00+00:00,4345.2001953125,4346.39990234375,4344.7998046875,4346.2001953125,29.0
2026-09-15 04:48:00+00:00,4346.2998046875,4347.2998046875,4346.0,4346.10009765625,77.0
2026-09-15 04:49:00+00:00,4346.10009765625,4347.10009765625,4345.7998046875,4345.7998046875,43.0
2026-09-15 04:50:00+00:00,4345.5,4346.10009765625,4345.10009765625,4345.89990234375,30.0
2026-09-15 04:51:00+00:00,4345.7998046875,4346.39990234375,4345.0,4345.39990234375,44.0
2026-09-15 04:52:00+00:00,4345.5,4346.10009765625,4345.0,4345.10009765625,59.0
2026-09-15 04:53:00+00:00,4345.0,4346.2001953125,4344.60009765625,4344.89990234375,46.0
2026-09-15 04:54:00+00:00,4345.10009765625,4346.2998046875,4344.60009765625,4345.89990234375,55.0
2026-09-15 04:55:00+00:00,4346.0,4347.7001953125,4345.39990234375,4346.60009765625,59.0
2026-09-15 04:56:00+00:00,4346.7998046875,4346.89990234375,4345.89990234375,4346.5,29.0
2026-09-15 04:57:00+00:00,4346.7001953125,4348.10009765625,4346.7001953125,4347.0,64.0
2026-09-15 04:58:00+00:00,4347.0,4347.10009765625,4346.0,4346.2001953125,18.0
2026-09-15 04:59:00+00:00,4346.39990234375,4346.39990234375,4344.7001953125,4344.7998046875,30.0
2026-09-15 05:00:00+00:00,4344.89990234375,4346.2998046875,4344.60009765625,4346.10009765625,25.0
2026-09-15 05:01:00+00:00,4346.2998046875,4346.7998046875,4345.7998046875,4346.39990234375,27.0
2026-09-15 05:02:00+00:00,4346.5,4347.89990234375,4346.5,4347.5,68.0
2026-09-15 05:03:00+00:00,4347.2001953125,4347.2001953125,4344.10009765625,4344.60009765625,50.0
2026-09-15 05:04:00+00:00,4344.10009765625,4344.10009765625,4342.7001953125,4342.89990234375,51.0
2026-09-15 05:05:00+00:00,4343.0,4343.89990234375,4343.0,4343.10009765625,26.0
2026-09-15 05:06:00+00:00,4343.0,4343.2001953125,4342.0,4342.60009765625,74.0
2026-09-15 05:07:00+00:00,4342.7001953125,4342.7001953125,4341.5,4341.7998046875,20.0
2026-09-15 05:08:00+00:00,4341.89990234375,4342.2001953125,4341.7998046875,4342.10009765625,28.0
2026-09-15 05:09:00+00:00,4342.2001953125,4342.7998046875,4341.7998046875,4342.2001953125,33.0
2026-09-15 05:10:00+00:00,4342.0,4342.5,4341.7998046875,4342.2001953125,25.0
2026-09-15 05:11:00+00:00,4341.89990234375,4342.0,4340.89990234375,4341.10009765625,68.0
2026-09-15 05:12:00+00:00,4341.0,4341.39990234375,4340.60009765625,4340.7001953125,41.0
2026-09-15 05:13:00+00:00,4340.89990234375,4341.0,4340.39990234375,4340.7001953125,22.0
2026-09-15 05:14:00+00:00,4340.5,4342.0,4340.5,4341.60009765625,31.0
2026-09-15 05:15:00+00:00,4341.7001953125,4341.89990234375,4339.2998046875,4339.5,148.0
2026-09-15 05:16:00+00:00,4339.39990234375,4339.89990234375,4339.10009765625,4339.10009765625,54.0
2026-09-15 05:17:00+00:00,4339.2001953125,4339.7001953125,4338.7998046875,4338.7998046875,28.0
2026-09-15 05:18:00+00:00,4338.7001953125,4339.7998046875,4338.7001953125,4339.7998046875,25.0
2026-09-15 05:19:00+00:00,4340.0,4340.7001953125,4339.60009765625,4340.2998046875,38.0
2026-09-15 05:20:00+00:00,4340.2998046875,4341.39990234375,4339.60009765625,4339.89990234375,42.0
2026-09-15 05:21:00+00:00,4340.0,4340.2998046875,4337.5,4337.89990234375,70.0
2026-09-15 05:22:00+00:00,4337.7001953125,4338.39990234375,4337.0,4338.10009765625,56.0
2026-09-15 05:23:00+00:00,4337.7998046875,4337.89990234375,4337.0,4337.89990234375,72.0
2026-09-15 05:24:00+00:00,4337.7998046875,4337.7998046875,4337.2001953125,4337.7001953125,34.0
2026-09-15 05:25:00+00:00,4337.7998046875,4338.2001953125,4336.5,4337.10009765625,82.0
2026-09-15 05:26:00+00:00,4337.10009765625,4337.2001953125,4336.7001953125,4336.7998046875,18.0
2026-09-15 05:27:00+00:00,4336.7998046875,4337.39990234375,4336.5,4337.2001953125,62.0
2026-09-15 05:28:00+00:00,4337.2001953125,4338.0,4337.2001953125,4337.5,31.0
2026-09-15 05:29:00+00:00,4338.2001953125,4338.39990234375,4337.2001953125,4337.2001953125,25.0
2026-09-15 05:30:00+00:00,4337.0,4340.0,4335.7998046875,4336.39990234375,400.0
2026-09-15 05:31:00+00:00,4336.2001953125,4336.39990234375,4334.7001953125,4336.2998046875,92.0
2026-09-15 05:32:00+00:00,4335.5,4336.10009765625,4333.89990234375,4334.60009765625,104.0
2026-09-15 05:33:00+00:00,4334.2001953125,4335.0,4333.2998046875,4334.60009765625,97.0
2026-09-15 05:34:00+00:00,4334.5,4334.5,4329.10009765625,4333.39990234375,406.0
2026-09-15 05:35:00+00:00,4333.5,4334.2001953125,4331.7998046875,4333.39990234375,165.0
2026-09-15 05:36:00+00:00,4333.39990234375,4334.89990234375,4333.39990234375,4334.0,87.0
2026-09-15 05:37:00+00:00,4334.2001953125,4334.2001953125,4332.2001953125,4332.39990234375,55.0
2026-09-15 05:38:00+00:00,4332.5,4333.2998046875,4332.2001953125,4333.2998046875,13.0
2026-09-15 05:39:00+00:00,4332.89990234375,4334.7998046875,4332.7001953125,4334.39990234375,98.0
2026-09-15 05:40:00+00:00,4334.0,4336.10009765625,4333.89990234375,4336.10009765625,85.0
2026-09-15 05:41:00+00:00,4336.10009765625,4337.0,4335.7998046875,4336.10009765625,84.0
2026-09-15 05:42:00+00:00,4335.89990234375,4336.2998046875,4335.2998046875,4336.2998046875,42.0
2026-09-15 05:43:00+00:00,4335.89990234375,4336.7998046875,4334.2998046875,4334.7998046875,38.0
2026-09-15 05:44:00+00:00,4335.5,4337.39990234375,4335.2998046875,4336.39990234375,74.0
2026-09-15 05:45:00+00:00,4336.39990234375,4340.10009765625,4336.39990234375,4339.0,105.0
2026-09-15 05:46:00+00:00,4338.89990234375,4339.39990234375,4337.39990234375,4338.0,70.0
2026-09-15 05:47:00+00:00,4338.10009765625,4338.10009765625,4337.0,4337.2001953125,21.0
2026-09-15 05:48:00+00:00,4337.2001953125,4337.89990234375,4336.7998046875,4337.60009765625,29.0
2026-09-15 05:49:00+00:00,4337.7998046875,4338.39990234375,4334.60009765625,4334.89990234375,72.0
2026-09-15 05:50:00+00:00,4335.10009765625,4336.2998046875,4334.2998046875,4336.10009765625,50.0
2026-09-15 05:51:00+00:00,4336.10009765625,4338.5,4336.10009765625,4336.7998046875,58.0
2026-09-15 05:52:00+00:00,4336.89990234375,4338.89990234375,4336.89990234375,4338.39990234375,98.0
2026-09-15 05:53:00+00:00,4338.2998046875,4338.2998046875,4335.7998046875,4336.10009765625,35.0
2026-09-15 05:54:00+00:00,4336.5,4336.7001953125,4335.2998046875,4335.39990234375,37.0
2026-09-15 05:55:00+00:00,4335.0,4335.0,4334.0,4334.0,25.0
2026-09-15 05:56:00+00:00,4333.60009765625,4333.7001953125,4332.2998046875,4332.39990234375,112.0
2026-09-15 05:57:00+00:00,4332.39990234375,4333.2998046875,4332.0,4332.60009765625,53.0
2026-09-15 05:58:00+00:00,4332.39990234375,4332.39990234375,4331.5,4331.60009765625,31.0
2026-09-15 05:59:00+00:00,4331.39990234375,4331.7998046875,4331.0,4331.2001953125,89.0
2026-09-15 06:00:00+00:00,4331.10009765625,4334.7001953125,4331.0,4332.2998046875,210.0
2026-09-15 06:01:00+00:00,4332.60009765625,4334.10009765625,4332.2001953125,4332.89990234375,96.0
2026-09-15 06:02:00+00:00,4332.89990234375,4333.0,4332.39990234375,4332.5,42.0
2026-09-15 06:03:00+00:00,4332.7001953125,4333.60009765625,4330.7998046875,4332.2998046875,104.0
2026-09-15 06:04:00+00:00,4331.5,4332.10009765625,4331.2998046875,4331.89990234375,31.0
2026-09-15 06:05:00+00:00,4331.7001953125,4331.7001953125,4328.60009765625,4328.60009765625,109.0
2026-09-15 06:06:00+00:00,4328.5,4328.60009765625,4327.2998046875,4328.0,149.0
2026-09-15 06:07:00+00:00,4327.5,4327.89990234375,4326.0,4327.5,160.0
2026-09-15 06:08:00+00:00,4327.60009765625,4329.7998046875,4327.60009765625,4329.10009765625,222.0
2026-09-15 06:09:00+00:00,4329.2001953125,4331.39990234375,4328.7998046875,4328.7998046875,238.0
2026-09-15 06:10:00+00:00,4329.10009765625,4329.5,4328.2998046875,4328.2998046875,39.0
2026-09-15 06:11:00+00:00,4328.5,4328.7001953125,4326.2001953125,4326.5,252.0
2026-09-15 06:12:00+00:00,4326.39990234375,4327.7001953125,4326.39990234375,4327.2001953125,62.0
2026-09-15 06:13:00+00:00,4327.5,4330.7998046875,4327.5,4330.2998046875,74.0
2026-09-15 06:14:00+00:00,4330.0,4330.5,4329.7001953125,4330.10009765625,22.0
2026-09-15 06:15:00+00:00,4330.2001953125,4330.2001953125,4329.2998046875,4330.10009765625,35.0
2026-09-15 06:16:00+00:00,4329.89990234375,4331.60009765625,4329.7001953125,4331.0,81.0
2026-09-15 06:17:00+00:00,4330.60009765625,4332.60009765625,4330.60009765625,4332.60009765625,88.0
2026-09-15 06:18:00+00:00,4332.2001953125,4332.60009765625,4330.2001953125,4331.10009765625,47.0
2026-09-15 06:19:00+00:00,4330.60009765625,4330.7998046875,4329.60009765625,4330.0,27.0
2026-09-15 06:20:00+00:00,4330.39990234375,4330.39990234375,4328.7998046875,4328.89990234375,39.0
2026-09-15 06:21:00+00:00,4329.0,4330.39990234375,4328.5,4330.39990234375,55.0
2026-09-15 06:22:00+00:00,4329.7998046875,4331.7998046875,4329.7001953125,4330.2001953125,67.0
2026-09-15 06:23:00+00:00,4330.39990234375,4331.7001953125,4330.10009765625,4330.10009765625,45.0
2026-09-15 06:24:00+00:00,4329.89990234375,4330.7998046875,4329.7001953125,4329.89990234375,59.0
2026-09-15 06:25:00+00:00,4329.7001953125,4330.10009765625,4327.5,4328.0,112.0
2026-09-15 06:26:00+00:00,4327.7998046875,4329.10009765625,4327.60009765625,4328.2001953125,64.0
2026-09-15 06:27:00+00:00,4328.2998046875,4328.2998046875,4327.2998046875,4328.0,39.0
2026-09-15 06:28:00+00:00,4327.89990234375,4329.2998046875,4327.89990234375,4329.2998046875,24.0
2026-09-15 06:29:00+00:00,4329.5,4330.2998046875,4329.2998046875,4329.5,27.0
2026-09-15 06:30:00+00:00,4329.5,4329.7001953125,4328.2001953125,4328.2001953125,42.0
2026-09-15 06:31:00+00:00,4327.89990234375,4328.0,4326.89990234375,4327.5,37.0
2026-09-15 06:32:00+00:00,4327.7998046875,4327.89990234375,4326.2998046875,4326.89990234375,72.0
2026-09-15 06:33:00+00:00,4327.0,4327.2001953125,4325.89990234375,4327.2001953125,50.0
2026-09-15 06:34:00+00:00,4326.89990234375,4328.0,4326.5,4327.0,70.0
2026-09-15 06:35:00+00:00,4327.2001953125,4328.7998046875,4327.2001953125,4328.5,28.0
2026-09-15 06:36:00+00:00,4327.89990234375,4328.10009765625,4327.60009765625,4327.7998046875,33.0
2026-09-15 06:37:00+00:00,4328.10009765625,4328.39990234375,4327.39990234375,4328.39990234375,39.0
2026-09-15 06:38:00+00:00,4328.5,4329.7001953125,4328.2001953125,4329.7001953125,48.0
2026-09-15 06:39:00+00:00,4329.7001953125,4331.39990234375,4329.39990234375,4330.89990234375,74.0
2026-09-15 06:40:00+00:00,4331.0,4331.0,4329.89990234375,4329.89990234375,65.0
2026-09-15 06:41:00+00:00,4329.89990234375,4331.0,4329.7998046875,4330.10009765625,69.0
2026-09-15 06:42:00+00:00,4330.2998046875,4330.7998046875,4328.60009765625,4329.0,53.0
2026-09-15 06:43:00+00:00,4328.89990234375,4330.39990234375,4328.5,4330.2001953125,173.0
2026-09-15 06:44:00+00:00,4330.5,4331.0,4330.0,4330.7001953125,38.0
2026-09-15 06:45:00+00:00,4330.7998046875,4335.2998046875,4330.7001953125,4332.2001953125,689.0
2026-09-15 06:46:00+00:00,4332.10009765625,4332.10009765625,4330.89990234375,4331.2001953125,57.0
2026-09-15 06:47:00+00:00,4331.39990234375,4332.39990234375,4330.89990234375,4331.7998046875,99.0
2026-09-15 06:48:00+00:00,4331.60009765625,4332.5,4331.2998046875,4332.5,102.0
2026-09-15 06:49:00+00:00,4332.5,4333.2001953125,4332.2001953125,4332.60009765625,40.0
2026-09-15 06:50:00+00:00,4332.60009765625,4333.39990234375,4332.2001953125,4333.2001953125,71.0
2026-09-15 06:51:00+00:00,4333.10009765625,4333.7998046875,4332.7001953125,4333.60009765625,61.0
2026-09-15 06:52:00+00:00,4333.5,4334.2001953125,4332.39990234375,4332.7998046875,107.0
2026-09-15 06:53:00+00:00,4333.0,4333.39990234375,4332.5,4333.10009765625,66.0
2026-09-15 06:54:00+00:00,4332.89990234375,4333.7001953125,4332.7998046875,4333.0,42.0
2026-09-15 06:55:00+00:00,4332.60009765625,4333.10009765625,4332.10009765625,4332.89990234375,151.0
2026-09-15 06:56:00+00:00,4333.10009765625,4334.39990234375,4332.60009765625,4334.2001953125,47.0
2026-09-15 06:57:00+00:00,4334.10009765625,4335.10009765625,4334.0,4335.10009765625,86.0
2026-09-15 06:58:00+00:00,4335.0,4335.10009765625,4333.2998046875,4334.10009765625,67.0
2026-09-15 06:59:00+00:00,4333.60009765625,4334.2001953125,4333.39990234375,4333.60009765625,71.0
2026-09-15 07:00:00+00:00,4333.5,4335.7001953125,4332.2001953125,4334.60009765625,149.0
2026-09-15 07:01:00+00:00,4334.60009765625,4334.60009765625,4332.0,4332.2998046875,117.0
2026-09-15 07:02:00+00:00,4332.2998046875,4332.2998046875,4330.0,4330.7001953125,264.0
2026-09-15 07:03:00+00:00,4331.0,4332.39990234375,4329.5,4331.7998046875,421.0
2026-09-15 07:04:00+00:00,4331.89990234375,4332.7998046875,4331.5,4331.7001953125,46.0
2026-09-15 07:05:00+00:00,4331.5,4332.39990234375,4329.60009765625,4329.60009765625,76.0
2026-09-15 07:06:00+00:00,4329.5,4330.89990234375,4328.89990234375,4330.7998046875,84.0
2026-09-15 07:07:00+00:00,4330.89990234375,4331.0,4330.10009765625,4330.39990234375,48.0
2026-09-15 07:08:00+00:00,4330.60009765625,4331.39990234375,4330.60009765625,4330.7001953125,46.0
2026-09-15 07:09:00+00:00,4330.60009765625,4331.39990234375,4330.0,4331.0,47.0
2026-09-15 07:10:00+00:00,4331.5,4332.0,4329.7998046875,4329.7998046875,41.0
2026-09-15 07:11:00+00:00,4329.39990234375,4329.7001953125,4327.89990234375,4328.2001953125,75.0
2026-09-15 07:12:00+00:00,4328.2001953125,4328.39990234375,4327.2001953125,4327.2001953125,69.0
2026-09-15 07:13:00+00:00,4327.39990234375,4328.89990234375,4327.39990234375,4327.5,53.0
2026-09-15 07:14:00+00:00,4327.60009765625,4328.5,4326.89990234375,4328.2998046875,94.0
2026-09-15 07:15:00+00:00,4328.5,4329.0,4328.2998046875,4328.7998046875,25.0
2026-09-15 07:16:00+00:00,4329.10009765625,4331.89990234375,4329.10009765625,4331.89990234375,55.0
2026-09-15 07:17:00+00:00,4331.0,4331.2998046875,4330.10009765625,4330.7001953125,47.0
2026-09-15 07:18:00+00:00,4330.7998046875,4331.39990234375,4329.7001953125,4330.2998046875,41.0
2026-09-15 07:19:00+00:00,4330.39990234375,4332.2998046875,4329.89990234375,4331.7001953125,43.0
2026-09-15 07:20:00+00:00,4331.7998046875,4331.7998046875,4329.2998046875,4330.10009765625,66.0
2026-09-15 07:21:00+00:00,4330.39990234375,4330.39990234375,4329.60009765625,4329.89990234375,17.0
2026-09-15 07:22:00+00:00,4329.5,4329.7998046875,4328.60009765625,4328.89990234375,30.0
2026-09-15 07:23:00+00:00,4328.7001953125,4329.2998046875,4328.0,4328.7001953125,111.0
2026-09-15 07:24:00+00:00,4328.89990234375,4329.2998046875,4327.89990234375,4329.0,92.0
2026-09-15 07:25:00+00:00,4329.39990234375,4329.60009765625,4328.0,4328.2001953125,161.0
2026-09-15 07:26:00+00:00,4328.10009765625,4328.89990234375,4328.0,4328.39990234375,40.0
2026-09-15 07:27:00+00:00,4328.39990234375,4330.60009765625,4328.10009765625,4330.60009765625,78.0
2026-09-15 07:28:00+00:00,4330.39990234375,4330.89990234375,4330.2998046875,4330.7001953125,71.0
2026-09-15 07:29:00+00:00,4330.5,4332.60009765625,4330.5,4332.10009765625,98.0
2026-09-15 07:30:00+00:00,4332.39990234375,4332.5,4331.7998046875,4332.10009765625,33.0
2026-09-15 07:31:00+00:00,4331.7001953125,4333.2998046875,4330.39990234375,4332.60009765625,59.0
2026-09-15 07:32:00+00:00,4332.89990234375,4332.89990234375,4330.7001953125,4331.0,55.0
2026-09-15 07:33:00+00:00,4331.10009765625,4331.89990234375,4330.7998046875,4331.2998046875,11.0
2026-09-15 07:34:00+00:00,4331.39990234375,4331.39990234375,4330.5,4330.7001953125,22.0
2026-09-15 07:35:00+00:00,4330.39990234375,4330.5,4327.39990234375,4329.5,76.0
2026-09-15 07:36:00+00:00,4328.60009765625,4328.60009765625,4326.89990234375,4327.60009765625,51.0
2026-09-15 07:37:00+00:00,4327.5,4327.5,4325.60009765625,4325.89990234375,84.0
2026-09-15 07:38:00+00:00,4325.7998046875,4326.10009765625,4325.10009765625,4325.7998046875,76.0
2026-09-15 07:39:00+00:00,4326.2998046875,4326.60009765625,4325.89990234375,4326.0,47.0
2026-09-15 07:40:00+00:00,4326.2001953125,4327.10009765625,4324.2001953125,4324.39990234375,102.0
2026-09-15 07:41:00+00:00,4324.7001953125,4324.7998046875,4322.39990234375,4322.60009765625,224.0
2026-09-15 07:42:00+00:00,4322.39990234375,4323.2001953125,4320.60009765625,4321.89990234375,326.0
2026-09-15 07:43:00+00:00,4321.89990234375,4324.5,4321.2001953125,4323.0,165.0
2026-09-15 07:44:00+00:00,4323.2001953125,4325.2998046875,4322.39990234375,4324.10009765625,191.0
2026-09-15 07:45:00+00:00,4324.2001953125,4328.7998046875,4323.7998046875,4327.10009765625,493.0
2026-09-15 07:46:00+00:00,4327.5,4328.2001953125,4326.2998046875,4327.39990234375,100.0
2026-09-15 07:47:00+00:00,4327.7001953125,4330.7998046875,4326.7001953125,4326.7001953125,327.0
2026-09-15 07:48:00+00:00,4327.0,4327.0,4325.2998046875,4326.2998046875,79.0
2026-09-15 07:49:00+00:00,4326.39990234375,4326.39990234375,4325.39990234375,4325.5,35.0
2026-09-15 07:50:00+00:00,4325.2998046875,4325.39990234375,4322.39990234375,4322.7998046875,64.0
2026-09-15 07:51:00+00:00,4323.0,4323.0,4320.2998046875,4320.2998046875,106.0
2026-09-15 07:52:00+00:00,4320.5,4320.7001953125,4318.10009765625,4318.60009765625,268.0
2026-09-15 07:53:00+00:00,4318.89990234375,4319.2001953125,4316.7998046875,4317.60009765625,108.0
2026-09-15 07:54:00+00:00,4317.7001953125,4318.2998046875,4316.7998046875,4318.2998046875,113.0
2026-09-15 07:55:00+00:00,4318.10009765625,4319.2001953125,4316.60009765625,4319.0,160.0
2026-09-15 07:56:00+00:00,4318.39990234375,4318.89990234375,4317.39990234375,4318.7998046875,87.0
2026-09-15 07:57:00+00:00,4318.5,4319.10009765625,4318.10009765625,4318.7998046875,54.0
2026-09-15 07:58:00+00:00,4318.60009765625,4320.10009765625,4318.39990234375,4320.10009765625,85.0
2026-09-15 07:59:00+00:00,4320.2001953125,4320.89990234375,4319.7001953125,4320.7001953125,109.0
2026-09-15 08:00:00+00:00,4320.7998046875,4320.89990234375,4315.10009765625,4315.2998046875,228.0
2026-09-15 08:01:00+00:00,4315.89990234375,4316.0,4312.89990234375,4313.7001953125,329.0
2026-09-15 08:02:00+00:00,4313.60009765625,4314.39990234375,4311.2998046875,4311.2998046875,307.0
2026-09-15 08:03:00+00:00,4311.2998046875,4311.2998046875,4308.89990234375,4309.89990234375,271.0
2026-09-15 08:04:00+00:00,4309.7001953125,4310.39990234375,4305.7001953125,4307.10009765625,416.0
2026-09-15 08:05:00+00:00,4307.39990234375,4309.10009765625,4305.60009765625,4309.0,374.0
2026-09-15 08:06:00+00:00,4308.5,4308.7001953125,4306.2998046875,4307.7998046875,169.0
2026-09-15 08:07:00+00:00,4308.2998046875,4308.5,4306.7001953125,4307.60009765625,113.0
2026-09-15 08:08:00+00:00,4307.5,4307.5,4304.5,4304.89990234375,293.0
2026-09-15 08:09:00+00:00,4304.7998046875,4305.7001953125,4304.5,4305.5,99.0
2026-09-15 08:10:00+00:00,4305.5,4305.7998046875,4304.0,4304.7998046875,153.0
2026-09-15 08:11:00+00:00,4304.60009765625,4306.7001953125,4304.10009765625,4304.89990234375,320.0
2026-09-15 08:12:00+00:00,4305.10009765625,4307.0,4304.60009765625,4306.0,124.0
2026-09-15 08:13:00+00:00,4305.7001953125,4308.5,4304.2001953125,4307.7001953125,171.0
2026-09-15 08:14:00+00:00,4307.7998046875,4308.7001953125,4305.89990234375,4308.2998046875,166.0
2026-09-15 08:15:00+00:00,4308.0,4310.2998046875,4307.2998046875,4310.2998046875,155.0
2026-09-15 08:16:00+00:00,4310.5,4312.10009765625,4309.0,4311.60009765625,147.0
2026-09-15 08:17:00+00:00,4311.7998046875,4313.60009765625,4311.0,4311.39990234375,259.0
2026-09-15 08:18:00+00:00,4311.5,4313.7001953125,4311.5,4313.7001953125,45.0
2026-09-15 08:19:00+00:00,4313.7998046875,4314.7001953125,4312.5,4314.7001953125,73.0
2026-09-15 08:20:00+00:00,4314.2001953125,4314.60009765625,4313.10009765625,4313.2998046875,74.0
2026-09-15 08:21:00+00:00,4314.10009765625,4314.10009765625,4312.2998046875,4313.5,115.0
2026-09-15 08:22:00+00:00,4313.5,4315.5,4313.5,4314.89990234375,85.0
2026-09-15 08:23:00+00:00,4315.0,4315.2998046875,4312.7001953125,4312.7001953125,92.0
2026-09-15 08:24:00+00:00,4312.7001953125,4312.7998046875,4312.10009765625,4312.10009765625,68.0
2026-09-15 08:25:00+00:00,4312.2998046875,4312.5,4311.7998046875,4312.0,55.0
2026-09-15 08:26:00+00:00,4311.89990234375,4312.7001953125,4311.5,4312.39990234375,78.0
2026-09-15 08:27:00+00:00,4312.2998046875,4314.0,4312.2998046875,4313.10009765625,60.0
2026-09-15 08:28:00+00:00,4312.7001953125,4316.0,4312.0,4313.5,254.0
2026-09-15 08:29:00+00:00,4313.7001953125,4314.10009765625,4311.7998046875,4313.7998046875,71.0
2026-09-15 08:30:00+00:00,4313.7998046875,4314.7998046875,4312.10009765625,4314.60009765625,112.0
2026-09-15 08:31:00+00:00,4314.7001953125,4315.0,4313.5,4314.10009765625,93.0
2026-09-15 08:32:00+00:00,4314.60009765625,4315.0,4313.2998046875,4314.39990234375,81.0
2026-09-15 08:33:00+00:00,4314.2001953125,4315.2001953125,4313.7001953125,4314.5,58.0
2026-09-15 08:34:00+00:00,4314.7998046875,4314.7998046875,4313.60009765625,4313.60009765625,34.0
2026-09-15 08:35:00+00:00,4314.2998046875,4315.2998046875,4313.60009765625,4315.2998046875,38.0
2026-09-15 08:36:00+00:00,4314.60009765625,4315.2998046875,4312.89990234375,4313.0,36.0
2026-09-15 08:37:00+00:00,4313.2998046875,4313.39990234375,4311.7998046875,4312.2998046875,100.0
2026-09-15 08:38:00+00:00,4312.2998046875,4314.5,4311.2998046875,4311.2998046875,146.0
2026-09-15 08:39:00+00:00,4311.39990234375,4311.39990234375,4310.39990234375,4311.10009765625,40.0
2026-09-15 08:40:00+00:00,4311.2998046875,4311.2998046875,4309.60009765625,4310.60009765625,50.0
2026-09-15 08:41:00+00:00,4310.60009765625,4311.2998046875,4309.7998046875,4310.10009765625,67.0
2026-09-15 08:42:00+00:00,4309.89990234375,4311.0,4309.60009765625,4310.5,48.0
2026-09-15 08:43:00+00:00,4310.0,4310.2998046875,4308.7998046875,4309.2001953125,30.0
2026-09-15 08:44:00+00:00,4309.39990234375,4309.39990234375,4307.7998046875,4307.89990234375,117.0
2026-09-15 08:45:00+00:00,4308.39990234375,4309.2001953125,4307.7001953125,4309.10009765625,27.0
2026-09-15 08:46:00+00:00,4309.2998046875,4310.5,4309.2001953125,4309.2001953125,92.0
2026-09-15 08:47:00+00:00,4309.0,4309.7998046875,4309.0,4309.2001953125,35.0
2026-09-15 08:48:00+00:00,4309.0,4309.0,4307.10009765625,4307.39990234375,38.0
2026-09-15 08:49:00+00:00,4307.2001953125,4307.7001953125,4306.5,4307.0,53.0
2026-09-15 08:50:00+00:00,4307.2001953125,4309.0,4307.2001953125,4307.5,57.0
2026-09-15 08:51:00+00:00,4307.2001953125,4307.5,4306.7998046875,4307.39990234375,195.0
2026-09-15 08:52:00+00:00,4307.2998046875,4308.39990234375,4307.2998046875,4307.5,56.0
2026-09-15 08:53:00+00:00,4307.2001953125,4307.7998046875,4307.10009765625,4307.10009765625,36.0
2026-09-15 08:54:00+00:00,4307.2998046875,4307.89990234375,4307.2998046875,4307.89990234375,31.0
2026-09-15 08:55:00+00:00,4308.0,4309.10009765625,4306.39990234375,4307.10009765625,113.0
2026-09-15 08:56:00+00:00,4307.2001953125,4308.0,4307.2001953125,4307.7001953125,26.0
2026-09-15 08:57:00+00:00,4308.0,4309.10009765625,4307.60009765625,4308.2001953125,120.0
2026-09-15 08:58:00+00:00,4307.5,4307.5,4302.39990234375,4302.7998046875,344.0
2026-09-15 08:59:00+00:00,4302.7998046875,4303.2998046875,4301.7001953125,4302.7998046875,235.0
2026-09-15 09:00:00+00:00,4303.10009765625,4303.7001953125,4302.7998046875,4302.7998046875,78.0
2026-09-15 09:01:00+00:00,4302.7998046875,4304.5,4302.7998046875,4303.7998046875,117.0
2026-09-15 09:02:00+00:00,4303.60009765625,4304.0,4302.2998046875,4303.0,88.0
2026-09-15 09:03:00+00:00,4303.10009765625,4305.7998046875,4302.7998046875,4304.5,156.0
2026-09-15 09:04:00+00:00,4303.7998046875,4307.10009765625,4303.60009765625,4306.7001953125,71.0
2026-09-15 09:05:00+00:00,4306.39990234375,4307.7998046875,4305.7998046875,4307.0,75.0
2026-09-15 09:06:00+00:00,4307.2001953125,4307.2998046875,4305.7998046875,4306.39990234375,97.0
2026-09-15 09:07:00+00:00,4306.60009765625,4307.2001953125,4305.0,4305.5,121.0
2026-09-15 09:08:00+00:00,4305.60009765625,4306.60009765625,4305.60009765625,4305.89990234375,104.0
2026-09-15 09:09:00+00:00,4305.89990234375,4306.60009765625,4305.10009765625,4306.10009765625,97.0
2026-09-15 09:10:00+00:00,4306.10009765625,4306.7001953125,4304.10009765625,4304.10009765625,159.0
2026-09-15 09:11:00+00:00,4304.0,4306.2998046875,4304.0,4305.89990234375,119.0
2026-09-15 09:12:00+00:00,4305.5,4306.7998046875,4305.39990234375,4305.5,69.0
2026-09-15 09:13:00+00:00,4305.2998046875,4305.7001953125,4304.2998046875,4304.39990234375,44.0
2026-09-15 09:14:00+00:00,4304.2998046875,4307.60009765625,4304.2998046875,4306.0,244.0
2026-09-15 09:15:00+00:00,4305.89990234375,4307.2998046875,4304.0,4306.60009765625,258.0
2026-09-15 09:16:00+00:00,4306.2998046875,4308.10009765625,4305.5,4306.39990234375,182.0
2026-09-15 09:17:00+00:00,4306.2001953125,4306.39990234375,4303.7001953125,4303.89990234375,78.0
2026-09-15 09:18:00+00:00,4303.7998046875,4303.7998046875,4301.60009765625,4302.2998046875,84.0
2026-09-15 09:19:00+00:00,4302.2001953125,4303.5,4302.2001953125,4302.5,42.0
2026-09-15 09:20:00+00:00,4302.7001953125,4303.60009765625,4302.60009765625,4303.0,74.0
2026-09-15 09:21:00+00:00,4303.0,4304.0,4302.10009765625,4302.7998046875,78.0
2026-09-15 09:22:00+00:00,4302.60009765625,4304.89990234375,4302.2998046875,4304.39990234375,145.0
2026-09-15 09:23:00+00:00,4303.89990234375,4307.0,4303.0,4304.7001953125,419.0
2026-09-15 09:24:00+00:00,4304.5,4305.10009765625,4303.60009765625,4304.89990234375,78.0
2026-09-15 09:25:00+00:00,4304.7001953125,4306.2998046875,4303.7998046875,4304.10009765625,88.0
2026-09-15 09:26:00+00:00,4304.0,4304.60009765625,4302.7998046875,4303.2001953125,105.0
2026-09-15 09:27:00+00:00,4303.2998046875,4307.7001953125,4302.7998046875,4307.7001953125,105.0
2026-09-15 09:28:00+00:00,4307.5,4309.5,4305.89990234375,4307.2001953125,325.0
2026-09-15 09:29:00+00:00,4307.0,4308.0,4306.10009765625,4307.10009765625,108.0
2026-09-15 09:30:00+00:00,4306.7998046875,4307.89990234375,4305.5,4306.89990234375,196.0
2026-09-15 09:31:00+00:00,4306.89990234375,4307.5,4306.10009765625,4306.60009765625,113.0
2026-09-15 09:32:00+00:00,4307.0,4307.39990234375,4304.89990234375,4306.10009765625,169.0
2026-09-15 09:33:00+00:00,4305.89990234375,4306.2001953125,4305.10009765625,4305.2998046875,28.0
2026-09-15 09:34:00+00:00,4305.2998046875,4307.60009765625,4305.2998046875,4306.89990234375,117.0
2026-09-15 09:35:00+00:00,4306.39990234375,4307.39990234375,4306.2001953125,4307.10009765625,23.0
2026-09-15 09:36:00+00:00,4306.7998046875,4306.89990234375,4305.2001953125,4305.39990234375,52.0
2026-09-15 09:37:00+00:00,4306.39990234375,4309.39990234375,4306.39990234375,4309.10009765625,465.0
2026-09-15 09:38:00+00:00,4309.2001953125,4309.2998046875,4308.0,4308.39990234375,74.0
2026-09-15 09:39:00+00:00,4308.7001953125,4309.2998046875,4308.10009765625,4309.0,44.0
2026-09-15 09:40:00+00:00,4308.7998046875,4309.39990234375,4308.2001953125,4308.7001953125,27.0
2026-09-15 09:41:00+00:00,4308.5,4311.10009765625,4308.5,4310.7998046875,95.0
2026-09-15 09:42:00+00:00,4310.7001953125,4312.0,4309.7998046875,4312.0,271.0
2026-09-15 09:43:00+00:00,4312.10009765625,4312.39990234375,4310.89990234375,4310.89990234375,78.0
2026-09-15 09:44:00+00:00,4310.5,4310.5,4309.39990234375,4309.5,245.0
2026-09-15 09:45:00+00:00,4309.7001953125,4309.7998046875,4308.39990234375,4309.60009765625,229.0
2026-09-15 09:46:00+00:00,4309.60009765625,4310.2998046875,4308.7998046875,4309.39990234375,121.0
2026-09-15 09:47:00+00:00,4309.39990234375,4311.2001953125,4309.39990234375,4310.2998046875,51.0
2026-09-15 09:48:00+00:00,4310.2998046875,4311.89990234375,4310.2998046875,4311.7998046875,51.0
2026-09-15 09:49:00+00:00,4311.89990234375,4312.10009765625,4310.5,4310.5,65.0
2026-09-15 09:50:00+00:00,4310.7001953125,4311.5,4309.7001953125,4310.7001953125,102.0
2026-09-15 09:51:00+00:00,4310.60009765625,4311.0,4309.2001953125,4310.10009765625,80.0
2026-09-15 09:52:00+00:00,4310.10009765625,4310.7998046875,4309.7001953125,4310.7998046875,40.0
2026-09-15 09:53:00+00:00,4310.7998046875,4311.2998046875,4309.0,4309.0,57.0
2026-09-15 09:54:00+00:00,4308.7998046875,4311.0,4308.7998046875,4311.0,33.0
2026-09-15 09:55:00+00:00,4310.7998046875,4310.89990234375,4310.0,4310.2998046875,36.0
2026-09-15 09:56:00+00:00,4309.89990234375,4310.0,4309.0,4309.7998046875,64.0
2026-09-15 09:57:00+00:00,4309.7998046875,4310.2001953125,4308.5,4308.60009765625,27.0
2026-09-15 09:58:00+00:00,4308.7001953125,4309.0,4307.89990234375,4308.39990234375,24.0
2026-09-15 09:59:00+00:00,4308.2001953125,4309.5,4308.2001953125,4308.7001953125,56.0
2026-09-15 10:00:00+00:00,4308.7998046875,4311.2998046875,4308.7998046875,4310.10009765625,106.0
2026-09-15 10:01:00+00:00,4310.10009765625,4311.7001953125,4309.89990234375,4310.60009765625,99.0
2026-09-15 10:02:00+00:00,4310.39990234375,4312.2001953125,4310.2998046875,4312.0,47.0
2026-09-15 10:03:00+00:00,4311.7001953125,4313.7001953125,4311.5,4313.60009765625,83.0
2026-09-15 10:04:00+00:00,4313.5,4313.7001953125,4312.0,4312.2998046875,66.0
2026-09-15 10:05:00+00:00,4311.89990234375,4313.7001953125,4311.89990234375,4313.7001953125,42.0
2026-09-15 10:06:00+00:00,4313.5,4315.2998046875,4313.2001953125,4314.7001953125,99.0
2026-09-15 10:07:00+00:00,4314.60009765625,4314.7001953125,4314.0,4314.10009765625,37.0
2026-09-15 10:08:00+00:00,4314.39990234375,4315.0,4314.2001953125,4314.89990234375,87.0
2026-09-15 10:09:00+00:00,4314.7998046875,4316.2998046875,4314.2001953125,4314.7001953125,233.0
2026-09-15 10:10:00+00:00,4314.39990234375,4315.5,4314.2001953125,4315.10009765625,129.0
2026-09-15 10:11:00+00:00,4314.7998046875,4318.39990234375,4314.39990234375,4314.60009765625,385.0
2026-09-15 10:12:00+00:00,4314.2001953125,4314.39990234375,4313.2998046875,4314.0,55.0
2026-09-15 10:13:00+00:00,4314.0,4314.2998046875,4312.2001953125,4313.10009765625,110.0
2026-09-15 10:14:00+00:00,4313.0,4314.39990234375,4313.0,4313.39990234375,126.0
2026-09-15 10:15:00+00:00,4313.60009765625,4313.60009765625,4312.2001953125,4313.0,68.0
2026-09-15 10:16:00+00:00,4313.2001953125,4313.2001953125,4311.10009765625,4311.60009765625,67.0
2026-09-15 10:17:00+00:00,4311.5,4311.5,4310.2998046875,4310.5,81.0
2026-09-15 10:18:00+00:00,4310.7998046875,4311.7001953125,4310.5,4311.5,34.0
2026-09-15 10:19:00+00:00,4311.7998046875,4312.5,4311.7001953125,4312.0,61.0
2026-09-15 10:20:00+00:00,4311.7001953125,4312.7001953125,4311.39990234375,4312.7001953125,46.0
2026-09-15 10:21:00+00:00,4312.60009765625,4312.7998046875,4311.7998046875,4311.89990234375,41.0
2026-09-15 10:22:00+00:00,4311.7998046875,4312.60009765625,4310.5,4312.5,72.0
2026-09-15 10:23:00+00:00,4312.7998046875,4315.10009765625,4312.7998046875,4314.5,146.0
2026-09-15 10:24:00+00:00,4314.60009765625,4314.7998046875,4314.2001953125,4314.7001953125,53.0
2026-09-15 10:25:00+00:00,4314.60009765625,4314.60009765625,4313.89990234375,4314.2998046875,19.0
2026-09-15 10:26:00+00:00,4314.10009765625,4314.39990234375,4313.60009765625,4313.7998046875,31.0
2026-09-15 10:27:00+00:00,4313.7998046875,4313.7998046875,4313.10009765625,4313.10009765625,27.0
2026-09-15 10:28:00+00:00,4313.5,4314.0,4313.2001953125,4313.39990234375,46.0
2026-09-15 10:29:00+00:00,4313.2998046875,4314.60009765625,4313.2998046875,4314.39990234375,47.0
2026-09-15 10:30:00+00:00,4314.60009765625,4314.7001953125,4313.7998046875,4314.2001953125,25.0
2026-09-15 10:31:00+00:00,4314.5,4314.7001953125,4314.2998046875,4314.39990234375,42.0
2026-09-15 10:32:00+00:00,4314.7001953125,4314.89990234375,4313.7998046875,4314.2001953125,20.0
2026-09-15 10:33:00+00:00,4315.0,4315.60009765625,4314.7998046875,4315.39990234375,107.0
2026-09-15 10:34:00+00:00,4315.39990234375,4315.39990234375,4314.2998046875,4315.10009765625,47.0
2026-09-15 10:35:00+00:00,4314.89990234375,4315.5,4314.60009765625,4314.7001953125,52.0
2026-09-15 10:36:00+00:00,4314.5,4316.2998046875,4314.5,4315.5,87.0
2026-09-15 10:37:00+00:00,4315.60009765625,4315.60009765625,4314.2998046875,4314.2998046875,49.0
2026-09-15 10:38:00+00:00,4314.39990234375,4315.2998046875,4314.10009765625,4314.2998046875,70.0
2026-09-15 10:39:00+00:00,4314.10009765625,4314.5,4313.60009765625,4314.10009765625,46.0
2026-09-15 10:40:00+00:00,4314.2001953125,4314.7001953125,4313.5,4313.60009765625,26.0
2026-09-15 10:41:00+00:00,4313.7998046875,4315.0,4313.7998046875,4314.89990234375,61.0
2026-09-15 10:42:00+00:00,4315.10009765625,4317.2998046875,4315.0,4317.10009765625,127.0
2026-09-15 10:43:00+00:00,4317.2001953125,4317.2998046875,4314.7998046875,4315.0,102.0
2026-09-15 10:44:00+00:00,4315.10009765625,4315.5,4314.7001953125,4314.7998046875,38.0
2026-09-15 10:45:00+00:00,4315.0,4317.0,4315.0,4316.5,79.0
2026-09-15 10:46:00+00:00,4316.39990234375,4316.89990234375,4316.2001953125,4316.2998046875,54.0
2026-09-15 10:47:00+00:00,4316.2998046875,4316.2998046875,4314.89990234375,4315.2001953125,85.0
2026-09-15 10:48:00+00:00,4315.10009765625,4315.7001953125,4315.0,4315.2001953125,38.0
2026-09-15 10:49:00+00:00,4315.2998046875,4317.39990234375,4314.39990234375,4317.10009765625,108.0
2026-09-15 10:50:00+00:00,4317.10009765625,4318.7001953125,4317.10009765625,4318.60009765625,51.0
2026-09-15 10:51:00+00:00,4318.60009765625,4320.10009765625,4318.39990234375,4319.5,353.0
2026-09-15 10:52:00+00:00,4319.60009765625,4321.7998046875,4319.60009765625,4321.60009765625,250.0
2026-09-15 10:53:00+00:00,4321.60009765625,4321.89990234375,4321.2998046875,4321.7998046875,70.0
2026-09-15 10:54:00+00:00,4321.89990234375,4322.7001953125,4321.5,4322.2001953125,138.0
2026-09-15 10:55:00+00:00,4322.0,4323.60009765625,4321.7998046875,4323.2998046875,84.0
2026-09-15 10:56:00+00:00,4323.5,4324.0,4322.7001953125,4322.7001953125,145.0
2026-09-15 10:57:00+00:00,4322.5,4323.0,4321.5,4322.60009765625,155.0
2026-09-15 10:58:00+00:00,4322.7001953125,4323.60009765625,4321.89990234375,4321.89990234375,56.0
2026-09-15 10:59:00+00:00,4322.2001953125,4322.39990234375,4321.10009765625,4321.7998046875,109.0
2026-09-15 11:00:00+00:00,4321.2001953125,4322.0,4320.89990234375,4321.2998046875,45.0
2026-09-15 11:01:00+00:00,4321.39990234375,4322.2001953125,4321.2998046875,4321.7001953125,80.0
2026-09-15 11:02:00+00:00,4321.2998046875,4321.60009765625,4320.7001953125,4321.60009765625,60.0
2026-09-15 11:03:00+00:00,4321.5,4321.7001953125,4320.39990234375,4320.7001953125,31.0
2026-09-15 11:04:00+00:00,4320.7001953125,4320.7001953125,4319.89990234375,4320.2001953125,42.0
2026-09-15 11:05:00+00:00,4320.5,4320.5,4319.0,4319.5,66.0
2026-09-15 11:06:00+00:00,4319.60009765625,4320.5,4318.7998046875,4318.89990234375,134.0
2026-09-15 11:07:00+00:00,4319.0,4320.2998046875,4318.89990234375,4319.89990234375,53.0
2026-09-15 11:08:00+00:00,4320.10009765625,4320.5,4319.2001953125,4320.2998046875,64.0
2026-09-15 11:09:00+00:00,4320.39990234375,4322.39990234375,4320.2998046875,4322.2998046875,78.0
2026-09-15 11:10:00+00:00,4322.39990234375,4323.2998046875,4322.0,4323.0,182.0
2026-09-15 11:11:00+00:00,4323.10009765625,4323.10009765625,4322.39990234375,4322.39990234375,61.0
2026-09-15 11:12:00+00:00,4322.39990234375,4323.60009765625,4321.7001953125,4322.60009765625,109.0
2026-09-15 11:13:00+00:00,4322.89990234375,4323.89990234375,4322.7998046875,4323.60009765625,34.0
2026-09-15 11:14:00+00:00,4323.7998046875,4324.0,4323.39990234375,4323.7998046875,28.0
2026-09-15 11:15:00+00:00,4323.89990234375,4324.39990234375,4323.2001953125,4324.10009765625,91.0
2026-09-15 11:16:00+00:00,4324.10009765625,4325.2998046875,4324.10009765625,4324.7998046875,96.0
2026-09-15 11:17:00+00:00,4324.7001953125,4325.7001953125,4324.39990234375,4325.7001953125,109.0
2026-09-15 11:18:00+00:00,4325.60009765625,4325.60009765625,4324.39990234375,4325.39990234375,148.0
2026-09-15 11:19:00+00:00,4325.2001953125,4325.39990234375,4323.60009765625,4323.60009765625,145.0
2026-09-15 11:20:00+00:00,4323.39990234375,4324.39990234375,4322.7998046875,4324.0,182.0
2026-09-15 11:21:00+00:00,4324.10009765625,4324.7001953125,4323.7001953125,4324.0,43.0
2026-09-15 11:22:00+00:00,4324.2001953125,4325.39990234375,4323.5,4325.0,63.0
2026-09-15 11:23:00+00:00,4325.10009765625,4325.10009765625,4323.89990234375,4324.10009765625,57.0
2026-09-15 11:24:00+00:00,4324.10009765625,4324.39990234375,4323.0,4323.7998046875,82.0
2026-09-15 11:25:00+00:00,4324.0,4324.5,4323.60009765625,4324.10009765625,44.0
2026-09-15 11:26:00+00:00,4323.7998046875,4324.2998046875,4323.7001953125,4324.10009765625,28.0
2026-09-15 11:27:00+00:00,4324.10009765625,4324.10009765625,4323.0,4323.7998046875,37.0
2026-09-15 11:28:00+00:00,4324.2001953125,4324.2001953125,4323.7001953125,4324.0,24.0
2026-09-15 11:29:00+00:00,4323.7998046875,4323.7998046875,4322.39990234375,4323.2998046875,36.0
2026-09-15 11:30:00+00:00,4323.2001953125,4323.2998046875,4322.2998046875,4322.39990234375,26.0
2026-09-15 11:31:00+00:00,4322.39990234375,4322.89990234375,4322.10009765625,4322.39990234375,44.0
2026-09-15 11:32:00+00:00,4322.60009765625,4322.60009765625,4321.39990234375,4321.89990234375,49.0
2026-09-15 11:33:00+00:00,4321.89990234375,4323.5,4321.7998046875,4323.39990234375,46.0
2026-09-15 11:34:00+00:00,4323.39990234375,4324.2998046875,4322.10009765625,4324.2998046875,41.0
2026-09-15 11:35:00+00:00,4324.7001953125,4325.2998046875,4324.10009765625,4324.7001953125,99.0
2026-09-15 11:36:00+00:00,4324.39990234375,4324.39990234375,4322.39990234375,4322.7998046875,44.0
2026-09-15 11:37:00+00:00,4323.10009765625,4323.10009765625,4321.89990234375,4322.2001953125,51.0
2026-09-15 11:38:00+00:00,4322.2001953125,4322.2998046875,4320.7998046875,4321.10009765625,60.0
2026-09-15 11:39:00+00:00,4320.7998046875,4321.5,4320.5,4320.89990234375,82.0
2026-09-15 11:40:00+00:00,4321.0,4321.5,4320.10009765625,4320.2998046875,72.0
2026-09-15 11:41:00+00:00,4321.0,4321.39990234375,4320.5,4320.7001953125,70.0
2026-09-15 11:42:00+00:00,4320.89990234375,4322.39990234375,4320.89990234375,4322.2998046875,35.0
2026-09-15 11:43:00+00:00,4322.2998046875,4323.0,4322.2001953125,4323.0,71.0
2026-09-15 11:44:00+00:00,4322.89990234375,4323.7998046875,4322.10009765625,4322.5,50.0
2026-09-15 11:45:00+00:00,4322.5,4325.10009765625,4322.5,4324.7001953125,135.0
2026-09-15 11:46:00+00:00,4324.5,4324.89990234375,4323.7998046875,4323.7998046875,59.0
2026-09-15 11:47:00+00:00,4323.7998046875,4325.2998046875,4323.7998046875,4324.5,91.0
2026-09-15 11:48:00+00:00,4324.2001953125,4324.89990234375,4324.0,4324.89990234375,39.0
2026-09-15 11:49:00+00:00,4324.60009765625,4324.60009765625,4323.2001953125,4323.5,77.0
2026-09-15 11:50:00+00:00,4323.39990234375,4324.39990234375,4323.2001953125,4323.7001953125,67.0
2026-09-15 11:51:00+00:00,4324.0,4325.10009765625,4323.7998046875,4324.7001953125,75.0
2026-09-15 11:52:00+00:00,4324.2001953125,4324.2001953125,4323.2001953125,4323.2001953125,93.0
2026-09-15 11:53:00+00:00,4323.10009765625,4323.39990234375,4322.60009765625,4322.7001953125,32.0
2026-09-15 11:54:00+00:00,4322.89990234375,4323.2001953125,4322.2998046875,4322.7998046875,33.0
2026-09-15 11:55:00+00:00,4322.7001953125,4323.5,4322.10009765625,4323.2001953125,67.0
2026-09-15 11:56:00+00:00,4323.39990234375,4326.39990234375,4323.39990234375,4324.39990234375,230.0
2026-09-15 11:57:00+00:00,4324.39990234375,4325.2998046875,4323.60009765625,4325.10009765625,82.0
2026-09-15 11:58:00+00:00,4325.2001953125,4326.7001953125,4324.60009765625,4324.60009765625,112.0
2026-09-15 11:59:00+00:00,4324.5,4324.7998046875,4324.2998046875,4324.39990234375,33.0
2026-09-15 12:00:00+00:00,4324.39990234375,4324.7998046875,4323.89990234375,4324.2998046875,80.0
2026-09-15 12:01:00+00:00,4324.5,4324.5,4321.7998046875,4322.39990234375,70.0
2026-09-15 12:02:00+00:00,4322.5,4322.5,4321.2001953125,4321.7001953125,116.0
2026-09-15 12:03:00+00:00,4321.7001953125,4322.0,4321.39990234375,4321.89990234375,55.0
2026-09-15 12:04:00+00:00,4321.7998046875,4324.2998046875,4321.7001953125,4324.2998046875,147.0
2026-09-15 12:05:00+00:00,4324.2001953125,4324.5,4322.89990234375,4322.89990234375,64.0
2026-09-15 12:06:00+00:00,4323.10009765625,4323.2998046875,4321.0,4321.5,102.0
2026-09-15 12:07:00+00:00,4321.5,4321.5,4319.7998046875,4319.7998046875,58.0
2026-09-15 12:08:00+00:00,4319.7998046875,4320.7998046875,4318.7001953125,4318.7001953125,97.0
2026-09-15 12:09:00+00:00,4318.7998046875,4318.7998046875,4317.0,4317.60009765625,259.0
2026-09-15 12:10:00+00:00,4317.39990234375,4317.60009765625,4315.60009765625,4317.60009765625,175.0
2026-09-15 12:11:00+00:00,4317.39990234375,4317.7001953125,4315.7001953125,4317.7001953125,123.0
2026-09-15 12:12:00+00:00,4317.7001953125,4318.2001953125,4317.0,4317.39990234375,33.0
2026-09-15 12:13:00+00:00,4317.2998046875,4318.39990234375,4316.7001953125,4318.39990234375,41.0
2026-09-15 12:14:00+00:00,4318.2998046875,4318.89990234375,4317.7001953125,4318.5,76.0
2026-09-15 12:15:00+00:00,4318.2998046875,4319.0,4317.10009765625,4317.60009765625,47.0
2026-09-15 12:16:00+00:00,4317.39990234375,4317.5,4316.10009765625,4317.10009765625,55.0
2026-09-15 12:17:00+00:00,4317.10009765625,4317.39990234375,4313.2998046875,4313.89990234375,297.0
2026-09-15 12:18:00+00:00,4314.0,4315.10009765625,4314.0,4314.10009765625,74.0
2026-09-15 12:19:00+00:00,4314.2001953125,4314.39990234375,4313.39990234375,4314.0,61.0
2026-09-15 12:20:00+00:00,4313.7998046875,4313.89990234375,4311.0,4311.7998046875,377.0
2026-09-15 12:21:00+00:00,4312.0,4314.5,4311.7998046875,4312.0,140.0
2026-09-15 12:22:00+00:00,4312.10009765625,4313.2001953125,4311.2998046875,4312.7001953125,128.0
2026-09-15 12:23:00+00:00,4313.0,4313.0,4311.0,4311.89990234375,100.0
2026-09-15 12:24:00+00:00,4311.89990234375,4313.39990234375,4311.60009765625,4313.10009765625,133.0
2026-09-15 12:25:00+00:00,4312.7998046875,4314.7998046875,4312.2998046875,4314.10009765625,131.0
2026-09-15 12:26:00+00:00,4314.10009765625,4315.7998046875,4313.39990234375,4314.2998046875,121.0
2026-09-15 12:27:00+00:00,4314.2001953125,4316.2998046875,4314.2001953125,4315.2998046875,128.0
2026-09-15 12:28:00+00:00,4315.10009765625,4316.2001953125,4315.10009765625,4315.60009765625,103.0
2026-09-15 12:29:00+00:00,4315.60009765625,4318.2998046875,4315.60009765625,4317.60009765625,140.0
2026-09-15 12:30:00+00:00,4317.39990234375,4317.7998046875,4315.7001953125,4316.39990234375,121.0
2026-09-15 12:31:00+00:00,4316.5,4318.2001953125,4316.39990234375,4318.0,85.0
2026-09-15 12:32:00+00:00,4317.7001953125,4318.2001953125,4315.2001953125,4315.60009765625,97.0
2026-09-15 12:33:00+00:00,4315.2998046875,4317.2998046875,4314.2998046875,4317.2998046875,106.0
2026-09-15 12:34:00+00:00,4317.2998046875,4322.7001953125,4317.2998046875,4322.5,216.0
2026-09-15 12:35:00+00:00,4322.7998046875,4325.7001953125,4322.7998046875,4324.5,677.0
2026-09-15 12:36:00+00:00,4324.2001953125,4325.10009765625,4320.7998046875,4321.0,390.0
2026-09-15 12:37:00+00:00,4320.7998046875,4322.2998046875,4320.0,4320.2001953125,175.0
2026-09-15 12:38:00+00:00,4320.39990234375,4321.89990234375,4319.5,4320.60009765625,86.0
2026-09-15 12:39:00+00:00,4320.60009765625,4321.5,4318.60009765625,4318.89990234375,87.0
2026-09-15 12:40:00+00:00,4318.89990234375,4319.2001953125,4317.7998046875,4318.89990234375,176.0
2026-09-15 12:41:00+00:00,4318.7001953125,4320.10009765625,4318.39990234375,4319.7001953125,49.0
2026-09-15 12:42:00+00:00,4319.2001953125,4320.2001953125,4318.7998046875,4319.2998046875,67.0
2026-09-15 12:43:00+00:00,4319.39990234375,4320.7998046875,4319.39990234375,4320.0,56.0
2026-09-15 12:44:00+00:00,4319.7998046875,4321.2001953125,4319.39990234375,4321.2001953125,114.0
2026-09-15 12:45:00+00:00,4321.0,4324.39990234375,4320.89990234375,4323.2998046875,325.0
2026-09-15 12:46:00+00:00,4322.60009765625,4324.0,4321.39990234375,4322.7998046875,204.0
2026-09-15 12:47:00+00:00,4322.7001953125,4323.7998046875,4320.7998046875,4323.0,105.0
2026-09-15 12:48:00+00:00,4323.10009765625,4328.5,4322.2998046875,4328.2998046875,503.0
2026-09-15 12:49:00+00:00,4328.2998046875,4331.10009765625,4326.5,4330.39990234375,435.0
2026-09-15 12:50:00+00:00,4330.2998046875,4331.5,4329.39990234375,4330.2001953125,299.0
2026-09-15 12:51:00+00:00,4329.7998046875,4330.0,4327.10009765625,4329.7998046875,160.0
2026-09-15 12:52:00+00:00,4330.10009765625,4331.2998046875,4328.89990234375,4329.39990234375,132.0
2026-09-15 12:53:00+00:00,4329.60009765625,4331.89990234375,4329.2001953125,4331.89990234375,103.0
2026-09-15 12:54:00+00:00,4331.89990234375,4334.2998046875,4331.39990234375,4333.2998046875,318.0
2026-09-15 12:55:00+00:00,4333.7001953125,4336.2998046875,4328.7001953125,4332.39990234375,884.0
2026-09-15 12:56:00+00:00,4332.60009765625,4332.7001953125,4327.0,4327.60009765625,307.0
2026-09-15 12:57:00+00:00,4327.60009765625,4327.60009765625,4325.5,4327.2001953125,178.0
2026-09-15 12:58:00+00:00,4327.2001953125,4330.10009765625,4327.2001953125,4328.2001953125,290.0
2026-09-15 12:59:00+00:00,4328.0,4331.7001953125,4327.89990234375,4330.60009765625,271.0
2026-09-15 13:00:00+00:00,4330.2001953125,4333.89990234375,4329.2998046875,4332.10009765625,450.0
2026-09-15 13:01:00+00:00,4332.2998046875,4334.60009765625,4332.2998046875,4333.0,233.0
2026-09-15 13:02:00+00:00,4333.0,4333.2998046875,4330.7998046875,4331.10009765625,193.0
2026-09-15 13:03:00+00:00,4331.2001953125,4332.39990234375,4329.2998046875,4330.7001953125,150.0
2026-09-15 13:04:00+00:00,4330.89990234375,4333.89990234375,4330.7001953125,4332.7998046875,161.0
2026-09-15 13:05:00+00:00,4333.0,4333.0,4328.60009765625,4328.7001953125,206.0
2026-09-15 13:06:00+00:00,4329.0,4329.0,4325.60009765625,4326.7001953125,172.0
2026-09-15 13:07:00+00:00,4326.39990234375,4326.5,4323.60009765625,4324.2998046875,285.0
2026-09-15 13:08:00+00:00,4324.2998046875,4325.39990234375,4324.0,4325.0,120.0
2026-09-15 13:09:00+00:00,4324.7001953125,4325.7998046875,4324.2998046875,4325.2998046875,138.0
2026-09-15 13:10:00+00:00,4325.2998046875,4327.5,4325.10009765625,4327.5,182.0
2026-09-15 13:11:00+00:00,4327.7001953125,4329.5,4327.2001953125,4327.5,145.0
2026-09-15 13:12:00+00:00,4327.5,4328.2998046875,4326.39990234375,4327.60009765625,100.0
2026-09-15 13:13:00+00:00,4327.7998046875,4328.5,4327.0,4327.5,81.0
2026-09-15 13:14:00+00:00,4327.5,4327.7998046875,4326.2998046875,4326.7998046875,90.0
2026-09-15 13:15:00+00:00,4326.89990234375,4328.5,4325.60009765625,4325.89990234375,119.0
2026-09-15 13:16:00+00:00,4326.5,4329.60009765625,4326.2998046875,4328.5,131.0
2026-09-15 13:17:00+00:00,4328.7998046875,4329.5,4327.7998046875,4329.39990234375,97.0
2026-09-15 13:18:00+00:00,4329.60009765625,4329.89990234375,4326.2001953125,4326.2001953125,103.0
2026-09-15 13:19:00+00:00,4326.10009765625,4327.5,4325.5,4327.2998046875,78.0
2026-09-15 13:20:00+00:00,4327.39990234375,4328.5,4327.2001953125,4328.2001953125,57.0
2026-09-15 13:21:00+00:00,4328.5,4329.0,4324.5,4328.2001953125,289.0
2026-09-15 13:22:00+00:00,4328.2001953125,4328.2001953125,4323.2998046875,4325.0,364.0
2026-09-15 13:23:00+00:00,4325.39990234375,4329.10009765625,4325.39990234375,4329.10009765625,171.0
2026-09-15 13:24:00+00:00,4329.2001953125,4332.39990234375,4327.7001953125,4332.2001953125,205.0
2026-09-15 13:25:00+00:00,4332.39990234375,4332.60009765625,4331.10009765625,4332.0,220.0
2026-09-15 13:26:00+00:00,4332.0,4333.39990234375,4331.2001953125,4331.7998046875,192.0
2026-09-15 13:27:00+00:00,4331.7998046875,4331.7998046875,4328.89990234375,4330.2001953125,226.0
2026-09-15 13:28:00+00:00,4330.0,4330.0,4326.89990234375,4327.7001953125,161.0
2026-09-15 13:29:00+00:00,4327.7001953125,4328.39990234375,4327.39990234375,4327.39990234375,71.0
2026-09-15 13:30:00+00:00,4327.60009765625,4331.60009765625,4326.89990234375,4327.7998046875,497.0
2026-09-15 13:31:00+00:00,4328.39990234375,4331.60009765625,4328.2998046875,4329.2998046875,194.0
2026-09-15 13:32:00+00:00,4329.39990234375,4329.39990234375,4324.7998046875,4325.2998046875,230.0
2026-09-15 13:33:00+00:00,4325.2001953125,4328.2998046875,4324.0,4324.0,174.0
2026-09-15 13:34:00+00:00,4324.2998046875,4326.7001953125,4324.2998046875,4326.5,139.0
2026-09-15 13:35:00+00:00,4326.7998046875,4330.5,4326.39990234375,4329.7998046875,255.0
2026-09-15 13:36:00+00:00,4330.60009765625,4333.39990234375,4328.7998046875,4333.39990234375,191.0
2026-09-15 13:37:00+00:00,4333.39990234375,4334.0,4331.2998046875,4332.2001953125,499.0
2026-09-15 13:38:00+00:00,4332.2001953125,4332.2001953125,4329.7998046875,4330.2998046875,275.0
2026-09-15 13:39:00+00:00,4330.0,4331.0,4326.10009765625,4326.39990234375,120.0
2026-09-15 13:40:00+00:00,4326.2001953125,4329.10009765625,4325.7001953125,4328.7998046875,106.0
2026-09-15 13:41:00+00:00,4329.10009765625,4329.60009765625,4326.89990234375,4328.7001953125,89.0
2026-09-15 13:42:00+00:00,4328.7001953125,4330.2998046875,4328.0,4328.0,70.0
2026-09-15 13:43:00+00:00,4327.60009765625,4327.89990234375,4325.0,4327.7001953125,158.0
2026-09-15 13:44:00+00:00,4327.39990234375,4329.7001953125,4327.2998046875,4329.60009765625,100.0
2026-09-15 13:45:00+00:00,4329.0,4331.7998046875,4328.0,4331.0,122.0
2026-09-15 13:46:00+00:00,4331.2001953125,4333.89990234375,4330.7998046875,4333.89990234375,105.0
2026-09-15 13:47:00+00:00,4334.10009765625,4335.0,4331.7001953125,4332.10009765625,352.0
2026-09-15 13:48:00+00:00,4332.0,4334.2001953125,4331.60009765625,4331.60009765625,142.0
2026-09-15 13:49:00+00:00,4331.60009765625,4335.60009765625,4331.0,4334.7998046875,291.0
2026-09-15 13:50:00+00:00,4334.7998046875,4335.10009765625,4331.89990234375,4333.2998046875,234.0
2026-09-15 13:51:00+00:00,4333.60009765625,4335.39990234375,4332.89990234375,4335.2001953125,150.0
2026-09-15 13:52:00+00:00,4334.7998046875,4337.89990234375,4333.10009765625,4335.0,485.0
2026-09-15 13:53:00+00:00,4334.7001953125,4335.60009765625,4332.60009765625,4335.60009765625,333.0
2026-09-15 13:54:00+00:00,4335.7001953125,4336.89990234375,4334.10009765625,4335.2998046875,184.0
2026-09-15 13:55:00+00:00,4335.2998046875,4336.2001953125,4334.5,4334.5,182.0
2026-09-15 13:56:00+00:00,4334.5,4336.10009765625,4334.10009765625,4334.7998046875,154.0
2026-09-15 13:57:00+00:00,4335.0,4335.60009765625,4334.2998046875,4334.7001953125,102.0
2026-09-15 13:58:00+00:00,4334.7998046875,4337.60009765625,4334.7998046875,4337.5,137.0
2026-09-15 13:59:00+00:00,4337.60009765625,4338.5,4334.5,4334.60009765625,188.0
2026-09-15 14:00:00+00:00,4334.60009765625,4338.7998046875,4333.89990234375,4338.7001953125,351.0
2026-09-15 14:01:00+00:00,4338.60009765625,4338.7001953125,4335.7998046875,4337.0,302.0
2026-09-15 14:02:00+00:00,4336.7998046875,4338.5,4335.89990234375,4337.5,181.0
2026-09-15 14:03:00+00:00,4337.39990234375,4339.0,4336.5,4336.7001953125,218.0
2026-09-15 14:04:00+00:00,4336.5,4337.39990234375,4334.10009765625,4334.7001953125,207.0
2026-09-15 14:05:00+00:00,4334.7998046875,4336.0,4333.60009765625,4335.7998046875,229.0
2026-09-15 14:06:00+00:00,4335.60009765625,4338.10009765625,4335.60009765625,4337.2001953125,187.0
2026-09-15 14:07:00+00:00,4336.89990234375,4340.7001953125,4335.60009765625,4338.39990234375,301.0
2026-09-15 14:08:00+00:00,4338.2998046875,4339.7001953125,4337.39990234375,4339.7001953125,277.0
2026-09-15 14:09:00+00:00,4339.7998046875,4340.39990234375,4337.7998046875,4337.7998046875,195.0
2026-09-15 14:10:00+00:00,4337.7001953125,4338.2998046875,4336.10009765625,4337.7998046875,174.0
2026-09-15 14:11:00+00:00,4337.7001953125,4337.7998046875,4335.10009765625,4335.89990234375,136.0
2026-09-15 14:12:00+00:00,4335.39990234375,4335.7001953125,4333.89990234375,4334.60009765625,135.0
2026-09-15 14:13:00+00:00,4334.7001953125,4336.2001953125,4334.60009765625,4334.7998046875,141.0
2026-09-15 14:14:00+00:00,4334.7001953125,4334.89990234375,4333.39990234375,4334.5,177.0
2026-09-15 14:15:00+00:00,4334.7001953125,4335.7998046875,4333.7001953125,4335.60009765625,173.0
2026-09-15 14:16:00+00:00,4335.5,4335.5,4330.7998046875,4331.10009765625,225.0
2026-09-15 14:17:00+00:00,4330.89990234375,4332.5,4330.7001953125,4331.7998046875,116.0
2026-09-15 14:18:00+00:00,4331.7001953125,4332.5,4329.7998046875,4330.39990234375,147.0
2026-09-15 14:19:00+00:00,4330.2998046875,4334.0,4330.10009765625,4334.0,144.0
2026-09-15 14:20:00+00:00,4334.10009765625,4335.10009765625,4330.89990234375,4331.5,233.0
2026-09-15 14:21:00+00:00,4331.39990234375,4332.10009765625,4327.5,4327.89990234375,213.0
2026-09-15 14:22:00+00:00,4328.0,4328.2998046875,4325.60009765625,4327.7998046875,337.0
2026-09-15 14:23:00+00:00,4327.5,4327.5,4326.0,4326.89990234375,113.0
2026-09-15 14:24:00+00:00,4326.7998046875,4329.7001953125,4326.10009765625,4328.7998046875,186.0
2026-09-15 14:25:00+00:00,4328.7998046875,4329.7001953125,4328.39990234375,4329.0,98.0
2026-09-15 14:26:00+00:00,4329.39990234375,4329.60009765625,4327.10009765625,4327.2001953125,143.0
2026-09-15 14:27:00+00:00,4327.2998046875,4327.2998046875,4324.10009765625,4324.39990234375,168.0
2026-09-15 14:28:00+00:00,4324.2998046875,4324.7001953125,4323.10009765625,4324.2998046875,254.0
2026-09-15 14:29:00+00:00,4324.5,4325.5,4322.2998046875,4324.39990234375,260.0
2026-09-15 14:30:00+00:00,4324.2998046875,4325.2001953125,4322.5,4322.89990234375,202.0
2026-09-15 14:31:00+00:00,4322.60009765625,4323.7998046875,4321.10009765625,4323.10009765625,155.0
2026-09-15 14:32:00+00:00,4322.7998046875,4323.0,4319.39990234375,4320.39990234375,202.0
2026-09-15 14:33:00+00:00,4320.5,4325.2001953125,4320.2998046875,4324.2998046875,354.0
2026-09-15 14:34:00+00:00,4324.5,4325.10009765625,4321.7001953125,4323.89990234375,215.0
2026-09-15 14:35:00+00:00,4323.7998046875,4326.2001953125,4323.2001953125,4323.89990234375,203.0
2026-09-15 14:36:00+00:00,4323.7001953125,4323.7001953125,4321.7998046875,4323.5,205.0
2026-09-15 14:37:00+00:00,4323.5,4323.5,4319.60009765625,4320.2998046875,121.0
2026-09-15 14:38:00+00:00,4320.10009765625,4320.2001953125,4316.2998046875,4317.0,581.0
2026-09-15 14:39:00+00:00,4316.7001953125,4318.7998046875,4315.7001953125,4317.60009765625,268.0
2026-09-15 14:40:00+00:00,4317.7998046875,4318.0,4316.10009765625,4316.5,147.0
2026-09-15 14:41:00+00:00,4316.89990234375,4318.10009765625,4316.7001953125,4317.2001953125,578.0
2026-09-15 14:42:00+00:00,4317.0,4318.60009765625,4316.89990234375,4317.89990234375,131.0
2026-09-15 14:43:00+00:00,4318.10009765625,4319.0,4317.2001953125,4318.2998046875,85.0
2026-09-15 14:44:00+00:00,4318.7001953125,4319.10009765625,4317.39990234375,4318.10009765625,88.0
2026-09-15 14:45:00+00:00,4317.89990234375,4322.10009765625,4317.89990234375,4321.89990234375,252.0
2026-09-15 14:46:00+00:00,4321.7998046875,4322.5,4321.2001953125,4322.5,147.0
2026-09-15 14:47:00+00:00,4322.39990234375,4322.7998046875,4320.2998046875,4320.5,106.0
2026-09-15 14:48:00+00:00,4321.2998046875,4321.2998046875,4318.7001953125,4318.7998046875,149.0
2026-09-15 14:49:00+00:00,4319.0,4319.0,4316.7001953125,4318.10009765625,145.0
2026-09-15 14:50:00+00:00,4318.10009765625,4319.10009765625,4317.0,4318.5,131.0
2026-09-15 14:51:00+00:00,4318.60009765625,4319.39990234375,4313.0,4315.10009765625,1060.0
2026-09-15 14:52:00+00:00,4315.5,4319.2998046875,4315.10009765625,4319.2998046875,128.0
2026-09-15 14:53:00+00:00,4319.0,4319.0,4316.10009765625,4317.60009765625,103.0
2026-09-15 14:54:00+00:00,4317.7001953125,4320.89990234375,4317.7001953125,4320.10009765625,303.0
2026-09-15 14:55:00+00:00,4320.10009765625,4320.10009765625,4317.7998046875,4318.89990234375,153.0
2026-09-15 14:56:00+00:00,4319.2001953125,4319.39990234375,4317.2998046875,4318.0,68.0
2026-09-15 14:57:00+00:00,4318.2998046875,4319.39990234375,4318.0,4318.10009765625,142.0
2026-09-15 14:58:00+00:00,4318.60009765625,4319.2001953125,4314.5,4316.5,293.0
2026-09-15 14:59:00+00:00,4317.0,4318.0,4316.10009765625,4316.7998046875,169.0
2026-09-15 15:00:00+00:00,4316.89990234375,4319.7001953125,4316.89990234375,4318.7001953125,196.0
2026-09-15 15:01:00+00:00,4318.7998046875,4321.0,4316.60009765625,4319.2001953125,211.0
2026-09-15 15:02:00+00:00,4319.2998046875,4319.2998046875,4317.10009765625,4318.0,112.0
2026-09-15 15:03:00+00:00,4318.2998046875,4322.2001953125,4317.89990234375,4321.89990234375,134.0
2026-09-15 15:04:00+00:00,4321.89990234375,4322.89990234375,4321.2001953125,4322.7998046875,119.0
2026-09-15 15:05:00+00:00,4323.0,4323.7001953125,4321.5,4322.0,98.0
2026-09-15 15:06:00+00:00,4322.0,4324.39990234375,4321.7001953125,4323.5,347.0
2026-09-15 15:07:00+00:00,4323.60009765625,4323.7998046875,4320.7998046875,4322.5,181.0
2026-09-15 15:08:00+00:00,4322.60009765625,4322.7998046875,4320.89990234375,4321.2998046875,62.0
2026-09-15 15:09:00+00:00,4321.10009765625,4322.7998046875,4321.0,4322.5,89.0
2026-09-15 15:10:00+00:00,4322.2001953125,4323.2998046875,4321.5,4322.60009765625,99.0
2026-09-15 15:11:00+00:00,4322.89990234375,4326.2998046875,4322.2001953125,4325.5,131.0
2026-09-15 15:12:00+00:00,4325.7001953125,4325.89990234375,4322.7001953125,4323.2001953125,118.0
2026-09-15 15:13:00+00:00,4323.0,4323.7001953125,4322.2998046875,4323.10009765625,141.0
2026-09-15 15:14:00+00:00,4323.39990234375,4325.7001953125,4322.39990234375,4325.39990234375,68.0
2026-09-15 15:15:00+00:00,4325.2001953125,4326.7998046875,4325.0,4325.0,174.0
2026-09-15 15:16:00+00:00,4325.10009765625,4327.0,4323.5,4326.5,121.0
2026-09-15 15:17:00+00:00,4327.0,4327.89990234375,4325.7998046875,4326.7001953125,160.0
2026-09-15 15:18:00+00:00,4326.5,4327.0,4325.7001953125,4326.7998046875,178.0
2026-09-15 15:19:00+00:00,4326.7998046875,4327.2998046875,4326.0,4326.60009765625,105.0
2026-09-15 15:20:00+00:00,4326.5,4327.39990234375,4326.10009765625,4326.10009765625,74.0
2026-09-15 15:21:00+00:00,4326.2001953125,4326.7998046875,4325.0,4326.0,137.0
2026-09-15 15:22:00+00:00,4325.7001953125,4325.89990234375,4322.7001953125,4323.39990234375,111.0
2026-09-15 15:23:00+00:00,4323.5,4323.60009765625,4322.5,4322.89990234375,104.0
2026-09-15 15:24:00+00:00,4323.2001953125,4326.0,4322.89990234375,4325.5,136.0
2026-09-15 15:25:00+00:00,4325.39990234375,4326.5,4325.2001953125,4325.60009765625,89.0
2026-09-15 15:26:00+00:00,4325.5,4325.89990234375,4323.60009765625,4325.5,62.0
2026-09-15 15:27:00+00:00,4325.5,4326.0,4325.0,4326.0,83.0
2026-09-15 15:28:00+00:00,4325.89990234375,4326.10009765625,4325.2998046875,4326.10009765625,40.0
2026-09-15 15:29:00+00:00,4326.2001953125,4326.2001953125,4323.60009765625,4324.10009765625,83.0
2026-09-15 15:30:00+00:00,4324.2001953125,4325.5,4323.7001953125,4324.2001953125,92.0
2026-09-15 15:31:00+00:00,4324.39990234375,4325.7001953125,4324.2998046875,4324.7998046875,85.0
2026-09-15 15:32:00+00:00,4325.0,4325.89990234375,4324.7001953125,4325.39990234375,75.0
2026-09-15 15:33:00+00:00,4325.39990234375,4325.39990234375,4322.89990234375,4323.2998046875,142.0
2026-09-15 15:34:00+00:00,4323.7001953125,4325.2001953125,4321.7001953125,4325.2001953125,296.0
2026-09-15 15:35:00+00:00,4325.39990234375,4326.10009765625,4324.39990234375,4325.10009765625,140.0
2026-09-15 15:36:00+00:00,4325.2001953125,4328.39990234375,4325.2001953125,4327.0,204.0
2026-09-15 15:37:00+00:00,4327.0,4327.0,4325.7998046875,4326.0,80.0
2026-09-15 15:38:00+00:00,4326.39990234375,4328.0,4326.2998046875,4326.7001953125,125.0
2026-09-15 15:39:00+00:00,4326.5,4328.2001953125,4326.5,4327.89990234375,88.0
2026-09-15 15:40:00+00:00,4327.7998046875,4330.5,4327.7998046875,4330.39990234375,112.0
2026-09-15 15:41:00+00:00,4330.2998046875,4330.7998046875,4329.10009765625,4329.10009765625,154.0
2026-09-15 15:42:00+00:00,4329.10009765625,4329.2001953125,4328.5,4328.89990234375,54.0
2026-09-15 15:43:00+00:00,4328.60009765625,4328.60009765625,4327.2001953125,4328.10009765625,97.0
2026-09-15 15:44:00+00:00,4327.89990234375,4328.2998046875,4327.60009765625,4328.10009765625,40.0
2026-09-15 15:45:00+00:00,4328.10009765625,4329.10009765625,4326.10009765625,4326.39990234375,123.0
2026-09-15 15:46:00+00:00,4325.7998046875,4327.7001953125,4325.7001953125,4327.5,72.0
2026-09-15 15:47:00+00:00,4327.2998046875,4327.2998046875,4325.5,4325.7001953125,43.0
2026-09-15 15:48:00+00:00,4326.0,4328.7001953125,4326.0,4328.0,209.0
2026-09-15 15:49:00+00:00,4327.7998046875,4327.7998046875,4325.2998046875,4326.60009765625,105.0
2026-09-15 15:50:00+00:00,4326.7001953125,4331.89990234375,4326.7001953125,4331.39990234375,947.0
2026-09-15 15:51:00+00:00,4331.60009765625,4331.60009765625,4329.7001953125,4330.89990234375,145.0
2026-09-15 15:52:00+00:00,4331.0,4331.2001953125,4329.7998046875,4330.2001953125,70.0
2026-09-15 15:53:00+00:00,4330.2998046875,4331.7001953125,4329.60009765625,4331.2998046875,74.0
2026-09-15 15:54:00+00:00,4331.89990234375,4332.10009765625,4330.0,4330.2998046875,123.0
2026-09-15 15:55:00+00:00,4330.2001953125,4335.2001953125,4328.2998046875,4334.39990234375,997.0
2026-09-15 15:56:00+00:00,4334.2001953125,4334.7001953125,4331.39990234375,4331.39990234375,130.0
2026-09-15 15:57:00+00:00,4331.5,4331.89990234375,4329.89990234375,4330.10009765625,114.0
2026-09-15 15:58:00+00:00,4330.10009765625,4331.0,4330.10009765625,4330.2998046875,63.0
2026-09-15 15:59:00+00:00,4330.5,4330.7998046875,4329.7001953125,4329.89990234375,36.0
2026-09-15 16:00:00+00:00,4329.60009765625,4330.2001953125,4328.2998046875,4330.2001953125,81.0
2026-09-15 16:01:00+00:00,4330.5,4331.2998046875,4329.10009765625,4331.2998046875,154.0
2026-09-15 16:02:00+00:00,4330.7001953125,4331.2001953125,4330.10009765625,4330.2998046875,87.0
2026-09-15 16:03:00+00:00,4330.5,4330.89990234375,4329.60009765625,4329.89990234375,164.0
2026-09-15 16:04:00+00:00,4330.10009765625,4331.5,4329.7001953125,4331.39990234375,68.0
2026-09-15 16:05:00+00:00,4331.2998046875,4331.7998046875,4329.5,4330.10009765625,83.0
2026-09-15 16:06:00+00:00,4330.10009765625,4330.7001953125,4329.39990234375,4330.0,59.0
2026-09-15 16:07:00+00:00,4330.0,4330.5,4329.10009765625,4330.5,61.0
2026-09-15 16:08:00+00:00,4330.39990234375,4331.2001953125,4330.0,4330.2001953125,38.0
2026-09-15 16:09:00+00:00,4330.2001953125,4331.10009765625,4329.2998046875,4330.7001953125,53.0
2026-09-15 16:10:00+00:00,4330.89990234375,4331.10009765625,4329.60009765625,4329.89990234375,83.0
2026-09-15 16:11:00+00:00,4330.2001953125,4331.0,4329.2001953125,4329.2001953125,66.0
2026-09-15 16:12:00+00:00,4329.5,4329.60009765625,4327.60009765625,4327.7998046875,206.0
2026-09-15 16:13:00+00:00,4327.7998046875,4328.0,4326.5,4327.60009765625,109.0
2026-09-15 16:14:00+00:00,4326.7998046875,4327.39990234375,4326.2001953125,4326.2001953125,106.0
2026-09-15 16:15:00+00:00,4326.2998046875,4326.89990234375,4325.39990234375,4326.7998046875,76.0
2026-09-15 16:16:00+00:00,4326.7001953125,4327.89990234375,4326.5,4327.39990234375,73.0
2026-09-15 16:17:00+00:00,4327.7998046875,4328.5,4327.0,4327.5,47.0
2026-09-15 16:18:00+00:00,4327.89990234375,4328.2001953125,4327.2001953125,4327.89990234375,57.0
2026-09-15 16:19:00+00:00,4327.7998046875,4328.7001953125,4327.60009765625,4328.7001953125,63.0
2026-09-15 16:20:00+00:00,4328.5,4330.2998046875,4327.89990234375,4330.2001953125,178.0
2026-09-15 16:21:00+00:00,4330.2998046875,4334.2001953125,4330.2998046875,4334.10009765625,276.0
2026-09-15 16:22:00+00:00,4333.60009765625,4335.2001953125,4333.60009765625,4333.89990234375,171.0
2026-09-15 16:23:00+00:00,4333.7001953125,4336.2001953125,4333.2998046875,4334.89990234375,302.0
2026-09-15 16:24:00+00:00,4334.7001953125,4337.0,4334.7001953125,4336.2001953125,142.0
2026-09-15 16:25:00+00:00,4336.60009765625,4337.2998046875,4336.10009765625,4336.60009765625,116.0
2026-09-15 16:26:00+00:00,4336.7998046875,4337.2001953125,4336.10009765625,4337.0,122.0
2026-09-15 16:27:00+00:00,4337.10009765625,4337.10009765625,4334.60009765625,4335.10009765625,188.0
2026-09-15 16:28:00+00:00,4335.0,4336.2001953125,4335.0,4336.10009765625,185.0
2026-09-15 16:29:00+00:00,4335.7998046875,4336.10009765625,4335.2001953125,4335.89990234375,217.0
2026-09-15 16:30:00+00:00,4335.7001953125,4336.2998046875,4335.5,4335.89990234375,84.0
2026-09-15 16:31:00+00:00,4335.7998046875,4336.10009765625,4334.7001953125,4335.39990234375,90.0
2026-09-15 16:32:00+00:00,4335.39990234375,4337.2998046875,4335.10009765625,4337.2998046875,369.0
2026-09-15 16:33:00+00:00,4337.39990234375,4338.2001953125,4334.7001953125,4334.7998046875,126.0
2026-09-15 16:34:00+00:00,4335.10009765625,4335.2998046875,4333.0,4333.2001953125,84.0
2026-09-15 16:35:00+00:00,4333.2001953125,4333.2001953125,4331.60009765625,4332.10009765625,166.0
2026-09-15 16:36:00+00:00,4332.0,4335.60009765625,4332.0,4335.39990234375,391.0
2026-09-15 16:37:00+00:00,4335.2998046875,4336.2001953125,4334.7998046875,4335.7998046875,136.0
2026-09-15 16:38:00+00:00,4335.7998046875,4336.0,4334.2998046875,4334.2998046875,74.0
2026-09-15 16:39:00+00:00,4334.5,4335.7001953125,4332.7998046875,4335.60009765625,380.0
2026-09-15 16:40:00+00:00,4335.0,4335.10009765625,4333.7998046875,4333.7998046875,89.0
2026-09-15 16:41:00+00:00,4333.7998046875,4334.7998046875,4333.2001953125,4334.2001953125,89.0
2026-09-15 16:42:00+00:00,4334.2998046875,4334.5,4333.7998046875,4333.7998046875,42.0
2026-09-15 16:43:00+00:00,4333.7001953125,4336.39990234375,4333.7001953125,4336.39990234375,52.0
2026-09-15 16:44:00+00:00,4336.60009765625,4337.10009765625,4336.2001953125,4336.7998046875,79.0
2026-09-15 16:45:00+00:00,4336.89990234375,4337.7998046875,4336.2001953125,4336.39990234375,101.0
2026-09-15 16:46:00+00:00,4336.89990234375,4337.2998046875,4335.89990234375,4336.39990234375,63.0
2026-09-15 16:47:00+00:00,4336.60009765625,4336.7998046875,4336.10009765625,4336.10009765625,35.0
2026-09-15 16:48:00+00:00,4336.10009765625,4336.5,4335.89990234375,4336.0,62.0
2026-09-15 16:49:00+00:00,4336.0,4336.0,4335.2998046875,4335.60009765625,113.0
2026-09-15 16:50:00+00:00,4335.5,4337.5,4335.2998046875,4337.0,99.0
2026-09-15 16:51:00+00:00,4337.0,4338.0,4337.0,4337.2001953125,67.0
2026-09-15 16:52:00+00:00,4337.39990234375,4337.89990234375,4337.2001953125,4337.5,124.0
2026-09-15 16:53:00+00:00,4337.60009765625,4338.2001953125,4336.60009765625,4338.0,85.0
2026-09-15 16:54:00+00:00,4338.10009765625,4338.39990234375,4337.7001953125,4337.7001953125,153.0
2026-09-15 16:55:00+00:00,4337.89990234375,4337.89990234375,4336.60009765625,4336.7998046875,87.0
2026-09-15 16:56:00+00:00,4336.5,4336.60009765625,4335.5,4335.60009765625,140.0
2026-09-15 16:57:00+00:00,4335.7001953125,4336.60009765625,4335.7001953125,4336.0,42.0
2026-09-15 16:58:00+00:00,4336.2001953125,4337.2001953125,4336.2001953125,4337.10009765625,56.0
2026-09-15 16:59:00+00:00,4337.10009765625,4337.10009765625,4335.2001953125,4335.60009765625,284.0
2026-09-15 17:00:00+00:00,4335.7998046875,4336.89990234375,4335.60009765625,4336.2998046875,267.0
2026-09-15 17:01:00+00:00,4336.39990234375,4336.7998046875,4335.10009765625,4336.7001953125,189.0
2026-09-15 17:02:00+00:00,4336.60009765625,4336.60009765625,4332.89990234375,4333.60009765625,392.0
2026-09-15 17:03:00+00:00,4333.7998046875,4334.0,4332.0,4332.0,116.0
2026-09-15 17:04:00+00:00,4332.0,4332.7001953125,4331.2998046875,4331.7001953125,210.0
2026-09-15 17:05:00+00:00,4331.60009765625,4331.89990234375,4330.5,4331.5,179.0
2026-09-15 17:06:00+00:00,4331.5,4332.7001953125,4330.7001953125,4331.7998046875,156.0
2026-09-15 17:07:00+00:00,4331.89990234375,4333.7001953125,4331.89990234375,4332.89990234375,74.0
2026-09-15 17:08:00+00:00,4333.10009765625,4333.89990234375,4332.7998046875,4333.5,37.0
2026-09-15 17:09:00+00:00,4333.7001953125,4334.2001953125,4332.7998046875,4332.89990234375,73.0
2026-09-15 17:10:00+00:00,4333.2001953125,4336.2001953125,4332.89990234375,4335.0,215.0
2026-09-15 17:11:00+00:00,4334.89990234375,4334.89990234375,4334.2001953125,4334.7001953125,100.0
2026-09-15 17:12:00+00:00,4334.7998046875,4336.2001953125,4334.39990234375,4335.89990234375,117.0
2026-09-15 17:13:00+00:00,4335.89990234375,4338.0,4335.89990234375,4338.0,90.0
2026-09-15 17:14:00+00:00,4337.89990234375,4339.7001953125,4335.39990234375,4335.39990234375,527.0
2026-09-15 17:15:00+00:00,4335.60009765625,4336.2001953125,4334.10009765625,4334.39990234375,194.0
2026-09-15 17:16:00+00:00,4334.39990234375,4336.39990234375,4334.2998046875,4336.39990234375,137.0
2026-09-15 17:17:00+00:00,4336.10009765625,4337.10009765625,4336.0,4336.10009765625,99.0
2026-09-15 17:18:00+00:00,4335.89990234375,4336.0,4334.2998046875,4334.7001953125,123.0
2026-09-15 17:19:00+00:00,4334.39990234375,4336.60009765625,4334.39990234375,4336.39990234375,164.0
2026-09-15 17:20:00+00:00,4336.39990234375,4336.89990234375,4335.39990234375,4336.10009765625,241.0
2026-09-15 17:21:00+00:00,4336.10009765625,4336.39990234375,4334.89990234375,4334.89990234375,145.0
2026-09-15 17:22:00+00:00,4334.7998046875,4334.7998046875,4332.60009765625,4333.60009765625,124.0
2026-09-15 17:23:00+00:00,4333.7001953125,4334.2001953125,4333.2001953125,4334.2001953125,59.0
2026-09-15 17:24:00+00:00,4334.2998046875,4334.5,4332.7998046875,4333.39990234375,129.0
2026-09-15 17:25:00+00:00,4333.5,4334.10009765625,4332.60009765625,4333.89990234375,170.0
2026-09-15 17:26:00+00:00,4333.7001953125,4335.2001953125,4333.7001953125,4334.2001953125,148.0
2026-09-15 17:27:00+00:00,4334.2998046875,4335.5,4334.10009765625,4335.2001953125,178.0
2026-09-15 17:28:00+00:00,4335.39990234375,4335.7998046875,4333.5,4333.5,411.0
2026-09-15 17:29:00+00:00,4333.60009765625,4333.7998046875,4331.89990234375,4333.7001953125,905.0
2026-09-15 17:30:00+00:00,4333.60009765625,4334.7001953125,4333.39990234375,4334.60009765625,155.0
2026-09-15 17:31:00+00:00,4334.89990234375,4338.2998046875,4334.7998046875,4337.89990234375,263.0
2026-09-15 17:32:00+00:00,4337.7998046875,4338.60009765625,4337.60009765625,4337.89990234375,88.0
2026-09-15 17:33:00+00:00,4337.89990234375,4338.10009765625,4336.7001953125,4337.2998046875,116.0
2026-09-15 17:34:00+00:00,4337.7001953125,4338.60009765625,4337.60009765625,4337.7998046875,104.0
2026-09-15 17:35:00+00:00,4337.89990234375,4339.2001953125,4337.2001953125,4338.39990234375,299.0
2026-09-15 17:36:00+00:00,4338.2001953125,4338.7998046875,4337.39990234375,4338.2998046875,351.0
2026-09-15 17:37:00+00:00,4338.39990234375,4339.7998046875,4337.89990234375,4338.5,184.0
2026-09-15 17:38:00+00:00,4338.7001953125,4338.7998046875,4337.60009765625,4337.60009765625,94.0
2026-09-15 17:39:00+00:00,4337.60009765625,4337.60009765625,4336.0,4336.2998046875,171.0
2026-09-15 17:40:00+00:00,4336.2998046875,4336.5,4335.0,4335.7998046875,141.0
2026-09-15 17:41:00+00:00,4335.5,4335.5,4333.10009765625,4333.60009765625,118.0
2026-09-15 17:42:00+00:00,4333.5,4333.5,4333.0,4333.39990234375,31.0
2026-09-15 17:43:00+00:00,4333.0,4333.89990234375,4332.7001953125,4333.7998046875,40.0
2026-09-15 17:44:00+00:00,4334.0,4334.2998046875,4333.7998046875,4333.7998046875,34.0
2026-09-15 17:45:00+00:00,4334.0,4334.7001953125,4333.7001953125,4334.7001953125,28.0
2026-09-15 17:46:00+00:00,4334.5,4335.5,4334.5,4334.89990234375,64.0
2026-09-15 17:47:00+00:00,4334.7998046875,4336.2001953125,4334.7998046875,4336.0,72.0
2026-09-15 17:48:00+00:00,4335.7998046875,4336.5,4335.0,4335.89990234375,58.0
2026-09-15 17:49:00+00:00,4336.0,4336.0,4334.89990234375,4335.60009765625,52.0
2026-09-15 17:50:00+00:00,4335.5,4335.89990234375,4335.2998046875,4335.60009765625,111.0
2026-09-15 17:51:00+00:00,4336.2001953125,4336.5,4335.89990234375,4336.5,26.0
2026-09-15 17:52:00+00:00,4336.5,4336.89990234375,4335.60009765625,4335.7001953125,102.0
2026-09-15 17:53:00+00:00,4335.60009765625,4335.7001953125,4335.10009765625,4335.5,61.0
2026-09-15 17:54:00+00:00,4335.2998046875,4335.7998046875,4334.5,4335.7001953125,80.0
2026-09-15 17:55:00+00:00,4335.7998046875,4336.0,4335.10009765625,4335.5,115.0
2026-09-15 17:56:00+00:00,4335.7998046875,4336.10009765625,4335.5,4336.10009765625,75.0
2026-09-15 17:57:00+00:00,4336.2001953125,4336.2998046875,4335.60009765625,4335.7001953125,23.0
2026-09-15 17:58:00+00:00,4335.7001953125,4336.0,4335.2001953125,4335.89990234375,25.0
2026-09-15 17:59:00+00:00,4335.5,4335.5,4334.7001953125,4335.2998046875,75.0
2026-09-15 18:00:00+00:00,4335.5,4336.2998046875,4335.10009765625,4335.10009765625,52.0
2026-09-15 18:01:00+00:00,4335.2001953125,4335.5,4333.5,4333.5,141.0
2026-09-15 18:02:00+00:00,4333.60009765625,4335.10009765625,4332.89990234375,4334.2001953125,243.0
2026-09-15 18:03:00+00:00,4333.89990234375,4333.89990234375,4333.2001953125,4333.2001953125,29.0
2026-09-15 18:04:00+00:00,4333.10009765625,4335.2998046875,4333.0,4335.2998046875,107.0
2026-09-15 18:05:00+00:00,4335.10009765625,4336.60009765625,4334.89990234375,4336.5,52.0
2026-09-15 18:06:00+00:00,4336.5,4338.7001953125,4336.5,4338.60009765625,257.0
2026-09-15 18:07:00+00:00,4338.2998046875,4339.0,4337.89990234375,4338.7001953125,36.0
2026-09-15 18:08:00+00:00,4338.60009765625,4338.60009765625,4336.89990234375,4337.7998046875,74.0
2026-09-15 18:09:00+00:00,4337.7998046875,4338.39990234375,4336.60009765625,4336.7998046875,102.0
2026-09-15 18:10:00+00:00,4336.89990234375,4338.0,4336.39990234375,4338.0,102.0
2026-09-15 18:11:00+00:00,4338.10009765625,4339.89990234375,4338.10009765625,4339.39990234375,122.0
2026-09-15 18:12:00+00:00,4339.5,4343.0,4339.5,4342.89990234375,582.0
2026-09-15 18:13:00+00:00,4342.60009765625,4344.7001953125,4342.60009765625,4343.60009765625,446.0
2026-09-15 18:14:00+00:00,4343.7998046875,4344.0,4342.10009765625,4342.39990234375,141.0
2026-09-15 18:15:00+00:00,4342.7998046875,4345.2001953125,4342.39990234375,4344.7998046875,315.0
2026-09-15 18:16:00+00:00,4344.7998046875,4345.89990234375,4343.7001953125,4345.0,351.0
2026-09-15 18:17:00+00:00,4344.7001953125,4347.2001953125,4344.7001953125,4346.5,158.0
2026-09-15 18:18:00+00:00,4346.10009765625,4347.10009765625,4343.7001953125,4343.7998046875,182.0
2026-09-15 18:19:00+00:00,4343.89990234375,4345.39990234375,4343.39990234375,4345.39990234375,195.0
2026-09-15 18:20:00+00:00,4345.7001953125,4345.7001953125,4344.5,4345.2001953125,150.0
2026-09-15 18:21:00+00:00,4345.2998046875,4345.7001953125,4343.60009765625,4344.5,82.0
2026-09-15 18:22:00+00:00,4344.0,4345.39990234375,4344.0,4344.89990234375,122.0
2026-09-15 18:23:00+00:00,4344.7998046875,4345.39990234375,4344.2998046875,4345.10009765625,50.0
2026-09-15 18:24:00+00:00,4345.10009765625,4345.2001953125,4344.39990234375,4345.0,80.0
2026-09-15 18:25:00+00:00,4344.7998046875,4346.10009765625,4344.7998046875,4346.0,64.0
2026-09-15 18:26:00+00:00,4346.2001953125,4346.60009765625,4344.7001953125,4345.0,76.0
2026-09-15 18:27:00+00:00,4345.0,4345.2998046875,4343.7998046875,4343.7998046875,57.0
2026-09-15 18:28:00+00:00,4343.7998046875,4345.2998046875,4343.7998046875,4344.7001953125,39.0
2026-09-15 18:29:00+00:00,4344.89990234375,4345.5,4344.10009765625,4345.0,104.0
2026-09-15 18:30:00+00:00,4344.89990234375,4345.10009765625,4342.2998046875,4342.5,138.0
2026-09-15 18:31:00+00:00,4342.7001953125,4343.7001953125,4342.2998046875,4343.5,81.0
2026-09-15 18:32:00+00:00,4343.2001953125,4343.7998046875,4342.39990234375,4342.5,56.0
2026-09-15 18:33:00+00:00,4342.2998046875,4343.0,4342.0,4342.89990234375,58.0
2026-09-15 18:34:00+00:00,4343.2001953125,4343.89990234375,4342.7998046875,4343.2001953125,50.0
2026-09-15 18:35:00+00:00,4343.39990234375,4343.7998046875,4342.39990234375,4343.60009765625,29.0
2026-09-15 18:36:00+00:00,4343.39990234375,4343.89990234375,4343.10009765625,4343.5,26.0
2026-09-15 18:37:00+00:00,4343.0,4343.10009765625,4342.2998046875,4342.39990234375,32.0
2026-09-15 18:38:00+00:00,4342.39990234375,4342.7998046875,4341.7998046875,4342.7998046875,44.0
2026-09-15 18:39:00+00:00,4342.60009765625,4343.89990234375,4342.60009765625,4343.7998046875,36.0
2026-09-15 18:40:00+00:00,4343.5,4344.0,4343.2998046875,4343.7998046875,31.0
2026-09-15 18:41:00+00:00,4343.89990234375,4348.60009765625,4343.89990234375,4348.2001953125,527.0
2026-09-15 18:42:00+00:00,4348.2998046875,4348.7998046875,4344.7001953125,4345.89990234375,197.0
2026-09-15 18:43:00+00:00,4346.0,4346.7001953125,4345.2998046875,4345.2998046875,41.0
2026-09-15 18:44:00+00:00,4345.10009765625,4345.60009765625,4344.39990234375,4344.89990234375,61.0
2026-09-15 18:45:00+00:00,4345.10009765625,4345.2998046875,4344.2998046875,4345.2001953125,49.0
2026-09-15 18:46:00+00:00,4345.2001953125,4346.7998046875,4345.10009765625,4346.10009765625,32.0
2026-09-15 18:47:00+00:00,4345.60009765625,4348.39990234375,4345.5,4348.39990234375,55.0
2026-09-15 18:48:00+00:00,4347.89990234375,4347.89990234375,4346.2998046875,4346.7998046875,42.0
2026-09-15 18:49:00+00:00,4346.60009765625,4347.2001953125,4345.89990234375,4347.0,37.0
2026-09-15 18:50:00+00:00,4347.2998046875,4349.7998046875,4347.2001953125,4349.2998046875,160.0
2026-09-15 18:51:00+00:00,4349.10009765625,4350.60009765625,4349.10009765625,4349.89990234375,147.0
2026-09-15 18:52:00+00:00,4349.7998046875,4350.10009765625,4349.2998046875,4349.2998046875,47.0
2026-09-15 18:53:00+00:00,4349.39990234375,4349.39990234375,4348.2998046875,4348.2998046875,103.0
2026-09-15 18:54:00+00:00,4348.5,4348.7998046875,4347.89990234375,4348.7998046875,28.0
2026-09-15 18:55:00+00:00,4348.7001953125,4348.7001953125,4347.60009765625,4347.89990234375,40.0
2026-09-15 18:56:00+00:00,4347.60009765625,4348.7998046875,4347.60009765625,4348.2001953125,54.0
2026-09-15 18:57:00+00:00,4348.10009765625,4348.10009765625,4347.39990234375,4347.39990234375,22.0
2026-09-15 18:58:00+00:00,4347.2998046875,4348.0,4346.5,4347.0,79.0
2026-09-15 18:59:00+00:00,4347.0,4348.7001953125,4347.0,4348.7001953125,59.0
2026-09-15 19:00:00+00:00,4348.7001953125,4350.5,4348.0,4349.7998046875,232.0
2026-09-15 19:01:00+00:00,4349.7998046875,4350.7998046875,4348.7998046875,4348.7998046875,82.0
2026-09-15 19:02:00+00:00,4348.89990234375,4349.10009765625,4346.0,4346.10009765625,188.0
2026-09-15 19:03:00+00:00,4346.2998046875,4346.60009765625,4345.2998046875,4345.60009765625,80.0
2026-09-15 19:04:00+00:00,4345.89990234375,4346.60009765625,4344.7001953125,4344.7001953125,88.0
2026-09-15 19:05:00+00:00,4344.7998046875,4345.2001953125,4343.10009765625,4343.2001953125,127.0
2026-09-15 19:06:00+00:00,4343.0,4343.2998046875,4342.0,4343.2998046875,86.0
2026-09-15 19:07:00+00:00,4343.2998046875,4344.7001953125,4342.7998046875,4344.5,53.0
2026-09-15 19:08:00+00:00,4344.7998046875,4345.2001953125,4344.2998046875,4345.10009765625,37.0
2026-09-15 19:09:00+00:00,4345.0,4345.10009765625,4343.7998046875,4343.7998046875,35.0
2026-09-15 19:10:00+00:00,4344.0,4344.39990234375,4343.2001953125,4343.2001953125,29.0
2026-09-15 19:11:00+00:00,4343.2998046875,4343.7998046875,4342.10009765625,4343.7998046875,111.0
2026-09-15 19:12:00+00:00,4343.5,4343.60009765625,4342.5,4343.10009765625,15.0
2026-09-15 19:13:00+00:00,4343.0,4343.0,4341.2998046875,4341.5,52.0
2026-09-15 19:14:00+00:00,4341.2998046875,4341.5,4339.89990234375,4339.89990234375,150.0
2026-09-15 19:15:00+00:00,4339.89990234375,4340.5,4339.10009765625,4340.5,117.0
2026-09-15 19:16:00+00:00,4340.5,4342.0,4340.2001953125,4341.5,81.0
2026-09-15 19:17:00+00:00,4341.5,4341.60009765625,4341.0,4341.39990234375,19.0
2026-09-15 19:18:00+00:00,4341.10009765625,4341.7001953125,4341.0,4341.2001953125,27.0
2026-09-15 19:19:00+00:00,4341.2998046875,4341.2998046875,4339.7001953125,4339.7001953125,74.0
2026-09-15 19:20:00+00:00,4339.89990234375,4339.89990234375,4337.7998046875,4338.2998046875,107.0
2026-09-15 19:21:00+00:00,4338.2998046875,4339.60009765625,4338.2001953125,4339.2001953125,57.0
2026-09-15 19:22:00+00:00,4338.89990234375,4340.2001953125,4338.89990234375,4339.89990234375,33.0
2026-09-15 19:23:00+00:00,4339.7001953125,4341.0,4339.5,4340.89990234375,63.0
2026-09-15 19:24:00+00:00,4340.89990234375,4341.39990234375,4340.0,4341.0,61.0
2026-09-15 19:25:00+00:00,4340.7001953125,4340.7001953125,4339.7998046875,4339.89990234375,48.0
2026-09-15 19:26:00+00:00,4340.2001953125,4341.60009765625,4340.2001953125,4341.2001953125,44.0
2026-09-15 19:27:00+00:00,4341.10009765625,4341.2998046875,4340.7001953125,4341.0,19.0
2026-09-15 19:28:00+00:00,4340.7998046875,4341.10009765625,4340.60009765625,4341.0,13.0
2026-09-15 19:29:00+00:00,4340.89990234375,4341.0,4340.7001953125,4340.89990234375,15.0
2026-09-15 19:30:00+00:00,4340.60009765625,4340.7998046875,4338.2998046875,4338.7001953125,72.0
2026-09-15 19:31:00+00:00,4338.60009765625,4340.10009765625,4338.60009765625,4340.10009765625,38.0
2026-09-15 19:32:00+00:00,4340.0,4342.0,4340.0,4341.7998046875,47.0
2026-09-15 19:33:00+00:00,4341.89990234375,4342.10009765625,4340.2998046875,4340.5,13.0
2026-09-15 19:34:00+00:00,4340.2001953125,4340.2001953125,4339.2998046875,4339.39990234375,28.0
2026-09-15 19:35:00+00:00,4339.2001953125,4339.2998046875,4338.7001953125,4339.0,22.0
2026-09-15 19:36:00+00:00,4338.89990234375,4339.5,4338.7998046875,4338.7998046875,34.0
2026-09-15 19:37:00+00:00,4338.89990234375,4339.10009765625,4338.5,4339.0,15.0
2026-09-15 19:38:00+00:00,4338.7998046875,4338.89990234375,4338.2001953125,4338.7001953125,52.0
2026-09-15 19:39:00+00:00,4338.89990234375,4339.0,4337.89990234375,4338.5,42.0
2026-09-15 19:40:00+00:00,4338.10009765625,4338.5,4337.2998046875,4338.2998046875,70.0
2026-09-15 19:41:00+00:00,4338.2998046875,4338.2998046875,4337.2001953125,4337.7001953125,165.0
2026-09-15 19:42:00+00:00,4337.7001953125,4338.0,4337.2001953125,4337.2001953125,42.0
2026-09-15 19:43:00+00:00,4337.0,4337.7998046875,4336.7001953125,4337.10009765625,48.0
2026-09-15 19:44:00+00:00,4337.2001953125,4337.2998046875,4336.2998046875,4336.39990234375,30.0
2026-09-15 19:45:00+00:00,4336.10009765625,4336.7998046875,4335.89990234375,4336.2998046875,61.0
2026-09-15 19:46:00+00:00,4336.2998046875,4337.60009765625,4336.2998046875,4337.2998046875,41.0
2026-09-15 19:47:00+00:00,4337.2001953125,4338.2998046875,4337.2001953125,4337.7998046875,54.0
2026-09-15 19:48:00+00:00,4337.7998046875,4339.60009765625,4337.7998046875,4338.5,166.0
2026-09-15 19:49:00+00:00,4338.7001953125,4338.89990234375,4338.2001953125,4338.5,25.0
2026-09-15 19:50:00+00:00,4338.39990234375,4339.2998046875,4338.10009765625,4338.2001953125,49.0
2026-09-15 19:51:00+00:00,4338.39990234375,4338.39990234375,4337.0,4337.0,57.0
2026-09-15 19:52:00+00:00,4337.10009765625,4337.2001953125,4336.0,4336.0,84.0
2026-09-15 19:53:00+00:00,4335.89990234375,4336.2001953125,4335.39990234375,4335.7001953125,97.0
2026-09-15 19:54:00+00:00,4335.7998046875,4336.39990234375,4335.2998046875,4336.2001953125,56.0
2026-09-15 19:55:00+00:00,4336.10009765625,4336.2998046875,4334.5,4334.7998046875,247.0
2026-09-15 19:56:00+00:00,4334.89990234375,4335.60009765625,4334.60009765625,4334.89990234375,98.0
2026-09-15 19:57:00+00:00,4334.7998046875,4334.89990234375,4334.2001953125,4334.2998046875,74.0
2026-09-15 19:58:00+00:00,4334.10009765625,4337.0,4333.7001953125,4336.39990234375,197.0
2026-09-15 19:59:00+00:00,4336.39990234375,4337.7001953125,4336.39990234375,4337.2998046875,331.0
2026-09-15 20:00:00+00:00,4337.2998046875,4338.7001953125,4336.7998046875,4338.5,98.0
2026-09-15 20:01:00+00:00,4338.39990234375,4338.7998046875,4337.89990234375,4338.7998046875,37.0
2026-09-15 20:02:00+00:00,4338.39990234375,4338.39990234375,4336.5,4336.5,35.0
2026-09-15 20:03:00+00:00,4336.60009765625,4337.2998046875,4336.60009765625,4337.0,24.0
2026-09-15 20:04:00+00:00,4337.2001953125,4337.2001953125,4335.89990234375,4336.0,34.0
2026-09-15 20:05:00+00:00,4336.10009765625,4337.10009765625,4335.5,4336.60009765625,114.0
2026-09-15 20:06:00+00:00,4336.5,4337.60009765625,4336.5,4337.2001953125,138.0
2026-09-15 20:07:00+00:00,4337.39990234375,4337.89990234375,4336.89990234375,4337.10009765625,71.0
2026-09-15 20:08:00+00:00,4337.2001953125,4337.5,4336.2998046875,4337.2001953125,107.0
2026-09-15 20:09:00+00:00,4337.2998046875,4337.5,4337.2001953125,4337.39990234375,12.0
2026-09-15 20:10:00+00:00,4337.7001953125,4338.39990234375,4337.10009765625,4337.10009765625,44.0
2026-09-15 20:11:00+00:00,4337.0,4337.2998046875,4336.7001953125,4337.0,15.0
2026-09-15 20:12:00+00:00,4336.89990234375,4336.89990234375,4335.2001953125,4335.7998046875,129.0
2026-09-15 20:13:00+00:00,4335.7001953125,4335.7001953125,4335.7001953125,4335.7001953125,1.0
2026-09-15 20:14:00+00:00,4335.89990234375,4336.10009765625,4335.89990234375,4336.10009765625,6.0
2026-09-15 20:15:00+00:00,4336.10009765625,4336.10009765625,4335.7998046875,4335.89990234375,17.0
2026-09-15 20:16:00+00:00,4335.7001953125,4335.7001953125,4335.10009765625,4335.2998046875,36.0
2026-09-15 20:17:00+00:00,4335.2998046875,4335.2998046875,4335.2998046875,4335.2998046875,1.0
2026-09-15 20:18:00+00:00,4335.39990234375,4336.39990234375,4335.39990234375,4335.89990234375,44.0
2026-09-15 20:19:00+00:00,4336.0,4336.0,4335.7001953125,4335.89990234375,11.0
2026-09-15 20:20:00+00:00,4335.60009765625,4336.5,4335.2001953125,4336.2998046875,45.0
2026-09-15 20:21:00+00:00,4336.2998046875,4336.7001953125,4336.2998046875,4336.39990234375,23.0
2026-09-15 20:22:00+00:00,4336.2998046875,4336.2998046875,4334.89990234375,4335.2998046875,22.0
2026-09-15 20:23:00+00:00,4335.5,4335.5,4334.39990234375,4335.2998046875,32.0
2026-09-15 20:24:00+00:00,4335.0,4335.2998046875,4334.2998046875,4334.89990234375,90.0
2026-09-15 20:25:00+00:00,4334.7001953125,4335.0,4334.10009765625,4334.89990234375,85.0
2026-09-15 20:26:00+00:00,4334.60009765625,4334.89990234375,4334.2998046875,4334.7001953125,25.0
2026-09-15 20:27:00+00:00,4334.7998046875,4334.89990234375,4333.7998046875,4334.10009765625,68.0
2026-09-15 20:28:00+00:00,4334.2998046875,4334.39990234375,4333.89990234375,4334.2001953125,47.0
2026-09-15 20:29:00+00:00,4334.2998046875,4334.2998046875,4333.7001953125,4334.10009765625,24.0
2026-09-15 20:30:00+00:00,4334.2998046875,4334.7998046875,4334.2998046875,4334.5,18.0
2026-09-15 20:31:00+00:00,4334.60009765625,4335.89990234375,4334.60009765625,4335.7001953125,34.0
2026-09-15 20:32:00+00:00,4335.7001953125,4335.89990234375,4335.0,4335.0,18.0
2026-09-15 20:33:00+00:00,4334.2998046875,4334.5,4332.60009765625,4333.0,98.0
2026-09-15 20:34:00+00:00,4332.7998046875,4333.0,4332.0,4332.10009765625,94.0
2026-09-15 20:35:00+00:00,4332.7001953125,4332.89990234375,4331.7998046875,4332.10009765625,70.0
2026-09-15 20:36:00+00:00,4332.2001953125,4332.2001953125,4331.60009765625,4332.2001953125,13.0
2026-09-15 20:37:00+00:00,4332.39990234375,4332.7001953125,4332.39990234375,4332.60009765625,17.0
2026-09-15 20:38:00+00:00,4332.5,4332.7998046875,4332.5,4332.7001953125,8.0
2026-09-15 20:39:00+00:00,4332.60009765625,4332.7998046875,4332.39990234375,4332.60009765625,8.0
2026-09-15 20:40:00+00:00,4332.39990234375,4332.60009765625,4331.89990234375,4332.2998046875,27.0
2026-09-15 20:41:00+00:00,4332.7001953125,4332.89990234375,4332.2998046875,4332.7998046875,13.0
2026-09-15 20:42:00+00:00,4332.7001953125,4332.7001953125,4332.2998046875,4332.7001953125,13.0
2026-09-15 20:43:00+00:00,4332.60009765625,4332.7001953125,4332.2998046875,4332.7001953125,10.0
2026-09-15 20:44:00+00:00,4332.7998046875,4333.2998046875,4332.7998046875,4332.7998046875,21.0
2026-09-15 20:45:00+00:00,4332.89990234375,4333.10009765625,4332.39990234375,4332.60009765625,13.0
2026-09-15 20:46:00+00:00,4332.60009765625,4332.60009765625,4332.2998046875,4332.5,13.0
2026-09-15 20:47:00+00:00,4332.5,4332.7998046875,4332.2001953125,4332.7001953125,8.0
2026-09-15 20:48:00+00:00,4333.0,4333.0,4332.39990234375,4332.39990234375,10.0
2026-09-15 20:49:00+00:00,4332.39990234375,4332.89990234375,4332.39990234375,4332.5,10.0
2026-09-15 20:50:00+00:00,4332.39990234375,4333.2998046875,4331.7998046875,4333.0,74.0
2026-09-15 20:51:00+00:00,4333.2001953125,4334.2001953125,4333.10009765625,4333.2998046875,72.0
2026-09-15 20:52:00+00:00,4333.60009765625,4333.7998046875,4333.39990234375,4333.60009765625,13.0
2026-09-15 20:53:00+00:00,4333.5,4333.5,4332.7998046875,4332.89990234375,20.0
2026-09-15 20:54:00+00:00,4332.7998046875,4332.7998046875,4332.0,4332.7001953125,25.0
2026-09-15 20:55:00+00:00,4332.5,4333.39990234375,4332.5,4333.10009765625,31.0
2026-09-15 20:56:00+00:00,4333.2001953125,4333.2001953125,4333.10009765625,4333.10009765625,4.0
2026-09-15 20:57:00+00:00,4333.2998046875,4333.5,4333.2001953125,4333.39990234375,12.0
2026-09-15 20:58:00+00:00,4333.2001953125,4333.89990234375,4333.10009765625,4333.89990234375,24.0
2026-09-15 20:59:00+00:00,4334.0,4334.2998046875,4333.39990234375,4333.39990234375,34.0
2026-09-15 22:00:00+00:00,4333.5,4335.89990234375,4333.2998046875,4335.10009765625,0.0
2026-09-15 22:01:00+00:00,4335.39990234375,4335.60009765625,4333.60009765625,4334.0,66.0
2026-09-15 22:02:00+00:00,4333.7001953125,4334.7001953125,4333.7001953125,4334.39990234375,19.0
2026-09-15 22:03:00+00:00,4334.5,4335.0,4333.89990234375,4334.5,45.0
2026-09-15 22:04:00+00:00,4334.7998046875,4335.0,4334.2001953125,4335.0,12.0
2026-09-15 22:05:00+00:00,4334.7998046875,4335.10009765625,4334.2001953125,4335.0,46.0
2026-09-15 22:06:00+00:00,4334.7998046875,4335.2001953125,4334.5,4335.0,12.0
2026-09-15 22:07:00+00:00,4335.0,4335.2001953125,4334.60009765625,4334.7998046875,42.0
2026-09-15 22:08:00+00:00,4334.89990234375,4334.89990234375,4334.5,4334.60009765625,39.0
2026-09-15 22:09:00+00:00,4334.60009765625,4335.2998046875,4334.60009765625,4335.2001953125,21.0
2026-09-15 22:10:00+00:00,4334.7998046875,4335.2998046875,4334.2998046875,4335.2998046875,28.0
2026-09-15 22:11:00+00:00,4335.2998046875,4335.39990234375,4334.7001953125,4334.7001953125,11.0
2026-09-15 22:12:00+00:00,4335.0,4335.0,4334.10009765625,4334.10009765625,27.0
2026-09-15 22:13:00+00:00,4334.10009765625,4334.2001953125,4333.10009765625,4333.10009765625,40.0
2026-09-15 22:14:00+00:00,4333.2998046875,4333.5,4331.89990234375,4332.60009765625,167.0
2026-09-15 22:15:00+00:00,4332.7001953125,4333.10009765625,4332.2001953125,4332.5,143.0
2026-09-15 22:16:00+00:00,4332.89990234375,4333.2001953125,4331.89990234375,4333.2001953125,55.0
2026-09-15 22:17:00+00:00,4333.2998046875,4333.7001953125,4332.2001953125,4332.2001953125,35.0
2026-09-15 22:18:00+00:00,4331.7001953125,4332.60009765625,4331.7001953125,4332.10009765625,28.0
2026-09-15 22:19:00+00:00,4331.7998046875,4332.10009765625,4331.39990234375,4331.39990234375,14.0
2026-09-15 22:20:00+00:00,4331.2998046875,4332.5,4331.2998046875,4332.5,31.0
2026-09-15 22:21:00+00:00,4332.2001953125,4332.7001953125,4331.60009765625,4331.7001953125,52.0
2026-09-15 22:22:00+00:00,4331.60009765625,4332.39990234375,4330.89990234375,4332.39990234375,109.0
2026-09-15 22:23:00+00:00,4332.2998046875,4334.2001953125,4332.2001953125,4333.60009765625,93.0
2026-09-15 22:24:00+00:00,4333.7998046875,4334.60009765625,4332.89990234375,4334.0,376.0
2026-09-15 22:25:00+00:00,4334.0,4337.2001953125,4333.7998046875,4336.39990234375,296.0
2026-09-15 22:26:00+00:00,4336.2001953125,4338.10009765625,4336.0,4338.10009765625,234.0
2026-09-15 22:27:00+00:00,4338.0,4339.10009765625,4337.5,4338.2998046875,224.0
2026-09-15 22:28:00+00:00,4338.2998046875,4338.7001953125,4337.7001953125,4338.39990234375,179.0
2026-09-15 22:29:00+00:00,4338.2998046875,4339.10009765625,4337.7001953125,4339.0,165.0
2026-09-15 22:30:00+00:00,4339.10009765625,4339.5,4337.5,4337.89990234375,152.0
2026-09-15 22:31:00+00:00,4337.89990234375,4338.60009765625,4336.2001953125,4336.2001953125,109.0
2026-09-15 22:32:00+00:00,4336.39990234375,4338.0,4335.60009765625,4337.89990234375,90.0
2026-09-15 22:33:00+00:00,4337.7001953125,4338.0,4336.60009765625,4337.39990234375,58.0
2026-09-15 22:34:00+00:00,4337.89990234375,4338.10009765625,4337.2998046875,4337.7001953125,45.0
2026-09-15 22:35:00+00:00,4337.7001953125,4337.89990234375,4337.5,4337.5,4.0
2026-09-15 22:36:00+00:00,4337.89990234375,4338.10009765625,4337.5,4338.10009765625,21.0
2026-09-15 22:37:00+00:00,4338.2001953125,4338.2998046875,4337.7998046875,4338.2001953125,23.0
2026-09-15 22:38:00+00:00,4338.2001953125,4338.60009765625,4338.2001953125,4338.39990234375,16.0
2026-09-15 22:39:00+00:00,4338.39990234375,4338.60009765625,4337.60009765625,4338.0,65.0
2026-09-15 22:40:00+00:00,4338.0,4338.0,4337.10009765625,4337.10009765625,26.0
2026-09-15 22:41:00+00:00,4337.0,4337.2998046875,4336.10009765625,4336.89990234375,35.0
2026-09-15 22:42:00+00:00,4336.7001953125,4336.7001953125,4336.0,4336.2998046875,33.0
2026-09-15 22:43:00+00:00,4336.2998046875,4336.2998046875,4335.2998046875,4335.2998046875,19.0
2026-09-15 22:44:00+00:00,4335.60009765625,4335.7001953125,4334.89990234375,4335.39990234375,17.0
2026-09-15 22:45:00+00:00,4335.2998046875,4335.89990234375,4335.2001953125,4335.7998046875,49.0
2026-09-15 22:46:00+00:00,4335.89990234375,4335.89990234375,4335.0,4335.2998046875,35.0
2026-09-15 22:47:00+00:00,4335.2998046875,4335.2998046875,4334.7998046875,4334.7998046875,28.0
2026-09-15 22:48:00+00:00,4335.2001953125,4335.2001953125,4334.5,4334.7998046875,37.0
2026-09-15 22:49:00+00:00,4334.7998046875,4334.7998046875,4334.2998046875,4334.39990234375,14.0
2026-09-15 22:50:00+00:00,4334.60009765625,4334.7001953125,4334.0,4334.2001953125,20.0
2026-09-15 22:51:00+00:00,4334.2001953125,4334.7998046875,4333.5,4334.39990234375,31.0
2026-09-15 22:52:00+00:00,4334.60009765625,4335.10009765625,4334.2001953125,4334.2001953125,30.0
2026-09-15 22:53:00+00:00,4334.0,4334.2998046875,4334.0,4334.10009765625,6.0
2026-09-15 22:54:00+00:00,4334.2001953125,4334.5,4333.39990234375,4333.39990234375,74.0
2026-09-15 22:55:00+00:00,4333.5,4333.7001953125,4332.60009765625,4332.7998046875,166.0
2026-09-15 22:56:00+00:00,4333.2001953125,4333.5,4331.7001953125,4332.39990234375,286.0
2026-09-15 22:57:00+00:00,4332.39990234375,4332.7998046875,4331.0,4331.60009765625,241.0
2026-09-15 22:58:00+00:00,4331.2998046875,4331.7001953125,4329.60009765625,4330.39990234375,157.0
2026-09-15 22:59:00+00:00,4330.39990234375,4330.60009765625,4329.2001953125,4329.2001953125,158.0
2026-09-15 23:00:00+00:00,4329.10009765625,4329.7001953125,4328.5,4329.10009765625,137.0
2026-09-15 23:01:00+00:00,4328.89990234375,4329.39990234375,4327.60009765625,4328.0,71.0
2026-09-15 23:02:00+00:00,4327.89990234375,4328.39990234375,4326.2001953125,4326.5,98.0
2026-09-15 23:03:00+00:00,4326.60009765625,4327.5,4326.2001953125,4326.60009765625,118.0
2026-09-15 23:04:00+00:00,4326.39990234375,4326.89990234375,4324.7998046875,4325.10009765625,163.0
2026-09-15 23:05:00+00:00,4325.39990234375,4327.2998046875,4325.39990234375,4327.10009765625,80.0
2026-09-15 23:06:00+00:00,4327.10009765625,4327.2001953125,4326.39990234375,4327.2001953125,39.0
2026-09-15 23:07:00+00:00,4326.7001953125,4327.5,4326.7001953125,4327.2001953125,27.0
2026-09-15 23:08:00+00:00,4327.10009765625,4327.39990234375,4326.5,4326.60009765625,28.0
2026-09-15 23:09:00+00:00,4326.89990234375,4327.0,4325.89990234375,4325.89990234375,12.0
2026-09-15 23:10:00+00:00,4326.10009765625,4326.39990234375,4325.39990234375,4326.39990234375,21.0
2026-09-15 23:11:00+00:00,4326.2001953125,4328.39990234375,4325.7001953125,4327.7001953125,128.0
2026-09-15 23:12:00+00:00,4327.7001953125,4328.7998046875,4327.2001953125,4328.2001953125,155.0
2026-09-15 23:13:00+00:00,4328.39990234375,4328.39990234375,4325.89990234375,4326.7998046875,77.0
2026-09-15 23:14:00+00:00,4327.10009765625,4327.10009765625,4326.10009765625,4326.39990234375,13.0
2026-09-15 23:15:00+00:00,4326.10009765625,4327.2998046875,4325.89990234375,4327.2001953125,26.0
2026-09-15 23:16:00+00:00,4327.2001953125,4327.2001953125,4325.5,4326.5,72.0
2026-09-15 23:17:00+00:00,4326.2998046875,4326.7001953125,4325.7998046875,4326.39990234375,54.0
2026-09-15 23:18:00+00:00,4327.0,4327.0,4326.7998046875,4326.7998046875,2.0
2026-09-15 23:19:00+00:00,4327.0,4327.10009765625,4326.89990234375,4326.89990234375,20.0
2026-09-15 23:20:00+00:00,4327.10009765625,4327.2998046875,4327.10009765625,4327.2001953125,8.0
2026-09-15 23:21:00+00:00,4327.2001953125,4327.2998046875,4326.5,4326.89990234375,12.0
2026-09-15 23:22:00+00:00,4326.7998046875,4326.7998046875,4326.5,4326.5,6.0
2026-09-15 23:23:00+00:00,4326.7001953125,4327.0,4326.60009765625,4327.0,3.0
2026-09-15 23:24:00+00:00,4326.7001953125,4327.0,4324.2998046875,4324.89990234375,158.0
2026-09-15 23:25:00+00:00,4325.10009765625,4326.0,4324.10009765625,4324.10009765625,232.0
2026-09-15 23:26:00+00:00,4324.5,4325.2001953125,4324.0,4324.39990234375,172.0
2026-09-15 23:27:00+00:00,4324.39990234375,4324.7001953125,4323.0,4323.39990234375,48.0
2026-09-15 23:28:00+00:00,4323.2001953125,4323.60009765625,4322.0,4323.60009765625,54.0
2026-09-15 23:29:00+00:00,4323.7998046875,4324.39990234375,4322.60009765625,4324.39990234375,51.0
2026-09-15 23:30:00+00:00,4324.0,4324.2001953125,4322.89990234375,4323.5,44.0
2026-09-15 23:31:00+00:00,4323.89990234375,4324.2001953125,4323.10009765625,4323.5,81.0
2026-09-15 23:32:00+00:00,4323.7001953125,4326.39990234375,4323.7001953125,4325.89990234375,241.0
2026-09-15 23:33:00+00:00,4326.2998046875,4327.60009765625,4326.10009765625,4327.60009765625,147.0
2026-09-15 23:34:00+00:00,4327.2001953125,4328.10009765625,4326.5,4327.0,284.0
2026-09-15 23:35:00+00:00,4327.10009765625,4327.7998046875,4325.60009765625,4327.5,264.0
2026-09-15 23:36:00+00:00,4327.5,4328.0,4326.89990234375,4327.39990234375,250.0
2026-09-15 23:37:00+00:00,4327.39990234375,4327.39990234375,4326.2998046875,4327.10009765625,125.0
2026-09-15 23:38:00+00:00,4326.89990234375,4326.89990234375,4325.2998046875,4325.2998046875,76.0
2026-09-15 23:39:00+00:00,4325.2001953125,4325.7001953125,4323.2001953125,4325.60009765625,90.0
2026-09-15 23:40:00+00:00,4325.5,4326.5,4325.0,4325.39990234375,155.0
2026-09-15 23:41:00+00:00,4325.2001953125,4325.2001953125,4324.2998046875,4324.89990234375,39.0
2026-09-15 23:42:00+00:00,4325.0,4325.0,4324.2998046875,4324.7001953125,13.0
2026-09-15 23:43:00+00:00,4324.89990234375,4326.39990234375,4324.89990234375,4325.2001953125,37.0
2026-09-15 23:44:00+00:00,4325.0,4325.60009765625,4325.0,4325.60009765625,5.0
2026-09-15 23:45:00+00:00,4325.10009765625,4326.60009765625,4324.89990234375,4325.89990234375,54.0
2026-09-15 23:46:00+00:00,4325.89990234375,4326.7998046875,4325.60009765625,4326.2001953125,21.0
2026-09-15 23:47:00+00:00,4326.60009765625,4327.0,4326.60009765625,4326.7998046875,5.0
2026-09-15 23:48:00+00:00,4326.5,4327.0,4326.2001953125,4326.2001953125,27.0
2026-09-15 23:49:00+00:00,4326.2998046875,4326.2998046875,4324.0,4324.0,55.0
2026-09-15 23:50:00+00:00,4324.10009765625,4325.2998046875,4324.10009765625,4325.2001953125,35.0
2026-09-15 23:51:00+00:00,4325.10009765625,4325.10009765625,4324.0,4324.60009765625,105.0
2026-09-15 23:52:00+00:00,4324.39990234375,4324.60009765625,4323.7998046875,4324.10009765625,99.0
2026-09-15 23:53:00+00:00,4324.2001953125,4324.60009765625,4323.7998046875,4324.0,140.0
2026-09-15 23:54:00+00:00,4324.10009765625,4324.7998046875,4323.7998046875,4324.2998046875,63.0
2026-09-15 23:55:00+00:00,4324.0,4324.0,4322.0,4322.5,116.0
2026-09-15 23:56:00+00:00,4322.39990234375,4322.39990234375,4321.2001953125,4322.2001953125,119.0
2026-09-15 23:57:00+00:00,4321.89990234375,4322.5,4321.2998046875,4322.10009765625,273.0
2026-09-15 23:58:00+00:00,4322.2001953125,4322.39990234375,4321.60009765625,4322.0,156.0
2026-09-15 23:59:00+00:00,4322.0,4323.60009765625,4321.2998046875,4323.2998046875,128.0
2026-09-16 00:00:00+00:00,4323.89990234375,4324.10009765625,4321.7001953125,4322.0,82.0
2026-09-16 00:01:00+00:00,4322.39990234375,4322.5,4321.5,4321.7001953125,58.0
2026-09-16 00:02:00+00:00,4321.60009765625,4321.7998046875,4321.39990234375,4321.60009765625,14.0
2026-09-16 00:03:00+00:00,4321.89990234375,4322.2001953125,4321.0,4321.2998046875,45.0
2026-09-16 00:04:00+00:00,4321.5,4321.89990234375,4320.7001953125,4320.7001953125,24.0
2026-09-16 00:05:00+00:00,4321.10009765625,4322.10009765625,4321.10009765625,4321.7998046875,29.0
2026-09-16 00:06:00+00:00,4322.10009765625,4323.0,4322.10009765625,4322.5,17.0
2026-09-16 00:07:00+00:00,4322.39990234375,4325.10009765625,4322.39990234375,4323.7998046875,136.0
2026-09-16 00:08:00+00:00,4324.2001953125,4324.60009765625,4322.5,4322.5,101.0
2026-09-16 00:09:00+00:00,4322.2998046875,4322.39990234375,4322.0,4322.0,15.0
2026-09-16 00:10:00+00:00,4321.7998046875,4321.7998046875,4320.89990234375,4321.2998046875,37.0
2026-09-16 00:11:00+00:00,4321.60009765625,4322.2998046875,4321.2998046875,4322.2001953125,48.0
2026-09-16 00:12:00+00:00,4322.2001953125,4323.2001953125,4322.2001953125,4323.0,21.0
2026-09-16 00:13:00+00:00,4322.7998046875,4323.0,4322.7001953125,4322.89990234375,7.0
2026-09-16 00:14:00+00:00,4323.10009765625,4323.2998046875,4322.60009765625,4322.7998046875,29.0
2026-09-16 00:15:00+00:00,4323.10009765625,4323.39990234375,4322.10009765625,4322.7001953125,37.0
2026-09-16 00:16:00+00:00,4322.5,4324.5,4322.5,4323.60009765625,32.0
2026-09-16 00:17:00+00:00,4323.60009765625,4324.5,4323.60009765625,4324.0,31.0
2026-09-16 00:18:00+00:00,4323.7001953125,4325.7001953125,4323.2998046875,4325.7001953125,54.0
2026-09-16 00:19:00+00:00,4325.7001953125,4326.0,4325.5,4325.7001953125,33.0
2026-09-16 00:20:00+00:00,4325.7998046875,4326.0,4324.60009765625,4325.2998046875,44.0
2026-09-16 00:21:00+00:00,4325.0,4326.5,4324.60009765625,4324.60009765625,63.0
2026-09-16 00:22:00+00:00,4324.7998046875,4325.2001953125,4323.60009765625,4324.60009765625,44.0
2026-09-16 00:23:00+00:00,4324.7998046875,4325.5,4324.5,4325.5,16.0
2026-09-16 00:24:00+00:00,4325.2998046875,4325.7001953125,4325.2998046875,4325.7001953125,10.0
2026-09-16 00:25:00+00:00,4325.39990234375,4325.5,4324.7998046875,4324.7998046875,5.0
2026-09-16 00:26:00+00:00,4324.39990234375,4325.60009765625,4323.7998046875,4325.39990234375,23.0
2026-09-16 00:27:00+00:00,4325.39990234375,4325.39990234375,4323.7001953125,4324.39990234375,38.0
2026-09-16 00:28:00+00:00,4324.39990234375,4324.60009765625,4323.60009765625,4323.89990234375,9.0
2026-09-16 00:29:00+00:00,4324.0,4324.39990234375,4324.0,4324.39990234375,2.0
2026-09-16 00:30:00+00:00,4324.7998046875,4324.89990234375,4324.39990234375,4324.60009765625,10.0
2026-09-16 00:31:00+00:00,4324.89990234375,4324.89990234375,4323.2001953125,4323.5,36.0
2026-09-16 00:32:00+00:00,4323.5,4323.5,4321.89990234375,4322.0,32.0
2026-09-16 00:33:00+00:00,4322.10009765625,4322.39990234375,4319.7001953125,4320.89990234375,86.0
2026-09-16 00:34:00+00:00,4320.89990234375,4321.60009765625,4319.7998046875,4321.5,51.0
2026-09-16 00:35:00+00:00,4321.7998046875,4321.89990234375,4319.7001953125,4320.2001953125,37.0
2026-09-16 00:36:00+00:00,4320.2998046875,4320.89990234375,4320.2001953125,4320.60009765625,10.0
2026-09-16 00:37:00+00:00,4320.39990234375,4320.7001953125,4319.89990234375,4320.7001953125,12.0
2026-09-16 00:38:00+00:00,4321.0,4321.2998046875,4320.60009765625,4320.89990234375,18.0
2026-09-16 00:39:00+00:00,4321.2001953125,4321.5,4321.0,4321.39990234375,23.0
2026-09-16 00:40:00+00:00,4321.60009765625,4324.2001953125,4320.7998046875,4323.7998046875,122.0
2026-09-16 00:41:00+00:00,4323.89990234375,4325.2998046875,4323.89990234375,4325.2998046875,49.0
2026-09-16 00:42:00+00:00,4325.2998046875,4325.89990234375,4324.10009765625,4324.10009765625,64.0
2026-09-16 00:43:00+00:00,4324.2001953125,4324.89990234375,4323.7998046875,4324.89990234375,62.0
2026-09-16 00:44:00+00:00,4325.0,4325.0,4323.2001953125,4323.7001953125,280.0
2026-09-16 00:45:00+00:00,4323.60009765625,4325.2001953125,4323.5,4324.10009765625,101.0
2026-09-16 00:46:00+00:00,4323.2001953125,4324.5,4323.2001953125,4324.2001953125,49.0
2026-09-16 00:47:00+00:00,4324.39990234375,4324.7001953125,4322.39990234375,4322.89990234375,62.0
2026-09-16 00:48:00+00:00,4322.89990234375,4324.39990234375,4322.5,4323.7998046875,92.0
2026-09-16 00:49:00+00:00,4323.7998046875,4324.10009765625,4323.0,4323.0,44.0
2026-09-16 00:50:00+00:00,4322.89990234375,4322.89990234375,4321.2001953125,4321.2001953125,33.0
2026-09-16 00:51:00+00:00,4321.10009765625,4322.5,4320.60009765625,4320.7001953125,133.0
2026-09-16 00:52:00+00:00,4321.2001953125,4321.39990234375,4320.2998046875,4320.7998046875,87.0
2026-09-16 00:53:00+00:00,4320.7998046875,4321.0,4319.5,4319.5,112.0
2026-09-16 00:54:00+00:00,4319.5,4319.60009765625,4317.60009765625,4317.89990234375,252.0
2026-09-16 00:55:00+00:00,4318.10009765625,4318.5,4315.2998046875,4315.60009765625,182.0
2026-09-16 00:56:00+00:00,4315.60009765625,4317.60009765625,4315.2001953125,4317.0,165.0
2026-09-16 00:57:00+00:00,4317.39990234375,4318.10009765625,4316.0,4317.60009765625,159.0
2026-09-16 00:58:00+00:00,4317.5,4317.89990234375,4316.2998046875,4316.2998046875,53.0
2026-09-16 00:59:00+00:00,4316.39990234375,4317.5,4315.39990234375,4317.10009765625,189.0
2026-09-16 01:00:00+00:00,4317.10009765625,4323.89990234375,4316.2998046875,4322.89990234375,570.0
2026-09-16 01:01:00+00:00,4323.0,4324.2001953125,4321.7998046875,4323.0,186.0
2026-09-16 01:02:00+00:00,4322.89990234375,4324.0,4321.2998046875,4322.7998046875,84.0
2026-09-16 01:03:00+00:00,4322.5,4324.7001953125,4320.89990234375,4321.2001953125,175.0
2026-09-16 01:04:00+00:00,4321.10009765625,4321.5,4319.39990234375,4319.89990234375,182.0
2026-09-16 01:05:00+00:00,4319.5,4320.10009765625,4318.10009765625,4319.2001953125,200.0
2026-09-16 01:06:00+00:00,4319.7001953125,4322.2998046875,4319.7001953125,4321.2998046875,202.0
2026-09-16 01:07:00+00:00,4320.89990234375,4321.0,4319.0,4319.0,87.0
2026-09-16 01:08:00+00:00,4318.5,4320.60009765625,4318.0,4320.60009765625,81.0
2026-09-16 01:09:00+00:00,4320.60009765625,4322.0,4320.2001953125,4321.39990234375,33.0
2026-09-16 01:10:00+00:00,4320.7001953125,4321.0,4318.89990234375,4320.89990234375,52.0
2026-09-16 01:11:00+00:00,4321.2998046875,4322.60009765625,4321.10009765625,4322.60009765625,44.0
2026-09-16 01:12:00+00:00,4322.5,4324.5,4322.0,4324.2998046875,89.0
2026-09-16 01:13:00+00:00,4324.5,4326.2998046875,4324.2001953125,4325.7998046875,102.0
2026-09-16 01:14:00+00:00,4325.60009765625,4327.60009765625,4325.2998046875,4327.0,136.0
2026-09-16 01:15:00+00:00,4327.10009765625,4329.7001953125,4326.89990234375,4327.60009765625,200.0
2026-09-16 01:16:00+00:00,4327.7998046875,4329.7998046875,4327.7998046875,4328.60009765625,310.0
2026-09-16 01:17:00+00:00,4328.0,4328.0,4324.89990234375,4325.7998046875,88.0
2026-09-16 01:18:00+00:00,4325.7998046875,4326.2998046875,4324.10009765625,4325.7001953125,121.0
2026-09-16 01:19:00+00:00,4325.5,4327.5,4325.39990234375,4327.0,222.0
2026-09-16 01:20:00+00:00,4327.10009765625,4330.5,4327.0,4329.7998046875,163.0
2026-09-16 01:21:00+00:00,4329.7998046875,4330.2001953125,4328.0,4328.60009765625,150.0
2026-09-16 01:22:00+00:00,4328.39990234375,4329.39990234375,4328.0,4329.0,114.0
2026-09-16 01:23:00+00:00,4328.7998046875,4330.10009765625,4328.7001953125,4329.7998046875,56.0
2026-09-16 01:24:00+00:00,4329.89990234375,4330.7001953125,4329.10009765625,4330.39990234375,59.0
2026-09-16 01:25:00+00:00,4330.5,4331.89990234375,4328.60009765625,4331.89990234375,200.0
2026-09-16 01:26:00+00:00,4331.60009765625,4332.39990234375,4330.60009765625,4331.89990234375,98.0
2026-09-16 01:27:00+00:00,4331.7001953125,4333.2998046875,4331.7001953125,4332.39990234375,88.0
2026-09-16 01:28:00+00:00,4332.2998046875,4332.60009765625,4331.2001953125,4331.89990234375,37.0
2026-09-16 01:29:00+00:00,4331.89990234375,4331.89990234375,4330.10009765625,4330.10009765625,67.0
2026-09-16 01:30:00+00:00,4330.10009765625,4331.2001953125,4329.39990234375,4329.7001953125,49.0
2026-09-16 01:31:00+00:00,4329.60009765625,4330.0,4327.5,4328.5,69.0
2026-09-16 01:32:00+00:00,4328.39990234375,4329.10009765625,4328.2998046875,4328.7001953125,22.0
2026-09-16 01:33:00+00:00,4328.5,4328.60009765625,4327.89990234375,4328.2998046875,22.0
2026-09-16 01:34:00+00:00,4328.2998046875,4329.10009765625,4328.10009765625,4328.7998046875,36.0
2026-09-16 01:35:00+00:00,4329.10009765625,4329.60009765625,4327.39990234375,4327.39990234375,52.0
2026-09-16 01:36:00+00:00,4327.2001953125,4328.60009765625,4327.10009765625,4328.60009765625,64.0
2026-09-16 01:37:00+00:00,4328.60009765625,4329.2001953125,4328.0,4328.7001953125,27.0
2026-09-16 01:38:00+00:00,4328.2998046875,4328.2998046875,4327.5,4328.0,29.0
2026-09-16 01:39:00+00:00,4327.7001953125,4328.2001953125,4325.7001953125,4325.7001953125,123.0
2026-09-16 01:40:00+00:00,4325.60009765625,4328.10009765625,4325.2001953125,4328.0,110.0
2026-09-16 01:41:00+00:00,4328.2001953125,4330.2998046875,4327.7001953125,4329.89990234375,84.0
2026-09-16 01:42:00+00:00,4329.89990234375,4330.2001953125,4328.5,4329.0,66.0
2026-09-16 01:43:00+00:00,4329.2998046875,4329.7001953125,4327.7998046875,4327.7998046875,49.0
2026-09-16 01:44:00+00:00,4327.7001953125,4328.5,4327.5,4328.10009765625,46.0
2026-09-16 01:45:00+00:00,4327.89990234375,4328.60009765625,4327.10009765625,4327.7998046875,81.0
2026-09-16 01:46:00+00:00,4327.89990234375,4327.89990234375,4325.60009765625,4325.60009765625,26.0
2026-09-16 01:47:00+00:00,4325.7998046875,4327.2998046875,4325.39990234375,4327.0,41.0
2026-09-16 01:48:00+00:00,4326.60009765625,4326.60009765625,4324.60009765625,4325.0,69.0
2026-09-16 01:49:00+00:00,4325.0,4327.5,4324.7998046875,4327.39990234375,136.0
2026-09-16 01:50:00+00:00,4327.2998046875,4328.5,4325.0,4325.0,91.0
2026-09-16 01:51:00+00:00,4324.7998046875,4325.7001953125,4323.2998046875,4325.60009765625,220.0
2026-09-16 01:52:00+00:00,4325.7001953125,4326.5,4325.2998046875,4326.2001953125,26.0
2026-09-16 01:53:00+00:00,4326.2998046875,4327.7998046875,4326.2998046875,4326.7998046875,102.0
2026-09-16 01:54:00+00:00,4326.60009765625,4326.60009765625,4324.60009765625,4324.7998046875,45.0
2026-09-16 01:55:00+00:00,4324.60009765625,4326.39990234375,4324.5,4325.2998046875,73.0
2026-09-16 01:56:00+00:00,4325.10009765625,4325.2998046875,4322.60009765625,4322.7998046875,67.0
2026-09-16 01:57:00+00:00,4323.10009765625,4323.10009765625,4319.39990234375,4319.5,146.0
2026-09-16 01:58:00+00:00,4319.5,4322.10009765625,4319.39990234375,4321.60009765625,138.0
2026-09-16 01:59:00+00:00,4321.5,4321.7998046875,4321.10009765625,4321.7998046875,15.0
2026-09-16 02:00:00+00:00,4322.0,4323.7001953125,4321.39990234375,4322.89990234375,65.0
2026-09-16 02:01:00+00:00,4323.10009765625,4324.7998046875,4322.5,4324.60009765625,50.0
2026-09-16 02:02:00+00:00,4324.60009765625,4326.2998046875,4323.7998046875,4326.0,37.0
2026-09-16 02:03:00+00:00,4325.89990234375,4326.7001953125,4325.7998046875,4326.0,28.0
2026-09-16 02:04:00+00:00,4326.5,4327.0,4325.89990234375,4327.0,28.0
2026-09-16 02:05:00+00:00,4327.2001953125,4327.5,4324.7998046875,4325.39990234375,51.0
2026-09-16 02:06:00+00:00,4325.60009765625,4325.89990234375,4324.5,4324.89990234375,28.0
2026-09-16 02:07:00+00:00,4324.2998046875,4326.89990234375,4323.89990234375,4326.0,92.0
2026-09-16 02:08:00+00:00,4326.0,4327.2001953125,4325.5,4326.89990234375,51.0
2026-09-16 02:09:00+00:00,4327.0,4328.89990234375,4326.0,4328.60009765625,97.0
2026-09-16 02:10:00+00:00,4328.7998046875,4331.5,4328.7998046875,4330.2001953125,156.0
2026-09-16 02:11:00+00:00,4330.2998046875,4333.10009765625,4330.10009765625,4333.10009765625,220.0
2026-09-16 02:12:00+00:00,4333.5,4334.60009765625,4332.89990234375,4333.39990234375,276.0
2026-09-16 02:13:00+00:00,4333.7998046875,4334.10009765625,4332.0,4332.5,188.0
2026-09-16 02:14:00+00:00,4332.7001953125,4333.0,4330.89990234375,4332.0,149.0
2026-09-16 02:15:00+00:00,4331.7998046875,4333.60009765625,4330.39990234375,4330.39990234375,114.0
2026-09-16 02:16:00+00:00,4330.7998046875,4331.39990234375,4329.7001953125,4330.89990234375,314.0
2026-09-16 02:17:00+00:00,4331.10009765625,4331.60009765625,4330.39990234375,4331.39990234375,244.0
2026-09-16 02:18:00+00:00,4331.5,4332.0,4330.10009765625,4331.89990234375,172.0
2026-09-16 02:19:00+00:00,4332.2001953125,4334.7001953125,4330.89990234375,4331.2001953125,251.0
2026-09-16 02:20:00+00:00,4331.2001953125,4331.7001953125,4330.7001953125,4331.60009765625,44.0
2026-09-16 02:21:00+00:00,4331.0,4333.2001953125,4330.39990234375,4333.2001953125,64.0
2026-09-16 02:22:00+00:00,4333.60009765625,4334.5,4332.7998046875,4333.10009765625,144.0
2026-09-16 02:23:00+00:00,4333.39990234375,4334.0,4333.2998046875,4333.60009765625,63.0
2026-09-16 02:24:00+00:00,4333.60009765625,4335.2998046875,4333.5,4335.2998046875,50.0
2026-09-16 02:25:00+00:00,4335.5,4335.7998046875,4334.89990234375,4335.7998046875,53.0
2026-09-16 02:26:00+00:00,4335.5,4337.5,4335.0,4337.5,154.0
2026-09-16 02:27:00+00:00,4337.60009765625,4340.5,4337.60009765625,4339.89990234375,182.0
2026-09-16 02:28:00+00:00,4339.89990234375,4340.10009765625,4337.60009765625,4338.0,161.0
2026-09-16 02:29:00+00:00,4337.89990234375,4338.7998046875,4337.60009765625,4338.7998046875,36.0
2026-09-16 02:30:00+00:00,4338.89990234375,4344.60009765625,4338.2998046875,4344.0,468.0
2026-09-16 02:31:00+00:00,4344.10009765625,4350.2001953125,4343.2001953125,4350.2001953125,552.0
2026-09-16 02:32:00+00:00,4350.10009765625,4351.89990234375,4345.89990234375,4345.89990234375,558.0
2026-09-16 02:33:00+00:00,4345.89990234375,4347.5,4345.2001953125,4345.89990234375,187.0
2026-09-16 02:34:00+00:00,4346.2001953125,4351.2001953125,4345.89990234375,4350.5,268.0
2026-09-16 02:35:00+00:00,4350.60009765625,4353.7998046875,4349.7001953125,4353.7001953125,533.0
2026-09-16 02:36:00+00:00,4353.7001953125,4356.7001953125,4352.7998046875,4353.5,515.0
2026-09-16 02:37:00+00:00,4353.39990234375,4353.5,4350.2998046875,4351.2001953125,249.0
2026-09-16 02:38:00+00:00,4351.10009765625,4352.2998046875,4349.89990234375,4350.5,145.0
2026-09-16 02:39:00+00:00,4350.39990234375,4352.7998046875,4350.39990234375,4351.7998046875,96.0
2026-09-16 02:40:00+00:00,4351.89990234375,4354.2001953125,4351.10009765625,4351.5,265.0
2026-09-16 02:41:00+00:00,4351.7001953125,4353.10009765625,4351.7001953125,4352.89990234375,167.0
2026-09-16 02:42:00+00:00,4352.5,4353.7001953125,4351.89990234375,4351.89990234375,116.0
2026-09-16 02:43:00+00:00,4351.89990234375,4354.39990234375,4351.89990234375,4352.89990234375,125.0
2026-09-16 02:44:00+00:00,4352.89990234375,4353.10009765625,4351.2998046875,4351.2998046875,148.0
2026-09-16 02:45:00+00:00,4351.60009765625,4352.39990234375,4351.2001953125,4351.7001953125,38.0
2026-09-16 02:46:00+00:00,4351.7001953125,4355.0,4351.39990234375,4354.10009765625,201.0
2026-09-16 02:47:00+00:00,4354.2998046875,4356.2001953125,4353.60009765625,4353.7001953125,173.0
2026-09-16 02:48:00+00:00,4354.0,4356.10009765625,4354.0,4354.7001953125,75.0
2026-09-16 02:49:00+00:00,4354.7998046875,4355.7998046875,4354.10009765625,4355.60009765625,71.0
2026-09-16 02:50:00+00:00,4355.89990234375,4356.89990234375,4355.39990234375,4356.10009765625,390.0
2026-09-16 02:51:00+00:00,4356.0,4357.39990234375,4354.7998046875,4356.89990234375,106.0
2026-09-16 02:52:00+00:00,4357.10009765625,4357.39990234375,4354.39990234375,4354.89990234375,193.0
2026-09-16 02:53:00+00:00,4355.0,4355.5,4354.10009765625,4355.0,181.0
2026-09-16 02:54:00+00:00,4355.0,4357.10009765625,4354.0,4356.89990234375,153.0
2026-09-16 02:55:00+00:00,4357.10009765625,4357.39990234375,4356.2001953125,4357.2998046875,404.0
2026-09-16 02:56:00+00:00,4357.2998046875,4363.10009765625,4356.89990234375,4361.60009765625,709.0
2026-09-16 02:57:00+00:00,4361.2998046875,4363.89990234375,4360.7998046875,4361.5,246.0
2026-09-16 02:58:00+00:00,4361.7998046875,4361.7998046875,4359.7001953125,4360.2998046875,125.0
2026-09-16 02:59:00+00:00,4360.2998046875,4363.0,4360.0,4362.10009765625,139.0
2026-09-16 03:00:00+00:00,4362.2998046875,4365.0,4361.89990234375,4364.7001953125,359.0
2026-09-16 03:01:00+00:00,4364.5,4367.60009765625,4363.7001953125,4366.89990234375,335.0
2026-09-16 03:02:00+00:00,4366.7001953125,4368.7001953125,4366.10009765625,4368.2001953125,336.0
2026-09-16 03:03:00+00:00,4367.89990234375,4369.0,4366.5,4368.60009765625,238.0
2026-09-16 03:04:00+00:00,4368.5,4369.7998046875,4367.7998046875,4369.0,164.0
2026-09-16 03:05:00+00:00,4368.89990234375,4371.2001953125,4368.60009765625,4369.10009765625,401.0
2026-09-16 03:06:00+00:00,4369.5,4371.39990234375,4368.7998046875,4369.39990234375,232.0
2026-09-16 03:07:00+00:00,4369.7001953125,4371.2998046875,4368.7998046875,4370.2998046875,189.0
2026-09-16 03:08:00+00:00,4370.0,4370.39990234375,4366.7998046875,4367.2998046875,315.0
2026-09-16 03:09:00+00:00,4367.2001953125,4368.10009765625,4366.10009765625,4367.39990234375,136.0
2026-09-16 03:10:00+00:00,4367.89990234375,4371.0,4367.60009765625,4367.7998046875,296.0
2026-09-16 03:11:00+00:00,4367.7001953125,4372.10009765625,4367.0,4370.7001953125,315.0
2026-09-16 03:12:00+00:00,4371.10009765625,4376.7998046875,4371.10009765625,4374.2998046875,643.0
2026-09-16 03:13:00+00:00,4374.2998046875,4377.89990234375,4374.10009765625,4377.89990234375,220.0
2026-09-16 03:14:00+00:00,4378.2998046875,4379.7001953125,4377.2998046875,4378.0,300.0
2026-09-16 03:15:00+00:00,4378.10009765625,4379.10009765625,4377.0,4379.10009765625,228.0
2026-09-16 03:16:00+00:00,4378.7001953125,4380.7001953125,4378.5,4378.89990234375,291.0
2026-09-16 03:17:00+00:00,4379.10009765625,4379.39990234375,4378.2998046875,4379.2001953125,94.0
2026-09-16 03:18:00+00:00,4379.10009765625,4379.2001953125,4377.5,4377.7001953125,116.0
2026-09-16 03:19:00+00:00,4378.0,4378.7001953125,4376.5,4376.5,126.0
2026-09-16 03:20:00+00:00,4376.7998046875,4379.2001953125,4376.5,4379.0,101.0
2026-09-16 03:21:00+00:00,4378.89990234375,4381.0,4377.7001953125,4380.7998046875,139.0
2026-09-16 03:22:00+00:00,4380.7001953125,4381.89990234375,4378.60009765625,4378.60009765625,262.0
2026-09-16 03:23:00+00:00,4378.7998046875,4381.2001953125,4378.7001953125,4379.0,88.0
2026-09-16 03:24:00+00:00,4379.10009765625,4379.2998046875,4375.7998046875,4377.2001953125,224.0
2026-09-16 03:25:00+00:00,4377.5,4379.0,4375.89990234375,4375.89990234375,164.0
2026-09-16 03:26:00+00:00,4375.89990234375,4376.7998046875,4375.2001953125,4376.60009765625,111.0
2026-09-16 03:27:00+00:00,4376.2998046875,4376.60009765625,4374.7001953125,4375.7001953125,196.0
2026-09-16 03:28:00+00:00,4375.5,4376.0,4374.10009765625,4374.10009765625,76.0
2026-09-16 03:29:00+00:00,4374.10009765625,4374.39990234375,4372.60009765625,4372.60009765625,312.0
2026-09-16 03:30:00+00:00,4372.5,4373.39990234375,4371.10009765625,4371.2998046875,196.0
2026-09-16 03:31:00+00:00,4371.5,4372.7998046875,4370.2001953125,4370.7998046875,142.0
2026-09-16 03:32:00+00:00,4370.7001953125,4371.2998046875,4369.39990234375,4369.89990234375,128.0
2026-09-16 03:33:00+00:00,4370.2998046875,4371.5,4369.89990234375,4370.7001953125,115.0
2026-09-16 03:34:00+00:00,4370.2998046875,4371.0,4369.5,4370.10009765625,66.0
2026-09-16 03:35:00+00:00,4370.2998046875,4370.2998046875,4369.10009765625,4369.2001953125,90.0
2026-09-16 03:36:00+00:00,4369.2001953125,4369.2998046875,4368.0,4368.2001953125,69.0
2026-09-16 03:37:00+00:00,4368.2998046875,4368.2998046875,4367.2001953125,4367.5,59.0
2026-09-16 03:38:00+00:00,4367.89990234375,4368.10009765625,4366.89990234375,4368.0,76.0
2026-09-16 03:39:00+00:00,4368.5,4369.2001953125,4367.7998046875,4368.0,117.0
2026-09-16 03:40:00+00:00,4368.2998046875,4370.2001953125,4368.2998046875,4369.39990234375,92.0
2026-09-16 03:41:00+00:00,4369.2998046875,4369.2998046875,4368.0,4368.2001953125,53.0
2026-09-16 03:42:00+00:00,4368.10009765625,4368.7001953125,4367.39990234375,4367.89990234375,68.0
2026-09-16 03:43:00+00:00,4368.2001953125,4368.2001953125,4366.7001953125,4367.2001953125,35.0
2026-09-16 03:44:00+00:00,4367.2001953125,4368.39990234375,4366.7001953125,4367.89990234375,53.0
2026-09-16 03:45:00+00:00,4368.0,4368.7998046875,4366.89990234375,4368.2001953125,139.0
2026-09-16 03:46:00+00:00,4368.0,4368.2998046875,4367.7001953125,4368.0,57.0
2026-09-16 03:47:00+00:00,4368.39990234375,4368.89990234375,4366.89990234375,4368.0,74.0
2026-09-16 03:48:00+00:00,4367.5,4367.89990234375,4365.5,4365.7001953125,107.0
2026-09-16 03:49:00+00:00,4365.7998046875,4366.0,4363.89990234375,4364.2001953125,181.0
2026-09-16 03:50:00+00:00,4364.2001953125,4364.89990234375,4363.2998046875,4364.2001953125,69.0
2026-09-16 03:51:00+00:00,4364.2998046875,4364.2998046875,4363.7001953125,4364.2001953125,16.0
2026-09-16 03:52:00+00:00,4364.2001953125,4367.2001953125,4364.2001953125,4366.7998046875,79.0
2026-09-16 03:53:00+00:00,4367.0,4367.39990234375,4366.2998046875,4366.60009765625,75.0
2026-09-16 03:54:00+00:00,4366.39990234375,4367.5,4366.39990234375,4367.5,29.0
2026-09-16 03:55:00+00:00,4366.7998046875,4367.7998046875,4366.0,4367.7001953125,29.0
2026-09-16 03:56:00+00:00,4367.10009765625,4368.0,4366.89990234375,4368.0,28.0
2026-09-16 03:57:00+00:00,4367.7001953125,4368.2001953125,4366.7001953125,4367.60009765625,51.0
2026-09-16 03:58:00+00:00,4367.60009765625,4367.60009765625,4366.5,4367.2001953125,28.0
2026-09-16 04:00:00+00:00,4368.0,4368.7001953125,4367.5,4368.0,34.0
2026-09-16 04:01:00+00:00,4368.0,4368.39990234375,4367.60009765625,4367.7001953125,33.0
2026-09-16 04:02:00+00:00,4368.10009765625,4369.2001953125,4367.5,4367.60009765625,51.0
2026-09-16 04:03:00+00:00,4367.89990234375,4368.0,4367.2001953125,4367.5,17.0
2026-09-16 04:04:00+00:00,4368.2998046875,4368.89990234375,4368.2001953125,4368.39990234375,25.0
2026-09-16 04:05:00+00:00,4368.2001953125,4368.2001953125,4366.5,4367.2001953125,25.0
2026-09-16 04:06:00+00:00,4367.2001953125,4367.7001953125,4366.89990234375,4367.7001953125,4.0
2026-09-16 04:07:00+00:00,4367.5,4367.89990234375,4366.60009765625,4367.7998046875,36.0
2026-09-16 04:08:00+00:00,4367.7998046875,4367.89990234375,4367.2001953125,4367.2001953125,72.0
2026-09-16 04:09:00+00:00,4367.2001953125,4367.60009765625,4366.39990234375,4367.10009765625,39.0
2026-09-16 04:10:00+00:00,4367.2001953125,4368.10009765625,4366.60009765625,4367.7001953125,45.0
2026-09-16 04:11:00+00:00,4368.2998046875,4368.2998046875,4368.2001953125,4368.2001953125,2.0
2026-09-16 04:12:00+00:00,4368.5,4368.7001953125,4367.5,4367.7001953125,42.0
2026-09-16 04:13:00+00:00,4367.7001953125,4368.2001953125,4367.39990234375,4367.60009765625,24.0
2026-09-16 04:14:00+00:00,4367.7001953125,4367.7001953125,4366.2998046875,4367.60009765625,64.0
2026-09-16 04:15:00+00:00,4367.89990234375,4368.2001953125,4367.2001953125,4367.2998046875,22.0
2026-09-16 04:16:00+00:00,4367.39990234375,4367.5,4366.2998046875,4366.7998046875,13.0
2026-09-16 04:17:00+00:00,4366.89990234375,4366.89990234375,4366.2001953125,4366.39990234375,38.0
2026-09-16 04:18:00+00:00,4366.10009765625,4366.10009765625,4364.10009765625,4364.89990234375,76.0
2026-09-16 04:19:00+00:00,4365.0,4365.39990234375,4364.0,4364.60009765625,37.0
2026-09-16 04:20:00+00:00,4364.7001953125,4367.5,4364.5,4367.2001953125,44.0
2026-09-16 04:21:00+00:00,4367.10009765625,4367.39990234375,4366.2998046875,4367.39990234375,27.0
2026-09-16 04:22:00+00:00,4367.5,4369.2001953125,4367.5,4368.89990234375,81.0
2026-09-16 04:23:00+00:00,4368.7998046875,4369.2001953125,4368.0,4368.0,26.0
2026-09-16 04:24:00+00:00,4368.5,4368.60009765625,4367.39990234375,4367.39990234375,33.0
2026-09-16 04:25:00+00:00,4367.2998046875,4367.7998046875,4367.10009765625,4367.39990234375,21.0
2026-09-16 04:26:00+00:00,4367.2001953125,4367.89990234375,4367.2001953125,4367.89990234375,10.0
2026-09-16 04:27:00+00:00,4367.60009765625,4367.7998046875,4366.7998046875,4367.10009765625,22.0
2026-09-16 04:28:00+00:00,4367.2001953125,4367.2001953125,4366.5,4366.7001953125,12.0
2026-09-16 04:29:00+00:00,4366.2001953125,4367.2001953125,4365.7998046875,4366.60009765625,49.0
2026-09-16 04:30:00+00:00,4366.39990234375,4368.10009765625,4366.0,4368.10009765625,23.0
2026-09-16 04:31:00+00:00,4368.10009765625,4368.5,4368.0,4368.39990234375,15.0
2026-09-16 04:32:00+00:00,4368.2001953125,4369.10009765625,4367.60009765625,4367.60009765625,44.0
2026-09-16 04:33:00+00:00,4367.7001953125,4367.7001953125,4365.89990234375,4366.0,43.0
2026-09-16 04:34:00+00:00,4366.2001953125,4367.0,4365.60009765625,4365.89990234375,32.0
2026-09-16 04:35:00+00:00,4366.10009765625,4366.10009765625,4365.5,4366.10009765625,30.0
2026-09-16 04:36:00+00:00,4365.89990234375,4365.89990234375,4365.5,4365.7998046875,8.0
2026-09-16 04:37:00+00:00,4366.0,4366.60009765625,4365.5,4366.60009765625,15.0
2026-09-16 04:38:00+00:00,4366.39990234375,4366.39990234375,4365.7001953125,4365.89990234375,12.0
2026-09-16 04:39:00+00:00,4366.39990234375,4366.60009765625,4366.2001953125,4366.60009765625,6.0
2026-09-16 04:40:00+00:00,4366.7998046875,4367.0,4366.39990234375,4366.39990234375,23.0
2026-09-16 04:41:00+00:00,4366.7001953125,4366.7001953125,4365.7998046875,4366.2001953125,32.0
2026-09-16 04:42:00+00:00,4366.10009765625,4366.2001953125,4365.7998046875,4365.89990234375,8.0
2026-09-16 04:43:00+00:00,4365.7998046875,4365.7998046875,4363.89990234375,4364.2001953125,30.0
2026-09-16 04:44:00+00:00,4364.0,4364.2998046875,4363.5,4363.7998046875,24.0
2026-09-16 04:45:00+00:00,4363.7001953125,4363.7998046875,4363.10009765625,4363.7998046875,57.0
2026-09-16 04:46:00+00:00,4363.89990234375,4364.0,4363.5,4363.7998046875,6.0
2026-09-16 04:47:00+00:00,4363.39990234375,4364.39990234375,4363.10009765625,4363.39990234375,30.0
2026-09-16 04:48:00+00:00,4363.5,4363.7001953125,4361.7998046875,4361.7998046875,107.0
2026-09-16 04:49:00+00:00,4361.7998046875,4362.7998046875,4361.7001953125,4361.89990234375,45.0
2026-09-16 04:50:00+00:00,4361.89990234375,4362.89990234375,4361.7998046875,4362.7998046875,24.0
2026-09-16 04:51:00+00:00,4362.60009765625,4362.60009765625,4361.60009765625,4362.2001953125,15.0
2026-09-16 04:52:00+00:00,4361.89990234375,4362.7998046875,4361.5,4362.5,26.0
2026-09-16 04:53:00+00:00,4362.2998046875,4362.7001953125,4361.89990234375,4362.39990234375,24.0
2026-09-16 04:54:00+00:00,4362.60009765625,4362.60009765625,4361.60009765625,4362.2001953125,11.0
2026-09-16 04:55:00+00:00,4362.10009765625,4362.2001953125,4361.7001953125,4362.0,16.0
2026-09-16 04:56:00+00:00,4362.60009765625,4362.89990234375,4361.7998046875,4361.7998046875,21.0
2026-09-16 04:57:00+00:00,4362.0,4362.5,4362.0,4362.5,49.0
2026-09-16 04:58:00+00:00,4362.7998046875,4363.2001953125,4362.7001953125,4362.89990234375,15.0
2026-09-16 04:59:00+00:00,4362.7998046875,4362.89990234375,4362.39990234375,4362.60009765625,20.0
2026-09-16 05:00:00+00:00,4362.7998046875,4363.2001953125,4361.7001953125,4362.89990234375,32.0
2026-09-16 05:01:00+00:00,4363.2001953125,4363.60009765625,4362.7001953125,4362.89990234375,38.0
2026-09-16 05:02:00+00:00,4362.39990234375,4362.7998046875,4362.10009765625,4362.7998046875,31.0
2026-09-16 05:03:00+00:00,4362.7001953125,4362.89990234375,4362.2998046875,4362.7998046875,16.0
2026-09-16 05:04:00+00:00,4363.0,4363.5,4362.7998046875,4363.5,28.0
2026-09-16 05:05:00+00:00,4363.7998046875,4364.2998046875,4363.2998046875,4364.0,33.0
2026-09-16 05:06:00+00:00,4364.10009765625,4365.2998046875,4363.5,4363.60009765625,62.0
2026-09-16 05:07:00+00:00,4363.7998046875,4364.7998046875,4363.2001953125,4364.7001953125,38.0
2026-09-16 05:08:00+00:00,4364.7998046875,4364.7998046875,4363.10009765625,4363.89990234375,98.0
2026-09-16 05:09:00+00:00,4364.10009765625,4365.10009765625,4363.39990234375,4364.10009765625,118.0
2026-09-16 05:10:00+00:00,4364.5,4364.7998046875,4362.0,4362.5,185.0
2026-09-16 05:11:00+00:00,4362.0,4363.5,4361.89990234375,4362.5,21.0
2026-09-16 05:12:00+00:00,4362.5,4363.5,4362.2998046875,4363.2998046875,17.0
2026-09-16 05:13:00+00:00,4363.2001953125,4365.39990234375,4363.2001953125,4365.10009765625,32.0
2026-09-16 05:14:00+00:00,4365.10009765625,4365.10009765625,4361.89990234375,4362.5,86.0
2026-09-16 05:15:00+00:00,4362.5,4364.10009765625,4362.39990234375,4364.10009765625,60.0
2026-09-16 05:16:00+00:00,4364.10009765625,4364.2001953125,4363.7998046875,4363.7998046875,16.0
2026-09-16 05:17:00+00:00,4363.89990234375,4365.10009765625,4363.89990234375,4364.5,32.0
2026-09-16 05:18:00+00:00,4364.60009765625,4365.7998046875,4364.60009765625,4365.2001953125,50.0
2026-09-16 05:19:00+00:00,4365.39990234375,4366.7998046875,4365.2998046875,4366.5,44.0
2026-09-16 05:20:00+00:00,4366.39990234375,4367.10009765625,4365.2001953125,4365.39990234375,66.0
2026-09-16 05:21:00+00:00,4365.7001953125,4366.2001953125,4365.0,4365.89990234375,45.0
2026-09-16 05:22:00+00:00,4365.39990234375,4366.0,4364.5,4364.5,32.0
2026-09-16 05:23:00+00:00,4364.39990234375,4365.2001953125,4364.2998046875,4364.89990234375,35.0
2026-09-16 05:24:00+00:00,4365.0,4365.39990234375,4364.10009765625,4364.2998046875,23.0
2026-09-16 05:25:00+00:00,4364.39990234375,4367.10009765625,4364.0,4366.2998046875,46.0
2026-09-16 05:26:00+00:00,4366.39990234375,4367.7001953125,4365.2998046875,4366.10009765625,72.0
2026-09-16 05:27:00+00:00,4366.39990234375,4367.5,4366.39990234375,4367.2998046875,45.0
2026-09-16 05:28:00+00:00,4366.89990234375,4367.2998046875,4364.89990234375,4365.10009765625,50.0
2026-09-16 05:29:00+00:00,4365.2001953125,4365.89990234375,4365.2001953125,4365.7001953125,19.0
2026-09-16 05:30:00+00:00,4365.89990234375,4368.5,4365.0,4366.60009765625,245.0
2026-09-16 05:31:00+00:00,4366.60009765625,4367.7998046875,4365.7001953125,4367.2001953125,63.0
2026-09-16 05:32:00+00:00,4367.2001953125,4368.0,4366.60009765625,4367.7001953125,38.0
2026-09-16 05:33:00+00:00,4367.7998046875,4369.89990234375,4367.7998046875,4369.2001953125,128.0
2026-09-16 05:34:00+00:00,4369.10009765625,4369.39990234375,4367.2001953125,4369.0,74.0
2026-09-16 05:35:00+00:00,4369.2001953125,4369.7998046875,4368.2998046875,4369.60009765625,52.0
2026-09-16 05:36:00+00:00,4369.39990234375,4369.60009765625,4367.7998046875,4367.7998046875,52.0
2026-09-16 05:37:00+00:00,4367.5,4369.2001953125,4367.5,4369.10009765625,31.0
2026-09-16 05:38:00+00:00,4369.2001953125,4371.39990234375,4369.2001953125,4370.5,142.0
2026-09-16 05:39:00+00:00,4370.39990234375,4371.2001953125,4369.0,4369.2001953125,77.0
2026-09-16 05:40:00+00:00,4369.60009765625,4371.0,4368.60009765625,4370.60009765625,44.0
2026-09-16 05:41:00+00:00,4370.2998046875,4370.5,4369.10009765625,4369.60009765625,52.0
2026-09-16 05:42:00+00:00,4369.39990234375,4371.60009765625,4368.60009765625,4371.5,77.0
2026-09-16 05:43:00+00:00,4371.39990234375,4371.39990234375,4369.89990234375,4370.39990234375,52.0
2026-09-16 05:44:00+00:00,4370.39990234375,4373.39990234375,4370.39990234375,4373.39990234375,102.0
2026-09-16 05:45:00+00:00,4373.39990234375,4374.2998046875,4372.5,4373.10009765625,106.0
2026-09-16 05:46:00+00:00,4373.2001953125,4373.5,4372.60009765625,4373.10009765625,73.0
2026-09-16 05:47:00+00:00,4373.10009765625,4373.2998046875,4370.7001953125,4370.7998046875,72.0
2026-09-16 05:48:00+00:00,4370.60009765625,4371.10009765625,4369.2001953125,4369.60009765625,70.0
2026-09-16 05:49:00+00:00,4369.2001953125,4370.2001953125,4368.2998046875,4369.5,60.0
2026-09-16 05:50:00+00:00,4369.5,4370.10009765625,4369.39990234375,4369.7998046875,34.0
2026-09-16 05:51:00+00:00,4369.60009765625,4371.89990234375,4369.60009765625,4371.0,71.0
2026-09-16 05:52:00+00:00,4371.0,4372.39990234375,4370.7998046875,4371.7998046875,62.0
2026-09-16 05:53:00+00:00,4372.0,4372.0,4369.89990234375,4370.0,49.0
2026-09-16 05:54:00+00:00,4370.10009765625,4371.0,4369.89990234375,4370.2001953125,29.0
2026-09-16 05:55:00+00:00,4369.7998046875,4370.5,4369.10009765625,4370.5,61.0
2026-09-16 05:56:00+00:00,4370.89990234375,4371.2998046875,4370.10009765625,4370.7998046875,43.0
2026-09-16 05:57:00+00:00,4370.60009765625,4371.0,4369.7001953125,4369.7001953125,25.0
2026-09-16 05:58:00+00:00,4369.7998046875,4370.0,4368.2001953125,4368.5,38.0
2026-09-16 05:59:00+00:00,4368.2001953125,4368.2001953125,4366.89990234375,4366.89990234375,52.0
2026-09-16 06:00:00+00:00,4366.89990234375,4372.39990234375,4366.7998046875,4370.5,346.0
2026-09-16 06:01:00+00:00,4370.5,4370.89990234375,4367.89990234375,4368.7001953125,127.0
2026-09-16 06:02:00+00:00,4368.89990234375,4368.89990234375,4366.2998046875,4366.2998046875,89.0
2026-09-16 06:03:00+00:00,4366.2001953125,4366.2998046875,4363.89990234375,4364.39990234375,239.0
2026-09-16 06:04:00+00:00,4364.10009765625,4364.39990234375,4362.2998046875,4362.7001953125,97.0
2026-09-16 06:05:00+00:00,4362.7001953125,4363.7998046875,4362.5,4363.39990234375,81.0
2026-09-16 06:06:00+00:00,4363.2998046875,4363.2998046875,4361.7001953125,4362.5,46.0
2026-09-16 06:07:00+00:00,4362.7001953125,4363.2001953125,4362.0,4362.10009765625,39.0
2026-09-16 06:08:00+00:00,4362.7998046875,4365.39990234375,4362.7998046875,4363.89990234375,51.0
2026-09-16 06:09:00+00:00,4364.10009765625,4364.89990234375,4363.60009765625,4364.39990234375,36.0
2026-09-16 06:10:00+00:00,4364.39990234375,4366.2998046875,4364.2998046875,4366.2001953125,37.0
2026-09-16 06:11:00+00:00,4365.89990234375,4366.10009765625,4364.2998046875,4365.89990234375,35.0
2026-09-16 06:12:00+00:00,4365.89990234375,4367.60009765625,4365.89990234375,4367.60009765625,88.0
2026-09-16 06:13:00+00:00,4367.5,4367.60009765625,4366.10009765625,4367.10009765625,44.0
2026-09-16 06:14:00+00:00,4367.2998046875,4367.5,4365.7998046875,4366.10009765625,69.0
2026-09-16 06:15:00+00:00,4366.10009765625,4366.2001953125,4365.2998046875,4365.2998046875,36.0
2026-09-16 06:16:00+00:00,4365.2998046875,4366.60009765625,4365.2998046875,4366.2998046875,38.0
2026-09-16 06:17:00+00:00,4366.2001953125,4367.10009765625,4365.0,4365.60009765625,38.0
2026-09-16 06:18:00+00:00,4365.2998046875,4366.7001953125,4365.2998046875,4366.7001953125,65.0
2026-09-16 06:19:00+00:00,4366.5,4367.0,4365.39990234375,4367.0,52.0
2026-09-16 06:20:00+00:00,4367.2001953125,4368.2001953125,4367.2001953125,4367.60009765625,31.0
2026-09-16 06:21:00+00:00,4367.60009765625,4369.10009765625,4366.7001953125,4367.7998046875,51.0
2026-09-16 06:22:00+00:00,4367.89990234375,4370.39990234375,4367.7998046875,4369.2998046875,164.0
2026-09-16 06:23:00+00:00,4369.39990234375,4370.2001953125,4367.2998046875,4368.39990234375,83.0
2026-09-16 06:24:00+00:00,4368.60009765625,4368.60009765625,4367.60009765625,4367.89990234375,125.0
2026-09-16 06:25:00+00:00,4368.0,4368.10009765625,4366.39990234375,4366.89990234375,84.0
2026-09-16 06:26:00+00:00,4367.10009765625,4367.7998046875,4367.0,4367.60009765625,34.0
2026-09-16 06:27:00+00:00,4366.89990234375,4367.2001953125,4366.0,4366.0,26.0
2026-09-16 06:28:00+00:00,4366.0,4366.5,4365.7001953125,4366.2001953125,26.0
2026-09-16 06:29:00+00:00,4366.10009765625,4367.2001953125,4365.7998046875,4367.0,23.0
2026-09-16 06:30:00+00:00,4366.7998046875,4367.39990234375,4366.0,4366.5,60.0
2026-09-16 06:31:00+00:00,4366.60009765625,4367.5,4365.39990234375,4365.5,75.0
2026-09-16 06:32:00+00:00,4365.39990234375,4366.2998046875,4364.7998046875,4366.10009765625,65.0
2026-09-16 06:33:00+00:00,4366.2998046875,4366.2998046875,4365.60009765625,4365.7001953125,27.0
2026-09-16 06:34:00+00:00,4365.7001953125,4366.10009765625,4364.89990234375,4365.2998046875,56.0
2026-09-16 06:35:00+00:00,4364.89990234375,4366.2001953125,4364.0,4365.10009765625,115.0
2026-09-16 06:36:00+00:00,4365.2001953125,4365.89990234375,4364.89990234375,4364.89990234375,38.0
2026-09-16 06:37:00+00:00,4364.5,4366.2001953125,4364.5,4365.7998046875,61.0
2026-09-16 06:38:00+00:00,4365.60009765625,4366.89990234375,4365.5,4366.5,34.0
2026-09-16 06:39:00+00:00,4366.39990234375,4366.39990234375,4365.2998046875,4365.7001953125,34.0
2026-09-16 06:40:00+00:00,4365.2001953125,4366.0,4365.2001953125,4365.7998046875,19.0
2026-09-16 06:41:00+00:00,4366.0,4366.5,4365.5,4365.7001953125,17.0
2026-09-16 06:42:00+00:00,4365.7998046875,4365.7998046875,4364.5,4365.2998046875,92.0
2026-09-16 06:43:00+00:00,4365.0,4367.2001953125,4364.7998046875,4367.2001953125,26.0
2026-09-16 06:44:00+00:00,4366.7998046875,4368.39990234375,4366.7998046875,4368.2001953125,39.0
2026-09-16 06:45:00+00:00,4368.0,4368.5,4367.5,4367.89990234375,78.0
2026-09-16 06:46:00+00:00,4367.7998046875,4367.7998046875,4366.2998046875,4367.39990234375,29.0
2026-09-16 06:47:00+00:00,4367.2998046875,4367.7001953125,4366.2001953125,4366.39990234375,51.0
2026-09-16 06:48:00+00:00,4366.10009765625,4367.89990234375,4365.2001953125,4367.7001953125,85.0
2026-09-16 06:49:00+00:00,4367.60009765625,4368.2001953125,4367.5,4367.89990234375,39.0
2026-09-16 06:50:00+00:00,4368.0,4368.0,4366.7998046875,4366.7998046875,41.0
2026-09-16 06:51:00+00:00,4367.0,4369.89990234375,4367.0,4369.89990234375,122.0
2026-09-16 06:52:00+00:00,4369.7001953125,4370.7001953125,4369.10009765625,4369.2001953125,45.0
2026-09-16 06:53:00+00:00,4369.0,4369.7998046875,4368.7001953125,4369.10009765625,49.0
2026-09-16 06:54:00+00:00,4368.60009765625,4368.89990234375,4367.2998046875,4368.5,120.0
2026-09-16 06:55:00+00:00,4368.39990234375,4369.89990234375,4368.39990234375,4369.60009765625,52.0
2026-09-16 06:56:00+00:00,4369.7001953125,4371.10009765625,4369.7001953125,4369.7998046875,115.0
2026-09-16 06:57:00+00:00,4369.7998046875,4370.7998046875,4369.60009765625,4370.7998046875,66.0
2026-09-16 06:58:00+00:00,4371.10009765625,4372.0,4371.10009765625,4371.60009765625,76.0
2026-09-16 06:59:00+00:00,4371.7998046875,4373.39990234375,4371.60009765625,4373.2001953125,63.0
2026-09-16 07:00:00+00:00,4372.7001953125,4375.10009765625,4372.0,4374.10009765625,244.0
2026-09-16 07:01:00+00:00,4373.7998046875,4374.2998046875,4372.89990234375,4373.7001953125,136.0
2026-09-16 07:02:00+00:00,4373.0,4374.0,4372.7998046875,4373.7998046875,33.0
2026-09-16 07:03:00+00:00,4373.7001953125,4376.2001953125,4373.7001953125,4375.7001953125,98.0
2026-09-16 07:04:00+00:00,4375.7001953125,4375.7001953125,4374.7001953125,4374.7998046875,53.0
2026-09-16 07:05:00+00:00,4374.7998046875,4374.7998046875,4372.39990234375,4373.10009765625,95.0
2026-09-16 07:06:00+00:00,4373.0,4373.0,4370.0,4371.89990234375,172.0
2026-09-16 07:07:00+00:00,4372.89990234375,4374.5,4372.7998046875,4373.7998046875,67.0
2026-09-16 07:08:00+00:00,4373.89990234375,4374.39990234375,4372.89990234375,4373.7998046875,55.0
2026-09-16 07:09:00+00:00,4373.7998046875,4374.2998046875,4373.2001953125,4373.5,62.0
2026-09-16 07:10:00+00:00,4373.5,4373.7998046875,4371.89990234375,4373.39990234375,185.0
2026-09-16 07:11:00+00:00,4372.60009765625,4373.2998046875,4371.89990234375,4372.10009765625,37.0
2026-09-16 07:12:00+00:00,4372.39990234375,4372.7998046875,4372.10009765625,4372.39990234375,41.0
2026-09-16 07:13:00+00:00,4372.5,4372.7998046875,4371.60009765625,4372.5,33.0
2026-09-16 07:14:00+00:00,4372.7001953125,4375.7001953125,4372.0,4375.5,97.0
2026-09-16 07:15:00+00:00,4376.0,4376.2998046875,4375.10009765625,4375.10009765625,62.0
2026-09-16 07:16:00+00:00,4375.0,4375.7001953125,4374.2001953125,4375.2998046875,105.0
2026-09-16 07:17:00+00:00,4375.39990234375,4377.39990234375,4375.39990234375,4377.2001953125,108.0
2026-09-16 07:18:00+00:00,4377.2001953125,4378.0,4373.89990234375,4374.2998046875,94.0
2026-09-16 07:19:00+00:00,4374.0,4375.10009765625,4373.10009765625,4373.2001953125,72.0
2026-09-16 07:20:00+00:00,4373.2998046875,4373.89990234375,4372.2998046875,4373.60009765625,51.0
2026-09-16 07:21:00+00:00,4373.2998046875,4373.7998046875,4372.7001953125,4372.7001953125,25.0
2026-09-16 07:22:00+00:00,4372.39990234375,4374.10009765625,4372.39990234375,4374.0,20.0
2026-09-16 07:23:00+00:00,4374.0,4376.2998046875,4374.0,4375.7998046875,38.0
2026-09-16 07:24:00+00:00,4375.2001953125,4375.2001953125,4374.2001953125,4374.7998046875,60.0
2026-09-16 07:25:00+00:00,4374.2998046875,4374.60009765625,4373.60009765625,4374.5,29.0
2026-09-16 07:26:00+00:00,4374.60009765625,4374.60009765625,4372.60009765625,4373.39990234375,40.0
2026-09-16 07:27:00+00:00,4373.39990234375,4374.60009765625,4373.39990234375,4374.0,18.0
2026-09-16 07:28:00+00:00,4373.7998046875,4375.2998046875,4373.7998046875,4375.2998046875,38.0
2026-09-16 07:29:00+00:00,4375.89990234375,4376.2001953125,4375.2001953125,4375.7998046875,49.0
2026-09-16 07:30:00+00:00,4375.89990234375,4377.39990234375,4375.0,4376.39990234375,120.0
2026-09-16 07:31:00+00:00,4376.10009765625,4376.5,4375.2998046875,4375.7998046875,35.0
2026-09-16 07:32:00+00:00,4376.0,4376.5,4374.5,4374.5,50.0
2026-09-16 07:33:00+00:00,4374.39990234375,4375.0,4374.0,4374.7001953125,19.0
2026-09-16 07:34:00+00:00,4375.10009765625,4375.89990234375,4375.0,4375.89990234375,37.0
2026-09-16 07:35:00+00:00,4376.0,4377.7001953125,4375.89990234375,4377.60009765625,64.0
2026-09-16 07:36:00+00:00,4377.2998046875,4378.7001953125,4377.2001953125,4378.7001953125,57.0
2026-09-16 07:37:00+00:00,4378.7998046875,4378.7998046875,4377.39990234375,4377.7998046875,102.0
2026-09-16 07:38:00+00:00,4377.89990234375,4378.2998046875,4377.39990234375,4377.89990234375,79.0
2026-09-16 07:39:00+00:00,4377.89990234375,4378.2998046875,4377.5,4377.89990234375,20.0
2026-09-16 07:40:00+00:00,4378.2998046875,4379.10009765625,4377.2001953125,4377.60009765625,142.0
2026-09-16 07:41:00+00:00,4377.39990234375,4377.39990234375,4376.2001953125,4376.39990234375,65.0
2026-09-16 07:42:00+00:00,4376.10009765625,4376.2998046875,4374.5,4376.10009765625,146.0
2026-09-16 07:43:00+00:00,4375.7998046875,4376.7998046875,4375.2001953125,4376.5,72.0
2026-09-16 07:44:00+00:00,4376.39990234375,4376.7001953125,4375.7001953125,4375.7998046875,43.0
2026-09-16 07:45:00+00:00,4376.10009765625,4377.0,4375.7001953125,4375.7001953125,50.0
2026-09-16 07:46:00+00:00,4376.0,4376.5,4375.5,4376.2998046875,73.0
2026-09-16 07:47:00+00:00,4376.5,4377.7001953125,4375.2001953125,4375.2001953125,176.0
2026-09-16 07:48:00+00:00,4375.39990234375,4375.39990234375,4373.5,4374.60009765625,83.0
2026-09-16 07:49:00+00:00,4374.60009765625,4374.7998046875,4373.5,4373.60009765625,80.0
2026-09-16 07:50:00+00:00,4373.7001953125,4373.89990234375,4372.10009765625,4372.2001953125,115.0
2026-09-16 07:51:00+00:00,4372.39990234375,4372.5,4370.89990234375,4371.5,95.0
2026-09-16 07:52:00+00:00,4371.60009765625,4372.5,4370.7998046875,4370.7998046875,125.0
2026-09-16 07:53:00+00:00,4370.7998046875,4371.0,4369.39990234375,4369.89990234375,139.0
2026-09-16 07:54:00+00:00,4369.7998046875,4370.0,4368.7998046875,4369.10009765625,91.0
2026-09-16 07:55:00+00:00,4368.7998046875,4370.0,4368.7998046875,4369.7001953125,108.0
2026-09-16 07:56:00+00:00,4369.7001953125,4370.2998046875,4369.60009765625,4370.10009765625,160.0
2026-09-16 07:57:00+00:00,4369.89990234375,4370.0,4369.10009765625,4369.60009765625,71.0
2026-09-16 07:58:00+00:00,4369.5,4369.60009765625,4368.39990234375,4368.5,78.0
2026-09-16 07:59:00+00:00,4368.7001953125,4369.39990234375,4368.2001953125,4369.0,65.0
2026-09-16 08:00:00+00:00,4369.0,4369.2998046875,4365.89990234375,4366.10009765625,281.0
2026-09-16 08:01:00+00:00,4366.10009765625,4368.10009765625,4365.0,4368.10009765625,180.0
2026-09-16 08:02:00+00:00,4368.2001953125,4368.39990234375,4366.60009765625,4367.0,257.0
2026-09-16 08:03:00+00:00,4366.7998046875,4367.10009765625,4364.39990234375,4366.7998046875,155.0
2026-09-16 08:04:00+00:00,4367.0,4367.2001953125,4365.60009765625,4365.60009765625,64.0
2026-09-16 08:05:00+00:00,4365.7998046875,4366.10009765625,4365.10009765625,4365.7001953125,64.0
2026-09-16 08:06:00+00:00,4365.7001953125,4365.7001953125,4363.60009765625,4364.7998046875,76.0
2026-09-16 08:07:00+00:00,4364.7998046875,4365.7998046875,4364.5,4365.0,103.0
2026-09-16 08:08:00+00:00,4364.7001953125,4365.2998046875,4364.2998046875,4364.5,53.0
2026-09-16 08:09:00+00:00,4364.60009765625,4365.0,4363.7001953125,4365.0,41.0
2026-09-16 08:10:00+00:00,4364.60009765625,4365.2998046875,4363.7998046875,4364.7001953125,39.0
2026-09-16 08:11:00+00:00,4364.7998046875,4365.5,4362.60009765625,4365.5,182.0
2026-09-16 08:12:00+00:00,4365.89990234375,4366.2998046875,4364.60009765625,4364.89990234375,102.0
2026-09-16 08:13:00+00:00,4364.60009765625,4367.5,4364.2998046875,4367.2001953125,231.0
2026-09-16 08:14:00+00:00,4367.10009765625,4367.7001953125,4366.7001953125,4367.39990234375,59.0
2026-09-16 08:15:00+00:00,4367.10009765625,4367.89990234375,4366.39990234375,4367.0,89.0
2026-09-16 08:16:00+00:00,4367.0,4370.2998046875,4366.89990234375,4370.2998046875,165.0
2026-09-16 08:17:00+00:00,4370.2998046875,4371.60009765625,4369.89990234375,4371.2001953125,337.0
2026-09-16 08:18:00+00:00,4371.39990234375,4373.60009765625,4371.39990234375,4372.39990234375,213.0
2026-09-16 08:19:00+00:00,4372.10009765625,4375.5,4369.5,4372.2001953125,845.0
2026-09-16 08:20:00+00:00,4372.10009765625,4375.39990234375,4371.0,4372.7001953125,416.0
2026-09-16 08:21:00+00:00,4373.39990234375,4376.7998046875,4372.2001953125,4374.7001953125,353.0
2026-09-16 08:22:00+00:00,4374.60009765625,4377.7001953125,4374.10009765625,4376.39990234375,135.0
2026-09-16 08:23:00+00:00,4376.7998046875,4376.7998046875,4374.2998046875,4374.89990234375,142.0
2026-09-16 08:24:00+00:00,4374.7998046875,4375.5,4374.60009765625,4374.7998046875,52.0
2026-09-16 08:25:00+00:00,4374.7001953125,4375.10009765625,4373.7998046875,4374.2001953125,90.0
2026-09-16 08:26:00+00:00,4374.2998046875,4374.5,4373.2998046875,4374.0,78.0
2026-09-16 08:27:00+00:00,4374.10009765625,4374.7001953125,4373.60009765625,4373.89990234375,51.0
2026-09-16 08:28:00+00:00,4373.7998046875,4373.89990234375,4373.10009765625,4373.5,40.0
2026-09-16 08:29:00+00:00,4373.2998046875,4374.60009765625,4373.10009765625,4374.2998046875,102.0
2026-09-16 08:30:00+00:00,4374.39990234375,4374.60009765625,4369.89990234375,4370.2998046875,212.0
2026-09-16 08:31:00+00:00,4370.10009765625,4370.39990234375,4369.2001953125,4370.10009765625,86.0
2026-09-16 08:32:00+00:00,4370.10009765625,4370.7998046875,4369.7001953125,4370.10009765625,72.0
2026-09-16 08:33:00+00:00,4370.0,4370.2998046875,4368.60009765625,4368.60009765625,50.0
2026-09-16 08:34:00+00:00,4368.7001953125,4368.7998046875,4366.2998046875,4368.7998046875,255.0
2026-09-16 08:35:00+00:00,4368.89990234375,4369.7998046875,4367.7998046875,4368.0,166.0
2026-09-16 08:36:00+00:00,4367.7001953125,4368.2001953125,4366.7001953125,4367.2001953125,67.0
2026-09-16 08:37:00+00:00,4367.2001953125,4367.60009765625,4365.7998046875,4366.2001953125,120.0
2026-09-16 08:38:00+00:00,4366.10009765625,4366.2998046875,4364.7998046875,4364.7998046875,79.0
2026-09-16 08:39:00+00:00,4365.10009765625,4365.39990234375,4364.7001953125,4365.10009765625,44.0
2026-09-16 08:40:00+00:00,4365.2998046875,4365.39990234375,4363.89990234375,4364.10009765625,22.0
2026-09-16 08:41:00+00:00,4364.2998046875,4365.5,4364.2998046875,4365.2998046875,60.0
2026-09-16 08:42:00+00:00,4365.0,4365.5,4364.7001953125,4365.39990234375,39.0
2026-09-16 08:43:00+00:00,4365.60009765625,4369.2001953125,4365.5,4368.10009765625,83.0
2026-09-16 08:44:00+00:00,4368.10009765625,4368.89990234375,4367.89990234375,4368.7998046875,50.0
2026-09-16 08:45:00+00:00,4368.89990234375,4369.2998046875,4368.5,4368.5,35.0
2026-09-16 08:46:00+00:00,4368.5,4369.0,4367.7001953125,4368.5,35.0
2026-09-16 08:47:00+00:00,4368.39990234375,4368.89990234375,4367.7998046875,4368.0,46.0
2026-09-16 08:48:00+00:00,4367.60009765625,4369.10009765625,4367.60009765625,4368.5,112.0
2026-09-16 08:49:00+00:00,4368.60009765625,4369.60009765625,4367.7001953125,4367.7001953125,88.0
2026-09-16 08:50:00+00:00,4367.2998046875,4367.39990234375,4365.7001953125,4366.89990234375,123.0
2026-09-16 08:51:00+00:00,4366.7998046875,4367.39990234375,4365.2001953125,4367.39990234375,108.0
2026-09-16 08:52:00+00:00,4367.39990234375,4369.7001953125,4367.39990234375,4369.2998046875,123.0
2026-09-16 08:53:00+00:00,4369.2998046875,4370.0,4368.60009765625,4369.7001953125,82.0
2026-09-16 08:54:00+00:00,4369.89990234375,4370.7998046875,4369.7001953125,4369.7998046875,44.0
2026-09-16 08:55:00+00:00,4369.7998046875,4370.2998046875,4369.5,4370.2998046875,75.0
2026-09-16 08:56:00+00:00,4370.10009765625,4371.2001953125,4369.89990234375,4370.2001953125,59.0
2026-09-16 08:57:00+00:00,4370.39990234375,4372.2001953125,4370.39990234375,4371.5,100.0
2026-09-16 08:58:00+00:00,4371.2998046875,4371.5,4369.7998046875,4371.10009765625,110.0
2026-09-16 08:59:00+00:00,4370.60009765625,4371.2998046875,4370.5,4371.10009765625,32.0
2026-09-16 09:00:00+00:00,4371.2001953125,4372.0,4370.5,4371.7001953125,60.0
2026-09-16 09:01:00+00:00,4371.39990234375,4372.89990234375,4371.2998046875,4372.7998046875,33.0
2026-09-16 09:02:00+00:00,4372.7998046875,4373.10009765625,4370.7998046875,4371.89990234375,56.0
2026-09-16 09:03:00+00:00,4371.7998046875,4372.0,4371.60009765625,4372.0,11.0
2026-09-16 09:04:00+00:00,4371.60009765625,4371.7001953125,4370.5,4371.5,209.0
2026-09-16 09:05:00+00:00,4372.10009765625,4372.10009765625,4371.10009765625,4371.2998046875,19.0
2026-09-16 09:06:00+00:00,4371.39990234375,4373.2998046875,4371.39990234375,4372.7001953125,53.0
2026-09-16 09:07:00+00:00,4372.39990234375,4372.60009765625,4371.2998046875,4371.7001953125,21.0
2026-09-16 09:08:00+00:00,4371.39990234375,4371.5,4370.60009765625,4371.5,20.0
2026-09-16 09:09:00+00:00,4372.0,4372.60009765625,4371.39990234375,4372.10009765625,65.0
2026-09-16 09:10:00+00:00,4372.2998046875,4372.7998046875,4371.5,4372.2998046875,67.0
2026-09-16 09:11:00+00:00,4372.5,4373.5,4372.0,4372.7998046875,149.0
2026-09-16 09:12:00+00:00,4373.0,4373.0,4372.39990234375,4372.7001953125,11.0
2026-09-16 09:13:00+00:00,4372.2998046875,4373.0,4372.2001953125,4372.39990234375,77.0
2026-09-16 09:14:00+00:00,4372.7001953125,4373.0,4372.2998046875,4372.7998046875,181.0
2026-09-16 09:15:00+00:00,4373.0,4373.60009765625,4372.7998046875,4373.5,50.0
2026-09-16 09:16:00+00:00,4373.2998046875,4375.0,4372.89990234375,4373.2998046875,350.0
2026-09-16 09:17:00+00:00,4373.10009765625,4373.10009765625,4372.0,4372.2998046875,54.0
2026-09-16 09:18:00+00:00,4372.2001953125,4372.2001953125,4370.5,4371.10009765625,59.0
2026-09-16 09:19:00+00:00,4370.7998046875,4371.5,4369.89990234375,4370.89990234375,110.0
2026-09-16 09:20:00+00:00,4370.7001953125,4371.5,4370.10009765625,4370.60009765625,87.0
2026-09-16 09:21:00+00:00,4370.60009765625,4371.7001953125,4370.2998046875,4370.7998046875,52.0
2026-09-16 09:22:00+00:00,4371.0,4371.0,4368.89990234375,4369.7001953125,143.0
2026-09-16 09:23:00+00:00,4369.7998046875,4370.7998046875,4368.60009765625,4368.89990234375,45.0
2026-09-16 09:24:00+00:00,4368.89990234375,4369.5,4368.2998046875,4368.39990234375,50.0
2026-09-16 09:25:00+00:00,4368.2998046875,4372.7001953125,4368.2998046875,4371.89990234375,541.0
2026-09-16 09:26:00+00:00,4372.2001953125,4374.39990234375,4372.10009765625,4372.2998046875,210.0
2026-09-16 09:27:00+00:00,4372.5,4374.5,4371.60009765625,4372.2001953125,165.0
2026-09-16 09:28:00+00:00,4372.10009765625,4372.39990234375,4370.39990234375,4371.2998046875,67.0
2026-09-16 09:29:00+00:00,4372.10009765625,4372.10009765625,4369.7001953125,4370.60009765625,118.0
2026-09-16 09:30:00+00:00,4370.2998046875,4374.0,4370.2998046875,4373.60009765625,183.0
2026-09-16 09:31:00+00:00,4373.7998046875,4375.0,4372.89990234375,4374.7998046875,158.0
2026-09-16 09:32:00+00:00,4374.60009765625,4376.0,4373.7001953125,4375.5,213.0
2026-09-16 09:33:00+00:00,4375.39990234375,4376.2998046875,4373.7998046875,4375.0,177.0
2026-09-16 09:34:00+00:00,4375.2001953125,4375.5,4374.2998046875,4374.7998046875,95.0
2026-09-16 09:35:00+00:00,4374.89990234375,4376.5,4374.60009765625,4376.2001953125,151.0
2026-09-16 09:36:00+00:00,4376.5,4377.0,4374.39990234375,4374.89990234375,132.0
2026-09-16 09:37:00+00:00,4374.60009765625,4375.60009765625,4374.5,4375.2001953125,56.0
2026-09-16 09:38:00+00:00,4375.10009765625,4376.2001953125,4374.2998046875,4374.2998046875,88.0
2026-09-16 09:39:00+00:00,4374.2001953125,4376.10009765625,4373.7998046875,4376.0,48.0
2026-09-16 09:40:00+00:00,4375.60009765625,4376.89990234375,4374.89990234375,4375.2998046875,165.0
2026-09-16 09:41:00+00:00,4375.5,4376.2998046875,4375.2001953125,4375.39990234375,72.0
2026-09-16 09:42:00+00:00,4375.5,4377.2998046875,4375.2001953125,4376.2998046875,102.0
2026-09-16 09:43:00+00:00,4376.5,4377.89990234375,4376.39990234375,4377.60009765625,112.0
2026-09-16 09:44:00+00:00,4377.7998046875,4378.39990234375,4375.7001953125,4376.10009765625,135.0
2026-09-16 09:45:00+00:00,4376.10009765625,4376.5,4374.7998046875,4374.7998046875,58.0
2026-09-16 09:46:00+00:00,4374.89990234375,4374.89990234375,4373.39990234375,4373.39990234375,65.0
2026-09-16 09:47:00+00:00,4373.60009765625,4373.60009765625,4372.2001953125,4373.10009765625,50.0
2026-09-16 09:48:00+00:00,4372.89990234375,4374.39990234375,4372.5,4374.2001953125,86.0
2026-09-16 09:49:00+00:00,4374.39990234375,4376.2001953125,4374.39990234375,4375.39990234375,109.0
2026-09-16 09:50:00+00:00,4376.10009765625,4376.2998046875,4375.10009765625,4375.60009765625,55.0
2026-09-16 09:51:00+00:00,4375.7001953125,4376.2001953125,4375.2998046875,4375.7001953125,70.0
2026-09-16 09:52:00+00:00,4375.5,4376.0,4375.5,4376.0,49.0
2026-09-16 09:53:00+00:00,4376.0,4376.7001953125,4375.60009765625,4376.5,99.0
2026-09-16 09:54:00+00:00,4376.2998046875,4376.89990234375,4375.7998046875,4376.39990234375,81.0
2026-09-16 09:55:00+00:00,4376.39990234375,4377.2001953125,4376.2001953125,4377.0,41.0
2026-09-16 09:56:00+00:00,4376.7998046875,4378.60009765625,4375.7998046875,4378.39990234375,122.0
2026-09-16 09:57:00+00:00,4378.5,4380.2998046875,4378.5,4379.89990234375,214.0
2026-09-16 09:58:00+00:00,4379.7998046875,4380.2001953125,4379.39990234375,4380.0,113.0
2026-09-16 09:59:00+00:00,4379.7001953125,4380.2998046875,4378.60009765625,4379.10009765625,91.0
2026-09-16 10:00:00+00:00,4379.10009765625,4380.60009765625,4379.10009765625,4379.7998046875,101.0
2026-09-16 10:01:00+00:00,4380.0,4381.5,4379.0,4381.2001953125,164.0
2026-09-16 10:02:00+00:00,4381.0,4382.39990234375,4379.5,4381.7001953125,478.0
2026-09-16 10:03:00+00:00,4381.7998046875,4383.0,4381.7998046875,4382.7001953125,121.0
2026-09-16 10:04:00+00:00,4382.7998046875,4383.0,4380.0,4380.0,115.0
2026-09-16 10:05:00+00:00,4380.2001953125,4381.89990234375,4379.89990234375,4380.10009765625,163.0
2026-09-16 10:06:00+00:00,4380.0,4380.89990234375,4378.60009765625,4380.5,177.0
2026-09-16 10:07:00+00:00,4380.5,4381.2001953125,4379.89990234375,4380.89990234375,180.0
2026-09-16 10:08:00+00:00,4381.0,4384.0,4380.5,4383.7001953125,169.0
2026-09-16 10:09:00+00:00,4383.89990234375,4386.89990234375,4383.89990234375,4386.39990234375,534.0
2026-09-16 10:10:00+00:00,4386.5,4390.0,4386.5,4388.10009765625,1079.0
2026-09-16 10:11:00+00:00,4388.2001953125,4390.2001953125,4387.0,4388.2001953125,469.0
2026-09-16 10:12:00+00:00,4388.60009765625,4390.0,4386.10009765625,4386.2001953125,412.0
2026-09-16 10:13:00+00:00,4386.2001953125,4386.39990234375,4382.89990234375,4383.7998046875,256.0
2026-09-16 10:14:00+00:00,4383.7001953125,4384.5,4383.2001953125,4383.7998046875,149.0
2026-09-16 10:15:00+00:00,4384.0,4385.5,4384.0,4384.60009765625,108.0
2026-09-16 10:16:00+00:00,4384.5,4384.5,4383.2001953125,4384.0,69.0
2026-09-16 10:17:00+00:00,4383.5,4384.10009765625,4382.7001953125,4383.0,65.0
2026-09-16 10:18:00+00:00,4383.2001953125,4385.2998046875,4383.10009765625,4385.2998046875,198.0
2026-09-16 10:19:00+00:00,4385.2998046875,4385.5,4383.39990234375,4384.2001953125,107.0
2026-09-16 10:20:00+00:00,4383.89990234375,4387.2998046875,4383.89990234375,4387.10009765625,155.0
2026-09-16 10:21:00+00:00,4386.89990234375,4387.0,4385.5,4385.7001953125,76.0
2026-09-16 10:22:00+00:00,4386.0,4386.7001953125,4385.0,4385.0,70.0
2026-09-16 10:23:00+00:00,4385.0,4385.2001953125,4383.5,4383.5,56.0
2026-09-16 10:24:00+00:00,4383.5,4383.89990234375,4382.7998046875,4383.39990234375,97.0
2026-09-16 10:25:00+00:00,4383.2001953125,4384.0,4382.0,4383.39990234375,144.0
2026-09-16 10:26:00+00:00,4383.5,4387.2998046875,4383.39990234375,4387.2998046875,195.0
2026-09-16 10:27:00+00:00,4387.2998046875,4390.0,4387.2998046875,4389.5,392.0
2026-09-16 10:28:00+00:00,4389.60009765625,4389.60009765625,4387.60009765625,4388.10009765625,161.0
2026-09-16 10:29:00+00:00,4388.2001953125,4389.39990234375,4387.0,4389.2998046875,243.0
2026-09-16 10:30:00+00:00,4389.39990234375,4389.7998046875,4386.89990234375,4387.60009765625,198.0
2026-09-16 10:31:00+00:00,4387.7001953125,4389.2998046875,4387.60009765625,4389.10009765625,74.0
2026-09-16 10:32:00+00:00,4389.10009765625,4389.2998046875,4388.2001953125,4389.2001953125,38.0
2026-09-16 10:33:00+00:00,4389.5,4389.5,4388.2998046875,4389.0,42.0
2026-09-16 10:34:00+00:00,4389.0,4389.2001953125,4387.5,4389.2001953125,89.0
2026-09-16 10:35:00+00:00,4388.89990234375,4389.39990234375,4388.39990234375,4388.39990234375,71.0
2026-09-16 10:36:00+00:00,4388.2001953125,4388.89990234375,4387.7998046875,4388.60009765625,59.0
2026-09-16 10:37:00+00:00,4388.89990234375,4390.60009765625,4388.2998046875,4389.7001953125,140.0
2026-09-16 10:38:00+00:00,4389.7998046875,4390.0,4388.7001953125,4388.7001953125,40.0
2026-09-16 10:39:00+00:00,4388.7001953125,4389.0,4388.5,4388.89990234375,40.0
2026-09-16 10:40:00+00:00,4389.0,4390.10009765625,4388.7998046875,4389.7001953125,61.0
2026-09-16 10:41:00+00:00,4389.60009765625,4389.60009765625,4388.60009765625,4389.10009765625,48.0
2026-09-16 10:42:00+00:00,4389.10009765625,4390.5,4388.7001953125,4389.7001953125,109.0
2026-09-16 10:43:00+00:00,4389.7001953125,4390.10009765625,4388.7001953125,4389.5,168.0
2026-09-16 10:44:00+00:00,4389.7001953125,4390.2998046875,4389.60009765625,4390.2001953125,59.0
2026-09-16 10:45:00+00:00,4390.10009765625,4390.60009765625,4389.2001953125,4390.2001953125,73.0
2026-09-16 10:46:00+00:00,4390.2001953125,4390.5,4389.0,4389.10009765625,56.0
2026-09-16 10:47:00+00:00,4389.10009765625,4390.0,4389.10009765625,4389.89990234375,43.0
2026-09-16 10:48:00+00:00,4389.89990234375,4390.10009765625,4389.39990234375,4389.7998046875,62.0
2026-09-16 10:49:00+00:00,4389.7001953125,4390.0,4389.0,4389.89990234375,81.0
2026-09-16 10:50:00+00:00,4389.7998046875,4389.7998046875,4388.5,4388.7001953125,208.0
2026-09-16 10:51:00+00:00,4388.60009765625,4388.7998046875,4388.0,4388.7001953125,62.0
2026-09-16 10:52:00+00:00,4388.60009765625,4388.60009765625,4387.7001953125,4388.5,75.0
2026-09-16 10:53:00+00:00,4388.5,4388.5,4387.5,4387.60009765625,48.0
2026-09-16 10:54:00+00:00,4387.60009765625,4387.60009765625,4386.60009765625,4387.10009765625,53.0
2026-09-16 10:55:00+00:00,4387.2998046875,4387.39990234375,4387.0,4387.2001953125,44.0
2026-09-16 10:56:00+00:00,4387.39990234375,4388.39990234375,4387.39990234375,4388.10009765625,32.0
2026-09-16 10:57:00+00:00,4388.10009765625,4389.39990234375,4388.10009765625,4389.10009765625,67.0
2026-09-16 10:58:00+00:00,4389.2001953125,4390.89990234375,4389.2001953125,4389.7998046875,146.0
2026-09-16 10:59:00+00:00,4389.60009765625,4393.0,4389.10009765625,4391.89990234375,309.0
2026-09-16 11:00:00+00:00,4392.0,4394.5,4390.39990234375,4391.5,1034.0
2026-09-16 11:01:00+00:00,4391.7998046875,4392.0,4389.60009765625,4390.2998046875,176.0
2026-09-16 11:02:00+00:00,4390.39990234375,4392.10009765625,4390.0,4391.7001953125,107.0
2026-09-16 11:03:00+00:00,4391.7998046875,4391.7998046875,4389.7998046875,4390.7001953125,171.0
2026-09-16 11:04:00+00:00,4390.60009765625,4391.89990234375,4390.10009765625,4391.2001953125,67.0
2026-09-16 11:05:00+00:00,4391.2001953125,4392.10009765625,4390.5,4390.89990234375,78.0
2026-09-16 11:06:00+00:00,4390.89990234375,4391.39990234375,4390.10009765625,4391.2998046875,65.0
2026-09-16 11:07:00+00:00,4391.39990234375,4392.39990234375,4390.60009765625,4391.7001953125,172.0
2026-09-16 11:08:00+00:00,4392.0,4392.2001953125,4389.89990234375,4389.89990234375,188.0
2026-09-16 11:09:00+00:00,4389.89990234375,4392.2001953125,4389.60009765625,4390.89990234375,161.0
2026-09-16 11:10:00+00:00,4390.5,4392.10009765625,4390.5,4391.7998046875,129.0
2026-09-16 11:11:00+00:00,4391.7001953125,4392.0,4390.7998046875,4391.39990234375,64.0
2026-09-16 11:12:00+00:00,4391.39990234375,4391.7001953125,4390.0,4390.2998046875,56.0
2026-09-16 11:13:00+00:00,4390.10009765625,4390.10009765625,4388.7998046875,4389.5,309.0
2026-09-16 11:14:00+00:00,4389.2998046875,4389.39990234375,4387.89990234375,4388.10009765625,100.0
2026-09-16 11:15:00+00:00,4388.0,4389.10009765625,4387.89990234375,4388.39990234375,57.0
2026-09-16 11:16:00+00:00,4388.2998046875,4388.7998046875,4388.10009765625,4388.39990234375,43.0
2026-09-16 11:17:00+00:00,4388.39990234375,4389.10009765625,4387.7001953125,4388.7998046875,41.0
2026-09-16 11:18:00+00:00,4389.0,4389.10009765625,4387.39990234375,4387.5,59.0
2026-09-16 11:19:00+00:00,4387.7998046875,4389.2998046875,4387.7998046875,4388.7998046875,91.0
2026-09-16 11:20:00+00:00,4388.60009765625,4389.2998046875,4388.2001953125,4388.2998046875,103.0
2026-09-16 11:21:00+00:00,4388.5,4388.5,4387.39990234375,4387.7001953125,70.0
2026-09-16 11:22:00+00:00,4387.7001953125,4388.5,4387.5,4388.2998046875,105.0
2026-09-16 11:23:00+00:00,4388.5,4389.10009765625,4388.2001953125,4389.10009765625,159.0
2026-09-16 11:24:00+00:00,4389.39990234375,4390.10009765625,4389.2998046875,4389.60009765625,54.0
2026-09-16 11:25:00+00:00,4389.60009765625,4390.7001953125,4388.89990234375,4390.7001953125,117.0
2026-09-16 11:26:00+00:00,4390.2998046875,4390.5,4389.7998046875,4389.7998046875,42.0
2026-09-16 11:27:00+00:00,4390.0,4390.7001953125,4389.7001953125,4390.39990234375,74.0
2026-09-16 11:28:00+00:00,4390.60009765625,4394.60009765625,4389.7998046875,4394.2998046875,472.0
2026-09-16 11:29:00+00:00,4394.2001953125,4394.7998046875,4391.7998046875,4391.7998046875,260.0
2026-09-16 11:30:00+00:00,4391.7001953125,4392.2001953125,4390.60009765625,4391.0,98.0
2026-09-16 11:31:00+00:00,4390.7998046875,4390.7998046875,4389.7998046875,4390.5,58.0
2026-09-16 11:32:00+00:00,4390.2998046875,4390.60009765625,4389.7998046875,4390.10009765625,65.0
2026-09-16 11:33:00+00:00,4390.0,4392.60009765625,4390.0,4391.89990234375,118.0
2026-09-16 11:34:00+00:00,4392.10009765625,4392.2998046875,4392.0,4392.0,25.0
2026-09-16 11:35:00+00:00,4391.7998046875,4391.89990234375,4390.89990234375,4390.89990234375,64.0
2026-09-16 11:36:00+00:00,4391.2001953125,4392.60009765625,4391.10009765625,4392.60009765625,81.0
2026-09-16 11:37:00+00:00,4392.7001953125,4394.2001953125,4390.60009765625,4390.60009765625,101.0
2026-09-16 11:38:00+00:00,4390.7998046875,4391.7001953125,4389.7001953125,4391.60009765625,186.0
2026-09-16 11:39:00+00:00,4391.7998046875,4392.39990234375,4391.2001953125,4391.7001953125,78.0
2026-09-16 11:40:00+00:00,4391.7998046875,4391.89990234375,4388.2001953125,4390.0,435.0
2026-09-16 11:41:00+00:00,4390.10009765625,4391.0,4389.60009765625,4389.89990234375,95.0
2026-09-16 11:42:00+00:00,4389.89990234375,4391.0,4389.2998046875,4390.7998046875,63.0
2026-09-16 11:43:00+00:00,4391.0,4392.10009765625,4390.7998046875,4392.10009765625,65.0
2026-09-16 11:44:00+00:00,4391.7998046875,4391.7998046875,4390.5,4390.89990234375,62.0
2026-09-16 11:45:00+00:00,4391.2998046875,4391.7998046875,4390.89990234375,4390.89990234375,33.0
2026-09-16 11:46:00+00:00,4391.0,4391.0,4390.5,4390.60009765625,32.0
2026-09-16 11:47:00+00:00,4390.39990234375,4390.89990234375,4390.2001953125,4390.2998046875,54.0
2026-09-16 11:48:00+00:00,4390.60009765625,4391.10009765625,4388.7001953125,4388.89990234375,133.0
2026-09-16 11:49:00+00:00,4388.7001953125,4388.89990234375,4388.0,4388.2001953125,107.0
2026-09-16 11:50:00+00:00,4388.2001953125,4388.2998046875,4386.5,4387.89990234375,136.0
2026-09-16 11:51:00+00:00,4387.89990234375,4388.7001953125,4387.60009765625,4388.60009765625,77.0
2026-09-16 11:52:00+00:00,4388.39990234375,4388.5,4387.7998046875,4388.0,74.0
2026-09-16 11:53:00+00:00,4388.10009765625,4388.10009765625,4387.0,4387.60009765625,99.0
2026-09-16 11:54:00+00:00,4387.7001953125,4389.10009765625,4387.7001953125,4388.39990234375,65.0
2026-09-16 11:55:00+00:00,4388.5,4389.2998046875,4385.7998046875,4385.7998046875,140.0
2026-09-16 11:56:00+00:00,4385.7998046875,4385.89990234375,4384.60009765625,4384.7001953125,149.0
2026-09-16 11:57:00+00:00,4384.60009765625,4385.2001953125,4384.10009765625,4384.2001953125,142.0
2026-09-16 11:58:00+00:00,4384.10009765625,4384.5,4383.5,4383.89990234375,112.0
2026-09-16 11:59:00+00:00,4383.7001953125,4383.7001953125,4382.7001953125,4382.7998046875,87.0
2026-09-16 12:00:00+00:00,4382.7998046875,4383.5,4382.2998046875,4382.39990234375,110.0
2026-09-16 12:01:00+00:00,4382.39990234375,4383.7998046875,4381.7001953125,4382.60009765625,230.0
2026-09-16 12:02:00+00:00,4382.7001953125,4383.7998046875,4381.60009765625,4383.39990234375,157.0
2026-09-16 12:03:00+00:00,4383.60009765625,4383.7998046875,4382.7998046875,4383.60009765625,60.0
2026-09-16 12:04:00+00:00,4383.60009765625,4384.89990234375,4383.2001953125,4384.10009765625,112.0
2026-09-16 12:05:00+00:00,4384.0,4385.2001953125,4383.2998046875,4384.39990234375,140.0
2026-09-16 12:06:00+00:00,4384.5,4388.5,4384.5,4388.2001953125,382.0
2026-09-16 12:07:00+00:00,4388.0,4389.0,4387.39990234375,4388.89990234375,182.0
2026-09-16 12:08:00+00:00,4388.7998046875,4389.2998046875,4387.60009765625,4388.2998046875,203.0
2026-09-16 12:09:00+00:00,4388.10009765625,4389.0,4387.2998046875,4389.0,164.0
2026-09-16 12:10:00+00:00,4388.7998046875,4388.89990234375,4385.2998046875,4386.2001953125,181.0
2026-09-16 12:11:00+00:00,4386.2001953125,4386.7001953125,4385.2998046875,4386.7001953125,137.0
2026-09-16 12:12:00+00:00,4387.2001953125,4387.7001953125,4384.10009765625,4384.89990234375,155.0
2026-09-16 12:13:00+00:00,4385.0,4385.2998046875,4384.2001953125,4385.2998046875,172.0
2026-09-16 12:14:00+00:00,4385.60009765625,4386.0,4384.5,4384.5,89.0
2026-09-16 12:15:00+00:00,4384.2998046875,4386.5,4384.2001953125,4386.10009765625,109.0
2026-09-16 12:16:00+00:00,4386.10009765625,4386.60009765625,4385.60009765625,4386.2998046875,96.0
2026-09-16 12:17:00+00:00,4386.2998046875,4386.2998046875,4383.39990234375,4384.2998046875,200.0
2026-09-16 12:18:00+00:00,4384.2001953125,4384.89990234375,4381.5,4381.7998046875,337.0
2026-09-16 12:19:00+00:00,4381.7001953125,4383.2998046875,4381.5,4383.2998046875,158.0
2026-09-16 12:20:00+00:00,4383.2001953125,4383.2001953125,4379.39990234375,4381.0,410.0
2026-09-16 12:21:00+00:00,4381.2001953125,4382.0,4379.89990234375,4379.89990234375,187.0
2026-09-16 12:22:00+00:00,4380.2001953125,4381.0,4379.2001953125,4380.60009765625,156.0
2026-09-16 12:23:00+00:00,4380.7001953125,4381.0,4379.5,4380.39990234375,167.0
2026-09-16 12:24:00+00:00,4380.2998046875,4380.2998046875,4378.60009765625,4379.5,157.0
2026-09-16 12:25:00+00:00,4379.7001953125,4381.2001953125,4379.7001953125,4381.10009765625,120.0
2026-09-16 12:26:00+00:00,4381.10009765625,4381.39990234375,4380.39990234375,4381.0,87.0
2026-09-16 12:27:00+00:00,4381.10009765625,4382.2001953125,4380.2998046875,4380.2998046875,156.0
2026-09-16 12:28:00+00:00,4380.2998046875,4380.39990234375,4379.2998046875,4379.89990234375,73.0
2026-09-16 12:29:00+00:00,4380.10009765625,4381.0,4380.0,4381.0,85.0
2026-09-16 12:30:00+00:00,4380.7001953125,4382.89990234375,4375.0,4382.5,504.0
2026-09-16 12:31:00+00:00,4382.39990234375,4383.2998046875,4380.89990234375,4382.7998046875,221.0
2026-09-16 12:32:00+00:00,4382.60009765625,4383.0,4381.2001953125,4381.2998046875,215.0
2026-09-16 12:33:00+00:00,4381.39990234375,4382.39990234375,4381.39990234375,4382.0,96.0
2026-09-16 12:34:00+00:00,4382.2998046875,4382.60009765625,4381.2001953125,4382.10009765625,121.0
2026-09-16 12:35:00+00:00,4382.5,4384.2001953125,4382.5,4383.10009765625,123.0
2026-09-16 12:36:00+00:00,4383.2998046875,4383.39990234375,4381.2998046875,4381.2998046875,117.0
2026-09-16 12:37:00+00:00,4381.5,4382.0,4381.10009765625,4381.7001953125,109.0
2026-09-16 12:38:00+00:00,4381.7001953125,4381.89990234375,4379.60009765625,4381.89990234375,149.0
2026-09-16 12:39:00+00:00,4382.10009765625,4385.39990234375,4382.10009765625,4384.7001953125,160.0
2026-09-16 12:40:00+00:00,4384.5,4384.7001953125,4383.7001953125,4383.7001953125,65.0
2026-09-16 12:41:00+00:00,4383.60009765625,4384.10009765625,4382.60009765625,4384.0,138.0
2026-09-16 12:42:00+00:00,4384.10009765625,4386.2001953125,4384.10009765625,4385.5,141.0
2026-09-16 12:43:00+00:00,4385.5,4385.7001953125,4383.5,4385.0,145.0
2026-09-16 12:44:00+00:00,4385.0,4385.7001953125,4384.10009765625,4384.60009765625,130.0
2026-09-16 12:45:00+00:00,4384.60009765625,4384.7998046875,4384.0,4384.7998046875,88.0
2026-09-16 12:46:00+00:00,4384.7001953125,4385.5,4384.0,4384.0,63.0
2026-09-16 12:47:00+00:00,4383.7001953125,4384.7001953125,4383.7001953125,4384.5,73.0
2026-09-16 12:48:00+00:00,4384.5,4388.10009765625,4384.5,4387.89990234375,243.0
2026-09-16 12:49:00+00:00,4387.60009765625,4388.0,4386.39990234375,4387.2001953125,190.0
2026-09-16 12:50:00+00:00,4387.2001953125,4389.0,4387.10009765625,4388.39990234375,321.0
2026-09-16 12:51:00+00:00,4388.5,4389.0,4387.0,4387.0,79.0
2026-09-16 12:52:00+00:00,4387.2001953125,4387.2998046875,4383.60009765625,4385.10009765625,174.0
2026-09-16 12:53:00+00:00,4385.2998046875,4387.39990234375,4385.2001953125,4387.2001953125,206.0
2026-09-16 12:54:00+00:00,4387.2998046875,4387.5,4386.2001953125,4386.2001953125,80.0
2026-09-16 12:55:00+00:00,4386.10009765625,4388.5,4385.39990234375,4388.5,225.0
2026-09-16 12:56:00+00:00,4388.7001953125,4388.89990234375,4386.89990234375,4387.0,222.0
2026-09-16 12:57:00+00:00,4386.89990234375,4387.60009765625,4386.2998046875,4387.0,82.0
2026-09-16 12:58:00+00:00,4386.89990234375,4387.39990234375,4386.0,4386.89990234375,98.0
2026-09-16 12:59:00+00:00,4387.0,4390.10009765625,4385.89990234375,4388.39990234375,275.0
2026-09-16 13:00:00+00:00,4388.5,4391.2998046875,4387.39990234375,4390.0,420.0
2026-09-16 13:01:00+00:00,4389.7998046875,4390.0,4387.7998046875,4388.2998046875,186.0
2026-09-16 13:02:00+00:00,4388.2001953125,4388.7998046875,4386.89990234375,4388.2001953125,128.0
2026-09-16 13:03:00+00:00,4387.89990234375,4389.89990234375,4387.2001953125,4387.5,193.0
2026-09-16 13:04:00+00:00,4387.5,4389.0,4387.0,4387.7998046875,183.0
2026-09-16 13:05:00+00:00,4387.7001953125,4389.2998046875,4385.39990234375,4386.2001953125,202.0
2026-09-16 13:06:00+00:00,4386.0,4386.5,4385.0,4386.2001953125,255.0
2026-09-16 13:07:00+00:00,4386.2998046875,4389.0,4386.2998046875,4387.89990234375,228.0
2026-09-16 13:08:00+00:00,4388.39990234375,4390.60009765625,4386.10009765625,4390.2998046875,330.0
2026-09-16 13:09:00+00:00,4390.7001953125,4391.5,4389.0,4389.5,387.0
2026-09-16 13:10:00+00:00,4389.7001953125,4392.0,4389.10009765625,4391.5,234.0
2026-09-16 13:11:00+00:00,4391.7001953125,4392.60009765625,4390.7001953125,4391.0,188.0
2026-09-16 13:12:00+00:00,4391.5,4393.7998046875,4391.2998046875,4393.60009765625,201.0
2026-09-16 13:13:00+00:00,4393.89990234375,4397.7001953125,4393.7001953125,4396.10009765625,722.0
2026-09-16 13:14:00+00:00,4396.2998046875,4398.60009765625,4396.10009765625,4397.7001953125,215.0
2026-09-16 13:15:00+00:00,4398.0,4402.89990234375,4397.7998046875,4401.10009765625,841.0
2026-09-16 13:16:00+00:00,4401.2998046875,4401.7001953125,4397.2001953125,4398.0,290.0
2026-09-16 13:17:00+00:00,4398.0,4399.2998046875,4395.39990234375,4395.7998046875,291.0
2026-09-16 13:18:00+00:00,4395.7001953125,4396.60009765625,4394.39990234375,4395.7001953125,192.0
2026-09-16 13:19:00+00:00,4395.60009765625,4396.7001953125,4394.5,4394.60009765625,87.0
2026-09-16 13:20:00+00:00,4394.60009765625,4394.60009765625,4390.60009765625,4390.7001953125,368.0
2026-09-16 13:21:00+00:00,4391.0,4393.60009765625,4390.89990234375,4393.60009765625,262.0
2026-09-16 13:22:00+00:00,4393.5,4397.2001953125,4393.2001953125,4395.10009765625,266.0
2026-09-16 13:23:00+00:00,4395.0,4395.7001953125,4393.7998046875,4394.39990234375,132.0
2026-09-16 13:24:00+00:00,4394.2998046875,4396.2001953125,4393.7001953125,4395.0,119.0
2026-09-16 13:25:00+00:00,4395.2001953125,4395.2998046875,4393.7998046875,4394.5,68.0
2026-09-16 13:26:00+00:00,4394.5,4396.0,4394.39990234375,4395.7998046875,110.0
2026-09-16 13:27:00+00:00,4395.7998046875,4396.0,4394.5,4395.89990234375,74.0
2026-09-16 13:28:00+00:00,4395.7998046875,4396.60009765625,4394.60009765625,4396.2001953125,69.0
2026-09-16 13:29:00+00:00,4396.5,4396.60009765625,4392.7998046875,4393.2001953125,143.0
2026-09-16 13:30:00+00:00,4393.10009765625,4394.2998046875,4391.60009765625,4392.89990234375,354.0
2026-09-16 13:31:00+00:00,4393.39990234375,4395.5,4392.2998046875,4392.60009765625,255.0
2026-09-16 13:32:00+00:00,4392.7001953125,4393.60009765625,4391.2001953125,4392.89990234375,169.0
2026-09-16 13:33:00+00:00,4393.2001953125,4395.39990234375,4391.7998046875,4392.39990234375,183.0
2026-09-16 13:34:00+00:00,4392.60009765625,4393.2998046875,4389.2998046875,4389.7998046875,317.0
2026-09-16 13:35:00+00:00,4389.89990234375,4391.5,4389.0,4390.39990234375,464.0
2026-09-16 13:36:00+00:00,4390.7001953125,4391.5,4387.89990234375,4389.0,197.0
2026-09-16 13:37:00+00:00,4388.60009765625,4390.0,4387.89990234375,4388.60009765625,124.0
2026-09-16 13:38:00+00:00,4389.0,4389.0,4386.39990234375,4388.7001953125,158.0
2026-09-16 13:39:00+00:00,4388.7998046875,4389.0,4386.60009765625,4387.0,167.0
2026-09-16 13:40:00+00:00,4386.89990234375,4387.39990234375,4384.7998046875,4386.10009765625,235.0
2026-09-16 13:41:00+00:00,4385.89990234375,4388.39990234375,4385.89990234375,4386.5,142.0
2026-09-16 13:42:00+00:00,4386.60009765625,4386.60009765625,4384.0,4384.60009765625,183.0
2026-09-16 13:43:00+00:00,4384.89990234375,4385.39990234375,4383.7001953125,4385.0,111.0
2026-09-16 13:44:00+00:00,4384.89990234375,4385.7998046875,4381.60009765625,4381.60009765625,421.0
2026-09-16 13:45:00+00:00,4381.7001953125,4386.0,4381.60009765625,4385.2001953125,375.0
2026-09-16 13:46:00+00:00,4385.0,4386.7998046875,4384.7998046875,4386.10009765625,162.0
2026-09-16 13:47:00+00:00,4386.2001953125,4387.10009765625,4385.2998046875,4386.0,198.0
2026-09-16 13:48:00+00:00,4385.89990234375,4385.89990234375,4382.60009765625,4385.0,172.0
2026-09-16 13:49:00+00:00,4384.60009765625,4385.10009765625,4383.39990234375,4384.10009765625,69.0
2026-09-16 13:50:00+00:00,4384.10009765625,4386.39990234375,4383.5,4384.89990234375,135.0
2026-09-16 13:51:00+00:00,4385.0,4385.0,4381.7998046875,4382.0,147.0
2026-09-16 13:52:00+00:00,4381.89990234375,4381.89990234375,4378.89990234375,4379.10009765625,238.0
2026-09-16 13:53:00+00:00,4379.2998046875,4380.39990234375,4379.0,4380.2001953125,136.0
2026-09-16 13:54:00+00:00,4380.2001953125,4380.39990234375,4379.2001953125,4379.7001953125,81.0
2026-09-16 13:55:00+00:00,4379.7001953125,4380.39990234375,4378.5,4378.5,180.0
2026-09-16 13:56:00+00:00,4378.60009765625,4378.7001953125,4376.2998046875,4378.0,347.0
2026-09-16 13:57:00+00:00,4377.89990234375,4380.60009765625,4377.2001953125,4378.5,318.0
2026-09-16 13:58:00+00:00,4378.7998046875,4379.2998046875,4378.10009765625,4378.2998046875,122.0
2026-09-16 13:59:00+00:00,4378.39990234375,4380.39990234375,4377.7998046875,4379.89990234375,217.0
2026-09-16 14:00:00+00:00,4379.89990234375,4380.7001953125,4378.10009765625,4378.39990234375,411.0
2026-09-16 14:01:00+00:00,4378.10009765625,4378.7998046875,4376.7001953125,4377.2001953125,601.0
2026-09-16 14:02:00+00:00,4377.7998046875,4378.0,4373.2001953125,4373.5,318.0
2026-09-16 14:03:00+00:00,4373.7001953125,4374.0,4371.7001953125,4371.89990234375,440.0
2026-09-16 14:04:00+00:00,4371.89990234375,4372.7998046875,4370.0,4370.2001953125,540.0
2026-09-16 14:05:00+00:00,4370.2001953125,4372.2001953125,4367.0,4367.89990234375,810.0
2026-09-16 14:06:00+00:00,4368.0,4368.2998046875,4364.5,4367.10009765625,856.0
2026-09-16 14:07:00+00:00,4367.10009765625,4368.10009765625,4366.2998046875,4367.10009765625,354.0
2026-09-16 14:08:00+00:00,4367.39990234375,4371.2001953125,4366.7001953125,4371.10009765625,384.0
2026-09-16 14:09:00+00:00,4370.89990234375,4371.7998046875,4369.7998046875,4371.2001953125,421.0
2026-09-16 14:10:00+00:00,4371.2001953125,4376.89990234375,4371.0,4376.39990234375,826.0
2026-09-16 14:11:00+00:00,4376.2998046875,4377.7001953125,4375.89990234375,4377.0,457.0
2026-09-16 14:12:00+00:00,4377.10009765625,4379.60009765625,4376.89990234375,4379.39990234375,392.0
2026-09-16 14:13:00+00:00,4379.60009765625,4380.60009765625,4378.10009765625,4378.7001953125,491.0
2026-09-16 14:14:00+00:00,4378.7001953125,4381.89990234375,4378.39990234375,4381.7001953125,477.0
2026-09-16 14:15:00+00:00,4381.7001953125,4382.89990234375,4379.7001953125,4381.0,460.0
2026-09-16 14:16:00+00:00,4381.2001953125,4381.2001953125,4378.60009765625,4378.60009765625,132.0
2026-09-16 14:17:00+00:00,4378.7001953125,4378.7998046875,4376.7001953125,4377.5,245.0
2026-09-16 14:18:00+00:00,4377.39990234375,4378.2001953125,4375.39990234375,4375.39990234375,234.0
2026-09-16 14:19:00+00:00,4375.39990234375,4375.5,4373.7001953125,4374.2001953125,409.0
2026-09-16 14:20:00+00:00,4374.10009765625,4375.0,4372.39990234375,4374.60009765625,232.0
2026-09-16 14:21:00+00:00,4374.60009765625,4377.2001953125,4373.7998046875,4376.7998046875,260.0
2026-09-16 14:22:00+00:00,4376.39990234375,4377.5,4375.7001953125,4376.2001953125,115.0
2026-09-16 14:23:00+00:00,4376.0,4376.0,4374.2001953125,4375.0,139.0
2026-09-16 14:24:00+00:00,4374.7001953125,4375.89990234375,4374.39990234375,4374.39990234375,89.0
2026-09-16 14:25:00+00:00,4374.60009765625,4374.89990234375,4373.60009765625,4374.10009765625,85.0
2026-09-16 14:26:00+00:00,4374.2998046875,4376.7001953125,4373.89990234375,4376.2001953125,153.0
2026-09-16 14:27:00+00:00,4376.0,4377.7001953125,4375.10009765625,4377.7001953125,176.0
2026-09-16 14:28:00+00:00,4377.7001953125,4378.7001953125,4376.89990234375,4377.39990234375,217.0
2026-09-16 14:29:00+00:00,4377.7001953125,4379.89990234375,4377.60009765625,4379.7001953125,123.0
2026-09-16 14:30:00+00:00,4379.60009765625,4380.2001953125,4378.10009765625,4378.2998046875,181.0
2026-09-16 14:31:00+00:00,4378.10009765625,4378.10009765625,4376.0,4376.5,157.0
2026-09-16 14:32:00+00:00,4376.60009765625,4378.7001953125,4376.2998046875,4377.89990234375,110.0
2026-09-16 14:33:00+00:00,4378.2001953125,4378.39990234375,4376.5,4376.5,133.0
2026-09-16 14:34:00+00:00,4376.7001953125,4378.5,4376.39990234375,4378.5,114.0
2026-09-16 14:35:00+00:00,4378.39990234375,4381.0,4378.39990234375,4379.2001953125,164.0
2026-09-16 14:36:00+00:00,4379.39990234375,4380.39990234375,4379.0,4379.2998046875,107.0
2026-09-16 14:37:00+00:00,4379.10009765625,4382.2998046875,4379.0,4381.89990234375,96.0
2026-09-16 14:38:00+00:00,4382.0,4384.0,4381.5,4383.7998046875,187.0
2026-09-16 14:39:00+00:00,4383.89990234375,4384.2998046875,4382.39990234375,4382.7001953125,164.0
2026-09-16 14:40:00+00:00,4382.7001953125,4384.10009765625,4381.7998046875,4383.60009765625,105.0
2026-09-16 14:41:00+00:00,4383.89990234375,4385.5,4383.2001953125,4383.2001953125,185.0
2026-09-16 14:42:00+00:00,4383.2001953125,4384.10009765625,4382.10009765625,4383.39990234375,108.0
2026-09-16 14:43:00+00:00,4383.39990234375,4384.7998046875,4383.2001953125,4384.39990234375,63.0
2026-09-16 14:44:00+00:00,4384.5,4387.89990234375,4383.7998046875,4387.39990234375,385.0
2026-09-16 14:45:00+00:00,4387.5,4389.2998046875,4386.89990234375,4389.2998046875,305.0
2026-09-16 14:46:00+00:00,4389.2001953125,4390.39990234375,4387.2998046875,4389.7998046875,259.0
2026-09-16 14:47:00+00:00,4389.7001953125,4390.89990234375,4387.7998046875,4389.2998046875,331.0
2026-09-16 14:48:00+00:00,4389.7001953125,4391.2001953125,4389.5,4390.5,266.0
2026-09-16 14:49:00+00:00,4390.39990234375,4392.7001953125,4390.0,4392.2998046875,270.0
2026-09-16 14:50:00+00:00,4392.39990234375,4396.5,4391.89990234375,4395.2998046875,553.0
2026-09-16 14:51:00+00:00,4395.2001953125,4395.60009765625,4394.10009765625,4394.60009765625,193.0
2026-09-16 14:52:00+00:00,4394.7998046875,4395.5,4393.60009765625,4394.5,281.0
2026-09-16 14:53:00+00:00,4394.39990234375,4394.39990234375,4393.10009765625,4393.10009765625,216.0
2026-09-16 14:54:00+00:00,4393.10009765625,4393.10009765625,4390.0,4390.2001953125,271.0
2026-09-16 14:55:00+00:00,4390.39990234375,4392.10009765625,4389.39990234375,4389.7998046875,177.0
2026-09-16 14:56:00+00:00,4389.89990234375,4391.60009765625,4389.5,4390.89990234375,164.0
2026-09-16 14:57:00+00:00,4391.0,4393.2001953125,4390.7998046875,4393.0,108.0
2026-09-16 14:58:00+00:00,4393.2998046875,4396.0,4393.10009765625,4395.7001953125,204.0
2026-09-16 14:59:00+00:00,4395.7998046875,4398.10009765625,4395.7998046875,4397.2998046875,423.0
2026-09-16 15:00:00+00:00,4397.2001953125,4399.2001953125,4395.7998046875,4399.10009765625,478.0
2026-09-16 15:01:00+00:00,4399.2001953125,4399.89990234375,4395.7001953125,4395.7998046875,344.0
2026-09-16 15:02:00+00:00,4395.7998046875,4395.7998046875,4393.39990234375,4393.7001953125,123.0
2026-09-16 15:03:00+00:00,4393.60009765625,4395.2001953125,4393.60009765625,4395.10009765625,99.0
2026-09-16 15:04:00+00:00,4395.39990234375,4395.39990234375,4392.60009765625,4392.7998046875,205.0
2026-09-16 15:05:00+00:00,4392.89990234375,4393.7001953125,4392.7001953125,4393.2001953125,106.0
2026-09-16 15:06:00+00:00,4393.2998046875,4394.2001953125,4391.89990234375,4393.60009765625,134.0
2026-09-16 15:07:00+00:00,4393.39990234375,4399.7998046875,4392.60009765625,4395.60009765625,680.0
2026-09-16 15:08:00+00:00,4395.5,4397.60009765625,4394.39990234375,4396.5,264.0
2026-09-16 15:09:00+00:00,4396.7001953125,4400.2001953125,4395.7998046875,4399.2001953125,386.0
2026-09-16 15:10:00+00:00,4399.2998046875,4400.10009765625,4397.39990234375,4398.10009765625,290.0
2026-09-16 15:11:00+00:00,4398.10009765625,4399.2001953125,4396.0,4396.2998046875,318.0
2026-09-16 15:12:00+00:00,4396.10009765625,4396.5,4395.0,4395.2998046875,142.0
2026-09-16 15:13:00+00:00,4395.39990234375,4397.2998046875,4395.2998046875,4397.2998046875,120.0
2026-09-16 15:14:00+00:00,4397.39990234375,4398.2001953125,4395.0,4395.2001953125,138.0
2026-09-16 15:15:00+00:00,4395.39990234375,4395.89990234375,4393.2998046875,4395.0,227.0
2026-09-16 15:16:00+00:00,4395.0,4397.2998046875,4394.5,4396.0,131.0
2026-09-16 15:17:00+00:00,4396.10009765625,4396.5,4393.5,4394.2001953125,176.0
2026-09-16 15:18:00+00:00,4394.2998046875,4396.10009765625,4394.2001953125,4395.60009765625,187.0
2026-09-16 15:19:00+00:00,4395.7001953125,4396.89990234375,4395.10009765625,4395.7998046875,120.0
2026-09-16 15:20:00+00:00,4395.2998046875,4395.89990234375,4392.7001953125,4392.7001953125,148.0
2026-09-16 15:21:00+00:00,4393.2001953125,4393.60009765625,4392.89990234375,4393.5,124.0
2026-09-16 15:22:00+00:00,4393.60009765625,4394.10009765625,4393.0,4393.60009765625,109.0
2026-09-16 15:23:00+00:00,4393.2001953125,4393.39990234375,4392.0,4393.2998046875,112.0
2026-09-16 15:24:00+00:00,4393.10009765625,4393.89990234375,4391.60009765625,4391.89990234375,148.0
2026-09-16 15:25:00+00:00,4392.10009765625,4392.10009765625,4389.5,4389.7001953125,245.0
2026-09-16 15:26:00+00:00,4389.7998046875,4390.2001953125,4387.7001953125,4388.2001953125,461.0
2026-09-16 15:27:00+00:00,4388.10009765625,4389.39990234375,4387.60009765625,4389.2998046875,137.0
2026-09-16 15:28:00+00:00,4389.2001953125,4389.60009765625,4387.39990234375,4387.7998046875,110.0
2026-09-16 15:29:00+00:00,4387.7998046875,4388.10009765625,4385.89990234375,4386.10009765625,133.0
2026-09-16 15:30:00+00:00,4386.2001953125,4387.2001953125,4384.5,4386.60009765625,271.0
2026-09-16 15:31:00+00:00,4386.39990234375,4388.2998046875,4386.2998046875,4387.60009765625,210.0
2026-09-16 15:32:00+00:00,4387.60009765625,4387.7001953125,4386.2998046875,4386.5,103.0
2026-09-16 15:33:00+00:00,4386.7998046875,4388.7998046875,4386.39990234375,4388.7001953125,258.0
2026-09-16 15:34:00+00:00,4388.7001953125,4390.60009765625,4388.5,4389.7998046875,201.0
2026-09-16 15:35:00+00:00,4390.0,4390.7001953125,4389.10009765625,4390.60009765625,154.0
2026-09-16 15:36:00+00:00,4390.89990234375,4394.60009765625,4390.7998046875,4393.60009765625,227.0
2026-09-16 15:37:00+00:00,4393.60009765625,4394.60009765625,4392.60009765625,4393.5,112.0
2026-09-16 15:38:00+00:00,4393.39990234375,4394.0,4392.60009765625,4393.60009765625,54.0
2026-09-16 15:39:00+00:00,4393.60009765625,4393.7001953125,4391.89990234375,4392.10009765625,88.0
2026-09-16 15:40:00+00:00,4392.2998046875,4392.7998046875,4391.5,4392.2998046875,121.0
2026-09-16 15:41:00+00:00,4392.39990234375,4392.89990234375,4392.10009765625,4392.2998046875,71.0
2026-09-16 15:42:00+00:00,4392.7998046875,4393.10009765625,4391.7998046875,4392.0,81.0
2026-09-16 15:43:00+00:00,4392.2998046875,4392.2998046875,4391.39990234375,4391.7998046875,89.0
2026-09-16 15:44:00+00:00,4391.89990234375,4392.89990234375,4391.89990234375,4392.5,62.0
2026-09-16 15:45:00+00:00,4392.60009765625,4394.10009765625,4392.0,4392.39990234375,119.0
2026-09-16 15:46:00+00:00,4392.60009765625,4393.89990234375,4392.2001953125,4393.0,76.0
2026-09-16 15:47:00+00:00,4393.10009765625,4405.2001953125,4393.10009765625,4397.10009765625,2511.0
2026-09-16 15:48:00+00:00,4397.39990234375,4398.5,4395.39990234375,4396.2998046875,281.0
2026-09-16 15:49:00+00:00,4396.2001953125,4396.7998046875,4393.60009765625,4395.0,172.0
2026-09-16 15:50:00+00:00,4395.5,4395.89990234375,4392.2001953125,4393.5,223.0
2026-09-16 15:51:00+00:00,4393.7001953125,4395.2001953125,4393.5,4394.89990234375,148.0
2026-09-16 15:52:00+00:00,4394.7998046875,4396.7998046875,4393.7001953125,4396.7998046875,210.0
2026-09-16 15:53:00+00:00,4396.7998046875,4397.39990234375,4393.5,4393.60009765625,111.0
2026-09-16 15:54:00+00:00,4393.5,4394.0,4393.2001953125,4393.7001953125,67.0
2026-09-16 15:55:00+00:00,4393.7001953125,4394.5,4393.60009765625,4393.89990234375,70.0
2026-09-16 15:56:00+00:00,4393.7998046875,4394.10009765625,4392.0,4392.7001953125,177.0
2026-09-16 15:57:00+00:00,4393.0,4393.89990234375,4392.89990234375,4393.89990234375,61.0
2026-09-16 15:58:00+00:00,4393.89990234375,4395.7001953125,4393.7001953125,4394.7998046875,87.0
2026-09-16 15:59:00+00:00,4394.7001953125,4395.2998046875,4394.2001953125,4394.7001953125,52.0
2026-09-16 16:00:00+00:00,4394.89990234375,4395.0,4393.2001953125,4393.39990234375,106.0
2026-09-16 16:01:00+00:00,4393.7001953125,4394.60009765625,4392.7001953125,4393.7998046875,133.0
2026-09-16 16:02:00+00:00,4393.7998046875,4393.7998046875,4392.2998046875,4392.60009765625,101.0
2026-09-16 16:03:00+00:00,4392.7998046875,4392.7998046875,4390.2998046875,4391.2001953125,163.0
2026-09-16 16:04:00+00:00,4391.2001953125,4391.60009765625,4389.89990234375,4389.89990234375,95.0
2026-09-16 16:05:00+00:00,4390.10009765625,4390.39990234375,4389.2998046875,4389.39990234375,47.0
2026-09-16 16:06:00+00:00,4389.39990234375,4389.89990234375,4388.7001953125,4388.7998046875,69.0
2026-09-16 16:07:00+00:00,4389.0,4390.89990234375,4388.5,4390.2998046875,79.0
2026-09-16 16:08:00+00:00,4390.10009765625,4391.39990234375,4389.89990234375,4391.2001953125,86.0
2026-09-16 16:09:00+00:00,4391.2001953125,4391.60009765625,4390.89990234375,4391.5,56.0
2026-09-16 16:10:00+00:00,4391.7998046875,4392.2998046875,4391.2998046875,4391.60009765625,51.0
2026-09-16 16:11:00+00:00,4391.5,4392.7998046875,4390.89990234375,4392.2001953125,109.0
2026-09-16 16:12:00+00:00,4392.5,4392.5,4390.2001953125,4391.7001953125,54.0
2026-09-16 16:13:00+00:00,4391.7001953125,4393.2001953125,4391.60009765625,4392.89990234375,48.0
2026-09-16 16:14:00+00:00,4392.7998046875,4392.7998046875,4391.39990234375,4392.0,183.0
2026-09-16 16:15:00+00:00,4392.0,4394.10009765625,4392.0,4393.7001953125,113.0
2026-09-16 16:16:00+00:00,4393.5,4394.0,4393.2998046875,4393.5,60.0
2026-09-16 16:17:00+00:00,4393.39990234375,4393.7001953125,4392.0,4392.39990234375,70.0
2026-09-16 16:18:00+00:00,4392.2998046875,4392.5,4391.60009765625,4391.7998046875,52.0
2026-09-16 16:19:00+00:00,4391.60009765625,4391.89990234375,4390.89990234375,4391.5,69.0
2026-09-16 16:20:00+00:00,4391.39990234375,4392.0,4391.2998046875,4391.39990234375,70.0
2026-09-16 16:21:00+00:00,4391.2998046875,4391.7001953125,4389.2001953125,4389.2001953125,132.0
2026-09-16 16:22:00+00:00,4389.10009765625,4389.5,4388.89990234375,4389.2998046875,43.0
2026-09-16 16:23:00+00:00,4389.2998046875,4389.89990234375,4388.60009765625,4389.60009765625,43.0
2026-09-16 16:24:00+00:00,4389.2001953125,4389.7001953125,4388.89990234375,4389.5,55.0
2026-09-16 16:25:00+00:00,4389.5,4390.2001953125,4388.60009765625,4389.60009765625,131.0
2026-09-16 16:26:00+00:00,4389.7998046875,4390.0,4388.10009765625,4388.5,79.0
2026-09-16 16:27:00+00:00,4388.60009765625,4388.7998046875,4387.0,4387.39990234375,122.0
2026-09-16 16:28:00+00:00,4387.2001953125,4387.2998046875,4386.10009765625,4386.7001953125,290.0
2026-09-16 16:29:00+00:00,4386.7998046875,4388.2998046875,4386.60009765625,4387.7998046875,119.0
2026-09-16 16:30:00+00:00,4387.7001953125,4388.2001953125,4386.7998046875,4387.2001953125,127.0
2026-09-16 16:31:00+00:00,4386.89990234375,4389.7001953125,4386.89990234375,4389.39990234375,185.0
2026-09-16 16:32:00+00:00,4389.5,4389.7001953125,4388.10009765625,4388.2001953125,149.0
2026-09-16 16:33:00+00:00,4388.7001953125,4390.0,4388.7001953125,4389.39990234375,73.0
2026-09-16 16:34:00+00:00,4389.2998046875,4390.2998046875,4389.2998046875,4389.89990234375,58.0
2026-09-16 16:35:00+00:00,4389.60009765625,4390.2998046875,4389.10009765625,4389.5,148.0
2026-09-16 16:36:00+00:00,4389.5,4390.10009765625,4387.89990234375,4388.2998046875,207.0
2026-09-16 16:37:00+00:00,4388.10009765625,4388.39990234375,4387.7998046875,4388.2001953125,41.0
2026-09-16 16:38:00+00:00,4388.2998046875,4388.60009765625,4387.2001953125,4388.2998046875,98.0
2026-09-16 16:39:00+00:00,4388.10009765625,4389.2001953125,4388.10009765625,4388.89990234375,41.0
2026-09-16 16:40:00+00:00,4388.89990234375,4390.10009765625,4388.89990234375,4390.10009765625,56.0
2026-09-16 16:41:00+00:00,4390.0,4390.2001953125,4388.7001953125,4389.2001953125,98.0
2026-09-16 16:42:00+00:00,4389.2998046875,4389.2998046875,4388.7001953125,4389.0,50.0
2026-09-16 16:43:00+00:00,4389.0,4389.2001953125,4388.7001953125,4389.2001953125,36.0
2026-09-16 16:44:00+00:00,4389.2001953125,4389.60009765625,4388.7998046875,4389.39990234375,26.0
2026-09-16 16:45:00+00:00,4389.2998046875,4390.2001953125,4389.2001953125,4389.5,35.0
2026-09-16 16:46:00+00:00,4389.5,4389.7998046875,4389.0,4389.60009765625,34.0
2026-09-16 16:47:00+00:00,4389.5,4389.7998046875,4388.7998046875,4389.7998046875,20.0
2026-09-16 16:48:00+00:00,4389.7998046875,4390.60009765625,4388.89990234375,4389.39990234375,74.0
2026-09-16 16:49:00+00:00,4389.39990234375,4389.7998046875,4388.10009765625,4388.10009765625,66.0
2026-09-16 16:50:00+00:00,4387.7001953125,4387.7998046875,4385.2998046875,4386.39990234375,683.0
2026-09-16 16:51:00+00:00,4386.39990234375,4386.7001953125,4385.60009765625,4386.0,76.0
2026-09-16 16:52:00+00:00,4386.10009765625,4387.10009765625,4385.7001953125,4386.2998046875,110.0
2026-09-16 16:53:00+00:00,4386.39990234375,4387.39990234375,4386.2998046875,4387.10009765625,38.0
2026-09-16 16:54:00+00:00,4387.0,4387.60009765625,4386.7998046875,4387.60009765625,57.0
2026-09-16 16:55:00+00:00,4387.5,4389.2998046875,4387.5,4389.0,51.0
2026-09-16 16:56:00+00:00,4388.89990234375,4388.89990234375,4387.2998046875,4387.2998046875,86.0
2026-09-16 16:57:00+00:00,4387.39990234375,4388.5,4387.39990234375,4388.5,48.0
2026-09-16 16:58:00+00:00,4388.39990234375,4389.2001953125,4388.2001953125,4388.7998046875,51.0
2026-09-16 16:59:00+00:00,4388.7001953125,4388.89990234375,4388.2001953125,4388.5,70.0
2026-09-16 17:00:00+00:00,4388.2998046875,4388.5,4386.7998046875,4387.10009765625,286.0
2026-09-16 17:01:00+00:00,4387.0,4387.0,4385.39990234375,4385.5,272.0
2026-09-16 17:02:00+00:00,4385.39990234375,4385.7001953125,4384.7998046875,4385.5,161.0
2026-09-16 17:03:00+00:00,4385.5,4386.7001953125,4385.2998046875,4386.10009765625,155.0
2026-09-16 17:04:00+00:00,4386.2001953125,4386.7998046875,4386.0,4386.7001953125,42.0
2026-09-16 17:05:00+00:00,4386.60009765625,4387.5,4386.60009765625,4387.2998046875,49.0
2026-09-16 17:06:00+00:00,4387.39990234375,4387.5,4385.89990234375,4386.10009765625,67.0
2026-09-16 17:07:00+00:00,4386.2001953125,4386.7001953125,4384.7998046875,4385.2001953125,181.0
2026-09-16 17:08:00+00:00,4385.2001953125,4385.5,4384.7001953125,4385.5,44.0
2026-09-16 17:09:00+00:00,4385.39990234375,4385.5,4384.89990234375,4385.10009765625,38.0
2026-09-16 17:10:00+00:00,4385.10009765625,4385.2001953125,4383.60009765625,4385.0,107.0
2026-09-16 17:11:00+00:00,4384.89990234375,4385.0,4384.0,4384.2001953125,45.0
2026-09-16 17:12:00+00:00,4384.10009765625,4384.10009765625,4383.39990234375,4383.7998046875,70.0
2026-09-16 17:13:00+00:00,4383.60009765625,4384.5,4383.60009765625,4383.7998046875,80.0
2026-09-16 17:14:00+00:00,4383.89990234375,4385.5,4383.7998046875,4385.10009765625,75.0
2026-09-16 17:15:00+00:00,4385.10009765625,4386.0,4384.60009765625,4385.39990234375,222.0
2026-09-16 17:16:00+00:00,4385.2998046875,4386.5,4384.7001953125,4386.2998046875,305.0
2026-09-16 17:17:00+00:00,4386.39990234375,4386.5,4385.2998046875,4385.2998046875,77.0
2026-09-16 17:18:00+00:00,4385.2998046875,4386.7001953125,4385.2998046875,4385.5,84.0
2026-09-16 17:19:00+00:00,4385.7001953125,4386.7001953125,4385.5,4386.2001953125,87.0
2026-09-16 17:20:00+00:00,4386.2998046875,4386.60009765625,4385.2998046875,4385.7001953125,80.0
2026-09-16 17:21:00+00:00,4385.60009765625,4385.60009765625,4384.2998046875,4384.7998046875,115.0
2026-09-16 17:22:00+00:00,4384.7001953125,4385.5,4384.2998046875,4384.39990234375,107.0
2026-09-16 17:23:00+00:00,4384.5,4385.2001953125,4383.89990234375,4385.0,97.0
2026-09-16 17:24:00+00:00,4385.0,4386.0,4385.0,4385.89990234375,69.0
2026-09-16 17:25:00+00:00,4386.0,4387.5,4385.7001953125,4387.2998046875,106.0
2026-09-16 17:26:00+00:00,4387.39990234375,4387.7998046875,4387.10009765625,4387.7001953125,104.0
2026-09-16 17:27:00+00:00,4387.60009765625,4389.0,4387.2998046875,4387.7998046875,195.0
2026-09-16 17:28:00+00:00,4388.10009765625,4388.5,4387.0,4387.0,101.0
2026-09-16 17:29:00+00:00,4387.10009765625,4388.60009765625,4386.5,4388.2001953125,550.0
2026-09-16 17:30:00+00:00,4388.39990234375,4389.89990234375,4387.89990234375,4389.2001953125,204.0
2026-09-16 17:31:00+00:00,4388.89990234375,4388.89990234375,4387.60009765625,4388.2998046875,120.0
2026-09-16 17:32:00+00:00,4388.2998046875,4389.7998046875,4388.10009765625,4389.7998046875,60.0
2026-09-16 17:33:00+00:00,4390.0,4391.60009765625,4389.89990234375,4391.39990234375,204.0
2026-09-16 17:34:00+00:00,4391.2001953125,4391.39990234375,4390.2998046875,4390.5,92.0
2026-09-16 17:35:00+00:00,4390.5,4390.89990234375,4389.5,4390.0,117.0
2026-09-16 17:36:00+00:00,4390.2001953125,4390.2001953125,4388.0,4388.5,151.0
2026-09-16 17:37:00+00:00,4388.5,4388.7998046875,4387.7998046875,4388.39990234375,248.0
2026-09-16 17:38:00+00:00,4388.39990234375,4388.39990234375,4386.89990234375,4387.2998046875,81.0
2026-09-16 17:39:00+00:00,4387.0,4387.0,4385.0,4385.39990234375,170.0
2026-09-16 17:40:00+00:00,4385.2998046875,4386.10009765625,4385.0,4386.0,95.0
2026-09-16 17:41:00+00:00,4386.10009765625,4386.7998046875,4386.10009765625,4386.2001953125,43.0
2026-09-16 17:42:00+00:00,4386.2998046875,4386.7001953125,4385.7001953125,4386.7001953125,36.0
2026-09-16 17:43:00+00:00,4386.5,4386.7998046875,4385.2001953125,4385.5,86.0
2026-09-16 17:44:00+00:00,4385.5,4386.7001953125,4385.2998046875,4385.2998046875,128.0
2026-09-16 17:45:00+00:00,4385.7998046875,4386.0,4384.7001953125,4384.89990234375,142.0
2026-09-16 17:46:00+00:00,4384.89990234375,4386.60009765625,4384.89990234375,4386.0,87.0
2026-09-16 17:47:00+00:00,4386.2001953125,4386.60009765625,4384.39990234375,4384.5,104.0
2026-09-16 17:48:00+00:00,4384.2998046875,4386.89990234375,4384.10009765625,4386.5,90.0
2026-09-16 17:49:00+00:00,4386.60009765625,4386.7001953125,4386.0,4386.10009765625,131.0
2026-09-16 17:50:00+00:00,4386.10009765625,4386.89990234375,4385.7998046875,4386.2998046875,55.0
2026-09-16 17:51:00+00:00,4385.89990234375,4388.10009765625,4385.7998046875,4388.10009765625,396.0
2026-09-16 17:52:00+00:00,4388.2998046875,4388.5,4386.0,4388.5,217.0
2026-09-16 17:53:00+00:00,4388.5,4390.7001953125,4388.5,4390.2998046875,664.0
2026-09-16 17:54:00+00:00,4390.7001953125,4391.89990234375,4389.7001953125,4389.89990234375,140.0
2026-09-16 17:55:00+00:00,4389.7998046875,4391.39990234375,4389.39990234375,4389.39990234375,148.0
2026-09-16 17:56:00+00:00,4389.39990234375,4392.89990234375,4389.39990234375,4392.7001953125,117.0
2026-09-16 17:57:00+00:00,4392.39990234375,4396.2001953125,4392.2998046875,4395.7001953125,161.0
2026-09-16 17:58:00+00:00,4395.7998046875,4398.0,4394.2998046875,4395.60009765625,219.0
2026-09-16 17:59:00+00:00,4395.7998046875,4413.10009765625,4394.0,4399.0,758.0
2026-09-16 18:00:00+00:00,4404.2001953125,4412.0,4378.10009765625,4381.60009765625,3211.0
2026-09-16 18:01:00+00:00,4380.89990234375,4382.5,4356.2998046875,4359.10009765625,2704.0
2026-09-16 18:02:00+00:00,4359.7001953125,4375.0,4355.2001953125,4373.89990234375,1919.0
2026-09-16 18:03:00+00:00,4373.5,4383.2001953125,4370.89990234375,4372.10009765625,1785.0
2026-09-16 18:04:00+00:00,4371.2998046875,4373.39990234375,4364.7998046875,4366.5,1247.0
2026-09-16 18:05:00+00:00,4366.39990234375,4378.60009765625,4366.39990234375,4374.7998046875,1033.0
2026-09-16 18:06:00+00:00,4374.7001953125,4379.39990234375,4373.2001953125,4373.7001953125,823.0
2026-09-16 18:07:00+00:00,4373.60009765625,4384.89990234375,4373.2998046875,4383.89990234375,828.0
2026-09-16 18:08:00+00:00,4384.0,4387.5,4376.39990234375,4380.7998046875,696.0
2026-09-16 18:09:00+00:00,4380.89990234375,4380.89990234375,4372.7998046875,4372.89990234375,439.0
2026-09-16 18:10:00+00:00,4373.39990234375,4376.10009765625,4367.39990234375,4370.39990234375,649.0
2026-09-16 18:11:00+00:00,4370.60009765625,4372.10009765625,4357.10009765625,4357.60009765625,1378.0
2026-09-16 18:12:00+00:00,4357.2998046875,4358.7001953125,4352.10009765625,4354.60009765625,926.0
2026-09-16 18:13:00+00:00,4354.7001953125,4356.10009765625,4350.10009765625,4352.39990234375,1044.0
2026-09-16 18:14:00+00:00,4352.7998046875,4357.10009765625,4349.10009765625,4352.0,625.0
2026-09-16 18:15:00+00:00,4351.7998046875,4356.0,4350.0,4350.2998046875,676.0
2026-09-16 18:16:00+00:00,4350.7998046875,4356.0,4349.60009765625,4350.2001953125,752.0
2026-09-16 18:17:00+00:00,4350.0,4356.2998046875,4347.89990234375,4354.39990234375,531.0
2026-09-16 18:18:00+00:00,4354.39990234375,4357.89990234375,4350.2998046875,4351.39990234375,735.0
2026-09-16 18:19:00+00:00,4351.89990234375,4363.7001953125,4350.60009765625,4360.2998046875,897.0
2026-09-16 18:20:00+00:00,4359.7998046875,4364.39990234375,4355.5,4362.0,553.0
2026-09-16 18:21:00+00:00,4361.7001953125,4365.7998046875,4361.5,4363.7998046875,395.0
2026-09-16 18:22:00+00:00,4363.39990234375,4364.5,4356.7001953125,4357.5,413.0
2026-09-16 18:23:00+00:00,4357.7001953125,4361.7998046875,4355.10009765625,4361.39990234375,321.0
2026-09-16 18:24:00+00:00,4361.39990234375,4363.10009765625,4356.10009765625,4356.39990234375,201.0
2026-09-16 18:25:00+00:00,4356.60009765625,4357.7001953125,4353.89990234375,4354.7001953125,253.0
2026-09-16 18:26:00+00:00,4354.5,4358.7998046875,4354.5,4356.89990234375,310.0
2026-09-16 18:27:00+00:00,4356.89990234375,4358.39990234375,4354.2001953125,4355.60009765625,189.0
2026-09-16 18:28:00+00:00,4355.60009765625,4358.60009765625,4353.5,4357.39990234375,310.0
2026-09-16 18:29:00+00:00,4357.5,4364.5,4357.5,4363.89990234375,314.0
2026-09-16 18:30:00+00:00,4363.5,4365.0,4352.7001953125,4354.5,403.0
2026-09-16 18:31:00+00:00,4354.89990234375,4354.89990234375,4344.39990234375,4349.2998046875,1004.0
2026-09-16 18:32:00+00:00,4349.2001953125,4351.7998046875,4333.2001953125,4333.2001953125,1908.0
2026-09-16 18:33:00+00:00,4333.0,4334.89990234375,4323.10009765625,4326.2001953125,2360.0
2026-09-16 18:34:00+00:00,4326.7001953125,4328.89990234375,4321.10009765625,4325.39990234375,1482.0
2026-09-16 18:35:00+00:00,4325.10009765625,4326.0,4313.7998046875,4315.60009765625,1803.0
2026-09-16 18:36:00+00:00,4315.60009765625,4319.39990234375,4306.5,4307.39990234375,1568.0
2026-09-16 18:37:00+00:00,4307.60009765625,4313.0,4298.89990234375,4312.7001953125,2590.0
2026-09-16 18:38:00+00:00,4313.10009765625,4325.7001953125,4312.7998046875,4324.2998046875,1299.0
2026-09-16 18:39:00+00:00,4324.10009765625,4332.7001953125,4323.2998046875,4331.89990234375,1008.0
2026-09-16 18:40:00+00:00,4331.39990234375,4334.0,4326.2998046875,4329.2001953125,622.0
2026-09-16 18:41:00+00:00,4329.5,4334.39990234375,4325.7998046875,4332.39990234375,774.0
2026-09-16 18:42:00+00:00,4332.0,4342.39990234375,4331.89990234375,4341.10009765625,1135.0
2026-09-16 18:43:00+00:00,4341.10009765625,4351.39990234375,4340.10009765625,4348.7001953125,1139.0
2026-09-16 18:44:00+00:00,4348.60009765625,4351.7998046875,4341.60009765625,4341.60009765625,1055.0
2026-09-16 18:45:00+00:00,4341.60009765625,4347.7998046875,4340.0,4345.2001953125,1087.0
2026-09-16 18:46:00+00:00,4345.39990234375,4346.60009765625,4342.2001953125,4343.5,387.0
2026-09-16 18:47:00+00:00,4342.60009765625,4343.10009765625,4335.5,4337.2998046875,661.0
2026-09-16 18:48:00+00:00,4337.7998046875,4338.0,4333.5,4333.7001953125,397.0
2026-09-16 18:49:00+00:00,4333.7001953125,4337.10009765625,4331.5,4334.2001953125,481.0
2026-09-16 18:50:00+00:00,4334.2001953125,4337.39990234375,4328.0,4328.60009765625,439.0
2026-09-16 18:51:00+00:00,4328.39990234375,4328.39990234375,4321.0,4326.2001953125,780.0
2026-09-16 18:52:00+00:00,4326.2998046875,4326.2998046875,4311.2001953125,4311.7998046875,1256.0
2026-09-16 18:53:00+00:00,4312.60009765625,4316.7001953125,4305.60009765625,4305.7998046875,1225.0
2026-09-16 18:54:00+00:00,4306.2001953125,4311.0,4304.0,4306.39990234375,717.0
2026-09-16 18:55:00+00:00,4306.39990234375,4313.2998046875,4304.39990234375,4309.2001953125,609.0
2026-09-16 18:56:00+00:00,4309.0,4309.89990234375,4299.39990234375,4305.10009765625,1315.0
2026-09-16 18:57:00+00:00,4304.89990234375,4307.2998046875,4296.2001953125,4306.2998046875,1052.0
2026-09-16 18:58:00+00:00,4306.2998046875,4311.10009765625,4304.7001953125,4309.5,583.0
2026-09-16 18:59:00+00:00,4309.7001953125,4311.2001953125,4299.7998046875,4301.2998046875,632.0
2026-09-16 19:00:00+00:00,4301.0,4317.7001953125,4300.0,4317.5,841.0
2026-09-16 19:01:00+00:00,4317.7998046875,4320.2998046875,4313.60009765625,4315.10009765625,929.0
2026-09-16 19:02:00+00:00,4315.2998046875,4319.39990234375,4312.5,4318.5,648.0
2026-09-16 19:03:00+00:00,4318.60009765625,4326.89990234375,4317.60009765625,4326.60009765625,1045.0
2026-09-16 19:04:00+00:00,4326.2998046875,4326.60009765625,4312.5,4313.2998046875,881.0
2026-09-16 19:05:00+00:00,4313.0,4313.0,4307.39990234375,4310.7001953125,564.0
2026-09-16 19:06:00+00:00,4311.0,4313.2998046875,4306.60009765625,4306.60009765625,379.0
2026-09-16 19:07:00+00:00,4306.2998046875,4306.2998046875,4288.39990234375,4297.0,3273.0
2026-09-16 19:08:00+00:00,4297.2998046875,4298.5,4292.60009765625,4294.89990234375,1154.0
2026-09-16 19:09:00+00:00,4295.5,4298.2998046875,4288.0,4289.7998046875,841.0
2026-09-16 19:10:00+00:00,4289.7001953125,4290.0,4273.2998046875,4276.2001953125,2272.0
2026-09-16 19:11:00+00:00,4276.39990234375,4286.7998046875,4275.7001953125,4284.0,1130.0
2026-09-16 19:12:00+00:00,4283.7001953125,4284.7998046875,4276.89990234375,4278.60009765625,720.0
2026-09-16 19:13:00+00:00,4278.5,4284.7998046875,4276.5,4284.60009765625,1065.0
2026-09-16 19:14:00+00:00,4284.39990234375,4291.89990234375,4282.7998046875,4291.7001953125,1052.0
2026-09-16 19:15:00+00:00,4291.7998046875,4296.10009765625,4288.10009765625,4289.60009765625,662.0
2026-09-16 19:16:00+00:00,4289.5,4289.60009765625,4283.7998046875,4286.2001953125,545.0
2026-09-16 19:17:00+00:00,4285.89990234375,4288.60009765625,4281.7998046875,4283.7001953125,635.0
2026-09-16 19:18:00+00:00,4283.60009765625,4288.5,4280.0,4280.2998046875,354.0
2026-09-16 19:19:00+00:00,4280.60009765625,4287.2998046875,4279.2998046875,4286.89990234375,308.0
2026-09-16 19:20:00+00:00,4287.10009765625,4289.7001953125,4283.2001953125,4284.2998046875,314.0
2026-09-16 19:21:00+00:00,4284.39990234375,4289.7998046875,4283.39990234375,4288.2998046875,382.0
2026-09-16 19:22:00+00:00,4287.89990234375,4291.0,4284.0,4286.60009765625,292.0
2026-09-16 19:23:00+00:00,4286.2001953125,4291.7001953125,4284.2998046875,4291.0,240.0
2026-09-16 19:24:00+00:00,4291.10009765625,4291.7998046875,4289.2001953125,4291.60009765625,166.0
2026-09-16 19:25:00+00:00,4291.60009765625,4296.7998046875,4285.60009765625,4286.10009765625,399.0
2026-09-16 19:26:00+00:00,4286.10009765625,4286.7998046875,4282.0,4283.39990234375,296.0
2026-09-16 19:27:00+00:00,4283.2998046875,4288.7998046875,4278.7001953125,4287.7001953125,545.0
2026-09-16 19:28:00+00:00,4287.7998046875,4289.2998046875,4281.7001953125,4282.39990234375,232.0
2026-09-16 19:29:00+00:00,4282.39990234375,4293.0,4282.39990234375,4292.60009765625,215.0
2026-09-16 19:30:00+00:00,4292.89990234375,4298.0,4292.5,4296.89990234375,542.0
2026-09-16 19:31:00+00:00,4297.2001953125,4300.39990234375,4295.7001953125,4297.89990234375,439.0
2026-09-16 19:32:00+00:00,4298.2001953125,4301.39990234375,4295.5,4299.10009765625,295.0
2026-09-16 19:33:00+00:00,4298.0,4301.5,4295.7998046875,4299.60009765625,223.0
2026-09-16 19:34:00+00:00,4300.0,4302.7998046875,4296.2001953125,4302.60009765625,377.0
2026-09-16 19:35:00+00:00,4302.7001953125,4305.10009765625,4299.0,4300.7998046875,523.0
2026-09-16 19:36:00+00:00,4300.2998046875,4301.2998046875,4295.7001953125,4297.7998046875,201.0
2026-09-16 19:37:00+00:00,4297.2998046875,4302.2001953125,4297.2001953125,4301.89990234375,122.0
2026-09-16 19:38:00+00:00,4302.2998046875,4302.7998046875,4296.2998046875,4297.39990234375,135.0
2026-09-16 19:39:00+00:00,4296.89990234375,4304.60009765625,4296.5,4302.7998046875,213.0
2026-09-16 19:40:00+00:00,4302.5,4304.10009765625,4300.39990234375,4303.89990234375,209.0
2026-09-16 19:41:00+00:00,4304.0,4310.2001953125,4303.2998046875,4305.7998046875,519.0
2026-09-16 19:42:00+00:00,4305.2998046875,4307.2001953125,4302.7998046875,4304.5,216.0
2026-09-16 19:43:00+00:00,4305.2001953125,4307.2998046875,4304.0,4306.7001953125,133.0
2026-09-16 19:44:00+00:00,4306.60009765625,4308.60009765625,4303.7001953125,4304.10009765625,194.0
2026-09-16 19:45:00+00:00,4303.5,4309.39990234375,4303.5,4308.7001953125,209.0
2026-09-16 19:46:00+00:00,4308.7001953125,4310.10009765625,4305.39990234375,4306.7998046875,247.0
2026-09-16 19:47:00+00:00,4306.5,4308.39990234375,4304.2001953125,4305.2001953125,138.0
2026-09-16 19:48:00+00:00,4305.7001953125,4308.10009765625,4304.39990234375,4305.89990234375,222.0
2026-09-16 19:49:00+00:00,4306.5,4310.89990234375,4306.5,4308.5,288.0
2026-09-16 19:50:00+00:00,4308.89990234375,4315.10009765625,4308.89990234375,4314.5,505.0
2026-09-16 19:51:00+00:00,4314.60009765625,4315.5,4310.5,4310.5,206.0
2026-09-16 19:52:00+00:00,4310.0,4312.89990234375,4308.2001953125,4312.10009765625,381.0
2026-09-16 19:53:00+00:00,4312.0,4312.5,4307.10009765625,4307.7998046875,364.0
2026-09-16 19:54:00+00:00,4307.7998046875,4312.5,4306.7001953125,4312.2998046875,175.0
2026-09-16 19:55:00+00:00,4312.39990234375,4313.2001953125,4309.60009765625,4311.39990234375,194.0
2026-09-16 19:56:00+00:00,4311.89990234375,4312.0,4308.89990234375,4310.0,95.0
2026-09-16 19:57:00+00:00,4310.2001953125,4311.89990234375,4307.7001953125,4309.2001953125,252.0
2026-09-16 19:58:00+00:00,4309.2998046875,4310.60009765625,4308.10009765625,4310.5,147.0
2026-09-16 19:59:00+00:00,4310.5,4312.39990234375,4310.2001953125,4311.39990234375,281.0
2026-09-16 20:00:00+00:00,4311.2001953125,4311.89990234375,4308.7001953125,4308.7998046875,237.0
2026-09-16 20:01:00+00:00,4309.2001953125,4310.10009765625,4306.7001953125,4308.0,172.0
2026-09-16 20:02:00+00:00,4308.2001953125,4311.89990234375,4308.2001953125,4310.89990234375,67.0
2026-09-16 20:03:00+00:00,4311.60009765625,4312.89990234375,4309.7998046875,4311.5,282.0
2026-09-16 20:04:00+00:00,4311.7001953125,4311.7001953125,4309.2998046875,4309.7998046875,23.0
2026-09-16 20:05:00+00:00,4309.5,4311.2998046875,4309.2001953125,4309.2001953125,64.0
2026-09-16 20:06:00+00:00,4309.10009765625,4309.89990234375,4308.10009765625,4309.7998046875,73.0
2026-09-16 20:07:00+00:00,4309.39990234375,4310.0,4308.60009765625,4309.0,29.0
2026-09-16 20:08:00+00:00,4309.2001953125,4309.39990234375,4305.7001953125,4305.7001953125,74.0
2026-09-16 20:09:00+00:00,4306.10009765625,4307.2998046875,4305.10009765625,4306.7001953125,181.0
2026-09-16 20:10:00+00:00,4306.89990234375,4307.10009765625,4304.2998046875,4305.39990234375,118.0
2026-09-16 20:11:00+00:00,4304.89990234375,4304.89990234375,4303.60009765625,4304.0,69.0
2026-09-16 20:12:00+00:00,4304.2001953125,4305.0,4302.89990234375,4305.0,209.0
2026-09-16 20:13:00+00:00,4305.0,4305.7001953125,4303.7001953125,4304.7998046875,51.0
2026-09-16 20:14:00+00:00,4304.7998046875,4305.7998046875,4304.10009765625,4304.2998046875,22.0
2026-09-16 20:15:00+00:00,4304.5,4304.7998046875,4303.2998046875,4304.2001953125,21.0
2026-09-16 20:16:00+00:00,4304.39990234375,4304.7998046875,4303.0,4304.2998046875,34.0
2026-09-16 20:17:00+00:00,4304.5,4306.2998046875,4304.5,4306.2998046875,34.0
2026-09-16 20:18:00+00:00,4306.0,4307.60009765625,4305.7998046875,4307.60009765625,54.0
2026-09-16 20:19:00+00:00,4307.0,4307.0,4304.60009765625,4305.7998046875,27.0
2026-09-16 20:20:00+00:00,4305.7998046875,4305.7998046875,4303.2998046875,4304.5,43.0
2026-09-16 20:21:00+00:00,4304.7998046875,4305.10009765625,4302.5,4304.2998046875,44.0
2026-09-16 20:22:00+00:00,4304.7001953125,4304.7001953125,4302.89990234375,4303.10009765625,33.0
2026-09-16 20:23:00+00:00,4303.10009765625,4303.10009765625,4301.2001953125,4301.2001953125,55.0
2026-09-16 20:24:00+00:00,4301.2998046875,4302.10009765625,4300.10009765625,4300.2998046875,86.0
2026-09-16 20:25:00+00:00,4300.2998046875,4300.7998046875,4298.0,4298.7001953125,151.0
2026-09-16 20:26:00+00:00,4298.7998046875,4298.89990234375,4297.60009765625,4298.5,132.0
2026-09-16 20:27:00+00:00,4298.10009765625,4299.2998046875,4297.7001953125,4298.0,58.0
2026-09-16 20:28:00+00:00,4297.60009765625,4298.39990234375,4297.10009765625,4297.2998046875,54.0
2026-09-16 20:29:00+00:00,4297.39990234375,4299.7998046875,4296.89990234375,4299.7998046875,68.0
2026-09-16 20:30:00+00:00,4299.7001953125,4299.7998046875,4298.2001953125,4298.2998046875,33.0
2026-09-16 20:31:00+00:00,4298.60009765625,4301.5,4298.39990234375,4301.10009765625,67.0
2026-09-16 20:32:00+00:00,4300.89990234375,4300.89990234375,4298.89990234375,4299.0,27.0
2026-09-16 20:33:00+00:00,4298.7998046875,4298.89990234375,4297.60009765625,4298.2998046875,22.0
2026-09-16 20:34:00+00:00,4299.10009765625,4301.60009765625,4299.10009765625,4301.0,32.0
2026-09-16 20:35:00+00:00,4300.7998046875,4301.7001953125,4299.7998046875,4299.7998046875,43.0
2026-09-16 20:36:00+00:00,4299.5,4300.10009765625,4298.7998046875,4299.60009765625,35.0
2026-09-16 20:37:00+00:00,4300.0,4303.7998046875,4300.0,4303.7998046875,127.0
2026-09-16 20:38:00+00:00,4304.0,4304.0,4302.2998046875,4303.2001953125,47.0
2026-09-16 20:39:00+00:00,4302.89990234375,4304.10009765625,4302.5,4304.10009765625,65.0
2026-09-16 20:40:00+00:00,4303.7998046875,4303.7998046875,4303.2998046875,4303.5,42.0
2026-09-16 20:41:00+00:00,4303.60009765625,4304.7001953125,4303.0,4303.0,36.0
2026-09-16 20:42:00+00:00,4302.89990234375,4302.89990234375,4300.89990234375,4302.0,48.0
2026-09-16 20:43:00+00:00,4302.0,4302.7001953125,4301.0,4301.0,31.0
2026-09-16 20:44:00+00:00,4301.60009765625,4301.7998046875,4301.2001953125,4301.60009765625,13.0
2026-09-16 20:45:00+00:00,4301.7998046875,4303.10009765625,4301.7001953125,4302.89990234375,23.0
2026-09-16 20:46:00+00:00,4302.60009765625,4303.2001953125,4302.2998046875,4302.7998046875,12.0
2026-09-16 20:47:00+00:00,4303.39990234375,4304.2998046875,4303.39990234375,4303.60009765625,44.0
2026-09-16 20:48:00+00:00,4303.5,4303.7001953125,4303.0,4303.39990234375,77.0
2026-09-16 20:49:00+00:00,4304.2998046875,4305.5,4304.2998046875,4304.7001953125,45.0
2026-09-16 20:50:00+00:00,4304.7001953125,4304.89990234375,4302.10009765625,4302.10009765625,51.0
2026-09-16 20:51:00+00:00,4302.2998046875,4302.89990234375,4301.89990234375,4301.89990234375,24.0
2026-09-16 20:52:00+00:00,4301.7001953125,4302.10009765625,4301.5,4301.5,9.0
2026-09-16 20:53:00+00:00,4301.5,4302.10009765625,4300.39990234375,4300.39990234375,32.0
2026-09-16 20:54:00+00:00,4300.5,4301.7001953125,4299.89990234375,4301.60009765625,45.0
2026-09-16 20:55:00+00:00,4301.5,4302.39990234375,4301.39990234375,4301.39990234375,16.0
2026-09-16 20:56:00+00:00,4301.89990234375,4302.0,4301.2998046875,4301.2998046875,8.0
2026-09-16 20:57:00+00:00,4302.0,4302.89990234375,4301.89990234375,4302.89990234375,22.0
2026-09-16 20:58:00+00:00,4302.7001953125,4303.10009765625,4302.2001953125,4302.7998046875,24.0
2026-09-16 20:59:00+00:00,4303.0,4303.39990234375,4302.2001953125,4302.5,56.0
2026-09-16 22:00:00+00:00,4301.39990234375,4302.7001953125,4297.89990234375,4300.7998046875,0.0
2026-09-16 22:01:00+00:00,4300.10009765625,4300.10009765625,4296.60009765625,4297.89990234375,39.0
2026-09-16 22:02:00+00:00,4297.39990234375,4299.7001953125,4297.39990234375,4299.0,34.0
2026-09-16 22:03:00+00:00,4299.39990234375,4299.7001953125,4297.7998046875,4298.39990234375,41.0
2026-09-16 22:04:00+00:00,4298.0,4298.0,4296.89990234375,4297.5,28.0
2026-09-16 22:05:00+00:00,4297.7001953125,4299.2001953125,4296.2998046875,4299.2001953125,120.0
2026-09-16 22:06:00+00:00,4299.10009765625,4299.7998046875,4298.39990234375,4299.0,43.0
2026-09-16 22:07:00+00:00,4299.0,4299.0,4298.10009765625,4298.60009765625,29.0
2026-09-16 22:08:00+00:00,4298.7001953125,4298.7998046875,4297.2998046875,4298.2001953125,32.0
2026-09-16 22:09:00+00:00,4298.10009765625,4298.7998046875,4297.7001953125,4298.2998046875,47.0
2026-09-16 22:10:00+00:00,4298.10009765625,4299.0,4296.60009765625,4296.7001953125,119.0
2026-09-16 22:11:00+00:00,4296.60009765625,4297.60009765625,4296.5,4297.2998046875,11.0
2026-09-16 22:12:00+00:00,4297.7001953125,4298.89990234375,4297.7001953125,4298.2001953125,13.0
2026-09-16 22:13:00+00:00,4298.39990234375,4298.89990234375,4298.2998046875,4298.39990234375,20.0
2026-09-16 22:14:00+00:00,4298.39990234375,4298.7998046875,4296.0,4296.10009765625,92.0
2026-09-16 22:15:00+00:00,4296.2998046875,4296.2998046875,4295.10009765625,4295.5,84.0
2026-09-16 22:16:00+00:00,4295.5,4295.5,4294.5,4295.0,62.0
2026-09-16 22:17:00+00:00,4295.0,4295.39990234375,4294.89990234375,4295.0,26.0
2026-09-16 22:18:00+00:00,4295.0,4295.0,4294.60009765625,4294.7998046875,36.0
2026-09-16 22:19:00+00:00,4295.0,4296.7998046875,4294.89990234375,4296.7001953125,64.0
2026-09-16 22:20:00+00:00,4296.39990234375,4298.0,4296.39990234375,4298.0,65.0
2026-09-16 22:21:00+00:00,4298.39990234375,4298.7001953125,4297.7001953125,4298.7001953125,26.0
2026-09-16 22:22:00+00:00,4298.5,4299.2001953125,4297.7001953125,4298.10009765625,40.0
2026-09-16 22:23:00+00:00,4298.2001953125,4298.89990234375,4296.7998046875,4297.39990234375,28.0
2026-09-16 22:24:00+00:00,4297.7001953125,4298.2998046875,4297.7001953125,4298.2998046875,12.0
2026-09-16 22:25:00+00:00,4298.10009765625,4299.2998046875,4298.10009765625,4298.7001953125,31.0
2026-09-16 22:26:00+00:00,4299.0,4300.2998046875,4299.0,4300.2998046875,21.0
2026-09-16 22:27:00+00:00,4300.39990234375,4300.60009765625,4299.39990234375,4299.39990234375,112.0
2026-09-16 22:28:00+00:00,4299.5,4299.7998046875,4299.10009765625,4299.5,33.0
2026-09-16 22:29:00+00:00,4299.39990234375,4299.5,4298.5,4299.10009765625,63.0
2026-09-16 22:30:00+00:00,4299.2998046875,4301.7998046875,4299.0,4301.7998046875,84.0
2026-09-16 22:31:00+00:00,4301.7001953125,4301.89990234375,4300.5,4300.7001953125,79.0
2026-09-16 22:32:00+00:00,4301.10009765625,4303.89990234375,4300.5,4303.89990234375,64.0
2026-09-16 22:33:00+00:00,4303.7998046875,4306.39990234375,4303.7001953125,4305.7001953125,255.0
2026-09-16 22:34:00+00:00,4305.7001953125,4307.39990234375,4305.5,4306.89990234375,133.0
2026-09-16 22:35:00+00:00,4306.89990234375,4309.7998046875,4306.2001953125,4309.2998046875,377.0
2026-09-16 22:36:00+00:00,4309.10009765625,4311.2998046875,4308.7001953125,4309.5,349.0
2026-09-16 22:37:00+00:00,4309.2001953125,4313.2001953125,4308.60009765625,4312.39990234375,261.0
2026-09-16 22:38:00+00:00,4312.60009765625,4314.0,4311.0,4313.2998046875,106.0
2026-09-16 22:39:00+00:00,4313.60009765625,4313.60009765625,4311.89990234375,4312.60009765625,59.0
2026-09-16 22:40:00+00:00,4312.7001953125,4312.7998046875,4312.2998046875,4312.39990234375,9.0
2026-09-16 22:41:00+00:00,4312.0,4312.10009765625,4311.10009765625,4311.5,24.0
2026-09-16 22:42:00+00:00,4311.5,4311.7001953125,4310.89990234375,4311.0,37.0
2026-09-16 22:43:00+00:00,4311.0,4311.10009765625,4310.39990234375,4310.7998046875,22.0
2026-09-16 22:44:00+00:00,4310.7001953125,4311.0,4310.60009765625,4310.7001953125,9.0
2026-09-16 22:45:00+00:00,4311.2001953125,4311.7001953125,4311.0,4311.0,18.0
2026-09-16 22:46:00+00:00,4310.89990234375,4311.39990234375,4310.7001953125,4311.10009765625,17.0
2026-09-16 22:47:00+00:00,4311.10009765625,4311.10009765625,4309.89990234375,4309.89990234375,28.0
2026-09-16 22:48:00+00:00,4310.2001953125,4310.2998046875,4308.39990234375,4308.7998046875,52.0
2026-09-16 22:49:00+00:00,4309.0,4309.2001953125,4307.7998046875,4308.0,34.0
2026-09-16 22:50:00+00:00,4307.7998046875,4307.7998046875,4307.0,4307.2998046875,27.0
2026-09-16 22:51:00+00:00,4307.39990234375,4307.7001953125,4305.7001953125,4306.0,87.0
2026-09-16 22:52:00+00:00,4305.7998046875,4305.7998046875,4303.39990234375,4303.60009765625,177.0
2026-09-16 22:53:00+00:00,4303.7998046875,4304.5,4303.2001953125,4304.10009765625,54.0
2026-09-16 22:54:00+00:00,4304.2001953125,4306.39990234375,4304.0,4305.2998046875,109.0
2026-09-16 22:55:00+00:00,4305.39990234375,4305.39990234375,4304.89990234375,4305.2001953125,22.0
2026-09-16 22:56:00+00:00,4305.0,4305.0,4304.0,4304.60009765625,26.0
2026-09-16 22:57:00+00:00,4304.39990234375,4305.7998046875,4304.2998046875,4305.39990234375,78.0
2026-09-16 22:58:00+00:00,4305.39990234375,4309.7001953125,4305.39990234375,4307.7998046875,290.0
2026-09-16 22:59:00+00:00,4307.2998046875,4307.60009765625,4304.60009765625,4304.7001953125,82.0
2026-09-16 23:00:00+00:00,4304.0,4304.2001953125,4302.7001953125,4303.5,58.0
2026-09-16 23:01:00+00:00,4303.39990234375,4306.10009765625,4302.39990234375,4305.39990234375,158.0
2026-09-16 23:02:00+00:00,4305.0,4305.0,4301.5,4301.60009765625,197.0
2026-09-16 23:03:00+00:00,4301.39990234375,4302.2001953125,4300.2001953125,4300.7998046875,157.0
2026-09-16 23:04:00+00:00,4301.5,4303.60009765625,4300.7001953125,4303.2998046875,262.0
2026-09-16 23:05:00+00:00,4303.5,4303.7001953125,4301.60009765625,4301.7001953125,132.0
2026-09-16 23:06:00+00:00,4301.5,4302.7001953125,4301.0,4301.7001953125,127.0
2026-09-16 23:07:00+00:00,4301.39990234375,4301.39990234375,4296.7998046875,4297.89990234375,179.0
2026-09-16 23:08:00+00:00,4297.89990234375,4302.7001953125,4297.7998046875,4302.10009765625,170.0
2026-09-16 23:09:00+00:00,4302.10009765625,4302.89990234375,4301.39990234375,4302.5,158.0
2026-09-16 23:10:00+00:00,4302.5,4303.5,4301.89990234375,4302.60009765625,49.0
2026-09-16 23:11:00+00:00,4302.7001953125,4305.0,4302.60009765625,4303.60009765625,53.0
2026-09-16 23:12:00+00:00,4304.2001953125,4304.5,4299.0,4299.39990234375,217.0
2026-09-16 23:13:00+00:00,4299.2998046875,4301.0,4299.2998046875,4300.2998046875,126.0
2026-09-16 23:14:00+00:00,4300.5,4300.7998046875,4299.89990234375,4300.39990234375,62.0
2026-09-16 23:15:00+00:00,4300.7998046875,4300.7998046875,4300.0,4300.10009765625,13.0
2026-09-16 23:16:00+00:00,4300.5,4301.7001953125,4300.0,4301.7001953125,72.0
2026-09-16 23:17:00+00:00,4301.7998046875,4304.60009765625,4301.7998046875,4304.60009765625,77.0
2026-09-16 23:18:00+00:00,4304.2001953125,4308.60009765625,4304.10009765625,4306.39990234375,172.0
2026-09-16 23:19:00+00:00,4306.39990234375,4307.7998046875,4306.2998046875,4306.2998046875,68.0
2026-09-16 23:20:00+00:00,4307.10009765625,4307.89990234375,4307.10009765625,4307.7001953125,28.0
2026-09-16 23:21:00+00:00,4307.60009765625,4310.2998046875,4307.2998046875,4309.10009765625,102.0
2026-09-16 23:22:00+00:00,4309.10009765625,4310.89990234375,4309.0,4310.5,53.0
2026-09-16 23:23:00+00:00,4310.39990234375,4311.10009765625,4309.60009765625,4310.39990234375,68.0
2026-09-16 23:24:00+00:00,4309.7998046875,4310.10009765625,4308.5,4308.5,65.0
2026-09-16 23:25:00+00:00,4309.2998046875,4310.10009765625,4307.60009765625,4308.0,42.0
2026-09-16 23:26:00+00:00,4308.0,4308.2001953125,4307.5,4308.2001953125,10.0
2026-09-16 23:27:00+00:00,4308.5,4308.89990234375,4308.2001953125,4308.39990234375,50.0
2026-09-16 23:28:00+00:00,4308.60009765625,4310.0,4308.60009765625,4310.0,66.0
2026-09-16 23:29:00+00:00,4310.0,4310.0,4309.0,4309.7998046875,38.0
2026-09-16 23:30:00+00:00,4309.89990234375,4311.10009765625,4309.2998046875,4310.10009765625,56.0
2026-09-16 23:31:00+00:00,4309.7001953125,4310.7998046875,4309.2998046875,4310.7998046875,18.0
2026-09-16 23:32:00+00:00,4310.5,4310.60009765625,4309.10009765625,4310.2998046875,43.0
2026-09-16 23:33:00+00:00,4310.39990234375,4311.2998046875,4310.10009765625,4310.2001953125,29.0
2026-09-16 23:34:00+00:00,4310.2998046875,4310.2998046875,4309.2998046875,4309.2998046875,37.0
2026-09-16 23:35:00+00:00,4308.7001953125,4309.10009765625,4308.5,4309.10009765625,5.0
2026-09-16 23:36:00+00:00,4308.7001953125,4308.7001953125,4307.0,4307.0,25.0
2026-09-16 23:37:00+00:00,4306.89990234375,4307.7001953125,4306.39990234375,4307.2998046875,58.0
2026-09-16 23:38:00+00:00,4307.39990234375,4308.7001953125,4307.39990234375,4308.2998046875,39.0
2026-09-16 23:39:00+00:00,4308.5,4309.5,4308.5,4309.10009765625,41.0
2026-09-16 23:40:00+00:00,4308.7001953125,4313.0,4307.0,4309.2998046875,502.0
2026-09-16 23:41:00+00:00,4309.2001953125,4309.2001953125,4307.60009765625,4308.60009765625,40.0
2026-09-16 23:42:00+00:00,4308.7998046875,4309.7001953125,4308.5,4309.39990234375,21.0
2026-09-16 23:43:00+00:00,4309.89990234375,4311.7001953125,4309.7998046875,4311.2001953125,96.0
2026-09-16 23:44:00+00:00,4310.89990234375,4312.39990234375,4310.60009765625,4311.5,45.0
2026-09-16 23:45:00+00:00,4311.7001953125,4311.7998046875,4309.39990234375,4310.39990234375,43.0
2026-09-16 23:46:00+00:00,4310.5,4312.60009765625,4310.39990234375,4311.89990234375,64.0
2026-09-16 23:47:00+00:00,4312.39990234375,4312.89990234375,4311.2998046875,4311.7998046875,81.0
2026-09-16 23:48:00+00:00,4311.7998046875,4312.7001953125,4310.2001953125,4312.5,48.0
2026-09-16 23:49:00+00:00,4312.7001953125,4313.60009765625,4311.10009765625,4311.60009765625,183.0
2026-09-16 23:50:00+00:00,4311.7001953125,4313.7001953125,4310.7001953125,4311.10009765625,105.0
2026-09-16 23:51:00+00:00,4311.10009765625,4312.2001953125,4310.5,4311.2001953125,46.0
2026-09-16 23:52:00+00:00,4311.39990234375,4312.7998046875,4310.7998046875,4311.39990234375,96.0
2026-09-16 23:53:00+00:00,4311.39990234375,4311.5,4310.5,4310.60009765625,35.0
2026-09-16 23:54:00+00:00,4310.7001953125,4311.2001953125,4309.2998046875,4310.10009765625,61.0
2026-09-16 23:55:00+00:00,4310.10009765625,4311.2998046875,4309.60009765625,4310.89990234375,25.0
2026-09-16 23:56:00+00:00,4311.10009765625,4311.60009765625,4309.89990234375,4310.60009765625,48.0
2026-09-16 23:57:00+00:00,4310.7001953125,4311.10009765625,4310.2998046875,4310.7998046875,34.0
2026-09-16 23:58:00+00:00,4311.0,4311.39990234375,4309.7998046875,4310.7001953125,50.0
2026-09-16 23:59:00+00:00,4309.7998046875,4310.0,4309.5,4309.7001953125,19.0
2026-09-17 00:00:00+00:00,4309.7998046875,4310.39990234375,4307.39990234375,4307.89990234375,150.0
2026-09-17 00:01:00+00:00,4308.0,4308.10009765625,4304.39990234375,4304.7001953125,127.0
2026-09-17 00:02:00+00:00,4304.7001953125,4307.10009765625,4304.39990234375,4307.0,121.0
2026-09-17 00:03:00+00:00,4307.60009765625,4308.39990234375,4306.60009765625,4308.39990234375,73.0
2026-09-17 00:04:00+00:00,4308.10009765625,4308.10009765625,4306.89990234375,4307.39990234375,28.0
2026-09-17 00:05:00+00:00,4307.89990234375,4311.0,4307.60009765625,4310.10009765625,99.0
2026-09-17 00:06:00+00:00,4310.0,4312.2001953125,4309.2998046875,4310.0,90.0
2026-09-17 00:07:00+00:00,4309.7001953125,4312.10009765625,4309.7001953125,4311.60009765625,64.0
2026-09-17 00:08:00+00:00,4311.2001953125,4312.60009765625,4309.2998046875,4312.60009765625,68.0
2026-09-17 00:09:00+00:00,4311.89990234375,4315.7998046875,4311.39990234375,4315.7998046875,236.0
2026-09-17 00:10:00+00:00,4316.0,4317.89990234375,4316.0,4317.60009765625,192.0
2026-09-17 00:11:00+00:00,4317.7998046875,4323.2001953125,4317.7998046875,4323.10009765625,337.0
2026-09-17 00:12:00+00:00,4323.2001953125,4324.2998046875,4323.0,4323.0,161.0
2026-09-17 00:13:00+00:00,4323.0,4323.39990234375,4319.39990234375,4321.2998046875,181.0
2026-09-17 00:14:00+00:00,4321.5,4324.7998046875,4321.39990234375,4322.7998046875,169.0
2026-09-17 00:15:00+00:00,4322.60009765625,4324.0,4321.0,4323.60009765625,168.0
2026-09-17 00:16:00+00:00,4324.0,4324.5,4321.2998046875,4322.2001953125,86.0
2026-09-17 00:17:00+00:00,4322.2998046875,4323.7001953125,4321.7001953125,4322.2998046875,69.0
2026-09-17 00:18:00+00:00,4322.10009765625,4322.10009765625,4320.60009765625,4320.60009765625,43.0
2026-09-17 00:19:00+00:00,4321.0,4322.7998046875,4319.5,4322.7998046875,122.0
2026-09-17 00:20:00+00:00,4322.5,4326.0,4322.39990234375,4326.0,135.0
2026-09-17 00:21:00+00:00,4326.2998046875,4327.5,4323.89990234375,4327.10009765625,227.0
2026-09-17 00:22:00+00:00,4327.0,4327.7001953125,4324.2998046875,4324.39990234375,149.0
2026-09-17 00:23:00+00:00,4324.2998046875,4325.60009765625,4323.0,4325.10009765625,172.0
2026-09-17 00:24:00+00:00,4324.2001953125,4326.39990234375,4324.0,4324.2998046875,116.0
2026-09-17 00:25:00+00:00,4324.5,4324.7998046875,4322.2001953125,4323.10009765625,65.0
2026-09-17 00:26:00+00:00,4323.2001953125,4323.60009765625,4322.10009765625,4322.7001953125,62.0
2026-09-17 00:27:00+00:00,4322.5,4325.0,4322.5,4324.2001953125,136.0
2026-09-17 00:28:00+00:00,4324.2998046875,4325.0,4322.0,4322.0,102.0
2026-09-17 00:29:00+00:00,4321.7001953125,4323.60009765625,4321.5,4322.7998046875,115.0
2026-09-17 00:30:00+00:00,4322.5,4324.7998046875,4321.89990234375,4322.60009765625,115.0
2026-09-17 00:31:00+00:00,4322.5,4324.7998046875,4320.39990234375,4324.5,77.0
2026-09-17 00:32:00+00:00,4324.5,4325.5,4323.60009765625,4324.2001953125,42.0
2026-09-17 00:33:00+00:00,4324.0,4327.10009765625,4323.2998046875,4327.0,53.0
2026-09-17 00:34:00+00:00,4326.89990234375,4327.10009765625,4322.89990234375,4322.89990234375,54.0
2026-09-17 00:35:00+00:00,4323.2998046875,4325.7001953125,4323.2998046875,4325.2001953125,37.0
2026-09-17 00:36:00+00:00,4325.2001953125,4326.0,4321.89990234375,4322.60009765625,106.0
2026-09-17 00:37:00+00:00,4322.2001953125,4323.5,4322.2001953125,4323.5,41.0
2026-09-17 00:38:00+00:00,4323.7998046875,4327.2001953125,4323.7998046875,4326.10009765625,97.0
2026-09-17 00:39:00+00:00,4326.39990234375,4327.0,4325.7998046875,4325.89990234375,13.0
2026-09-17 00:40:00+00:00,4326.10009765625,4329.2001953125,4325.60009765625,4327.60009765625,172.0
2026-09-17 00:41:00+00:00,4327.2998046875,4329.7998046875,4327.2998046875,4329.39990234375,94.0
2026-09-17 00:42:00+00:00,4329.39990234375,4330.39990234375,4329.10009765625,4329.2001953125,162.0
2026-09-17 00:43:00+00:00,4329.10009765625,4329.10009765625,4327.7998046875,4329.10009765625,75.0
2026-09-17 00:44:00+00:00,4328.89990234375,4328.89990234375,4326.7001953125,4327.0,69.0
2026-09-17 00:45:00+00:00,4327.0,4327.39990234375,4326.2001953125,4327.0,64.0
2026-09-17 00:46:00+00:00,4326.2998046875,4326.2998046875,4323.5,4324.60009765625,75.0
2026-09-17 00:47:00+00:00,4324.89990234375,4325.10009765625,4323.0,4323.7998046875,28.0
2026-09-17 00:48:00+00:00,4324.0,4324.7998046875,4323.2998046875,4323.2998046875,18.0
2026-09-17 00:49:00+00:00,4322.7001953125,4323.39990234375,4322.5,4322.7998046875,22.0
2026-09-17 00:50:00+00:00,4323.0,4323.89990234375,4321.10009765625,4321.60009765625,85.0
2026-09-17 00:51:00+00:00,4321.5,4321.7998046875,4318.7998046875,4319.39990234375,95.0
2026-09-17 00:52:00+00:00,4319.10009765625,4319.89990234375,4317.10009765625,4318.89990234375,154.0
2026-09-17 00:53:00+00:00,4317.89990234375,4318.2001953125,4317.10009765625,4317.60009765625,48.0
2026-09-17 00:54:00+00:00,4317.5,4318.2998046875,4317.0,4318.0,84.0
2026-09-17 00:55:00+00:00,4318.5,4318.5,4317.0,4317.2001953125,31.0
2026-09-17 00:56:00+00:00,4317.10009765625,4318.7001953125,4316.60009765625,4317.60009765625,45.0
2026-09-17 00:57:00+00:00,4317.5,4318.60009765625,4316.2001953125,4316.2998046875,199.0
2026-09-17 00:58:00+00:00,4316.2001953125,4317.10009765625,4315.2001953125,4315.5,115.0
2026-09-17 00:59:00+00:00,4315.60009765625,4320.5,4315.60009765625,4318.5,542.0
2026-09-17 01:00:00+00:00,4318.39990234375,4331.0,4318.39990234375,4330.2001953125,1108.0
2026-09-17 01:01:00+00:00,4330.2001953125,4333.39990234375,4328.39990234375,4333.2001953125,476.0
2026-09-17 01:02:00+00:00,4333.10009765625,4333.89990234375,4331.60009765625,4332.2001953125,334.0
2026-09-17 01:03:00+00:00,4332.60009765625,4334.10009765625,4330.39990234375,4334.10009765625,316.0
2026-09-17 01:04:00+00:00,4334.0,4336.7998046875,4333.7001953125,4335.39990234375,432.0
2026-09-17 01:05:00+00:00,4335.2001953125,4338.2998046875,4334.89990234375,4338.2001953125,327.0
2026-09-17 01:06:00+00:00,4338.10009765625,4344.60009765625,4337.89990234375,4344.2998046875,409.0
2026-09-17 01:07:00+00:00,4344.60009765625,4348.39990234375,4344.10009765625,4346.7001953125,282.0
2026-09-17 01:08:00+00:00,4346.7998046875,4348.7001953125,4342.60009765625,4342.89990234375,351.0
2026-09-17 01:09:00+00:00,4342.7998046875,4344.10009765625,4341.60009765625,4341.60009765625,231.0
2026-09-17 01:10:00+00:00,4341.2998046875,4341.39990234375,4338.5,4338.7001953125,294.0
2026-09-17 01:11:00+00:00,4338.60009765625,4340.2998046875,4337.2998046875,4338.0,160.0
2026-09-17 01:12:00+00:00,4337.89990234375,4338.2001953125,4333.2998046875,4333.89990234375,246.0
2026-09-17 01:13:00+00:00,4334.10009765625,4336.89990234375,4332.89990234375,4335.7001953125,175.0
2026-09-17 01:14:00+00:00,4335.39990234375,4337.10009765625,4334.2001953125,4337.10009765625,121.0
2026-09-17 01:15:00+00:00,4336.7001953125,4339.5,4336.2998046875,4337.2998046875,176.0
2026-09-17 01:16:00+00:00,4337.2998046875,4339.2001953125,4336.7998046875,4339.2001953125,78.0
2026-09-17 01:17:00+00:00,4338.89990234375,4342.10009765625,4338.89990234375,4341.0,98.0
2026-09-17 01:18:00+00:00,4341.39990234375,4344.0,4341.2001953125,4344.0,138.0
2026-09-17 01:19:00+00:00,4344.0,4345.0,4340.7001953125,4340.7998046875,108.0
2026-09-17 01:20:00+00:00,4340.5,4342.0,4339.60009765625,4341.7001953125,84.0
2026-09-17 01:21:00+00:00,4341.2998046875,4344.60009765625,4340.89990234375,4344.2998046875,87.0
2026-09-17 01:22:00+00:00,4344.0,4347.0,4343.7998046875,4346.5,172.0
2026-09-17 01:23:00+00:00,4346.39990234375,4346.39990234375,4344.10009765625,4344.39990234375,83.0
2026-09-17 01:24:00+00:00,4344.60009765625,4348.7001953125,4344.60009765625,4348.0,98.0
2026-09-17 01:25:00+00:00,4348.2998046875,4350.89990234375,4348.0,4350.0,268.0
2026-09-17 01:26:00+00:00,4350.10009765625,4350.2998046875,4347.2998046875,4347.7001953125,207.0
2026-09-17 01:27:00+00:00,4347.60009765625,4348.10009765625,4346.39990234375,4346.7001953125,115.0
2026-09-17 01:28:00+00:00,4346.5,4347.7998046875,4346.10009765625,4347.60009765625,108.0
2026-09-17 01:29:00+00:00,4347.39990234375,4349.0,4346.60009765625,4348.10009765625,128.0
2026-09-17 01:30:00+00:00,4347.39990234375,4348.2001953125,4346.60009765625,4347.5,62.0
2026-09-17 01:31:00+00:00,4347.2998046875,4351.7001953125,4347.2998046875,4351.5,114.0
2026-09-17 01:32:00+00:00,4351.2998046875,4353.5,4350.5,4352.0,204.0
2026-09-17 01:33:00+00:00,4352.10009765625,4353.0,4350.2001953125,4350.60009765625,123.0
2026-09-17 01:34:00+00:00,4350.7001953125,4352.0,4350.7001953125,4352.0,110.0
2026-09-17 01:35:00+00:00,4352.0,4354.7001953125,4351.60009765625,4353.60009765625,337.0
2026-09-17 01:36:00+00:00,4354.0,4356.2001953125,4353.89990234375,4354.2001953125,241.0
2026-09-17 01:37:00+00:00,4354.2998046875,4355.7001953125,4352.2001953125,4354.10009765625,187.0
2026-09-17 01:38:00+00:00,4353.7998046875,4354.10009765625,4352.10009765625,4353.0,110.0
2026-09-17 01:39:00+00:00,4352.7998046875,4352.7998046875,4348.7998046875,4349.89990234375,120.0
2026-09-17 01:40:00+00:00,4350.0,4350.89990234375,4349.39990234375,4350.0,142.0
2026-09-17 01:41:00+00:00,4350.10009765625,4350.89990234375,4346.89990234375,4347.5,159.0
2026-09-17 01:42:00+00:00,4347.2998046875,4348.7001953125,4346.89990234375,4347.7998046875,156.0
2026-09-17 01:43:00+00:00,4347.7998046875,4349.7998046875,4347.5,4348.60009765625,163.0
2026-09-17 01:44:00+00:00,4348.7998046875,4349.2001953125,4346.89990234375,4347.10009765625,122.0
2026-09-17 01:45:00+00:00,4347.0,4347.89990234375,4345.39990234375,4346.0,151.0
2026-09-17 01:46:00+00:00,4345.89990234375,4346.7998046875,4344.5,4346.7998046875,213.0
2026-09-17 01:47:00+00:00,4346.7998046875,4347.60009765625,4345.39990234375,4345.89990234375,147.0
2026-09-17 01:48:00+00:00,4345.5,4348.7998046875,4345.39990234375,4348.60009765625,158.0
2026-09-17 01:49:00+00:00,4348.7998046875,4349.7998046875,4348.60009765625,4349.0,40.0
2026-09-17 01:50:00+00:00,4348.5,4349.2001953125,4347.2001953125,4347.7998046875,86.0
2026-09-17 01:51:00+00:00,4347.5,4348.0,4343.89990234375,4344.89990234375,79.0
2026-09-17 01:52:00+00:00,4345.2001953125,4346.10009765625,4344.5,4344.5,52.0
2026-09-17 01:53:00+00:00,4344.2998046875,4344.7001953125,4343.60009765625,4344.60009765625,46.0
2026-09-17 01:54:00+00:00,4344.39990234375,4344.39990234375,4342.89990234375,4343.2998046875,59.0
2026-09-17 01:55:00+00:00,4343.2001953125,4343.7998046875,4340.39990234375,4340.5,140.0
2026-09-17 01:56:00+00:00,4340.60009765625,4341.0,4338.5,4338.89990234375,195.0
2026-09-17 01:57:00+00:00,4338.5,4340.0,4338.0,4338.2998046875,117.0
2026-09-17 01:58:00+00:00,4338.39990234375,4338.39990234375,4337.0,4337.2998046875,82.0
2026-09-17 01:59:00+00:00,4337.39990234375,4338.10009765625,4335.7998046875,4337.89990234375,101.0
2026-09-17 02:00:00+00:00,4338.2001953125,4338.7001953125,4336.60009765625,4337.5,88.0
2026-09-17 02:01:00+00:00,4337.2998046875,4338.89990234375,4336.2001953125,4337.60009765625,118.0
2026-09-17 02:02:00+00:00,4337.5,4337.5,4335.5,4337.0,104.0
2026-09-17 02:03:00+00:00,4337.5,4338.39990234375,4335.7998046875,4335.89990234375,70.0
2026-09-17 02:04:00+00:00,4335.7001953125,4336.7001953125,4335.5,4336.60009765625,103.0
2026-09-17 02:05:00+00:00,4336.2001953125,4337.10009765625,4333.5,4333.5,112.0
2026-09-17 02:06:00+00:00,4333.7998046875,4334.0,4326.2001953125,4327.2998046875,536.0
2026-09-17 02:07:00+00:00,4327.39990234375,4328.60009765625,4324.7998046875,4328.10009765625,343.0
2026-09-17 02:08:00+00:00,4327.7998046875,4328.7998046875,4325.60009765625,4325.60009765625,109.0
2026-09-17 02:09:00+00:00,4325.5,4325.7998046875,4323.0,4325.0,297.0
2026-09-17 02:10:00+00:00,4325.0,4327.39990234375,4324.60009765625,4327.39990234375,115.0
2026-09-17 02:11:00+00:00,4326.89990234375,4326.89990234375,4322.5,4322.7998046875,186.0
2026-09-17 02:12:00+00:00,4322.7001953125,4323.89990234375,4319.0,4319.2998046875,166.0
2026-09-17 02:13:00+00:00,4319.7001953125,4323.5,4319.0,4323.2001953125,216.0
2026-09-17 02:14:00+00:00,4323.2001953125,4325.7998046875,4322.60009765625,4325.5,157.0
2026-09-17 02:15:00+00:00,4325.7001953125,4326.5,4325.2998046875,4325.7998046875,96.0
2026-09-17 02:16:00+00:00,4325.7998046875,4327.10009765625,4325.2998046875,4325.7998046875,119.0
2026-09-17 02:17:00+00:00,4325.7998046875,4328.7998046875,4325.7001953125,4328.39990234375,157.0
2026-09-17 02:18:00+00:00,4328.7998046875,4329.0,4326.7998046875,4327.60009765625,68.0
2026-09-17 02:19:00+00:00,4327.7001953125,4330.7001953125,4327.7001953125,4330.39990234375,107.0
2026-09-17 02:20:00+00:00,4330.5,4331.2998046875,4329.60009765625,4329.60009765625,89.0
2026-09-17 02:21:00+00:00,4329.60009765625,4330.89990234375,4329.60009765625,4330.10009765625,56.0
2026-09-17 02:22:00+00:00,4330.2998046875,4330.2998046875,4329.7001953125,4329.89990234375,27.0
2026-09-17 02:23:00+00:00,4329.7998046875,4330.39990234375,4328.89990234375,4329.60009765625,101.0
2026-09-17 02:24:00+00:00,4329.39990234375,4329.89990234375,4328.2001953125,4328.7001953125,53.0
2026-09-17 02:25:00+00:00,4328.7998046875,4329.7998046875,4328.7001953125,4329.39990234375,48.0
2026-09-17 02:26:00+00:00,4329.7998046875,4330.60009765625,4329.60009765625,4329.7998046875,42.0
2026-09-17 02:27:00+00:00,4329.5,4330.10009765625,4329.0,4330.0,49.0
2026-09-17 02:28:00+00:00,4330.0,4330.0,4328.39990234375,4328.60009765625,13.0
2026-09-17 02:29:00+00:00,4328.7001953125,4330.2001953125,4327.7998046875,4330.10009765625,85.0
2026-09-17 02:30:00+00:00,4330.10009765625,4331.10009765625,4327.39990234375,4327.7998046875,213.0
2026-09-17 02:31:00+00:00,4327.39990234375,4327.39990234375,4325.0,4327.0,136.0
2026-09-17 02:32:00+00:00,4326.7998046875,4327.2998046875,4325.2998046875,4326.2998046875,36.0
2026-09-17 02:33:00+00:00,4326.0,4326.7001953125,4324.7001953125,4324.7001953125,101.0
2026-09-17 02:34:00+00:00,4324.60009765625,4325.39990234375,4323.2001953125,4323.7998046875,98.0
2026-09-17 02:35:00+00:00,4324.2998046875,4324.7001953125,4322.39990234375,4324.2998046875,169.0
2026-09-17 02:36:00+00:00,4324.2001953125,4324.2001953125,4321.7001953125,4323.10009765625,82.0
2026-09-17 02:37:00+00:00,4323.10009765625,4325.0,4322.5,4322.7001953125,67.0
2026-09-17 02:38:00+00:00,4323.10009765625,4324.7001953125,4323.10009765625,4324.2001953125,68.0
2026-09-17 02:39:00+00:00,4323.7001953125,4324.5,4321.39990234375,4321.89990234375,90.0
2026-09-17 02:40:00+00:00,4321.5,4322.7998046875,4319.7001953125,4321.2001953125,129.0
2026-09-17 02:41:00+00:00,4321.2998046875,4323.39990234375,4321.2998046875,4323.39990234375,71.0
2026-09-17 02:42:00+00:00,4323.10009765625,4326.2001953125,4323.0,4326.2001953125,92.0
2026-09-17 02:43:00+00:00,4326.10009765625,4329.0,4326.10009765625,4327.39990234375,171.0
2026-09-17 02:44:00+00:00,4327.5,4328.2001953125,4326.10009765625,4326.60009765625,57.0
2026-09-17 02:45:00+00:00,4326.7001953125,4327.7001953125,4322.2998046875,4323.10009765625,217.0
2026-09-17 02:46:00+00:00,4323.2001953125,4324.0,4323.2001953125,4323.7998046875,45.0
2026-09-17 02:47:00+00:00,4323.60009765625,4323.60009765625,4321.0,4321.7001953125,39.0
2026-09-17 02:48:00+00:00,4321.39990234375,4322.2001953125,4321.0,4321.0,45.0
2026-09-17 02:49:00+00:00,4321.5,4322.39990234375,4320.7001953125,4321.89990234375,50.0
2026-09-17 02:50:00+00:00,4321.60009765625,4322.0,4320.2001953125,4320.2001953125,44.0
2026-09-17 02:51:00+00:00,4320.2001953125,4320.5,4317.89990234375,4318.10009765625,175.0
2026-09-17 02:52:00+00:00,4318.0,4319.5,4317.2998046875,4318.7001953125,80.0
2026-09-17 02:53:00+00:00,4318.60009765625,4319.2001953125,4314.2998046875,4314.7998046875,179.0
2026-09-17 02:54:00+00:00,4314.7998046875,4315.39990234375,4312.60009765625,4314.39990234375,239.0
2026-09-17 02:55:00+00:00,4314.10009765625,4316.2998046875,4312.0,4315.89990234375,170.0
2026-09-17 02:56:00+00:00,4315.5,4317.0,4315.39990234375,4315.89990234375,63.0
2026-09-17 02:57:00+00:00,4315.7001953125,4318.39990234375,4314.89990234375,4318.39990234375,138.0
2026-09-17 02:58:00+00:00,4318.60009765625,4318.89990234375,4315.39990234375,4315.39990234375,96.0
2026-09-17 02:59:00+00:00,4315.0,4315.39990234375,4313.7001953125,4315.2001953125,68.0
2026-09-17 03:00:00+00:00,4315.2001953125,4317.0,4315.2001953125,4316.89990234375,173.0
2026-09-17 03:01:00+00:00,4317.2998046875,4317.7001953125,4315.39990234375,4315.89990234375,94.0
2026-09-17 03:02:00+00:00,4316.2001953125,4317.89990234375,4315.7998046875,4317.2001953125,43.0
2026-09-17 03:03:00+00:00,4317.2001953125,4318.5,4317.0,4318.39990234375,57.0
2026-09-17 03:04:00+00:00,4318.5,4321.0,4318.39990234375,4320.60009765625,113.0
2026-09-17 03:05:00+00:00,4320.5,4320.60009765625,4319.10009765625,4320.5,63.0
2026-09-17 03:06:00+00:00,4320.60009765625,4322.89990234375,4320.60009765625,4322.89990234375,41.0
2026-09-17 03:07:00+00:00,4322.89990234375,4323.60009765625,4322.0,4323.10009765625,64.0
2026-09-17 03:08:00+00:00,4323.60009765625,4324.5,4323.10009765625,4323.10009765625,51.0
2026-09-17 03:09:00+00:00,4323.2998046875,4324.5,4322.89990234375,4322.89990234375,48.0
2026-09-17 03:10:00+00:00,4322.89990234375,4324.0,4322.5,4323.2998046875,77.0
2026-09-17 03:11:00+00:00,4322.89990234375,4323.0,4320.89990234375,4321.0,49.0
2026-09-17 03:12:00+00:00,4320.89990234375,4322.39990234375,4320.89990234375,4321.7001953125,68.0
2026-09-17 03:13:00+00:00,4321.2001953125,4321.5,4320.10009765625,4321.0,42.0
2026-09-17 03:14:00+00:00,4321.2001953125,4323.10009765625,4320.89990234375,4322.89990234375,27.0
2026-09-17 03:15:00+00:00,4323.10009765625,4324.2998046875,4322.5,4322.5,49.0
2026-09-17 03:16:00+00:00,4322.7998046875,4323.60009765625,4321.39990234375,4321.60009765625,37.0
2026-09-17 03:17:00+00:00,4322.0,4323.5,4322.0,4323.5,20.0
2026-09-17 03:18:00+00:00,4323.5,4323.5,4322.7001953125,4322.7998046875,14.0
2026-09-17 03:19:00+00:00,4323.0,4325.0,4322.7001953125,4324.5,58.0
2026-09-17 03:20:00+00:00,4324.60009765625,4324.60009765625,4322.2998046875,4322.5,36.0
2026-09-17 03:21:00+00:00,4322.2998046875,4323.0,4322.2001953125,4322.60009765625,9.0
2026-09-17 03:22:00+00:00,4322.60009765625,4322.60009765625,4321.0,4321.60009765625,53.0
2026-09-17 03:23:00+00:00,4321.2998046875,4321.60009765625,4321.2998046875,4321.5,4.0
2026-09-17 03:24:00+00:00,4322.10009765625,4323.60009765625,4322.10009765625,4323.60009765625,13.0
2026-09-17 03:25:00+00:00,4324.0,4324.2001953125,4323.60009765625,4323.60009765625,25.0
2026-09-17 03:26:00+00:00,4323.89990234375,4325.0,4323.7998046875,4324.10009765625,43.0
2026-09-17 03:27:00+00:00,4324.5,4324.5,4323.0,4324.0,17.0
2026-09-17 03:28:00+00:00,4324.0,4324.39990234375,4323.10009765625,4323.2001953125,26.0
2026-09-17 03:29:00+00:00,4323.2001953125,4323.7998046875,4323.2001953125,4323.7998046875,18.0
2026-09-17 03:30:00+00:00,4323.7998046875,4328.89990234375,4323.7998046875,4328.7001953125,192.0
2026-09-17 03:31:00+00:00,4328.7001953125,4329.39990234375,4328.10009765625,4328.89990234375,81.0
2026-09-17 03:32:00+00:00,4328.39990234375,4329.60009765625,4328.0,4329.2998046875,94.0
2026-09-17 03:33:00+00:00,4329.2998046875,4330.2998046875,4328.5,4328.7998046875,77.0
2026-09-17 03:34:00+00:00,4328.5,4328.7001953125,4328.0,4328.2001953125,31.0
2026-09-17 03:35:00+00:00,4328.60009765625,4329.2998046875,4328.0,4328.60009765625,56.0
2026-09-17 03:36:00+00:00,4328.5,4329.39990234375,4327.89990234375,4329.39990234375,45.0
2026-09-17 03:37:00+00:00,4329.2001953125,4330.60009765625,4329.0,4330.10009765625,47.0
2026-09-17 03:38:00+00:00,4329.39990234375,4331.7998046875,4329.2998046875,4331.10009765625,117.0
2026-09-17 03:39:00+00:00,4331.10009765625,4331.10009765625,4329.60009765625,4330.2998046875,35.0
2026-09-17 03:40:00+00:00,4330.7001953125,4331.0,4329.89990234375,4330.2001953125,38.0
2026-09-17 03:41:00+00:00,4330.39990234375,4331.7998046875,4330.39990234375,4331.39990234375,87.0
2026-09-17 03:42:00+00:00,4331.5,4334.5,4331.5,4332.7001953125,184.0
2026-09-17 03:43:00+00:00,4332.7998046875,4334.0,4332.39990234375,4334.0,53.0
2026-09-17 03:44:00+00:00,4334.10009765625,4334.60009765625,4333.5,4334.10009765625,85.0
2026-09-17 03:45:00+00:00,4334.5,4335.0,4334.10009765625,4334.5,52.0
2026-09-17 03:46:00+00:00,4334.39990234375,4335.10009765625,4334.0,4334.7001953125,86.0
2026-09-17 03:47:00+00:00,4334.89990234375,4335.0,4332.2001953125,4332.7998046875,89.0
2026-09-17 03:48:00+00:00,4332.5,4334.7001953125,4332.39990234375,4334.7001953125,99.0
2026-09-17 03:49:00+00:00,4334.7001953125,4335.0,4333.2001953125,4334.10009765625,79.0
2026-09-17 03:50:00+00:00,4334.0,4334.10009765625,4333.0,4334.0,36.0
2026-09-17 03:51:00+00:00,4333.89990234375,4333.89990234375,4332.7001953125,4333.2998046875,27.0
2026-09-17 03:52:00+00:00,4333.10009765625,4333.7001953125,4332.89990234375,4333.60009765625,51.0
2026-09-17 03:53:00+00:00,4333.60009765625,4334.5,4333.0,4334.39990234375,54.0
2026-09-17 03:54:00+00:00,4334.60009765625,4335.2001953125,4334.2001953125,4335.0,35.0
2026-09-17 03:55:00+00:00,4334.7998046875,4335.5,4334.0,4334.2001953125,63.0
2026-09-17 03:56:00+00:00,4334.5,4335.2001953125,4334.5,4334.7001953125,24.0
2026-09-17 03:57:00+00:00,4335.10009765625,4336.0,4335.10009765625,4335.2001953125,109.0
2026-09-17 03:58:00+00:00,4335.0,4335.7998046875,4335.0,4335.39990234375,16.0
2026-09-17 04:00:00+00:00,4334.2001953125,4334.60009765625,4333.0,4333.0,51.0
2026-09-17 04:01:00+00:00,4333.2001953125,4333.60009765625,4332.39990234375,4333.10009765625,38.0
2026-09-17 04:02:00+00:00,4333.2001953125,4333.7998046875,4332.89990234375,4332.89990234375,35.0
2026-09-17 04:03:00+00:00,4332.7001953125,4333.89990234375,4332.60009765625,4333.7001953125,22.0
2026-09-17 04:04:00+00:00,4333.60009765625,4333.60009765625,4332.7998046875,4332.7998046875,18.0
2026-09-17 04:05:00+00:00,4332.60009765625,4333.39990234375,4331.7001953125,4331.89990234375,66.0
2026-09-17 04:06:00+00:00,4331.7998046875,4333.0,4331.7998046875,4332.7001953125,37.0
2026-09-17 04:07:00+00:00,4332.0,4333.7998046875,4332.0,4333.60009765625,40.0
2026-09-17 04:08:00+00:00,4333.60009765625,4334.7001953125,4333.2001953125,4334.39990234375,59.0
2026-09-17 04:09:00+00:00,4334.5,4335.10009765625,4334.2001953125,4334.7998046875,59.0
2026-09-17 04:10:00+00:00,4334.7001953125,4334.7001953125,4333.39990234375,4333.60009765625,17.0
2026-09-17 04:11:00+00:00,4333.60009765625,4333.7998046875,4332.7001953125,4332.7001953125,49.0
2026-09-17 04:12:00+00:00,4333.10009765625,4333.10009765625,4331.2998046875,4331.7001953125,50.0
2026-09-17 04:13:00+00:00,4331.2001953125,4331.89990234375,4331.2001953125,4331.89990234375,24.0
2026-09-17 04:14:00+00:00,4332.39990234375,4332.89990234375,4332.2001953125,4332.2001953125,23.0
2026-09-17 04:15:00+00:00,4332.39990234375,4332.39990234375,4331.39990234375,4331.7001953125,19.0
2026-09-17 04:16:00+00:00,4332.0,4332.60009765625,4330.89990234375,4331.89990234375,48.0
2026-09-17 04:17:00+00:00,4331.5,4332.10009765625,4331.39990234375,4331.89990234375,14.0
2026-09-17 04:18:00+00:00,4331.89990234375,4331.89990234375,4331.7001953125,4331.7001953125,8.0
2026-09-17 04:19:00+00:00,4331.7001953125,4332.5,4331.39990234375,4331.60009765625,36.0
2026-09-17 04:20:00+00:00,4331.5,4332.2001953125,4330.2001953125,4332.2001953125,52.0
2026-09-17 04:21:00+00:00,4332.60009765625,4334.10009765625,4332.60009765625,4334.0,53.0
2026-09-17 04:22:00+00:00,4333.7998046875,4334.0,4332.5,4332.5,30.0
2026-09-17 04:23:00+00:00,4332.89990234375,4333.10009765625,4332.2998046875,4332.5,29.0
2026-09-17 04:24:00+00:00,4332.2001953125,4332.5,4332.10009765625,4332.10009765625,18.0
2026-09-17 04:25:00+00:00,4332.10009765625,4332.60009765625,4330.0,4330.10009765625,88.0
2026-09-17 04:26:00+00:00,4330.0,4330.5,4329.39990234375,4330.2001953125,47.0
2026-09-17 04:27:00+00:00,4330.2998046875,4330.7998046875,4329.7998046875,4330.7001953125,32.0
2026-09-17 04:28:00+00:00,4330.7001953125,4330.89990234375,4330.2998046875,4330.7998046875,22.0
2026-09-17 04:29:00+00:00,4330.7001953125,4330.7001953125,4329.7998046875,4330.0,17.0
2026-09-17 04:30:00+00:00,4329.60009765625,4329.7998046875,4328.7001953125,4329.2998046875,52.0
2026-09-17 04:31:00+00:00,4329.39990234375,4331.5,4329.39990234375,4331.39990234375,45.0
2026-09-17 04:32:00+00:00,4331.5,4331.5,4329.89990234375,4330.10009765625,16.0
2026-09-17 04:33:00+00:00,4330.10009765625,4330.2998046875,4329.5,4329.7001953125,31.0
2026-09-17 04:34:00+00:00,4329.7998046875,4331.10009765625,4329.60009765625,4330.0,17.0
2026-09-17 04:35:00+00:00,4330.2001953125,4331.0,4330.2001953125,4331.0,17.0
2026-09-17 04:36:00+00:00,4330.89990234375,4334.39990234375,4330.60009765625,4334.2001953125,81.0
2026-09-17 04:37:00+00:00,4334.2001953125,4335.0,4333.0,4333.0,74.0
2026-09-17 04:38:00+00:00,4333.10009765625,4334.39990234375,4332.7998046875,4334.39990234375,18.0
2026-09-17 04:39:00+00:00,4334.2001953125,4334.89990234375,4333.2998046875,4333.5,43.0
2026-09-17 04:40:00+00:00,4333.60009765625,4333.7001953125,4332.0,4332.2001953125,55.0
2026-09-17 04:41:00+00:00,4331.89990234375,4333.10009765625,4331.7001953125,4332.5,30.0
2026-09-17 04:42:00+00:00,4332.7001953125,4332.7001953125,4331.60009765625,4331.89990234375,31.0
2026-09-17 04:43:00+00:00,4332.2001953125,4335.0,4332.2001953125,4334.39990234375,88.0
2026-09-17 04:44:00+00:00,4334.60009765625,4334.60009765625,4333.89990234375,4334.0,48.0
2026-09-17 04:45:00+00:00,4333.89990234375,4336.39990234375,4333.89990234375,4335.60009765625,88.0
2026-09-17 04:46:00+00:00,4335.60009765625,4337.5,4335.39990234375,4336.60009765625,118.0
2026-09-17 04:47:00+00:00,4336.5,4337.0,4336.10009765625,4336.2998046875,29.0
2026-09-17 04:48:00+00:00,4335.89990234375,4337.10009765625,4335.89990234375,4337.10009765625,49.0
2026-09-17 04:49:00+00:00,4337.0,4337.0,4335.60009765625,4335.7001953125,40.0
2026-09-17 04:50:00+00:00,4336.0,4336.0,4334.39990234375,4335.2998046875,99.0
2026-09-17 04:51:00+00:00,4335.10009765625,4336.2001953125,4334.0,4336.10009765625,124.0
2026-09-17 04:52:00+00:00,4336.10009765625,4337.2998046875,4335.60009765625,4336.60009765625,116.0
2026-09-17 04:53:00+00:00,4336.5,4336.5,4335.10009765625,4336.2001953125,45.0
2026-09-17 04:54:00+00:00,4336.10009765625,4336.2998046875,4335.39990234375,4335.89990234375,29.0
2026-09-17 04:55:00+00:00,4335.89990234375,4336.2001953125,4334.39990234375,4335.10009765625,69.0
2026-09-17 04:56:00+00:00,4335.2001953125,4336.2998046875,4335.2001953125,4336.2998046875,38.0
2026-09-17 04:57:00+00:00,4336.10009765625,4337.10009765625,4336.10009765625,4336.39990234375,25.0
2026-09-17 04:58:00+00:00,4336.39990234375,4336.7001953125,4335.60009765625,4335.60009765625,14.0
2026-09-17 04:59:00+00:00,4335.7001953125,4336.2001953125,4335.7001953125,4336.10009765625,7.0
2026-09-17 05:00:00+00:00,4335.60009765625,4336.7998046875,4335.2998046875,4336.5,34.0
2026-09-17 05:01:00+00:00,4336.39990234375,4337.39990234375,4336.0,4336.89990234375,50.0
2026-09-17 05:02:00+00:00,4336.2998046875,4337.60009765625,4336.2001953125,4337.60009765625,24.0
2026-09-17 05:03:00+00:00,4337.5,4337.60009765625,4335.60009765625,4335.7998046875,36.0
2026-09-17 05:04:00+00:00,4335.89990234375,4336.39990234375,4335.7001953125,4336.39990234375,18.0
2026-09-17 05:05:00+00:00,4336.10009765625,4336.10009765625,4335.7998046875,4336.10009765625,12.0
2026-09-17 05:06:00+00:00,4335.7998046875,4336.39990234375,4335.5,4335.7001953125,26.0
2026-09-17 05:07:00+00:00,4335.60009765625,4336.7001953125,4335.60009765625,4336.10009765625,15.0
2026-09-17 05:08:00+00:00,4336.10009765625,4336.10009765625,4335.39990234375,4335.7998046875,33.0
2026-09-17 05:09:00+00:00,4336.5,4336.5,4335.89990234375,4335.89990234375,8.0
2026-09-17 05:10:00+00:00,4335.89990234375,4335.89990234375,4333.7001953125,4333.7001953125,48.0
2026-09-17 05:11:00+00:00,4333.7998046875,4334.2001953125,4333.2001953125,4333.60009765625,26.0
2026-09-17 05:12:00+00:00,4333.7001953125,4333.89990234375,4332.60009765625,4333.2998046875,36.0
2026-09-17 05:13:00+00:00,4333.7001953125,4334.39990234375,4333.7001953125,4333.7998046875,24.0
2026-09-17 05:14:00+00:00,4333.39990234375,4333.39990234375,4332.7001953125,4332.7998046875,9.0
2026-09-17 05:15:00+00:00,4332.39990234375,4332.39990234375,4330.2998046875,4330.7001953125,138.0
2026-09-17 05:16:00+00:00,4331.0,4331.0,4330.2998046875,4330.60009765625,27.0
2026-09-17 05:17:00+00:00,4330.89990234375,4331.39990234375,4330.39990234375,4330.5,27.0
2026-09-17 05:18:00+00:00,4330.2001953125,4330.2001953125,4328.0,4328.0,127.0
2026-09-17 05:19:00+00:00,4327.7001953125,4328.0,4327.0,4327.10009765625,57.0
2026-09-17 05:20:00+00:00,4326.60009765625,4326.60009765625,4325.2998046875,4325.2998046875,106.0
2026-09-17 05:21:00+00:00,4325.2998046875,4325.60009765625,4324.39990234375,4325.2001953125,108.0
2026-09-17 05:22:00+00:00,4325.2001953125,4325.7001953125,4325.0,4325.2998046875,45.0
2026-09-17 05:23:00+00:00,4325.2001953125,4325.7001953125,4324.39990234375,4324.89990234375,26.0
2026-09-17 05:24:00+00:00,4324.5,4325.5,4323.7001953125,4325.5,38.0
2026-09-17 05:25:00+00:00,4325.60009765625,4326.2001953125,4324.89990234375,4326.10009765625,49.0
2026-09-17 05:26:00+00:00,4326.2998046875,4326.5,4325.2001953125,4325.5,47.0
2026-09-17 05:27:00+00:00,4325.39990234375,4325.7998046875,4325.2001953125,4325.7001953125,12.0
2026-09-17 05:28:00+00:00,4325.7998046875,4326.5,4325.60009765625,4326.0,27.0
2026-09-17 05:29:00+00:00,4326.2001953125,4326.2001953125,4324.60009765625,4324.7998046875,33.0
2026-09-17 05:30:00+00:00,4324.89990234375,4330.10009765625,4324.60009765625,4328.7998046875,228.0
2026-09-17 05:31:00+00:00,4329.39990234375,4331.7001953125,4328.10009765625,4330.60009765625,87.0
2026-09-17 05:32:00+00:00,4330.60009765625,4333.2001953125,4330.39990234375,4332.0,55.0
2026-09-17 05:33:00+00:00,4332.2998046875,4333.2998046875,4331.60009765625,4333.2998046875,53.0
2026-09-17 05:34:00+00:00,4334.0,4335.2998046875,4332.2001953125,4333.10009765625,114.0
2026-09-17 05:35:00+00:00,4333.5,4334.2001953125,4331.89990234375,4334.2001953125,43.0
2026-09-17 05:36:00+00:00,4333.7001953125,4333.7998046875,4330.89990234375,4331.7998046875,40.0
2026-09-17 05:37:00+00:00,4331.60009765625,4332.60009765625,4331.10009765625,4331.89990234375,35.0
2026-09-17 05:38:00+00:00,4332.0,4335.60009765625,4332.0,4334.7001953125,96.0
2026-09-17 05:39:00+00:00,4334.0,4335.2001953125,4333.0,4335.2001953125,70.0
2026-09-17 05:40:00+00:00,4335.5,4336.10009765625,4334.5,4334.89990234375,44.0
2026-09-17 05:41:00+00:00,4335.39990234375,4335.39990234375,4332.7998046875,4333.60009765625,27.0
2026-09-17 05:42:00+00:00,4333.7001953125,4335.7998046875,4333.7001953125,4334.2001953125,36.0
2026-09-17 05:43:00+00:00,4334.10009765625,4335.0,4334.10009765625,4334.5,27.0
2026-09-17 05:44:00+00:00,4335.0,4336.5,4334.7001953125,4335.5,48.0
2026-09-17 05:45:00+00:00,4335.60009765625,4337.2998046875,4334.89990234375,4335.39990234375,56.0
2026-09-17 05:46:00+00:00,4335.7001953125,4335.7001953125,4334.2998046875,4335.39990234375,73.0
2026-09-17 05:47:00+00:00,4335.2001953125,4335.7001953125,4334.5,4335.5,27.0
2026-09-17 05:48:00+00:00,4336.0,4337.60009765625,4335.89990234375,4336.89990234375,36.0
2026-09-17 05:49:00+00:00,4336.60009765625,4337.10009765625,4334.7001953125,4336.0,54.0
2026-09-17 05:50:00+00:00,4336.60009765625,4338.7001953125,4336.60009765625,4337.7001953125,70.0
2026-09-17 05:51:00+00:00,4338.7998046875,4339.10009765625,4337.89990234375,4339.0,138.0
2026-09-17 05:52:00+00:00,4339.39990234375,4340.0,4338.39990234375,4339.0,61.0
2026-09-17 05:53:00+00:00,4339.89990234375,4340.89990234375,4338.89990234375,4340.7001953125,60.0
2026-09-17 05:54:00+00:00,4340.60009765625,4341.89990234375,4340.5,4341.39990234375,44.0
2026-09-17 05:55:00+00:00,4341.2998046875,4343.0,4341.2998046875,4342.7998046875,75.0
2026-09-17 05:56:00+00:00,4343.0,4343.7001953125,4341.39990234375,4341.5,99.0
2026-09-17 05:57:00+00:00,4341.39990234375,4342.60009765625,4340.39990234375,4340.89990234375,83.0
2026-09-17 05:58:00+00:00,4341.10009765625,4342.5,4340.89990234375,4341.7001953125,38.0
2026-09-17 05:59:00+00:00,4342.2998046875,4343.0,4342.0,4342.60009765625,76.0
2026-09-17 06:00:00+00:00,4342.5,4344.60009765625,4342.2998046875,4343.7001953125,275.0
2026-09-17 06:01:00+00:00,4343.5,4345.5,4342.60009765625,4342.89990234375,161.0
2026-09-17 06:02:00+00:00,4342.7001953125,4344.60009765625,4342.7001953125,4344.2998046875,149.0
2026-09-17 06:03:00+00:00,4344.60009765625,4347.0,4344.39990234375,4346.60009765625,71.0
2026-09-17 06:04:00+00:00,4346.60009765625,4347.10009765625,4344.2998046875,4344.5,154.0
2026-09-17 06:05:00+00:00,4344.89990234375,4346.5,4344.2001953125,4346.10009765625,83.0
2026-09-17 06:06:00+00:00,4347.0,4348.2998046875,4346.5,4347.10009765625,122.0
2026-09-17 06:07:00+00:00,4347.0,4347.39990234375,4346.5,4347.2001953125,46.0
2026-09-17 06:08:00+00:00,4347.2998046875,4349.2001953125,4346.60009765625,4348.39990234375,172.0
2026-09-17 06:09:00+00:00,4347.89990234375,4348.89990234375,4346.39990234375,4348.7001953125,125.0
2026-09-17 06:10:00+00:00,4348.39990234375,4350.2001953125,4348.2998046875,4349.60009765625,114.0
2026-09-17 06:11:00+00:00,4349.7998046875,4350.0,4347.7998046875,4349.89990234375,74.0
2026-09-17 06:12:00+00:00,4350.0,4350.7998046875,4348.10009765625,4348.7998046875,86.0
2026-09-17 06:13:00+00:00,4348.60009765625,4349.10009765625,4347.2998046875,4348.5,95.0
2026-09-17 06:14:00+00:00,4348.2998046875,4351.0,4347.89990234375,4350.5,91.0
2026-09-17 06:15:00+00:00,4350.89990234375,4351.0,4345.5,4346.10009765625,107.0
2026-09-17 06:16:00+00:00,4346.0,4346.0,4343.60009765625,4344.2001953125,182.0
2026-09-17 06:17:00+00:00,4343.89990234375,4344.5,4343.2001953125,4344.2998046875,63.0
2026-09-17 06:18:00+00:00,4344.60009765625,4346.0,4344.5,4345.2998046875,66.0
2026-09-17 06:19:00+00:00,4345.2001953125,4346.10009765625,4344.7001953125,4346.10009765625,61.0
2026-09-17 06:20:00+00:00,4345.60009765625,4346.39990234375,4345.2998046875,4345.2998046875,38.0
2026-09-17 06:21:00+00:00,4345.7998046875,4346.2001953125,4344.2998046875,4344.39990234375,69.0
2026-09-17 06:22:00+00:00,4344.2998046875,4347.0,4344.2998046875,4346.0,56.0
2026-09-17 06:23:00+00:00,4345.89990234375,4346.0,4344.10009765625,4344.7998046875,82.0
2026-09-17 06:24:00+00:00,4345.2998046875,4346.7001953125,4345.2998046875,4345.7001953125,18.0
2026-09-17 06:25:00+00:00,4346.0,4347.2998046875,4346.0,4346.0,51.0
2026-09-17 06:26:00+00:00,4345.89990234375,4348.89990234375,4345.5,4348.2998046875,51.0
2026-09-17 06:27:00+00:00,4348.60009765625,4348.7998046875,4347.7001953125,4348.5,50.0
2026-09-17 06:28:00+00:00,4348.2998046875,4348.7001953125,4347.7998046875,4348.39990234375,39.0
2026-09-17 06:29:00+00:00,4348.10009765625,4351.60009765625,4347.7998046875,4350.7001953125,97.0
2026-09-17 06:30:00+00:00,4350.39990234375,4351.5,4349.7998046875,4350.89990234375,108.0
2026-09-17 06:31:00+00:00,4350.7998046875,4353.39990234375,4350.7998046875,4353.39990234375,176.0
2026-09-17 06:32:00+00:00,4353.39990234375,4353.7998046875,4350.7001953125,4351.0,77.0
2026-09-17 06:33:00+00:00,4351.89990234375,4352.5,4351.2001953125,4352.10009765625,94.0
2026-09-17 06:34:00+00:00,4352.39990234375,4352.39990234375,4351.2998046875,4351.39990234375,27.0
2026-09-17 06:35:00+00:00,4351.2001953125,4351.5,4348.7998046875,4349.2001953125,102.0
2026-09-17 06:36:00+00:00,4349.2998046875,4349.5,4348.0,4348.2001953125,47.0
2026-09-17 06:37:00+00:00,4348.10009765625,4348.60009765625,4346.5,4346.5,61.0
2026-09-17 06:38:00+00:00,4346.39990234375,4346.39990234375,4345.39990234375,4346.2998046875,87.0
2026-09-17 06:39:00+00:00,4346.39990234375,4346.39990234375,4344.2998046875,4344.89990234375,99.0
2026-09-17 06:40:00+00:00,4344.60009765625,4346.10009765625,4344.60009765625,4346.10009765625,31.0
2026-09-17 06:41:00+00:00,4345.39990234375,4346.2001953125,4345.10009765625,4346.10009765625,48.0
2026-09-17 06:42:00+00:00,4346.0,4347.2001953125,4345.5,4346.7998046875,85.0
2026-09-17 06:43:00+00:00,4346.7001953125,4347.5,4346.60009765625,4347.0,52.0
2026-09-17 06:44:00+00:00,4346.89990234375,4348.2998046875,4345.89990234375,4347.7998046875,90.0
2026-09-17 06:45:00+00:00,4348.0,4348.39990234375,4346.60009765625,4348.0,88.0
2026-09-17 06:46:00+00:00,4347.5,4348.39990234375,4346.2001953125,4346.7998046875,70.0
2026-09-17 06:47:00+00:00,4346.60009765625,4346.7001953125,4345.7001953125,4346.0,97.0
2026-09-17 06:48:00+00:00,4346.2001953125,4348.7998046875,4345.7998046875,4348.10009765625,133.0
2026-09-17 06:49:00+00:00,4348.60009765625,4350.2998046875,4348.10009765625,4349.10009765625,70.0
2026-09-17 06:50:00+00:00,4348.7998046875,4348.7998046875,4347.2001953125,4347.2998046875,16.0
2026-09-17 06:51:00+00:00,4347.2998046875,4347.2998046875,4345.2998046875,4345.60009765625,55.0
2026-09-17 06:52:00+00:00,4346.10009765625,4346.89990234375,4345.60009765625,4346.7001953125,41.0
2026-09-17 06:53:00+00:00,4346.60009765625,4349.7998046875,4345.5,4349.2998046875,243.0
2026-09-17 06:54:00+00:00,4349.39990234375,4349.7001953125,4348.60009765625,4348.60009765625,30.0
2026-09-17 06:55:00+00:00,4349.0,4349.39990234375,4347.60009765625,4347.7001953125,62.0
2026-09-17 06:56:00+00:00,4347.39990234375,4350.10009765625,4347.39990234375,4349.7998046875,46.0
2026-09-17 06:57:00+00:00,4350.0,4350.0,4348.60009765625,4349.5,35.0
2026-09-17 06:58:00+00:00,4349.60009765625,4349.89990234375,4348.7998046875,4349.7001953125,30.0
2026-09-17 06:59:00+00:00,4349.7001953125,4349.89990234375,4348.5,4349.5,64.0
2026-09-17 07:00:00+00:00,4349.39990234375,4349.7998046875,4347.7998046875,4349.5,140.0
2026-09-17 07:01:00+00:00,4349.7998046875,4352.39990234375,4349.7001953125,4352.0,130.0
2026-09-17 07:02:00+00:00,4352.0,4352.10009765625,4350.2998046875,4350.60009765625,78.0
2026-09-17 07:03:00+00:00,4350.7001953125,4351.5,4349.7001953125,4351.0,47.0
2026-09-17 07:04:00+00:00,4350.7001953125,4351.5,4350.0,4350.5,70.0
2026-09-17 07:05:00+00:00,4350.5,4353.5,4350.5,4353.5,81.0
2026-09-17 07:06:00+00:00,4353.2998046875,4353.89990234375,4352.5,4353.2998046875,76.0
2026-09-17 07:07:00+00:00,4353.5,4354.60009765625,4353.0,4353.10009765625,143.0
2026-09-17 07:08:00+00:00,4353.0,4353.89990234375,4352.7998046875,4352.89990234375,55.0
2026-09-17 07:09:00+00:00,4353.2001953125,4354.89990234375,4352.89990234375,4353.60009765625,85.0
2026-09-17 07:10:00+00:00,4354.0,4358.60009765625,4354.0,4357.89990234375,383.0
2026-09-17 07:11:00+00:00,4358.10009765625,4360.7001953125,4357.2998046875,4359.10009765625,388.0
2026-09-17 07:12:00+00:00,4359.10009765625,4359.60009765625,4357.60009765625,4357.7001953125,92.0
2026-09-17 07:13:00+00:00,4357.89990234375,4359.5,4357.89990234375,4359.0,119.0
2026-09-17 07:14:00+00:00,4359.2001953125,4362.10009765625,4359.2001953125,4361.60009765625,344.0
2026-09-17 07:15:00+00:00,4361.7998046875,4366.39990234375,4361.60009765625,4365.2998046875,326.0
2026-09-17 07:16:00+00:00,4365.2001953125,4366.60009765625,4365.0,4366.0,181.0
2026-09-17 07:17:00+00:00,4365.89990234375,4368.2998046875,4365.7998046875,4367.10009765625,263.0
2026-09-17 07:18:00+00:00,4366.89990234375,4367.10009765625,4363.7001953125,4364.89990234375,241.0
2026-09-17 07:19:00+00:00,4365.0,4365.89990234375,4362.2998046875,4362.7001953125,154.0
2026-09-17 07:20:00+00:00,4363.0,4363.0,4360.7001953125,4360.89990234375,118.0
2026-09-17 07:21:00+00:00,4361.0,4361.2001953125,4358.2998046875,4358.5,192.0
2026-09-17 07:22:00+00:00,4358.60009765625,4361.0,4358.0,4359.60009765625,165.0
2026-09-17 07:23:00+00:00,4359.5,4361.0,4359.10009765625,4361.0,72.0
2026-09-17 07:24:00+00:00,4361.39990234375,4364.2998046875,4360.5,4363.7998046875,179.0
2026-09-17 07:25:00+00:00,4363.89990234375,4364.5,4363.10009765625,4363.5,133.0
2026-09-17 07:26:00+00:00,4363.5,4365.2001953125,4363.2001953125,4364.7001953125,72.0
2026-09-17 07:27:00+00:00,4364.7998046875,4367.89990234375,4364.60009765625,4367.2998046875,203.0
2026-09-17 07:28:00+00:00,4367.39990234375,4368.5,4366.60009765625,4367.60009765625,165.0
2026-09-17 07:29:00+00:00,4367.2001953125,4368.7998046875,4367.2001953125,4368.2001953125,184.0
2026-09-17 07:30:00+00:00,4368.2998046875,4371.39990234375,4368.2998046875,4371.2998046875,223.0
2026-09-17 07:31:00+00:00,4371.39990234375,4372.0,4369.7998046875,4370.2001953125,217.0
2026-09-17 07:32:00+00:00,4370.10009765625,4372.5,4369.7001953125,4372.39990234375,131.0
2026-09-17 07:33:00+00:00,4372.60009765625,4373.60009765625,4372.10009765625,4372.2001953125,144.0
2026-09-17 07:34:00+00:00,4372.60009765625,4373.2001953125,4371.2998046875,4371.60009765625,77.0
2026-09-17 07:35:00+00:00,4371.2998046875,4371.2998046875,4368.5,4368.89990234375,161.0
2026-09-17 07:36:00+00:00,4369.10009765625,4371.7998046875,4368.89990234375,4371.2001953125,111.0
2026-09-17 07:37:00+00:00,4371.2998046875,4371.5,4369.7001953125,4370.2001953125,99.0
2026-09-17 07:38:00+00:00,4370.5,4370.7998046875,4369.60009765625,4370.7001953125,56.0
2026-09-17 07:39:00+00:00,4370.7998046875,4373.2998046875,4370.2001953125,4373.2998046875,186.0
2026-09-17 07:40:00+00:00,4373.2001953125,4373.89990234375,4371.2998046875,4371.60009765625,177.0
2026-09-17 07:41:00+00:00,4371.10009765625,4372.0,4369.10009765625,4369.10009765625,150.0
2026-09-17 07:42:00+00:00,4369.39990234375,4369.7001953125,4368.0,4369.2998046875,154.0
2026-09-17 07:43:00+00:00,4369.39990234375,4370.10009765625,4369.2001953125,4369.2001953125,57.0
2026-09-17 07:44:00+00:00,4369.39990234375,4370.5,4369.10009765625,4370.39990234375,64.0
2026-09-17 07:45:00+00:00,4370.5,4371.0,4369.0,4369.2001953125,121.0
2026-09-17 07:46:00+00:00,4369.0,4373.7998046875,4368.7998046875,4372.60009765625,364.0
2026-09-17 07:47:00+00:00,4372.60009765625,4374.2998046875,4371.7001953125,4374.2001953125,187.0
2026-09-17 07:48:00+00:00,4373.89990234375,4374.39990234375,4371.60009765625,4372.2001953125,241.0
2026-09-17 07:49:00+00:00,4372.10009765625,4372.7998046875,4371.5,4371.5,63.0
2026-09-17 07:50:00+00:00,4371.10009765625,4371.2001953125,4370.2001953125,4370.2998046875,336.0
2026-09-17 07:51:00+00:00,4370.2998046875,4370.60009765625,4369.2001953125,4370.60009765625,106.0
2026-09-17 07:52:00+00:00,4370.7001953125,4370.7001953125,4369.2001953125,4369.2001953125,62.0
2026-09-17 07:53:00+00:00,4369.2001953125,4369.60009765625,4368.39990234375,4368.60009765625,107.0
2026-09-17 07:54:00+00:00,4369.10009765625,4369.2998046875,4366.39990234375,4366.60009765625,148.0
2026-09-17 07:55:00+00:00,4366.5,4366.7998046875,4364.2001953125,4364.7001953125,159.0
2026-09-17 07:56:00+00:00,4364.7001953125,4364.7001953125,4362.7001953125,4363.39990234375,140.0
2026-09-17 07:57:00+00:00,4363.2998046875,4364.7998046875,4363.2998046875,4364.60009765625,122.0
2026-09-17 07:58:00+00:00,4364.5,4365.7001953125,4363.89990234375,4365.7001953125,57.0
2026-09-17 07:59:00+00:00,4366.10009765625,4367.2001953125,4365.7001953125,4366.10009765625,49.0
2026-09-17 08:00:00+00:00,4366.39990234375,4366.60009765625,4365.10009765625,4366.10009765625,65.0
2026-09-17 08:01:00+00:00,4366.60009765625,4367.10009765625,4365.89990234375,4366.0,27.0
2026-09-17 08:02:00+00:00,4366.60009765625,4367.10009765625,4365.60009765625,4366.5,63.0
2026-09-17 08:03:00+00:00,4366.60009765625,4366.7001953125,4364.7001953125,4365.0,50.0
2026-09-17 08:04:00+00:00,4365.39990234375,4367.2001953125,4365.39990234375,4366.2998046875,79.0
2026-09-17 08:05:00+00:00,4366.0,4366.10009765625,4365.39990234375,4365.89990234375,39.0
2026-09-17 08:06:00+00:00,4365.39990234375,4366.10009765625,4365.2001953125,4365.60009765625,39.0
2026-09-17 08:07:00+00:00,4366.2001953125,4366.7001953125,4365.7998046875,4366.5,41.0
2026-09-17 08:08:00+00:00,4366.5,4366.89990234375,4366.0,4366.60009765625,53.0
2026-09-17 08:09:00+00:00,4366.39990234375,4366.39990234375,4365.2001953125,4365.89990234375,99.0
2026-09-17 08:10:00+00:00,4365.60009765625,4366.39990234375,4363.60009765625,4364.10009765625,268.0
2026-09-17 08:11:00+00:00,4364.2001953125,4364.2001953125,4362.2001953125,4362.7001953125,164.0
2026-09-17 08:12:00+00:00,4362.39990234375,4362.39990234375,4357.7001953125,4358.10009765625,408.0
2026-09-17 08:13:00+00:00,4358.39990234375,4359.2998046875,4356.89990234375,4359.10009765625,262.0
2026-09-17 08:14:00+00:00,4359.2998046875,4359.7998046875,4357.89990234375,4359.10009765625,68.0
2026-09-17 08:15:00+00:00,4359.10009765625,4359.2998046875,4358.2998046875,4359.2001953125,77.0
2026-09-17 08:16:00+00:00,4359.2998046875,4360.10009765625,4359.2998046875,4359.5,69.0
2026-09-17 08:17:00+00:00,4360.0,4361.10009765625,4358.0,4358.10009765625,131.0
2026-09-17 08:18:00+00:00,4358.10009765625,4359.10009765625,4356.7998046875,4356.7998046875,93.0
2026-09-17 08:19:00+00:00,4356.89990234375,4356.89990234375,4355.10009765625,4355.89990234375,103.0
2026-09-17 08:20:00+00:00,4356.10009765625,4356.60009765625,4355.2001953125,4355.2998046875,86.0
2026-09-17 08:21:00+00:00,4355.7001953125,4357.0,4355.2998046875,4356.10009765625,438.0
2026-09-17 08:22:00+00:00,4356.0,4356.10009765625,4354.7001953125,4355.5,147.0
2026-09-17 08:23:00+00:00,4355.0,4355.0,4353.89990234375,4354.2998046875,79.0
2026-09-17 08:24:00+00:00,4354.10009765625,4355.39990234375,4353.7001953125,4355.39990234375,56.0
2026-09-17 08:25:00+00:00,4355.5,4356.2001953125,4354.60009765625,4355.39990234375,105.0
2026-09-17 08:26:00+00:00,4355.39990234375,4356.60009765625,4355.2998046875,4356.2001953125,99.0
2026-09-17 08:27:00+00:00,4355.7998046875,4356.2998046875,4354.89990234375,4356.2998046875,53.0
2026-09-17 08:28:00+00:00,4356.2998046875,4356.2998046875,4354.2998046875,4354.60009765625,79.0
2026-09-17 08:29:00+00:00,4354.60009765625,4355.89990234375,4354.10009765625,4355.10009765625,140.0
2026-09-17 08:30:00+00:00,4355.2001953125,4355.60009765625,4353.5,4353.7998046875,89.0
2026-09-17 08:31:00+00:00,4353.7998046875,4354.2998046875,4353.2001953125,4353.7998046875,88.0
2026-09-17 08:32:00+00:00,4353.39990234375,4353.7001953125,4351.2998046875,4352.0,201.0
2026-09-17 08:33:00+00:00,4352.10009765625,4354.5,4352.10009765625,4354.2001953125,105.0
2026-09-17 08:34:00+00:00,4354.2998046875,4356.7001953125,4354.2998046875,4356.7001953125,110.0
2026-09-17 08:35:00+00:00,4356.89990234375,4357.2001953125,4356.10009765625,4356.7998046875,83.0
2026-09-17 08:36:00+00:00,4356.89990234375,4356.89990234375,4355.5,4355.7001953125,65.0
2026-09-17 08:37:00+00:00,4355.89990234375,4357.7998046875,4355.7998046875,4357.7998046875,63.0
2026-09-17 08:38:00+00:00,4357.7001953125,4357.7998046875,4355.7001953125,4355.89990234375,120.0
2026-09-17 08:39:00+00:00,4356.10009765625,4359.0,4356.0,4358.10009765625,113.0
2026-09-17 08:40:00+00:00,4358.0,4358.5,4356.7998046875,4357.10009765625,67.0
2026-09-17 08:41:00+00:00,4356.7998046875,4357.0,4355.0,4355.2998046875,51.0
2026-09-17 08:42:00+00:00,4355.0,4355.89990234375,4354.5,4355.60009765625,66.0
2026-09-17 08:43:00+00:00,4355.39990234375,4355.5,4353.2998046875,4353.7001953125,112.0
2026-09-17 08:44:00+00:00,4353.7001953125,4353.7998046875,4352.5,4353.0,53.0
2026-09-17 08:45:00+00:00,4352.7998046875,4352.7998046875,4350.7998046875,4351.5,81.0
2026-09-17 08:46:00+00:00,4351.60009765625,4351.60009765625,4349.7998046875,4350.2998046875,143.0
2026-09-17 08:47:00+00:00,4350.0,4352.10009765625,4349.2001953125,4351.7001953125,48.0
2026-09-17 08:48:00+00:00,4351.89990234375,4352.0,4350.60009765625,4351.2998046875,75.0
2026-09-17 08:49:00+00:00,4351.60009765625,4352.10009765625,4350.7998046875,4351.0,40.0
2026-09-17 08:50:00+00:00,4350.89990234375,4352.0,4350.5,4351.10009765625,47.0
2026-09-17 08:51:00+00:00,4351.0,4351.0,4350.2001953125,4350.39990234375,41.0
2026-09-17 08:52:00+00:00,4350.39990234375,4350.7001953125,4349.5,4350.10009765625,65.0
2026-09-17 08:53:00+00:00,4350.10009765625,4353.0,4350.0,4352.7001953125,40.0
2026-09-17 08:54:00+00:00,4353.0,4353.2001953125,4352.0,4352.2001953125,85.0
2026-09-17 08:55:00+00:00,4352.0,4352.2998046875,4350.2001953125,4350.7001953125,63.0
2026-09-17 08:56:00+00:00,4350.89990234375,4352.0,4350.7998046875,4351.2001953125,43.0
2026-09-17 08:57:00+00:00,4351.7001953125,4352.60009765625,4351.39990234375,4351.7001953125,86.0
2026-09-17 08:58:00+00:00,4351.60009765625,4351.89990234375,4350.5,4350.7998046875,69.0
2026-09-17 08:59:00+00:00,4350.60009765625,4351.2001953125,4349.7001953125,4350.7001953125,89.0
2026-09-17 09:00:00+00:00,4351.2998046875,4353.10009765625,4351.2001953125,4353.0,39.0
2026-09-17 09:01:00+00:00,4353.2001953125,4354.7998046875,4353.2001953125,4353.7001953125,173.0
2026-09-17 09:02:00+00:00,4353.60009765625,4354.7001953125,4352.39990234375,4353.7998046875,98.0
2026-09-17 09:03:00+00:00,4353.5,4354.7998046875,4353.0,4354.39990234375,40.0
2026-09-17 09:04:00+00:00,4354.2998046875,4354.5,4353.5,4353.60009765625,47.0
2026-09-17 09:05:00+00:00,4353.89990234375,4354.5,4353.39990234375,4354.2998046875,41.0
2026-09-17 09:06:00+00:00,4354.2001953125,4356.0,4354.0,4355.0,99.0
2026-09-17 09:07:00+00:00,4355.39990234375,4356.2998046875,4355.10009765625,4355.7998046875,65.0
2026-09-17 09:08:00+00:00,4355.60009765625,4355.89990234375,4354.39990234375,4355.39990234375,42.0
2026-09-17 09:09:00+00:00,4355.2998046875,4356.0,4355.0,4355.89990234375,33.0
2026-09-17 09:10:00+00:00,4355.89990234375,4357.7998046875,4355.7998046875,4357.2001953125,174.0
2026-09-17 09:11:00+00:00,4357.5,4357.60009765625,4355.5,4355.60009765625,95.0
2026-09-17 09:12:00+00:00,4356.0,4356.7998046875,4355.7001953125,4356.7001953125,60.0
2026-09-17 09:13:00+00:00,4356.7998046875,4358.5,4355.7001953125,4355.7001953125,188.0
2026-09-17 09:14:00+00:00,4355.7998046875,4355.89990234375,4354.39990234375,4355.10009765625,84.0
2026-09-17 09:15:00+00:00,4354.89990234375,4355.60009765625,4353.5,4353.60009765625,80.0
2026-09-17 09:16:00+00:00,4353.2001953125,4353.7998046875,4352.60009765625,4352.7001953125,122.0
2026-09-17 09:17:00+00:00,4352.89990234375,4353.5,4351.5,4351.7998046875,116.0
2026-09-17 09:18:00+00:00,4352.10009765625,4353.89990234375,4352.10009765625,4352.7998046875,85.0
2026-09-17 09:19:00+00:00,4352.89990234375,4352.89990234375,4350.60009765625,4350.89990234375,90.0
2026-09-17 09:20:00+00:00,4350.5,4352.5,4350.0,4351.0,105.0
2026-09-17 09:21:00+00:00,4350.89990234375,4351.5,4349.7998046875,4351.2001953125,61.0
2026-09-17 09:22:00+00:00,4351.39990234375,4351.39990234375,4350.10009765625,4350.7001953125,18.0
2026-09-17 09:23:00+00:00,4350.7998046875,4350.7998046875,4349.60009765625,4350.10009765625,61.0
2026-09-17 09:24:00+00:00,4350.2998046875,4351.39990234375,4349.60009765625,4350.7001953125,52.0
2026-09-17 09:25:00+00:00,4350.2998046875,4351.39990234375,4349.7998046875,4351.10009765625,77.0
2026-09-17 09:26:00+00:00,4350.5,4350.7001953125,4347.89990234375,4348.0,94.0
2026-09-17 09:27:00+00:00,4348.0,4348.7001953125,4346.39990234375,4347.0,148.0
2026-09-17 09:28:00+00:00,4347.2001953125,4347.2001953125,4346.0,4346.10009765625,151.0
2026-09-17 09:29:00+00:00,4346.10009765625,4347.2001953125,4344.7998046875,4345.39990234375,148.0
2026-09-17 09:30:00+00:00,4345.2998046875,4345.89990234375,4343.89990234375,4344.60009765625,208.0
2026-09-17 09:31:00+00:00,4344.2998046875,4346.89990234375,4344.2998046875,4345.7001953125,231.0
2026-09-17 09:32:00+00:00,4345.5,4347.7998046875,4345.39990234375,4347.39990234375,125.0
2026-09-17 09:33:00+00:00,4347.7001953125,4347.89990234375,4345.7001953125,4347.2998046875,72.0
2026-09-17 09:34:00+00:00,4346.7998046875,4347.5,4346.7001953125,4346.7001953125,36.0
2026-09-17 09:35:00+00:00,4346.0,4347.7998046875,4345.7001953125,4347.0,95.0
2026-09-17 09:36:00+00:00,4347.10009765625,4348.10009765625,4347.10009765625,4347.7998046875,85.0
2026-09-17 09:37:00+00:00,4347.89990234375,4348.2998046875,4346.7998046875,4347.7001953125,96.0
2026-09-17 09:38:00+00:00,4347.5,4348.7001953125,4347.2998046875,4347.7998046875,59.0
2026-09-17 09:39:00+00:00,4348.0,4349.0,4347.89990234375,4348.10009765625,31.0
2026-09-17 09:40:00+00:00,4348.0,4349.7001953125,4347.7001953125,4348.89990234375,121.0
2026-09-17 09:41:00+00:00,4349.39990234375,4350.0,4348.89990234375,4349.7001953125,54.0
2026-09-17 09:42:00+00:00,4349.60009765625,4350.2001953125,4349.2998046875,4349.39990234375,56.0
2026-09-17 09:43:00+00:00,4349.39990234375,4349.39990234375,4348.39990234375,4348.7998046875,82.0
2026-09-17 09:44:00+00:00,4348.89990234375,4349.2998046875,4348.2998046875,4348.5,73.0
2026-09-17 09:45:00+00:00,4348.10009765625,4348.7001953125,4346.89990234375,4347.2001953125,59.0
2026-09-17 09:46:00+00:00,4347.2998046875,4348.2001953125,4346.89990234375,4347.39990234375,20.0
2026-09-17 09:47:00+00:00,4347.2001953125,4347.2001953125,4346.5,4347.10009765625,35.0
2026-09-17 09:48:00+00:00,4346.89990234375,4347.2001953125,4345.7001953125,4346.60009765625,39.0
2026-09-17 09:49:00+00:00,4346.7001953125,4348.7001953125,4346.60009765625,4348.7001953125,47.0
2026-09-17 09:50:00+00:00,4348.7001953125,4349.39990234375,4348.0,4348.7998046875,68.0
2026-09-17 09:51:00+00:00,4348.5,4349.2998046875,4348.39990234375,4349.0,23.0
2026-09-17 09:52:00+00:00,4349.39990234375,4349.89990234375,4348.2001953125,4349.10009765625,109.0
2026-09-17 09:53:00+00:00,4348.7001953125,4348.7001953125,4348.2998046875,4348.7001953125,29.0
2026-09-17 09:54:00+00:00,4348.5,4350.39990234375,4348.5,4350.0,81.0
2026-09-17 09:55:00+00:00,4350.0,4350.10009765625,4347.7998046875,4348.0,55.0
2026-09-17 09:56:00+00:00,4347.7001953125,4348.2001953125,4345.39990234375,4346.10009765625,101.0
2026-09-17 09:57:00+00:00,4346.0,4346.7998046875,4345.7998046875,4345.7998046875,19.0
2026-09-17 09:58:00+00:00,4345.5,4345.5,4344.60009765625,4344.7998046875,59.0
2026-09-17 09:59:00+00:00,4344.89990234375,4345.60009765625,4344.89990234375,4345.10009765625,52.0
2026-09-17 10:00:00+00:00,4345.2998046875,4345.7998046875,4344.39990234375,4345.5,57.0
2026-09-17 10:01:00+00:00,4345.5,4346.10009765625,4344.39990234375,4345.39990234375,34.0
2026-09-17 10:02:00+00:00,4345.7998046875,4345.89990234375,4343.7998046875,4344.5,76.0
2026-09-17 10:03:00+00:00,4344.60009765625,4347.10009765625,4344.60009765625,4347.10009765625,37.0
2026-09-17 10:04:00+00:00,4347.2001953125,4347.60009765625,4346.60009765625,4346.7998046875,36.0
2026-09-17 10:05:00+00:00,4346.7998046875,4348.39990234375,4346.5,4348.2998046875,40.0
2026-09-17 10:06:00+00:00,4348.5,4349.89990234375,4348.5,4349.60009765625,97.0
2026-09-17 10:07:00+00:00,4349.7001953125,4350.7001953125,4349.2998046875,4349.2998046875,99.0
2026-09-17 10:08:00+00:00,4349.39990234375,4349.5,4348.2998046875,4348.2998046875,26.0
2026-09-17 10:09:00+00:00,4348.10009765625,4348.2998046875,4346.7998046875,4348.0,71.0
2026-09-17 10:10:00+00:00,4348.39990234375,4349.39990234375,4348.39990234375,4349.2998046875,28.0
2026-09-17 10:11:00+00:00,4349.5,4351.7998046875,4349.10009765625,4351.5,58.0
2026-09-17 10:12:00+00:00,4351.2998046875,4352.7998046875,4350.89990234375,4350.89990234375,82.0
2026-09-17 10:13:00+00:00,4350.60009765625,4351.7001953125,4350.39990234375,4351.2001953125,25.0
2026-09-17 10:14:00+00:00,4351.10009765625,4351.5,4349.2001953125,4349.2001953125,39.0
2026-09-17 10:15:00+00:00,4349.2001953125,4349.7998046875,4349.10009765625,4349.2998046875,22.0
2026-09-17 10:16:00+00:00,4349.5,4349.5,4347.60009765625,4347.7998046875,63.0
2026-09-17 10:17:00+00:00,4347.60009765625,4348.0,4347.2998046875,4347.89990234375,28.0
2026-09-17 10:18:00+00:00,4347.89990234375,4349.2998046875,4347.89990234375,4348.39990234375,44.0
2026-09-17 10:19:00+00:00,4348.0,4348.0,4345.89990234375,4345.89990234375,50.0
2026-09-17 10:20:00+00:00,4346.2998046875,4347.89990234375,4346.2998046875,4347.5,20.0
2026-09-17 10:21:00+00:00,4347.7001953125,4348.2001953125,4347.7001953125,4347.89990234375,5.0
2026-09-17 10:22:00+00:00,4348.2001953125,4348.89990234375,4348.0,4348.2998046875,50.0
2026-09-17 10:23:00+00:00,4347.89990234375,4349.7001953125,4347.89990234375,4349.10009765625,66.0
2026-09-17 10:24:00+00:00,4349.10009765625,4352.39990234375,4349.0,4352.2998046875,120.0
2026-09-17 10:25:00+00:00,4352.5,4353.7998046875,4352.2001953125,4353.39990234375,82.0
2026-09-17 10:26:00+00:00,4353.60009765625,4354.2001953125,4352.60009765625,4353.39990234375,79.0
2026-09-17 10:27:00+00:00,4353.2001953125,4354.10009765625,4353.10009765625,4353.89990234375,39.0
2026-09-17 10:28:00+00:00,4353.7998046875,4354.89990234375,4353.7001953125,4354.7001953125,37.0
2026-09-17 10:29:00+00:00,4354.7998046875,4355.10009765625,4352.39990234375,4352.7998046875,53.0
2026-09-17 10:30:00+00:00,4353.0,4354.7001953125,4353.0,4354.10009765625,96.0
2026-09-17 10:31:00+00:00,4353.89990234375,4353.89990234375,4351.60009765625,4352.60009765625,111.0
2026-09-17 10:32:00+00:00,4352.89990234375,4352.89990234375,4352.0,4352.39990234375,47.0
2026-09-17 10:33:00+00:00,4352.2998046875,4353.2998046875,4352.2998046875,4352.89990234375,28.0
2026-09-17 10:34:00+00:00,4353.0,4354.60009765625,4352.2998046875,4354.10009765625,50.0
2026-09-17 10:35:00+00:00,4354.2001953125,4357.0,4354.2001953125,4356.2001953125,238.0
2026-09-17 10:36:00+00:00,4356.2998046875,4358.10009765625,4356.2998046875,4357.2998046875,120.0
2026-09-17 10:37:00+00:00,4357.0,4358.0,4356.39990234375,4356.7998046875,105.0
2026-09-17 10:38:00+00:00,4356.7998046875,4356.7998046875,4356.2998046875,4356.7001953125,15.0
2026-09-17 10:39:00+00:00,4356.2998046875,4356.60009765625,4356.0,4356.0,14.0
2026-09-17 10:40:00+00:00,4356.10009765625,4357.0,4354.60009765625,4354.7998046875,97.0
2026-09-17 10:41:00+00:00,4355.10009765625,4355.5,4354.39990234375,4354.39990234375,14.0
2026-09-17 10:42:00+00:00,4354.2001953125,4354.7001953125,4354.2001953125,4354.60009765625,16.0
2026-09-17 10:43:00+00:00,4354.60009765625,4356.5,4354.60009765625,4356.5,14.0
2026-09-17 10:44:00+00:00,4356.2001953125,4356.5,4355.89990234375,4356.0,12.0
2026-09-17 10:45:00+00:00,4355.7001953125,4356.5,4355.7001953125,4356.5,15.0
2026-09-17 10:46:00+00:00,4356.39990234375,4356.7998046875,4355.60009765625,4356.7998046875,32.0
2026-09-17 10:47:00+00:00,4356.60009765625,4357.39990234375,4356.60009765625,4357.2001953125,23.0
2026-09-17 10:48:00+00:00,4356.89990234375,4357.89990234375,4356.7001953125,4357.60009765625,25.0
2026-09-17 10:49:00+00:00,4357.7001953125,4358.2998046875,4357.60009765625,4357.7001953125,38.0
2026-09-17 10:50:00+00:00,4358.2998046875,4360.10009765625,4358.10009765625,4360.10009765625,71.0
2026-09-17 10:51:00+00:00,4360.10009765625,4362.2001953125,4360.10009765625,4361.60009765625,126.0
2026-09-17 10:52:00+00:00,4361.7001953125,4362.7998046875,4361.2998046875,4362.39990234375,119.0
2026-09-17 10:53:00+00:00,4362.10009765625,4363.0,4360.60009765625,4362.89990234375,121.0
2026-09-17 10:54:00+00:00,4362.7998046875,4363.10009765625,4360.7001953125,4361.39990234375,188.0
2026-09-17 10:55:00+00:00,4361.60009765625,4362.2001953125,4360.7998046875,4360.7998046875,81.0
2026-09-17 10:56:00+00:00,4361.0,4363.5,4360.89990234375,4363.2998046875,59.0
2026-09-17 10:57:00+00:00,4363.10009765625,4364.5,4363.0,4364.10009765625,66.0
2026-09-17 10:58:00+00:00,4364.2998046875,4364.7001953125,4363.89990234375,4364.10009765625,178.0
2026-09-17 10:59:00+00:00,4363.89990234375,4364.39990234375,4363.60009765625,4363.7001953125,85.0
2026-09-17 11:00:00+00:00,4363.89990234375,4367.0,4363.2001953125,4366.2998046875,279.0
2026-09-17 11:01:00+00:00,4366.7001953125,4368.7998046875,4366.2001953125,4367.89990234375,254.0
2026-09-17 11:02:00+00:00,4367.89990234375,4368.89990234375,4366.7001953125,4367.39990234375,196.0
2026-09-17 11:03:00+00:00,4367.60009765625,4368.7998046875,4367.10009765625,4368.7001953125,183.0
2026-09-17 11:04:00+00:00,4368.60009765625,4370.2998046875,4368.2001953125,4370.0,171.0
2026-09-17 11:05:00+00:00,4369.7998046875,4371.0,4369.2998046875,4369.7001953125,305.0
2026-09-17 11:06:00+00:00,4369.60009765625,4370.2998046875,4368.60009765625,4369.10009765625,183.0
2026-09-17 11:07:00+00:00,4369.2998046875,4372.5,4369.2998046875,4372.2998046875,187.0
2026-09-17 11:08:00+00:00,4372.39990234375,4372.39990234375,4370.7001953125,4371.2001953125,153.0
2026-09-17 11:09:00+00:00,4371.2001953125,4376.5,4370.2001953125,4375.7001953125,671.0
2026-09-17 11:10:00+00:00,4375.7001953125,4379.7001953125,4375.60009765625,4376.7998046875,683.0
2026-09-17 11:11:00+00:00,4376.7001953125,4376.7001953125,4371.2001953125,4371.2001953125,244.0
2026-09-17 11:12:00+00:00,4371.2001953125,4372.2998046875,4371.2001953125,4371.39990234375,128.0
2026-09-17 11:13:00+00:00,4371.5,4372.2001953125,4370.2001953125,4371.5,89.0
2026-09-17 11:14:00+00:00,4371.39990234375,4372.5,4371.10009765625,4371.89990234375,108.0
2026-09-17 11:15:00+00:00,4371.89990234375,4373.60009765625,4371.89990234375,4372.39990234375,132.0
2026-09-17 11:16:00+00:00,4372.7998046875,4374.5,4371.0,4371.60009765625,120.0
2026-09-17 11:17:00+00:00,4371.7001953125,4371.7998046875,4369.10009765625,4369.10009765625,126.0
2026-09-17 11:18:00+00:00,4369.10009765625,4369.89990234375,4368.2001953125,4368.2998046875,150.0
2026-09-17 11:19:00+00:00,4368.39990234375,4369.2001953125,4366.39990234375,4366.39990234375,257.0
2026-09-17 11:20:00+00:00,4366.5,4371.2998046875,4366.39990234375,4371.0,179.0
2026-09-17 11:21:00+00:00,4371.10009765625,4372.2001953125,4370.39990234375,4371.7998046875,112.0
2026-09-17 11:22:00+00:00,4371.7998046875,4372.89990234375,4371.2001953125,4371.39990234375,92.0
2026-09-17 11:23:00+00:00,4371.60009765625,4371.60009765625,4369.5,4370.10009765625,172.0
2026-09-17 11:24:00+00:00,4369.89990234375,4370.2001953125,4368.60009765625,4368.7998046875,109.0
2026-09-17 11:25:00+00:00,4368.39990234375,4369.0,4367.0,4367.10009765625,78.0
2026-09-17 11:26:00+00:00,4367.0,4367.7001953125,4366.5,4367.39990234375,85.0
2026-09-17 11:27:00+00:00,4367.2998046875,4367.39990234375,4366.39990234375,4366.7001953125,39.0
2026-09-17 11:28:00+00:00,4366.2001953125,4368.39990234375,4366.0,4367.39990234375,111.0
2026-09-17 11:29:00+00:00,4367.7998046875,4368.60009765625,4367.39990234375,4368.0,42.0
2026-09-17 11:30:00+00:00,4368.10009765625,4368.2001953125,4366.39990234375,4366.7001953125,102.0
2026-09-17 11:31:00+00:00,4366.60009765625,4367.60009765625,4366.39990234375,4367.60009765625,132.0
2026-09-17 11:32:00+00:00,4367.60009765625,4368.5,4366.7998046875,4367.2998046875,49.0
2026-09-17 11:33:00+00:00,4367.2001953125,4367.2001953125,4364.7001953125,4366.60009765625,100.0
2026-09-17 11:34:00+00:00,4366.5,4367.2001953125,4365.39990234375,4365.89990234375,120.0
2026-09-17 11:35:00+00:00,4365.7998046875,4366.60009765625,4364.60009765625,4366.2001953125,132.0
2026-09-17 11:36:00+00:00,4366.2001953125,4367.2001953125,4365.2998046875,4366.2998046875,94.0
2026-09-17 11:37:00+00:00,4366.2001953125,4366.2998046875,4364.2001953125,4364.89990234375,56.0
2026-09-17 11:38:00+00:00,4364.7998046875,4364.89990234375,4363.60009765625,4364.39990234375,105.0
2026-09-17 11:39:00+00:00,4364.39990234375,4365.60009765625,4364.39990234375,4365.5,47.0
2026-09-17 11:40:00+00:00,4365.2998046875,4365.2998046875,4363.0,4363.10009765625,50.0
2026-09-17 11:41:00+00:00,4363.39990234375,4363.5,4362.89990234375,4363.39990234375,35.0
2026-09-17 11:42:00+00:00,4363.39990234375,4364.7001953125,4362.89990234375,4364.39990234375,133.0
2026-09-17 11:43:00+00:00,4364.7001953125,4366.7001953125,4364.2001953125,4365.7998046875,118.0
2026-09-17 11:44:00+00:00,4366.0,4366.7998046875,4364.60009765625,4364.60009765625,124.0
2026-09-17 11:45:00+00:00,4364.5,4366.39990234375,4364.2001953125,4366.39990234375,56.0
2026-09-17 11:46:00+00:00,4366.2998046875,4367.39990234375,4366.2998046875,4367.10009765625,58.0
2026-09-17 11:47:00+00:00,4367.0,4370.60009765625,4366.5,4370.39990234375,263.0
2026-09-17 11:48:00+00:00,4370.39990234375,4372.5,4370.10009765625,4371.5,193.0
2026-09-17 11:49:00+00:00,4371.2998046875,4372.39990234375,4370.2998046875,4372.39990234375,101.0
2026-09-17 11:50:00+00:00,4372.2001953125,4375.5,4371.10009765625,4374.7998046875,178.0
2026-09-17 11:51:00+00:00,4375.0,4378.2998046875,4374.7001953125,4378.2001953125,178.0
2026-09-17 11:52:00+00:00,4378.2001953125,4378.5,4376.39990234375,4377.10009765625,183.0
2026-09-17 11:53:00+00:00,4377.0,4380.10009765625,4376.60009765625,4379.60009765625,232.0
2026-09-17 11:54:00+00:00,4379.60009765625,4381.7001953125,4379.10009765625,4380.2001953125,213.0
2026-09-17 11:55:00+00:00,4380.5,4383.5,4380.2998046875,4382.0,339.0
2026-09-17 11:56:00+00:00,4382.2998046875,4382.60009765625,4379.5,4381.0,216.0
2026-09-17 11:57:00+00:00,4382.10009765625,4386.39990234375,4382.10009765625,4386.10009765625,317.0
2026-09-17 11:58:00+00:00,4386.0,4393.5,4385.10009765625,4389.7001953125,1685.0
2026-09-17 11:59:00+00:00,4389.5,4390.2998046875,4387.0,4390.0,522.0
2026-09-17 12:00:00+00:00,4390.0,4393.89990234375,4388.0,4392.89990234375,698.0
2026-09-17 12:01:00+00:00,4392.7001953125,4393.5,4388.89990234375,4389.39990234375,404.0
2026-09-17 12:02:00+00:00,4389.5,4390.10009765625,4385.7001953125,4388.5,291.0
2026-09-17 12:03:00+00:00,4388.7001953125,4389.0,4383.7998046875,4384.7998046875,287.0
2026-09-17 12:04:00+00:00,4384.7001953125,4391.7998046875,4384.7001953125,4385.89990234375,1249.0
2026-09-17 12:05:00+00:00,4386.2998046875,4391.2998046875,4385.2998046875,4389.89990234375,294.0
2026-09-17 12:06:00+00:00,4389.39990234375,4389.7998046875,4387.10009765625,4387.60009765625,182.0
2026-09-17 12:07:00+00:00,4388.0,4388.2001953125,4386.0,4387.7998046875,209.0
2026-09-17 12:08:00+00:00,4388.2998046875,4390.60009765625,4387.60009765625,4390.60009765625,150.0
2026-09-17 12:09:00+00:00,4390.7001953125,4394.7001953125,4390.39990234375,4393.2001953125,676.0
2026-09-17 12:10:00+00:00,4393.39990234375,4395.2001953125,4391.5,4391.5,415.0
2026-09-17 12:11:00+00:00,4392.0,4395.60009765625,4392.0,4394.5,232.0
2026-09-17 12:12:00+00:00,4394.7001953125,4395.5,4393.2998046875,4393.5,134.0
2026-09-17 12:13:00+00:00,4393.5,4395.2001953125,4393.10009765625,4394.2998046875,172.0
2026-09-17 12:14:00+00:00,4394.10009765625,4395.60009765625,4392.89990234375,4394.89990234375,228.0
2026-09-17 12:15:00+00:00,4395.10009765625,4396.7001953125,4393.60009765625,4396.60009765625,249.0
2026-09-17 12:16:00+00:00,4396.2001953125,4401.89990234375,4396.10009765625,4400.2998046875,562.0
2026-09-17 12:17:00+00:00,4400.2001953125,4401.2998046875,4398.0,4400.89990234375,414.0
2026-09-17 12:18:00+00:00,4400.89990234375,4405.0,4399.7998046875,4404.5,502.0
2026-09-17 12:19:00+00:00,4404.2998046875,4406.7001953125,4403.5,4405.89990234375,496.0
2026-09-17 12:20:00+00:00,4406.10009765625,4407.60009765625,4403.5,4405.0,517.0
2026-09-17 12:21:00+00:00,4404.89990234375,4414.39990234375,4404.89990234375,4412.7998046875,1431.0
2026-09-17 12:22:00+00:00,4413.0,4414.10009765625,4410.7998046875,4412.89990234375,422.0
2026-09-17 12:23:00+00:00,4413.10009765625,4415.2001953125,4411.60009765625,4413.5,417.0
2026-09-17 12:24:00+00:00,4413.2998046875,4414.2998046875,4408.89990234375,4409.10009765625,478.0
2026-09-17 12:25:00+00:00,4409.5,4412.0,4407.60009765625,4410.7998046875,363.0
2026-09-17 12:26:00+00:00,4410.60009765625,4415.0,4410.39990234375,4414.60009765625,392.0
2026-09-17 12:27:00+00:00,4414.7998046875,4421.2998046875,4414.0,4421.0,868.0
2026-09-17 12:28:00+00:00,4421.10009765625,4421.60009765625,4418.10009765625,4419.60009765625,475.0
2026-09-17 12:29:00+00:00,4419.7001953125,4423.2998046875,4418.89990234375,4421.2998046875,431.0
2026-09-17 12:30:00+00:00,4421.0,4421.0,4414.0,4415.89990234375,683.0
2026-09-17 12:31:00+00:00,4416.7001953125,4417.89990234375,4410.7998046875,4411.2001953125,572.0
2026-09-17 12:32:00+00:00,4411.39990234375,4413.7998046875,4409.0,4410.0,431.0
2026-09-17 12:33:00+00:00,4409.7998046875,4412.2998046875,4408.39990234375,4411.7001953125,539.0
2026-09-17 12:34:00+00:00,4412.39990234375,4412.7998046875,4409.7998046875,4410.7998046875,212.0
2026-09-17 12:35:00+00:00,4410.89990234375,4412.10009765625,4406.0,4407.2001953125,538.0
2026-09-17 12:36:00+00:00,4407.39990234375,4408.0,4405.10009765625,4405.39990234375,339.0
2026-09-17 12:37:00+00:00,4405.2001953125,4407.7001953125,4404.2001953125,4406.60009765625,198.0
2026-09-17 12:38:00+00:00,4406.7998046875,4409.0,4405.7001953125,4407.2001953125,205.0
2026-09-17 12:39:00+00:00,4407.2998046875,4410.7998046875,4406.2998046875,4410.2998046875,114.0
2026-09-17 12:40:00+00:00,4410.2001953125,4410.89990234375,4407.60009765625,4407.60009765625,204.0
2026-09-17 12:41:00+00:00,4408.2001953125,4410.60009765625,4407.7001953125,4408.89990234375,205.0
2026-09-17 12:42:00+00:00,4408.7001953125,4409.0,4404.5,4405.60009765625,276.0
2026-09-17 12:43:00+00:00,4405.60009765625,4405.60009765625,4403.60009765625,4404.2998046875,257.0
2026-09-17 12:44:00+00:00,4404.2998046875,4404.2998046875,4400.7001953125,4400.89990234375,367.0
2026-09-17 12:45:00+00:00,4401.10009765625,4401.7998046875,4399.39990234375,4401.39990234375,319.0
2026-09-17 12:46:00+00:00,4401.60009765625,4403.2998046875,4401.2001953125,4402.2998046875,297.0
2026-09-17 12:47:00+00:00,4402.10009765625,4402.89990234375,4400.60009765625,4401.89990234375,163.0
2026-09-17 12:48:00+00:00,4401.5,4404.89990234375,4401.10009765625,4404.60009765625,248.0
2026-09-17 12:49:00+00:00,4404.7001953125,4407.7001953125,4404.7001953125,4406.89990234375,303.0
2026-09-17 12:50:00+00:00,4407.0,4409.39990234375,4407.0,4408.2001953125,275.0
2026-09-17 12:51:00+00:00,4408.2001953125,4411.60009765625,4407.7001953125,4411.10009765625,228.0
2026-09-17 12:52:00+00:00,4410.89990234375,4413.39990234375,4410.2001953125,4412.2001953125,253.0
2026-09-17 12:53:00+00:00,4412.7998046875,4415.2998046875,4412.7998046875,4414.60009765625,297.0
2026-09-17 12:54:00+00:00,4414.7001953125,4415.0,4413.7998046875,4414.5,195.0
2026-09-17 12:55:00+00:00,4414.5,4414.5,4412.39990234375,4412.5,178.0
2026-09-17 12:56:00+00:00,4412.60009765625,4413.0,4410.7998046875,4411.7001953125,156.0
2026-09-17 12:57:00+00:00,4412.5,4414.0,4411.60009765625,4413.2998046875,307.0
2026-09-17 12:58:00+00:00,4413.5,4414.39990234375,4412.60009765625,4412.89990234375,219.0
2026-09-17 12:59:00+00:00,4413.10009765625,4414.7001953125,4412.10009765625,4413.7998046875,175.0
2026-09-17 13:00:00+00:00,4413.7998046875,4414.39990234375,4406.60009765625,4414.10009765625,916.0
2026-09-17 13:01:00+00:00,4414.10009765625,4415.0,4407.7001953125,4408.2001953125,379.0
2026-09-17 13:02:00+00:00,4408.39990234375,4409.7998046875,4407.2998046875,4407.39990234375,288.0
2026-09-17 13:03:00+00:00,4407.2998046875,4410.5,4406.7001953125,4409.7001953125,194.0
2026-09-17 13:04:00+00:00,4410.0,4410.60009765625,4405.60009765625,4406.5,204.0
2026-09-17 13:05:00+00:00,4406.39990234375,4407.39990234375,4405.2001953125,4405.2001953125,180.0
2026-09-17 13:06:00+00:00,4405.2001953125,4408.39990234375,4404.5,4408.39990234375,184.0
2026-09-17 13:07:00+00:00,4408.39990234375,4408.60009765625,4405.7998046875,4408.0,156.0
2026-09-17 13:08:00+00:00,4408.2001953125,4412.0,4407.60009765625,4410.2001953125,249.0
2026-09-17 13:09:00+00:00,4409.7998046875,4409.7998046875,4406.2001953125,4406.60009765625,142.0
2026-09-17 13:10:00+00:00,4406.7001953125,4406.89990234375,4403.2001953125,4403.2998046875,170.0
2026-09-17 13:11:00+00:00,4403.2998046875,4405.7998046875,4403.2998046875,4404.60009765625,201.0
2026-09-17 13:12:00+00:00,4404.89990234375,4405.0,4401.7998046875,4402.39990234375,185.0
2026-09-17 13:13:00+00:00,4402.2001953125,4402.39990234375,4400.60009765625,4400.89990234375,136.0
2026-09-17 13:14:00+00:00,4400.89990234375,4406.5,4400.7001953125,4406.5,155.0
2026-09-17 13:15:00+00:00,4406.7998046875,4410.7001953125,4406.2001953125,4410.5,224.0
2026-09-17 13:16:00+00:00,4410.60009765625,4411.7001953125,4409.0,4411.7001953125,289.0
2026-09-17 13:17:00+00:00,4411.7001953125,4412.2001953125,4409.5,4411.7998046875,186.0
2026-09-17 13:18:00+00:00,4411.89990234375,4414.89990234375,4411.89990234375,4414.10009765625,161.0
2026-09-17 13:19:00+00:00,4414.0,4415.60009765625,4411.7998046875,4413.0,244.0
2026-09-17 13:20:00+00:00,4413.2001953125,4415.7998046875,4413.2001953125,4414.5,172.0
2026-09-17 13:21:00+00:00,4414.2998046875,4415.39990234375,4413.39990234375,4414.10009765625,88.0
2026-09-17 13:22:00+00:00,4414.39990234375,4415.0,4412.60009765625,4412.60009765625,115.0
2026-09-17 13:23:00+00:00,4412.2998046875,4412.7001953125,4408.5,4408.89990234375,152.0
2026-09-17 13:24:00+00:00,4409.0,4409.2001953125,4406.5,4407.5,263.0
2026-09-17 13:25:00+00:00,4407.5,4408.5,4406.89990234375,4407.7001953125,94.0
2026-09-17 13:26:00+00:00,4407.89990234375,4409.0,4407.0,4408.2001953125,76.0
2026-09-17 13:27:00+00:00,4408.5,4409.0,4406.2998046875,4406.89990234375,96.0
2026-09-17 13:28:00+00:00,4406.60009765625,4407.0,4405.5,4406.60009765625,69.0
2026-09-17 13:29:00+00:00,4406.89990234375,4407.39990234375,4406.2998046875,4407.39990234375,50.0
2026-09-17 13:30:00+00:00,4407.60009765625,4410.2001953125,4406.2998046875,4409.2998046875,498.0
2026-09-17 13:31:00+00:00,4409.2998046875,4410.0,4403.60009765625,4404.39990234375,357.0
2026-09-17 13:32:00+00:00,4404.2998046875,4409.39990234375,4404.2998046875,4407.2001953125,402.0
2026-09-17 13:33:00+00:00,4407.10009765625,4410.0,4406.0,4407.60009765625,224.0
2026-09-17 13:34:00+00:00,4407.89990234375,4412.60009765625,4406.89990234375,4412.5,268.0
2026-09-17 13:35:00+00:00,4412.60009765625,4415.0,4410.5,4411.2001953125,392.0
2026-09-17 13:36:00+00:00,4410.7001953125,4412.0,4406.60009765625,4408.0,343.0
2026-09-17 13:37:00+00:00,4407.89990234375,4410.89990234375,4406.7001953125,4406.7001953125,447.0
2026-09-17 13:38:00+00:00,4406.60009765625,4408.2001953125,4403.60009765625,4403.89990234375,246.0
2026-09-17 13:39:00+00:00,4403.60009765625,4406.60009765625,4401.7998046875,4401.89990234375,199.0
2026-09-17 13:40:00+00:00,4401.89990234375,4402.89990234375,4400.39990234375,4402.7001953125,460.0
2026-09-17 13:41:00+00:00,4402.60009765625,4403.89990234375,4398.10009765625,4399.2998046875,484.0
2026-09-17 13:42:00+00:00,4399.2001953125,4401.60009765625,4398.2998046875,4400.5,295.0
2026-09-17 13:43:00+00:00,4400.89990234375,4402.2998046875,4396.7998046875,4400.10009765625,335.0
2026-09-17 13:44:00+00:00,4400.0,4400.0,4397.2998046875,4398.89990234375,209.0
2026-09-17 13:45:00+00:00,4398.7998046875,4400.7998046875,4395.89990234375,4399.2998046875,379.0
2026-09-17 13:46:00+00:00,4398.89990234375,4405.10009765625,4398.7998046875,4404.7998046875,411.0
2026-09-17 13:47:00+00:00,4404.7001953125,4409.7998046875,4404.7001953125,4407.7998046875,378.0
2026-09-17 13:48:00+00:00,4408.2998046875,4408.39990234375,4404.5,4406.7998046875,276.0
2026-09-17 13:49:00+00:00,4406.60009765625,4409.39990234375,4405.60009765625,4408.10009765625,204.0
2026-09-17 13:50:00+00:00,4408.0,4410.60009765625,4407.2998046875,4410.5,310.0
2026-09-17 13:51:00+00:00,4410.7001953125,4412.5,4409.2001953125,4409.5,366.0
2026-09-17 13:52:00+00:00,4409.60009765625,4410.2998046875,4408.10009765625,4408.39990234375,196.0
2026-09-17 13:53:00+00:00,4408.60009765625,4409.0,4407.0,4408.89990234375,210.0
2026-09-17 13:54:00+00:00,4408.60009765625,4410.0,4406.7001953125,4407.10009765625,341.0
2026-09-17 13:55:00+00:00,4407.10009765625,4409.5,4407.10009765625,4408.5,146.0
2026-09-17 13:56:00+00:00,4408.2998046875,4410.60009765625,4407.39990234375,4409.39990234375,257.0
2026-09-17 13:57:00+00:00,4408.89990234375,4409.2001953125,4406.39990234375,4407.0,217.0
2026-09-17 13:58:00+00:00,4407.10009765625,4407.7001953125,4405.0,4407.39990234375,170.0
2026-09-17 13:59:00+00:00,4407.39990234375,4408.2001953125,4406.89990234375,4407.39990234375,100.0
2026-09-17 14:00:00+00:00,4407.2998046875,4409.39990234375,4405.2001953125,4406.2998046875,244.0
2026-09-17 14:01:00+00:00,4406.89990234375,4409.2998046875,4405.2998046875,4408.7998046875,233.0
2026-09-17 14:02:00+00:00,4408.7001953125,4410.0,4406.7001953125,4409.5,185.0
2026-09-17 14:03:00+00:00,4409.7001953125,4410.7998046875,4408.7998046875,4410.7998046875,159.0
2026-09-17 14:04:00+00:00,4410.7998046875,4411.0,4409.2998046875,4409.89990234375,212.0
2026-09-17 14:05:00+00:00,4409.89990234375,4410.10009765625,4407.2001953125,4410.10009765625,199.0
2026-09-17 14:06:00+00:00,4410.10009765625,4416.5,4410.10009765625,4416.10009765625,583.0
2026-09-17 14:07:00+00:00,4416.10009765625,4418.0,4414.2998046875,4415.5,366.0
2026-09-17 14:08:00+00:00,4415.5,4419.10009765625,4414.60009765625,4418.89990234375,330.0
2026-09-17 14:09:00+00:00,4418.7998046875,4420.89990234375,4417.7001953125,4417.89990234375,561.0
2026-09-17 14:10:00+00:00,4417.89990234375,4420.89990234375,4416.60009765625,4416.89990234375,431.0
2026-09-17 14:11:00+00:00,4416.7998046875,4417.0,4413.5,4413.60009765625,272.0
2026-09-17 14:12:00+00:00,4413.39990234375,4413.39990234375,4409.5,4410.60009765625,298.0
2026-09-17 14:13:00+00:00,4410.60009765625,4413.0,4410.60009765625,4412.60009765625,130.0
2026-09-17 14:14:00+00:00,4412.7001953125,4414.0,4411.7998046875,4412.39990234375,135.0
2026-09-17 14:15:00+00:00,4412.7001953125,4412.7001953125,4410.5,4410.60009765625,137.0
2026-09-17 14:16:00+00:00,4410.39990234375,4413.0,4409.7998046875,4410.39990234375,152.0
2026-09-17 14:17:00+00:00,4410.0,4411.2998046875,4408.39990234375,4409.10009765625,150.0
2026-09-17 14:18:00+00:00,4409.10009765625,4409.2998046875,4406.60009765625,4408.39990234375,226.0
2026-09-17 14:19:00+00:00,4408.39990234375,4410.60009765625,4408.10009765625,4409.7998046875,129.0
2026-09-17 14:20:00+00:00,4410.0,4410.60009765625,4406.10009765625,4406.7001953125,217.0
2026-09-17 14:21:00+00:00,4406.60009765625,4408.2001953125,4406.2001953125,4408.2001953125,123.0
2026-09-17 14:22:00+00:00,4408.39990234375,4410.89990234375,4408.39990234375,4409.60009765625,125.0
2026-09-17 14:23:00+00:00,4409.7001953125,4411.2001953125,4409.10009765625,4410.7001953125,92.0
2026-09-17 14:24:00+00:00,4410.60009765625,4411.2001953125,4409.39990234375,4410.5,93.0
2026-09-17 14:25:00+00:00,4410.5,4411.5,4409.39990234375,4411.0,121.0
2026-09-17 14:26:00+00:00,4411.2998046875,4413.60009765625,4411.2998046875,4412.7998046875,248.0
2026-09-17 14:27:00+00:00,4412.7998046875,4413.10009765625,4409.0,4410.0,136.0
2026-09-17 14:28:00+00:00,4410.2998046875,4410.39990234375,4407.10009765625,4408.2998046875,164.0
2026-09-17 14:29:00+00:00,4408.2998046875,4409.2998046875,4407.5,4407.5,83.0
2026-09-17 14:30:00+00:00,4407.89990234375,4408.0,4404.7998046875,4407.89990234375,261.0
2026-09-17 14:31:00+00:00,4407.39990234375,4408.5,4406.0,4406.10009765625,202.0
2026-09-17 14:32:00+00:00,4406.2001953125,4406.5,4402.39990234375,4404.7998046875,393.0
2026-09-17 14:33:00+00:00,4404.89990234375,4406.2001953125,4404.2001953125,4405.7001953125,124.0
2026-09-17 14:34:00+00:00,4405.7001953125,4408.10009765625,4405.2998046875,4406.89990234375,179.0
2026-09-17 14:35:00+00:00,4407.7998046875,4408.5,4407.0,4407.39990234375,137.0
2026-09-17 14:36:00+00:00,4407.5,4407.7001953125,4405.60009765625,4406.60009765625,209.0
2026-09-17 14:37:00+00:00,4406.39990234375,4406.60009765625,4404.39990234375,4405.7998046875,192.0
2026-09-17 14:38:00+00:00,4405.60009765625,4406.0,4403.39990234375,4403.39990234375,92.0
2026-09-17 14:39:00+00:00,4403.7001953125,4404.2001953125,4401.60009765625,4401.89990234375,192.0
2026-09-17 14:40:00+00:00,4401.7001953125,4404.7001953125,4401.60009765625,4404.5,275.0
2026-09-17 14:41:00+00:00,4404.60009765625,4405.2998046875,4403.2001953125,4404.39990234375,132.0
2026-09-17 14:42:00+00:00,4404.0,4404.0,4402.39990234375,4402.7998046875,83.0
2026-09-17 14:43:00+00:00,4402.7001953125,4402.7001953125,4400.2001953125,4400.2998046875,306.0
2026-09-17 14:44:00+00:00,4400.2998046875,4402.2998046875,4400.2001953125,4401.7001953125,152.0
2026-09-17 14:45:00+00:00,4401.89990234375,4404.2998046875,4400.39990234375,4404.2001953125,242.0
2026-09-17 14:46:00+00:00,4404.5,4405.39990234375,4402.2001953125,4402.5,111.0
2026-09-17 14:47:00+00:00,4402.39990234375,4403.7998046875,4400.0,4401.10009765625,222.0
2026-09-17 14:48:00+00:00,4400.89990234375,4401.89990234375,4399.7998046875,4400.10009765625,306.0
2026-09-17 14:49:00+00:00,4399.7001953125,4402.39990234375,4398.7998046875,4401.7998046875,423.0
2026-09-17 14:50:00+00:00,4402.2001953125,4402.7001953125,4400.10009765625,4400.2998046875,144.0
2026-09-17 14:51:00+00:00,4400.2001953125,4402.7998046875,4400.2001953125,4401.7998046875,139.0
2026-09-17 14:52:00+00:00,4401.7001953125,4401.7001953125,4399.10009765625,4400.39990234375,101.0
2026-09-17 14:53:00+00:00,4400.7001953125,4400.7001953125,4396.2998046875,4396.39990234375,297.0
2026-09-17 14:54:00+00:00,4396.39990234375,4399.60009765625,4396.2998046875,4397.7001953125,272.0
2026-09-17 14:55:00+00:00,4397.7001953125,4398.0,4395.39990234375,4396.2998046875,228.0
2026-09-17 14:56:00+00:00,4396.2001953125,4397.39990234375,4394.2998046875,4395.0,245.0
2026-09-17 14:57:00+00:00,4395.2001953125,4395.7001953125,4393.7001953125,4394.0,221.0
2026-09-17 14:58:00+00:00,4393.89990234375,4395.10009765625,4392.2001953125,4393.2998046875,191.0
2026-09-17 14:59:00+00:00,4393.39990234375,4394.60009765625,4393.0,4394.5,106.0
2026-09-17 15:00:00+00:00,4394.60009765625,4395.2998046875,4391.7998046875,4394.2998046875,354.0
2026-09-17 15:01:00+00:00,4394.2001953125,4394.2001953125,4391.89990234375,4392.0,94.0
2026-09-17 15:02:00+00:00,4392.2998046875,4395.2998046875,4392.0,4395.2001953125,189.0
2026-09-17 15:03:00+00:00,4395.2001953125,4397.7998046875,4395.2001953125,4397.2001953125,163.0
2026-09-17 15:04:00+00:00,4397.0,4397.60009765625,4395.7001953125,4396.10009765625,154.0
2026-09-17 15:05:00+00:00,4396.2998046875,4399.60009765625,4395.89990234375,4397.7001953125,161.0
2026-09-17 15:06:00+00:00,4397.39990234375,4398.5,4397.39990234375,4397.7001953125,42.0
2026-09-17 15:07:00+00:00,4397.5,4399.10009765625,4396.7998046875,4398.39990234375,123.0
2026-09-17 15:08:00+00:00,4398.2001953125,4398.2001953125,4396.10009765625,4397.7998046875,69.0
2026-09-17 15:09:00+00:00,4397.60009765625,4397.7001953125,4396.10009765625,4396.89990234375,86.0
2026-09-17 15:10:00+00:00,4396.60009765625,4397.89990234375,4395.60009765625,4395.60009765625,129.0
2026-09-17 15:11:00+00:00,4395.39990234375,4396.2001953125,4394.2998046875,4395.2998046875,108.0
2026-09-17 15:12:00+00:00,4394.7001953125,4397.39990234375,4393.89990234375,4396.10009765625,147.0
2026-09-17 15:13:00+00:00,4396.2001953125,4401.7001953125,4395.89990234375,4401.39990234375,240.0
2026-09-17 15:14:00+00:00,4401.5,4402.7001953125,4401.2001953125,4402.39990234375,148.0
2026-09-17 15:15:00+00:00,4402.2998046875,4402.7001953125,4400.60009765625,4402.10009765625,167.0
2026-09-17 15:16:00+00:00,4402.5,4403.60009765625,4402.10009765625,4403.5,164.0
2026-09-17 15:17:00+00:00,4403.2998046875,4405.2001953125,4403.2001953125,4404.7998046875,190.0
2026-09-17 15:18:00+00:00,4404.7001953125,4404.7998046875,4404.0,4404.5,65.0
2026-09-17 15:19:00+00:00,4404.5,4404.60009765625,4403.60009765625,4403.7001953125,140.0
2026-09-17 15:20:00+00:00,4403.7998046875,4403.89990234375,4401.7998046875,4401.89990234375,149.0
2026-09-17 15:21:00+00:00,4401.89990234375,4403.60009765625,4401.60009765625,4402.2998046875,144.0
2026-09-17 15:22:00+00:00,4402.39990234375,4402.7001953125,4401.39990234375,4402.2001953125,68.0
2026-09-17 15:23:00+00:00,4402.2001953125,4403.2998046875,4401.2998046875,4402.39990234375,111.0
2026-09-17 15:24:00+00:00,4401.7998046875,4402.60009765625,4399.39990234375,4400.2998046875,174.0
2026-09-17 15:25:00+00:00,4400.10009765625,4403.39990234375,4400.0,4400.89990234375,126.0
2026-09-17 15:26:00+00:00,4400.7001953125,4400.7998046875,4397.0,4397.7998046875,202.0
2026-09-17 15:27:00+00:00,4397.60009765625,4399.10009765625,4397.2998046875,4398.0,120.0
2026-09-17 15:28:00+00:00,4397.7001953125,4399.10009765625,4397.5,4399.0,51.0
2026-09-17 15:29:00+00:00,4399.2001953125,4399.2001953125,4398.0,4398.2998046875,100.0
2026-09-17 15:30:00+00:00,4399.10009765625,4399.5,4397.7998046875,4398.39990234375,93.0
2026-09-17 15:31:00+00:00,4398.7001953125,4399.7001953125,4397.89990234375,4399.2001953125,217.0
2026-09-17 15:32:00+00:00,4398.7998046875,4398.7998046875,4396.5,4396.60009765625,153.0
2026-09-17 15:33:00+00:00,4396.2998046875,4398.5,4396.0,4397.39990234375,88.0
2026-09-17 15:34:00+00:00,4396.7001953125,4400.10009765625,4396.60009765625,4399.5,66.0
2026-09-17 15:35:00+00:00,4399.2998046875,4402.5,4398.2998046875,4401.7001953125,84.0
2026-09-17 15:36:00+00:00,4401.7001953125,4403.0,4401.5,4402.7001953125,74.0
2026-09-17 15:37:00+00:00,4402.60009765625,4403.7998046875,4402.2001953125,4403.5,165.0
2026-09-17 15:38:00+00:00,4403.2998046875,4404.10009765625,4402.5,4403.10009765625,202.0
2026-09-17 15:39:00+00:00,4403.39990234375,4403.39990234375,4402.0,4402.7998046875,106.0
2026-09-17 15:40:00+00:00,4402.89990234375,4405.2001953125,4402.60009765625,4404.7001953125,115.0
2026-09-17 15:41:00+00:00,4404.60009765625,4405.39990234375,4403.7998046875,4405.2001953125,131.0
2026-09-17 15:42:00+00:00,4405.39990234375,4406.0,4404.10009765625,4404.2998046875,141.0
2026-09-17 15:43:00+00:00,4404.2998046875,4405.2001953125,4403.89990234375,4405.2001953125,103.0
2026-09-17 15:44:00+00:00,4405.2001953125,4407.39990234375,4405.10009765625,4405.89990234375,165.0
2026-09-17 15:45:00+00:00,4405.89990234375,4407.0,4405.0,4406.10009765625,185.0
2026-09-17 15:46:00+00:00,4406.2998046875,4406.5,4405.39990234375,4405.7998046875,50.0
2026-09-17 15:47:00+00:00,4405.7998046875,4405.7998046875,4403.60009765625,4404.5,229.0
2026-09-17 15:48:00+00:00,4404.5,4406.39990234375,4404.5,4405.10009765625,111.0
2026-09-17 15:49:00+00:00,4405.0,4407.89990234375,4404.2998046875,4405.7001953125,342.0
2026-09-17 15:50:00+00:00,4405.5,4406.7001953125,4404.10009765625,4404.7001953125,140.0
2026-09-17 15:51:00+00:00,4404.60009765625,4406.60009765625,4404.2998046875,4406.2001953125,64.0
2026-09-17 15:52:00+00:00,4406.2001953125,4407.7001953125,4405.89990234375,4407.5,119.0
2026-09-17 15:53:00+00:00,4407.39990234375,4407.39990234375,4405.89990234375,4405.89990234375,120.0
2026-09-17 15:54:00+00:00,4406.0,4406.89990234375,4405.7001953125,4406.89990234375,56.0
2026-09-17 15:55:00+00:00,4406.2998046875,4407.39990234375,4405.2998046875,4406.7998046875,75.0
2026-09-17 15:56:00+00:00,4406.60009765625,4407.5,4405.5,4406.60009765625,108.0
2026-09-17 15:57:00+00:00,4406.2998046875,4407.0,4406.2001953125,4406.7998046875,48.0
2026-09-17 15:58:00+00:00,4406.7001953125,4408.89990234375,4406.39990234375,4408.60009765625,126.0
2026-09-17 15:59:00+00:00,4408.10009765625,4410.2001953125,4407.7001953125,4409.7998046875,156.0
2026-09-17 16:00:00+00:00,4410.10009765625,4411.60009765625,4409.2998046875,4411.60009765625,270.0
2026-09-17 16:01:00+00:00,4411.7001953125,4412.7001953125,4411.2001953125,4411.7998046875,223.0
2026-09-17 16:02:00+00:00,4411.7001953125,4412.10009765625,4410.2001953125,4411.0,159.0
2026-09-17 16:03:00+00:00,4411.2001953125,4412.10009765625,4410.10009765625,4410.2998046875,89.0
2026-09-17 16:04:00+00:00,4410.2001953125,4410.39990234375,4408.7001953125,4409.7001953125,169.0
2026-09-17 16:05:00+00:00,4409.7998046875,4411.39990234375,4409.7998046875,4410.0,193.0
2026-09-17 16:06:00+00:00,4410.10009765625,4410.10009765625,4408.39990234375,4409.39990234375,121.0
2026-09-17 16:07:00+00:00,4409.2001953125,4409.2001953125,4407.7001953125,4409.0,135.0
2026-09-17 16:08:00+00:00,4409.10009765625,4409.7001953125,4407.2998046875,4407.5,120.0
2026-09-17 16:09:00+00:00,4407.7001953125,4409.7998046875,4407.60009765625,4409.5,133.0
2026-09-17 16:10:00+00:00,4410.0,4410.2001953125,4408.2998046875,4408.60009765625,104.0
2026-09-17 16:11:00+00:00,4408.60009765625,4409.2998046875,4408.0,4408.2998046875,108.0
2026-09-17 16:12:00+00:00,4408.39990234375,4409.2998046875,4408.2001953125,4409.10009765625,76.0
2026-09-17 16:13:00+00:00,4409.0,4409.2998046875,4406.7998046875,4407.7001953125,348.0
2026-09-17 16:14:00+00:00,4407.39990234375,4408.39990234375,4407.2998046875,4407.60009765625,89.0
2026-09-17 16:15:00+00:00,4407.7998046875,4408.60009765625,4407.2998046875,4407.60009765625,142.0
2026-09-17 16:16:00+00:00,4407.5,4407.5,4405.89990234375,4407.0,98.0
2026-09-17 16:17:00+00:00,4407.2001953125,4407.5,4406.7001953125,4407.0,61.0
2026-09-17 16:18:00+00:00,4406.89990234375,4407.39990234375,4406.10009765625,4406.89990234375,71.0
2026-09-17 16:19:00+00:00,4406.7998046875,4407.7001953125,4405.5,4406.89990234375,71.0
2026-09-17 16:20:00+00:00,4406.89990234375,4407.7001953125,4406.10009765625,4406.39990234375,81.0
2026-09-17 16:21:00+00:00,4406.39990234375,4406.89990234375,4406.0,4406.2998046875,52.0
2026-09-17 16:22:00+00:00,4406.0,4407.10009765625,4405.60009765625,4406.7001953125,143.0
2026-09-17 16:23:00+00:00,4406.60009765625,4408.0,4406.60009765625,4407.60009765625,66.0
2026-09-17 16:24:00+00:00,4407.39990234375,4408.10009765625,4407.2001953125,4407.5,61.0
2026-09-17 16:25:00+00:00,4407.39990234375,4408.0,4404.7998046875,4404.7998046875,103.0
2026-09-17 16:26:00+00:00,4404.7001953125,4405.7998046875,4403.2998046875,4405.60009765625,227.0
2026-09-17 16:27:00+00:00,4405.39990234375,4406.10009765625,4403.7998046875,4404.89990234375,137.0
2026-09-17 16:28:00+00:00,4404.7998046875,4406.89990234375,4404.7998046875,4406.7998046875,62.0
2026-09-17 16:29:00+00:00,4406.60009765625,4407.7001953125,4406.39990234375,4407.2998046875,94.0
2026-09-17 16:30:00+00:00,4407.2001953125,4407.39990234375,4404.7001953125,4406.2998046875,104.0
2026-09-17 16:31:00+00:00,4406.0,4406.10009765625,4403.39990234375,4403.39990234375,94.0
2026-09-17 16:32:00+00:00,4403.39990234375,4403.60009765625,4401.10009765625,4401.5,199.0
2026-09-17 16:33:00+00:00,4401.5,4401.89990234375,4399.60009765625,4399.60009765625,160.0
2026-09-17 16:34:00+00:00,4399.5,4399.60009765625,4397.10009765625,4398.2998046875,410.0
2026-09-17 16:35:00+00:00,4398.5,4399.5,4398.10009765625,4398.60009765625,174.0
2026-09-17 16:36:00+00:00,4398.39990234375,4400.2998046875,4397.5,4400.0,134.0
2026-09-17 16:37:00+00:00,4400.10009765625,4400.7001953125,4398.7001953125,4399.89990234375,87.0
2026-09-17 16:38:00+00:00,4399.5,4399.7001953125,4397.7998046875,4398.7998046875,169.0
2026-09-17 16:39:00+00:00,4399.10009765625,4400.2001953125,4398.39990234375,4399.7001953125,86.0
2026-09-17 16:40:00+00:00,4399.7998046875,4400.2001953125,4398.7998046875,4399.7001953125,80.0
2026-09-17 16:41:00+00:00,4399.7001953125,4400.0,4398.7998046875,4399.89990234375,61.0
2026-09-17 16:42:00+00:00,4399.60009765625,4399.7001953125,4397.5,4397.7001953125,94.0
2026-09-17 16:43:00+00:00,4397.5,4398.10009765625,4397.2001953125,4397.7001953125,61.0
2026-09-17 16:44:00+00:00,4398.10009765625,4399.7001953125,4397.2001953125,4399.7001953125,133.0
2026-09-17 16:45:00+00:00,4399.60009765625,4401.2998046875,4399.5,4400.89990234375,161.0
2026-09-17 16:46:00+00:00,4400.7998046875,4401.10009765625,4399.7001953125,4400.2998046875,87.0
2026-09-17 16:47:00+00:00,4400.39990234375,4401.10009765625,4400.2001953125,4400.7001953125,18.0
2026-09-17 16:48:00+00:00,4400.5,4400.60009765625,4398.2998046875,4398.2998046875,94.0
2026-09-17 16:49:00+00:00,4398.2998046875,4398.60009765625,4397.5,4398.0,50.0
2026-09-17 16:50:00+00:00,4397.5,4397.60009765625,4396.2001953125,4396.2998046875,103.0
2026-09-17 16:51:00+00:00,4396.39990234375,4397.10009765625,4395.7001953125,4396.7998046875,103.0
2026-09-17 16:52:00+00:00,4396.7001953125,4399.2001953125,4396.60009765625,4399.2001953125,126.0
2026-09-17 16:53:00+00:00,4399.10009765625,4400.7001953125,4398.60009765625,4400.39990234375,68.0
2026-09-17 16:54:00+00:00,4400.10009765625,4400.7001953125,4399.39990234375,4399.7998046875,80.0
2026-09-17 16:55:00+00:00,4399.89990234375,4400.10009765625,4395.2998046875,4397.39990234375,1006.0
2026-09-17 16:56:00+00:00,4397.0,4398.89990234375,4396.89990234375,4398.7001953125,112.0
2026-09-17 16:57:00+00:00,4399.0,4400.2998046875,4398.2998046875,4400.2001953125,114.0
2026-09-17 16:58:00+00:00,4400.2001953125,4401.2001953125,4400.0,4400.7001953125,125.0
2026-09-17 16:59:00+00:00,4400.2998046875,4402.10009765625,4400.2998046875,4401.89990234375,56.0
2026-09-17 17:00:00+00:00,4402.10009765625,4404.39990234375,4401.10009765625,4404.2998046875,122.0
2026-09-17 17:01:00+00:00,4404.39990234375,4404.39990234375,4401.2001953125,4402.2998046875,328.0
2026-09-17 17:02:00+00:00,4402.10009765625,4402.10009765625,4398.2001953125,4398.39990234375,233.0
2026-09-17 17:03:00+00:00,4398.2998046875,4399.7001953125,4398.2001953125,4399.5,96.0
2026-09-17 17:04:00+00:00,4399.39990234375,4402.2998046875,4399.2998046875,4402.2998046875,73.0
2026-09-17 17:05:00+00:00,4402.39990234375,4403.10009765625,4401.7998046875,4403.0,63.0
2026-09-17 17:06:00+00:00,4402.89990234375,4404.7998046875,4402.7001953125,4404.5,91.0
2026-09-17 17:07:00+00:00,4404.89990234375,4405.7001953125,4404.7001953125,4405.39990234375,61.0
2026-09-17 17:08:00+00:00,4405.39990234375,4405.39990234375,4403.2998046875,4403.7001953125,117.0
2026-09-17 17:09:00+00:00,4403.5,4404.5,4402.89990234375,4403.7001953125,134.0
2026-09-17 17:10:00+00:00,4403.5,4404.0,4401.7998046875,4402.60009765625,78.0
2026-09-17 17:11:00+00:00,4402.7001953125,4403.10009765625,4402.0,4402.2998046875,52.0
2026-09-17 17:12:00+00:00,4402.2998046875,4402.39990234375,4400.5,4400.7998046875,66.0
2026-09-17 17:13:00+00:00,4400.7001953125,4403.39990234375,4400.7001953125,4403.10009765625,69.0
2026-09-17 17:14:00+00:00,4403.2001953125,4403.89990234375,4401.7001953125,4401.7001953125,36.0
2026-09-17 17:15:00+00:00,4401.89990234375,4403.0,4401.2998046875,4402.2001953125,113.0
2026-09-17 17:16:00+00:00,4402.10009765625,4402.10009765625,4399.10009765625,4399.7001953125,176.0
2026-09-17 17:17:00+00:00,4399.7001953125,4400.39990234375,4399.5,4400.10009765625,55.0
2026-09-17 17:18:00+00:00,4399.89990234375,4400.10009765625,4399.10009765625,4399.7998046875,43.0
2026-09-17 17:19:00+00:00,4399.7001953125,4400.7998046875,4399.2998046875,4400.2001953125,62.0
2026-09-17 17:20:00+00:00,4400.2001953125,4401.7998046875,4400.0,4401.60009765625,103.0
2026-09-17 17:21:00+00:00,4401.2998046875,4401.2998046875,4400.5,4401.10009765625,31.0
2026-09-17 17:22:00+00:00,4400.60009765625,4401.2998046875,4400.0,4400.0,55.0
2026-09-17 17:23:00+00:00,4400.2001953125,4400.2998046875,4398.39990234375,4398.39990234375,234.0
2026-09-17 17:24:00+00:00,4398.5,4399.89990234375,4397.60009765625,4399.89990234375,100.0
2026-09-17 17:25:00+00:00,4399.89990234375,4402.39990234375,4399.89990234375,4401.89990234375,257.0
2026-09-17 17:26:00+00:00,4401.7998046875,4401.7998046875,4400.5,4401.2998046875,59.0
2026-09-17 17:27:00+00:00,4401.10009765625,4401.39990234375,4399.89990234375,4400.60009765625,143.0
2026-09-17 17:28:00+00:00,4400.89990234375,4401.2001953125,4399.39990234375,4399.60009765625,281.0
2026-09-17 17:29:00+00:00,4399.7001953125,4400.39990234375,4398.7998046875,4400.2001953125,638.0
2026-09-17 17:30:00+00:00,4400.2998046875,4401.10009765625,4400.10009765625,4401.10009765625,89.0
2026-09-17 17:31:00+00:00,4401.2001953125,4402.0,4401.10009765625,4401.5,80.0
2026-09-17 17:32:00+00:00,4401.10009765625,4401.89990234375,4400.2998046875,4401.60009765625,37.0
2026-09-17 17:33:00+00:00,4401.60009765625,4402.2001953125,4401.0,4401.0,54.0
2026-09-17 17:34:00+00:00,4401.0,4402.10009765625,4400.39990234375,4402.0,51.0
2026-09-17 17:35:00+00:00,4401.89990234375,4402.89990234375,4401.60009765625,4402.5,56.0
2026-09-17 17:36:00+00:00,4402.60009765625,4403.7001953125,4401.60009765625,4401.7001953125,85.0
2026-09-17 17:37:00+00:00,4401.7001953125,4402.89990234375,4399.39990234375,4399.5,107.0
2026-09-17 17:38:00+00:00,4399.2998046875,4399.2998046875,4398.2001953125,4398.7998046875,65.0
2026-09-17 17:39:00+00:00,4398.7001953125,4399.0,4397.2998046875,4397.7001953125,118.0
2026-09-17 17:40:00+00:00,4397.7001953125,4399.2998046875,4397.7001953125,4399.10009765625,41.0
2026-09-17 17:41:00+00:00,4399.39990234375,4400.2001953125,4399.2001953125,4399.2001953125,60.0
2026-09-17 17:42:00+00:00,4399.2001953125,4400.2001953125,4398.7001953125,4399.7001953125,55.0
2026-09-17 17:43:00+00:00,4400.0,4400.5,4399.5,4399.7998046875,31.0
2026-09-17 17:44:00+00:00,4399.7998046875,4400.7001953125,4399.7998046875,4400.2001953125,20.0
2026-09-17 17:45:00+00:00,4400.2001953125,4400.7001953125,4399.60009765625,4399.60009765625,39.0
2026-09-17 17:46:00+00:00,4399.2998046875,4400.2001953125,4399.2998046875,4399.89990234375,21.0
2026-09-17 17:47:00+00:00,4400.2001953125,4400.39990234375,4400.0,4400.2998046875,15.0
2026-09-17 17:48:00+00:00,4400.39990234375,4400.39990234375,4398.60009765625,4399.2001953125,65.0
2026-09-17 17:49:00+00:00,4399.0,4399.2998046875,4398.7998046875,4399.10009765625,23.0
2026-09-17 17:50:00+00:00,4399.2001953125,4399.89990234375,4399.2001953125,4399.5,21.0
2026-09-17 17:51:00+00:00,4399.39990234375,4401.2998046875,4399.2001953125,4401.2001953125,39.0
2026-09-17 17:52:00+00:00,4400.39990234375,4400.60009765625,4399.7001953125,4399.7998046875,17.0
2026-09-17 17:53:00+00:00,4399.5,4400.39990234375,4399.39990234375,4400.10009765625,27.0
2026-09-17 17:54:00+00:00,4400.2001953125,4401.0,4399.60009765625,4399.89990234375,72.0
2026-09-17 17:55:00+00:00,4400.0,4400.7001953125,4400.0,4400.10009765625,17.0
2026-09-17 17:56:00+00:00,4400.2998046875,4400.2998046875,4400.0,4400.0,7.0
2026-09-17 17:57:00+00:00,4400.39990234375,4401.39990234375,4400.0,4400.2001953125,84.0
2026-09-17 17:58:00+00:00,4400.0,4401.2998046875,4400.0,4400.2001953125,37.0
2026-09-17 17:59:00+00:00,4400.10009765625,4400.39990234375,4399.89990234375,4400.2998046875,43.0
2026-09-17 18:00:00+00:00,4401.2001953125,4401.39990234375,4400.10009765625,4400.5,49.0
2026-09-17 18:01:00+00:00,4400.7001953125,4401.10009765625,4400.39990234375,4400.60009765625,21.0
2026-09-17 18:02:00+00:00,4401.2001953125,4401.39990234375,4400.60009765625,4400.60009765625,16.0
2026-09-17 18:03:00+00:00,4400.10009765625,4401.60009765625,4400.10009765625,4401.60009765625,13.0
2026-09-17 18:04:00+00:00,4401.7001953125,4403.0,4401.7001953125,4403.0,65.0
2026-09-17 18:05:00+00:00,4402.89990234375,4404.39990234375,4402.89990234375,4403.7001953125,62.0
2026-09-17 18:06:00+00:00,4403.89990234375,4404.2998046875,4402.2001953125,4402.39990234375,62.0
2026-09-17 18:07:00+00:00,4402.10009765625,4402.2998046875,4400.60009765625,4401.7998046875,61.0
2026-09-17 18:08:00+00:00,4401.7998046875,4402.7001953125,4401.7998046875,4402.5,36.0
2026-09-17 18:09:00+00:00,4402.2998046875,4403.0,4401.7998046875,4402.10009765625,96.0
2026-09-17 18:10:00+00:00,4401.89990234375,4402.2001953125,4401.2001953125,4402.10009765625,28.0
2026-09-17 18:11:00+00:00,4402.39990234375,4403.5,4402.39990234375,4403.39990234375,54.0
2026-09-17 18:12:00+00:00,4403.2001953125,4405.39990234375,4403.2001953125,4404.7998046875,59.0
2026-09-17 18:13:00+00:00,4404.7998046875,4405.2998046875,4404.10009765625,4404.7998046875,53.0
2026-09-17 18:14:00+00:00,4404.7998046875,4405.5,4404.7001953125,4404.7001953125,30.0
2026-09-17 18:15:00+00:00,4404.7998046875,4405.39990234375,4404.7998046875,4405.39990234375,18.0
2026-09-17 18:16:00+00:00,4405.2998046875,4405.60009765625,4403.7001953125,4403.7001953125,70.0
2026-09-17 18:17:00+00:00,4404.0,4404.39990234375,4403.39990234375,4403.5,28.0
2026-09-17 18:18:00+00:00,4403.2001953125,4403.2001953125,4401.60009765625,4401.60009765625,88.0
2026-09-17 18:19:00+00:00,4401.60009765625,4402.10009765625,4400.39990234375,4400.7998046875,63.0
2026-09-17 18:20:00+00:00,4400.7998046875,4401.2998046875,4399.89990234375,4400.7001953125,43.0
2026-09-17 18:21:00+00:00,4400.7001953125,4400.7998046875,4398.2001953125,4398.60009765625,137.0
2026-09-17 18:22:00+00:00,4398.2001953125,4398.5,4397.2001953125,4398.2998046875,57.0
2026-09-17 18:23:00+00:00,4398.2998046875,4398.7998046875,4396.89990234375,4397.5,88.0
2026-09-17 18:24:00+00:00,4398.0,4398.0,4397.10009765625,4397.7001953125,26.0
2026-09-17 18:25:00+00:00,4397.7001953125,4399.0,4397.2998046875,4397.2998046875,67.0
2026-09-17 18:26:00+00:00,4397.39990234375,4398.2998046875,4397.39990234375,4398.2001953125,26.0
2026-09-17 18:27:00+00:00,4398.10009765625,4398.5,4398.10009765625,4398.10009765625,21.0
2026-09-17 18:28:00+00:00,4398.2001953125,4398.2998046875,4397.2001953125,4397.89990234375,25.0
2026-09-17 18:29:00+00:00,4397.39990234375,4397.39990234375,4395.7998046875,4396.0,152.0
2026-09-17 18:30:00+00:00,4396.2998046875,4396.5,4393.10009765625,4393.2001953125,292.0
2026-09-17 18:31:00+00:00,4393.10009765625,4394.0,4393.0,4393.60009765625,79.0
2026-09-17 18:32:00+00:00,4393.7998046875,4393.7998046875,4392.7001953125,4393.39990234375,101.0
2026-09-17 18:33:00+00:00,4393.0,4393.0,4390.7001953125,4391.2001953125,127.0
2026-09-17 18:34:00+00:00,4391.0,4391.7001953125,4389.2998046875,4389.2998046875,223.0
2026-09-17 18:35:00+00:00,4389.39990234375,4389.7998046875,4388.2001953125,4388.5,179.0
2026-09-17 18:36:00+00:00,4388.60009765625,4389.7001953125,4388.10009765625,4389.10009765625,98.0
2026-09-17 18:37:00+00:00,4389.2998046875,4390.89990234375,4389.2998046875,4389.89990234375,177.0
2026-09-17 18:38:00+00:00,4390.10009765625,4391.7001953125,4389.2001953125,4390.89990234375,159.0
2026-09-17 18:39:00+00:00,4390.60009765625,4391.2998046875,4389.7998046875,4391.2001953125,47.0
2026-09-17 18:40:00+00:00,4390.89990234375,4392.0,4390.2998046875,4392.0,81.0
2026-09-17 18:41:00+00:00,4392.0,4392.7001953125,4391.60009765625,4391.89990234375,42.0
2026-09-17 18:42:00+00:00,4391.89990234375,4392.10009765625,4390.7998046875,4391.2001953125,72.0
2026-09-17 18:43:00+00:00,4391.10009765625,4392.7001953125,4390.7001953125,4392.2998046875,95.0
2026-09-17 18:44:00+00:00,4392.10009765625,4392.60009765625,4391.5,4391.5,43.0
2026-09-17 18:45:00+00:00,4391.60009765625,4392.0,4390.89990234375,4391.39990234375,73.0
2026-09-17 18:46:00+00:00,4391.5,4391.5,4389.7001953125,4390.7001953125,147.0
2026-09-17 18:47:00+00:00,4390.89990234375,4391.10009765625,4390.10009765625,4390.5,43.0
2026-09-17 18:48:00+00:00,4390.39990234375,4392.10009765625,4390.2998046875,4392.10009765625,91.0
2026-09-17 18:49:00+00:00,4391.89990234375,4392.2001953125,4391.2998046875,4391.5,118.0
2026-09-17 18:50:00+00:00,4391.39990234375,4391.60009765625,4389.7998046875,4390.2001953125,76.0
2026-09-17 18:51:00+00:00,4390.5,4391.60009765625,4389.2998046875,4390.7998046875,60.0
2026-09-17 18:52:00+00:00,4390.89990234375,4391.39990234375,4389.60009765625,4389.89990234375,35.0
2026-09-17 18:53:00+00:00,4389.7998046875,4390.10009765625,4388.7001953125,4390.0,70.0
2026-09-17 18:54:00+00:00,4389.89990234375,4390.2998046875,4389.60009765625,4390.0,29.0
2026-09-17 18:55:00+00:00,4390.2998046875,4390.89990234375,4389.7998046875,4390.39990234375,60.0
2026-09-17 18:56:00+00:00,4390.2001953125,4390.2998046875,4389.5,4390.2998046875,69.0
2026-09-17 18:57:00+00:00,4390.60009765625,4391.2001953125,4390.5,4390.7998046875,31.0
2026-09-17 18:58:00+00:00,4390.89990234375,4391.39990234375,4390.7001953125,4391.39990234375,29.0
2026-09-17 18:59:00+00:00,4391.10009765625,4391.10009765625,4390.5,4390.89990234375,54.0
2026-09-17 19:00:00+00:00,4391.2001953125,4393.2001953125,4390.7001953125,4393.2001953125,87.0
2026-09-17 19:01:00+00:00,4392.89990234375,4395.10009765625,4392.39990234375,4394.7001953125,116.0
2026-09-17 19:02:00+00:00,4394.5,4394.5,4393.10009765625,4393.39990234375,65.0
2026-09-17 19:03:00+00:00,4393.60009765625,4394.7001953125,4393.60009765625,4393.89990234375,52.0
2026-09-17 19:04:00+00:00,4393.60009765625,4394.2001953125,4393.5,4393.7001953125,28.0
2026-09-17 19:05:00+00:00,4393.7998046875,4394.60009765625,4393.39990234375,4394.2998046875,36.0
2026-09-17 19:06:00+00:00,4394.5,4394.7998046875,4393.39990234375,4394.2001953125,34.0
2026-09-17 19:07:00+00:00,4394.2001953125,4394.2001953125,4393.2001953125,4394.10009765625,53.0
2026-09-17 19:08:00+00:00,4394.2998046875,4395.39990234375,4393.7998046875,4394.39990234375,81.0
2026-09-17 19:09:00+00:00,4394.2001953125,4394.2998046875,4393.0,4394.10009765625,49.0
2026-09-17 19:10:00+00:00,4394.10009765625,4394.5,4394.0,4394.10009765625,27.0
2026-09-17 19:11:00+00:00,4393.60009765625,4394.89990234375,4393.60009765625,4394.2001953125,23.0
2026-09-17 19:12:00+00:00,4394.39990234375,4395.10009765625,4392.7998046875,4395.10009765625,59.0
2026-09-17 19:13:00+00:00,4394.89990234375,4395.2001953125,4394.60009765625,4394.60009765625,33.0
2026-09-17 19:14:00+00:00,4394.2001953125,4394.2001953125,4393.89990234375,4394.10009765625,36.0
2026-09-17 19:15:00+00:00,4394.0,4394.2001953125,4392.5,4392.5,28.0
2026-09-17 19:16:00+00:00,4392.7001953125,4392.7001953125,4390.60009765625,4390.89990234375,55.0
2026-09-17 19:17:00+00:00,4390.2998046875,4390.2998046875,4388.2998046875,4388.7001953125,130.0
2026-09-17 19:18:00+00:00,4388.5,4390.2998046875,4388.5,4389.60009765625,72.0
2026-09-17 19:19:00+00:00,4389.60009765625,4391.5,4389.39990234375,4391.2001953125,113.0
2026-09-17 19:20:00+00:00,4391.39990234375,4391.39990234375,4390.0,4390.0,48.0
2026-09-17 19:21:00+00:00,4390.0,4390.0,4386.7001953125,4387.2998046875,220.0
2026-09-17 19:22:00+00:00,4387.7001953125,4388.10009765625,4387.2998046875,4387.7001953125,48.0
2026-09-17 19:23:00+00:00,4387.5,4387.7998046875,4386.7001953125,4386.7001953125,43.0
2026-09-17 19:24:00+00:00,4386.7001953125,4388.2998046875,4386.60009765625,4386.7998046875,75.0
2026-09-17 19:25:00+00:00,4386.89990234375,4389.10009765625,4386.89990234375,4388.39990234375,73.0
2026-09-17 19:26:00+00:00,4389.0,4389.10009765625,4386.10009765625,4386.10009765625,109.0
2026-09-17 19:27:00+00:00,4386.2998046875,4386.2998046875,4384.10009765625,4384.10009765625,155.0
2026-09-17 19:28:00+00:00,4384.2998046875,4384.7001953125,4382.7001953125,4383.89990234375,270.0
2026-09-17 19:29:00+00:00,4384.0,4384.2998046875,4382.39990234375,4382.39990234375,101.0
2026-09-17 19:30:00+00:00,4382.5,4385.0,4381.60009765625,4383.2998046875,123.0
2026-09-17 19:31:00+00:00,4383.39990234375,4386.0,4383.2001953125,4384.7998046875,49.0
2026-09-17 19:32:00+00:00,4385.2998046875,4385.2998046875,4384.0,4384.2001953125,47.0
2026-09-17 19:33:00+00:00,4383.7998046875,4384.10009765625,4382.89990234375,4383.7998046875,82.0
2026-09-17 19:34:00+00:00,4383.60009765625,4384.2001953125,4383.10009765625,4383.10009765625,61.0
2026-09-17 19:35:00+00:00,4382.89990234375,4384.0,4382.5,4382.5,57.0
2026-09-17 19:36:00+00:00,4382.7001953125,4384.0,4382.2998046875,4383.2001953125,64.0
2026-09-17 19:37:00+00:00,4383.5,4383.5,4382.89990234375,4383.0,24.0
2026-09-17 19:38:00+00:00,4383.0,4383.7998046875,4382.89990234375,4382.89990234375,42.0
2026-09-17 19:39:00+00:00,4383.0,4383.60009765625,4382.10009765625,4383.60009765625,18.0
2026-09-17 19:40:00+00:00,4383.5,4384.7998046875,4383.5,4384.7998046875,53.0
2026-09-17 19:41:00+00:00,4384.39990234375,4384.89990234375,4383.7001953125,4384.0,47.0
2026-09-17 19:42:00+00:00,4383.89990234375,4384.39990234375,4383.5,4384.2998046875,34.0
2026-09-17 19:43:00+00:00,4384.10009765625,4384.7998046875,4383.60009765625,4384.5,44.0
2026-09-17 19:44:00+00:00,4384.60009765625,4385.0,4384.2001953125,4384.60009765625,47.0
2026-09-17 19:45:00+00:00,4384.5,4385.60009765625,4384.2998046875,4385.10009765625,58.0
2026-09-17 19:46:00+00:00,4385.7001953125,4386.7998046875,4384.60009765625,4384.89990234375,159.0
2026-09-17 19:47:00+00:00,4384.89990234375,4386.10009765625,4384.7998046875,4385.39990234375,32.0
2026-09-17 19:48:00+00:00,4385.0,4385.0,4383.2001953125,4383.60009765625,179.0
2026-09-17 19:49:00+00:00,4383.7001953125,4384.2998046875,4383.39990234375,4384.2001953125,50.0
2026-09-17 19:50:00+00:00,4384.7001953125,4386.0,4384.2001953125,4385.39990234375,88.0
2026-09-17 19:51:00+00:00,4385.2998046875,4386.5,4384.89990234375,4386.5,92.0
2026-09-17 19:52:00+00:00,4386.5,4387.2998046875,4385.2001953125,4386.5,108.0
2026-09-17 19:53:00+00:00,4386.7998046875,4388.5,4386.2001953125,4388.5,100.0
2026-09-17 19:54:00+00:00,4388.2998046875,4388.7998046875,4386.7998046875,4387.39990234375,75.0
2026-09-17 19:55:00+00:00,4387.2001953125,4387.39990234375,4386.5,4386.5,63.0
2026-09-17 19:56:00+00:00,4386.60009765625,4388.10009765625,4386.5,4387.89990234375,49.0
2026-09-17 19:57:00+00:00,4388.0,4388.0,4386.60009765625,4387.2001953125,64.0
2026-09-17 19:58:00+00:00,4387.2998046875,4388.2998046875,4386.2998046875,4386.60009765625,121.0
2026-09-17 19:59:00+00:00,4386.60009765625,4386.7001953125,4385.10009765625,4385.2001953125,150.0
2026-09-17 20:00:00+00:00,4385.60009765625,4386.2001953125,4385.0,4385.60009765625,86.0
2026-09-17 20:01:00+00:00,4385.2998046875,4385.89990234375,4384.2998046875,4384.2998046875,54.0
2026-09-17 20:02:00+00:00,4384.5,4384.7998046875,4384.0,4384.39990234375,35.0
2026-09-17 20:03:00+00:00,4384.5,4385.5,4384.5,4385.2001953125,109.0
2026-09-17 20:04:00+00:00,4385.0,4385.0,4383.39990234375,4383.60009765625,29.0
2026-09-17 20:05:00+00:00,4383.60009765625,4384.2998046875,4382.5,4384.2998046875,62.0
2026-09-17 20:06:00+00:00,4384.5,4384.60009765625,4383.89990234375,4384.2001953125,22.0
2026-09-17 20:07:00+00:00,4384.39990234375,4385.2001953125,4384.39990234375,4384.89990234375,23.0
2026-09-17 20:08:00+00:00,4385.0,4385.2001953125,4384.5,4384.5,22.0
2026-09-17 20:09:00+00:00,4384.39990234375,4384.5,4383.60009765625,4384.2998046875,28.0
2026-09-17 20:10:00+00:00,4384.2001953125,4384.2001953125,4382.39990234375,4383.10009765625,36.0
2026-09-17 20:11:00+00:00,4383.10009765625,4383.10009765625,4382.39990234375,4382.60009765625,16.0
2026-09-17 20:12:00+00:00,4382.5,4382.5,4381.7998046875,4382.0,17.0
2026-09-17 20:13:00+00:00,4382.0,4382.0,4381.7001953125,4381.7998046875,10.0
2026-09-17 20:14:00+00:00,4382.0,4382.5,4382.0,4382.2998046875,10.0
2026-09-17 20:15:00+00:00,4382.60009765625,4382.89990234375,4382.60009765625,4382.7998046875,8.0
2026-09-17 20:16:00+00:00,4382.5,4382.5,4381.39990234375,4381.5,23.0
2026-09-17 20:17:00+00:00,4381.89990234375,4382.2001953125,4381.7998046875,4382.2001953125,20.0
2026-09-17 20:18:00+00:00,4382.2998046875,4383.7998046875,4382.2998046875,4383.39990234375,33.0
2026-09-17 20:19:00+00:00,4383.39990234375,4384.2998046875,4382.2001953125,4382.2001953125,76.0
2026-09-17 20:20:00+00:00,4382.7001953125,4382.7998046875,4382.2001953125,4382.2001953125,10.0
2026-09-17 20:21:00+00:00,4382.2001953125,4382.7001953125,4382.0,4382.7001953125,5.0
2026-09-17 20:22:00+00:00,4382.5,4383.7998046875,4382.39990234375,4383.2998046875,17.0
2026-09-17 20:23:00+00:00,4383.60009765625,4384.10009765625,4383.39990234375,4383.7998046875,22.0
2026-09-17 20:24:00+00:00,4383.60009765625,4383.60009765625,4383.10009765625,4383.39990234375,21.0
2026-09-17 20:25:00+00:00,4383.2001953125,4384.39990234375,4383.2001953125,4384.39990234375,15.0
2026-09-17 20:26:00+00:00,4384.2998046875,4384.7001953125,4382.60009765625,4382.7998046875,27.0
2026-09-17 20:27:00+00:00,4383.0,4383.0,4382.2998046875,4382.7998046875,31.0
2026-09-17 20:28:00+00:00,4382.7998046875,4383.2998046875,4382.2998046875,4382.60009765625,28.0
2026-09-17 20:29:00+00:00,4382.89990234375,4383.0,4381.5,4381.7001953125,40.0
2026-09-17 20:30:00+00:00,4381.7998046875,4382.2998046875,4381.0,4381.0,64.0
2026-09-17 20:31:00+00:00,4380.7998046875,4381.2001953125,4380.7001953125,4381.0,31.0
2026-09-17 20:32:00+00:00,4381.2001953125,4382.0,4381.0,4381.60009765625,43.0
2026-09-17 20:33:00+00:00,4381.7998046875,4381.7998046875,4381.5,4381.60009765625,6.0
2026-09-17 20:34:00+00:00,4381.5,4381.5,4380.5,4381.0,37.0
2026-09-17 20:35:00+00:00,4381.0,4381.7998046875,4380.5,4381.7998046875,67.0
2026-09-17 20:36:00+00:00,4382.0,4382.0,4381.5,4381.89990234375,14.0
2026-09-17 20:37:00+00:00,4381.5,4381.5,4381.39990234375,4381.5,5.0
2026-09-17 20:38:00+00:00,4381.2998046875,4381.2998046875,4380.2998046875,4380.60009765625,60.0
2026-09-17 20:39:00+00:00,4381.0,4382.10009765625,4381.0,4381.7998046875,35.0
2026-09-17 20:40:00+00:00,4381.7001953125,4382.89990234375,4381.60009765625,4382.89990234375,61.0
2026-09-17 20:41:00+00:00,4383.2998046875,4383.39990234375,4382.10009765625,4382.60009765625,50.0
2026-09-17 20:42:00+00:00,4382.60009765625,4382.60009765625,4382.2998046875,4382.2998046875,5.0
2026-09-17 20:43:00+00:00,4382.39990234375,4382.39990234375,4381.0,4381.0,35.0
2026-09-17 20:44:00+00:00,4381.10009765625,4381.2001953125,4380.7001953125,4380.89990234375,16.0
2026-09-17 20:45:00+00:00,4380.7001953125,4381.10009765625,4380.39990234375,4381.0,38.0
2026-09-17 20:46:00+00:00,4381.0,4381.60009765625,4380.89990234375,4380.89990234375,20.0
2026-09-17 20:47:00+00:00,4380.60009765625,4381.2998046875,4380.39990234375,4380.7001953125,69.0
2026-09-17 20:48:00+00:00,4380.7001953125,4381.60009765625,4380.7001953125,4381.60009765625,13.0
2026-09-17 20:49:00+00:00,4381.60009765625,4382.10009765625,4381.5,4381.7998046875,11.0
2026-09-17 20:50:00+00:00,4381.60009765625,4381.60009765625,4380.2998046875,4380.60009765625,34.0
2026-09-17 20:51:00+00:00,4380.7998046875,4381.39990234375,4380.7001953125,4381.39990234375,13.0
2026-09-17 20:52:00+00:00,4381.60009765625,4382.0,4381.5,4381.5,14.0
2026-09-17 20:53:00+00:00,4381.10009765625,4381.60009765625,4381.10009765625,4381.60009765625,11.0
2026-09-17 20:54:00+00:00,4381.7001953125,4381.7001953125,4381.10009765625,4381.10009765625,6.0
2026-09-17 20:55:00+00:00,4381.2001953125,4381.89990234375,4380.39990234375,4381.2998046875,30.0
2026-09-17 20:56:00+00:00,4381.39990234375,4381.60009765625,4381.39990234375,4381.60009765625,4.0
2026-09-17 20:57:00+00:00,4381.60009765625,4381.89990234375,4380.89990234375,4381.2998046875,27.0
2026-09-17 20:58:00+00:00,4381.2001953125,4381.39990234375,4381.10009765625,4381.10009765625,9.0
2026-09-17 20:59:00+00:00,4381.39990234375,4381.39990234375,4380.2998046875,4380.60009765625,49.0
2026-09-17 22:00:00+00:00,4381.60009765625,4383.10009765625,4380.89990234375,4383.10009765625,0.0
2026-09-17 22:01:00+00:00,4383.0,4384.10009765625,4382.10009765625,4382.2998046875,36.0
2026-09-17 22:02:00+00:00,4382.0,4382.39990234375,4381.5,4382.2001953125,40.0
2026-09-17 22:03:00+00:00,4382.0,4382.2998046875,4382.0,4382.2998046875,12.0
2026-09-17 22:04:00+00:00,4382.39990234375,4382.39990234375,4382.10009765625,4382.2001953125,4.0
2026-09-17 22:05:00+00:00,4382.10009765625,4382.2998046875,4380.7001953125,4381.39990234375,23.0
2026-09-17 22:06:00+00:00,4381.10009765625,4381.10009765625,4381.10009765625,4381.10009765625,2.0
2026-09-17 22:07:00+00:00,4381.2001953125,4381.2998046875,4381.0,4381.2001953125,9.0
2026-09-17 22:08:00+00:00,4381.5,4381.5,4381.10009765625,4381.10009765625,5.0
2026-09-17 22:09:00+00:00,4381.2001953125,4381.7001953125,4381.10009765625,4381.7001953125,9.0
2026-09-17 22:10:00+00:00,4381.7998046875,4381.7998046875,4380.7998046875,4380.7998046875,25.0
2026-09-17 22:11:00+00:00,4381.0,4381.7998046875,4381.0,4381.60009765625,33.0
2026-09-17 22:12:00+00:00,4381.7001953125,4382.89990234375,4381.7001953125,4382.39990234375,24.0
2026-09-17 22:13:00+00:00,4382.60009765625,4383.89990234375,4382.60009765625,4383.5,57.0
2026-09-17 22:14:00+00:00,4383.39990234375,4383.60009765625,4383.2001953125,4383.39990234375,34.0
2026-09-17 22:15:00+00:00,4383.5,4384.0,4383.5,4383.60009765625,36.0
2026-09-17 22:16:00+00:00,4383.7001953125,4383.89990234375,4383.2998046875,4383.60009765625,50.0
2026-09-17 22:17:00+00:00,4383.5,4383.7001953125,4381.7001953125,4381.7001953125,96.0
2026-09-17 22:18:00+00:00,4381.60009765625,4381.60009765625,4381.0,4381.2998046875,32.0
2026-09-17 22:19:00+00:00,4381.2001953125,4381.89990234375,4381.0,4381.0,30.0
2026-09-17 22:20:00+00:00,4380.7998046875,4381.7001953125,4380.5,4381.7001953125,48.0
2026-09-17 22:21:00+00:00,4381.7998046875,4382.60009765625,4381.7998046875,4382.2001953125,32.0
2026-09-17 22:22:00+00:00,4382.10009765625,4382.39990234375,4381.2998046875,4382.2998046875,34.0
2026-09-17 22:23:00+00:00,4382.2001953125,4382.60009765625,4381.89990234375,4382.39990234375,22.0
2026-09-17 22:24:00+00:00,4382.10009765625,4382.10009765625,4380.7001953125,4381.60009765625,60.0
2026-09-17 22:25:00+00:00,4381.39990234375,4382.39990234375,4381.2998046875,4381.7998046875,64.0
2026-09-17 22:26:00+00:00,4381.7001953125,4381.7001953125,4380.60009765625,4381.2998046875,152.0
2026-09-17 22:27:00+00:00,4381.2001953125,4381.7001953125,4380.60009765625,4380.89990234375,89.0
2026-09-17 22:28:00+00:00,4381.10009765625,4382.2001953125,4381.10009765625,4382.10009765625,102.0
2026-09-17 22:29:00+00:00,4382.10009765625,4383.7998046875,4381.89990234375,4383.7001953125,77.0
2026-09-17 22:30:00+00:00,4383.7998046875,4384.7998046875,4383.39990234375,4384.7998046875,122.0
2026-09-17 22:31:00+00:00,4384.7998046875,4385.7001953125,4384.0,4385.7001953125,181.0
2026-09-17 22:32:00+00:00,4385.89990234375,4387.10009765625,4385.7001953125,4387.10009765625,192.0
2026-09-17 22:33:00+00:00,4386.7001953125,4386.7001953125,4385.2998046875,4385.7001953125,91.0
2026-09-17 22:34:00+00:00,4385.7998046875,4386.10009765625,4385.39990234375,4385.7998046875,34.0
2026-09-17 22:35:00+00:00,4385.7998046875,4387.60009765625,4385.7001953125,4387.39990234375,110.0
2026-09-17 22:36:00+00:00,4387.10009765625,4388.39990234375,4387.10009765625,4388.39990234375,81.0
2026-09-17 22:37:00+00:00,4388.10009765625,4388.10009765625,4386.89990234375,4387.60009765625,107.0
2026-09-17 22:38:00+00:00,4387.2998046875,4388.2998046875,4386.7998046875,4388.2001953125,110.0
2026-09-17 22:39:00+00:00,4388.2001953125,4388.5,4387.7998046875,4387.89990234375,20.0
2026-09-17 22:40:00+00:00,4387.5,4387.89990234375,4387.10009765625,4387.60009765625,21.0
2026-09-17 22:41:00+00:00,4387.7001953125,4387.7001953125,4386.2998046875,4386.7998046875,72.0
2026-09-17 22:42:00+00:00,4387.2001953125,4387.5,4386.2001953125,4386.2998046875,43.0
2026-09-17 22:43:00+00:00,4386.2998046875,4386.2998046875,4384.0,4384.0,68.0
2026-09-17 22:44:00+00:00,4384.2001953125,4384.39990234375,4383.2001953125,4383.2001953125,24.0
2026-09-17 22:45:00+00:00,4383.2998046875,4384.2001953125,4383.2998046875,4383.39990234375,36.0
2026-09-17 22:46:00+00:00,4383.60009765625,4383.60009765625,4382.2998046875,4382.60009765625,88.0
2026-09-17 22:47:00+00:00,4382.39990234375,4382.7001953125,4382.10009765625,4382.7001953125,64.0
2026-09-17 22:48:00+00:00,4382.60009765625,4383.2998046875,4381.5,4381.5,121.0
2026-09-17 22:49:00+00:00,4381.5,4381.89990234375,4380.5,4381.2998046875,99.0
2026-09-17 22:50:00+00:00,4381.10009765625,4381.60009765625,4380.89990234375,4381.10009765625,90.0
2026-09-17 22:51:00+00:00,4381.0,4381.39990234375,4380.2998046875,4381.0,186.0
2026-09-17 22:52:00+00:00,4380.7998046875,4381.5,4380.10009765625,4381.5,144.0
2026-09-17 22:53:00+00:00,4381.60009765625,4383.0,4381.10009765625,4382.2001953125,115.0
2026-09-17 22:54:00+00:00,4382.0,4383.60009765625,4381.7998046875,4383.5,192.0
2026-09-17 22:55:00+00:00,4383.2998046875,4384.2001953125,4381.60009765625,4381.60009765625,246.0
2026-09-17 22:56:00+00:00,4381.5,4385.0,4380.60009765625,4383.7998046875,273.0
2026-09-17 22:57:00+00:00,4383.2998046875,4383.7001953125,4381.7001953125,4382.2001953125,30.0
2026-09-17 22:58:00+00:00,4382.5,4383.2001953125,4382.5,4383.2001953125,3.0
2026-09-17 22:59:00+00:00,4383.0,4383.2998046875,4382.60009765625,4383.0,15.0
2026-09-17 23:00:00+00:00,4383.2001953125,4383.5,4381.39990234375,4381.39990234375,90.0
2026-09-17 23:01:00+00:00,4381.2998046875,4382.0,4380.60009765625,4381.7998046875,47.0
2026-09-17 23:02:00+00:00,4381.7998046875,4382.0,4381.39990234375,4381.7998046875,11.0
2026-09-17 23:03:00+00:00,4382.60009765625,4383.10009765625,4382.60009765625,4383.10009765625,13.0
2026-09-17 23:04:00+00:00,4383.0,4383.5,4382.2001953125,4382.2998046875,30.0
2026-09-17 23:05:00+00:00,4382.7001953125,4383.0,4380.7998046875,4382.60009765625,119.0
2026-09-17 23:06:00+00:00,4382.5,4382.5,4378.2998046875,4381.2001953125,348.0
2026-09-17 23:07:00+00:00,4381.39990234375,4382.7998046875,4381.39990234375,4382.5,27.0
2026-09-17 23:08:00+00:00,4382.7998046875,4383.2998046875,4382.60009765625,4382.7001953125,18.0
2026-09-17 23:09:00+00:00,4382.7001953125,4383.7001953125,4382.39990234375,4383.2998046875,34.0
2026-09-17 23:10:00+00:00,4382.60009765625,4384.39990234375,4382.60009765625,4384.2998046875,21.0
2026-09-17 23:11:00+00:00,4384.39990234375,4385.2001953125,4383.7001953125,4383.7998046875,66.0
2026-09-17 23:12:00+00:00,4383.7001953125,4383.7998046875,4383.5,4383.7001953125,20.0
2026-09-17 23:13:00+00:00,4384.0,4384.39990234375,4383.7001953125,4384.2001953125,16.0
2026-09-17 23:14:00+00:00,4383.89990234375,4384.2998046875,4383.7001953125,4383.89990234375,21.0
2026-09-17 23:15:00+00:00,4383.7998046875,4384.5,4383.60009765625,4383.60009765625,45.0
2026-09-17 23:16:00+00:00,4383.60009765625,4383.60009765625,4381.5,4381.89990234375,87.0
2026-09-17 23:17:00+00:00,4381.89990234375,4382.0,4380.39990234375,4381.2998046875,107.0
2026-09-17 23:18:00+00:00,4381.2001953125,4383.60009765625,4381.2001953125,4383.60009765625,57.0
2026-09-17 23:19:00+00:00,4383.60009765625,4383.7001953125,4382.89990234375,4383.39990234375,16.0
2026-09-17 23:20:00+00:00,4383.7001953125,4384.89990234375,4383.39990234375,4383.7998046875,89.0
2026-09-17 23:21:00+00:00,4384.10009765625,4385.7001953125,4383.39990234375,4385.0,201.0
2026-09-17 23:22:00+00:00,4384.89990234375,4386.7001953125,4384.89990234375,4385.7001953125,113.0
2026-09-17 23:23:00+00:00,4385.60009765625,4385.7001953125,4385.39990234375,4385.7001953125,6.0
2026-09-17 23:24:00+00:00,4385.7998046875,4386.5,4385.10009765625,4385.39990234375,73.0
2026-09-17 23:25:00+00:00,4385.2998046875,4386.5,4383.60009765625,4383.89990234375,158.0
2026-09-17 23:26:00+00:00,4383.89990234375,4384.2998046875,4381.0,4383.5,160.0
2026-09-17 23:27:00+00:00,4383.2998046875,4383.89990234375,4382.2998046875,4383.89990234375,66.0
2026-09-17 23:28:00+00:00,4384.0,4384.0,4383.5,4383.7998046875,5.0
2026-09-17 23:29:00+00:00,4383.2998046875,4383.2998046875,4383.2001953125,4383.2001953125,2.0
2026-09-17 23:30:00+00:00,4383.0,4383.60009765625,4382.89990234375,4383.60009765625,9.0
2026-09-17 23:31:00+00:00,4383.7998046875,4383.7998046875,4383.2998046875,4383.2998046875,28.0
2026-09-17 23:32:00+00:00,4383.2998046875,4383.2998046875,4382.7998046875,4382.7998046875,33.0
2026-09-17 23:33:00+00:00,4383.2001953125,4383.2001953125,4383.2001953125,4383.2001953125,1.0
2026-09-17 23:34:00+00:00,4383.39990234375,4383.7001953125,4383.39990234375,4383.39990234375,11.0
2026-09-17 23:35:00+00:00,4383.2998046875,4383.2998046875,4383.2001953125,4383.2001953125,4.0
2026-09-17 23:36:00+00:00,4382.60009765625,4382.60009765625,4382.5,4382.60009765625,15.0
2026-09-17 23:37:00+00:00,4382.7001953125,4383.7998046875,4382.7001953125,4383.60009765625,10.0
2026-09-17 23:38:00+00:00,4383.2998046875,4383.5,4382.7998046875,4382.7998046875,9.0
2026-09-17 23:39:00+00:00,4382.60009765625,4383.2001953125,4382.5,4382.89990234375,11.0
2026-09-17 23:40:00+00:00,4382.7998046875,4383.5,4382.7998046875,4383.2001953125,12.0
2026-09-17 23:41:00+00:00,4383.2998046875,4383.2998046875,4382.7998046875,4383.2001953125,10.0
2026-09-17 23:42:00+00:00,4383.0,4383.0,4382.60009765625,4382.60009765625,6.0
2026-09-17 23:43:00+00:00,4382.7001953125,4383.2001953125,4382.0,4382.7998046875,29.0
2026-09-17 23:44:00+00:00,4382.39990234375,4383.2001953125,4382.2998046875,4383.10009765625,12.0
2026-09-17 23:45:00+00:00,4383.0,4384.0,4382.10009765625,4384.0,33.0
2026-09-17 23:46:00+00:00,4383.60009765625,4383.7001953125,4382.89990234375,4383.0,43.0
2026-09-17 23:47:00+00:00,4383.7998046875,4384.60009765625,4383.2998046875,4384.2998046875,20.0
2026-09-17 23:48:00+00:00,4384.60009765625,4384.7001953125,4383.39990234375,4383.7998046875,34.0
2026-09-17 23:49:00+00:00,4383.60009765625,4384.0,4383.2998046875,4383.60009765625,17.0
2026-09-17 23:50:00+00:00,4383.60009765625,4383.7001953125,4383.60009765625,4383.7001953125,2.0
2026-09-17 23:51:00+00:00,4384.0,4384.0,4383.7998046875,4383.89990234375,3.0
2026-09-17 23:52:00+00:00,4383.60009765625,4384.0,4383.39990234375,4383.89990234375,22.0
2026-09-17 23:53:00+00:00,4384.0,4385.39990234375,4384.0,4385.39990234375,9.0
2026-09-17 23:54:00+00:00,4385.89990234375,4386.7001953125,4385.60009765625,4386.2998046875,26.0
2026-09-17 23:55:00+00:00,4386.10009765625,4387.10009765625,4386.0,4386.10009765625,27.0
2026-09-17 23:56:00+00:00,4386.10009765625,4386.2001953125,4385.60009765625,4385.60009765625,14.0
2026-09-17 23:57:00+00:00,4385.2998046875,4385.60009765625,4384.7001953125,4385.5,21.0
2026-09-17 23:58:00+00:00,4385.10009765625,4385.10009765625,4384.5,4384.7998046875,14.0
2026-09-17 23:59:00+00:00,4384.60009765625,4385.0,4384.2998046875,4385.0,11.0
2026-09-18 00:00:00+00:00,4384.39990234375,4385.2998046875,4380.7001953125,4381.0,122.0
2026-09-18 00:01:00+00:00,4381.2001953125,4383.7998046875,4380.7998046875,4381.2998046875,91.0
2026-09-18 00:02:00+00:00,4382.0,4382.2001953125,4381.7001953125,4382.10009765625,18.0
2026-09-18 00:03:00+00:00,4382.2001953125,4382.39990234375,4381.60009765625,4382.0,12.0
2026-09-18 00:04:00+00:00,4382.60009765625,4384.0,4382.60009765625,4383.5,22.0
2026-09-18 00:05:00+00:00,4383.7998046875,4384.2998046875,4383.5,4383.5,27.0
2026-09-18 00:06:00+00:00,4382.60009765625,4384.7998046875,4382.5,4384.5,17.0
2026-09-18 00:07:00+00:00,4384.10009765625,4384.10009765625,4382.7998046875,4383.60009765625,25.0
2026-09-18 00:08:00+00:00,4383.60009765625,4385.2998046875,4383.60009765625,4384.7998046875,10.0
2026-09-18 00:09:00+00:00,4384.89990234375,4385.7998046875,4384.60009765625,4385.7998046875,33.0
2026-09-18 00:10:00+00:00,4385.89990234375,4388.2001953125,4385.2998046875,4388.2001953125,91.0
2026-09-18 00:11:00+00:00,4388.0,4390.2001953125,4387.89990234375,4390.2001953125,58.0
2026-09-18 00:12:00+00:00,4390.10009765625,4391.7998046875,4389.0,4391.7001953125,159.0
2026-09-18 00:13:00+00:00,4392.60009765625,4393.60009765625,4392.0,4392.39990234375,115.0
2026-09-18 00:14:00+00:00,4392.2998046875,4393.5,4391.60009765625,4393.2998046875,99.0
2026-09-18 00:15:00+00:00,4393.0,4394.0,4391.39990234375,4393.2998046875,91.0
2026-09-18 00:16:00+00:00,4393.60009765625,4393.60009765625,4392.5,4393.39990234375,30.0
2026-09-18 00:17:00+00:00,4392.60009765625,4393.2998046875,4391.7001953125,4391.7001953125,38.0
2026-09-18 00:18:00+00:00,4392.0,4392.5,4391.7001953125,4392.2001953125,73.0
2026-09-18 00:19:00+00:00,4392.39990234375,4392.60009765625,4391.60009765625,4391.60009765625,43.0
2026-09-18 00:20:00+00:00,4391.7001953125,4393.0,4391.7001953125,4392.2998046875,70.0
2026-09-18 00:21:00+00:00,4392.2998046875,4392.2998046875,4390.0,4390.7998046875,99.0
2026-09-18 00:22:00+00:00,4390.60009765625,4394.2001953125,4389.60009765625,4394.2001953125,99.0
2026-09-18 00:23:00+00:00,4394.2001953125,4396.2998046875,4393.7998046875,4396.0,80.0
2026-09-18 00:24:00+00:00,4395.7001953125,4395.7998046875,4394.39990234375,4395.0,51.0
2026-09-18 00:25:00+00:00,4394.39990234375,4394.5,4392.2001953125,4392.7998046875,106.0
2026-09-18 00:26:00+00:00,4392.7998046875,4393.5,4391.89990234375,4393.2998046875,49.0
2026-09-18 00:27:00+00:00,4393.2998046875,4393.7998046875,4392.89990234375,4393.5,43.0
2026-09-18 00:28:00+00:00,4393.0,4393.0,4391.2001953125,4391.7001953125,21.0
2026-09-18 00:29:00+00:00,4391.5,4392.5,4389.89990234375,4392.5,75.0
2026-09-18 00:30:00+00:00,4392.0,4396.2998046875,4391.89990234375,4396.0,148.0
2026-09-18 00:31:00+00:00,4395.89990234375,4397.2998046875,4395.5,4397.2998046875,64.0
2026-09-18 00:32:00+00:00,4397.2001953125,4397.7998046875,4396.39990234375,4397.7998046875,55.0
2026-09-18 00:33:00+00:00,4398.0,4399.5,4397.39990234375,4397.39990234375,110.0
2026-09-18 00:34:00+00:00,4397.2998046875,4397.7001953125,4396.7001953125,4397.10009765625,45.0
2026-09-18 00:35:00+00:00,4396.89990234375,4397.7998046875,4396.89990234375,4397.7998046875,22.0
2026-09-18 00:36:00+00:00,4397.5,4398.10009765625,4397.2998046875,4397.7998046875,32.0
2026-09-18 00:37:00+00:00,4397.60009765625,4398.60009765625,4397.2001953125,4398.2001953125,50.0
2026-09-18 00:38:00+00:00,4398.10009765625,4398.89990234375,4397.5,4398.0,27.0
2026-09-18 00:39:00+00:00,4398.2001953125,4398.2001953125,4396.39990234375,4397.39990234375,46.0
2026-09-18 00:40:00+00:00,4396.7001953125,4396.7998046875,4396.5,4396.5,10.0
2026-09-18 00:41:00+00:00,4396.7001953125,4397.2998046875,4396.5,4397.2998046875,20.0
2026-09-18 00:42:00+00:00,4396.7001953125,4397.2998046875,4396.39990234375,4396.60009765625,39.0
2026-09-18 00:43:00+00:00,4396.7998046875,4397.0,4396.5,4397.0,16.0
2026-09-18 00:44:00+00:00,4397.10009765625,4398.39990234375,4396.89990234375,4397.7001953125,39.0
2026-09-18 00:45:00+00:00,4397.7998046875,4398.39990234375,4396.0,4396.39990234375,26.0
2026-09-18 00:46:00+00:00,4396.60009765625,4396.60009765625,4394.2001953125,4395.5,81.0
2026-09-18 00:47:00+00:00,4395.39990234375,4395.89990234375,4392.7001953125,4393.0,104.0
2026-09-18 00:48:00+00:00,4392.7998046875,4393.0,4391.39990234375,4392.89990234375,56.0
2026-09-18 00:49:00+00:00,4392.89990234375,4393.10009765625,4392.5,4392.7001953125,18.0
2026-09-18 00:50:00+00:00,4392.2998046875,4393.60009765625,4391.2998046875,4392.7998046875,91.0
2026-09-18 00:51:00+00:00,4393.0,4394.2998046875,4392.7001953125,4393.89990234375,34.0
2026-09-18 00:52:00+00:00,4393.89990234375,4393.89990234375,4392.39990234375,4392.89990234375,41.0
2026-09-18 00:53:00+00:00,4393.10009765625,4393.2998046875,4392.0,4392.7001953125,12.0
2026-09-18 00:54:00+00:00,4392.7001953125,4393.10009765625,4392.0,4392.39990234375,33.0
2026-09-18 00:55:00+00:00,4392.2998046875,4393.0,4391.5,4393.0,28.0
2026-09-18 00:56:00+00:00,4393.2001953125,4394.89990234375,4392.89990234375,4394.89990234375,40.0
2026-09-18 00:57:00+00:00,4395.60009765625,4396.10009765625,4394.5,4394.89990234375,41.0
2026-09-18 00:58:00+00:00,4394.7998046875,4394.7998046875,4393.39990234375,4393.39990234375,18.0
2026-09-18 00:59:00+00:00,4393.7998046875,4396.60009765625,4393.2998046875,4394.89990234375,131.0
2026-09-18 01:00:00+00:00,4395.5,4400.10009765625,4395.5,4399.0,506.0
2026-09-18 01:01:00+00:00,4399.10009765625,4402.7998046875,4398.7001953125,4401.0,207.0
2026-09-18 01:02:00+00:00,4400.60009765625,4402.10009765625,4399.0,4400.7998046875,176.0
2026-09-18 01:03:00+00:00,4400.2001953125,4401.7001953125,4399.2998046875,4400.2998046875,81.0
2026-09-18 01:04:00+00:00,4400.5,4402.10009765625,4400.2001953125,4401.2001953125,75.0
2026-09-18 01:05:00+00:00,4401.39990234375,4403.39990234375,4401.39990234375,4402.7001953125,118.0
2026-09-18 01:06:00+00:00,4402.60009765625,4404.60009765625,4402.60009765625,4404.60009765625,108.0
2026-09-18 01:07:00+00:00,4404.10009765625,4404.5,4402.60009765625,4402.7998046875,83.0
2026-09-18 01:08:00+00:00,4402.60009765625,4403.2001953125,4400.60009765625,4400.7998046875,82.0
2026-09-18 01:09:00+00:00,4400.7001953125,4401.2998046875,4400.0,4400.2001953125,66.0
2026-09-18 01:10:00+00:00,4400.2001953125,4400.89990234375,4398.7001953125,4399.7001953125,110.0
2026-09-18 01:11:00+00:00,4399.2001953125,4400.89990234375,4398.89990234375,4400.60009765625,31.0
2026-09-18 01:12:00+00:00,4400.7998046875,4401.0,4399.2998046875,4400.0,40.0
2026-09-18 01:13:00+00:00,4399.89990234375,4399.89990234375,4396.0,4396.39990234375,84.0
2026-09-18 01:14:00+00:00,4396.2001953125,4397.60009765625,4396.10009765625,4397.0,58.0
2026-09-18 01:15:00+00:00,4396.7998046875,4397.10009765625,4395.2998046875,4395.5,113.0
2026-09-18 01:16:00+00:00,4395.60009765625,4396.10009765625,4393.60009765625,4395.39990234375,170.0
2026-09-18 01:17:00+00:00,4395.2998046875,4395.60009765625,4394.7001953125,4395.60009765625,33.0
2026-09-18 01:18:00+00:00,4395.7001953125,4396.89990234375,4394.7998046875,4395.7998046875,81.0
2026-09-18 01:19:00+00:00,4395.89990234375,4401.0,4395.89990234375,4399.2998046875,141.0
2026-09-18 01:20:00+00:00,4399.10009765625,4401.0,4399.0,4400.7001953125,79.0
2026-09-18 01:21:00+00:00,4400.7001953125,4403.2998046875,4400.60009765625,4403.0,131.0
2026-09-18 01:22:00+00:00,4402.89990234375,4402.89990234375,4400.7001953125,4401.0,73.0
2026-09-18 01:23:00+00:00,4400.89990234375,4402.7001953125,4399.7998046875,4400.7001953125,153.0
2026-09-18 01:24:00+00:00,4400.7001953125,4402.5,4400.39990234375,4400.89990234375,88.0
2026-09-18 01:25:00+00:00,4400.7998046875,4402.0,4400.2001953125,4400.2001953125,21.0
2026-09-18 01:26:00+00:00,4400.0,4400.39990234375,4398.7001953125,4399.5,42.0
2026-09-18 01:27:00+00:00,4399.0,4399.89990234375,4398.7998046875,4399.89990234375,18.0
2026-09-18 01:28:00+00:00,4399.5,4399.5,4397.5,4397.89990234375,53.0
2026-09-18 01:29:00+00:00,4398.0,4398.5,4397.10009765625,4398.5,46.0
2026-09-18 01:30:00+00:00,4398.60009765625,4398.7001953125,4397.60009765625,4398.7001953125,34.0
2026-09-18 01:31:00+00:00,4397.5,4397.89990234375,4396.10009765625,4396.2001953125,55.0
2026-09-18 01:32:00+00:00,4395.89990234375,4396.2001953125,4392.39990234375,4393.2001953125,93.0
2026-09-18 01:33:00+00:00,4393.0,4393.0,4390.5,4391.2998046875,89.0
2026-09-18 01:34:00+00:00,4391.2001953125,4393.10009765625,4390.7001953125,4390.7001953125,116.0
2026-09-18 01:35:00+00:00,4390.2998046875,4391.2001953125,4389.10009765625,4390.7001953125,78.0
2026-09-18 01:36:00+00:00,4390.89990234375,4393.60009765625,4390.60009765625,4393.2998046875,85.0
2026-09-18 01:37:00+00:00,4393.2001953125,4393.7998046875,4392.10009765625,4392.5,50.0
2026-09-18 01:38:00+00:00,4392.7998046875,4393.60009765625,4391.39990234375,4391.7998046875,59.0
2026-09-18 01:39:00+00:00,4391.39990234375,4392.0,4389.2001953125,4389.89990234375,188.0
2026-09-18 01:40:00+00:00,4389.2998046875,4389.7001953125,4387.60009765625,4388.7001953125,102.0
2026-09-18 01:41:00+00:00,4388.39990234375,4389.2001953125,4387.89990234375,4388.39990234375,74.0
2026-09-18 01:42:00+00:00,4388.89990234375,4389.39990234375,4388.2998046875,4388.5,44.0
2026-09-18 01:43:00+00:00,4389.0,4389.0,4387.2001953125,4388.39990234375,73.0
2026-09-18 01:44:00+00:00,4388.10009765625,4388.60009765625,4385.89990234375,4386.0,70.0
2026-09-18 01:45:00+00:00,4386.0,4387.39990234375,4385.2998046875,4387.0,160.0
2026-09-18 01:46:00+00:00,4386.7001953125,4386.7998046875,4384.10009765625,4385.89990234375,77.0
2026-09-18 01:47:00+00:00,4386.2998046875,4389.2998046875,4386.2998046875,4388.60009765625,67.0
2026-09-18 01:48:00+00:00,4388.5,4389.10009765625,4387.2998046875,4387.2998046875,71.0
2026-09-18 01:49:00+00:00,4387.0,4387.60009765625,4386.2998046875,4387.0,41.0
2026-09-18 01:50:00+00:00,4387.10009765625,4387.2998046875,4384.39990234375,4384.39990234375,63.0
2026-09-18 01:51:00+00:00,4384.7001953125,4384.7998046875,4382.60009765625,4384.2998046875,147.0
2026-09-18 01:52:00+00:00,4384.2001953125,4387.10009765625,4384.2001953125,4387.10009765625,51.0
2026-09-18 01:53:00+00:00,4386.7998046875,4389.2001953125,4386.5,4388.89990234375,68.0
2026-09-18 01:54:00+00:00,4388.7998046875,4389.10009765625,4387.10009765625,4388.2001953125,49.0
2026-09-18 01:55:00+00:00,4388.10009765625,4388.89990234375,4387.5,4387.89990234375,24.0
2026-09-18 01:56:00+00:00,4388.2001953125,4389.0,4387.5,4387.5,46.0
2026-09-18 01:57:00+00:00,4388.2001953125,4388.7001953125,4387.7001953125,4388.2001953125,31.0
2026-09-18 01:58:00+00:00,4388.39990234375,4388.7998046875,4388.2001953125,4388.60009765625,25.0
2026-09-18 01:59:00+00:00,4388.5,4388.7998046875,4386.89990234375,4387.0,72.0
2026-09-18 02:00:00+00:00,4387.0,4388.0,4385.60009765625,4385.7001953125,83.0
2026-09-18 02:01:00+00:00,4385.7001953125,4387.39990234375,4385.2001953125,4385.60009765625,59.0
2026-09-18 02:02:00+00:00,4385.39990234375,4387.7001953125,4384.89990234375,4387.5,74.0
2026-09-18 02:03:00+00:00,4387.0,4387.39990234375,4387.0,4387.10009765625,15.0
2026-09-18 02:04:00+00:00,4386.89990234375,4387.7998046875,4386.7001953125,4387.2998046875,36.0
2026-09-18 02:05:00+00:00,4387.10009765625,4388.7001953125,4387.0,4388.2001953125,42.0
2026-09-18 02:06:00+00:00,4388.2998046875,4389.10009765625,4387.89990234375,4387.89990234375,71.0
2026-09-18 02:07:00+00:00,4387.7998046875,4389.7001953125,4387.5,4389.2001953125,57.0
2026-09-18 02:08:00+00:00,4389.2001953125,4390.7001953125,4389.2001953125,4390.2001953125,47.0
2026-09-18 02:09:00+00:00,4390.2998046875,4390.2998046875,4388.10009765625,4388.10009765625,62.0
2026-09-18 02:10:00+00:00,4387.7998046875,4388.10009765625,4385.89990234375,4386.0,94.0
2026-09-18 02:11:00+00:00,4385.89990234375,4388.7001953125,4385.7001953125,4388.39990234375,56.0
2026-09-18 02:12:00+00:00,4388.2998046875,4389.0,4387.10009765625,4389.0,45.0
2026-09-18 02:13:00+00:00,4388.7998046875,4390.0,4388.2998046875,4389.7001953125,59.0
2026-09-18 02:14:00+00:00,4389.89990234375,4390.0,4388.7998046875,4389.2001953125,49.0
2026-09-18 02:15:00+00:00,4389.10009765625,4390.5,4388.2998046875,4390.2998046875,81.0
2026-09-18 02:16:00+00:00,4390.5,4391.5,4390.5,4391.2998046875,93.0
2026-09-18 02:17:00+00:00,4391.60009765625,4391.60009765625,4388.2998046875,4388.5,57.0
2026-09-18 02:18:00+00:00,4388.7998046875,4389.5,4388.60009765625,4388.60009765625,28.0
2026-09-18 02:19:00+00:00,4388.60009765625,4388.60009765625,4387.2998046875,4387.5,57.0
2026-09-18 02:20:00+00:00,4387.7998046875,4388.2001953125,4387.2998046875,4387.89990234375,28.0
2026-09-18 02:21:00+00:00,4387.5,4389.7998046875,4386.7001953125,4388.89990234375,67.0
2026-09-18 02:22:00+00:00,4389.10009765625,4389.2001953125,4387.60009765625,4388.2001953125,39.0
2026-09-18 02:23:00+00:00,4388.2998046875,4389.5,4388.2998046875,4389.5,14.0
2026-09-18 02:24:00+00:00,4389.60009765625,4391.10009765625,4389.5,4390.5,22.0
2026-09-18 02:25:00+00:00,4390.7998046875,4391.10009765625,4390.60009765625,4390.7001953125,9.0
2026-09-18 02:26:00+00:00,4390.89990234375,4392.2998046875,4390.7998046875,4392.2001953125,62.0
2026-09-18 02:27:00+00:00,4391.7998046875,4392.0,4391.0,4392.0,25.0
2026-09-18 02:28:00+00:00,4392.10009765625,4392.2001953125,4390.7001953125,4391.0,57.0
2026-09-18 02:29:00+00:00,4391.2998046875,4392.5,4391.2998046875,4391.5,32.0
2026-09-18 02:30:00+00:00,4392.10009765625,4394.2001953125,4389.7998046875,4393.7001953125,133.0
2026-09-18 02:31:00+00:00,4393.5,4394.89990234375,4392.7998046875,4393.39990234375,95.0
2026-09-18 02:32:00+00:00,4393.7001953125,4394.2001953125,4393.0,4393.89990234375,64.0
2026-09-18 02:33:00+00:00,4394.0,4395.10009765625,4393.7001953125,4395.0,51.0
2026-09-18 02:34:00+00:00,4395.0,4395.0,4392.39990234375,4394.2998046875,61.0
2026-09-18 02:35:00+00:00,4394.60009765625,4395.10009765625,4393.10009765625,4393.7001953125,53.0
2026-09-18 02:36:00+00:00,4393.7998046875,4394.5,4393.7998046875,4393.89990234375,20.0
2026-09-18 02:37:00+00:00,4393.5,4393.5,4391.2001953125,4391.89990234375,83.0
2026-09-18 02:38:00+00:00,4391.60009765625,4391.60009765625,4389.2001953125,4389.7001953125,45.0
2026-09-18 02:39:00+00:00,4389.2001953125,4390.7998046875,4389.0,4390.60009765625,46.0
2026-09-18 02:40:00+00:00,4390.7001953125,4391.5,4390.5,4390.7998046875,56.0
2026-09-18 02:41:00+00:00,4391.39990234375,4391.89990234375,4390.7998046875,4391.60009765625,34.0
2026-09-18 02:42:00+00:00,4391.10009765625,4391.2998046875,4390.7998046875,4391.10009765625,20.0
2026-09-18 02:43:00+00:00,4390.89990234375,4390.89990234375,4388.7998046875,4389.5,93.0
2026-09-18 02:44:00+00:00,4389.7001953125,4390.7001953125,4389.5,4390.2998046875,40.0
2026-09-18 02:45:00+00:00,4390.2998046875,4391.0,4388.60009765625,4390.39990234375,44.0
2026-09-18 02:46:00+00:00,4390.2998046875,4393.7998046875,4390.2998046875,4393.10009765625,51.0
2026-09-18 02:47:00+00:00,4393.2001953125,4394.39990234375,4392.7998046875,4393.2001953125,47.0
2026-09-18 02:48:00+00:00,4393.10009765625,4393.89990234375,4393.10009765625,4393.7001953125,23.0
2026-09-18 02:49:00+00:00,4394.0,4394.2001953125,4392.7001953125,4393.10009765625,21.0
2026-09-18 02:50:00+00:00,4392.89990234375,4394.0,4392.60009765625,4394.0,26.0
2026-09-18 02:51:00+00:00,4394.10009765625,4394.10009765625,4393.0,4393.0,24.0
2026-09-18 02:52:00+00:00,4392.89990234375,4393.2001953125,4391.2998046875,4391.7001953125,62.0
2026-09-18 02:53:00+00:00,4391.5,4392.10009765625,4390.60009765625,4390.7998046875,30.0
2026-09-18 02:54:00+00:00,4390.89990234375,4392.39990234375,4387.10009765625,4387.10009765625,251.0
2026-09-18 02:55:00+00:00,4387.2001953125,4387.2998046875,4384.7001953125,4385.89990234375,220.0
2026-09-18 02:56:00+00:00,4385.39990234375,4387.2001953125,4383.7998046875,4384.39990234375,80.0
2026-09-18 02:57:00+00:00,4384.89990234375,4386.2998046875,4384.7001953125,4385.89990234375,49.0
2026-09-18 02:58:00+00:00,4385.60009765625,4385.60009765625,4381.7998046875,4384.0,109.0
2026-09-18 02:59:00+00:00,4383.2001953125,4385.89990234375,4383.2001953125,4385.39990234375,55.0
2026-09-18 03:00:00+00:00,4384.7998046875,4385.2001953125,4383.39990234375,4384.60009765625,101.0
2026-09-18 03:01:00+00:00,4385.2998046875,4386.5,4385.0,4386.0,82.0
2026-09-18 03:02:00+00:00,4385.5,4386.60009765625,4384.39990234375,4384.39990234375,67.0
2026-09-18 03:03:00+00:00,4384.7998046875,4387.5,4384.7998046875,4386.39990234375,114.0
2026-09-18 03:04:00+00:00,4386.7001953125,4388.0,4386.39990234375,4387.60009765625,106.0
2026-09-18 03:05:00+00:00,4387.89990234375,4390.39990234375,4387.89990234375,4388.5,143.0
2026-09-18 03:06:00+00:00,4388.2001953125,4389.2001953125,4387.39990234375,4387.60009765625,98.0
2026-09-18 03:07:00+00:00,4386.7998046875,4388.89990234375,4386.0,4387.7001953125,73.0
2026-09-18 03:08:00+00:00,4387.5,4388.2998046875,4385.89990234375,4385.89990234375,36.0
2026-09-18 03:09:00+00:00,4385.89990234375,4386.2001953125,4383.7998046875,4384.2998046875,125.0
2026-09-18 03:10:00+00:00,4384.2998046875,4384.89990234375,4384.10009765625,4384.10009765625,30.0
2026-09-18 03:11:00+00:00,4384.2001953125,4385.2998046875,4384.0,4384.7998046875,35.0
2026-09-18 03:12:00+00:00,4385.2001953125,4386.60009765625,4384.7001953125,4386.2998046875,59.0
2026-09-18 03:13:00+00:00,4386.0,4386.0,4384.5,4385.10009765625,64.0
2026-09-18 03:14:00+00:00,4385.2998046875,4385.2998046875,4382.7001953125,4383.2001953125,53.0
2026-09-18 03:15:00+00:00,4383.2998046875,4383.2998046875,4381.7001953125,4382.39990234375,103.0
2026-09-18 03:16:00+00:00,4382.2998046875,4383.10009765625,4378.89990234375,4379.7998046875,306.0
2026-09-18 03:17:00+00:00,4379.89990234375,4380.7001953125,4376.39990234375,4377.10009765625,360.0
2026-09-18 03:18:00+00:00,4377.2001953125,4378.5,4375.2998046875,4378.2998046875,281.0
2026-09-18 03:19:00+00:00,4378.10009765625,4378.89990234375,4375.10009765625,4375.89990234375,187.0
2026-09-18 03:20:00+00:00,4375.60009765625,4379.2998046875,4375.2001953125,4378.2998046875,128.0
2026-09-18 03:21:00+00:00,4378.2998046875,4378.2998046875,4375.2998046875,4376.2001953125,53.0
2026-09-18 03:22:00+00:00,4376.2998046875,4377.0,4372.60009765625,4374.39990234375,300.0
2026-09-18 03:23:00+00:00,4374.2998046875,4375.0,4372.7001953125,4373.60009765625,267.0
2026-09-18 03:24:00+00:00,4373.5,4374.5,4373.5,4374.2001953125,45.0
2026-09-18 03:25:00+00:00,4374.0,4374.60009765625,4373.7001953125,4374.0,50.0
2026-09-18 03:26:00+00:00,4373.2998046875,4376.2998046875,4372.2001953125,4376.2001953125,437.0
2026-09-18 03:27:00+00:00,4376.2001953125,4377.60009765625,4376.10009765625,4377.60009765625,110.0
2026-09-18 03:28:00+00:00,4377.5,4378.5,4377.5,4378.2998046875,95.0
2026-09-18 03:29:00+00:00,4378.39990234375,4379.39990234375,4378.2998046875,4379.2998046875,82.0
2026-09-18 03:30:00+00:00,4379.0,4380.39990234375,4378.7998046875,4380.2998046875,94.0
2026-09-18 03:31:00+00:00,4380.39990234375,4381.7998046875,4380.2001953125,4381.7001953125,87.0
2026-09-18 03:32:00+00:00,4381.7998046875,4382.7998046875,4381.7998046875,4382.7998046875,98.0
2026-09-18 03:33:00+00:00,4382.89990234375,4384.0,4382.89990234375,4384.0,145.0
2026-09-18 03:34:00+00:00,4384.0,4389.2001953125,4384.0,4388.5,232.0
2026-09-18 03:35:00+00:00,4388.7001953125,4390.0,4387.89990234375,4389.39990234375,168.0
2026-09-18 03:36:00+00:00,4389.39990234375,4390.7998046875,4389.10009765625,4390.7001953125,80.0
2026-09-18 03:37:00+00:00,4390.5,4391.7001953125,4389.89990234375,4391.2001953125,121.0
2026-09-18 03:38:00+00:00,4391.5,4391.89990234375,4390.2001953125,4390.2001953125,71.0
2026-09-18 03:39:00+00:00,4390.39990234375,4391.2998046875,4389.2998046875,4391.10009765625,148.0
2026-09-18 03:40:00+00:00,4391.2998046875,4391.7001953125,4390.2998046875,4391.7001953125,75.0
2026-09-18 03:41:00+00:00,4391.7001953125,4393.10009765625,4391.10009765625,4393.10009765625,76.0
2026-09-18 03:42:00+00:00,4393.2001953125,4395.7001953125,4393.2001953125,4395.2001953125,198.0
2026-09-18 03:43:00+00:00,4395.39990234375,4397.10009765625,4395.10009765625,4396.10009765625,209.0
2026-09-18 03:44:00+00:00,4396.0,4396.10009765625,4395.0,4395.7001953125,70.0
2026-09-18 03:45:00+00:00,4395.60009765625,4398.89990234375,4395.60009765625,4397.89990234375,172.0
2026-09-18 03:46:00+00:00,4397.89990234375,4398.39990234375,4396.0,4396.2001953125,106.0
2026-09-18 03:47:00+00:00,4396.2998046875,4398.39990234375,4396.2001953125,4397.60009765625,87.0
2026-09-18 03:48:00+00:00,4397.89990234375,4399.10009765625,4397.5,4397.7998046875,72.0
2026-09-18 03:49:00+00:00,4397.7001953125,4398.7001953125,4397.10009765625,4397.10009765625,101.0
2026-09-18 03:50:00+00:00,4397.2998046875,4397.2998046875,4395.60009765625,4397.2001953125,98.0
2026-09-18 03:51:00+00:00,4397.39990234375,4397.5,4396.2001953125,4396.2001953125,32.0
2026-09-18 03:52:00+00:00,4396.5,4396.7001953125,4395.2998046875,4396.7001953125,118.0
2026-09-18 03:53:00+00:00,4396.7001953125,4398.0,4395.39990234375,4397.7998046875,137.0
2026-09-18 03:54:00+00:00,4397.7001953125,4397.7998046875,4396.0,4397.5,100.0
2026-09-18 03:55:00+00:00,4397.2998046875,4398.2998046875,4396.2001953125,4398.10009765625,76.0
2026-09-18 03:56:00+00:00,4397.89990234375,4398.7998046875,4397.7001953125,4398.7998046875,68.0
2026-09-18 03:57:00+00:00,4398.89990234375,4399.5,4397.2998046875,4397.60009765625,49.0
2026-09-18 03:58:00+00:00,4397.2001953125,4397.2001953125,4396.5,4396.60009765625,29.0
2026-09-18 04:00:00+00:00,4397.60009765625,4398.7001953125,4397.60009765625,4398.0,37.0
2026-09-18 04:01:00+00:00,4397.7998046875,4397.7998046875,4396.7998046875,4397.5,17.0
2026-09-18 04:02:00+00:00,4396.60009765625,4397.7001953125,4396.60009765625,4397.2001953125,36.0
2026-09-18 04:03:00+00:00,4397.0,4397.2998046875,4396.5,4397.2001953125,18.0
2026-09-18 04:04:00+00:00,4397.7998046875,4400.60009765625,4397.7998046875,4399.7998046875,119.0
2026-09-18 04:05:00+00:00,4399.89990234375,4400.2001953125,4398.7001953125,4399.2998046875,69.0
2026-09-18 04:06:00+00:00,4399.2001953125,4399.7001953125,4398.7001953125,4399.10009765625,23.0
2026-09-18 04:07:00+00:00,4398.7998046875,4400.0,4398.7001953125,4400.0,23.0
2026-09-18 04:08:00+00:00,4399.7001953125,4400.0,4398.7001953125,4398.7001953125,42.0
2026-09-18 04:09:00+00:00,4398.89990234375,4399.10009765625,4398.2998046875,4398.2998046875,23.0
2026-09-18 04:10:00+00:00,4398.39990234375,4398.89990234375,4398.2998046875,4398.7001953125,20.0
2026-09-18 04:11:00+00:00,4398.60009765625,4399.2001953125,4398.60009765625,4398.60009765625,25.0
2026-09-18 04:12:00+00:00,4398.5,4399.39990234375,4398.5,4398.7998046875,26.0
2026-09-18 04:13:00+00:00,4398.89990234375,4398.89990234375,4397.0,4397.7001953125,62.0
2026-09-18 04:14:00+00:00,4397.7001953125,4397.7998046875,4395.5,4395.5,135.0
2026-09-18 04:15:00+00:00,4396.0,4396.2001953125,4394.0,4394.0,100.0
2026-09-18 04:16:00+00:00,4394.39990234375,4394.7001953125,4392.5,4394.7001953125,130.0
2026-09-18 04:17:00+00:00,4394.2001953125,4394.39990234375,4393.5,4393.7001953125,24.0
2026-09-18 04:18:00+00:00,4393.7998046875,4393.7998046875,4393.39990234375,4393.5,11.0
2026-09-18 04:19:00+00:00,4393.5,4393.5,4392.39990234375,4392.89990234375,56.0
2026-09-18 04:20:00+00:00,4392.2998046875,4393.2001953125,4391.7998046875,4392.2998046875,43.0
2026-09-18 04:21:00+00:00,4391.7998046875,4392.7998046875,4391.7998046875,4392.7998046875,18.0
2026-09-18 04:22:00+00:00,4392.7001953125,4395.10009765625,4392.7001953125,4394.89990234375,52.0
2026-09-18 04:23:00+00:00,4394.60009765625,4394.60009765625,4393.7001953125,4394.39990234375,28.0
2026-09-18 04:24:00+00:00,4394.2998046875,4395.5,4394.2001953125,4394.7001953125,36.0
2026-09-18 04:25:00+00:00,4394.60009765625,4395.7001953125,4394.10009765625,4395.7001953125,13.0
2026-09-18 04:26:00+00:00,4395.60009765625,4396.39990234375,4395.60009765625,4396.0,38.0
2026-09-18 04:27:00+00:00,4395.7998046875,4396.0,4395.2001953125,4395.89990234375,14.0
2026-09-18 04:28:00+00:00,4396.10009765625,4396.2998046875,4395.7001953125,4396.10009765625,26.0
2026-09-18 04:29:00+00:00,4396.2001953125,4397.5,4396.2001953125,4397.5,29.0
2026-09-18 04:30:00+00:00,4397.2001953125,4398.5,4396.60009765625,4398.5,62.0
2026-09-18 04:31:00+00:00,4398.60009765625,4400.0,4398.2998046875,4399.7001953125,70.0
2026-09-18 04:32:00+00:00,4399.7001953125,4400.2998046875,4399.2998046875,4399.7001953125,47.0
2026-09-18 04:33:00+00:00,4399.60009765625,4399.60009765625,4398.5,4398.5,39.0
2026-09-18 04:34:00+00:00,4398.60009765625,4398.60009765625,4396.10009765625,4397.60009765625,101.0
2026-09-18 04:35:00+00:00,4397.39990234375,4398.7998046875,4397.39990234375,4398.7001953125,25.0
2026-09-18 04:36:00+00:00,4398.89990234375,4399.0,4397.39990234375,4398.2001953125,17.0
2026-09-18 04:37:00+00:00,4398.2998046875,4398.5,4397.7998046875,4398.0,16.0
2026-09-18 04:38:00+00:00,4397.89990234375,4398.60009765625,4397.7998046875,4398.60009765625,13.0
2026-09-18 04:39:00+00:00,4398.7001953125,4399.5,4398.5,4398.7001953125,34.0
2026-09-18 04:40:00+00:00,4399.10009765625,4399.7998046875,4398.5,4398.89990234375,54.0
2026-09-18 04:41:00+00:00,4398.89990234375,4399.10009765625,4398.7998046875,4399.0,20.0
2026-09-18 04:42:00+00:00,4399.10009765625,4401.89990234375,4399.10009765625,4401.10009765625,114.0
2026-09-18 04:43:00+00:00,4401.39990234375,4402.89990234375,4400.60009765625,4402.60009765625,63.0
2026-09-18 04:44:00+00:00,4402.10009765625,4405.0,4402.10009765625,4403.7998046875,172.0
2026-09-18 04:45:00+00:00,4404.10009765625,4405.89990234375,4403.60009765625,4404.5,145.0
2026-09-18 04:46:00+00:00,4404.39990234375,4405.60009765625,4404.10009765625,4405.0,59.0
2026-09-18 04:47:00+00:00,4405.0,4405.2998046875,4403.2998046875,4404.0,99.0
2026-09-18 04:48:00+00:00,4403.89990234375,4405.0,4403.7001953125,4404.5,79.0
2026-09-18 04:49:00+00:00,4404.7998046875,4405.89990234375,4404.39990234375,4404.89990234375,124.0
2026-09-18 04:50:00+00:00,4404.7998046875,4406.2998046875,4404.7998046875,4405.5,112.0
2026-09-18 04:51:00+00:00,4405.60009765625,4406.7001953125,4404.0,4404.60009765625,94.0
2026-09-18 04:52:00+00:00,4404.2001953125,4404.39990234375,4402.5,4402.5,104.0
2026-09-18 04:53:00+00:00,4402.89990234375,4402.89990234375,4401.39990234375,4401.39990234375,37.0
2026-09-18 04:54:00+00:00,4401.0,4401.89990234375,4400.5,4401.0,31.0
2026-09-18 04:55:00+00:00,4401.39990234375,4401.7001953125,4400.5,4401.0,16.0
2026-09-18 04:56:00+00:00,4401.5,4403.39990234375,4401.2998046875,4403.39990234375,68.0
2026-09-18 04:57:00+00:00,4403.5,4406.89990234375,4403.5,4406.10009765625,251.0
2026-09-18 04:58:00+00:00,4405.7998046875,4406.2001953125,4405.7001953125,4405.7998046875,17.0
2026-09-18 04:59:00+00:00,4405.7001953125,4406.39990234375,4405.2998046875,4406.39990234375,40.0
2026-09-18 05:00:00+00:00,4406.7001953125,4407.39990234375,4405.10009765625,4405.2998046875,127.0
2026-09-18 05:01:00+00:00,4405.5,4406.89990234375,4405.10009765625,4405.5,91.0
2026-09-18 05:02:00+00:00,4405.2998046875,4405.60009765625,4403.7998046875,4404.89990234375,101.0
2026-09-18 05:03:00+00:00,4405.0,4406.0,4404.5,4405.10009765625,49.0
2026-09-18 05:04:00+00:00,4405.10009765625,4406.0,4404.7001953125,4406.0,19.0
2026-09-18 05:05:00+00:00,4405.60009765625,4406.0,4405.10009765625,4406.0,12.0
2026-09-18 05:06:00+00:00,4405.39990234375,4405.7998046875,4403.60009765625,4405.2998046875,73.0
2026-09-18 05:07:00+00:00,4405.2998046875,4409.2001953125,4404.89990234375,4408.5,243.0
2026-09-18 05:08:00+00:00,4408.7998046875,4408.7998046875,4406.89990234375,4407.2998046875,82.0
2026-09-18 05:09:00+00:00,4407.5,4408.5,4407.0,4407.7001953125,39.0
2026-09-18 05:10:00+00:00,4407.7998046875,4408.0,4406.39990234375,4406.39990234375,49.0
2026-09-18 05:11:00+00:00,4406.7001953125,4406.89990234375,4406.0,4406.7001953125,23.0
2026-09-18 05:12:00+00:00,4406.2998046875,4407.5,4405.10009765625,4406.89990234375,69.0
2026-09-18 05:13:00+00:00,4407.2998046875,4407.39990234375,4405.5,4405.7001953125,52.0
2026-09-18 05:14:00+00:00,4405.89990234375,4405.89990234375,4405.10009765625,4405.39990234375,43.0
2026-09-18 05:15:00+00:00,4405.2998046875,4406.7998046875,4404.89990234375,4405.10009765625,60.0
2026-09-18 05:16:00+00:00,4405.2001953125,4406.5,4405.2001953125,4406.5,7.0
2026-09-18 05:17:00+00:00,4406.7001953125,4408.2998046875,4406.7001953125,4407.39990234375,43.0
2026-09-18 05:18:00+00:00,4407.89990234375,4408.39990234375,4407.5,4408.39990234375,31.0
2026-09-18 05:19:00+00:00,4408.5,4409.2998046875,4408.2998046875,4408.39990234375,83.0
2026-09-18 05:20:00+00:00,4408.39990234375,4408.89990234375,4407.0,4407.5,37.0
2026-09-18 05:21:00+00:00,4407.7001953125,4407.7001953125,4407.10009765625,4407.39990234375,11.0
2026-09-18 05:22:00+00:00,4407.39990234375,4407.7001953125,4406.2998046875,4406.89990234375,27.0
2026-09-18 05:23:00+00:00,4407.10009765625,4407.2998046875,4405.89990234375,4406.2001953125,26.0
2026-09-18 05:24:00+00:00,4405.7998046875,4407.0,4405.7998046875,4406.5,20.0
2026-09-18 05:25:00+00:00,4406.5,4406.7001953125,4405.7001953125,4405.89990234375,33.0
2026-09-18 05:26:00+00:00,4406.10009765625,4406.2001953125,4405.2001953125,4405.2001953125,38.0
2026-09-18 05:27:00+00:00,4405.2001953125,4405.2998046875,4404.2998046875,4404.7998046875,50.0
2026-09-18 05:28:00+00:00,4404.5,4404.60009765625,4403.7001953125,4403.7001953125,72.0
2026-09-18 05:29:00+00:00,4403.7998046875,4405.89990234375,4403.60009765625,4404.2001953125,89.0
2026-09-18 05:30:00+00:00,4404.39990234375,4406.0,4399.7998046875,4403.2998046875,638.0
2026-09-18 05:31:00+00:00,4403.7998046875,4404.39990234375,4400.7001953125,4402.2001953125,104.0
2026-09-18 05:32:00+00:00,4402.0,4404.7998046875,4401.7001953125,4403.2001953125,74.0
2026-09-18 05:33:00+00:00,4403.2998046875,4405.10009765625,4402.10009765625,4402.10009765625,83.0
2026-09-18 05:34:00+00:00,4403.5,4404.2998046875,4402.39990234375,4402.39990234375,65.0
2026-09-18 05:35:00+00:00,4402.60009765625,4404.0,4402.60009765625,4403.39990234375,33.0
2026-09-18 05:36:00+00:00,4403.7998046875,4407.89990234375,4403.2998046875,4407.2998046875,102.0
2026-09-18 05:37:00+00:00,4408.10009765625,4409.5,4403.7998046875,4405.7001953125,255.0
2026-09-18 05:38:00+00:00,4405.5,4412.5,4404.10009765625,4410.60009765625,385.0
2026-09-18 05:39:00+00:00,4410.5,4413.0,4410.0,4412.2998046875,130.0
2026-09-18 05:40:00+00:00,4412.0,4412.60009765625,4410.0,4412.2001953125,75.0
2026-09-18 05:41:00+00:00,4412.0,4412.5,4411.10009765625,4412.5,111.0
2026-09-18 05:42:00+00:00,4412.39990234375,4414.0,4412.2998046875,4413.7998046875,165.0
2026-09-18 05:43:00+00:00,4413.60009765625,4415.60009765625,4413.0,4414.0,216.0
2026-09-18 05:44:00+00:00,4413.5,4418.10009765625,4412.89990234375,4416.7001953125,309.0
2026-09-18 05:45:00+00:00,4416.60009765625,4417.7001953125,4414.2998046875,4414.2998046875,136.0
2026-09-18 05:46:00+00:00,4414.2998046875,4416.2998046875,4413.7001953125,4414.60009765625,181.0
2026-09-18 05:47:00+00:00,4414.10009765625,4416.0,4413.7001953125,4414.60009765625,77.0
2026-09-18 05:48:00+00:00,4414.2998046875,4415.10009765625,4413.7998046875,4413.7998046875,90.0
2026-09-18 05:49:00+00:00,4413.60009765625,4413.7001953125,4410.60009765625,4410.60009765625,258.0
2026-09-18 05:50:00+00:00,4410.2998046875,4414.0,4410.10009765625,4414.0,299.0
2026-09-18 05:51:00+00:00,4413.7001953125,4414.60009765625,4412.39990234375,4412.39990234375,86.0
2026-09-18 05:52:00+00:00,4412.10009765625,4413.39990234375,4411.60009765625,4412.2998046875,29.0
2026-09-18 05:53:00+00:00,4412.2998046875,4413.39990234375,4411.5,4412.7998046875,62.0
2026-09-18 05:54:00+00:00,4413.2001953125,4413.7998046875,4412.60009765625,4413.2001953125,39.0
2026-09-18 05:55:00+00:00,4413.2001953125,4414.0,4412.7998046875,4412.89990234375,39.0
2026-09-18 05:56:00+00:00,4412.60009765625,4412.7998046875,4410.5,4411.10009765625,62.0
2026-09-18 05:57:00+00:00,4410.7998046875,4414.39990234375,4410.7998046875,4414.2001953125,124.0
2026-09-18 05:58:00+00:00,4414.2998046875,4416.89990234375,4414.0,4416.5,111.0
2026-09-18 05:59:00+00:00,4416.60009765625,4417.60009765625,4415.89990234375,4416.89990234375,97.0
2026-09-18 06:00:00+00:00,4417.0,4424.0,4416.7001953125,4422.60009765625,809.0
2026-09-18 06:01:00+00:00,4423.0,4427.0,4422.7998046875,4424.60009765625,536.0
2026-09-18 06:02:00+00:00,4424.60009765625,4425.39990234375,4421.7001953125,4424.7998046875,337.0
2026-09-18 06:03:00+00:00,4424.7001953125,4424.7001953125,4422.2998046875,4422.7998046875,170.0
2026-09-18 06:04:00+00:00,4422.7998046875,4422.89990234375,4421.2001953125,4421.7998046875,119.0
2026-09-18 06:05:00+00:00,4421.60009765625,4424.2001953125,4418.89990234375,4423.39990234375,402.0
2026-09-18 06:06:00+00:00,4423.2001953125,4426.7001953125,4423.2001953125,4426.10009765625,132.0
2026-09-18 06:07:00+00:00,4426.0,4426.10009765625,4424.60009765625,4425.39990234375,46.0
2026-09-18 06:08:00+00:00,4425.5,4426.89990234375,4425.39990234375,4426.39990234375,83.0
2026-09-18 06:09:00+00:00,4426.5,4427.89990234375,4425.5,4426.7998046875,166.0
2026-09-18 06:10:00+00:00,4427.0,4428.89990234375,4426.2998046875,4426.2998046875,123.0
2026-09-18 06:11:00+00:00,4426.2001953125,4427.60009765625,4426.0,4427.60009765625,55.0
2026-09-18 06:12:00+00:00,4427.0,4428.7001953125,4426.89990234375,4428.7001953125,62.0
2026-09-18 06:13:00+00:00,4428.7001953125,4430.2001953125,4428.0,4429.2998046875,226.0
2026-09-18 06:14:00+00:00,4429.2998046875,4429.7001953125,4428.39990234375,4428.39990234375,88.0
2026-09-18 06:15:00+00:00,4428.5,4428.60009765625,4424.7001953125,4424.89990234375,166.0
2026-09-18 06:16:00+00:00,4424.60009765625,4426.2001953125,4424.39990234375,4424.89990234375,102.0
2026-09-18 06:17:00+00:00,4424.0,4424.10009765625,4422.39990234375,4422.60009765625,126.0
2026-09-18 06:18:00+00:00,4422.39990234375,4423.7001953125,4421.5,4423.7001953125,72.0
2026-09-18 06:19:00+00:00,4424.2998046875,4425.39990234375,4423.7998046875,4424.2998046875,64.0
2026-09-18 06:20:00+00:00,4424.60009765625,4425.60009765625,4424.10009765625,4425.0,49.0
2026-09-18 06:21:00+00:00,4424.7001953125,4425.89990234375,4424.2001953125,4425.89990234375,42.0
2026-09-18 06:22:00+00:00,4426.2001953125,4428.60009765625,4425.7998046875,4428.5,90.0
2026-09-18 06:23:00+00:00,4428.2001953125,4429.60009765625,4427.7998046875,4428.5,155.0
2026-09-18 06:24:00+00:00,4428.2001953125,4431.60009765625,4428.2001953125,4431.0,101.0
2026-09-18 06:25:00+00:00,4431.2001953125,4432.7998046875,4430.7001953125,4432.2998046875,117.0
2026-09-18 06:26:00+00:00,4432.2998046875,4433.0,4431.39990234375,4432.39990234375,166.0
2026-09-18 06:27:00+00:00,4432.0,4433.2998046875,4431.2998046875,4433.0,124.0
2026-09-18 06:28:00+00:00,4433.2001953125,4433.7001953125,4432.60009765625,4433.39990234375,63.0
2026-09-18 06:29:00+00:00,4432.7998046875,4433.0,4430.7001953125,4432.10009765625,104.0
2026-09-18 06:30:00+00:00,4432.0,4433.2998046875,4430.2998046875,4432.2998046875,123.0
2026-09-18 06:31:00+00:00,4432.10009765625,4432.2998046875,4430.5,4430.5,61.0
2026-09-18 06:32:00+00:00,4431.10009765625,4433.60009765625,4431.10009765625,4433.0,92.0
2026-09-18 06:33:00+00:00,4432.89990234375,4433.2998046875,4431.5,4431.5,59.0
2026-09-18 06:34:00+00:00,4431.2998046875,4432.60009765625,4430.89990234375,4432.2998046875,47.0
2026-09-18 06:35:00+00:00,4432.60009765625,4433.60009765625,4432.2001953125,4432.60009765625,65.0
2026-09-18 06:36:00+00:00,4432.2998046875,4433.2998046875,4431.60009765625,4432.2998046875,34.0
2026-09-18 06:37:00+00:00,4432.2001953125,4433.5,4432.10009765625,4433.5,44.0
2026-09-18 06:38:00+00:00,4433.60009765625,4434.0,4431.7998046875,4432.89990234375,110.0
2026-09-18 06:39:00+00:00,4433.10009765625,4434.2998046875,4432.89990234375,4434.2998046875,66.0
2026-09-18 06:40:00+00:00,4433.7998046875,4435.2998046875,4433.2001953125,4435.2998046875,177.0
2026-09-18 06:41:00+00:00,4435.5,4436.39990234375,4434.5,4435.7001953125,110.0
2026-09-18 06:42:00+00:00,4436.2001953125,4436.2001953125,4434.0,4435.7001953125,62.0
2026-09-18 06:43:00+00:00,4435.2998046875,4436.0,4434.5,4435.60009765625,54.0
2026-09-18 06:44:00+00:00,4435.39990234375,4436.60009765625,4434.89990234375,4436.0,80.0
2026-09-18 06:45:00+00:00,4435.5,4436.7001953125,4435.0,4436.2998046875,118.0
2026-09-18 06:46:00+00:00,4436.2998046875,4436.89990234375,4436.10009765625,4436.7998046875,64.0
2026-09-18 06:47:00+00:00,4436.39990234375,4437.10009765625,4435.0,4435.5,82.0
2026-09-18 06:48:00+00:00,4435.5,4436.7998046875,4435.39990234375,4436.60009765625,55.0
2026-09-18 06:49:00+00:00,4436.10009765625,4436.2998046875,4434.2001953125,4435.0,140.0
2026-09-18 06:50:00+00:00,4435.2001953125,4435.2001953125,4432.7998046875,4433.10009765625,294.0
2026-09-18 06:51:00+00:00,4433.0,4433.7001953125,4431.89990234375,4432.2998046875,118.0
2026-09-18 06:52:00+00:00,4432.7998046875,4433.0,4431.7001953125,4432.2001953125,58.0
2026-09-18 06:53:00+00:00,4431.7998046875,4432.5,4430.5,4430.7001953125,162.0
2026-09-18 06:54:00+00:00,4430.89990234375,4431.10009765625,4430.2001953125,4431.0,69.0
2026-09-18 06:55:00+00:00,4430.7998046875,4431.5,4429.39990234375,4429.89990234375,88.0
2026-09-18 06:56:00+00:00,4430.39990234375,4432.0,4430.2001953125,4432.0,59.0
2026-09-18 06:57:00+00:00,4432.2998046875,4434.0,4431.7998046875,4433.7998046875,105.0
2026-09-18 06:58:00+00:00,4433.7998046875,4434.0,4433.10009765625,4433.60009765625,77.0
2026-09-18 06:59:00+00:00,4433.60009765625,4433.7001953125,4432.7001953125,4433.5,37.0
2026-09-18 07:00:00+00:00,4433.2001953125,4435.60009765625,4432.0,4432.39990234375,166.0
2026-09-18 07:01:00+00:00,4432.60009765625,4433.39990234375,4431.7001953125,4433.2998046875,150.0
2026-09-18 07:02:00+00:00,4432.7998046875,4432.7998046875,4430.89990234375,4431.39990234375,41.0
2026-09-18 07:03:00+00:00,4431.60009765625,4432.10009765625,4430.89990234375,4431.39990234375,53.0
2026-09-18 07:04:00+00:00,4431.89990234375,4432.2001953125,4430.60009765625,4431.2998046875,56.0
2026-09-18 07:05:00+00:00,4431.39990234375,4433.7998046875,4430.89990234375,4432.10009765625,113.0
2026-09-18 07:06:00+00:00,4432.10009765625,4432.7001953125,4431.2998046875,4431.7998046875,43.0
2026-09-18 07:07:00+00:00,4432.5,4434.0,4432.2001953125,4433.0,68.0
2026-09-18 07:08:00+00:00,4433.5,4435.5,4433.5,4434.60009765625,116.0
2026-09-18 07:09:00+00:00,4434.5,4434.5,4433.0,4433.60009765625,77.0
2026-09-18 07:10:00+00:00,4433.5,4433.60009765625,4432.89990234375,4433.2998046875,31.0
2026-09-18 07:11:00+00:00,4433.39990234375,4433.60009765625,4431.7998046875,4432.0,52.0
2026-09-18 07:12:00+00:00,4432.0,4432.2001953125,4430.7001953125,4431.2001953125,70.0
2026-09-18 07:13:00+00:00,4431.10009765625,4432.2001953125,4430.0,4430.7998046875,110.0
2026-09-18 07:14:00+00:00,4431.0,4431.0,4429.0,4430.2001953125,77.0
2026-09-18 07:15:00+00:00,4430.60009765625,4431.39990234375,4429.5,4429.89990234375,77.0
2026-09-18 07:16:00+00:00,4429.7998046875,4432.7001953125,4429.5,4432.5,156.0
2026-09-18 07:17:00+00:00,4432.39990234375,4433.7998046875,4431.60009765625,4433.5,115.0
2026-09-18 07:18:00+00:00,4433.2998046875,4433.39990234375,4432.0,4432.39990234375,50.0
2026-09-18 07:19:00+00:00,4432.5,4433.89990234375,4432.39990234375,4432.7001953125,47.0
2026-09-18 07:20:00+00:00,4433.2998046875,4433.7998046875,4432.39990234375,4432.39990234375,29.0
2026-09-18 07:21:00+00:00,4432.39990234375,4434.60009765625,4431.89990234375,4431.89990234375,139.0
2026-09-18 07:22:00+00:00,4431.89990234375,4433.5,4431.5,4433.5,70.0
2026-09-18 07:23:00+00:00,4433.5,4434.2998046875,4433.2001953125,4433.5,82.0
2026-09-18 07:24:00+00:00,4433.7001953125,4434.39990234375,4432.89990234375,4433.10009765625,87.0
2026-09-18 07:25:00+00:00,4433.2001953125,4434.5,4432.10009765625,4434.5,48.0
2026-09-18 07:26:00+00:00,4434.2998046875,4434.2998046875,4432.89990234375,4433.2001953125,97.0
2026-09-18 07:27:00+00:00,4433.0,4433.89990234375,4433.0,4433.0,51.0
2026-09-18 07:28:00+00:00,4433.0,4434.0,4432.5,4433.7001953125,36.0
2026-09-18 07:29:00+00:00,4434.2001953125,4435.89990234375,4433.89990234375,4435.5,59.0
2026-09-18 07:30:00+00:00,4435.5,4436.0,4435.10009765625,4435.2998046875,90.0
2026-09-18 07:31:00+00:00,4436.2001953125,4437.39990234375,4432.60009765625,4432.7001953125,163.0
2026-09-18 07:32:00+00:00,4432.7998046875,4433.89990234375,4431.89990234375,4433.0,62.0
2026-09-18 07:33:00+00:00,4433.0,4433.0,4431.89990234375,4432.60009765625,52.0
2026-09-18 07:34:00+00:00,4432.2998046875,4433.5,4432.10009765625,4433.2001953125,128.0
2026-09-18 07:35:00+00:00,4433.0,4436.89990234375,4433.0,4435.2998046875,139.0
2026-09-18 07:36:00+00:00,4435.2998046875,4436.2001953125,4434.89990234375,4434.89990234375,63.0
2026-09-18 07:37:00+00:00,4434.7998046875,4434.7998046875,4432.0,4432.5,94.0
2026-09-18 07:38:00+00:00,4432.60009765625,4434.2001953125,4431.89990234375,4434.10009765625,110.0
2026-09-18 07:39:00+00:00,4433.7001953125,4434.2001953125,4433.5,4433.89990234375,53.0
2026-09-18 07:40:00+00:00,4433.89990234375,4434.0,4431.2998046875,4431.2998046875,67.0
2026-09-18 07:41:00+00:00,4431.7001953125,4432.7998046875,4431.10009765625,4432.2001953125,119.0
2026-09-18 07:42:00+00:00,4432.2001953125,4435.2001953125,4432.2001953125,4432.5,179.0
2026-09-18 07:43:00+00:00,4432.60009765625,4434.5,4432.39990234375,4433.39990234375,90.0
2026-09-18 07:44:00+00:00,4433.10009765625,4433.7998046875,4432.2998046875,4433.7001953125,64.0
2026-09-18 07:45:00+00:00,4433.60009765625,4435.7001953125,4433.60009765625,4435.10009765625,98.0
2026-09-18 07:46:00+00:00,4435.0,4435.5,4433.7001953125,4434.2001953125,38.0
2026-09-18 07:47:00+00:00,4434.2001953125,4436.7001953125,4434.2001953125,4435.7998046875,114.0
2026-09-18 07:48:00+00:00,4435.7998046875,4436.7998046875,4435.7001953125,4436.0,93.0
2026-09-18 07:49:00+00:00,4436.39990234375,4437.39990234375,4436.10009765625,4436.7998046875,105.0
2026-09-18 07:50:00+00:00,4437.2001953125,4437.5,4436.2998046875,4437.2001953125,71.0
2026-09-18 07:51:00+00:00,4437.2001953125,4439.7998046875,4437.10009765625,4438.7001953125,413.0
2026-09-18 07:52:00+00:00,4438.7001953125,4438.7001953125,4436.60009765625,4436.60009765625,177.0
2026-09-18 07:53:00+00:00,4436.89990234375,4437.10009765625,4435.10009765625,4435.7001953125,268.0
2026-09-18 07:54:00+00:00,4435.7001953125,4437.2998046875,4435.39990234375,4437.2001953125,127.0
2026-09-18 07:55:00+00:00,4437.0,4437.7001953125,4435.2001953125,4435.2001953125,51.0
2026-09-18 07:56:00+00:00,4435.39990234375,4435.5,4433.10009765625,4433.2998046875,124.0
2026-09-18 07:57:00+00:00,4433.10009765625,4433.7001953125,4432.5,4433.5,71.0
2026-09-18 07:58:00+00:00,4433.39990234375,4434.39990234375,4433.0,4433.7001953125,118.0
2026-09-18 07:59:00+00:00,4433.89990234375,4434.60009765625,4433.2998046875,4433.2998046875,68.0
2026-09-18 08:00:00+00:00,4433.2001953125,4435.0,4432.7998046875,4434.39990234375,159.0
2026-09-18 08:01:00+00:00,4434.39990234375,4436.10009765625,4434.2001953125,4435.7998046875,75.0
2026-09-18 08:02:00+00:00,4436.0,4436.39990234375,4434.7001953125,4435.7001953125,52.0
2026-09-18 08:03:00+00:00,4435.5,4438.2001953125,4435.5,4437.0,68.0
2026-09-18 08:04:00+00:00,4437.10009765625,4438.0,4436.7001953125,4437.60009765625,66.0
2026-09-18 08:05:00+00:00,4437.89990234375,4438.2998046875,4436.10009765625,4436.10009765625,59.0
2026-09-18 08:06:00+00:00,4436.5,4437.39990234375,4435.7998046875,4436.10009765625,69.0
2026-09-18 08:07:00+00:00,4436.7998046875,4437.5,4436.2998046875,4437.5,89.0
2026-09-18 08:08:00+00:00,4437.2998046875,4437.7001953125,4436.10009765625,4436.2001953125,53.0
2026-09-18 08:09:00+00:00,4435.89990234375,4436.0,4434.0,4434.7001953125,67.0
2026-09-18 08:10:00+00:00,4434.60009765625,4434.7998046875,4432.39990234375,4433.10009765625,66.0
2026-09-18 08:11:00+00:00,4433.0,4433.0,4431.2998046875,4432.10009765625,101.0
2026-09-18 08:12:00+00:00,4432.2998046875,4434.10009765625,4431.2998046875,4433.7998046875,65.0
2026-09-18 08:13:00+00:00,4433.89990234375,4435.0,4432.89990234375,4433.0,47.0
2026-09-18 08:14:00+00:00,4433.2001953125,4434.0,4430.2001953125,4430.5,78.0
2026-09-18 08:15:00+00:00,4430.5,4431.7001953125,4429.5,4430.89990234375,67.0
2026-09-18 08:16:00+00:00,4431.10009765625,4431.5,4430.39990234375,4430.7998046875,43.0
2026-09-18 08:17:00+00:00,4431.39990234375,4432.5,4431.2001953125,4431.7998046875,37.0
2026-09-18 08:18:00+00:00,4432.2998046875,4432.2998046875,4431.2001953125,4431.2001953125,11.0
2026-09-18 08:19:00+00:00,4431.7998046875,4432.5,4431.2001953125,4431.39990234375,33.0
2026-09-18 08:20:00+00:00,4431.39990234375,4432.7998046875,4430.89990234375,4432.7998046875,71.0
2026-09-18 08:21:00+00:00,4433.10009765625,4434.0,4431.7998046875,4432.89990234375,236.0
2026-09-18 08:22:00+00:00,4433.0,4433.5,4431.39990234375,4431.89990234375,77.0
2026-09-18 08:23:00+00:00,4431.2998046875,4433.39990234375,4431.10009765625,4433.2001953125,101.0
2026-09-18 08:24:00+00:00,4433.10009765625,4433.5,4429.39990234375,4430.0,222.0
2026-09-18 08:25:00+00:00,4430.10009765625,4430.39990234375,4429.2001953125,4429.39990234375,48.0
2026-09-18 08:26:00+00:00,4429.39990234375,4429.5,4428.7001953125,4429.39990234375,39.0
2026-09-18 08:27:00+00:00,4429.2001953125,4430.10009765625,4428.89990234375,4429.60009765625,67.0
2026-09-18 08:28:00+00:00,4429.39990234375,4429.5,4428.7998046875,4428.7998046875,30.0
2026-09-18 08:29:00+00:00,4428.7001953125,4428.7001953125,4427.39990234375,4427.7001953125,228.0
2026-09-18 08:30:00+00:00,4428.2001953125,4428.60009765625,4427.2001953125,4427.60009765625,103.0
2026-09-18 08:31:00+00:00,4427.5,4427.5,4426.10009765625,4426.5,110.0
2026-09-18 08:32:00+00:00,4426.5,4428.0,4426.2001953125,4427.7001953125,102.0
2026-09-18 08:33:00+00:00,4427.5,4429.0,4427.39990234375,4428.0,79.0
2026-09-18 08:34:00+00:00,4428.0,4428.0,4427.2998046875,4427.7001953125,22.0
2026-09-18 08:35:00+00:00,4427.89990234375,4427.89990234375,4426.0,4426.0,69.0
2026-09-18 08:36:00+00:00,4426.2001953125,4427.10009765625,4426.0,4426.2001953125,37.0
2026-09-18 08:37:00+00:00,4426.10009765625,4428.5,4425.89990234375,4428.5,60.0
2026-09-18 08:38:00+00:00,4428.7001953125,4429.5,4426.60009765625,4426.7998046875,83.0
2026-09-18 08:39:00+00:00,4426.7001953125,4427.60009765625,4426.5,4426.5,48.0
2026-09-18 08:40:00+00:00,4426.7998046875,4426.7998046875,4425.39990234375,4425.89990234375,78.0
2026-09-18 08:41:00+00:00,4426.10009765625,4426.10009765625,4425.39990234375,4425.7998046875,48.0
2026-09-18 08:42:00+00:00,4425.60009765625,4426.39990234375,4425.2001953125,4425.5,59.0
2026-09-18 08:43:00+00:00,4425.60009765625,4426.10009765625,4424.89990234375,4425.0,92.0
2026-09-18 08:44:00+00:00,4425.39990234375,4427.10009765625,4425.39990234375,4426.5,66.0
2026-09-18 08:45:00+00:00,4426.5,4427.7998046875,4426.39990234375,4426.60009765625,52.0
2026-09-18 08:46:00+00:00,4426.89990234375,4426.89990234375,4425.89990234375,4426.7001953125,50.0
2026-09-18 08:47:00+00:00,4427.5,4428.89990234375,4427.0,4428.2998046875,38.0
2026-09-18 08:48:00+00:00,4428.2001953125,4428.7001953125,4428.0,4428.0,19.0
2026-09-18 08:49:00+00:00,4428.10009765625,4428.2001953125,4426.7001953125,4426.7998046875,73.0
2026-09-18 08:50:00+00:00,4426.7001953125,4429.0,4426.7001953125,4428.2001953125,129.0
2026-09-18 08:51:00+00:00,4428.39990234375,4428.39990234375,4427.10009765625,4427.7998046875,22.0
2026-09-18 08:52:00+00:00,4427.89990234375,4429.7001953125,4427.7001953125,4429.7001953125,65.0
2026-09-18 08:53:00+00:00,4429.7998046875,4431.2998046875,4429.0,4431.10009765625,164.0
2026-09-18 08:54:00+00:00,4430.7998046875,4433.0,4430.60009765625,4432.10009765625,152.0
2026-09-18 08:55:00+00:00,4432.0,4432.7001953125,4431.7001953125,4432.7001953125,63.0
2026-09-18 08:56:00+00:00,4432.7001953125,4434.2001953125,4432.2001953125,4434.2001953125,51.0
2026-09-18 08:57:00+00:00,4434.0,4434.2001953125,4433.5,4434.10009765625,72.0
2026-09-18 08:58:00+00:00,4433.89990234375,4434.0,4432.2001953125,4432.2001953125,55.0
2026-09-18 08:59:00+00:00,4432.2001953125,4432.7001953125,4431.89990234375,4432.10009765625,51.0
2026-09-18 09:00:00+00:00,4432.2998046875,4432.60009765625,4431.5,4432.39990234375,69.0
2026-09-18 09:01:00+00:00,4432.2998046875,4432.89990234375,4431.7001953125,4431.89990234375,29.0
2026-09-18 09:02:00+00:00,4432.5,4434.2001953125,4432.39990234375,4433.89990234375,76.0
2026-09-18 09:03:00+00:00,4434.0,4434.39990234375,4433.5,4434.2001953125,37.0
2026-09-18 09:04:00+00:00,4434.2998046875,4435.39990234375,4434.10009765625,4435.0,46.0
2026-09-18 09:05:00+00:00,4435.0,4435.0,4434.2998046875,4434.89990234375,57.0
2026-09-18 09:06:00+00:00,4435.0,4436.5,4434.7998046875,4436.10009765625,82.0
2026-09-18 09:07:00+00:00,4436.10009765625,4437.2001953125,4435.7998046875,4436.39990234375,46.0
2026-09-18 09:08:00+00:00,4436.5,4437.2001953125,4436.39990234375,4437.10009765625,56.0
2026-09-18 09:09:00+00:00,4436.7998046875,4437.10009765625,4435.5,4436.10009765625,66.0
2026-09-18 09:10:00+00:00,4436.2998046875,4438.2001953125,4436.0,4438.0,64.0
2026-09-18 09:11:00+00:00,4437.7998046875,4438.2998046875,4437.60009765625,4438.0,40.0
2026-09-18 09:12:00+00:00,4437.7998046875,4437.7998046875,4436.60009765625,4436.7998046875,41.0
2026-09-18 09:13:00+00:00,4436.7998046875,4437.2001953125,4436.60009765625,4436.7001953125,77.0
2026-09-18 09:14:00+00:00,4436.5,4436.5,4434.2001953125,4434.60009765625,198.0
2026-09-18 09:15:00+00:00,4434.7001953125,4435.2998046875,4434.10009765625,4435.0,70.0
2026-09-18 09:16:00+00:00,4434.7998046875,4435.2001953125,4434.2001953125,4434.2001953125,38.0
2026-09-18 09:17:00+00:00,4434.39990234375,4434.39990234375,4433.5,4433.7998046875,54.0
2026-09-18 09:18:00+00:00,4434.2001953125,4434.39990234375,4432.60009765625,4433.0,43.0
2026-09-18 09:19:00+00:00,4432.89990234375,4433.60009765625,4432.89990234375,4433.0,38.0
2026-09-18 09:20:00+00:00,4433.10009765625,4434.89990234375,4433.10009765625,4434.7998046875,90.0
2026-09-18 09:21:00+00:00,4434.89990234375,4435.0,4433.7001953125,4433.7001953125,25.0
2026-09-18 09:22:00+00:00,4434.0,4434.7001953125,4433.39990234375,4433.39990234375,46.0
2026-09-18 09:23:00+00:00,4433.10009765625,4433.10009765625,4431.89990234375,4432.0,41.0
2026-09-18 09:24:00+00:00,4431.89990234375,4432.10009765625,4431.0,4431.2001953125,45.0
2026-09-18 09:25:00+00:00,4431.0,4431.2001953125,4427.2001953125,4427.5,378.0
2026-09-18 09:26:00+00:00,4427.7001953125,4427.89990234375,4426.0,4426.89990234375,84.0
2026-09-18 09:27:00+00:00,4427.2001953125,4427.7001953125,4425.89990234375,4427.7001953125,106.0
2026-09-18 09:28:00+00:00,4427.7998046875,4428.2998046875,4426.89990234375,4427.89990234375,48.0
2026-09-18 09:29:00+00:00,4428.2001953125,4428.2998046875,4427.2998046875,4428.0,42.0
2026-09-18 09:30:00+00:00,4427.7001953125,4428.39990234375,4426.5,4427.39990234375,135.0
2026-09-18 09:31:00+00:00,4427.5,4428.7998046875,4427.2001953125,4428.7998046875,136.0
2026-09-18 09:32:00+00:00,4428.7001953125,4429.0,4427.60009765625,4427.89990234375,93.0
2026-09-18 09:33:00+00:00,4428.0,4428.0,4425.7998046875,4426.2998046875,142.0
2026-09-18 09:34:00+00:00,4426.2998046875,4426.5,4425.7001953125,4426.0,76.0
2026-09-18 09:35:00+00:00,4425.89990234375,4426.60009765625,4425.7001953125,4426.0,69.0
2026-09-18 09:36:00+00:00,4426.10009765625,4426.39990234375,4425.10009765625,4425.39990234375,61.0
2026-09-18 09:37:00+00:00,4425.2998046875,4426.2998046875,4425.10009765625,4425.39990234375,46.0
2026-09-18 09:38:00+00:00,4425.2998046875,4425.2998046875,4422.2001953125,4422.5,164.0
2026-09-18 09:39:00+00:00,4422.39990234375,4422.60009765625,4421.10009765625,4421.60009765625,162.0
2026-09-18 09:40:00+00:00,4421.60009765625,4422.10009765625,4420.39990234375,4421.39990234375,145.0
2026-09-18 09:41:00+00:00,4421.39990234375,4421.39990234375,4419.2998046875,4419.60009765625,153.0
2026-09-18 09:42:00+00:00,4419.7001953125,4421.39990234375,4419.0,4419.7998046875,192.0
2026-09-18 09:43:00+00:00,4419.89990234375,4420.7001953125,4418.39990234375,4418.39990234375,220.0
2026-09-18 09:44:00+00:00,4418.39990234375,4418.60009765625,4416.60009765625,4416.60009765625,135.0
2026-09-18 09:45:00+00:00,4416.5,4417.0,4414.2001953125,4414.7998046875,291.0
2026-09-18 09:46:00+00:00,4414.7001953125,4416.7998046875,4413.10009765625,4415.7998046875,343.0
2026-09-18 09:47:00+00:00,4415.7998046875,4416.7998046875,4415.5,4416.5,102.0
2026-09-18 09:48:00+00:00,4416.10009765625,4416.89990234375,4413.7001953125,4415.5,124.0
2026-09-18 09:49:00+00:00,4414.89990234375,4415.39990234375,4414.2998046875,4414.60009765625,45.0
2026-09-18 09:50:00+00:00,4414.7001953125,4415.89990234375,4414.2998046875,4414.7998046875,68.0
2026-09-18 09:51:00+00:00,4415.0,4416.7001953125,4414.89990234375,4416.10009765625,91.0
2026-09-18 09:52:00+00:00,4416.0,4416.2998046875,4415.0,4416.10009765625,104.0
2026-09-18 09:53:00+00:00,4415.7001953125,4416.5,4415.10009765625,4416.39990234375,74.0
2026-09-18 09:54:00+00:00,4416.5,4418.2001953125,4416.2998046875,4418.10009765625,94.0
2026-09-18 09:55:00+00:00,4418.2998046875,4418.2998046875,4417.0,4417.0,89.0
2026-09-18 09:56:00+00:00,4417.2001953125,4417.5,4416.10009765625,4416.2998046875,53.0
2026-09-18 09:57:00+00:00,4416.2998046875,4417.7998046875,4415.7998046875,4417.7001953125,66.0
2026-09-18 09:58:00+00:00,4417.5,4417.7001953125,4415.89990234375,4416.5,45.0
2026-09-18 09:59:00+00:00,4416.89990234375,4416.89990234375,4416.10009765625,4416.10009765625,30.0
2026-09-18 10:00:00+00:00,4416.39990234375,4419.2001953125,4416.2998046875,4417.0,138.0
2026-09-18 10:01:00+00:00,4417.2001953125,4417.89990234375,4416.2998046875,4416.5,51.0
2026-09-18 10:02:00+00:00,4416.2998046875,4417.39990234375,4415.5,4416.39990234375,94.0
2026-09-18 10:03:00+00:00,4416.10009765625,4416.89990234375,4415.7998046875,4416.39990234375,65.0
2026-09-18 10:04:00+00:00,4416.2998046875,4418.0,4416.2998046875,4416.7001953125,86.0
2026-09-18 10:05:00+00:00,4416.60009765625,4417.10009765625,4415.89990234375,4416.7001953125,63.0
2026-09-18 10:06:00+00:00,4416.39990234375,4417.89990234375,4416.10009765625,4417.89990234375,24.0
2026-09-18 10:07:00+00:00,4417.60009765625,4419.10009765625,4417.10009765625,4418.89990234375,96.0
2026-09-18 10:08:00+00:00,4418.5,4419.0,4418.10009765625,4418.2998046875,36.0
2026-09-18 10:09:00+00:00,4418.5,4419.7001953125,4418.39990234375,4418.89990234375,45.0
2026-09-18 10:10:00+00:00,4418.89990234375,4419.2998046875,4418.7001953125,4418.89990234375,27.0
2026-09-18 10:11:00+00:00,4418.5,4419.10009765625,4418.0,4418.7001953125,31.0
2026-09-18 10:12:00+00:00,4418.7001953125,4419.39990234375,4418.7001953125,4418.7001953125,51.0
2026-09-18 10:13:00+00:00,4418.7001953125,4419.89990234375,4417.89990234375,4419.60009765625,39.0
2026-09-18 10:14:00+00:00,4419.7001953125,4419.7001953125,4418.60009765625,4418.7998046875,23.0
2026-09-18 10:15:00+00:00,4419.0,4419.89990234375,4418.7001953125,4419.5,44.0
2026-09-18 10:16:00+00:00,4419.7998046875,4419.7998046875,4417.2001953125,4417.7998046875,29.0
2026-09-18 10:17:00+00:00,4417.7998046875,4419.10009765625,4417.7001953125,4418.5,20.0
2026-09-18 10:18:00+00:00,4418.2998046875,4418.7001953125,4417.5,4417.5,14.0
2026-09-18 10:19:00+00:00,4417.7998046875,4419.60009765625,4417.7998046875,4419.60009765625,25.0
2026-09-18 10:20:00+00:00,4419.2998046875,4420.2001953125,4419.2998046875,4419.5,24.0
2026-09-18 10:21:00+00:00,4419.5,4419.7998046875,4417.89990234375,4419.0,57.0
2026-09-18 10:22:00+00:00,4419.0,4419.5,4418.60009765625,4419.5,28.0
2026-09-18 10:23:00+00:00,4418.7998046875,4420.7998046875,4418.0,4420.2001953125,67.0
2026-09-18 10:24:00+00:00,4420.0,4420.39990234375,4419.60009765625,4420.0,14.0
2026-09-18 10:25:00+00:00,4419.60009765625,4419.60009765625,4418.89990234375,4418.89990234375,10.0
2026-09-18 10:26:00+00:00,4419.0,4419.7998046875,4418.7998046875,4419.7998046875,17.0
2026-09-18 10:27:00+00:00,4419.5,4419.7998046875,4419.10009765625,4419.5,22.0
2026-09-18 10:28:00+00:00,4419.7998046875,4420.7998046875,4419.2998046875,4420.5,65.0
2026-09-18 10:29:00+00:00,4420.60009765625,4421.39990234375,4420.0,4421.39990234375,63.0
2026-09-18 10:30:00+00:00,4421.2998046875,4422.10009765625,4420.7001953125,4421.2001953125,114.0
2026-09-18 10:31:00+00:00,4421.2998046875,4421.2998046875,4420.10009765625,4420.10009765625,85.0
2026-09-18 10:32:00+00:00,4420.0,4420.0,4418.10009765625,4419.2998046875,102.0
2026-09-18 10:33:00+00:00,4419.2998046875,4421.2998046875,4419.2998046875,4420.7998046875,87.0
2026-09-18 10:34:00+00:00,4420.89990234375,4421.2001953125,4420.5,4420.7998046875,16.0
2026-09-18 10:35:00+00:00,4420.7998046875,4421.2998046875,4420.2001953125,4421.2001953125,38.0
2026-09-18 10:36:00+00:00,4421.10009765625,4421.39990234375,4420.7998046875,4421.2001953125,37.0
2026-09-18 10:37:00+00:00,4421.2001953125,4422.2001953125,4421.0,4421.0,57.0
2026-09-18 10:38:00+00:00,4420.89990234375,4421.5,4420.0,4420.0,47.0
2026-09-18 10:39:00+00:00,4419.89990234375,4421.10009765625,4419.89990234375,4420.5,9.0
2026-09-18 10:40:00+00:00,4420.2001953125,4420.60009765625,4419.10009765625,4419.60009765625,89.0
2026-09-18 10:41:00+00:00,4419.2998046875,4420.2001953125,4418.7998046875,4419.39990234375,58.0
2026-09-18 10:42:00+00:00,4419.2998046875,4419.60009765625,4419.0,4419.2998046875,21.0
2026-09-18 10:43:00+00:00,4419.2998046875,4421.2001953125,4418.89990234375,4420.5,38.0
2026-09-18 10:44:00+00:00,4420.5,4421.10009765625,4420.39990234375,4421.10009765625,9.0
2026-09-18 10:45:00+00:00,4420.89990234375,4421.10009765625,4420.39990234375,4420.39990234375,11.0
2026-09-18 10:46:00+00:00,4420.0,4420.0,4418.0,4418.2998046875,15.0
2026-09-18 10:47:00+00:00,4418.2001953125,4418.89990234375,4417.5,4417.7001953125,35.0
2026-09-18 10:48:00+00:00,4417.60009765625,4417.60009765625,4417.0,4417.10009765625,47.0
2026-09-18 10:49:00+00:00,4417.10009765625,4418.60009765625,4417.0,4418.39990234375,74.0
2026-09-18 10:50:00+00:00,4418.60009765625,4418.89990234375,4416.5,4416.5,103.0
2026-09-18 10:51:00+00:00,4416.39990234375,4417.7001953125,4415.7998046875,4416.60009765625,94.0
2026-09-18 10:52:00+00:00,4416.5,4416.60009765625,4415.89990234375,4416.5,22.0
2026-09-18 10:53:00+00:00,4416.60009765625,4417.39990234375,4416.2001953125,4417.39990234375,42.0
2026-09-18 10:54:00+00:00,4417.0,4417.2001953125,4416.89990234375,4417.2001953125,10.0
2026-09-18 10:55:00+00:00,4416.7998046875,4417.89990234375,4416.7001953125,4417.7001953125,14.0
2026-09-18 10:56:00+00:00,4417.2998046875,4418.7998046875,4417.2998046875,4418.7998046875,25.0
2026-09-18 10:57:00+00:00,4419.0,4419.7001953125,4418.7998046875,4419.7001953125,43.0
2026-09-18 10:58:00+00:00,4419.5,4420.60009765625,4419.5,4419.7001953125,49.0
2026-09-18 10:59:00+00:00,4420.2001953125,4421.60009765625,4420.2001953125,4421.2998046875,78.0
2026-09-18 11:00:00+00:00,4421.2001953125,4422.60009765625,4420.60009765625,4422.0,64.0
2026-09-18 11:01:00+00:00,4422.5,4425.5,4422.2998046875,4424.60009765625,212.0
2026-09-18 11:02:00+00:00,4424.60009765625,4426.0,4424.39990234375,4425.7001953125,88.0
2026-09-18 11:03:00+00:00,4425.7001953125,4426.39990234375,4423.89990234375,4424.7001953125,146.0
2026-09-18 11:04:00+00:00,4424.60009765625,4425.0,4424.10009765625,4424.7998046875,38.0
2026-09-18 11:05:00+00:00,4424.7001953125,4425.5,4417.7001953125,4418.2998046875,613.0
2026-09-18 11:06:00+00:00,4418.5,4421.0,4416.7998046875,4420.7001953125,203.0
2026-09-18 11:07:00+00:00,4421.10009765625,4423.2998046875,4420.7998046875,4423.2998046875,96.0
2026-09-18 11:08:00+00:00,4423.39990234375,4425.2001953125,4423.2001953125,4423.39990234375,58.0
2026-09-18 11:09:00+00:00,4422.7998046875,4425.60009765625,4422.7998046875,4425.2001953125,28.0
2026-09-18 11:10:00+00:00,4425.2001953125,4426.7001953125,4424.60009765625,4426.2998046875,57.0
2026-09-18 11:11:00+00:00,4426.5,4428.10009765625,4426.39990234375,4426.39990234375,105.0
2026-09-18 11:12:00+00:00,4426.2998046875,4427.39990234375,4426.10009765625,4427.0,66.0
2026-09-18 11:13:00+00:00,4426.60009765625,4427.39990234375,4424.7998046875,4425.7998046875,63.0
2026-09-18 11:14:00+00:00,4425.7998046875,4427.7998046875,4425.2001953125,4427.7998046875,48.0
2026-09-18 11:15:00+00:00,4427.39990234375,4427.89990234375,4425.60009765625,4426.2998046875,73.0
2026-09-18 11:16:00+00:00,4426.0,4426.2001953125,4423.2998046875,4423.7001953125,45.0
2026-09-18 11:17:00+00:00,4423.39990234375,4423.39990234375,4420.39990234375,4421.2001953125,134.0
2026-09-18 11:18:00+00:00,4421.39990234375,4422.10009765625,4420.7998046875,4422.0,38.0
2026-09-18 11:19:00+00:00,4422.10009765625,4422.7001953125,4420.60009765625,4421.10009765625,53.0
2026-09-18 11:20:00+00:00,4421.10009765625,4421.7001953125,4420.7001953125,4421.7001953125,39.0
2026-09-18 11:21:00+00:00,4421.89990234375,4422.89990234375,4421.2998046875,4422.0,15.0
2026-09-18 11:22:00+00:00,4422.0,4422.10009765625,4420.5,4422.0,54.0
2026-09-18 11:23:00+00:00,4422.0,4422.2998046875,4421.39990234375,4421.89990234375,22.0
2026-09-18 11:24:00+00:00,4422.0,4423.0,4420.89990234375,4421.0,62.0
2026-09-18 11:25:00+00:00,4421.0,4422.5,4421.0,4421.39990234375,84.0
2026-09-18 11:26:00+00:00,4421.60009765625,4422.2998046875,4421.10009765625,4421.10009765625,36.0
2026-09-18 11:27:00+00:00,4421.39990234375,4421.7998046875,4419.39990234375,4420.7001953125,61.0
2026-09-18 11:28:00+00:00,4420.5,4421.2001953125,4419.10009765625,4419.10009765625,34.0
2026-09-18 11:29:00+00:00,4418.60009765625,4418.7998046875,4416.89990234375,4416.89990234375,93.0
2026-09-18 11:30:00+00:00,4417.2998046875,4418.2998046875,4416.60009765625,4416.89990234375,78.0
2026-09-18 11:31:00+00:00,4417.0,4418.7998046875,4416.7998046875,4418.7998046875,87.0
2026-09-18 11:32:00+00:00,4418.5,4420.39990234375,4418.5,4419.7998046875,33.0
2026-09-18 11:33:00+00:00,4419.2998046875,4420.7001953125,4419.2998046875,4420.0,24.0
2026-09-18 11:34:00+00:00,4419.60009765625,4420.2998046875,4418.7998046875,4419.60009765625,94.0
2026-09-18 11:35:00+00:00,4420.0,4421.0,4420.0,4420.7001953125,36.0
2026-09-18 11:36:00+00:00,4421.0,4422.0,4420.0,4420.89990234375,53.0
2026-09-18 11:37:00+00:00,4420.89990234375,4421.60009765625,4420.10009765625,4420.2001953125,58.0
2026-09-18 11:38:00+00:00,4419.5,4419.5,4417.7001953125,4417.89990234375,63.0
2026-09-18 11:39:00+00:00,4417.89990234375,4418.89990234375,4417.89990234375,4418.5,67.0
2026-09-18 11:40:00+00:00,4418.10009765625,4418.10009765625,4416.7998046875,4417.5,46.0
2026-09-18 11:41:00+00:00,4418.2998046875,4418.89990234375,4418.2998046875,4418.60009765625,14.0
2026-09-18 11:42:00+00:00,4418.2998046875,4418.2998046875,4416.60009765625,4417.0,33.0
2026-09-18 11:43:00+00:00,4416.89990234375,4416.89990234375,4413.7998046875,4414.0,266.0
2026-09-18 11:44:00+00:00,4414.2001953125,4415.5,4414.10009765625,4414.7998046875,75.0
2026-09-18 11:45:00+00:00,4415.0,4416.5,4414.5,4415.5,48.0
2026-09-18 11:46:00+00:00,4414.7998046875,4416.5,4414.5,4416.10009765625,63.0
2026-09-18 11:47:00+00:00,4415.7001953125,4415.89990234375,4413.7001953125,4415.2001953125,63.0
2026-09-18 11:48:00+00:00,4415.2998046875,4415.7998046875,4414.89990234375,4415.60009765625,60.0
2026-09-18 11:49:00+00:00,4415.2001953125,4416.7998046875,4415.2001953125,4415.39990234375,79.0
2026-09-18 11:50:00+00:00,4415.2998046875,4415.60009765625,4413.7001953125,4413.7998046875,52.0
2026-09-18 11:51:00+00:00,4413.7001953125,4414.7001953125,4411.7001953125,4412.39990234375,216.0
2026-09-18 11:52:00+00:00,4412.60009765625,4413.2998046875,4412.5,4413.10009765625,286.0
2026-09-18 11:53:00+00:00,4413.2001953125,4414.89990234375,4413.0,4413.0,114.0
2026-09-18 11:54:00+00:00,4413.0,4413.10009765625,4411.39990234375,4412.39990234375,158.0
2026-09-18 11:55:00+00:00,4412.5,4413.5,4411.89990234375,4413.2001953125,94.0
2026-09-18 11:56:00+00:00,4413.2998046875,4414.7998046875,4413.10009765625,4414.7998046875,57.0
2026-09-18 11:57:00+00:00,4414.7998046875,4415.7001953125,4413.7998046875,4414.10009765625,84.0
2026-09-18 11:58:00+00:00,4414.0,4417.2001953125,4413.89990234375,4417.2001953125,73.0
2026-09-18 11:59:00+00:00,4417.39990234375,4421.10009765625,4416.7001953125,4420.7998046875,321.0
2026-09-18 12:00:00+00:00,4420.89990234375,4421.89990234375,4419.39990234375,4419.89990234375,295.0
2026-09-18 12:01:00+00:00,4420.0,4421.0,4418.7998046875,4419.60009765625,160.0
2026-09-18 12:02:00+00:00,4420.10009765625,4420.89990234375,4415.2998046875,4415.2998046875,154.0
2026-09-18 12:03:00+00:00,4415.2998046875,4416.2998046875,4414.60009765625,4415.60009765625,99.0
2026-09-18 12:04:00+00:00,4415.60009765625,4421.39990234375,4412.7001953125,4419.0,489.0
2026-09-18 12:05:00+00:00,4419.10009765625,4420.7998046875,4413.2001953125,4413.7001953125,323.0
2026-09-18 12:06:00+00:00,4413.7001953125,4413.7001953125,4411.2998046875,4412.7998046875,132.0
2026-09-18 12:07:00+00:00,4412.7001953125,4413.10009765625,4410.7001953125,4411.2998046875,173.0
2026-09-18 12:08:00+00:00,4411.5,4412.39990234375,4410.5,4411.5,144.0
2026-09-18 12:09:00+00:00,4411.10009765625,4415.2001953125,4410.60009765625,4413.7001953125,216.0
2026-09-18 12:10:00+00:00,4413.7001953125,4414.0,4411.2001953125,4412.89990234375,96.0
2026-09-18 12:11:00+00:00,4412.60009765625,4412.60009765625,4409.39990234375,4409.89990234375,155.0
2026-09-18 12:12:00+00:00,4410.0,4412.7001953125,4409.5,4412.0,68.0
2026-09-18 12:13:00+00:00,4412.5,4412.7001953125,4410.5,4412.7001953125,63.0
2026-09-18 12:14:00+00:00,4412.7001953125,4412.7001953125,4410.89990234375,4412.0,71.0
2026-09-18 12:15:00+00:00,4412.5,4412.5,4411.2998046875,4411.60009765625,56.0
2026-09-18 12:16:00+00:00,4411.5,4411.7001953125,4410.2998046875,4410.7001953125,83.0
2026-09-18 12:17:00+00:00,4411.0,4412.7998046875,4410.39990234375,4412.5,68.0
2026-09-18 12:18:00+00:00,4412.2001953125,4415.89990234375,4410.5,4413.10009765625,269.0
2026-09-18 12:19:00+00:00,4411.89990234375,4412.2001953125,4409.60009765625,4410.10009765625,122.0
2026-09-18 12:20:00+00:00,4410.0,4410.0,4406.2998046875,4406.5,428.0
2026-09-18 12:21:00+00:00,4406.7001953125,4406.7001953125,4403.2998046875,4404.2998046875,522.0
2026-09-18 12:22:00+00:00,4404.7001953125,4405.60009765625,4403.39990234375,4404.7001953125,328.0
2026-09-18 12:23:00+00:00,4404.5,4404.7001953125,4398.39990234375,4400.2998046875,555.0
2026-09-18 12:24:00+00:00,4400.2001953125,4400.60009765625,4395.39990234375,4395.7998046875,413.0
2026-09-18 12:25:00+00:00,4395.7001953125,4397.39990234375,4394.7998046875,4396.0,277.0
2026-09-18 12:26:00+00:00,4396.0,4399.2001953125,4395.2001953125,4395.7001953125,464.0
2026-09-18 12:27:00+00:00,4395.7001953125,4396.7001953125,4392.39990234375,4394.7998046875,368.0
2026-09-18 12:28:00+00:00,4394.60009765625,4396.60009765625,4393.89990234375,4396.39990234375,218.0
2026-09-18 12:29:00+00:00,4396.2998046875,4398.60009765625,4394.7998046875,4397.0,292.0
2026-09-18 12:30:00+00:00,4397.0,4400.5,4396.7001953125,4399.5,298.0
2026-09-18 12:31:00+00:00,4400.5,4403.5,4399.7001953125,4402.60009765625,383.0
2026-09-18 12:32:00+00:00,4402.60009765625,4407.2001953125,4402.2001953125,4405.2001953125,425.0
2026-09-18 12:33:00+00:00,4404.7001953125,4408.10009765625,4403.7001953125,4407.7001953125,118.0
2026-09-18 12:34:00+00:00,4407.7001953125,4409.89990234375,4407.5,4409.60009765625,153.0
2026-09-18 12:35:00+00:00,4409.5,4411.7998046875,4409.5,4411.2001953125,367.0
2026-09-18 12:36:00+00:00,4410.7998046875,4412.2001953125,4409.7001953125,4410.2001953125,185.0
2026-09-18 12:37:00+00:00,4410.0,4410.10009765625,4407.7998046875,4409.39990234375,170.0
2026-09-18 12:38:00+00:00,4409.60009765625,4410.10009765625,4408.5,4408.5,126.0
2026-09-18 12:39:00+00:00,4408.2001953125,4408.89990234375,4407.10009765625,4407.2998046875,132.0
2026-09-18 12:40:00+00:00,4407.7001953125,4409.60009765625,4407.7001953125,4408.2001953125,39.0
2026-09-18 12:41:00+00:00,4408.39990234375,4409.10009765625,4405.7998046875,4406.60009765625,126.0
2026-09-18 12:42:00+00:00,4406.7998046875,4408.2001953125,4405.5,4408.2001953125,108.0
2026-09-18 12:43:00+00:00,4408.2001953125,4408.60009765625,4407.39990234375,4408.0,62.0
2026-09-18 12:44:00+00:00,4408.5,4408.89990234375,4406.7001953125,4407.89990234375,61.0
2026-09-18 12:45:00+00:00,4408.2001953125,4409.7001953125,4407.10009765625,4407.2998046875,114.0
2026-09-18 12:46:00+00:00,4407.10009765625,4407.39990234375,4405.89990234375,4406.0,76.0
2026-09-18 12:47:00+00:00,4406.2998046875,4409.0,4405.2998046875,4407.2998046875,222.0
2026-09-18 12:48:00+00:00,4406.89990234375,4407.10009765625,4406.2001953125,4406.89990234375,20.0
2026-09-18 12:49:00+00:00,4407.2001953125,4408.0,4406.89990234375,4407.60009765625,30.0
2026-09-18 12:50:00+00:00,4407.2001953125,4409.10009765625,4407.10009765625,4407.7998046875,77.0
2026-09-18 12:51:00+00:00,4407.89990234375,4408.7001953125,4405.7998046875,4406.39990234375,118.0
2026-09-18 12:52:00+00:00,4406.10009765625,4406.10009765625,4405.2001953125,4405.7001953125,48.0
2026-09-18 12:53:00+00:00,4405.60009765625,4407.7001953125,4405.60009765625,4406.2001953125,104.0
2026-09-18 12:54:00+00:00,4406.2001953125,4407.2001953125,4406.2001953125,4407.2001953125,41.0
2026-09-18 12:55:00+00:00,4407.39990234375,4407.39990234375,4405.7998046875,4406.2001953125,55.0
2026-09-18 12:56:00+00:00,4406.5,4407.7001953125,4405.7998046875,4407.39990234375,38.0
2026-09-18 12:57:00+00:00,4407.5,4408.0,4406.0,4406.2998046875,38.0
2026-09-18 12:58:00+00:00,4406.10009765625,4407.60009765625,4405.10009765625,4405.89990234375,63.0
2026-09-18 12:59:00+00:00,4406.2001953125,4408.7001953125,4406.2001953125,4407.60009765625,162.0
2026-09-18 13:00:00+00:00,4408.0,4411.60009765625,4406.60009765625,4411.10009765625,486.0
2026-09-18 13:01:00+00:00,4411.2001953125,4412.7998046875,4408.60009765625,4409.0,511.0
2026-09-18 13:02:00+00:00,4408.2998046875,4408.5,4403.2998046875,4404.10009765625,311.0
2026-09-18 13:03:00+00:00,4404.5,4405.89990234375,4402.5,4405.10009765625,218.0
2026-09-18 13:04:00+00:00,4405.2998046875,4410.0,4405.2998046875,4410.0,171.0
2026-09-18 13:05:00+00:00,4410.2001953125,4411.5,4409.39990234375,4409.5,120.0
2026-09-18 13:06:00+00:00,4409.7001953125,4412.60009765625,4409.7001953125,4412.10009765625,103.0
2026-09-18 13:07:00+00:00,4411.39990234375,4413.39990234375,4409.7998046875,4411.0,173.0
2026-09-18 13:08:00+00:00,4411.2001953125,4414.2001953125,4411.2001953125,4414.0,103.0
2026-09-18 13:09:00+00:00,4413.7001953125,4414.5,4411.39990234375,4411.39990234375,80.0
2026-09-18 13:10:00+00:00,4411.2998046875,4412.10009765625,4409.0,4411.7998046875,180.0
2026-09-18 13:11:00+00:00,4411.39990234375,4411.7998046875,4409.7001953125,4411.39990234375,64.0
2026-09-18 13:12:00+00:00,4411.2998046875,4411.7998046875,4409.60009765625,4410.60009765625,69.0
2026-09-18 13:13:00+00:00,4410.60009765625,4411.10009765625,4410.2998046875,4410.5,38.0
2026-09-18 13:14:00+00:00,4410.2001953125,4411.2998046875,4409.7001953125,4410.60009765625,88.0
2026-09-18 13:15:00+00:00,4410.7001953125,4413.2001953125,4410.39990234375,4412.0,112.0
2026-09-18 13:16:00+00:00,4411.7998046875,4413.39990234375,4410.2001953125,4412.0,186.0
2026-09-18 13:17:00+00:00,4412.0,4412.60009765625,4411.60009765625,4412.2001953125,54.0
2026-09-18 13:18:00+00:00,4411.7998046875,4412.10009765625,4410.5,4411.60009765625,81.0
2026-09-18 13:19:00+00:00,4411.39990234375,4411.7998046875,4410.7001953125,4410.7998046875,113.0
2026-09-18 13:20:00+00:00,4411.2001953125,4411.5,4408.2001953125,4408.2001953125,108.0
2026-09-18 13:21:00+00:00,4408.10009765625,4408.2998046875,4406.2001953125,4406.60009765625,154.0
2026-09-18 13:22:00+00:00,4406.60009765625,4407.5,4405.7001953125,4405.7998046875,89.0
2026-09-18 13:23:00+00:00,4405.7001953125,4406.0,4403.7001953125,4404.5,203.0
2026-09-18 13:24:00+00:00,4404.7001953125,4405.7998046875,4403.39990234375,4404.0,264.0
2026-09-18 13:25:00+00:00,4403.89990234375,4404.0,4401.7001953125,4402.0,374.0
2026-09-18 13:26:00+00:00,4402.0,4405.10009765625,4402.0,4403.89990234375,131.0
2026-09-18 13:27:00+00:00,4404.0,4404.60009765625,4402.5,4403.39990234375,177.0
2026-09-18 13:28:00+00:00,4403.60009765625,4405.89990234375,4403.10009765625,4405.0,104.0
2026-09-18 13:29:00+00:00,4405.0,4406.39990234375,4405.0,4406.10009765625,111.0
2026-09-18 13:30:00+00:00,4406.0,4406.60009765625,4401.60009765625,4402.5,264.0
2026-09-18 13:31:00+00:00,4402.7998046875,4402.7998046875,4400.7001953125,4401.0,132.0
2026-09-18 13:32:00+00:00,4401.2998046875,4401.5,4399.0,4399.2001953125,302.0
2026-09-18 13:33:00+00:00,4399.0,4401.60009765625,4398.89990234375,4400.7001953125,138.0
2026-09-18 13:34:00+00:00,4400.39990234375,4400.39990234375,4396.7001953125,4397.10009765625,230.0
2026-09-18 13:35:00+00:00,4396.7998046875,4397.39990234375,4394.60009765625,4395.2001953125,278.0
2026-09-18 13:36:00+00:00,4395.0,4395.39990234375,4393.39990234375,4393.7998046875,367.0
2026-09-18 13:37:00+00:00,4393.60009765625,4396.7998046875,4390.7998046875,4396.60009765625,796.0
2026-09-18 13:38:00+00:00,4396.60009765625,4399.0,4395.7998046875,4396.89990234375,244.0
2026-09-18 13:39:00+00:00,4397.10009765625,4398.60009765625,4397.10009765625,4397.60009765625,145.0
2026-09-18 13:40:00+00:00,4397.60009765625,4397.60009765625,4394.2998046875,4396.39990234375,161.0
2026-09-18 13:41:00+00:00,4396.10009765625,4396.10009765625,4392.39990234375,4393.5,171.0
2026-09-18 13:42:00+00:00,4393.2001953125,4395.7998046875,4391.2998046875,4392.7001953125,305.0
2026-09-18 13:43:00+00:00,4393.0,4395.5,4390.7001953125,4392.2001953125,202.0
2026-09-18 13:44:00+00:00,4391.89990234375,4392.7998046875,4391.0,4392.10009765625,110.0
2026-09-18 13:45:00+00:00,4392.0,4395.5,4391.10009765625,4395.5,158.0
2026-09-18 13:46:00+00:00,4395.7998046875,4397.10009765625,4394.60009765625,4396.0,214.0
2026-09-18 13:47:00+00:00,4395.5,4396.2001953125,4393.2001953125,4393.7998046875,148.0
2026-09-18 13:48:00+00:00,4393.7998046875,4395.0,4390.5,4394.0,173.0
2026-09-18 13:49:00+00:00,4393.89990234375,4394.2001953125,4392.5,4393.39990234375,77.0
2026-09-18 13:50:00+00:00,4392.7001953125,4394.2001953125,4390.5,4391.7001953125,134.0
2026-09-18 13:51:00+00:00,4391.2001953125,4392.2998046875,4389.60009765625,4392.0,216.0
2026-09-18 13:52:00+00:00,4392.39990234375,4395.7998046875,4390.2001953125,4395.7001953125,231.0
2026-09-18 13:53:00+00:00,4395.5,4395.5,4388.0,4388.7998046875,536.0
2026-09-18 13:54:00+00:00,4389.10009765625,4390.39990234375,4386.2001953125,4388.10009765625,378.0
2026-09-18 13:55:00+00:00,4388.2001953125,4389.0,4387.39990234375,4388.2998046875,270.0
2026-09-18 13:56:00+00:00,4388.10009765625,4391.10009765625,4388.0,4388.0,172.0
2026-09-18 13:57:00+00:00,4388.2001953125,4388.2001953125,4386.10009765625,4387.2998046875,152.0
2026-09-18 13:58:00+00:00,4387.10009765625,4389.2001953125,4386.60009765625,4388.0,128.0
2026-09-18 13:59:00+00:00,4387.89990234375,4388.2998046875,4385.60009765625,4387.60009765625,170.0
2026-09-18 14:00:00+00:00,4387.5,4389.2998046875,4386.10009765625,4388.7998046875,214.0
2026-09-18 14:01:00+00:00,4388.7998046875,4389.5,4386.7001953125,4389.5,218.0
2026-09-18 14:02:00+00:00,4389.7001953125,4391.2001953125,4389.0,4390.2998046875,226.0
2026-09-18 14:03:00+00:00,4390.39990234375,4392.7998046875,4390.2998046875,4392.7001953125,251.0
2026-09-18 14:04:00+00:00,4392.39990234375,4394.7998046875,4392.10009765625,4394.60009765625,426.0
2026-09-18 14:05:00+00:00,4394.7001953125,4394.89990234375,4390.2001953125,4392.10009765625,304.0
2026-09-18 14:06:00+00:00,4392.2001953125,4392.5,4390.0,4392.39990234375,173.0
2026-09-18 14:07:00+00:00,4391.5,4393.7998046875,4389.5,4390.10009765625,169.0
2026-09-18 14:08:00+00:00,4389.7998046875,4391.7001953125,4388.2001953125,4389.89990234375,186.0
2026-09-18 14:09:00+00:00,4390.2001953125,4391.7001953125,4390.2001953125,4390.39990234375,90.0
2026-09-18 14:10:00+00:00,4390.60009765625,4393.2998046875,4390.2998046875,4393.2998046875,116.0
2026-09-18 14:11:00+00:00,4393.39990234375,4394.2998046875,4393.0,4393.2998046875,126.0
2026-09-18 14:12:00+00:00,4393.2998046875,4394.60009765625,4392.10009765625,4394.2998046875,110.0
2026-09-18 14:13:00+00:00,4394.0,4394.60009765625,4390.7998046875,4391.89990234375,118.0
2026-09-18 14:14:00+00:00,4391.5,4392.2001953125,4389.89990234375,4389.89990234375,91.0
2026-09-18 14:15:00+00:00,4390.2001953125,4393.0,4390.2001953125,4391.39990234375,113.0
2026-09-18 14:16:00+00:00,4391.39990234375,4392.7001953125,4390.7998046875,4391.7001953125,73.0
2026-09-18 14:17:00+00:00,4391.0,4393.60009765625,4390.0,4390.2001953125,201.0
2026-09-18 14:18:00+00:00,4390.10009765625,4390.60009765625,4388.0,4389.0,216.0
2026-09-18 14:19:00+00:00,4388.7998046875,4390.2998046875,4385.7001953125,4386.5,173.0
2026-09-18 14:20:00+00:00,4386.60009765625,4386.7001953125,4381.7998046875,4382.39990234375,567.0
2026-09-18 14:21:00+00:00,4382.7001953125,4385.10009765625,4382.2001953125,4384.60009765625,181.0
2026-09-18 14:22:00+00:00,4384.39990234375,4389.60009765625,4384.2998046875,4388.89990234375,210.0
2026-09-18 14:23:00+00:00,4389.0,4391.39990234375,4389.0,4390.89990234375,207.0
2026-09-18 14:24:00+00:00,4391.10009765625,4391.5,4389.39990234375,4390.7001953125,88.0
2026-09-18 14:25:00+00:00,4390.7001953125,4392.39990234375,4387.7001953125,4387.7998046875,182.0
2026-09-18 14:26:00+00:00,4387.60009765625,4388.60009765625,4385.7001953125,4386.2001953125,108.0
2026-09-18 14:27:00+00:00,4386.0,4386.89990234375,4385.2998046875,4386.2998046875,186.0
2026-09-18 14:28:00+00:00,4385.89990234375,4386.5,4383.39990234375,4384.10009765625,199.0
2026-09-18 14:29:00+00:00,4383.7998046875,4383.7998046875,4381.2998046875,4381.5,165.0
2026-09-18 14:30:00+00:00,4381.2001953125,4385.0,4381.0,4383.7998046875,214.0
2026-09-18 14:31:00+00:00,4383.7001953125,4384.7998046875,4382.5,4382.60009765625,136.0
2026-09-18 14:32:00+00:00,4382.89990234375,4385.10009765625,4381.89990234375,4384.5,139.0
2026-09-18 14:33:00+00:00,4384.39990234375,4385.89990234375,4383.2998046875,4385.5,101.0
2026-09-18 14:34:00+00:00,4385.10009765625,4385.7001953125,4383.2001953125,4385.5,81.0
2026-09-18 14:35:00+00:00,4385.2001953125,4385.60009765625,4382.7001953125,4383.5,77.0
2026-09-18 14:36:00+00:00,4383.2998046875,4384.60009765625,4382.39990234375,4384.5,112.0
2026-09-18 14:37:00+00:00,4384.10009765625,4387.60009765625,4383.7001953125,4386.5,153.0
2026-09-18 14:38:00+00:00,4386.2001953125,4388.60009765625,4385.7001953125,4388.0,290.0
2026-09-18 14:39:00+00:00,4388.10009765625,4392.7998046875,4387.7998046875,4392.0,611.0
2026-09-18 14:40:00+00:00,4391.2998046875,4392.2001953125,4390.7001953125,4391.10009765625,183.0
2026-09-18 14:41:00+00:00,4391.39990234375,4391.60009765625,4389.7998046875,4390.7998046875,203.0
2026-09-18 14:42:00+00:00,4390.7001953125,4393.2998046875,4390.7001953125,4392.10009765625,237.0
2026-09-18 14:43:00+00:00,4392.2001953125,4392.2001953125,4388.89990234375,4389.60009765625,114.0
2026-09-18 14:44:00+00:00,4389.39990234375,4392.60009765625,4389.2001953125,4391.7998046875,42.0
2026-09-18 14:45:00+00:00,4391.2001953125,4391.5,4390.10009765625,4391.39990234375,77.0
2026-09-18 14:46:00+00:00,4391.10009765625,4393.7001953125,4391.10009765625,4391.7998046875,139.0
2026-09-18 14:47:00+00:00,4391.60009765625,4392.5,4390.0,4390.0,68.0
2026-09-18 14:48:00+00:00,4390.39990234375,4392.39990234375,4390.0,4392.2001953125,65.0
2026-09-18 14:49:00+00:00,4392.0,4394.10009765625,4392.0,4393.0,109.0
2026-09-18 14:50:00+00:00,4393.0,4396.2998046875,4392.5,4395.60009765625,405.0
2026-09-18 14:51:00+00:00,4395.7001953125,4399.7998046875,4395.0,4398.89990234375,862.0
2026-09-18 14:52:00+00:00,4399.10009765625,4400.10009765625,4398.2001953125,4399.39990234375,253.0
2026-09-18 14:53:00+00:00,4399.2001953125,4399.39990234375,4396.10009765625,4397.2001953125,222.0
2026-09-18 14:54:00+00:00,4397.2001953125,4397.5,4396.39990234375,4396.60009765625,78.0
2026-09-18 14:55:00+00:00,4396.60009765625,4397.7001953125,4395.5,4395.7998046875,83.0
2026-09-18 14:56:00+00:00,4395.89990234375,4398.5,4395.5,4397.60009765625,217.0
2026-09-18 14:57:00+00:00,4397.7001953125,4397.89990234375,4396.0,4396.0,82.0
2026-09-18 14:58:00+00:00,4396.10009765625,4396.7001953125,4392.2998046875,4392.7998046875,235.0
2026-09-18 14:59:00+00:00,4392.60009765625,4393.2001953125,4390.60009765625,4391.5,336.0
2026-09-18 15:00:00+00:00,4391.2001953125,4392.39990234375,4391.10009765625,4392.2001953125,201.0
2026-09-18 15:01:00+00:00,4391.89990234375,4394.10009765625,4391.60009765625,4393.10009765625,153.0
2026-09-18 15:02:00+00:00,4393.2998046875,4393.7001953125,4392.0,4392.5,60.0
2026-09-18 15:03:00+00:00,4392.89990234375,4393.5,4390.39990234375,4392.7998046875,68.0
2026-09-18 15:04:00+00:00,4392.60009765625,4393.39990234375,4391.60009765625,4392.0,45.0
2026-09-18 15:05:00+00:00,4392.0,4393.0,4391.7001953125,4392.7998046875,65.0
2026-09-18 15:06:00+00:00,4392.89990234375,4394.7001953125,4391.7001953125,4393.89990234375,178.0
2026-09-18 15:07:00+00:00,4393.2998046875,4393.7001953125,4392.7001953125,4393.5,42.0
2026-09-18 15:08:00+00:00,4393.39990234375,4393.39990234375,4392.10009765625,4392.39990234375,96.0
2026-09-18 15:09:00+00:00,4392.60009765625,4392.60009765625,4388.39990234375,4388.39990234375,604.0
2026-09-18 15:10:00+00:00,4388.7001953125,4390.0,4388.0,4389.60009765625,131.0
2026-09-18 15:11:00+00:00,4389.60009765625,4389.7998046875,4387.5,4387.7001953125,172.0
2026-09-18 15:12:00+00:00,4387.89990234375,4387.89990234375,4386.10009765625,4387.2001953125,130.0
2026-09-18 15:13:00+00:00,4387.39990234375,4390.0,4387.2001953125,4390.0,120.0
2026-09-18 15:14:00+00:00,4389.7998046875,4391.10009765625,4389.5,4390.5,112.0
2026-09-18 15:15:00+00:00,4390.5,4392.39990234375,4390.5,4391.2998046875,116.0
2026-09-18 15:16:00+00:00,4391.2998046875,4391.89990234375,4389.89990234375,4389.89990234375,118.0
2026-09-18 15:17:00+00:00,4390.0,4391.10009765625,4390.0,4390.5,70.0
2026-09-18 15:18:00+00:00,4390.89990234375,4392.5,4390.39990234375,4390.39990234375,91.0
2026-09-18 15:19:00+00:00,4390.39990234375,4393.7998046875,4390.39990234375,4393.7998046875,178.0
2026-09-18 15:20:00+00:00,4393.5,4393.60009765625,4391.7001953125,4391.89990234375,125.0
2026-09-18 15:21:00+00:00,4391.7998046875,4391.7998046875,4390.39990234375,4390.60009765625,67.0
2026-09-18 15:22:00+00:00,4390.5,4391.89990234375,4389.89990234375,4391.39990234375,69.0
2026-09-18 15:23:00+00:00,4391.7998046875,4393.7001953125,4391.60009765625,4393.39990234375,71.0
2026-09-18 15:24:00+00:00,4393.0,4393.0,4391.89990234375,4392.2998046875,57.0
2026-09-18 15:25:00+00:00,4392.7001953125,4393.39990234375,4392.0,4392.2998046875,44.0
2026-09-18 15:26:00+00:00,4392.39990234375,4393.60009765625,4392.2001953125,4393.0,39.0
2026-09-18 15:27:00+00:00,4393.10009765625,4394.5,4392.89990234375,4393.0,206.0
2026-09-18 15:28:00+00:00,4393.2001953125,4393.5,4392.39990234375,4393.0,77.0
2026-09-18 15:29:00+00:00,4392.60009765625,4395.39990234375,4392.5,4394.5,90.0
2026-09-18 15:30:00+00:00,4394.60009765625,4395.39990234375,4393.39990234375,4394.39990234375,268.0
2026-09-18 15:31:00+00:00,4394.39990234375,4395.0,4393.39990234375,4393.60009765625,73.0
2026-09-18 15:32:00+00:00,4393.5,4393.5,4391.5,4392.2001953125,67.0
2026-09-18 15:33:00+00:00,4392.2001953125,4394.2998046875,4391.89990234375,4393.7001953125,88.0
2026-09-18 15:34:00+00:00,4393.60009765625,4394.7001953125,4393.39990234375,4394.10009765625,57.0
2026-09-18 15:35:00+00:00,4394.2001953125,4395.7998046875,4393.89990234375,4395.5,99.0
2026-09-18 15:36:00+00:00,4395.0,4395.7998046875,4393.60009765625,4394.7998046875,100.0
2026-09-18 15:37:00+00:00,4394.7001953125,4394.7001953125,4392.0,4392.2998046875,77.0
2026-09-18 15:38:00+00:00,4392.2001953125,4392.7001953125,4391.0,4391.2001953125,62.0
2026-09-18 15:39:00+00:00,4391.2998046875,4391.7998046875,4389.60009765625,4389.7001953125,248.0
2026-09-18 15:40:00+00:00,4389.39990234375,4389.60009765625,4388.0,4388.7998046875,237.0
2026-09-18 15:41:00+00:00,4389.2001953125,4389.39990234375,4387.10009765625,4388.0,171.0
2026-09-18 15:42:00+00:00,4388.60009765625,4388.89990234375,4388.10009765625,4388.7998046875,86.0
2026-09-18 15:43:00+00:00,4389.10009765625,4392.0,4389.10009765625,4391.39990234375,332.0
2026-09-18 15:44:00+00:00,4391.39990234375,4394.7001953125,4391.2998046875,4393.0,244.0
2026-09-18 15:45:00+00:00,4393.39990234375,4394.2001953125,4392.7998046875,4392.7998046875,47.0
2026-09-18 15:46:00+00:00,4392.89990234375,4395.7001953125,4392.7001953125,4395.5,231.0
2026-09-18 15:47:00+00:00,4395.7001953125,4396.5,4394.39990234375,4394.7001953125,155.0
2026-09-18 15:48:00+00:00,4394.7001953125,4396.60009765625,4394.5,4395.10009765625,95.0
2026-09-18 15:49:00+00:00,4394.7998046875,4395.89990234375,4394.5,4395.5,49.0
2026-09-18 15:50:00+00:00,4395.2001953125,4396.39990234375,4393.7001953125,4396.39990234375,112.0
2026-09-18 15:51:00+00:00,4396.39990234375,4396.39990234375,4394.39990234375,4394.89990234375,48.0
2026-09-18 15:52:00+00:00,4394.89990234375,4394.89990234375,4393.39990234375,4394.10009765625,39.0
2026-09-18 15:53:00+00:00,4394.2001953125,4394.2998046875,4392.10009765625,4392.7998046875,114.0
2026-09-18 15:54:00+00:00,4393.10009765625,4393.2998046875,4390.7001953125,4391.89990234375,113.0
2026-09-18 15:55:00+00:00,4392.0,4393.60009765625,4391.7998046875,4393.60009765625,88.0
2026-09-18 15:56:00+00:00,4393.7998046875,4395.0,4393.0,4394.60009765625,90.0
2026-09-18 15:57:00+00:00,4394.7998046875,4394.7998046875,4393.7001953125,4394.10009765625,29.0
2026-09-18 15:58:00+00:00,4394.2998046875,4394.39990234375,4393.39990234375,4393.89990234375,26.0
2026-09-18 15:59:00+00:00,4393.60009765625,4395.5,4393.5,4395.0,73.0
2026-09-18 16:00:00+00:00,4395.2001953125,4395.2998046875,4393.39990234375,4393.60009765625,112.0
2026-09-18 16:01:00+00:00,4393.60009765625,4394.39990234375,4393.39990234375,4394.2001953125,59.0
2026-09-18 16:02:00+00:00,4394.2001953125,4395.60009765625,4393.89990234375,4395.10009765625,58.0
2026-09-18 16:03:00+00:00,4395.2001953125,4395.60009765625,4394.60009765625,4395.2001953125,51.0
2026-09-18 16:04:00+00:00,4395.10009765625,4395.5,4394.7001953125,4395.10009765625,57.0
2026-09-18 16:05:00+00:00,4395.39990234375,4397.0,4395.39990234375,4396.7998046875,172.0
2026-09-18 16:06:00+00:00,4396.89990234375,4396.89990234375,4395.89990234375,4396.60009765625,77.0
2026-09-18 16:07:00+00:00,4396.7998046875,4397.7998046875,4396.2998046875,4396.7001953125,133.0
2026-09-18 16:08:00+00:00,4396.89990234375,4397.2001953125,4396.39990234375,4396.5,65.0
2026-09-18 16:09:00+00:00,4396.60009765625,4398.60009765625,4396.60009765625,4398.2998046875,90.0
2026-09-18 16:10:00+00:00,4398.60009765625,4398.89990234375,4397.7998046875,4398.0,86.0
2026-09-18 16:11:00+00:00,4398.2001953125,4400.7001953125,4398.0,4400.5,272.0
2026-09-18 16:12:00+00:00,4400.60009765625,4403.39990234375,4400.39990234375,4403.0,358.0
2026-09-18 16:13:00+00:00,4403.0,4403.0,4400.0,4400.0,155.0
2026-09-18 16:14:00+00:00,4399.5,4400.60009765625,4398.7998046875,4400.0,98.0
2026-09-18 16:15:00+00:00,4400.0,4400.2998046875,4398.2998046875,4400.0,108.0
2026-09-18 16:16:00+00:00,4399.7998046875,4402.39990234375,4399.7998046875,4401.10009765625,129.0
2026-09-18 16:17:00+00:00,4401.0,4401.7998046875,4400.89990234375,4401.39990234375,57.0
2026-09-18 16:18:00+00:00,4401.39990234375,4402.89990234375,4401.39990234375,4402.7998046875,67.0
2026-09-18 16:19:00+00:00,4403.0,4404.7001953125,4403.0,4404.60009765625,184.0
2026-09-18 16:20:00+00:00,4404.7001953125,4406.0,4404.2998046875,4404.5,229.0
2026-09-18 16:21:00+00:00,4404.7998046875,4407.2998046875,4404.7998046875,4407.2998046875,183.0
2026-09-18 16:22:00+00:00,4407.5,4409.2001953125,4407.2998046875,4409.10009765625,213.0
2026-09-18 16:23:00+00:00,4409.10009765625,4409.39990234375,4407.60009765625,4407.7001953125,195.0
2026-09-18 16:24:00+00:00,4407.7998046875,4409.7998046875,4407.2998046875,4407.7001953125,190.0
2026-09-18 16:25:00+00:00,4407.7001953125,4409.7998046875,4407.7001953125,4409.39990234375,191.0
2026-09-18 16:26:00+00:00,4409.60009765625,4409.7998046875,4407.10009765625,4407.10009765625,98.0
2026-09-18 16:27:00+00:00,4407.0,4407.2001953125,4405.60009765625,4406.89990234375,154.0
2026-09-18 16:28:00+00:00,4407.10009765625,4412.0,4406.60009765625,4411.5,644.0
2026-09-18 16:29:00+00:00,4411.5,4416.89990234375,4411.2998046875,4416.2001953125,455.0
2026-09-18 16:30:00+00:00,4416.2998046875,4416.2998046875,4413.89990234375,4415.10009765625,391.0
2026-09-18 16:31:00+00:00,4415.39990234375,4415.7001953125,4413.0,4413.5,226.0
2026-09-18 16:32:00+00:00,4413.7998046875,4417.7001953125,4413.39990234375,4417.7001953125,238.0
2026-09-18 16:33:00+00:00,4417.7998046875,4422.60009765625,4416.2998046875,4422.2001953125,549.0
2026-09-18 16:34:00+00:00,4422.10009765625,4422.39990234375,4418.10009765625,4418.5,214.0
2026-09-18 16:35:00+00:00,4418.5,4419.39990234375,4417.2998046875,4418.2998046875,166.0
2026-09-18 16:36:00+00:00,4418.5,4419.0,4417.2001953125,4418.10009765625,168.0
2026-09-18 16:37:00+00:00,4417.7998046875,4418.0,4415.89990234375,4416.39990234375,176.0
2026-09-18 16:38:00+00:00,4416.7998046875,4418.2998046875,4416.7998046875,4417.5,78.0
2026-09-18 16:39:00+00:00,4417.60009765625,4419.2001953125,4416.0,4419.10009765625,135.0
2026-09-18 16:40:00+00:00,4419.10009765625,4419.60009765625,4418.10009765625,4418.39990234375,98.0
2026-09-18 16:41:00+00:00,4418.60009765625,4419.60009765625,4418.2001953125,4419.0,100.0
2026-09-18 16:42:00+00:00,4418.89990234375,4419.2001953125,4417.39990234375,4418.39990234375,65.0
2026-09-18 16:43:00+00:00,4418.7998046875,4419.2001953125,4415.89990234375,4416.2998046875,111.0
2026-09-18 16:44:00+00:00,4416.5,4417.0,4416.0,4416.7001953125,106.0
2026-09-18 16:45:00+00:00,4416.7001953125,4418.2998046875,4415.89990234375,4418.2001953125,163.0
2026-09-18 16:46:00+00:00,4418.2001953125,4418.7001953125,4416.0,4416.0,128.0
2026-09-18 16:47:00+00:00,4416.10009765625,4418.2001953125,4415.39990234375,4418.2001953125,92.0
2026-09-18 16:48:00+00:00,4417.7998046875,4419.2998046875,4417.2001953125,4418.5,334.0
2026-09-18 16:49:00+00:00,4418.5,4418.7001953125,4417.0,4417.7001953125,61.0
2026-09-18 16:50:00+00:00,4417.39990234375,4419.89990234375,4417.2001953125,4417.60009765625,119.0
2026-09-18 16:51:00+00:00,4417.2001953125,4417.7001953125,4416.89990234375,4417.5,36.0
2026-09-18 16:52:00+00:00,4417.10009765625,4418.5,4416.7001953125,4418.39990234375,57.0
2026-09-18 16:53:00+00:00,4418.7998046875,4419.5,4418.10009765625,4419.39990234375,64.0
2026-09-18 16:54:00+00:00,4419.2998046875,4419.7998046875,4418.89990234375,4419.5,109.0
2026-09-18 16:55:00+00:00,4419.60009765625,4420.60009765625,4419.2001953125,4420.0,101.0
2026-09-18 16:56:00+00:00,4420.10009765625,4421.0,4420.10009765625,4420.2001953125,70.0
2026-09-18 16:57:00+00:00,4420.39990234375,4420.89990234375,4419.89990234375,4420.5,77.0
2026-09-18 16:58:00+00:00,4420.60009765625,4422.2001953125,4419.5,4420.0,168.0
2026-09-18 16:59:00+00:00,4419.60009765625,4421.5,4419.0,4421.10009765625,190.0
2026-09-18 17:00:00+00:00,4421.2001953125,4423.10009765625,4421.10009765625,4422.5,182.0
2026-09-18 17:01:00+00:00,4422.7001953125,4423.39990234375,4420.89990234375,4421.0,122.0
2026-09-18 17:02:00+00:00,4421.2998046875,4422.10009765625,4419.89990234375,4422.0,90.0
2026-09-18 17:03:00+00:00,4422.2001953125,4425.2001953125,4422.2001953125,4424.7001953125,264.0
2026-09-18 17:04:00+00:00,4424.5,4424.7998046875,4422.7001953125,4422.7001953125,200.0
2026-09-18 17:05:00+00:00,4422.89990234375,4424.2001953125,4422.89990234375,4423.7998046875,84.0
2026-09-18 17:06:00+00:00,4423.7998046875,4424.2001953125,4423.2998046875,4423.7998046875,95.0
2026-09-18 17:07:00+00:00,4423.5,4425.2001953125,4423.2001953125,4424.89990234375,103.0
2026-09-18 17:08:00+00:00,4424.89990234375,4425.2998046875,4424.2001953125,4424.7001953125,373.0
2026-09-18 17:09:00+00:00,4424.89990234375,4425.60009765625,4424.7001953125,4424.7998046875,142.0
2026-09-18 17:10:00+00:00,4425.0,4425.2001953125,4423.5,4424.39990234375,142.0
2026-09-18 17:11:00+00:00,4424.60009765625,4425.7998046875,4423.2998046875,4425.10009765625,94.0
2026-09-18 17:12:00+00:00,4424.89990234375,4425.0,4421.89990234375,4422.0,96.0
2026-09-18 17:13:00+00:00,4422.2001953125,4425.0,4421.5,4424.2001953125,178.0
2026-09-18 17:14:00+00:00,4424.2001953125,4424.89990234375,4423.2001953125,4424.0,140.0
2026-09-18 17:15:00+00:00,4424.0,4425.0,4424.0,4424.7998046875,105.0
2026-09-18 17:16:00+00:00,4424.60009765625,4426.2998046875,4424.2998046875,4425.2998046875,146.0
2026-09-18 17:17:00+00:00,4425.10009765625,4426.60009765625,4425.0,4426.2998046875,172.0
2026-09-18 17:18:00+00:00,4426.39990234375,4427.60009765625,4424.0,4424.2998046875,131.0
2026-09-18 17:19:00+00:00,4424.60009765625,4425.10009765625,4424.0,4424.2001953125,67.0
2026-09-18 17:20:00+00:00,4424.2998046875,4424.5,4422.2998046875,4422.60009765625,181.0
2026-09-18 17:21:00+00:00,4422.89990234375,4423.2998046875,4421.7001953125,4422.0,103.0
2026-09-18 17:22:00+00:00,4421.7998046875,4422.7001953125,4421.7001953125,4422.2998046875,118.0
2026-09-18 17:23:00+00:00,4422.10009765625,4422.5,4421.2001953125,4421.39990234375,91.0
2026-09-18 17:24:00+00:00,4421.7001953125,4422.60009765625,4421.2998046875,4422.10009765625,78.0
2026-09-18 17:25:00+00:00,4422.2998046875,4423.5,4421.0,4423.5,119.0
2026-09-18 17:26:00+00:00,4423.39990234375,4425.0,4422.89990234375,4425.0,132.0
2026-09-18 17:27:00+00:00,4425.0,4425.60009765625,4424.39990234375,4424.5,122.0
2026-09-18 17:28:00+00:00,4424.7998046875,4425.39990234375,4423.2998046875,4423.39990234375,181.0
2026-09-18 17:29:00+00:00,4423.7001953125,4425.89990234375,4423.10009765625,4425.2998046875,840.0
2026-09-18 17:30:00+00:00,4425.2998046875,4425.89990234375,4423.7001953125,4425.2998046875,353.0
2026-09-18 17:31:00+00:00,4425.2998046875,4426.10009765625,4424.60009765625,4424.60009765625,124.0
2026-09-18 17:32:00+00:00,4424.60009765625,4425.89990234375,4424.2001953125,4425.5,85.0
2026-09-18 17:33:00+00:00,4425.7998046875,4428.5,4425.7001953125,4427.2001953125,205.0
2026-09-18 17:34:00+00:00,4427.10009765625,4431.39990234375,4427.10009765625,4431.39990234375,291.0
2026-09-18 17:35:00+00:00,4431.5,4431.7998046875,4430.39990234375,4430.7001953125,138.0
2026-09-18 17:36:00+00:00,4430.7998046875,4434.7001953125,4430.7998046875,4433.7001953125,396.0
2026-09-18 17:37:00+00:00,4433.89990234375,4434.39990234375,4431.7998046875,4432.5,197.0
2026-09-18 17:38:00+00:00,4432.60009765625,4432.89990234375,4431.7998046875,4432.7001953125,146.0
2026-09-18 17:39:00+00:00,4432.5,4432.5,4431.10009765625,4432.10009765625,79.0
2026-09-18 17:40:00+00:00,4432.10009765625,4433.7998046875,4430.7001953125,4432.7001953125,184.0
2026-09-18 17:41:00+00:00,4433.0,4434.0,4431.39990234375,4433.39990234375,165.0
2026-09-18 17:42:00+00:00,4433.2001953125,4434.89990234375,4432.0,4434.89990234375,261.0
2026-09-18 17:43:00+00:00,4434.89990234375,4435.0,4430.2998046875,4431.10009765625,181.0
2026-09-18 17:44:00+00:00,4431.0,4431.89990234375,4430.5,4431.2001953125,72.0
2026-09-18 17:45:00+00:00,4430.7998046875,4431.89990234375,4430.10009765625,4431.7001953125,89.0
2026-09-18 17:46:00+00:00,4431.39990234375,4433.0,4431.2001953125,4432.39990234375,69.0
2026-09-18 17:47:00+00:00,4432.2998046875,4434.0,4432.2998046875,4433.7001953125,60.0
2026-09-18 17:48:00+00:00,4433.7001953125,4434.39990234375,4433.10009765625,4433.7998046875,94.0
2026-09-18 17:49:00+00:00,4433.89990234375,4434.2001953125,4432.7001953125,4433.2001953125,73.0
2026-09-18 17:50:00+00:00,4433.2001953125,4435.2001953125,4433.0,4434.0,194.0
2026-09-18 17:51:00+00:00,4434.2001953125,4434.2001953125,4432.2998046875,4432.5,60.0
2026-09-18 17:52:00+00:00,4432.2998046875,4433.2001953125,4431.89990234375,4432.5,81.0
2026-09-18 17:53:00+00:00,4432.60009765625,4433.0,4431.7001953125,4432.60009765625,46.0
2026-09-18 17:54:00+00:00,4432.2998046875,4432.2998046875,4431.2001953125,4431.2998046875,20.0
2026-09-18 17:55:00+00:00,4431.60009765625,4431.7998046875,4431.2001953125,4431.5,60.0
2026-09-18 17:56:00+00:00,4431.5,4433.0,4431.2998046875,4432.7998046875,85.0
2026-09-18 17:57:00+00:00,4432.7998046875,4433.2998046875,4431.89990234375,4431.89990234375,26.0
2026-09-18 17:58:00+00:00,4431.89990234375,4431.89990234375,4431.2001953125,4431.39990234375,36.0
2026-09-18 17:59:00+00:00,4431.5,4431.7998046875,4431.2998046875,4431.2998046875,77.0
2026-09-18 18:00:00+00:00,4431.39990234375,4432.10009765625,4430.0,4430.60009765625,109.0
2026-09-18 18:01:00+00:00,4430.39990234375,4432.39990234375,4430.0,4431.7998046875,75.0
2026-09-18 18:02:00+00:00,4431.5,4431.7001953125,4430.5,4430.5,41.0
2026-09-18 18:03:00+00:00,4430.7001953125,4431.2998046875,4430.5,4431.0,20.0
2026-09-18 18:04:00+00:00,4430.7998046875,4431.60009765625,4430.7001953125,4430.7998046875,22.0
2026-09-18 18:05:00+00:00,4431.0,4431.2998046875,4429.39990234375,4429.39990234375,201.0
2026-09-18 18:06:00+00:00,4429.5,4429.89990234375,4428.2998046875,4428.5,164.0
2026-09-18 18:07:00+00:00,4428.5,4431.60009765625,4428.5,4431.60009765625,115.0
2026-09-18 18:08:00+00:00,4431.60009765625,4432.89990234375,4429.5,4429.60009765625,174.0
2026-09-18 18:09:00+00:00,4429.7001953125,4429.7001953125,4427.39990234375,4428.7998046875,141.0
2026-09-18 18:10:00+00:00,4429.0,4430.2998046875,4428.60009765625,4429.60009765625,122.0
2026-09-18 18:11:00+00:00,4429.39990234375,4429.60009765625,4427.7998046875,4428.5,79.0
2026-09-18 18:12:00+00:00,4428.7001953125,4430.0,4428.5,4429.89990234375,56.0
2026-09-18 18:13:00+00:00,4429.5,4431.7998046875,4428.7001953125,4431.39990234375,216.0
2026-09-18 18:14:00+00:00,4431.5,4431.60009765625,4430.0,4430.7998046875,84.0
2026-09-18 18:15:00+00:00,4431.10009765625,4431.2998046875,4430.10009765625,4430.10009765625,24.0
2026-09-18 18:16:00+00:00,4430.2001953125,4430.39990234375,4429.2001953125,4429.39990234375,41.0
2026-09-18 18:17:00+00:00,4429.2998046875,4429.2998046875,4427.60009765625,4427.60009765625,55.0
2026-09-18 18:18:00+00:00,4428.2998046875,4428.5,4427.7998046875,4428.10009765625,29.0
2026-09-18 18:19:00+00:00,4428.0,4429.2001953125,4427.89990234375,4428.89990234375,64.0
2026-09-18 18:20:00+00:00,4428.89990234375,4429.10009765625,4428.5,4428.7998046875,33.0
2026-09-18 18:21:00+00:00,4429.2001953125,4429.2001953125,4428.2001953125,4428.5,30.0
2026-09-18 18:22:00+00:00,4428.89990234375,4429.89990234375,4428.5,4429.2998046875,36.0
2026-09-18 18:23:00+00:00,4429.60009765625,4429.7001953125,4428.10009765625,4428.60009765625,52.0
2026-09-18 18:24:00+00:00,4428.39990234375,4428.60009765625,4427.7998046875,4428.60009765625,22.0
2026-09-18 18:25:00+00:00,4428.39990234375,4428.60009765625,4428.2001953125,4428.60009765625,19.0
2026-09-18 18:26:00+00:00,4428.60009765625,4429.2001953125,4428.39990234375,4428.60009765625,21.0
2026-09-18 18:27:00+00:00,4428.39990234375,4429.5,4428.2998046875,4429.10009765625,29.0
2026-09-18 18:28:00+00:00,4428.7998046875,4429.2001953125,4428.2998046875,4428.89990234375,40.0
2026-09-18 18:29:00+00:00,4428.7998046875,4429.60009765625,4428.7001953125,4429.2001953125,96.0
2026-09-18 18:30:00+00:00,4429.2001953125,4429.2001953125,4426.89990234375,4427.60009765625,63.0
2026-09-18 18:31:00+00:00,4427.2998046875,4427.5,4425.60009765625,4425.7001953125,68.0
2026-09-18 18:32:00+00:00,4426.0,4427.2998046875,4425.7998046875,4426.39990234375,82.0
2026-09-18 18:33:00+00:00,4426.2998046875,4426.7998046875,4425.7998046875,4426.10009765625,23.0
2026-09-18 18:34:00+00:00,4426.0,4426.39990234375,4426.0,4426.2001953125,29.0
2026-09-18 18:35:00+00:00,4426.39990234375,4426.7998046875,4426.0,4426.5,54.0
2026-09-18 18:36:00+00:00,4426.5,4426.5,4425.60009765625,4426.2998046875,44.0
2026-09-18 18:37:00+00:00,4426.2001953125,4426.2998046875,4425.7998046875,4425.89990234375,50.0
2026-09-18 18:38:00+00:00,4425.7998046875,4426.2998046875,4424.2998046875,4424.5,113.0
2026-09-18 18:39:00+00:00,4424.60009765625,4424.7998046875,4423.5,4423.5,69.0
2026-09-18 18:40:00+00:00,4423.60009765625,4423.7001953125,4422.5,4423.2998046875,112.0
2026-09-18 18:41:00+00:00,4423.2998046875,4423.39990234375,4422.2998046875,4422.7998046875,78.0
2026-09-18 18:42:00+00:00,4422.7998046875,4423.0,4421.0,4421.2998046875,136.0
2026-09-18 18:43:00+00:00,4421.60009765625,4422.7001953125,4421.5,4421.5,93.0
2026-09-18 18:44:00+00:00,4421.7001953125,4421.7001953125,4419.2001953125,4419.2998046875,195.0
2026-09-18 18:45:00+00:00,4419.2998046875,4420.2001953125,4418.89990234375,4418.89990234375,103.0
2026-09-18 18:46:00+00:00,4418.89990234375,4420.7998046875,4418.89990234375,4420.60009765625,107.0
2026-09-18 18:47:00+00:00,4420.60009765625,4422.2998046875,4420.5,4421.5,163.0
2026-09-18 18:48:00+00:00,4421.39990234375,4422.5,4421.2998046875,4421.2998046875,76.0
2026-09-18 18:49:00+00:00,4421.39990234375,4422.10009765625,4420.7998046875,4421.89990234375,43.0
2026-09-18 18:50:00+00:00,4422.0,4422.60009765625,4421.2001953125,4422.2001953125,98.0
2026-09-18 18:51:00+00:00,4422.2998046875,4422.2998046875,4420.2998046875,4420.60009765625,47.0
2026-09-18 18:52:00+00:00,4420.5,4420.60009765625,4419.39990234375,4419.7001953125,346.0
2026-09-18 18:53:00+00:00,4419.5,4420.7998046875,4419.10009765625,4420.0,76.0
2026-09-18 18:54:00+00:00,4420.10009765625,4420.5,4419.0,4419.2001953125,32.0
2026-09-18 18:55:00+00:00,4419.0,4420.10009765625,4418.2001953125,4419.60009765625,77.0
2026-09-18 18:56:00+00:00,4419.89990234375,4420.5,4419.60009765625,4419.7998046875,30.0
2026-09-18 18:57:00+00:00,4419.60009765625,4420.39990234375,4419.60009765625,4420.0,16.0
2026-09-18 18:58:00+00:00,4419.7998046875,4420.5,4419.7998046875,4420.2998046875,58.0
2026-09-18 18:59:00+00:00,4420.2001953125,4420.89990234375,4419.2001953125,4420.7998046875,124.0
2026-09-18 19:00:00+00:00,4420.7001953125,4421.5,4420.2998046875,4420.7001953125,73.0
2026-09-18 19:01:00+00:00,4420.7001953125,4420.7001953125,4418.7001953125,4419.2001953125,96.0
2026-09-18 19:02:00+00:00,4419.2001953125,4419.2001953125,4418.0,4418.60009765625,37.0
2026-09-18 19:03:00+00:00,4418.7001953125,4419.7001953125,4418.5,4419.7001953125,24.0
2026-09-18 19:04:00+00:00,4419.89990234375,4421.5,4419.7001953125,4420.7998046875,108.0
2026-09-18 19:05:00+00:00,4420.7001953125,4422.5,4420.7001953125,4422.5,67.0
2026-09-18 19:06:00+00:00,4422.2001953125,4423.0,4421.89990234375,4422.2998046875,45.0
2026-09-18 19:07:00+00:00,4421.39990234375,4421.39990234375,4420.0,4420.7001953125,58.0
2026-09-18 19:08:00+00:00,4421.0,4422.10009765625,4420.5,4422.10009765625,36.0
2026-09-18 19:09:00+00:00,4421.7998046875,4423.39990234375,4421.7998046875,4422.7998046875,76.0
2026-09-18 19:10:00+00:00,4422.7998046875,4423.2998046875,4422.2998046875,4423.2001953125,74.0
2026-09-18 19:11:00+00:00,4423.0,4423.89990234375,4422.60009765625,4423.60009765625,41.0
2026-09-18 19:12:00+00:00,4423.5,4424.2998046875,4422.7001953125,4423.0,142.0
2026-09-18 19:13:00+00:00,4423.0,4423.10009765625,4421.7998046875,4421.7998046875,39.0
2026-09-18 19:14:00+00:00,4422.0,4423.10009765625,4421.5,4422.7001953125,48.0
2026-09-18 19:15:00+00:00,4422.7998046875,4423.0,4422.2001953125,4422.89990234375,40.0
2026-09-18 19:16:00+00:00,4422.89990234375,4423.2998046875,4422.39990234375,4423.2998046875,123.0
2026-09-18 19:17:00+00:00,4423.10009765625,4423.39990234375,4422.2001953125,4422.39990234375,47.0
2026-09-18 19:18:00+00:00,4422.2998046875,4422.2998046875,4420.39990234375,4420.60009765625,35.0
2026-09-18 19:19:00+00:00,4420.60009765625,4420.7001953125,4420.0,4420.2001953125,303.0
2026-09-18 19:20:00+00:00,4420.2998046875,4420.7998046875,4420.0,4420.7001953125,64.0
2026-09-18 19:21:00+00:00,4420.7998046875,4421.39990234375,4420.60009765625,4420.89990234375,30.0
2026-09-18 19:22:00+00:00,4421.10009765625,4421.10009765625,4420.39990234375,4420.60009765625,14.0
2026-09-18 19:23:00+00:00,4420.60009765625,4421.5,4420.10009765625,4421.0,137.0
2026-09-18 19:24:00+00:00,4421.0,4421.7001953125,4420.5,4420.7998046875,87.0
2026-09-18 19:25:00+00:00,4420.7001953125,4420.7998046875,4418.60009765625,4418.7998046875,81.0
2026-09-18 19:26:00+00:00,4418.89990234375,4419.10009765625,4417.5,4417.60009765625,94.0
2026-09-18 19:27:00+00:00,4417.7998046875,4418.10009765625,4417.10009765625,4417.89990234375,74.0
2026-09-18 19:28:00+00:00,4417.7998046875,4419.0,4417.7001953125,4418.7998046875,42.0
2026-09-18 19:29:00+00:00,4418.89990234375,4419.0,4418.5,4418.7001953125,26.0
2026-09-18 19:30:00+00:00,4418.7001953125,4419.2998046875,4418.2001953125,4419.2998046875,67.0
2026-09-18 19:31:00+00:00,4419.10009765625,4419.39990234375,4418.7001953125,4418.7001953125,36.0
2026-09-18 19:32:00+00:00,4418.7001953125,4419.89990234375,4418.5,4419.7001953125,45.0
2026-09-18 19:33:00+00:00,4419.89990234375,4420.39990234375,4419.5,4419.60009765625,43.0
2026-09-18 19:34:00+00:00,4419.60009765625,4420.0,4418.2998046875,4418.2998046875,29.0
2026-09-18 19:35:00+00:00,4418.2001953125,4418.39990234375,4417.7998046875,4418.39990234375,36.0
2026-09-18 19:36:00+00:00,4418.39990234375,4419.7998046875,4418.2001953125,4419.7001953125,28.0
2026-09-18 19:37:00+00:00,4419.7998046875,4420.0,4419.2001953125,4419.7998046875,35.0
2026-09-18 19:38:00+00:00,4419.60009765625,4420.10009765625,4419.60009765625,4419.89990234375,17.0
2026-09-18 19:39:00+00:00,4419.7001953125,4420.39990234375,4419.7001953125,4419.7001953125,43.0
2026-09-18 19:40:00+00:00,4419.2998046875,4420.0,4419.2998046875,4420.0,24.0
2026-09-18 19:41:00+00:00,4420.0,4420.60009765625,4419.60009765625,4420.60009765625,14.0
2026-09-18 19:42:00+00:00,4420.60009765625,4420.60009765625,4419.2001953125,4419.5,40.0
2026-09-18 19:43:00+00:00,4419.39990234375,4420.0,4419.39990234375,4420.0,21.0
2026-09-18 19:44:00+00:00,4419.7998046875,4420.10009765625,4419.39990234375,4419.39990234375,43.0
2026-09-18 19:45:00+00:00,4419.2998046875,4419.7001953125,4418.89990234375,4419.7001953125,29.0
2026-09-18 19:46:00+00:00,4419.89990234375,4421.2001953125,4419.39990234375,4421.0,41.0
2026-09-18 19:47:00+00:00,4421.2998046875,4421.5,4420.7001953125,4420.7001953125,33.0
2026-09-18 19:48:00+00:00,4420.89990234375,4421.2998046875,4419.7001953125,4419.89990234375,72.0
2026-09-18 19:49:00+00:00,4420.0,4420.7998046875,4419.60009765625,4420.7001953125,55.0
2026-09-18 19:50:00+00:00,4420.5,4421.2001953125,4419.60009765625,4419.7998046875,68.0
2026-09-18 19:51:00+00:00,4419.89990234375,4419.89990234375,4419.2001953125,4419.39990234375,42.0
2026-09-18 19:52:00+00:00,4419.2998046875,4419.2998046875,4416.7998046875,4417.2998046875,83.0
2026-09-18 19:53:00+00:00,4417.2001953125,4417.7001953125,4416.7998046875,4417.5,63.0
2026-09-18 19:54:00+00:00,4417.5,4417.7001953125,4415.39990234375,4416.0,135.0
2026-09-18 19:55:00+00:00,4416.10009765625,4417.7998046875,4415.2001953125,4415.2998046875,118.0
2026-09-18 19:56:00+00:00,4415.39990234375,4415.60009765625,4413.5,4413.5,340.0
2026-09-18 19:57:00+00:00,4414.0,4417.7998046875,4413.7001953125,4417.39990234375,109.0
2026-09-18 19:58:00+00:00,4417.2998046875,4417.60009765625,4415.7001953125,4415.7001953125,118.0
2026-09-18 19:59:00+00:00,4416.0,4416.7998046875,4414.89990234375,4415.60009765625,196.0
2026-09-18 20:00:00+00:00,4415.60009765625,4417.0,4414.39990234375,4416.7001953125,156.0
2026-09-18 20:01:00+00:00,4416.39990234375,4417.0,4416.10009765625,4416.60009765625,61.0
2026-09-18 20:02:00+00:00,4416.5,4417.7001953125,4415.7001953125,4415.7001953125,64.0
2026-09-18 20:03:00+00:00,4415.89990234375,4416.10009765625,4415.2998046875,4415.2998046875,40.0
2026-09-18 20:04:00+00:00,4415.5,4417.10009765625,4415.5,4416.7998046875,80.0
2026-09-18 20:05:00+00:00,4415.39990234375,4416.60009765625,4415.2001953125,4416.5,27.0
2026-09-18 20:06:00+00:00,4416.60009765625,4417.39990234375,4416.60009765625,4417.2998046875,36.0
2026-09-18 20:07:00+00:00,4417.10009765625,4417.2001953125,4416.7001953125,4417.0,41.0
2026-09-18 20:08:00+00:00,4417.0,4417.10009765625,4416.2998046875,4416.7998046875,46.0
2026-09-18 20:09:00+00:00,4417.0,4417.39990234375,4416.10009765625,4416.7001953125,36.0
2026-09-18 20:10:00+00:00,4416.7001953125,4419.0,4416.7001953125,4417.7998046875,76.0
2026-09-18 20:11:00+00:00,4417.5,4418.39990234375,4417.2001953125,4417.89990234375,18.0
2026-09-18 20:12:00+00:00,4418.0,4421.2001953125,4418.0,4420.7001953125,79.0
2026-09-18 20:13:00+00:00,4420.7998046875,4421.5,4419.39990234375,4419.7998046875,90.0
2026-09-18 20:14:00+00:00,4419.7998046875,4420.2001953125,4419.5,4419.89990234375,36.0
2026-09-18 20:15:00+00:00,4419.39990234375,4420.2001953125,4418.60009765625,4419.7001953125,48.0
2026-09-18 20:16:00+00:00,4419.10009765625,4419.7001953125,4418.89990234375,4419.60009765625,22.0
2026-09-18 20:17:00+00:00,4419.7998046875,4420.0,4417.2001953125,4417.60009765625,36.0
2026-09-18 20:18:00+00:00,4417.5,4418.10009765625,4417.5,4417.89990234375,26.0
2026-09-18 20:19:00+00:00,4417.7001953125,4418.2001953125,4417.5,4417.89990234375,25.0
2026-09-18 20:20:00+00:00,4417.89990234375,4419.2998046875,4417.89990234375,4419.2998046875,14.0
2026-09-18 20:21:00+00:00,4419.60009765625,4419.89990234375,4419.5,4419.89990234375,13.0
2026-09-18 20:22:00+00:00,4419.39990234375,4421.39990234375,4419.39990234375,4421.2998046875,54.0
2026-09-18 20:23:00+00:00,4421.2998046875,4421.39990234375,4420.39990234375,4421.2998046875,30.0
2026-09-18 20:24:00+00:00,4421.2001953125,4421.2001953125,4420.7001953125,4420.89990234375,8.0
2026-09-18 20:25:00+00:00,4420.7998046875,4421.2998046875,4420.60009765625,4420.60009765625,12.0
2026-09-18 20:26:00+00:00,4420.2001953125,4420.7001953125,4420.2001953125,4420.2998046875,4.0
2026-09-18 20:27:00+00:00,4420.5,4420.60009765625,4420.0,4420.5,19.0
2026-09-18 20:28:00+00:00,4420.0,4420.0,4419.2998046875,4419.2998046875,16.0
2026-09-18 20:29:00+00:00,4419.39990234375,4419.7001953125,4419.2998046875,4419.2998046875,9.0
2026-09-18 20:30:00+00:00,4419.2998046875,4420.7998046875,4419.2001953125,4420.7998046875,27.0
2026-09-18 20:31:00+00:00,4420.39990234375,4420.5,4419.7998046875,4419.7998046875,12.0
2026-09-18 20:32:00+00:00,4419.39990234375,4420.5,4419.2001953125,4420.5,15.0
2026-09-18 20:33:00+00:00,4420.2001953125,4421.0,4420.2001953125,4421.0,9.0
2026-09-18 20:34:00+00:00,4420.7001953125,4420.7001953125,4420.2001953125,4420.2001953125,6.0
2026-09-18 20:35:00+00:00,4420.39990234375,4420.39990234375,4420.0,4420.0,5.0
2026-09-18 20:36:00+00:00,4419.2998046875,4419.60009765625,4418.89990234375,4419.60009765625,27.0
2026-09-18 20:37:00+00:00,4419.39990234375,4419.39990234375,4418.39990234375,4418.5,34.0
2026-09-18 20:38:00+00:00,4418.60009765625,4418.89990234375,4418.5,4418.5,18.0
2026-09-18 20:39:00+00:00,4418.2001953125,4418.39990234375,4418.2001953125,4418.2998046875,6.0
2026-09-18 20:40:00+00:00,4418.2998046875,4418.2998046875,4417.5,4417.7001953125,20.0
2026-09-18 20:41:00+00:00,4417.89990234375,4418.39990234375,4417.89990234375,4418.2998046875,8.0
2026-09-18 20:42:00+00:00,4418.2998046875,4419.5,4418.0,4419.0,52.0
2026-09-18 20:43:00+00:00,4418.7998046875,4418.89990234375,4418.7998046875,4418.7998046875,5.0
2026-09-18 20:44:00+00:00,4418.60009765625,4419.2001953125,4418.60009765625,4419.0,24.0
2026-09-18 20:45:00+00:00,4419.0,4419.0,4417.5,4417.60009765625,22.0
2026-09-18 20:46:00+00:00,4417.5,4418.0,4417.39990234375,4417.7001953125,8.0
2026-09-18 20:47:00+00:00,4417.60009765625,4417.60009765625,4416.0,4416.89990234375,38.0
2026-09-18 20:48:00+00:00,4416.10009765625,4416.7998046875,4415.0,4416.7998046875,82.0
2026-09-18 20:49:00+00:00,4416.5,4416.60009765625,4415.2998046875,4416.2998046875,32.0
2026-09-18 20:50:00+00:00,4416.0,4416.0,4415.2998046875,4415.89990234375,34.0
2026-09-18 20:51:00+00:00,4416.2998046875,4416.60009765625,4414.5,4414.89990234375,62.0
2026-09-18 20:52:00+00:00,4414.89990234375,4416.2001953125,4414.7001953125,4416.2001953125,53.0
2026-09-18 20:53:00+00:00,4416.2001953125,4416.5,4416.2001953125,4416.2001953125,20.0
2026-09-18 20:54:00+00:00,4415.89990234375,4416.39990234375,4415.2998046875,4416.39990234375,54.0
2026-09-18 20:55:00+00:00,4416.60009765625,4416.7001953125,4415.7998046875,4416.10009765625,19.0
2026-09-18 20:56:00+00:00,4416.2998046875,4416.89990234375,4416.2998046875,4416.60009765625,69.0
2026-09-18 20:57:00+00:00,4416.7001953125,4416.7001953125,4416.0,4416.2001953125,55.0
2026-09-18 20:58:00+00:00,4416.2998046875,4416.39990234375,4415.60009765625,4416.0,98.0
2026-09-18 20:59:00+00:00,4416.0,4424.89990234375,4415.89990234375,4424.89990234375,36.0
2026-09-20 22:10:00+00:00,4415.0,4416.0,4415.0,4415.5,0.0
2026-09-20 22:11:00+00:00,4415.7998046875,4416.0,4415.2998046875,4415.89990234375,25.0
2026-09-20 22:12:00+00:00,4416.10009765625,4416.39990234375,4415.39990234375,4415.7998046875,32.0
2026-09-20 22:13:00+00:00,4416.2001953125,4416.5,4416.10009765625,4416.5,15.0
2026-09-20 22:14:00+00:00,4416.39990234375,4417.5,4416.39990234375,4417.0,79.0
2026-09-20 22:15:00+00:00,4417.5,4417.5,4416.39990234375,4417.0,0.0
