time,Open,High,Low,Close,Volume
2026-07-30 04:00:00+00:00,4115.89990234375,4117.10009765625,4107.60009765625,4110.7001953125,691.0
2026-07-30 04:30:00+00:00,4110.89990234375,4110.89990234375,4100.2998046875,4102.5,1748.0
2026-07-30 05:00:00+00:00,4102.2001953125,4104.0,4093.89990234375,4103.5,1667.0
2026-07-30 05:30:00+00:00,4103.2001953125,4108.0,4085.0,4090.39990234375,3190.0
2026-07-30 06:00:00+00:00,4090.800048828125,4096.39990234375,4086.300048828125,4090.5,1989.0
2026-07-30 06:30:00+00:00,4090.10009765625,4098.10009765625,4088.300048828125,4093.800048828125,2333.0
2026-07-30 07:00:00+00:00,4093.800048828125,4108.5,4092.699951171875,4103.2001953125,3488.0
2026-07-30 07:30:00+00:00,4103.0,4104.7001953125,4093.0,4096.10009765625,3343.0
2026-07-30 08:00:00+00:00,4096.10009765625,4126.39990234375,4093.89990234375,4122.0,3420.0
2026-07-30 08:30:00+00:00,4122.10009765625,4130.89990234375,4117.2001953125,4119.2001953125,3660.0
2026-07-30 09:00:00+00:00,4119.39990234375,4130.2998046875,4118.2998046875,4125.60009765625,2712.0
2026-07-30 09:30:00+00:00,4125.5,4131.5,4118.39990234375,4121.5,3294.0
2026-07-30 10:00:00+00:00,4121.7998046875,4136.2998046875,4121.2001953125,4134.7998046875,3680.0
2026-07-30 10:30:00+00:00,4134.7998046875,4142.2001953125,4133.5,4136.39990234375,2549.0
2026-07-30 11:00:00+00:00,4136.5,4141.5,4134.89990234375,4136.60009765625,1428.0
2026-07-30 11:30:00+00:00,4136.7001953125,4138.89990234375,4133.60009765625,4136.0,1677.0
2026-07-30 12:00:00+00:00,4136.0,4141.0,4129.7998046875,4135.39990234375,3073.0
2026-07-30 12:30:00+00:00,4139.0,4145.39990234375,4125.39990234375,4127.39990234375,4461.0
2026-07-30 13:00:00+00:00,4127.2998046875,4142.2001953125,4123.2001953125,4138.60009765625,4324.0
2026-07-30 13:30:00+00:00,4138.60009765625,4172.5,4133.2001953125,4172.0,13520.0
2026-07-30 14:00:00+00:00,4172.10009765625,4180.2001953125,4145.60009765625,4155.2001953125,17236.0
2026-07-30 14:30:00+00:00,4155.2998046875,4172.7001953125,4154.0,4159.10009765625,5691.0
2026-07-30 15:00:00+00:00,4159.39990234375,4159.39990234375,4141.89990234375,4155.10009765625,5902.0
2026-07-30 15:30:00+00:00,4155.0,4169.2001953125,4151.7998046875,4167.0,3468.0
2026-07-30 16:00:00+00:00,4166.7998046875,4178.2998046875,4166.7998046875,4175.39990234375,3788.0
2026-07-30 16:30:00+00:00,4175.39990234375,4175.5,4165.60009765625,4169.7998046875,2344.0
2026-07-30 17:00:00+00:00,4169.7998046875,4170.2001953125,4157.10009765625,4160.7998046875,4150.0
2026-07-30 17:30:00+00:00,4160.5,4167.39990234375,4158.89990234375,4161.5,2601.0
2026-07-30 18:00:00+00:00,4161.5,4165.7998046875,4159.89990234375,4162.2998046875,1659.0
2026-07-30 18:30:00+00:00,4162.89990234375,4166.7998046875,4157.7001953125,4158.7998046875,1467.0
2026-07-30 19:00:00+00:00,4158.7001953125,4174.10009765625,4158.0,4172.0,2299.0
2026-07-30 19:30:00+00:00,4171.5,4174.5,4168.2001953125,4171.2001953125,1477.0
2026-07-30 20:00:00+00:00,4171.2998046875,4176.7001953125,4169.2998046875,4171.2998046875,1818.0
2026-07-30 20:30:00+00:00,4171.39990234375,4171.7998046875,4158.0,4162.7998046875,1432.0
2026-07-30 22:00:00+00:00,4163.89990234375,4166.7998046875,4158.0,4165.7998046875,520.0
2026-07-30 22:30:00+00:00,4165.7998046875,4169.7998046875,4165.39990234375,4167.39990234375,648.0
2026-07-30 23:00:00+00:00,4168.10009765625,4170.7001953125,4161.7998046875,4162.7998046875,684.0
2026-07-30 23:30:00+00:00,4162.7998046875,4168.7998046875,4160.7998046875,4164.39990234375,716.0
2026-07-31 00:00:00+00:00,4164.7998046875,4165.39990234375,4154.5,4154.89990234375,954.0
2026-07-31 00:30:00+00:00,4155.10009765625,4156.2998046875,4149.0,4153.5,872.0
2026-07-31 01:00:00+00:00,4153.5,4160.0,4144.5,4150.2998046875,2206.0
2026-07-31 01:30:00+00:00,4150.2998046875,4150.2998046875,4140.0,4142.5,1695.0
2026-07-31 02:00:00+00:00,4142.7001953125,4148.7998046875,4139.7998046875,4140.2998046875,1290.0
2026-07-31 02:30:00+00:00,4140.0,4142.5,4132.5,4134.10009765625,1581.0
2026-07-31 03:00:00+00:00,4134.0,4134.2998046875,4129.7001953125,4133.2001953125,991.0
2026-07-31 03:30:00+00:00,4133.2998046875,4137.39990234375,4132.0,4133.10009765625,819.0
2026-07-31 04:00:00+00:00,4132.60009765625,4138.10009765625,4131.0,4138.0,1223.0
2026-07-31 04:30:00+00:00,4137.89990234375,4139.5,4132.5,4137.60009765625,1006.0
2026-07-31 05:00:00+00:00,4138.0,4141.2998046875,4137.5,4138.89990234375,724.0
2026-07-31 05:30:00+00:00,4139.0,4139.7001953125,4131.0,4132.10009765625,1283.0
2026-07-31 06:00:00+00:00,4132.39990234375,4145.2998046875,4130.5,4143.2001953125,1454.0
2026-07-31 06:30:00+00:00,4142.7001953125,4142.7001953125,4134.2001953125,4135.39990234375,1119.0
2026-07-31 07:00:00+00:00,4135.0,4136.7998046875,4129.5,4130.5,1481.0
2026-07-31 07:30:00+00:00,4130.2001953125,4132.0,4124.7001953125,4125.10009765625,2420.0
2026-07-31 08:00:00+00:00,4125.39990234375,4125.39990234375,4114.89990234375,4115.7001953125,2800.0
2026-07-31 08:30:00+00:00,4115.7001953125,4121.2998046875,4110.7998046875,4117.60009765625,2813.0
2026-07-31 09:00:00+00:00,4117.2998046875,4120.7998046875,4107.7998046875,4108.7001953125,2518.0
2026-07-31 09:30:00+00:00,4108.39990234375,4113.60009765625,4106.5,4111.2998046875,1682.0
2026-07-31 10:00:00+00:00,4111.2001953125,4114.7001953125,4108.39990234375,4109.60009765625,1128.0
2026-07-31 10:30:00+00:00,4109.2001953125,4113.5,4109.2001953125,4110.7998046875,883.0
2026-07-31 11:00:00+00:00,4110.7001953125,4117.39990234375,4108.2001953125,4115.0,1428.0
2026-07-31 11:30:00+00:00,4114.89990234375,4115.0,4106.7001953125,4110.0,1657.0
2026-07-31 12:00:00+00:00,4110.2998046875,4115.7001953125,4103.10009765625,4103.5,2801.0
2026-07-31 12:30:00+00:00,4103.39990234375,4107.7998046875,4096.39990234375,4096.7998046875,6479.0
2026-07-31 13:00:00+00:00,4096.60009765625,4103.39990234375,4090.5,4098.89990234375,6697.0
2026-07-31 13:30:00+00:00,4098.5,4100.2001953125,4077.60009765625,4081.5,10494.0
2026-07-31 14:00:00+00:00,4080.800048828125,4096.5,4076.39990234375,4095.10009765625,7047.0
2026-07-31 14:30:00+00:00,4094.89990234375,4106.89990234375,4092.800048828125,4105.60009765625,4183.0
2026-07-31 15:00:00+00:00,4105.7998046875,4109.10009765625,4096.60009765625,4097.2998046875,6477.0
2026-07-31 15:30:00+00:00,4097.2998046875,4103.0,4093.0,4101.7998046875,3096.0
2026-07-31 16:00:00+00:00,4101.7998046875,4104.60009765625,4097.60009765625,4103.60009765625,1929.0
2026-07-31 16:30:00+00:00,4103.7001953125,4106.0,4097.2001953125,4099.2998046875,1973.0
2026-07-31 17:00:00+00:00,4099.2001953125,4109.7998046875,4097.2998046875,4106.60009765625,4319.0
2026-07-31 17:30:00+00:00,4106.7998046875,4111.0,4103.7998046875,4109.7998046875,3128.0
2026-07-31 18:00:00+00:00,4110.0,4111.2998046875,4102.89990234375,4107.10009765625,1776.0
2026-07-31 18:30:00+00:00,4107.0,4107.7998046875,4103.89990234375,4106.60009765625,1116.0
2026-07-31 19:00:00+00:00,4106.7998046875,4109.0,4102.60009765625,4106.39990234375,1328.0
2026-07-31 19:30:00+00:00,4106.39990234375,4111.89990234375,4104.89990234375,4107.7001953125,2087.0
2026-07-31 20:00:00+00:00,4107.60009765625,4108.39990234375,4101.89990234375,4104.39990234375,948.0
2026-07-31 20:30:00+00:00,4104.2998046875,4109.2001953125,4097.39990234375,4107.0,1565.0
2026-08-02 22:00:00+00:00,4131.10009765625,4135.7998046875,4120.39990234375,4122.7001953125,1415.0
2026-08-02 22:30:00+00:00,4122.7001953125,4124.89990234375,4119.5,4119.89990234375,1117.0
2026-08-02 23:00:00+00:00,4120.0,4128.39990234375,4119.0,4127.89990234375,832.0
2026-08-02 23:30:00+00:00,4127.7998046875,4130.5,4123.7001953125,4130.39990234375,805.0
2026-08-03 00:00:00+00:00,4130.5,4134.7001953125,4117.0,4119.60009765625,1533.0
2026-08-03 00:30:00+00:00,4119.7998046875,4125.39990234375,4111.10009765625,4112.7998046875,1785.0
2026-08-03 01:00:00+00:00,4112.89990234375,4119.0,4102.7001953125,4108.2001953125,2328.0
2026-08-03 01:30:00+00:00,4108.39990234375,4113.39990234375,4103.0,4112.7001953125,1674.0
2026-08-03 02:00:00+00:00,4112.7001953125,4116.7001953125,4107.7998046875,4113.60009765625,1209.0
2026-08-03 02:30:00+00:00,4113.89990234375,4122.2998046875,4108.0,4117.7998046875,1525.0
2026-08-03 03:00:00+00:00,4117.60009765625,4123.2001953125,4116.2001953125,4119.0,1219.0
2026-08-03 03:30:00+00:00,4119.2998046875,4122.10009765625,4114.2001953125,4120.0,617.0
2026-08-03 04:00:00+00:00,4120.39990234375,4126.2001953125,4119.39990234375,4123.60009765625,1086.0
2026-08-03 04:30:00+00:00,4123.5,4127.2001953125,4119.2001953125,4119.2001953125,617.0
2026-08-03 05:00:00+00:00,4119.0,4120.39990234375,4109.10009765625,4115.5,1151.0
2026-08-03 05:30:00+00:00,4115.2998046875,4125.2001953125,4110.2998046875,4124.2001953125,1679.0
2026-08-03 06:00:00+00:00,4124.2998046875,4127.2998046875,4120.89990234375,4123.60009765625,1797.0
2026-08-03 06:30:00+00:00,4123.5,4124.10009765625,4115.7001953125,4118.89990234375,1645.0
2026-08-03 07:00:00+00:00,4119.0,4120.5,4107.2998046875,4114.2001953125,2261.0
2026-08-03 07:30:00+00:00,4113.89990234375,4119.0,4112.0,4117.10009765625,1146.0
2026-08-03 08:00:00+00:00,4117.0,4118.0,4110.0,4111.2998046875,957.0
2026-08-03 08:30:00+00:00,4111.2998046875,4116.7001953125,4110.39990234375,4115.0,1135.0
2026-08-03 09:00:00+00:00,4115.2998046875,4117.7001953125,4108.0,4108.39990234375,1176.0
2026-08-03 09:30:00+00:00,4108.5,4114.39990234375,4102.2998046875,4111.60009765625,3430.0
2026-08-03 10:00:00+00:00,4111.60009765625,4113.60009765625,4108.2998046875,4110.0,798.0
2026-08-03 10:30:00+00:00,4110.0,4110.10009765625,4101.89990234375,4105.39990234375,1195.0
2026-08-03 11:00:00+00:00,4105.7001953125,4109.2001953125,4101.7001953125,4104.7001953125,999.0
2026-08-03 11:30:00+00:00,4104.5,4119.39990234375,4104.0,4118.89990234375,1980.0
2026-08-03 12:00:00+00:00,4119.0,4121.10009765625,4104.60009765625,4107.0,2672.0
2026-08-03 12:30:00+00:00,4107.2001953125,4109.0,4098.10009765625,4103.39990234375,2527.0
2026-08-03 13:00:00+00:00,4103.60009765625,4109.7998046875,4086.5,4089.5,6239.0
2026-08-03 13:30:00+00:00,4089.60009765625,4091.0,4074.0,4087.199951171875,8267.0
2026-08-03 14:00:00+00:00,4086.60009765625,4091.39990234375,4081.60009765625,4087.60009765625,5223.0
2026-08-03 14:30:00+00:00,4087.60009765625,4094.89990234375,4087.10009765625,4091.60009765625,3210.0
2026-08-03 15:00:00+00:00,4091.699951171875,4093.60009765625,4085.5,4087.89990234375,3026.0
2026-08-03 15:30:00+00:00,4088.0,4096.39990234375,4086.10009765625,4091.60009765625,2628.0
2026-08-03 16:00:00+00:00,4091.60009765625,4094.10009765625,4089.89990234375,4092.5,1483.0
2026-08-03 16:30:00+00:00,4092.5,4094.800048828125,4091.199951171875,4092.39990234375,1266.0
2026-08-03 17:00:00+00:00,4092.699951171875,4093.5,4088.699951171875,4090.0,2316.0
2026-08-03 17:30:00+00:00,4090.10009765625,4092.699951171875,4085.89990234375,4086.39990234375,1448.0
2026-08-03 18:00:00+00:00,4086.39990234375,4094.89990234375,4085.39990234375,4093.89990234375,2104.0
2026-08-03 18:30:00+00:00,4093.699951171875,4101.0,4092.39990234375,4099.60009765625,1461.0
2026-08-03 19:00:00+00:00,4099.5,4110.2001953125,4099.5,4108.7998046875,2377.0
2026-08-03 19:30:00+00:00,4108.89990234375,4112.0,4107.7001953125,4108.2001953125,1976.0
2026-08-03 20:00:00+00:00,4108.2998046875,4111.89990234375,4106.2001953125,4110.2001953125,698.0
2026-08-03 20:30:00+00:00,4110.60009765625,4115.0,4110.0,4110.89990234375,1049.0
2026-08-03 22:00:00+00:00,4109.60009765625,4110.2998046875,4104.60009765625,4107.5,363.0
2026-08-03 22:30:00+00:00,4107.7998046875,4109.60009765625,4106.7998046875,4108.60009765625,336.0
2026-08-03 23:00:00+00:00,4108.60009765625,4110.7998046875,4105.5,4107.2998046875,1343.0
2026-08-03 23:30:00+00:00,4107.39990234375,4109.60009765625,4106.60009765625,4109.2998046875,529.0
2026-08-04 00:00:00+00:00,4109.2001953125,4125.10009765625,4108.7001953125,4114.60009765625,1965.0
2026-08-04 00:30:00+00:00,4114.89990234375,4116.2998046875,4104.10009765625,4104.89990234375,1508.0
2026-08-04 01:00:00+00:00,4104.7998046875,4108.0,4098.2001953125,4104.7001953125,2036.0
2026-08-04 01:30:00+00:00,4105.0,4117.60009765625,4104.0,4114.7998046875,1554.0
2026-08-04 02:00:00+00:00,4114.7998046875,4116.7998046875,4111.10009765625,4112.2001953125,874.0
2026-08-04 02:30:00+00:00,4112.2001953125,4120.60009765625,4111.10009765625,4114.60009765625,1144.0
2026-08-04 03:00:00+00:00,4114.2998046875,4117.5,4112.0,4113.7001953125,724.0
2026-08-04 03:30:00+00:00,4113.5,4114.2001953125,4107.60009765625,4108.2001953125,1027.0
2026-08-04 04:00:00+00:00,4107.39990234375,4117.0,4106.39990234375,4116.7001953125,1597.0
2026-08-04 04:30:00+00:00,4116.7998046875,4121.89990234375,4116.0,4119.2998046875,1375.0
2026-08-04 05:00:00+00:00,4119.2001953125,4120.39990234375,4112.7001953125,4119.2998046875,1046.0
2026-08-04 05:30:00+00:00,4119.5,4123.7001953125,4114.10009765625,4117.2998046875,2081.0
2026-08-04 06:00:00+00:00,4117.89990234375,4122.10009765625,4115.2001953125,4115.60009765625,1133.0
2026-08-04 06:30:00+00:00,4115.60009765625,4119.7001953125,4111.39990234375,4119.2998046875,1343.0
2026-08-04 07:00:00+00:00,4119.5,4121.7998046875,4116.60009765625,4119.0,1624.0
2026-08-04 07:30:00+00:00,4119.0,4122.89990234375,4117.5,4121.7998046875,1302.0
2026-08-04 08:00:00+00:00,4121.89990234375,4129.60009765625,4116.2998046875,4119.5,2838.0
2026-08-04 08:30:00+00:00,4119.2001953125,4120.5,4110.10009765625,4110.7998046875,1355.0
2026-08-04 09:00:00+00:00,4110.5,4111.2001953125,4104.10009765625,4105.89990234375,1717.0
2026-08-04 09:30:00+00:00,4106.2001953125,4107.2001953125,4102.0,4105.10009765625,1588.0
2026-08-04 10:00:00+00:00,4105.7001953125,4106.0,4101.39990234375,4104.60009765625,814.0
2026-08-04 10:30:00+00:00,4105.0,4116.39990234375,4102.0,4109.7998046875,2366.0
2026-08-04 11:00:00+00:00,4109.39990234375,4117.2001953125,4108.10009765625,4117.10009765625,1183.0
2026-08-04 11:30:00+00:00,4117.2001953125,4141.7998046875,4116.10009765625,4132.10009765625,7899.0
2026-08-04 12:00:00+00:00,4132.2998046875,4133.2001953125,4117.60009765625,4124.7998046875,4381.0
2026-08-04 12:30:00+00:00,4125.0,4141.5,4125.0,4127.7998046875,5417.0
2026-08-04 13:00:00+00:00,4128.10009765625,4147.89990234375,4117.2001953125,4135.39990234375,8741.0
2026-08-04 13:30:00+00:00,4135.60009765625,4151.5,4132.7998046875,4140.7001953125,9310.0
2026-08-04 14:00:00+00:00,4140.7001953125,4149.2998046875,4137.2998046875,4140.39990234375,4827.0
2026-08-04 14:30:00+00:00,4140.60009765625,4143.7001953125,4131.2998046875,4140.39990234375,5677.0
2026-08-04 15:00:00+00:00,4140.5,4142.39990234375,4131.0,4135.0,2755.0
2026-08-04 15:30:00+00:00,4134.39990234375,4145.7998046875,4133.0,4144.2001953125,3683.0
2026-08-04 16:00:00+00:00,4144.39990234375,4147.0,4139.7001953125,4144.7001953125,2886.0
2026-08-04 16:30:00+00:00,4144.60009765625,4150.7001953125,4141.60009765625,4150.39990234375,2763.0
2026-08-04 17:00:00+00:00,4150.2001953125,4163.7998046875,4149.39990234375,4151.89990234375,6805.0
2026-08-04 17:30:00+00:00,4151.7998046875,4153.5,4143.0,4143.10009765625,2592.0
2026-08-04 18:00:00+00:00,4142.7998046875,4146.0,4141.2001953125,4141.39990234375,1746.0
2026-08-04 18:30:00+00:00,4141.60009765625,4142.7001953125,4132.10009765625,4136.7998046875,2430.0
2026-08-04 19:00:00+00:00,4136.60009765625,4141.89990234375,4135.7001953125,4137.2998046875,2143.0
2026-08-04 19:30:00+00:00,4137.2001953125,4139.60009765625,4133.2998046875,4135.2998046875,955.0
2026-08-04 20:00:00+00:00,4135.60009765625,4137.2998046875,4131.39990234375,4132.2001953125,668.0
2026-08-04 20:30:00+00:00,4132.10009765625,4135.7001953125,4132.0,4134.2001953125,381.0
2026-08-04 22:00:00+00:00,4133.7998046875,4136.10009765625,4132.10009765625,4135.60009765625,997.0
2026-08-04 22:30:00+00:00,4136.0,4142.10009765625,4132.39990234375,4132.5,1861.0
2026-08-04 23:00:00+00:00,4132.7998046875,4134.0,4121.60009765625,4123.7001953125,2499.0
2026-08-04 23:30:00+00:00,4123.2001953125,4129.5,4122.10009765625,4128.7001953125,699.0
2026-08-05 00:00:00+00:00,4128.60009765625,4134.89990234375,4126.2998046875,4134.60009765625,727.0
2026-08-05 00:30:00+00:00,4134.89990234375,4139.2998046875,4133.5,4138.2001953125,867.0
2026-08-05 01:00:00+00:00,4138.5,4144.7001953125,4133.39990234375,4139.7998046875,1689.0
2026-08-05 01:30:00+00:00,4140.5,4158.5,4135.7001953125,4157.2001953125,1652.0
2026-08-05 02:00:00+00:00,4157.2001953125,4165.0,4151.7998046875,4160.10009765625,2913.0
2026-08-05 02:30:00+00:00,4160.5,4192.60009765625,4158.2001953125,4186.2001953125,7683.0
2026-08-05 03:00:00+00:00,4186.5,4193.7998046875,4184.2998046875,4187.7001953125,2472.0
2026-08-05 03:30:00+00:00,4187.7998046875,4188.2998046875,4185.0,4186.60009765625,1225.0
2026-08-05 04:00:00+00:00,4186.10009765625,4199.5,4186.0,4196.5,3276.0
2026-08-05 04:30:00+00:00,4196.5,4196.5,4189.89990234375,4193.39990234375,1894.0
2026-08-05 05:00:00+00:00,4193.2998046875,4200.39990234375,4192.7001953125,4197.89990234375,2043.0
2026-08-05 05:30:00+00:00,4198.0,4233.0,4197.89990234375,4222.2001953125,12784.0
2026-08-05 06:00:00+00:00,4222.39990234375,4234.2998046875,4220.2001953125,4228.39990234375,5489.0
2026-08-05 06:30:00+00:00,4228.2998046875,4237.7998046875,4226.7001953125,4237.10009765625,4346.0
2026-08-05 07:00:00+00:00,4236.7001953125,4238.5,4221.7998046875,4223.2998046875,3937.0
2026-08-05 07:30:00+00:00,4223.5,4231.0,4220.89990234375,4229.89990234375,2471.0
2026-08-05 08:00:00+00:00,4229.89990234375,4231.5,4221.0,4223.7998046875,2466.0
2026-08-05 08:30:00+00:00,4223.89990234375,4227.10009765625,4218.39990234375,4219.7001953125,3498.0
2026-08-05 09:00:00+00:00,4220.0,4226.89990234375,4214.60009765625,4216.60009765625,2971.0
2026-08-05 09:30:00+00:00,4216.60009765625,4218.7001953125,4211.7998046875,4216.89990234375,3288.0
2026-08-05 10:00:00+00:00,4216.7998046875,4217.2998046875,4209.10009765625,4215.7998046875,2237.0
2026-08-05 10:30:00+00:00,4216.10009765625,4220.7001953125,4212.7001953125,4220.39990234375,2067.0
2026-08-05 11:00:00+00:00,4220.60009765625,4240.39990234375,4219.7998046875,4235.5,5072.0
2026-08-05 11:30:00+00:00,4235.60009765625,4252.2001953125,4233.39990234375,4248.5,8717.0
2026-08-05 12:00:00+00:00,4248.5,4273.60009765625,4248.5,4265.10009765625,11015.0
2026-08-05 12:30:00+00:00,4265.2998046875,4268.89990234375,4243.10009765625,4244.10009765625,7015.0
2026-08-05 13:00:00+00:00,4243.89990234375,4258.2998046875,4243.7998046875,4257.39990234375,8173.0
2026-08-05 13:30:00+00:00,4257.39990234375,4266.7001953125,4248.7001953125,4265.7998046875,8771.0
2026-08-05 14:00:00+00:00,4265.10009765625,4300.60009765625,4263.10009765625,4297.10009765625,13958.0
2026-08-05 14:30:00+00:00,4296.7001953125,4307.7998046875,4288.7001953125,4304.2998046875,10128.0
2026-08-05 15:00:00+00:00,4303.89990234375,4325.5,4302.39990234375,4317.7001953125,10689.0
2026-08-05 15:30:00+00:00,4317.5,4319.89990234375,4292.7001953125,4293.0,8116.0
2026-08-05 16:00:00+00:00,4293.60009765625,4302.60009765625,4285.0,4301.60009765625,6656.0
2026-08-05 16:30:00+00:00,4301.89990234375,4308.10009765625,4298.60009765625,4302.7998046875,4190.0
2026-08-05 17:00:00+00:00,4302.89990234375,4307.0,4296.2001953125,4305.0,6406.0
2026-08-05 17:30:00+00:00,4304.89990234375,4313.0,4301.10009765625,4311.0,3187.0
2026-08-05 18:00:00+00:00,4310.7001953125,4328.2001953125,4309.60009765625,4323.7998046875,4252.0
2026-08-05 18:30:00+00:00,4323.2001953125,4324.5,4314.60009765625,4321.2001953125,2419.0
2026-08-05 19:00:00+00:00,4321.0,4322.7001953125,4311.2001953125,4314.0,2073.0
2026-08-05 19:30:00+00:00,4313.7001953125,4314.89990234375,4307.0,4307.60009765625,2592.0
2026-08-05 20:00:00+00:00,4307.89990234375,4310.39990234375,4306.2001953125,4306.60009765625,781.0
2026-08-05 20:30:00+00:00,4306.7998046875,4310.2998046875,4303.5,4308.0,977.0
2026-08-05 22:00:00+00:00,4307.0,4315.2001953125,4304.89990234375,4308.2001953125,584.0
2026-08-05 22:30:00+00:00,4307.60009765625,4310.2001953125,4307.0,4309.5,590.0
2026-08-05 23:00:00+00:00,4309.39990234375,4323.2001953125,4308.2998046875,4322.2001953125,1530.0
2026-08-05 23:30:00+00:00,4322.5,4341.10009765625,4319.7998046875,4337.2998046875,3650.0
2026-08-06 00:00:00+00:00,4337.2001953125,4344.2001953125,4323.5,4334.0,4297.0
2026-08-06 00:30:00+00:00,4333.60009765625,4360.0,4333.60009765625,4354.7001953125,5127.0
2026-08-06 01:00:00+00:00,4354.60009765625,4362.7001953125,4332.5,4335.7998046875,7589.0
2026-08-06 01:30:00+00:00,4335.5,4357.7998046875,4335.2998046875,4346.89990234375,5295.0
2026-08-06 02:00:00+00:00,4346.7001953125,4363.7001953125,4344.0,4351.10009765625,3581.0
2026-08-06 02:30:00+00:00,4350.89990234375,4351.5,4334.0,4337.7998046875,2695.0
2026-08-06 03:00:00+00:00,4337.2001953125,4340.0,4320.2001953125,4325.5,3187.0
2026-08-06 03:30:00+00:00,4325.2001953125,4326.5,4319.60009765625,4324.89990234375,1205.0
2026-08-06 04:00:00+00:00,4324.5,4326.10009765625,4312.2001953125,4315.0,1951.0
2026-08-06 04:30:00+00:00,4315.10009765625,4322.10009765625,4315.10009765625,4321.39990234375,1066.0
2026-08-06 05:00:00+00:00,4321.2998046875,4324.5,4312.10009765625,4312.89990234375,1417.0
2026-08-06 05:30:00+00:00,4312.7001953125,4327.5,4306.2001953125,4326.0,2932.0
2026-08-06 06:00:00+00:00,4325.7998046875,4327.5,4313.39990234375,4316.2998046875,2709.0
2026-08-06 06:30:00+00:00,4316.39990234375,4317.0,4308.2001953125,4314.7001953125,1897.0
2026-08-06 07:00:00+00:00,4314.7001953125,4324.0,4311.89990234375,4321.0,2220.0
2026-08-06 07:30:00+00:00,4316.2998046875,4322.10009765625,4311.7001953125,4321.7001953125,1894.0
2026-08-06 08:00:00+00:00,4322.0,4329.7001953125,4319.39990234375,4327.2998046875,2536.0
2026-08-06 08:30:00+00:00,4327.2001953125,4337.7001953125,4325.7998046875,4337.10009765625,2299.0
2026-08-06 09:00:00+00:00,4337.2001953125,4344.2001953125,4334.7001953125,4341.89990234375,2674.0
2026-08-06 09:30:00+00:00,4342.2998046875,4343.39990234375,4330.39990234375,4332.60009765625,2263.0
2026-08-06 10:00:00+00:00,4332.60009765625,4333.10009765625,4326.60009765625,4328.39990234375,1451.0
2026-08-06 10:30:00+00:00,4328.89990234375,4330.89990234375,4322.7998046875,4330.0,1575.0
2026-08-06 11:00:00+00:00,4330.0,4332.5,4318.5,4323.39990234375,2302.0
2026-08-06 11:30:00+00:00,4323.39990234375,4326.10009765625,4312.7001953125,4322.60009765625,3744.0
2026-08-06 12:00:00+00:00,4322.2001953125,4324.7001953125,4311.7001953125,4320.5,3286.0
2026-08-06 12:30:00+00:00,4320.7998046875,4330.10009765625,4307.0,4308.60009765625,7264.0
2026-08-06 13:00:00+00:00,4308.5,4314.2001953125,4288.39990234375,4305.89990234375,10547.0
2026-08-06 13:30:00+00:00,4305.7998046875,4332.89990234375,4304.2998046875,4325.89990234375,10773.0
2026-08-06 14:00:00+00:00,4326.10009765625,4334.7001953125,4318.89990234375,4324.7998046875,8128.0
2026-08-06 14:30:00+00:00,4324.7001953125,4334.60009765625,4321.7998046875,4332.2001953125,4016.0
2026-08-06 15:00:00+00:00,4332.2001953125,4333.60009765625,4309.2998046875,4313.39990234375,7917.0
2026-08-06 15:30:00+00:00,4313.7001953125,4314.2001953125,4285.2001953125,4291.5,7847.0
2026-08-06 16:00:00+00:00,4291.7998046875,4300.7998046875,4281.2001953125,4288.2001953125,7607.0
2026-08-06 16:30:00+00:00,4288.2998046875,4300.60009765625,4288.10009765625,4299.39990234375,3966.0
2026-08-06 17:00:00+00:00,4299.60009765625,4303.0,4297.10009765625,4300.5,3542.0
2026-08-06 17:30:00+00:00,4300.2001953125,4307.0,4297.10009765625,4305.7998046875,2311.0
2026-08-06 18:00:00+00:00,4305.89990234375,4308.0,4302.60009765625,4305.10009765625,1121.0
2026-08-06 18:30:00+00:00,4305.0,4306.0,4299.2001953125,4302.2001953125,1085.0
2026-08-06 19:00:00+00:00,4302.10009765625,4309.7998046875,4294.2001953125,4296.5,2333.0
2026-08-06 19:30:00+00:00,4296.60009765625,4309.2998046875,4292.0,4307.7998046875,2797.0
2026-08-06 20:00:00+00:00,4307.7001953125,4309.10009765625,4298.60009765625,4300.7998046875,1121.0
2026-08-06 20:30:00+00:00,4300.5,4301.2001953125,4293.60009765625,4298.7001953125,837.0
2026-08-06 22:00:00+00:00,4298.2998046875,4301.7998046875,4293.89990234375,4301.2001953125,737.0
2026-08-06 22:30:00+00:00,4300.89990234375,4301.39990234375,4296.89990234375,4298.2998046875,501.0
2026-08-06 23:00:00+00:00,4298.60009765625,4304.89990234375,4298.39990234375,4303.7001953125,636.0
2026-08-06 23:30:00+00:00,4303.5,4311.7998046875,4303.2998046875,4311.0,1376.0
2026-08-07 00:00:00+00:00,4310.7001953125,4311.39990234375,4297.5,4302.10009765625,1194.0
2026-08-07 00:30:00+00:00,4302.0,4302.0,4288.0,4291.2001953125,1928.0
2026-08-07 01:00:00+00:00,4290.89990234375,4308.39990234375,4289.7998046875,4302.10009765625,1958.0
2026-08-07 01:30:00+00:00,4302.10009765625,4317.5,4297.7001953125,4314.7001953125,2684.0
2026-08-07 02:00:00+00:00,4314.60009765625,4320.7998046875,4314.0,4319.39990234375,1948.0
2026-08-07 02:30:00+00:00,4319.89990234375,4320.39990234375,4305.39990234375,4309.10009765625,2121.0
2026-08-07 03:00:00+00:00,4309.10009765625,4318.10009765625,4308.2998046875,4317.2998046875,1581.0
2026-08-07 03:30:00+00:00,4317.39990234375,4325.0,4316.60009765625,4322.7998046875,1362.0
2026-08-07 04:00:00+00:00,4325.2998046875,4328.39990234375,4321.10009765625,4324.39990234375,2353.0
2026-08-07 04:30:00+00:00,4324.2998046875,4327.7998046875,4320.2001953125,4324.10009765625,974.0
2026-08-07 05:00:00+00:00,4324.10009765625,4330.39990234375,4320.39990234375,4325.7001953125,1786.0
2026-08-07 05:30:00+00:00,4325.89990234375,4340.0,4325.2998046875,4337.7001953125,3599.0
2026-08-07 06:00:00+00:00,4337.7001953125,4350.2001953125,4337.10009765625,4341.7001953125,4496.0
2026-08-07 06:30:00+00:00,4341.89990234375,4358.0,4338.60009765625,4356.2998046875,5037.0
2026-08-07 07:00:00+00:00,4356.2001953125,4356.89990234375,4343.7998046875,4344.2998046875,3040.0
2026-08-07 07:30:00+00:00,4344.5,4350.2001953125,4342.0,4348.89990234375,1958.0
2026-08-07 08:00:00+00:00,4349.2001953125,4360.0,4347.89990234375,4353.7998046875,3256.0
2026-08-07 08:30:00+00:00,4354.0,4375.89990234375,4353.39990234375,4365.39990234375,5120.0
2026-08-07 09:00:00+00:00,4365.60009765625,4370.7001953125,4363.60009765625,4365.89990234375,2085.0
2026-08-07 09:30:00+00:00,4366.39990234375,4380.10009765625,4361.60009765625,4375.60009765625,5554.0
2026-08-07 10:00:00+00:00,4375.7998046875,4379.0,4367.2001953125,4373.10009765625,2402.0
2026-08-07 10:30:00+00:00,4373.10009765625,4380.2001953125,4372.39990234375,4376.39990234375,2614.0
2026-08-07 11:00:00+00:00,4376.2998046875,4386.7001953125,4376.0,4384.39990234375,4236.0
2026-08-07 11:30:00+00:00,4384.5,4387.10009765625,4380.10009765625,4380.7998046875,3601.0
2026-08-07 12:00:00+00:00,4380.60009765625,4384.7998046875,4361.0,4370.7998046875,7000.0
2026-08-07 12:30:00+00:00,4373.0,4432.2998046875,4370.7998046875,4421.89990234375,22412.0
2026-08-07 13:00:00+00:00,4421.60009765625,4424.60009765625,4398.89990234375,4416.7998046875,9853.0
2026-08-07 13:30:00+00:00,4416.7998046875,4428.7998046875,4402.5,4408.2998046875,11996.0
2026-08-07 14:00:00+00:00,4408.39990234375,4413.0,4386.89990234375,4408.7001953125,12260.0
2026-08-07 14:30:00+00:00,4409.10009765625,4411.0,4400.10009765625,4401.2998046875,6419.0
2026-08-07 15:00:00+00:00,4401.39990234375,4418.10009765625,4400.0,4410.7998046875,6753.0
2026-08-07 15:30:00+00:00,4410.89990234375,4413.2998046875,4398.89990234375,4400.39990234375,5013.0
2026-08-07 16:00:00+00:00,4400.39990234375,4409.39990234375,4393.7998046875,4396.89990234375,4283.0
2026-08-07 16:30:00+00:00,4396.7998046875,4402.0,4388.7998046875,4389.5,4480.0
2026-08-07 17:00:00+00:00,4388.7001953125,4401.7001953125,4387.39990234375,4398.89990234375,6187.0
2026-08-07 17:30:00+00:00,4399.10009765625,4402.5,4389.0,4400.0,4208.0
2026-08-07 18:00:00+00:00,4399.7998046875,4403.0,4391.89990234375,4394.10009765625,2227.0
2026-08-07 18:30:00+00:00,4394.2998046875,4399.0,4393.2998046875,4395.60009765625,1710.0
2026-08-07 19:00:00+00:00,4395.7001953125,4410.60009765625,4395.7001953125,4408.39990234375,2357.0
2026-08-07 19:30:00+00:00,4408.60009765625,4409.0,4399.60009765625,4403.10009765625,2496.0
2026-08-07 20:00:00+00:00,4403.0,4404.60009765625,4396.5,4397.2998046875,1638.0
2026-08-07 20:30:00+00:00,4396.89990234375,4402.60009765625,4395.2998046875,4399.7001953125,951.0
2026-08-09 22:00:00+00:00,4398.0,4405.5,4397.0,4402.89990234375,690.0
2026-08-09 22:30:00+00:00,4402.89990234375,4404.39990234375,4398.60009765625,4400.2001953125,407.0
2026-08-09 23:00:00+00:00,4400.39990234375,4408.0,4399.5,4405.5,698.0
2026-08-09 23:30:00+00:00,4405.5,4406.5,4390.7998046875,4392.0,966.0
2026-08-10 00:00:00+00:00,4391.89990234375,4406.0,4391.39990234375,4396.7001953125,1112.0
2026-08-10 00:30:00+00:00,4396.60009765625,4398.10009765625,4389.7998046875,4391.2998046875,883.0
2026-08-10 01:00:00+00:00,4391.5,4400.0,4376.7001953125,4376.89990234375,5700.0
2026-08-10 01:30:00+00:00,4376.7001953125,4384.2998046875,4373.89990234375,4383.0,2056.0
2026-08-10 02:00:00+00:00,4382.7998046875,4392.10009765625,4379.7001953125,4390.89990234375,1465.0
2026-08-10 02:30:00+00:00,4391.0,4392.5,4379.0,4380.0,1871.0
2026-08-10 03:00:00+00:00,4379.60009765625,4388.2998046875,4377.39990234375,4387.89990234375,1362.0
2026-08-10 03:30:00+00:00,4387.7001953125,4390.2998046875,4384.60009765625,4387.7998046875,801.0
2026-08-10 04:00:00+00:00,4387.7001953125,4397.7998046875,4383.60009765625,4394.5,1797.0
2026-08-10 04:30:00+00:00,4394.89990234375,4399.7998046875,4389.7998046875,4399.5,1584.0
2026-08-10 05:00:00+00:00,4399.10009765625,4399.7001953125,4392.60009765625,4393.7001953125,1234.0
2026-08-10 05:30:00+00:00,4393.5,4412.5,4391.5,4407.0,3147.0
2026-08-10 06:00:00+00:00,4407.2998046875,4409.89990234375,4401.5,4407.7001953125,1772.0
2026-08-10 06:30:00+00:00,4407.60009765625,4419.5,4405.2998046875,4417.7998046875,2680.0
2026-08-10 07:00:00+00:00,4417.7998046875,4418.5,4409.39990234375,4414.5,2628.0
2026-08-10 07:30:00+00:00,4414.2998046875,4421.5,4412.0,4414.7001953125,1819.0
2026-08-10 08:00:00+00:00,4415.0,4415.7001953125,4411.10009765625,4415.10009765625,1358.0
2026-08-10 08:30:00+00:00,4414.7998046875,4416.0,4402.89990234375,4405.60009765625,2995.0
2026-08-10 09:00:00+00:00,4405.60009765625,4409.2001953125,4404.10009765625,4406.10009765625,2079.0
2026-08-10 09:30:00+00:00,4405.7001953125,4406.10009765625,4398.39990234375,4400.10009765625,2598.0
2026-08-10 10:00:00+00:00,4400.39990234375,4403.2001953125,4398.2001953125,4402.60009765625,1532.0
2026-08-10 10:30:00+00:00,4402.7001953125,4403.2998046875,4394.60009765625,4395.2001953125,1738.0
2026-08-10 11:00:00+00:00,4395.2998046875,4396.0,4386.2998046875,4394.0,2345.0
2026-08-10 11:30:00+00:00,4393.7001953125,4398.5,4391.2001953125,4393.89990234375,1544.0
2026-08-10 12:00:00+00:00,4393.7998046875,4396.39990234375,4382.7998046875,4386.5,2292.0
2026-08-10 12:30:00+00:00,4386.39990234375,4394.60009765625,4385.2001953125,4391.60009765625,2214.0
2026-08-10 13:00:00+00:00,4391.10009765625,4396.60009765625,4384.7998046875,4394.0,3396.0
2026-08-10 13:30:00+00:00,4394.0,4398.39990234375,4375.0,4376.2998046875,6843.0
2026-08-10 14:00:00+00:00,4376.2001953125,4407.2001953125,4376.2001953125,4404.39990234375,7372.0
2026-08-10 14:30:00+00:00,4404.2998046875,4411.2998046875,4402.39990234375,4405.2001953125,5319.0
2026-08-10 15:00:00+00:00,4405.2001953125,4412.2001953125,4402.7001953125,4408.7998046875,4267.0
2026-08-10 15:30:00+00:00,4409.0,4419.2001953125,4407.39990234375,4417.89990234375,3304.0
2026-08-10 16:00:00+00:00,4418.10009765625,4424.5,4416.39990234375,4422.10009765625,3541.0
2026-08-10 16:30:00+00:00,4422.2001953125,4422.5,4408.60009765625,4416.2998046875,4313.0
2026-08-10 17:00:00+00:00,4416.39990234375,4420.5,4410.5,4420.5,3613.0
2026-08-10 17:30:00+00:00,4420.2998046875,4425.2001953125,4416.60009765625,4419.2001953125,2066.0
2026-08-10 18:00:00+00:00,4419.39990234375,4426.5,4418.7998046875,4425.0,1838.0
2026-08-10 18:30:00+00:00,4425.2001953125,4442.5,4424.5,4437.7001953125,4700.0
2026-08-10 19:00:00+00:00,4437.7998046875,4450.7001953125,4437.7998046875,4449.7001953125,3110.0
2026-08-10 19:30:00+00:00,4449.7998046875,4453.7998046875,4443.2998046875,4446.7998046875,3718.0
2026-08-10 20:00:00+00:00,4447.0,4451.10009765625,4444.7001953125,4450.2001953125,1007.0
2026-08-10 20:30:00+00:00,4450.2998046875,4451.2998046875,4447.60009765625,4448.60009765625,743.0
2026-08-10 22:00:00+00:00,4446.89990234375,4452.60009765625,4443.2001953125,4451.0,373.0
2026-08-10 22:30:00+00:00,4451.2998046875,4460.39990234375,4451.2998046875,4459.0,1190.0
2026-08-10 23:00:00+00:00,4459.10009765625,4461.60009765625,4453.89990234375,4455.10009765625,1214.0
2026-08-10 23:30:00+00:00,4454.89990234375,4462.39990234375,4454.39990234375,4462.10009765625,883.0
2026-08-11 00:00:00+00:00,4462.2998046875,4475.5,4456.0,4473.5,3092.0
2026-08-11 00:30:00+00:00,4473.10009765625,4478.60009765625,4466.5,4468.5,2273.0
2026-08-11 01:00:00+00:00,4469.0,4480.0,4453.0,4479.2001953125,4634.0
2026-08-11 01:30:00+00:00,4479.39990234375,4493.7001953125,4474.60009765625,4489.2001953125,3963.0
2026-08-11 02:00:00+00:00,4489.2001953125,4495.0,4481.0,4488.5,3505.0
2026-08-11 02:30:00+00:00,4488.2001953125,4489.10009765625,4468.0,4470.7998046875,2799.0
2026-08-11 03:00:00+00:00,4470.7001953125,4480.7998046875,4469.60009765625,4480.0,1271.0
2026-08-11 03:30:00+00:00,4480.2998046875,4481.39990234375,4473.7001953125,4477.0,963.0
2026-08-11 04:00:00+00:00,4476.5,4479.2001953125,4469.7001953125,4474.89990234375,1372.0
2026-08-11 04:30:00+00:00,4474.60009765625,4480.2998046875,4463.2998046875,4468.7001953125,2494.0
2026-08-11 05:00:00+00:00,4468.7998046875,4468.89990234375,4450.0,4451.7998046875,2432.0
2026-08-11 05:30:00+00:00,4451.60009765625,4451.60009765625,4427.10009765625,4435.2001953125,6327.0
2026-08-11 06:00:00+00:00,4434.7001953125,4442.0,4421.0,4422.89990234375,4451.0
2026-08-11 06:30:00+00:00,4422.7998046875,4428.60009765625,4418.7001953125,4425.2998046875,2880.0
2026-08-11 07:00:00+00:00,4425.2001953125,4426.5,4416.60009765625,4422.2001953125,2262.0
2026-08-11 07:30:00+00:00,4422.5,4424.10009765625,4415.7001953125,4416.60009765625,1770.0
2026-08-11 08:00:00+00:00,4417.10009765625,4428.39990234375,4416.10009765625,4427.7001953125,2617.0
2026-08-11 08:30:00+00:00,4427.5,4435.5,4427.39990234375,4428.10009765625,2685.0
2026-08-11 09:00:00+00:00,4428.0,4434.39990234375,4426.10009765625,4430.2998046875,1972.0
2026-08-11 09:30:00+00:00,4430.5,4433.89990234375,4428.7998046875,4431.39990234375,1649.0
2026-08-11 10:00:00+00:00,4431.2998046875,4441.0,4430.0,4437.2998046875,1705.0
2026-08-11 10:30:00+00:00,4437.2998046875,4441.2001953125,4435.5,4441.2001953125,1671.0
2026-08-11 11:00:00+00:00,4441.10009765625,4451.7998046875,4439.10009765625,4445.7001953125,4144.0
2026-08-11 11:30:00+00:00,4445.89990234375,4448.10009765625,4441.39990234375,4446.10009765625,2146.0
2026-08-11 12:00:00+00:00,4446.2001953125,4458.39990234375,4442.2001953125,4449.2001953125,6110.0
2026-08-11 12:30:00+00:00,4449.7001953125,4458.7998046875,4446.7998046875,4450.60009765625,4751.0
2026-08-11 13:00:00+00:00,4450.7001953125,4459.89990234375,4448.39990234375,4456.7998046875,4404.0
2026-08-11 13:30:00+00:00,4457.2001953125,4463.2998046875,4442.89990234375,4448.2001953125,7395.0
2026-08-11 14:00:00+00:00,4448.2001953125,4449.2998046875,4439.89990234375,4443.10009765625,5949.0
2026-08-11 14:30:00+00:00,4443.0,4457.39990234375,4443.0,4453.60009765625,4231.0
2026-08-11 15:00:00+00:00,4453.60009765625,4458.2001953125,4440.89990234375,4445.7998046875,4925.0
2026-08-11 15:30:00+00:00,4445.5,4445.7998046875,4428.2001953125,4443.2001953125,5355.0
2026-08-11 16:00:00+00:00,4443.5,4444.39990234375,4438.2001953125,4442.39990234375,1671.0
2026-08-11 16:30:00+00:00,4442.60009765625,4445.2998046875,4438.89990234375,4443.10009765625,1641.0
2026-08-11 17:00:00+00:00,4443.2998046875,4445.7001953125,4438.2998046875,4440.7998046875,3855.0
2026-08-11 17:30:00+00:00,4440.60009765625,4441.5,4428.2001953125,4428.2998046875,2705.0
2026-08-11 18:00:00+00:00,4428.5,4428.7001953125,4419.7001953125,4420.5,4033.0
2026-08-11 18:30:00+00:00,4420.39990234375,4431.89990234375,4420.2998046875,4430.39990234375,1748.0
2026-08-11 19:00:00+00:00,4430.39990234375,4431.2001953125,4420.0,4429.7001953125,3830.0
2026-08-11 19:30:00+00:00,4429.7998046875,4433.60009765625,4425.60009765625,4429.7001953125,2246.0
2026-08-11 20:00:00+00:00,4429.2998046875,4430.0,4426.5,4429.2998046875,603.0
2026-08-11 20:30:00+00:00,4429.5,4429.5,4426.10009765625,4427.7998046875,302.0
2026-08-11 22:00:00+00:00,4430.0,4435.2001953125,4427.7998046875,4434.89990234375,868.0
2026-08-11 22:30:00+00:00,4434.89990234375,4437.7998046875,4426.10009765625,4427.89990234375,2224.0
2026-08-11 23:00:00+00:00,4428.7001953125,4433.0,4421.39990234375,4431.60009765625,2746.0
2026-08-11 23:30:00+00:00,4431.5,4431.60009765625,4425.60009765625,4430.39990234375,716.0
2026-08-12 00:00:00+00:00,4430.60009765625,4440.5,4426.0,4440.0,1262.0
2026-08-12 00:30:00+00:00,4440.5,4442.89990234375,4437.2001953125,4440.2001953125,1097.0
2026-08-12 01:00:00+00:00,4440.2998046875,4454.0,4438.0,4450.0,2587.0
2026-08-12 01:30:00+00:00,4450.10009765625,4456.89990234375,4444.7001953125,4456.2001953125,2150.0
2026-08-12 02:00:00+00:00,4456.10009765625,4464.0,4453.89990234375,4461.5,2602.0
2026-08-12 02:30:00+00:00,4461.2998046875,4474.2001953125,4456.7001953125,4470.7998046875,3259.0
2026-08-12 03:00:00+00:00,4471.10009765625,4475.7001953125,4464.5,4467.10009765625,2268.0
2026-08-12 03:30:00+00:00,4468.2998046875,4468.7998046875,4460.60009765625,4461.7998046875,1344.0
2026-08-12 04:00:00+00:00,4462.39990234375,4463.10009765625,4455.39990234375,4459.10009765625,1177.0
2026-08-12 04:30:00+00:00,4459.2998046875,4462.39990234375,4455.2998046875,4461.0,1162.0
2026-08-12 05:00:00+00:00,4460.89990234375,4465.10009765625,4451.89990234375,4452.39990234375,2003.0
2026-08-12 05:30:00+00:00,4452.2001953125,4456.7001953125,4444.0,4451.0,2536.0
2026-08-12 06:00:00+00:00,4450.89990234375,4452.89990234375,4445.2998046875,4449.60009765625,1570.0
2026-08-12 06:30:00+00:00,4449.89990234375,4466.10009765625,4448.5,4463.2001953125,2984.0
2026-08-12 07:00:00+00:00,4463.0,4465.7001953125,4457.39990234375,4461.7001953125,2065.0
2026-08-12 07:30:00+00:00,4461.7001953125,4469.5,4460.7998046875,4465.89990234375,2372.0
2026-08-12 08:00:00+00:00,4465.89990234375,4470.10009765625,4465.0,4466.60009765625,1590.0
2026-08-12 08:30:00+00:00,4466.39990234375,4466.89990234375,4460.60009765625,4460.60009765625,1243.0
2026-08-12 09:00:00+00:00,4460.89990234375,4484.2001953125,4460.89990234375,4472.7001953125,3947.0
2026-08-12 09:30:00+00:00,4472.7001953125,4476.7998046875,4470.0,4475.39990234375,2717.0
2026-08-12 10:00:00+00:00,4475.5,4480.39990234375,4474.10009765625,4479.2001953125,1833.0
2026-08-12 10:30:00+00:00,4479.2001953125,4479.2001953125,4465.89990234375,4472.0,2277.0
2026-08-12 11:00:00+00:00,4472.2998046875,4476.60009765625,4467.2001953125,4474.60009765625,2403.0
2026-08-12 11:30:00+00:00,4474.89990234375,4475.7001953125,4469.89990234375,4472.39990234375,1714.0
2026-08-12 12:00:00+00:00,4472.39990234375,4487.7001953125,4463.5,4487.7001953125,5256.0
2026-08-12 12:30:00+00:00,4488.0,4499.2998046875,4440.0,4498.2001953125,20339.0
2026-08-12 13:00:00+00:00,4497.7998046875,4502.7001953125,4474.39990234375,4478.2001953125,8497.0
2026-08-12 13:30:00+00:00,4478.39990234375,4494.0,4468.0,4487.39990234375,9886.0
2026-08-12 14:00:00+00:00,4487.5,4499.7998046875,4480.39990234375,4491.5,6748.0
2026-08-12 14:30:00+00:00,4491.2998046875,4496.0,4475.7998046875,4481.39990234375,8215.0
2026-08-12 15:00:00+00:00,4481.2001953125,4489.5,4474.0,4481.2001953125,3971.0
2026-08-12 15:30:00+00:00,4481.10009765625,4485.0,4470.2001953125,4480.39990234375,3555.0
2026-08-12 16:00:00+00:00,4480.2001953125,4486.2001953125,4476.39990234375,4483.0,3020.0
2026-08-12 16:30:00+00:00,4483.10009765625,4483.7001953125,4455.89990234375,4461.7001953125,6081.0
2026-08-12 17:00:00+00:00,4461.7001953125,4470.0,4460.10009765625,4466.7001953125,4760.0
2026-08-12 17:30:00+00:00,4466.7998046875,4471.7001953125,4459.0,4459.60009765625,2846.0
2026-08-12 18:00:00+00:00,4459.2998046875,4471.39990234375,4456.0,4468.39990234375,1653.0
2026-08-12 18:30:00+00:00,4468.39990234375,4478.10009765625,4467.89990234375,4473.2001953125,2197.0
2026-08-12 19:00:00+00:00,4473.2001953125,4478.2998046875,4473.0,4476.60009765625,894.0
2026-08-12 19:30:00+00:00,4476.5,4476.5,4468.5,4473.89990234375,1803.0
2026-08-12 20:00:00+00:00,4473.7001953125,4474.2998046875,4466.7001953125,4467.7998046875,676.0
2026-08-12 20:30:00+00:00,4467.89990234375,4469.10009765625,4466.7001953125,4469.0,664.0
2026-08-12 22:00:00+00:00,4468.7998046875,4470.2998046875,4456.5,4457.5,681.0
2026-08-12 22:30:00+00:00,4457.5,4461.2001953125,4456.89990234375,4459.89990234375,423.0
2026-08-12 23:00:00+00:00,4460.10009765625,4468.39990234375,4459.89990234375,4466.7998046875,715.0
2026-08-12 23:30:00+00:00,4467.39990234375,4473.2001953125,4465.7001953125,4473.10009765625,637.0
2026-08-13 00:00:00+00:00,4473.2001953125,4496.60009765625,4471.89990234375,4487.39990234375,3389.0
2026-08-13 00:30:00+00:00,4487.60009765625,4509.10009765625,4482.7001953125,4486.89990234375,5668.0
2026-08-13 01:00:00+00:00,4486.7001953125,4494.10009765625,4477.7001953125,4478.0,3012.0
2026-08-13 01:30:00+00:00,4477.7001953125,4489.0,4464.7001953125,4467.0,3167.0
2026-08-13 02:00:00+00:00,4466.7998046875,4472.60009765625,4463.7998046875,4464.7001953125,1769.0
2026-08-13 02:30:00+00:00,4464.2998046875,4469.2998046875,4457.0,4465.7001953125,1876.0
2026-08-13 03:00:00+00:00,4465.7998046875,4470.7001953125,4462.60009765625,4467.7998046875,950.0
2026-08-13 03:30:00+00:00,4467.5,4468.7998046875,4458.0,4458.2998046875,1780.0
2026-08-13 04:00:00+00:00,4458.7001953125,4458.7001953125,4449.39990234375,4456.2001953125,2998.0
2026-08-13 04:30:00+00:00,4456.2001953125,4457.5,4452.7998046875,4455.5,704.0
2026-08-13 05:00:00+00:00,4455.2001953125,4465.2001953125,4450.7001953125,4464.39990234375,2339.0
2026-08-13 05:30:00+00:00,4464.39990234375,4465.2001953125,4437.2001953125,4440.39990234375,4047.0
2026-08-13 06:00:00+00:00,4440.2998046875,4443.0,4431.60009765625,4432.7001953125,3434.0
2026-08-13 06:30:00+00:00,4433.10009765625,4438.39990234375,4425.60009765625,4437.7001953125,2911.0
2026-08-13 07:00:00+00:00,4437.7998046875,4438.60009765625,4430.39990234375,4433.10009765625,1813.0
2026-08-13 07:30:00+00:00,4432.7998046875,4435.7001953125,4425.7998046875,4426.39990234375,2864.0
2026-08-13 08:00:00+00:00,4426.39990234375,4430.0,4420.2998046875,4429.2001953125,3103.0
2026-08-13 08:30:00+00:00,4429.0,4435.7001953125,4428.10009765625,4432.39990234375,1412.0
2026-08-13 09:00:00+00:00,4432.2998046875,4438.89990234375,4428.60009765625,4436.39990234375,1787.0
2026-08-13 09:30:00+00:00,4436.5,4441.89990234375,4435.10009765625,4441.7998046875,1615.0
2026-08-13 10:00:00+00:00,4441.89990234375,4445.2001953125,4438.7998046875,4444.60009765625,1473.0
2026-08-13 10:30:00+00:00,4444.7998046875,4451.5,4442.2998046875,4449.89990234375,1688.0
2026-08-13 11:00:00+00:00,4449.60009765625,4454.2001953125,4445.2998046875,4445.39990234375,2073.0
2026-08-13 11:30:00+00:00,4445.7001953125,4447.2998046875,4439.60009765625,4444.39990234375,2873.0
2026-08-13 12:00:00+00:00,4444.5,4450.39990234375,4441.0,4447.7998046875,2308.0
2026-08-13 12:30:00+00:00,4447.39990234375,4460.0,4437.10009765625,4458.89990234375,6818.0
2026-08-13 13:00:00+00:00,4458.5,4459.0,4440.60009765625,4441.7001953125,4831.0
2026-08-13 13:30:00+00:00,4441.7001953125,4446.39990234375,4427.10009765625,4429.10009765625,7539.0
2026-08-13 14:00:00+00:00,4429.2998046875,4435.89990234375,4424.0,4425.2998046875,6604.0
2026-08-13 14:30:00+00:00,4425.0,4444.7001953125,4408.7998046875,4440.89990234375,8234.0
2026-08-13 15:00:00+00:00,4441.2001953125,4443.10009765625,4419.89990234375,4421.7998046875,5387.0
2026-08-13 15:30:00+00:00,4421.89990234375,4428.39990234375,4413.60009765625,4422.39990234375,4313.0
2026-08-13 16:00:00+00:00,4422.2998046875,4424.7001953125,4407.5,4419.39990234375,5542.0
2026-08-13 16:30:00+00:00,4419.2001953125,4425.60009765625,4419.0,4424.2001953125,2940.0
2026-08-13 17:00:00+00:00,4424.2998046875,4430.60009765625,4419.10009765625,4420.0,4504.0
2026-08-13 17:30:00+00:00,4420.2001953125,4421.2998046875,4412.0,4412.39990234375,2865.0
2026-08-13 18:00:00+00:00,4412.60009765625,4420.5,4411.60009765625,4414.2998046875,2294.0
2026-08-13 18:30:00+00:00,4414.2998046875,4417.2998046875,4411.39990234375,4413.60009765625,1225.0
2026-08-13 19:00:00+00:00,4414.0,4415.5,4400.0,4407.89990234375,3001.0
2026-08-13 19:30:00+00:00,4407.7001953125,4410.89990234375,4403.89990234375,4406.2001953125,1654.0
2026-08-13 20:00:00+00:00,4406.2001953125,4408.39990234375,4402.89990234375,4407.60009765625,985.0
2026-08-13 20:30:00+00:00,4407.60009765625,4408.0,4404.2001953125,4407.10009765625,928.0
2026-08-13 22:00:00+00:00,4408.2001953125,4413.2998046875,4406.60009765625,4412.7001953125,934.0
2026-08-13 22:30:00+00:00,4412.39990234375,4418.39990234375,4409.2001953125,4410.2998046875,2458.0
2026-08-13 23:00:00+00:00,4411.5,4418.2001953125,4405.10009765625,4418.2001953125,2400.0
2026-08-13 23:30:00+00:00,4418.39990234375,4419.39990234375,4411.60009765625,4411.7998046875,1112.0
2026-08-14 00:00:00+00:00,4411.60009765625,4417.39990234375,4395.10009765625,4395.7998046875,2155.0
2026-08-14 00:30:00+00:00,4395.5,4402.60009765625,4385.10009765625,4396.39990234375,3573.0
2026-08-14 01:00:00+00:00,4396.2001953125,4397.10009765625,4370.89990234375,4375.60009765625,6406.0
2026-08-14 01:30:00+00:00,4375.2998046875,4379.39990234375,4367.5,4373.7001953125,3100.0
2026-08-14 02:00:00+00:00,4373.7001953125,4378.0,4365.5,4367.60009765625,2662.0
2026-08-14 02:30:00+00:00,4367.39990234375,4378.0,4366.89990234375,4370.7001953125,2320.0
2026-08-14 03:00:00+00:00,4370.7001953125,4381.2001953125,4368.89990234375,4380.7998046875,1468.0
2026-08-14 03:30:00+00:00,4380.89990234375,4383.7998046875,4379.0,4379.60009765625,1083.0
2026-08-14 04:00:00+00:00,4379.2001953125,4384.60009765625,4378.2998046875,4380.2001953125,1035.0
2026-08-14 04:30:00+00:00,4380.7001953125,4382.0,4378.2998046875,4382.0,765.0
2026-08-14 05:00:00+00:00,4382.2001953125,4382.2001953125,4371.89990234375,4373.2998046875,1004.0
2026-08-14 05:30:00+00:00,4372.89990234375,4389.5,4365.60009765625,4389.5,3327.0
2026-08-14 06:00:00+00:00,4389.60009765625,4392.60009765625,4384.2001953125,4385.2998046875,1858.0
2026-08-14 06:30:00+00:00,4385.10009765625,4392.2001953125,4383.60009765625,4391.60009765625,1208.0
2026-08-14 07:00:00+00:00,4391.39990234375,4393.2998046875,4385.7001953125,4387.7998046875,1626.0
2026-08-14 07:30:00+00:00,4388.0,4401.60009765625,4387.2998046875,4399.7998046875,2107.0
2026-08-14 08:00:00+00:00,4399.7998046875,4405.2998046875,4398.10009765625,4401.7998046875,2101.0
2026-08-14 08:30:00+00:00,4401.7998046875,4405.7001953125,4398.7998046875,4404.7001953125,1507.0
2026-08-14 09:00:00+00:00,4404.5,4410.0,4402.0,4407.39990234375,1813.0
2026-08-14 09:30:00+00:00,4407.7001953125,4413.7998046875,4406.10009765625,4413.60009765625,2109.0
2026-08-14 10:00:00+00:00,4413.60009765625,4415.10009765625,4406.0,4407.2998046875,2548.0
2026-08-14 10:30:00+00:00,4407.5,4409.7001953125,4403.7001953125,4405.5,1645.0
2026-08-14 11:00:00+00:00,4405.5,4413.39990234375,4404.7001953125,4413.10009765625,1290.0
2026-08-14 11:30:00+00:00,4413.10009765625,4426.0,4412.7998046875,4425.7998046875,3244.0
2026-08-14 12:00:00+00:00,4425.5,4437.5,4421.7998046875,4436.5,5583.0
2026-08-14 12:30:00+00:00,4436.89990234375,4444.0,4427.7998046875,4430.89990234375,7380.0
2026-08-14 13:00:00+00:00,4430.7001953125,4443.89990234375,4427.2998046875,4441.39990234375,5015.0
2026-08-14 13:30:00+00:00,4441.7001953125,4454.60009765625,4439.7998046875,4442.0,8270.0
2026-08-14 14:00:00+00:00,4441.60009765625,4452.2001953125,4441.2001953125,4447.89990234375,5061.0
2026-08-14 14:30:00+00:00,4448.2998046875,4448.7001953125,4436.2001953125,4438.60009765625,4520.0
2026-08-14 15:00:00+00:00,4438.7001953125,4451.7001953125,4436.39990234375,4442.2001953125,6377.0
2026-08-14 15:30:00+00:00,4442.39990234375,4452.2998046875,4441.10009765625,4449.0,3447.0
2026-08-14 16:00:00+00:00,4449.0,4454.2998046875,4443.89990234375,4444.5,2288.0
2026-08-14 16:30:00+00:00,4444.7001953125,4446.2998046875,4437.2001953125,4442.7001953125,2398.0
2026-08-14 17:00:00+00:00,4443.0,4443.39990234375,4436.60009765625,4436.89990234375,2763.0
2026-08-14 17:30:00+00:00,4436.7001953125,4440.39990234375,4433.60009765625,4435.5,1794.0
2026-08-14 18:00:00+00:00,4435.89990234375,4438.7998046875,4433.60009765625,4436.39990234375,1487.0
2026-08-14 18:30:00+00:00,4436.2001953125,4439.60009765625,4427.5,4430.2998046875,4343.0
2026-08-14 19:00:00+00:00,4430.2998046875,4434.2998046875,4428.60009765625,4433.5,1192.0
2026-08-14 19:30:00+00:00,4433.5,4435.60009765625,4428.7998046875,4431.5,1863.0
2026-08-14 20:00:00+00:00,4431.39990234375,4431.5,4426.89990234375,4430.0,1298.0
2026-08-14 20:30:00+00:00,4429.89990234375,4432.39990234375,4428.89990234375,4432.10009765625,572.0
2026-08-14 21:00:00+00:00,4432.0,4437.2998046875,4432.0,4437.2998046875,1.0
2026-08-16 22:00:00+00:00,4433.7001953125,4436.0,4429.2998046875,4430.60009765625,592.0
2026-08-16 22:30:00+00:00,4430.7998046875,4442.5,4430.7998046875,4441.60009765625,1023.0
2026-08-16 23:00:00+00:00,4441.7998046875,4441.89990234375,4428.10009765625,4430.10009765625,1200.0
2026-08-16 23:30:00+00:00,4430.2001953125,4431.0,4422.2998046875,4425.5,1416.0
2026-08-17 00:00:00+00:00,4426.0,4446.89990234375,4423.5,4445.7001953125,2185.0
2026-08-17 00:30:00+00:00,4445.7998046875,4459.39990234375,4443.5,4457.2998046875,2903.0
2026-08-17 01:00:00+00:00,4457.10009765625,4473.2001953125,4456.10009765625,4463.7998046875,4009.0
2026-08-17 01:30:00+00:00,4463.7998046875,4464.7998046875,4448.60009765625,4452.0,3203.0
2026-08-17 02:00:00+00:00,4451.89990234375,4454.5,4446.5,4451.39990234375,1637.0
2026-08-17 02:30:00+00:00,4452.2998046875,4454.7001953125,4444.89990234375,4449.7998046875,1397.0
2026-08-17 03:00:00+00:00,4450.2001953125,4451.7998046875,4444.5,4449.2998046875,885.0
2026-08-17 03:30:00+00:00,4449.39990234375,4453.7998046875,4447.2001953125,4453.7001953125,1016.0
2026-08-17 04:00:00+00:00,4453.5,4456.2998046875,4446.60009765625,4447.89990234375,1256.0
2026-08-17 04:30:00+00:00,4447.5,4454.60009765625,4445.5,4447.10009765625,1007.0
2026-08-17 05:00:00+00:00,4447.2998046875,4456.0,4443.39990234375,4456.0,1577.0
2026-08-17 05:30:00+00:00,4456.2998046875,4457.7001953125,4449.0,4451.2998046875,1689.0
2026-08-17 06:00:00+00:00,4451.60009765625,4456.2998046875,4449.10009765625,4455.0,1799.0
2026-08-17 06:30:00+00:00,4454.5,4460.7001953125,4449.7001953125,4459.2998046875,1991.0
2026-08-17 07:00:00+00:00,4459.0,4461.60009765625,4452.2001953125,4461.2001953125,2289.0
2026-08-17 07:30:00+00:00,4461.2998046875,4467.89990234375,4460.0,4461.5,2491.0
2026-08-17 08:00:00+00:00,4461.7998046875,4461.7998046875,4454.10009765625,4458.0,1677.0
2026-08-17 08:30:00+00:00,4458.0,4458.39990234375,4448.7998046875,4451.10009765625,1132.0
2026-08-17 09:00:00+00:00,4451.2998046875,4457.0,4449.5,4453.10009765625,1461.0
2026-08-17 09:30:00+00:00,4453.2001953125,4453.7001953125,4449.2001953125,4452.39990234375,1718.0
2026-08-17 10:00:00+00:00,4452.39990234375,4462.2998046875,4445.7001953125,4461.60009765625,2675.0
2026-08-17 10:30:00+00:00,4461.60009765625,4462.60009765625,4452.10009765625,4455.7998046875,2106.0
2026-08-17 11:00:00+00:00,4455.89990234375,4461.5,4453.7001953125,4460.2998046875,1845.0
2026-08-17 11:30:00+00:00,4460.39990234375,4461.7998046875,4451.7998046875,4453.39990234375,1924.0
2026-08-17 12:00:00+00:00,4453.10009765625,4455.39990234375,4437.5,4441.7001953125,4399.0
2026-08-17 12:30:00+00:00,4442.2998046875,4446.7998046875,4433.39990234375,4441.39990234375,4776.0
2026-08-17 13:00:00+00:00,4441.7001953125,4446.2001953125,4438.10009765625,4442.60009765625,3169.0
2026-08-17 13:30:00+00:00,4442.7998046875,4473.0,4440.89990234375,4465.2998046875,7449.0
2026-08-17 14:00:00+00:00,4465.2998046875,4484.89990234375,4460.39990234375,4475.39990234375,11876.0
2026-08-17 14:30:00+00:00,4475.60009765625,4481.7998046875,4471.39990234375,4474.5,3797.0
2026-08-17 15:00:00+00:00,4474.60009765625,4483.39990234375,4471.7998046875,4482.7001953125,2879.0
2026-08-17 15:30:00+00:00,4482.7998046875,4485.2998046875,4474.7998046875,4484.7998046875,3442.0
2026-08-17 16:00:00+00:00,4485.0,4486.5,4480.2998046875,4482.2998046875,2749.0
2026-08-17 16:30:00+00:00,4482.39990234375,4484.5,4479.7001953125,4481.5,1947.0
2026-08-17 17:00:00+00:00,4481.7001953125,4483.7001953125,4470.7998046875,4474.0,4088.0
2026-08-17 17:30:00+00:00,4474.0,4478.2001953125,4468.2001953125,4471.0,3203.0
2026-08-17 18:00:00+00:00,4471.2998046875,4474.0,4461.5,4463.2001953125,4506.0
2026-08-17 18:30:00+00:00,4463.2998046875,4463.7998046875,4454.5,4463.10009765625,3441.0
2026-08-17 19:00:00+00:00,4462.89990234375,4473.60009765625,4456.60009765625,4470.60009765625,2819.0
2026-08-17 19:30:00+00:00,4470.89990234375,4477.0,4470.39990234375,4475.7001953125,1811.0
2026-08-17 20:00:00+00:00,4475.89990234375,4477.5,4471.39990234375,4471.39990234375,611.0
2026-08-17 20:30:00+00:00,4471.60009765625,4474.0,4471.10009765625,4473.10009765625,456.0
2026-08-17 22:00:00+00:00,4473.39990234375,4475.89990234375,4468.2998046875,4468.89990234375,608.0
2026-08-17 22:30:00+00:00,4468.39990234375,4472.39990234375,4466.5,4467.89990234375,905.0
2026-08-17 23:00:00+00:00,4468.0,4478.10009765625,4466.0,4476.60009765625,1227.0
2026-08-17 23:30:00+00:00,4476.2998046875,4482.10009765625,4476.2998046875,4482.0,945.0
2026-08-18 00:00:00+00:00,4482.2998046875,4488.2001953125,4475.0,4487.7001953125,2782.0
2026-08-18 00:30:00+00:00,4487.7998046875,4491.7001953125,4484.5,4491.2001953125,1600.0
2026-08-18 01:00:00+00:00,4491.60009765625,4493.10009765625,4476.60009765625,4481.5,2953.0
2026-08-18 01:30:00+00:00,4481.5,4482.60009765625,4460.89990234375,4464.60009765625,2760.0
2026-08-18 02:00:00+00:00,4464.60009765625,4464.89990234375,4454.7998046875,4458.7001953125,2195.0
2026-08-18 02:30:00+00:00,4458.7998046875,4458.89990234375,4450.0,4456.10009765625,2586.0
2026-08-18 03:00:00+00:00,4456.10009765625,4460.5,4450.0,4453.2998046875,1874.0
2026-08-18 03:30:00+00:00,4452.7998046875,4453.2998046875,4446.2998046875,4448.10009765625,1139.0
2026-08-18 04:00:00+00:00,4447.39990234375,4449.2001953125,4445.39990234375,4448.10009765625,1154.0
2026-08-18 04:30:00+00:00,4448.2001953125,4450.89990234375,4444.0,4448.89990234375,1515.0
2026-08-18 05:00:00+00:00,4448.7001953125,4451.60009765625,4446.39990234375,4446.60009765625,906.0
2026-08-18 05:30:00+00:00,4446.39990234375,4453.2001953125,4441.39990234375,4450.2001953125,2189.0
2026-08-18 06:00:00+00:00,4449.39990234375,4455.10009765625,4443.2001953125,4454.89990234375,2437.0
2026-08-18 06:30:00+00:00,4454.7001953125,4455.60009765625,4450.5,4454.10009765625,1344.0
2026-08-18 07:00:00+00:00,4454.2998046875,4459.39990234375,4452.39990234375,4459.0,1890.0
2026-08-18 07:30:00+00:00,4459.10009765625,4459.5,4451.2001953125,4451.2001953125,1523.0
2026-08-18 08:00:00+00:00,4451.60009765625,4451.89990234375,4442.39990234375,4444.89990234375,2536.0
2026-08-18 08:30:00+00:00,4444.89990234375,4454.2001953125,4444.89990234375,4448.89990234375,1514.0
2026-08-18 09:00:00+00:00,4448.7998046875,4449.39990234375,4444.2001953125,4444.89990234375,1053.0
2026-08-18 09:30:00+00:00,4444.7998046875,4451.2998046875,4443.0,4449.7001953125,1865.0
2026-08-18 10:00:00+00:00,4449.7001953125,4452.5,4446.10009765625,4448.2998046875,970.0
2026-08-18 10:30:00+00:00,4448.7001953125,4456.2001953125,4448.10009765625,4454.39990234375,1168.0
2026-08-18 11:00:00+00:00,4454.2001953125,4455.7998046875,4445.7998046875,4446.2998046875,1205.0
2026-08-18 11:30:00+00:00,4446.2998046875,4453.2998046875,4444.7998046875,4452.2998046875,1436.0
2026-08-18 12:00:00+00:00,4452.60009765625,4457.2998046875,4445.7998046875,4451.89990234375,3399.0
2026-08-18 12:30:00+00:00,4452.0,4454.7998046875,4447.10009765625,4450.7001953125,2634.0
2026-08-18 13:00:00+00:00,4450.5,4453.7001953125,4444.2001953125,4445.39990234375,5486.0
2026-08-18 13:30:00+00:00,4445.5,4463.0,4430.89990234375,4451.0,11158.0
2026-08-18 14:00:00+00:00,4450.5,4462.7998046875,4447.39990234375,4450.60009765625,6961.0
2026-08-18 14:30:00+00:00,4450.7001953125,4452.5,4419.10009765625,4422.2998046875,12059.0
2026-08-18 15:00:00+00:00,4422.60009765625,4434.10009765625,4406.7998046875,4410.60009765625,11209.0
2026-08-18 15:30:00+00:00,4410.2001953125,4421.89990234375,4409.7998046875,4420.2001953125,5438.0
2026-08-18 16:00:00+00:00,4420.2998046875,4427.0,4418.7001953125,4419.39990234375,2699.0
2026-08-18 16:30:00+00:00,4419.7001953125,4424.10009765625,4417.7998046875,4419.0,2161.0
2026-08-18 17:00:00+00:00,4419.10009765625,4423.7998046875,4418.39990234375,4420.7998046875,2469.0
2026-08-18 17:30:00+00:00,4421.0,4421.7998046875,4412.39990234375,4413.2001953125,2258.0
2026-08-18 18:00:00+00:00,4413.60009765625,4416.5,4408.0,4415.39990234375,2411.0
2026-08-18 18:30:00+00:00,4415.60009765625,4415.7998046875,4407.89990234375,4409.39990234375,1501.0
2026-08-18 19:00:00+00:00,4409.5,4413.7001953125,4407.5,4409.5,1753.0
2026-08-18 19:30:00+00:00,4409.7998046875,4412.39990234375,4392.2998046875,4400.0,5331.0
2026-08-18 20:00:00+00:00,4400.10009765625,4401.2001953125,4388.0,4392.7998046875,1546.0
2026-08-18 20:30:00+00:00,4392.7998046875,4394.60009765625,4383.2998046875,4389.5,1573.0
2026-08-18 22:00:00+00:00,4391.39990234375,4395.2998046875,4386.5,4389.39990234375,1804.0
2026-08-18 22:30:00+00:00,4389.2998046875,4389.7998046875,4385.7998046875,4386.7998046875,1017.0
2026-08-18 23:00:00+00:00,4387.2001953125,4391.5,4382.5,4383.10009765625,1638.0
2026-08-18 23:30:00+00:00,4382.89990234375,4387.0,4379.60009765625,4386.0,1716.0
2026-08-19 00:00:00+00:00,4386.10009765625,4399.39990234375,4384.60009765625,4396.2998046875,2670.0
2026-08-19 00:30:00+00:00,4396.39990234375,4401.0,4390.7001953125,4391.7998046875,2104.0
2026-08-19 01:00:00+00:00,4391.5,4400.0,4378.0,4396.10009765625,5722.0
2026-08-19 01:30:00+00:00,4396.2998046875,4411.10009765625,4396.2001953125,4410.2001953125,3164.0
2026-08-19 02:00:00+00:00,4410.0,4415.7998046875,4405.0,4413.39990234375,2935.0
2026-08-19 02:30:00+00:00,4413.39990234375,4413.89990234375,4405.0,4408.5,2061.0
2026-08-19 03:00:00+00:00,4408.39990234375,4411.7998046875,4405.2998046875,4410.7998046875,1240.0
2026-08-19 03:30:00+00:00,4411.10009765625,4414.10009765625,4409.0,4409.0,702.0
2026-08-19 04:00:00+00:00,4408.89990234375,4409.60009765625,4403.2001953125,4404.2001953125,1115.0
2026-08-19 04:30:00+00:00,4404.7998046875,4405.2998046875,4396.5,4401.7998046875,1607.0
2026-08-19 05:00:00+00:00,4401.7001953125,4404.2001953125,4390.10009765625,4398.89990234375,1913.0
2026-08-19 05:30:00+00:00,4399.10009765625,4399.2998046875,4388.2001953125,4389.0,3021.0
2026-08-19 06:00:00+00:00,4389.0,4401.89990234375,4388.7001953125,4396.2998046875,3030.0
2026-08-19 06:30:00+00:00,4396.60009765625,4403.10009765625,4390.7998046875,4402.7998046875,2566.0
2026-08-19 07:00:00+00:00,4402.7998046875,4410.7998046875,4401.10009765625,4410.5,2840.0
2026-08-19 07:30:00+00:00,4410.39990234375,4417.2001953125,4406.5,4408.2998046875,2093.0
2026-08-19 08:00:00+00:00,4408.39990234375,4416.39990234375,4404.7998046875,4414.60009765625,2567.0
2026-08-19 08:30:00+00:00,4414.2998046875,4417.2001953125,4408.7001953125,4409.7001953125,1646.0
2026-08-19 09:00:00+00:00,4409.7001953125,4413.89990234375,4407.39990234375,4410.60009765625,1548.0
2026-08-19 09:30:00+00:00,4410.7001953125,4416.39990234375,4409.5,4416.39990234375,1481.0
2026-08-19 10:00:00+00:00,4416.5,4423.7998046875,4413.7998046875,4423.2001953125,2117.0
2026-08-19 10:30:00+00:00,4423.39990234375,4424.10009765625,4420.39990234375,4422.2001953125,1166.0
2026-08-19 11:00:00+00:00,4422.39990234375,4429.10009765625,4422.2001953125,4425.7998046875,2015.0
2026-08-19 11:30:00+00:00,4425.89990234375,4426.5,4417.7001953125,4419.10009765625,2040.0
2026-08-19 12:00:00+00:00,4419.7001953125,4428.39990234375,4417.0,4424.10009765625,3266.0
2026-08-19 12:30:00+00:00,4424.2998046875,4499.7998046875,4423.39990234375,4496.2998046875,32791.0
2026-08-19 13:00:00+00:00,4496.2998046875,4521.7998046875,4480.7998046875,4516.0,23900.0
2026-08-19 13:30:00+00:00,4516.2001953125,4524.0,4500.7998046875,4517.7998046875,18349.0
2026-08-19 14:00:00+00:00,4518.0,4546.2998046875,4513.5,4544.2998046875,17477.0
2026-08-19 14:30:00+00:00,4544.39990234375,4557.60009765625,4536.89990234375,4546.7998046875,18221.0
2026-08-19 15:00:00+00:00,4547.0,4547.0,4536.5,4542.0,8798.0
2026-08-19 15:30:00+00:00,4541.89990234375,4552.7998046875,4538.5,4552.2001953125,6098.0
2026-08-19 16:00:00+00:00,4552.2001953125,4557.5,4548.5,4548.7001953125,6311.0
2026-08-19 16:30:00+00:00,4549.10009765625,4555.7001953125,4548.39990234375,4551.0,3081.0
2026-08-19 17:00:00+00:00,4551.0,4557.0,4544.0,4545.7998046875,7283.0
2026-08-19 17:30:00+00:00,4545.89990234375,4549.2001953125,4541.89990234375,4545.0,2416.0
2026-08-19 18:00:00+00:00,4544.89990234375,4554.60009765625,4531.10009765625,4533.7998046875,7893.0
2026-08-19 18:30:00+00:00,4533.89990234375,4556.0,4530.39990234375,4553.2998046875,8551.0
2026-08-19 19:00:00+00:00,4553.2998046875,4566.0,4552.2998046875,4565.10009765625,5448.0
2026-08-19 19:30:00+00:00,4565.2001953125,4569.60009765625,4559.10009765625,4568.0,5101.0
2026-08-19 20:00:00+00:00,4568.39990234375,4580.2998046875,4562.7998046875,4576.7001953125,4372.0
2026-08-19 20:30:00+00:00,4576.7001953125,4582.7998046875,4576.2001953125,4580.7001953125,1919.0
2026-08-19 22:00:00+00:00,4580.0,4583.7998046875,4576.2001953125,4578.0,827.0
2026-08-19 22:30:00+00:00,4577.7001953125,4579.2001953125,4573.5,4575.89990234375,1258.0
2026-08-19 23:00:00+00:00,4576.39990234375,4581.2001953125,4572.2998046875,4574.7998046875,1306.0
2026-08-19 23:30:00+00:00,4575.10009765625,4575.5,4568.39990234375,4569.2001953125,1248.0
2026-08-20 00:00:00+00:00,4568.7001953125,4578.60009765625,4565.7998046875,4567.7998046875,1910.0
2026-08-20 00:30:00+00:00,4566.7998046875,4570.39990234375,4560.2001953125,4562.0,2353.0
2026-08-20 01:00:00+00:00,4562.2998046875,4567.89990234375,4549.39990234375,4558.2998046875,5231.0
2026-08-20 01:30:00+00:00,4558.0,4559.0,4542.10009765625,4547.39990234375,3507.0
2026-08-20 02:00:00+00:00,4547.2998046875,4557.60009765625,4546.10009765625,4550.60009765625,2764.0
2026-08-20 02:30:00+00:00,4550.10009765625,4552.10009765625,4546.5,4548.10009765625,1631.0
2026-08-20 03:00:00+00:00,4548.2001953125,4554.5,4545.7001953125,4551.10009765625,1587.0
2026-08-20 03:30:00+00:00,4550.7998046875,4558.7998046875,4550.0,4555.7001953125,1445.0
2026-08-20 04:00:00+00:00,4556.39990234375,4556.60009765625,4547.10009765625,4547.39990234375,1668.0
2026-08-20 04:30:00+00:00,4547.2001953125,4549.10009765625,4543.39990234375,4546.10009765625,1287.0
2026-08-20 05:00:00+00:00,4546.0,4551.39990234375,4540.0,4540.5,1718.0
2026-08-20 05:30:00+00:00,4540.0,4543.10009765625,4534.7998046875,4538.5,2088.0
2026-08-20 06:00:00+00:00,4538.60009765625,4553.5,4537.2001953125,4551.2998046875,3730.0
2026-08-20 06:30:00+00:00,4551.2998046875,4553.0,4548.5,4550.7998046875,2294.0
2026-08-20 07:00:00+00:00,4550.60009765625,4551.0,4540.10009765625,4540.5,2336.0
2026-08-20 07:30:00+00:00,4540.7998046875,4552.7001953125,4540.10009765625,4547.60009765625,2537.0
2026-08-20 08:00:00+00:00,4547.89990234375,4555.89990234375,4547.0,4548.60009765625,3233.0
2026-08-20 08:30:00+00:00,4548.10009765625,4552.39990234375,4543.89990234375,4546.10009765625,2297.0
2026-08-20 09:00:00+00:00,4546.2001953125,4551.0,4544.7001953125,4546.7998046875,1816.0
2026-08-20 09:30:00+00:00,4546.60009765625,4547.2001953125,4538.2001953125,4538.89990234375,2744.0
2026-08-20 10:00:00+00:00,4539.10009765625,4550.5,4537.0,4550.2001953125,2629.0
2026-08-20 10:30:00+00:00,4550.2998046875,4552.5,4543.7998046875,4546.39990234375,1542.0
2026-08-20 11:00:00+00:00,4546.7001953125,4547.89990234375,4537.60009765625,4540.7998046875,3621.0
2026-08-20 11:30:00+00:00,4541.10009765625,4543.2001953125,4521.2001953125,4523.10009765625,7048.0
2026-08-20 12:00:00+00:00,4523.2998046875,4523.39990234375,4506.2001953125,4514.2998046875,10142.0
2026-08-20 12:30:00+00:00,4514.89990234375,4532.2998046875,4506.0,4529.7001953125,7381.0
2026-08-20 13:00:00+00:00,4529.7998046875,4539.60009765625,4525.0,4526.7001953125,5715.0
2026-08-20 13:30:00+00:00,4526.7998046875,4544.39990234375,4524.10009765625,4537.0,10236.0
2026-08-20 14:00:00+00:00,4536.7998046875,4549.89990234375,4535.7998046875,4547.39990234375,9317.0
2026-08-20 14:30:00+00:00,4547.60009765625,4572.0,4547.5,4571.7001953125,9642.0
2026-08-20 15:00:00+00:00,4571.7998046875,4597.10009765625,4570.7001953125,4588.60009765625,23396.0
2026-08-20 15:30:00+00:00,4588.39990234375,4590.0,4563.5,4577.2998046875,9406.0
2026-08-20 16:00:00+00:00,4577.5,4580.7001953125,4561.39990234375,4565.60009765625,4194.0
2026-08-20 16:30:00+00:00,4565.89990234375,4570.60009765625,4559.2001953125,4566.7001953125,4280.0
2026-08-20 17:00:00+00:00,4566.7001953125,4573.39990234375,4564.10009765625,4569.60009765625,4678.0
2026-08-20 17:30:00+00:00,4569.60009765625,4576.89990234375,4567.2998046875,4576.0,2018.0
2026-08-20 18:00:00+00:00,4576.0,4578.7998046875,4564.7001953125,4575.89990234375,3274.0
2026-08-20 18:30:00+00:00,4575.2998046875,4581.7001953125,4574.10009765625,4578.5,2266.0
2026-08-20 19:00:00+00:00,4578.2998046875,4585.89990234375,4574.7001953125,4579.2001953125,1833.0
2026-08-20 19:30:00+00:00,4579.0,4588.0,4578.2001953125,4584.89990234375,2358.0
2026-08-20 20:00:00+00:00,4584.5,4585.2001953125,4576.7001953125,4577.10009765625,1087.0
2026-08-20 20:30:00+00:00,4577.10009765625,4577.2998046875,4573.0,4575.10009765625,939.0
2026-08-20 22:00:00+00:00,4577.0,4577.7001953125,4571.0,4575.39990234375,606.0
2026-08-20 22:30:00+00:00,4575.60009765625,4580.2001953125,4574.39990234375,4580.2001953125,1296.0
2026-08-20 23:00:00+00:00,4579.89990234375,4589.0,4578.5,4583.2001953125,2345.0
2026-08-20 23:30:00+00:00,4582.89990234375,4584.5,4577.10009765625,4582.2001953125,1095.0
2026-08-21 00:00:00+00:00,4582.2998046875,4583.7001953125,4570.39990234375,4571.39990234375,1660.0
2026-08-21 00:30:00+00:00,4571.89990234375,4573.89990234375,4566.2998046875,4567.2001953125,1466.0
2026-08-21 01:00:00+00:00,4567.2001953125,4587.2998046875,4565.5,4586.39990234375,3006.0
2026-08-21 01:30:00+00:00,4585.89990234375,4600.2998046875,4579.7998046875,4587.0,4135.0
2026-08-21 02:00:00+00:00,4586.7998046875,4587.5,4574.0,4583.2998046875,3000.0
2026-08-21 02:30:00+00:00,4583.89990234375,4599.2001953125,4581.2998046875,4590.0,2560.0
2026-08-21 03:00:00+00:00,4590.0,4594.7001953125,4585.7001953125,4585.89990234375,1208.0
2026-08-21 03:30:00+00:00,4585.89990234375,4591.7998046875,4582.60009765625,4590.89990234375,1257.0
2026-08-21 04:00:00+00:00,4591.5,4603.89990234375,4591.2001953125,4603.2001953125,2667.0
2026-08-21 04:30:00+00:00,4603.39990234375,4604.39990234375,4596.2998046875,4596.7998046875,1366.0
2026-08-21 05:00:00+00:00,4596.39990234375,4596.89990234375,4586.7001953125,4586.7001953125,2158.0
2026-08-21 05:30:00+00:00,4586.5,4612.39990234375,4585.39990234375,4610.10009765625,3750.0
2026-08-21 06:00:00+00:00,4609.89990234375,4615.10009765625,4601.7998046875,4612.2001953125,4114.0
2026-08-21 06:30:00+00:00,4612.0,4624.7001953125,4611.2998046875,4617.89990234375,5018.0
2026-08-21 07:00:00+00:00,4617.7998046875,4624.7998046875,4615.39990234375,4618.60009765625,3523.0
2026-08-21 07:30:00+00:00,4618.5,4625.0,4617.0,4621.0,2367.0
2026-08-21 08:00:00+00:00,4621.39990234375,4638.89990234375,4615.7998046875,4636.7001953125,6288.0
2026-08-21 08:30:00+00:00,4636.7001953125,4642.0,4633.5,4641.0,4050.0
2026-08-21 09:00:00+00:00,4641.10009765625,4659.39990234375,4638.2998046875,4639.60009765625,9578.0
2026-08-21 09:30:00+00:00,4639.2998046875,4644.2998046875,4637.60009765625,4639.7001953125,4258.0
2026-08-21 10:00:00+00:00,4639.39990234375,4646.39990234375,4634.5,4645.60009765625,4595.0
2026-08-21 10:30:00+00:00,4645.7998046875,4651.60009765625,4642.7001953125,4645.7998046875,2686.0
2026-08-21 11:00:00+00:00,4645.5,4659.2998046875,4644.2998046875,4655.7001953125,3879.0
2026-08-21 11:30:00+00:00,4655.89990234375,4661.7001953125,4650.2998046875,4654.39990234375,4071.0
2026-08-21 12:00:00+00:00,4654.7001953125,4659.10009765625,4638.0,4642.2001953125,8080.0
2026-08-21 12:30:00+00:00,4642.0,4642.0,4620.5,4634.7001953125,10110.0
2026-08-21 13:00:00+00:00,4634.60009765625,4644.7001953125,4632.5,4641.10009765625,4784.0
2026-08-21 13:30:00+00:00,4640.89990234375,4650.2001953125,4630.0,4638.2998046875,10276.0
2026-08-21 14:00:00+00:00,4638.10009765625,4659.7998046875,4637.0,4659.5,8074.0
2026-08-21 14:30:00+00:00,4659.7001953125,4660.2001953125,4636.5,4648.10009765625,9802.0
2026-08-21 15:00:00+00:00,4648.5,4665.5,4644.10009765625,4660.2998046875,7257.0
2026-08-21 15:30:00+00:00,4660.2998046875,4673.0,4657.0,4672.0,6123.0
2026-08-21 16:00:00+00:00,4672.10009765625,4678.39990234375,4666.2998046875,4671.60009765625,5237.0
2026-08-21 16:30:00+00:00,4671.7001953125,4687.2001953125,4669.7998046875,4686.60009765625,5548.0
2026-08-21 17:00:00+00:00,4686.7001953125,4690.39990234375,4673.39990234375,4680.10009765625,10573.0
2026-08-21 17:30:00+00:00,4680.39990234375,4683.10009765625,4675.10009765625,4678.7001953125,4124.0
2026-08-21 18:00:00+00:00,4679.0,4686.10009765625,4678.60009765625,4683.5,1906.0
2026-08-21 18:30:00+00:00,4683.2998046875,4684.0,4677.5,4681.7998046875,3049.0
2026-08-21 19:00:00+00:00,4682.10009765625,4683.10009765625,4675.2998046875,4675.60009765625,2110.0
2026-08-21 19:30:00+00:00,4675.5,4680.60009765625,4673.0,4674.7001953125,2558.0
2026-08-21 20:00:00+00:00,4674.60009765625,4675.39990234375,4667.60009765625,4668.0,1185.0
2026-08-21 20:30:00+00:00,4668.0,4680.60009765625,4661.0,4680.60009765625,1395.0
2026-08-23 22:00:00+00:00,4675.39990234375,4679.10009765625,4670.2001953125,4671.60009765625,954.0
2026-08-23 22:30:00+00:00,4671.10009765625,4674.2001953125,4663.0,4663.10009765625,1108.0
2026-08-23 23:00:00+00:00,4663.5,4673.89990234375,4661.89990234375,4672.60009765625,1368.0
2026-08-23 23:30:00+00:00,4672.39990234375,4682.0,4664.7998046875,4681.60009765625,2180.0
2026-08-24 00:00:00+00:00,4681.60009765625,4698.60009765625,4651.7998046875,4661.60009765625,6517.0
2026-08-24 00:30:00+00:00,4661.60009765625,4680.2998046875,4658.2001953125,4678.7998046875,3076.0
2026-08-24 01:00:00+00:00,4679.0,4692.0,4667.89990234375,4671.39990234375,4758.0
2026-08-24 01:30:00+00:00,4671.5,4694.2998046875,4664.60009765625,4688.60009765625,4144.0
2026-08-24 02:00:00+00:00,4688.7001953125,4712.39990234375,4684.39990234375,4712.2998046875,5193.0
2026-08-24 02:30:00+00:00,4712.39990234375,4713.7998046875,4684.2998046875,4700.39990234375,4790.0
2026-08-24 03:00:00+00:00,4700.39990234375,4705.10009765625,4690.0,4700.5,2006.0
2026-08-24 03:30:00+00:00,4700.60009765625,4707.0,4696.7998046875,4698.2001953125,1499.0
2026-08-24 04:00:00+00:00,4698.2001953125,4699.0,4688.89990234375,4696.60009765625,1662.0
2026-08-24 04:30:00+00:00,4696.60009765625,4697.0,4689.10009765625,4695.2001953125,738.0
2026-08-24 05:00:00+00:00,4695.7998046875,4702.5,4692.2001953125,4692.2001953125,1385.0
2026-08-24 05:30:00+00:00,4692.0,4699.2998046875,4685.5,4697.2998046875,2683.0
2026-08-24 06:00:00+00:00,4697.5,4716.7001953125,4695.7998046875,4698.7001953125,5307.0
2026-08-24 06:30:00+00:00,4699.2998046875,4710.10009765625,4698.39990234375,4706.7001953125,3022.0
2026-08-24 07:00:00+00:00,4706.39990234375,4711.0,4698.0,4699.0,2398.0
2026-08-24 07:30:00+00:00,4698.39990234375,4704.0,4686.0,4697.39990234375,4896.0
2026-08-24 08:00:00+00:00,4697.7998046875,4702.0,4684.7998046875,4684.7998046875,4117.0
2026-08-24 08:30:00+00:00,4685.0,4702.0,4684.2001953125,4693.5,3350.0
2026-08-24 09:00:00+00:00,4693.7001953125,4700.2998046875,4690.2998046875,4691.39990234375,3854.0
2026-08-24 09:30:00+00:00,4691.60009765625,4702.7001953125,4688.7998046875,4702.39990234375,3781.0
2026-08-24 10:00:00+00:00,4702.39990234375,4707.0,4699.2001953125,4700.7001953125,2988.0
2026-08-24 10:30:00+00:00,4700.39990234375,4706.39990234375,4698.60009765625,4700.2998046875,2464.0
2026-08-24 11:00:00+00:00,4700.10009765625,4705.39990234375,4696.2001953125,4704.0,2768.0
2026-08-24 11:30:00+00:00,4704.10009765625,4728.2998046875,4700.89990234375,4715.0,11156.0
2026-08-24 12:00:00+00:00,4715.2001953125,4720.5,4707.39990234375,4719.39990234375,4243.0
2026-08-24 12:30:00+00:00,4719.39990234375,4726.89990234375,4702.0,4720.7001953125,6440.0
2026-08-24 13:00:00+00:00,4720.89990234375,4735.89990234375,4719.2998046875,4730.10009765625,6456.0
2026-08-24 13:30:00+00:00,4730.10009765625,4738.5,4713.2998046875,4721.7998046875,12301.0
2026-08-24 14:00:00+00:00,4721.5,4732.2001953125,4712.0,4729.0,7986.0
2026-08-24 14:30:00+00:00,4729.10009765625,4736.10009765625,4714.0,4727.60009765625,7983.0
2026-08-24 15:00:00+00:00,4727.7998046875,4737.0,4722.60009765625,4733.0,5537.0
2026-08-24 15:30:00+00:00,4733.10009765625,4735.2001953125,4696.5,4706.0,12576.0
2026-08-24 16:00:00+00:00,4706.0,4719.0,4703.10009765625,4716.2001953125,5846.0
2026-08-24 16:30:00+00:00,4716.2001953125,4719.60009765625,4697.89990234375,4701.89990234375,4677.0
2026-08-24 17:00:00+00:00,4702.10009765625,4712.7001953125,4686.60009765625,4695.0,11190.0
2026-08-24 17:30:00+00:00,4695.10009765625,4699.2001953125,4689.2998046875,4693.2998046875,4236.0
2026-08-24 18:00:00+00:00,4693.0,4699.0,4681.2001953125,4697.2998046875,6695.0
2026-08-24 18:30:00+00:00,4697.2001953125,4698.7001953125,4681.39990234375,4693.0,2944.0
2026-08-24 19:00:00+00:00,4692.7001953125,4701.2001953125,4692.2001953125,4697.7001953125,1695.0
2026-08-24 19:30:00+00:00,4697.60009765625,4712.10009765625,4696.2001953125,4707.5,2851.0
2026-08-24 20:00:00+00:00,4707.89990234375,4711.5,4705.0,4705.2998046875,2344.0
2026-08-24 20:30:00+00:00,4705.60009765625,4710.0,4703.39990234375,4710.0,978.0
2026-08-24 22:00:00+00:00,4710.10009765625,4718.0,4708.39990234375,4714.2001953125,479.0
2026-08-24 22:30:00+00:00,4714.89990234375,4725.60009765625,4714.0,4724.5,972.0
2026-08-24 23:00:00+00:00,4724.60009765625,4733.7001953125,4723.0,4726.0,1594.0
2026-08-24 23:30:00+00:00,4726.10009765625,4740.60009765625,4724.5,4737.2001953125,2631.0
2026-08-25 00:00:00+00:00,4737.2998046875,4749.0,4732.7001953125,4739.7998046875,4180.0
2026-08-25 00:30:00+00:00,4740.0,4755.0,4739.10009765625,4741.0,3817.0
2026-08-25 01:00:00+00:00,4740.7998046875,4743.2998046875,4720.60009765625,4726.0,5309.0
2026-08-25 01:30:00+00:00,4726.60009765625,4732.5,4713.2001953125,4714.7001953125,4597.0
2026-08-25 02:00:00+00:00,4714.5,4718.2998046875,4694.2001953125,4712.7998046875,5498.0
2026-08-25 02:30:00+00:00,4712.5,4712.89990234375,4670.5,4685.5,8604.0
2026-08-25 03:00:00+00:00,4685.7001953125,4694.10009765625,4678.10009765625,4693.89990234375,3210.0
2026-08-25 03:30:00+00:00,4693.0,4697.7001953125,4687.2001953125,4688.2998046875,1688.0
2026-08-25 04:00:00+00:00,4689.39990234375,4693.5,4684.60009765625,4686.7001953125,1172.0
2026-08-25 04:30:00+00:00,4686.60009765625,4688.2998046875,4679.5,4681.10009765625,1673.0
2026-08-25 05:00:00+00:00,4681.2998046875,4704.0,4679.2998046875,4702.39990234375,3606.0
2026-08-25 05:30:00+00:00,4702.5,4703.2998046875,4691.7001953125,4698.5,2854.0
2026-08-25 06:00:00+00:00,4698.39990234375,4709.60009765625,4697.0,4706.2998046875,2694.0
2026-08-25 06:30:00+00:00,4706.2001953125,4709.60009765625,4693.0,4694.60009765625,2211.0
2026-08-25 07:00:00+00:00,4695.0,4700.2998046875,4690.5,4691.10009765625,2546.0
2026-08-25 07:30:00+00:00,4691.10009765625,4697.2001953125,4685.7998046875,4686.10009765625,3188.0
2026-08-25 08:00:00+00:00,4686.10009765625,4702.0,4676.2998046875,4689.10009765625,4790.0
2026-08-25 08:30:00+00:00,4689.10009765625,4691.5,4680.89990234375,4685.7001953125,2826.0
2026-08-25 09:00:00+00:00,4685.7001953125,4689.10009765625,4680.2998046875,4681.7001953125,1819.0
2026-08-25 09:30:00+00:00,4681.7998046875,4698.10009765625,4679.5,4691.7001953125,4461.0
2026-08-25 10:00:00+00:00,4691.60009765625,4694.2998046875,4688.5,4689.39990234375,1686.0
2026-08-25 10:30:00+00:00,4689.39990234375,4698.2001953125,4688.10009765625,4695.0,1544.0
2026-08-25 11:00:00+00:00,4694.7998046875,4700.2001953125,4691.89990234375,4697.2001953125,2558.0
2026-08-25 11:30:00+00:00,4697.10009765625,4703.5,4696.2001953125,4698.39990234375,2366.0
2026-08-25 12:00:00+00:00,4698.7001953125,4698.89990234375,4687.2998046875,4692.7998046875,5571.0
2026-08-25 12:30:00+00:00,4692.7001953125,4699.60009765625,4685.2998046875,4695.7001953125,3320.0
2026-08-25 13:00:00+00:00,4696.2998046875,4696.60009765625,4663.39990234375,4664.7001953125,9398.0
2026-08-25 13:30:00+00:00,4665.10009765625,4678.7001953125,4659.5,4671.39990234375,9295.0
2026-08-25 14:00:00+00:00,4671.2998046875,4684.5,4668.7998046875,4679.7998046875,8723.0
2026-08-25 14:30:00+00:00,4679.7001953125,4696.0,4667.2998046875,4691.60009765625,8190.0
2026-08-25 15:00:00+00:00,4691.7998046875,4701.0,4685.10009765625,4695.7998046875,4769.0
2026-08-25 15:30:00+00:00,4696.0,4716.39990234375,4696.0,4709.5,9035.0
2026-08-25 16:00:00+00:00,4709.60009765625,4710.2001953125,4694.60009765625,4698.0,5615.0
2026-08-25 16:30:00+00:00,4697.7998046875,4703.7998046875,4694.2998046875,4700.7998046875,3669.0
2026-08-25 17:00:00+00:00,4700.60009765625,4702.39990234375,4691.2998046875,4694.2001953125,5055.0
2026-08-25 17:30:00+00:00,4694.2001953125,4705.7998046875,4693.5,4705.7998046875,2411.0
2026-08-25 18:00:00+00:00,4705.7998046875,4707.60009765625,4701.7001953125,4706.7998046875,1954.0
2026-08-25 18:30:00+00:00,4707.0,4711.7998046875,4702.7001953125,4711.39990234375,1749.0
2026-08-25 19:00:00+00:00,4711.39990234375,4725.60009765625,4710.39990234375,4717.89990234375,3842.0
2026-08-25 19:30:00+00:00,4718.0,4724.2998046875,4714.7001953125,4723.39990234375,3446.0
2026-08-25 20:00:00+00:00,4723.2998046875,4726.0,4719.0,4719.5,1879.0
2026-08-25 20:30:00+00:00,4719.7001953125,4721.2001953125,4714.10009765625,4715.89990234375,1085.0
2026-08-25 22:00:00+00:00,4715.7001953125,4724.2998046875,4712.10009765625,4723.89990234375,711.0
2026-08-25 22:30:00+00:00,4723.7998046875,4730.89990234375,4723.7998046875,4729.7001953125,1023.0
2026-08-25 23:00:00+00:00,4729.7001953125,4730.60009765625,4717.5,4718.2998046875,1193.0
2026-08-25 23:30:00+00:00,4718.5,4718.7998046875,4710.2998046875,4712.10009765625,1394.0
2026-08-26 00:00:00+00:00,4711.89990234375,4715.2001953125,4700.10009765625,4703.7001953125,2045.0
2026-08-26 00:30:00+00:00,4704.2001953125,4707.2001953125,4691.10009765625,4694.2001953125,2873.0
2026-08-26 01:00:00+00:00,4694.60009765625,4707.10009765625,4686.2001953125,4700.2998046875,4254.0
2026-08-26 01:30:00+00:00,4700.2998046875,4717.7001953125,4695.60009765625,4713.7998046875,3234.0
2026-08-26 02:00:00+00:00,4713.60009765625,4718.7001953125,4711.60009765625,4715.5,1815.0
2026-08-26 02:30:00+00:00,4715.39990234375,4728.0,4714.5,4715.2001953125,2714.0
2026-08-26 03:00:00+00:00,4715.39990234375,4715.89990234375,4702.39990234375,4707.2998046875,2534.0
2026-08-26 03:30:00+00:00,4707.2001953125,4708.39990234375,4699.60009765625,4701.10009765625,1319.0
2026-08-26 04:00:00+00:00,4699.7998046875,4701.2001953125,4698.2001953125,4699.2001953125,789.0
2026-08-26 04:30:00+00:00,4699.39990234375,4700.39990234375,4695.7001953125,4697.60009765625,1109.0
2026-08-26 05:00:00+00:00,4697.5,4702.7998046875,4697.2998046875,4700.2001953125,1316.0
2026-08-26 05:30:00+00:00,4700.39990234375,4706.2998046875,4692.2001953125,4696.2998046875,2139.0
2026-08-26 06:00:00+00:00,4696.2001953125,4698.0,4681.10009765625,4683.39990234375,2452.0
2026-08-26 06:30:00+00:00,4683.39990234375,4693.2998046875,4682.60009765625,4690.60009765625,2192.0
2026-08-26 07:00:00+00:00,4690.60009765625,4695.7001953125,4686.89990234375,4687.5,1958.0
2026-08-26 07:30:00+00:00,4687.60009765625,4693.0,4682.60009765625,4685.10009765625,2093.0
2026-08-26 08:00:00+00:00,4684.89990234375,4686.7001953125,4677.2998046875,4684.89990234375,2327.0
2026-08-26 08:30:00+00:00,4685.2001953125,4686.39990234375,4680.60009765625,4683.7001953125,1328.0
2026-08-26 09:00:00+00:00,4684.0,4687.0,4671.2998046875,4672.39990234375,3957.0
2026-08-26 09:30:00+00:00,4672.10009765625,4681.60009765625,4672.0,4679.5,1711.0
2026-08-26 10:00:00+00:00,4679.60009765625,4680.0,4668.7998046875,4670.7998046875,2174.0
2026-08-26 10:30:00+00:00,4671.2001953125,4680.10009765625,4670.7001953125,4675.89990234375,1548.0
2026-08-26 11:00:00+00:00,4676.2998046875,4678.7998046875,4672.10009765625,4676.0,2351.0
2026-08-26 11:30:00+00:00,4676.39990234375,4681.0,4672.39990234375,4680.2998046875,1704.0
2026-08-26 12:00:00+00:00,4680.60009765625,4686.60009765625,4679.39990234375,4686.60009765625,3957.0
2026-08-26 12:30:00+00:00,4686.60009765625,4690.0,4666.0,4669.5,9190.0
2026-08-26 13:00:00+00:00,4670.0,4676.89990234375,4653.2998046875,4666.5,11425.0
2026-08-26 13:30:00+00:00,4666.7001953125,4687.0,4665.5,4686.60009765625,8744.0
2026-08-26 14:00:00+00:00,4686.7001953125,4688.60009765625,4672.0,4672.5,5729.0
2026-08-26 14:30:00+00:00,4672.39990234375,4678.89990234375,4658.0,4658.2001953125,6730.0
2026-08-26 15:00:00+00:00,4658.5,4660.7998046875,4638.2001953125,4650.39990234375,13414.0
2026-08-26 15:30:00+00:00,4650.0,4664.60009765625,4649.89990234375,4651.39990234375,5606.0
2026-08-26 16:00:00+00:00,4651.60009765625,4656.7998046875,4645.89990234375,4649.89990234375,7134.0
2026-08-26 16:30:00+00:00,4650.2001953125,4652.5,4640.7998046875,4647.10009765625,4602.0
2026-08-26 17:00:00+00:00,4647.10009765625,4654.2998046875,4645.89990234375,4653.39990234375,3601.0
2026-08-26 17:30:00+00:00,4653.2001953125,4657.60009765625,4649.39990234375,4653.2001953125,2537.0
2026-08-26 18:00:00+00:00,4653.10009765625,4660.2998046875,4648.0,4650.2001953125,2949.0
2026-08-26 18:30:00+00:00,4649.89990234375,4653.0,4647.5,4648.5,1843.0
2026-08-26 19:00:00+00:00,4648.7998046875,4653.7001953125,4645.7001953125,4653.10009765625,1616.0
2026-08-26 19:30:00+00:00,4653.2001953125,4656.2998046875,4647.0,4648.89990234375,1892.0
2026-08-26 20:00:00+00:00,4649.0,4651.39990234375,4638.60009765625,4645.89990234375,1238.0
2026-08-26 20:30:00+00:00,4645.7998046875,4649.7001953125,4645.0,4647.7998046875,500.0
2026-08-26 22:00:00+00:00,4650.0,4667.7001953125,4648.10009765625,4665.10009765625,1180.0
2026-08-26 22:30:00+00:00,4665.2001953125,4666.2001953125,4660.7001953125,4663.2998046875,1039.0
2026-08-26 23:00:00+00:00,4663.2001953125,4676.10009765625,4660.89990234375,4673.7001953125,1998.0
2026-08-26 23:30:00+00:00,4674.10009765625,4678.89990234375,4672.0,4677.5,1634.0
2026-08-27 00:00:00+00:00,4677.89990234375,4681.0,4667.39990234375,4673.10009765625,1872.0
2026-08-27 00:30:00+00:00,4673.0,4673.0,4654.5,4659.2001953125,2954.0
2026-08-27 01:00:00+00:00,4658.89990234375,4679.5,4656.2001953125,4672.7998046875,3260.0
2026-08-27 01:30:00+00:00,4672.7001953125,4695.39990234375,4672.39990234375,4694.60009765625,4219.0
2026-08-27 02:00:00+00:00,4694.60009765625,4697.7001953125,4687.39990234375,4687.89990234375,2683.0
2026-08-27 02:30:00+00:00,4687.7998046875,4688.39990234375,4678.10009765625,4683.7001953125,2731.0
2026-08-27 03:00:00+00:00,4683.7998046875,4693.10009765625,4682.89990234375,4690.0,1257.0
2026-08-27 03:30:00+00:00,4690.0,4690.2998046875,4678.7998046875,4679.0,1045.0
2026-08-27 04:00:00+00:00,4679.7001953125,4681.7998046875,4675.0,4675.0,1011.0
2026-08-27 04:30:00+00:00,4674.89990234375,4675.2998046875,4671.39990234375,4673.0,1323.0
2026-08-27 05:00:00+00:00,4673.2998046875,4675.7998046875,4670.60009765625,4671.2001953125,1283.0
2026-08-27 05:30:00+00:00,4671.10009765625,4673.89990234375,4655.0,4661.2001953125,4734.0
2026-08-27 06:00:00+00:00,4661.0,4664.2001953125,4653.2998046875,4664.2001953125,4068.0
2026-08-27 06:30:00+00:00,4664.39990234375,4665.7001953125,4651.7001953125,4654.2998046875,2818.0
2026-08-27 07:00:00+00:00,4654.2998046875,4659.7001953125,4647.2001953125,4653.2998046875,3259.0
2026-08-27 07:30:00+00:00,4653.39990234375,4656.2998046875,4648.7001953125,4653.39990234375,1686.0
2026-08-27 08:00:00+00:00,4654.0,4660.5,4653.2001953125,4654.7001953125,1870.0
2026-08-27 08:30:00+00:00,4654.5,4655.5,4647.89990234375,4652.2998046875,1685.0
2026-08-27 09:00:00+00:00,4652.2998046875,4653.7998046875,4646.60009765625,4650.7001953125,2606.0
2026-08-27 09:30:00+00:00,4650.89990234375,4652.10009765625,4631.0,4633.2001953125,6340.0
2026-08-27 10:00:00+00:00,4632.89990234375,4636.2001953125,4618.89990234375,4633.2001953125,5269.0
2026-08-27 10:30:00+00:00,4632.89990234375,4643.60009765625,4628.89990234375,4643.0,2347.0
2026-08-27 11:00:00+00:00,4643.10009765625,4650.2001953125,4640.2001953125,4647.39990234375,2280.0
2026-08-27 11:30:00+00:00,4647.89990234375,4653.7001953125,4647.10009765625,4652.2998046875,4589.0
2026-08-27 12:00:00+00:00,4652.0,4654.7001953125,4645.0,4650.0,3988.0
2026-08-27 12:30:00+00:00,4650.60009765625,4651.0,4633.7001953125,4639.2998046875,4117.0
2026-08-27 13:00:00+00:00,4639.2001953125,4646.39990234375,4633.0,4643.10009765625,4341.0
2026-08-27 13:30:00+00:00,4643.0,4646.0,4616.0,4625.89990234375,9782.0
2026-08-27 14:00:00+00:00,4625.60009765625,4637.89990234375,4621.7001953125,4634.60009765625,6936.0
2026-08-27 14:30:00+00:00,4634.39990234375,4652.0,4634.39990234375,4645.10009765625,6833.0
2026-08-27 15:00:00+00:00,4645.0,4651.89990234375,4642.7001953125,4646.89990234375,2681.0
2026-08-27 15:30:00+00:00,4646.89990234375,4665.5,4646.10009765625,4664.5,5216.0
2026-08-27 16:00:00+00:00,4664.7001953125,4666.89990234375,4656.5,4662.0,2841.0
2026-08-27 16:30:00+00:00,4661.7998046875,4670.89990234375,4660.0,4669.2998046875,3730.0
2026-08-27 17:00:00+00:00,4669.2001953125,4670.7001953125,4662.5,4664.2998046875,2650.0
2026-08-27 17:30:00+00:00,4664.5,4668.39990234375,4659.10009765625,4660.39990234375,2183.0
2026-08-27 18:00:00+00:00,4660.60009765625,4662.10009765625,4655.2001953125,4655.2998046875,1892.0
2026-08-27 18:30:00+00:00,4655.2998046875,4665.2001953125,4654.7001953125,4664.2998046875,1469.0
2026-08-27 19:00:00+00:00,4664.7001953125,4672.39990234375,4658.2998046875,4660.0,2388.0
2026-08-27 19:30:00+00:00,4659.7998046875,4666.39990234375,4658.60009765625,4662.7001953125,1539.0
2026-08-27 20:00:00+00:00,4662.7998046875,4663.60009765625,4656.60009765625,4657.2998046875,585.0
2026-08-27 20:30:00+00:00,4657.5,4658.60009765625,4653.7998046875,4654.7998046875,679.0
2026-08-27 22:00:00+00:00,4656.0,4662.0,4653.89990234375,4661.0,511.0
2026-08-27 22:30:00+00:00,4661.39990234375,4664.10009765625,4659.7998046875,4664.10009765625,821.0
2026-08-27 23:00:00+00:00,4664.0,4664.7998046875,4652.89990234375,4654.39990234375,1192.0
2026-08-27 23:30:00+00:00,4654.39990234375,4655.2001953125,4647.2998046875,4647.60009765625,1234.0
2026-08-28 00:00:00+00:00,4647.7998046875,4655.7001953125,4643.7998046875,4647.10009765625,1561.0
2026-08-28 00:30:00+00:00,4647.2998046875,4647.2998046875,4638.5,4641.2001953125,1282.0
2026-08-28 01:00:00+00:00,4642.39990234375,4655.39990234375,4637.0,4638.7998046875,2771.0
2026-08-28 01:30:00+00:00,4638.89990234375,4642.10009765625,4628.10009765625,4628.89990234375,2528.0
2026-08-28 02:00:00+00:00,4628.60009765625,4637.60009765625,4628.0,4636.2998046875,1242.0
2026-08-28 02:30:00+00:00,4636.39990234375,4642.39990234375,4634.89990234375,4638.89990234375,1270.0
2026-08-28 03:00:00+00:00,4638.7001953125,4642.2998046875,4635.0,4640.60009765625,1042.0
2026-08-28 03:30:00+00:00,4640.5,4640.5,4630.89990234375,4631.39990234375,744.0
2026-08-28 04:00:00+00:00,4632.2998046875,4637.5,4630.2001953125,4636.7998046875,953.0
2026-08-28 04:30:00+00:00,4636.5,4637.5,4630.0,4636.39990234375,661.0
2026-08-28 05:00:00+00:00,4636.7001953125,4638.60009765625,4630.2998046875,4636.39990234375,944.0
2026-08-28 05:30:00+00:00,4636.2001953125,4636.2001953125,4623.0,4625.5,2008.0
2026-08-28 06:00:00+00:00,4625.7001953125,4638.10009765625,4624.5,4637.2998046875,1744.0
2026-08-28 06:30:00+00:00,4637.10009765625,4666.2001953125,4635.60009765625,4665.5,4364.0
2026-08-28 07:00:00+00:00,4665.39990234375,4666.39990234375,4648.7001953125,4659.89990234375,3756.0
2026-08-28 07:30:00+00:00,4660.39990234375,4667.39990234375,4660.10009765625,4665.0,2483.0
2026-08-28 08:00:00+00:00,4664.89990234375,4667.7001953125,4661.2998046875,4662.2998046875,1764.0
2026-08-28 08:30:00+00:00,4662.7001953125,4665.10009765625,4654.2998046875,4656.2998046875,2008.0
2026-08-28 09:00:00+00:00,4656.39990234375,4657.89990234375,4653.5,4655.5,1295.0
2026-08-28 09:30:00+00:00,4655.2001953125,4661.39990234375,4654.60009765625,4658.7001953125,1609.0
2026-08-28 10:00:00+00:00,4658.7998046875,4663.5,4655.0,4658.5,1785.0
2026-08-28 10:30:00+00:00,4658.7001953125,4661.2001953125,4650.2998046875,4653.10009765625,1565.0
2026-08-28 11:00:00+00:00,4653.10009765625,4654.2001953125,4647.7001953125,4651.39990234375,1864.0
2026-08-28 11:30:00+00:00,4651.39990234375,4653.39990234375,4643.60009765625,4645.60009765625,2581.0
2026-08-28 12:00:00+00:00,4645.60009765625,4656.39990234375,4643.2001953125,4654.5,2921.0
2026-08-28 12:30:00+00:00,4654.2998046875,4655.2001953125,4641.2001953125,4654.10009765625,3910.0
2026-08-28 13:00:00+00:00,4654.2001953125,4657.7001953125,4645.89990234375,4656.2998046875,4441.0
2026-08-28 13:30:00+00:00,4656.10009765625,4680.7998046875,4651.10009765625,4657.5,8527.0
2026-08-28 14:00:00+00:00,4657.39990234375,4688.0,4580.2001953125,4603.2001953125,53738.0
2026-08-28 14:30:00+00:00,4603.5,4633.0,4601.7001953125,4629.0,21358.0
2026-08-28 15:00:00+00:00,4629.2998046875,4636.10009765625,4603.5,4618.7998046875,16679.0
2026-08-28 15:30:00+00:00,4619.0,4619.7001953125,4574.7998046875,4575.7001953125,17720.0
2026-08-28 16:00:00+00:00,4575.89990234375,4580.89990234375,4515.2998046875,4531.60009765625,30698.0
2026-08-28 16:30:00+00:00,4531.60009765625,4538.2998046875,4516.7001953125,4529.89990234375,13421.0
2026-08-28 17:00:00+00:00,4530.10009765625,4537.2001953125,4521.89990234375,4528.39990234375,10803.0
2026-08-28 17:30:00+00:00,4528.5,4532.10009765625,4510.5,4519.7001953125,9579.0
2026-08-28 18:00:00+00:00,4519.7001953125,4521.89990234375,4502.39990234375,4506.2001953125,9931.0
2026-08-28 18:30:00+00:00,4505.89990234375,4508.5,4495.0,4506.5,5667.0
2026-08-28 19:00:00+00:00,4506.5,4513.2001953125,4502.39990234375,4512.0,3684.0
2026-08-28 19:30:00+00:00,4511.60009765625,4517.2001953125,4502.2998046875,4507.89990234375,4619.0
2026-08-28 20:00:00+00:00,4507.89990234375,4512.2998046875,4503.2001953125,4507.39990234375,1811.0
2026-08-28 20:30:00+00:00,4507.5,4529.89990234375,4502.7001953125,4529.89990234375,1340.0
2026-08-30 22:00:00+00:00,4506.2998046875,4515.89990234375,4505.0,4509.2001953125,2552.0
2026-08-30 22:30:00+00:00,4509.0,4512.0,4502.2001953125,4510.89990234375,1759.0
2026-08-30 23:00:00+00:00,4510.7998046875,4516.60009765625,4503.89990234375,4506.7998046875,1967.0
2026-08-30 23:30:00+00:00,4506.39990234375,4509.60009765625,4485.2001953125,4507.7998046875,3682.0
2026-08-31 00:00:00+00:00,4507.7998046875,4514.60009765625,4501.39990234375,4505.7001953125,2488.0
2026-08-31 00:30:00+00:00,4506.2001953125,4521.5,4505.5,4505.7001953125,2613.0
2026-08-31 01:00:00+00:00,4505.7998046875,4512.39990234375,4485.2998046875,4493.5,6180.0
2026-08-31 01:30:00+00:00,4493.0,4503.10009765625,4485.0,4489.60009765625,4056.0
2026-08-31 02:00:00+00:00,4489.10009765625,4490.7001953125,4466.0,4472.39990234375,6411.0
2026-08-31 02:30:00+00:00,4472.10009765625,4475.7001953125,4445.60009765625,4472.2998046875,7132.0
2026-08-31 03:00:00+00:00,4472.2998046875,4483.60009765625,4471.10009765625,4477.2998046875,3053.0
2026-08-31 03:30:00+00:00,4477.2001953125,4477.2998046875,4469.5,4472.0,1510.0
2026-08-31 04:00:00+00:00,4472.2998046875,4472.5,4465.5,4465.5,1893.0
2026-08-31 04:30:00+00:00,4465.5,4475.0,4462.5,4474.60009765625,1577.0
2026-08-31 05:00:00+00:00,4474.60009765625,4490.5,4469.2001953125,4489.89990234375,2220.0
2026-08-31 05:30:00+00:00,4490.2998046875,4493.5,4480.39990234375,4492.7001953125,2785.0
2026-08-31 06:00:00+00:00,4492.7001953125,4493.0,4478.89990234375,4486.0,2696.0
2026-08-31 06:30:00+00:00,4485.7001953125,4493.0,4481.2998046875,4489.39990234375,1575.0
2026-08-31 07:00:00+00:00,4489.2001953125,4498.5,4485.0,4494.10009765625,2733.0
2026-08-31 07:30:00+00:00,4494.10009765625,4498.2001953125,4490.89990234375,4493.2998046875,1724.0
2026-08-31 08:00:00+00:00,4493.2998046875,4499.7001953125,4486.2001953125,4490.5,2066.0
2026-08-31 08:30:00+00:00,4490.2001953125,4490.2001953125,4483.89990234375,4485.60009765625,1321.0
2026-08-31 09:00:00+00:00,4485.7998046875,4494.5,4485.7001953125,4489.5,1645.0
2026-08-31 09:30:00+00:00,4489.60009765625,4496.0,4489.2998046875,4496.0,1280.0
2026-08-31 10:00:00+00:00,4495.89990234375,4504.2001953125,4495.2001953125,4499.10009765625,2151.0
2026-08-31 10:30:00+00:00,4499.2001953125,4506.7001953125,4498.5,4504.5,1708.0
2026-08-31 11:00:00+00:00,4504.60009765625,4514.89990234375,4503.10009765625,4514.10009765625,2136.0
2026-08-31 11:30:00+00:00,4514.10009765625,4514.89990234375,4503.2001953125,4506.2001953125,2361.0
2026-08-31 12:00:00+00:00,4506.10009765625,4511.89990234375,4497.7998046875,4498.7001953125,4880.0
2026-08-31 12:30:00+00:00,4498.39990234375,4500.89990234375,4486.5,4486.89990234375,5244.0
2026-08-31 13:00:00+00:00,4486.7001953125,4499.5,4484.7998046875,4497.2998046875,4528.0
2026-08-31 13:30:00+00:00,4497.39990234375,4498.5,4466.39990234375,4469.10009765625,10669.0
2026-08-31 14:00:00+00:00,4469.2998046875,4481.60009765625,4466.7001953125,4470.60009765625,6470.0
2026-08-31 14:30:00+00:00,4470.5,4487.2001953125,4470.0,4481.7001953125,6086.0
2026-08-31 15:00:00+00:00,4481.7001953125,4487.89990234375,4477.89990234375,4482.89990234375,3966.0
2026-08-31 15:30:00+00:00,4482.39990234375,4484.0,4474.2998046875,4475.5,3835.0
2026-08-31 16:00:00+00:00,4475.89990234375,4488.7001953125,4473.0,4488.2998046875,3256.0
2026-08-31 16:30:00+00:00,4488.60009765625,4490.2998046875,4481.0,4482.60009765625,2820.0
2026-08-31 17:00:00+00:00,4482.7998046875,4486.60009765625,4477.7998046875,4479.7998046875,4205.0
2026-08-31 17:30:00+00:00,4479.7998046875,4489.7001953125,4479.10009765625,4485.60009765625,2308.0
2026-08-31 18:00:00+00:00,4486.0,4486.10009765625,4478.89990234375,4478.89990234375,1754.0
2026-08-31 18:30:00+00:00,4478.89990234375,4484.0,4475.5,4480.2998046875,1557.0
2026-08-31 19:00:00+00:00,4480.7001953125,4491.7001953125,4478.39990234375,4489.7998046875,2349.0
2026-08-31 19:30:00+00:00,4489.7998046875,4502.7001953125,4488.39990234375,4502.0,4252.0
2026-08-31 20:00:00+00:00,4502.2998046875,4504.89990234375,4496.10009765625,4496.5,1226.0
2026-08-31 20:30:00+00:00,4496.5,4498.89990234375,4495.89990234375,4497.2998046875,533.0
2026-08-31 22:00:00+00:00,4498.7001953125,4504.7998046875,4496.39990234375,4498.60009765625,777.0
2026-08-31 22:30:00+00:00,4498.5,4500.0,4494.2998046875,4495.5,475.0
2026-08-31 23:00:00+00:00,4495.7998046875,4495.7998046875,4490.2998046875,4491.89990234375,790.0
2026-08-31 23:30:00+00:00,4492.0,4501.0,4491.60009765625,4501.0,911.0
2026-09-01 00:00:00+00:00,4501.2998046875,4510.5,4495.0,4509.2001953125,1992.0
2026-09-01 00:30:00+00:00,4509.5,4510.39990234375,4499.89990234375,4502.7001953125,1433.0
2026-09-01 01:00:00+00:00,4502.60009765625,4505.89990234375,4486.7001953125,4488.60009765625,2321.0
2026-09-01 01:30:00+00:00,4488.7998046875,4495.60009765625,4485.2001953125,4493.10009765625,1577.0
2026-09-01 02:00:00+00:00,4492.89990234375,4498.2001953125,4489.2001953125,4489.2001953125,1460.0
2026-09-01 02:30:00+00:00,4489.2001953125,4492.60009765625,4477.10009765625,4492.39990234375,3240.0
2026-09-01 03:00:00+00:00,4492.7001953125,4493.5,4480.89990234375,4483.5,1908.0
2026-09-01 03:30:00+00:00,4483.39990234375,4492.39990234375,4482.60009765625,4487.0,1780.0
2026-09-01 04:00:00+00:00,4485.7001953125,4486.7001953125,4478.2998046875,4478.5,1445.0
2026-09-01 04:30:00+00:00,4478.2001953125,4479.39990234375,4473.89990234375,4475.2001953125,2514.0
2026-09-01 05:00:00+00:00,4475.39990234375,4481.2998046875,4473.5,4475.2001953125,1116.0
2026-09-01 05:30:00+00:00,4474.89990234375,4494.7001953125,4471.89990234375,4489.0,2674.0
2026-09-01 06:00:00+00:00,4488.5,4489.10009765625,4476.2998046875,4477.60009765625,1872.0
2026-09-01 06:30:00+00:00,4477.7001953125,4484.10009765625,4476.7001953125,4478.0,1298.0
2026-09-01 07:00:00+00:00,4478.10009765625,4483.60009765625,4474.2998046875,4474.5,2881.0
2026-09-01 07:30:00+00:00,4474.2998046875,4476.89990234375,4460.5,4468.7001953125,4404.0
2026-09-01 08:00:00+00:00,4468.60009765625,4468.60009765625,4430.7001953125,4432.0,10135.0
2026-09-01 08:30:00+00:00,4432.10009765625,4432.60009765625,4417.89990234375,4419.39990234375,7719.0
2026-09-01 09:00:00+00:00,4419.39990234375,4426.60009765625,4414.5,4421.39990234375,5365.0
2026-09-01 09:30:00+00:00,4421.10009765625,4422.5,4413.0,4413.7001953125,5117.0
2026-09-01 10:00:00+00:00,4413.7001953125,4434.2001953125,4413.0,4433.2998046875,3921.0
2026-09-01 10:30:00+00:00,4433.60009765625,4434.60009765625,4423.5,4426.89990234375,3321.0
2026-09-01 11:00:00+00:00,4427.0,4431.7998046875,4423.2001953125,4429.2001953125,2729.0
2026-09-01 11:30:00+00:00,4429.0,4435.7001953125,4420.5,4422.89990234375,3653.0
2026-09-01 12:00:00+00:00,4423.0,4424.89990234375,4414.2998046875,4417.10009765625,5878.0
2026-09-01 12:30:00+00:00,4416.89990234375,4418.5,4400.39990234375,4404.7001953125,9357.0
2026-09-01 13:00:00+00:00,4404.60009765625,4406.2998046875,4374.10009765625,4391.10009765625,20751.0
2026-09-01 13:30:00+00:00,4391.0,4415.89990234375,4389.2001953125,4413.89990234375,11115.0
2026-09-01 14:00:00+00:00,4414.2001953125,4424.2998046875,4401.5,4414.39990234375,10425.0
2026-09-01 14:30:00+00:00,4414.5,4421.7998046875,4405.2001953125,4408.7998046875,6504.0
2026-09-01 15:00:00+00:00,4409.10009765625,4414.2001953125,4403.39990234375,4414.2001953125,4548.0
2026-09-01 15:30:00+00:00,4414.0,4422.7001953125,4409.7998046875,4421.7001953125,3407.0
2026-09-01 16:00:00+00:00,4421.60009765625,4423.2998046875,4401.0,4401.2998046875,6038.0
2026-09-01 16:30:00+00:00,4401.0,4407.5,4395.39990234375,4399.60009765625,5263.0
2026-09-01 17:00:00+00:00,4399.7998046875,4400.2998046875,4390.7001953125,4398.5,6690.0
2026-09-01 17:30:00+00:00,4398.2998046875,4400.2998046875,4389.0,4391.10009765625,3220.0
2026-09-01 18:00:00+00:00,4391.2998046875,4392.7001953125,4382.39990234375,4385.39990234375,3138.0
2026-09-01 18:30:00+00:00,4385.39990234375,4385.5,4375.60009765625,4379.39990234375,4606.0
2026-09-01 19:00:00+00:00,4379.10009765625,4385.2001953125,4376.60009765625,4382.0,2146.0
2026-09-01 19:30:00+00:00,4382.0,4382.2001953125,4369.7001953125,4374.0,5037.0
2026-09-01 20:00:00+00:00,4374.10009765625,4377.89990234375,4370.7001953125,4372.89990234375,3014.0
2026-09-01 20:30:00+00:00,4373.0,4377.5,4372.10009765625,4375.7001953125,1534.0
2026-09-01 22:00:00+00:00,4377.2001953125,4381.0,4373.5,4374.10009765625,504.0
2026-09-01 22:30:00+00:00,4374.0,4377.39990234375,4372.7001953125,4375.7001953125,755.0
2026-09-01 23:00:00+00:00,4375.7001953125,4378.60009765625,4370.5,4376.7001953125,1326.0
2026-09-01 23:30:00+00:00,4377.0,4382.0,4367.7001953125,4370.60009765625,2036.0
2026-09-02 00:00:00+00:00,4370.7001953125,4380.89990234375,4361.39990234375,4372.0,5266.0
2026-09-02 00:30:00+00:00,4371.7998046875,4378.0,4360.7001953125,4362.5,2777.0
2026-09-02 01:00:00+00:00,4362.10009765625,4373.5,4350.10009765625,4364.0,7283.0
2026-09-02 01:30:00+00:00,4364.2001953125,4365.10009765625,4333.89990234375,4338.10009765625,6196.0
2026-09-02 02:00:00+00:00,4337.7998046875,4353.60009765625,4334.60009765625,4351.7001953125,4925.0
2026-09-02 02:30:00+00:00,4352.10009765625,4362.10009765625,4346.7001953125,4350.0,4385.0
2026-09-02 03:00:00+00:00,4350.0,4351.39990234375,4336.39990234375,4340.7001953125,3848.0
2026-09-02 03:30:00+00:00,4340.60009765625,4350.7001953125,4329.2001953125,4348.7998046875,4897.0
2026-09-02 04:00:00+00:00,4349.89990234375,4353.5,4347.7998046875,4349.39990234375,1865.0
2026-09-02 04:30:00+00:00,4349.60009765625,4354.39990234375,4349.10009765625,4353.7001953125,1095.0
2026-09-02 05:00:00+00:00,4353.89990234375,4360.5,4350.0,4359.7001953125,2185.0
2026-09-02 05:30:00+00:00,4359.7998046875,4373.10009765625,4359.7001953125,4366.7001953125,3954.0
2026-09-02 06:00:00+00:00,4366.7998046875,4375.89990234375,4364.2001953125,4368.89990234375,3455.0
2026-09-02 06:30:00+00:00,4369.39990234375,4372.89990234375,4361.2001953125,4368.2998046875,2704.0
2026-09-02 07:00:00+00:00,4368.39990234375,4377.7998046875,4365.7998046875,4373.7001953125,2642.0
2026-09-02 07:30:00+00:00,4373.2001953125,4377.7998046875,4366.89990234375,4369.7998046875,1781.0
2026-09-02 08:00:00+00:00,4370.10009765625,4378.39990234375,4368.7998046875,4369.60009765625,2223.0
2026-09-02 08:30:00+00:00,4369.60009765625,4373.2001953125,4359.10009765625,4359.60009765625,2904.0
2026-09-02 09:00:00+00:00,4359.60009765625,4369.2001953125,4352.2998046875,4356.10009765625,2854.0
2026-09-02 09:30:00+00:00,4356.2998046875,4359.10009765625,4354.60009765625,4355.89990234375,1968.0
2026-09-02 10:00:00+00:00,4355.89990234375,4359.7998046875,4349.10009765625,4357.10009765625,2111.0
2026-09-02 10:30:00+00:00,4357.39990234375,4358.10009765625,4352.5,4356.60009765625,1500.0
2026-09-02 11:00:00+00:00,4356.2998046875,4371.60009765625,4354.89990234375,4368.7998046875,3550.0
2026-09-02 11:30:00+00:00,4369.2001953125,4380.2001953125,4368.7001953125,4379.60009765625,4017.0
2026-09-02 12:00:00+00:00,4379.5,4391.39990234375,4375.89990234375,4383.2998046875,9081.0
2026-09-02 12:30:00+00:00,4383.2998046875,4386.0,4374.39990234375,4378.2998046875,4512.0
2026-09-02 13:00:00+00:00,4378.2998046875,4405.7998046875,4377.5,4405.5,11256.0
2026-09-02 13:30:00+00:00,4405.2998046875,4433.5,4403.7998046875,4433.0,16678.0
2026-09-02 14:00:00+00:00,4432.89990234375,4444.39990234375,4426.39990234375,4434.2998046875,14555.0
2026-09-02 14:30:00+00:00,4434.2001953125,4435.0,4421.39990234375,4424.2001953125,6337.0
2026-09-02 15:00:00+00:00,4424.10009765625,4427.7998046875,4412.5,4419.5,7300.0
2026-09-02 15:30:00+00:00,4419.7998046875,4422.2001953125,4411.39990234375,4419.89990234375,3559.0
2026-09-02 16:00:00+00:00,4419.7001953125,4421.7001953125,4414.2998046875,4415.2001953125,2438.0
2026-09-02 16:30:00+00:00,4415.5,4417.5,4411.10009765625,4415.10009765625,2591.0
2026-09-02 17:00:00+00:00,4415.2001953125,4417.89990234375,4411.2001953125,4416.60009765625,3027.0
2026-09-02 17:30:00+00:00,4416.60009765625,4427.39990234375,4413.2001953125,4423.39990234375,4153.0
2026-09-02 18:00:00+00:00,4423.7001953125,4426.2998046875,4415.89990234375,4420.0,3287.0
2026-09-02 18:30:00+00:00,4419.7001953125,4425.0,4419.0,4420.2998046875,1326.0
2026-09-02 19:00:00+00:00,4420.7998046875,4429.7001953125,4418.2998046875,4427.60009765625,1683.0
2026-09-02 19:30:00+00:00,4427.7001953125,4437.89990234375,4427.60009765625,4437.7001953125,3155.0
2026-09-02 20:00:00+00:00,4437.39990234375,4438.2001953125,4430.60009765625,4433.2001953125,1371.0
2026-09-02 20:30:00+00:00,4433.0,4437.7001953125,4432.5,4434.2998046875,874.0
2026-09-02 22:00:00+00:00,4436.39990234375,4438.10009765625,4432.60009765625,4434.7998046875,578.0
2026-09-02 22:30:00+00:00,4434.2998046875,4434.7001953125,4428.39990234375,4429.7998046875,820.0
2026-09-02 23:00:00+00:00,4430.2001953125,4432.2001953125,4427.2998046875,4427.7001953125,649.0
2026-09-02 23:30:00+00:00,4427.5,4434.39990234375,4426.7001953125,4431.0,1046.0
2026-09-03 00:00:00+00:00,4431.2001953125,4438.0,4429.89990234375,4432.5,1752.0
2026-09-03 00:30:00+00:00,4432.2998046875,4442.89990234375,4427.7998046875,4440.5,1707.0
2026-09-03 01:00:00+00:00,4440.7998046875,4454.7001953125,4432.2001953125,4447.10009765625,6339.0
2026-09-03 01:30:00+00:00,4446.7998046875,4457.60009765625,4445.2001953125,4455.0,2879.0
2026-09-03 02:00:00+00:00,4455.2001953125,4461.2001953125,4452.2001953125,4457.10009765625,2942.0
2026-09-03 02:30:00+00:00,4457.10009765625,4466.2001953125,4454.7998046875,4466.0,3035.0
2026-09-03 03:00:00+00:00,4466.0,4477.10009765625,4464.89990234375,4475.10009765625,3142.0
2026-09-03 03:30:00+00:00,4475.2001953125,4478.2001953125,4471.0,4477.10009765625,3029.0
2026-09-03 04:00:00+00:00,4477.2998046875,4482.0,4470.7998046875,4481.7998046875,3214.0
2026-09-03 04:30:00+00:00,4481.7001953125,4483.89990234375,4479.39990234375,4483.0,1910.0
2026-09-03 05:00:00+00:00,4483.10009765625,4486.0,4468.2001953125,4471.0,4239.0
2026-09-03 05:30:00+00:00,4470.89990234375,4485.2998046875,4468.2998046875,4477.0,4664.0
2026-09-03 06:00:00+00:00,4477.0,4482.2001953125,4462.7998046875,4467.5,5144.0
2026-09-03 06:30:00+00:00,4467.5,4474.7001953125,4466.10009765625,4466.39990234375,2479.0
2026-09-03 07:00:00+00:00,4466.0,4477.5,4464.60009765625,4471.89990234375,3901.0
2026-09-03 07:30:00+00:00,4471.7001953125,4476.7998046875,4469.2998046875,4474.7001953125,2450.0
2026-09-03 08:00:00+00:00,4474.5,4490.0,4473.60009765625,4484.60009765625,6654.0
2026-09-03 08:30:00+00:00,4484.2998046875,4486.2998046875,4477.5,4481.10009765625,3065.0
2026-09-03 09:00:00+00:00,4481.2998046875,4488.2001953125,4478.2001953125,4481.5,3485.0
2026-09-03 09:30:00+00:00,4481.2998046875,4484.7001953125,4472.0,4473.89990234375,4125.0
2026-09-03 10:00:00+00:00,4474.10009765625,4476.10009765625,4464.89990234375,4468.7001953125,2940.0
2026-09-03 10:30:00+00:00,4468.60009765625,4474.7998046875,4466.2001953125,4473.2001953125,1797.0
2026-09-03 11:00:00+00:00,4473.10009765625,4484.2001953125,4471.10009765625,4480.39990234375,3210.0
2026-09-03 11:30:00+00:00,4480.5,4493.39990234375,4471.89990234375,4490.2001953125,3722.0
2026-09-03 12:00:00+00:00,4490.0,4496.7001953125,4484.10009765625,4493.2998046875,5681.0
2026-09-03 12:30:00+00:00,4493.10009765625,4542.60009765625,4492.89990234375,4540.89990234375,21823.0
2026-09-03 13:00:00+00:00,4540.89990234375,4543.7001953125,4524.2998046875,4527.60009765625,13550.0
2026-09-03 13:30:00+00:00,4527.39990234375,4529.7001953125,4502.7998046875,4517.10009765625,12403.0
2026-09-03 14:00:00+00:00,4517.10009765625,4527.2998046875,4502.89990234375,4523.60009765625,9614.0
2026-09-03 14:30:00+00:00,4523.5,4531.89990234375,4512.39990234375,4531.89990234375,6696.0
2026-09-03 15:00:00+00:00,4532.0,4558.5,4530.89990234375,4554.10009765625,15583.0
2026-09-03 15:30:00+00:00,4554.2001953125,4557.39990234375,4533.7001953125,4540.7998046875,6324.0
2026-09-03 16:00:00+00:00,4540.7001953125,4543.39990234375,4535.2001953125,4540.7001953125,3006.0
2026-09-03 16:30:00+00:00,4541.2001953125,4543.2998046875,4533.0,4533.7001953125,2939.0
2026-09-03 17:00:00+00:00,4533.89990234375,4541.2001953125,4530.60009765625,4540.39990234375,5072.0
2026-09-03 17:30:00+00:00,4540.5,4542.0,4534.7998046875,4535.7001953125,2370.0
2026-09-03 18:00:00+00:00,4534.60009765625,4537.10009765625,4526.7998046875,4527.10009765625,3128.0
2026-09-03 18:30:00+00:00,4527.39990234375,4530.0,4521.2001953125,4522.89990234375,3322.0
2026-09-03 19:00:00+00:00,4522.7998046875,4524.7001953125,4520.2998046875,4523.5,2105.0
2026-09-03 19:30:00+00:00,4523.7998046875,4528.7001953125,4520.89990234375,4522.89990234375,2833.0
2026-09-03 20:00:00+00:00,4522.7001953125,4523.2998046875,4517.7001953125,4519.0,1156.0
2026-09-03 20:30:00+00:00,4519.0,4521.5,4518.39990234375,4520.0,572.0
2026-09-03 21:00:00+00:00,4520.2998046875,4520.2998046875,4520.2998046875,4520.2998046875,1.0
2026-09-03 22:00:00+00:00,4522.0,4526.2998046875,4520.10009765625,4522.2998046875,859.0
2026-09-03 22:30:00+00:00,4522.2001953125,4524.10009765625,4518.5,4521.60009765625,2396.0
2026-09-03 23:00:00+00:00,4521.5,4524.7998046875,4519.0,4520.7001953125,1364.0
2026-09-03 23:30:00+00:00,4520.60009765625,4527.2001953125,4520.5,4526.89990234375,997.0
2026-09-04 00:00:00+00:00,4527.0,4529.89990234375,4520.5,4521.2001953125,1346.0
2026-09-04 00:30:00+00:00,4521.2001953125,4533.5,4519.2998046875,4532.89990234375,1595.0
2026-09-04 01:00:00+00:00,4532.60009765625,4533.60009765625,4514.10009765625,4517.2001953125,3196.0
2026-09-04 01:30:00+00:00,4517.2998046875,4526.60009765625,4513.0,4525.2001953125,2460.0
2026-09-04 02:00:00+00:00,4525.2998046875,4528.89990234375,4517.39990234375,4520.0,1832.0
2026-09-04 02:30:00+00:00,4519.89990234375,4527.0,4516.2998046875,4523.7998046875,1705.0
2026-09-04 03:00:00+00:00,4523.5,4525.0,4516.39990234375,4518.60009765625,1118.0
2026-09-04 03:30:00+00:00,4518.7998046875,4521.60009765625,4513.60009765625,4513.7998046875,663.0
2026-09-04 04:00:00+00:00,4513.10009765625,4518.7998046875,4511.60009765625,4518.10009765625,1393.0
2026-09-04 04:30:00+00:00,4518.10009765625,4521.5,4518.0,4520.39990234375,784.0
2026-09-04 05:00:00+00:00,4520.2998046875,4521.60009765625,4513.7001953125,4513.7998046875,1459.0
2026-09-04 05:30:00+00:00,4513.60009765625,4523.89990234375,4512.7998046875,4518.2001953125,2802.0
2026-09-04 06:00:00+00:00,4518.10009765625,4519.5,4512.7998046875,4515.2001953125,2247.0
2026-09-04 06:30:00+00:00,4515.2001953125,4516.10009765625,4506.60009765625,4509.5,2400.0
2026-09-04 07:00:00+00:00,4509.2998046875,4520.0,4508.0,4519.60009765625,2446.0
2026-09-04 07:30:00+00:00,4519.60009765625,4537.7998046875,4519.60009765625,4530.2998046875,4599.0
2026-09-04 08:00:00+00:00,4530.39990234375,4533.60009765625,4525.7001953125,4527.7998046875,2416.0
2026-09-04 08:30:00+00:00,4528.10009765625,4529.2998046875,4521.0,4524.2998046875,1371.0
2026-09-04 09:00:00+00:00,4524.5,4525.7001953125,4510.0,4512.7998046875,2393.0
2026-09-04 09:30:00+00:00,4512.7998046875,4516.5,4510.7998046875,4511.7998046875,2443.0
2026-09-04 10:00:00+00:00,4511.7001953125,4520.0,4511.60009765625,4517.5,1399.0
2026-09-04 10:30:00+00:00,4517.60009765625,4523.10009765625,4516.2998046875,4518.89990234375,1025.0
2026-09-04 11:00:00+00:00,4519.2001953125,4519.2998046875,4511.5,4511.7998046875,1587.0
2026-09-04 11:30:00+00:00,4511.89990234375,4516.7998046875,4510.89990234375,4513.10009765625,1883.0
2026-09-04 12:00:00+00:00,4513.2998046875,4523.2998046875,4510.5,4517.7001953125,4300.0
2026-09-04 12:30:00+00:00,4520.89990234375,4523.5,4419.0,4440.60009765625,40718.0
2026-09-04 13:00:00+00:00,4440.89990234375,4461.5,4412.0,4459.5,17066.0
2026-09-04 13:30:00+00:00,4459.7001953125,4481.7998046875,4452.2998046875,4459.89990234375,15246.0
2026-09-04 14:00:00+00:00,4460.0,4484.7998046875,4458.7998046875,4476.5,8810.0
2026-09-04 14:30:00+00:00,4476.60009765625,4489.39990234375,4464.0,4474.2998046875,8737.0
2026-09-04 15:00:00+00:00,4474.39990234375,4496.2001953125,4469.5,4487.0,7375.0
2026-09-04 15:30:00+00:00,4487.10009765625,4493.7001953125,4482.7998046875,4483.2998046875,4611.0
2026-09-04 16:00:00+00:00,4483.7998046875,4491.0,4479.5,4481.60009765625,3747.0
2026-09-04 16:30:00+00:00,4481.7001953125,4487.7998046875,4481.10009765625,4483.60009765625,2342.0
2026-09-04 17:00:00+00:00,4483.5,4488.0,4475.0,4476.0,5085.0
2026-09-04 17:30:00+00:00,4475.89990234375,4477.2998046875,4461.10009765625,4464.0,4169.0
2026-09-04 18:00:00+00:00,4464.7001953125,4474.5,4459.0,4472.60009765625,3504.0
2026-09-04 18:30:00+00:00,4472.60009765625,4473.89990234375,4468.89990234375,4471.2998046875,1750.0
2026-09-04 19:00:00+00:00,4471.60009765625,4483.0,4470.0,4482.7998046875,1966.0
2026-09-04 19:30:00+00:00,4482.7998046875,4485.60009765625,4479.7998046875,4482.0,2785.0
2026-09-04 20:00:00+00:00,4481.7998046875,4482.2998046875,4476.60009765625,4477.2998046875,1123.0
2026-09-04 20:30:00+00:00,4476.60009765625,4478.5,4475.60009765625,4476.60009765625,676.0
2026-09-08 04:00:00+00:00,4483.5,4488.7998046875,4477.0,4477.89990234375,2018.0
2026-09-08 04:30:00+00:00,4478.2998046875,4485.5,4477.89990234375,4481.60009765625,884.0
2026-09-08 05:00:00+00:00,4481.7001953125,4483.39990234375,4465.2998046875,4465.5,1871.0
2026-09-08 05:30:00+00:00,4465.60009765625,4473.89990234375,4462.10009765625,4464.39990234375,2289.0
2026-09-08 06:00:00+00:00,4464.39990234375,4465.10009765625,4443.7001953125,4444.7998046875,3939.0
2026-09-08 06:30:00+00:00,4444.7998046875,4454.0,4442.60009765625,4448.2998046875,2791.0
2026-09-08 07:00:00+00:00,4448.60009765625,4454.0,4445.0,4446.5,2045.0
2026-09-08 07:30:00+00:00,4446.60009765625,4450.2001953125,4434.2998046875,4436.7001953125,3436.0
2026-09-08 08:00:00+00:00,4436.60009765625,4440.89990234375,4432.0,4438.89990234375,2373.0
2026-09-08 08:30:00+00:00,4439.0,4443.0,4435.5,4438.5,2223.0
2026-09-08 09:00:00+00:00,4438.0,4443.60009765625,4435.5,4437.2998046875,1684.0
2026-09-08 09:30:00+00:00,4437.2001953125,4450.10009765625,4435.0,4447.2001953125,2829.0
2026-09-08 10:00:00+00:00,4447.2998046875,4451.60009765625,4438.0,4443.7998046875,2738.0
2026-09-08 10:30:00+00:00,4443.7001953125,4444.89990234375,4438.2998046875,4439.89990234375,1698.0
2026-09-08 11:00:00+00:00,4440.2001953125,4447.2001953125,4435.5,4446.0,2060.0
2026-09-08 11:30:00+00:00,4446.5,4452.39990234375,4442.2998046875,4450.89990234375,2160.0
2026-09-08 12:00:00+00:00,4450.89990234375,4451.39990234375,4429.5,4446.2001953125,8104.0
2026-09-08 12:30:00+00:00,4446.2998046875,4456.2998046875,4439.7001953125,4456.10009765625,4519.0
2026-09-08 13:00:00+00:00,4456.2998046875,4457.89990234375,4443.5,4444.7998046875,4248.0
2026-09-08 13:30:00+00:00,4444.89990234375,4452.0,4434.7001953125,4440.2998046875,6752.0
2026-09-08 14:00:00+00:00,4440.2998046875,4449.0,4436.2001953125,4441.5,4806.0
2026-09-08 14:30:00+00:00,4442.0,4446.0,4433.7001953125,4443.39990234375,5524.0
2026-09-08 15:00:00+00:00,4443.7998046875,4454.5,4441.60009765625,4444.39990234375,5848.0
2026-09-08 15:30:00+00:00,4444.39990234375,4449.2998046875,4439.7998046875,4439.7998046875,2879.0
2026-09-08 16:00:00+00:00,4440.0,4440.5,4425.10009765625,4438.89990234375,7300.0
2026-09-08 16:30:00+00:00,4438.89990234375,4443.39990234375,4434.89990234375,4438.2998046875,3512.0
2026-09-08 17:00:00+00:00,4438.39990234375,4448.60009765625,4436.7998046875,4438.89990234375,4630.0
2026-09-08 17:30:00+00:00,4438.89990234375,4439.7998046875,4429.5,4434.2998046875,2783.0
2026-09-08 18:00:00+00:00,4434.5,4434.7001953125,4428.39990234375,4430.10009765625,2857.0
2026-09-08 18:30:00+00:00,4430.10009765625,4431.2998046875,4402.39990234375,4420.10009765625,9037.0
2026-09-08 19:00:00+00:00,4420.2001953125,4421.7998046875,4411.0,4413.60009765625,2974.0
2026-09-08 19:30:00+00:00,4413.39990234375,4414.7998046875,4401.10009765625,4404.5,4816.0
2026-09-08 20:00:00+00:00,4404.10009765625,4409.5,4400.10009765625,4401.0,3056.0
2026-09-08 20:30:00+00:00,4401.60009765625,4403.39990234375,4381.0,4400.0,2348.0
2026-09-08 22:00:00+00:00,4399.0,4403.0,4396.60009765625,4398.2998046875,770.0
2026-09-08 22:30:00+00:00,4398.2998046875,4399.7001953125,4393.7001953125,4397.39990234375,766.0
2026-09-08 23:00:00+00:00,4397.39990234375,4401.2998046875,4395.0,4401.0,995.0
2026-09-08 23:30:00+00:00,4401.10009765625,4403.39990234375,4392.39990234375,4393.10009765625,1304.0
2026-09-09 00:00:00+00:00,4393.2998046875,4396.60009765625,4384.10009765625,4390.60009765625,2474.0
2026-09-09 00:30:00+00:00,4390.2998046875,4409.5,4387.5,4408.7998046875,2447.0
2026-09-09 01:00:00+00:00,4408.60009765625,4417.0,4397.7998046875,4415.7998046875,4020.0
2026-09-09 01:30:00+00:00,4415.7998046875,4422.0,4414.60009765625,4417.7001953125,2660.0
2026-09-09 02:00:00+00:00,4417.2998046875,4420.89990234375,4414.39990234375,4416.60009765625,823.0
2026-09-09 02:30:00+00:00,4416.60009765625,4428.39990234375,4411.0,4426.0,2039.0
2026-09-09 03:00:00+00:00,4426.2001953125,4426.60009765625,4419.2001953125,4422.10009765625,992.0
2026-09-09 03:30:00+00:00,4421.89990234375,4423.89990234375,4419.2001953125,4420.39990234375,554.0
2026-09-09 04:00:00+00:00,4418.7001953125,4424.2998046875,4414.2001953125,4423.7001953125,1145.0
2026-09-09 04:30:00+00:00,4423.5,4426.2001953125,4419.89990234375,4425.2998046875,1013.0
2026-09-09 05:00:00+00:00,4425.39990234375,4432.2998046875,4423.89990234375,4428.7998046875,3249.0
2026-09-09 05:30:00+00:00,4428.7001953125,4444.60009765625,4428.0,4442.2998046875,4021.0
2026-09-09 06:00:00+00:00,4442.39990234375,4448.7998046875,4438.60009765625,4441.60009765625,3658.0
2026-09-09 06:30:00+00:00,4441.7001953125,4449.89990234375,4440.5,4444.7001953125,2961.0
2026-09-09 07:00:00+00:00,4444.39990234375,4452.60009765625,4443.0,4451.39990234375,2506.0
2026-09-09 07:30:00+00:00,4451.5,4456.2998046875,4449.89990234375,4452.89990234375,3483.0
2026-09-09 08:00:00+00:00,4452.7998046875,4455.39990234375,4442.60009765625,4443.7001953125,3339.0
2026-09-09 08:30:00+00:00,4443.60009765625,4447.60009765625,4442.7998046875,4444.60009765625,1531.0
2026-09-09 09:00:00+00:00,4444.7998046875,4446.2998046875,4440.60009765625,4442.5,1699.0
2026-09-09 09:30:00+00:00,4442.5,4443.0,4432.5,4434.60009765625,2802.0
2026-09-09 10:00:00+00:00,4434.5,4439.7001953125,4430.0,4438.2001953125,2486.0
2026-09-09 10:30:00+00:00,4438.10009765625,4447.0,4437.0,4442.89990234375,2592.0
2026-09-09 11:00:00+00:00,4443.2998046875,4453.2001953125,4443.2001953125,4452.0,2225.0
2026-09-09 11:30:00+00:00,4452.2998046875,4459.89990234375,4447.39990234375,4451.60009765625,4387.0
2026-09-09 12:00:00+00:00,4451.5,4453.60009765625,4438.10009765625,4438.5,3738.0
2026-09-09 12:30:00+00:00,4438.0,4447.0,4435.2001953125,4444.39990234375,4072.0
2026-09-09 13:00:00+00:00,4444.2001953125,4475.10009765625,4442.7998046875,4474.2998046875,8870.0
2026-09-09 13:30:00+00:00,4474.10009765625,4479.0,4454.7001953125,4459.2998046875,10240.0
2026-09-09 14:00:00+00:00,4459.2001953125,4473.0,4453.60009765625,4470.0,7711.0
2026-09-09 14:30:00+00:00,4470.2001953125,4471.39990234375,4459.2001953125,4463.2001953125,5051.0
2026-09-09 15:00:00+00:00,4463.39990234375,4477.0,4419.2998046875,4438.7001953125,24841.0
2026-09-09 15:30:00+00:00,4439.10009765625,4451.89990234375,4436.7998046875,4442.7001953125,6628.0
2026-09-09 16:00:00+00:00,4442.89990234375,4447.2998046875,4435.7998046875,4446.2001953125,3987.0
2026-09-09 16:30:00+00:00,4446.0,4455.39990234375,4443.2998046875,4454.39990234375,3188.0
2026-09-09 17:00:00+00:00,4454.5,4465.60009765625,4453.7998046875,4459.7998046875,5589.0
2026-09-09 17:30:00+00:00,4460.0,4462.2001953125,4456.7998046875,4461.2001953125,2440.0
2026-09-09 18:00:00+00:00,4461.39990234375,4466.7001953125,4461.10009765625,4463.10009765625,2591.0
2026-09-09 18:30:00+00:00,4463.2998046875,4463.5,4446.5,4448.2001953125,3214.0
2026-09-09 19:00:00+00:00,4448.2001953125,4450.39990234375,4442.0,4445.10009765625,2412.0
2026-09-09 19:30:00+00:00,4445.10009765625,4446.89990234375,4441.10009765625,4444.39990234375,1771.0
2026-09-09 20:00:00+00:00,4444.2001953125,4444.60009765625,4438.89990234375,4440.39990234375,991.0
2026-09-09 20:30:00+00:00,4440.2998046875,4448.10009765625,4440.2001953125,4447.2001953125,865.0
2026-09-09 22:00:00+00:00,4448.0,4450.39990234375,4444.39990234375,4446.7001953125,861.0
2026-09-09 22:30:00+00:00,4446.7001953125,4448.2998046875,4442.0,4443.89990234375,1837.0
2026-09-09 23:00:00+00:00,4444.0,4447.5,4439.60009765625,4441.2001953125,2713.0
2026-09-09 23:30:00+00:00,4441.2001953125,4443.0,4436.7001953125,4437.5,1011.0
2026-09-10 00:00:00+00:00,4437.7001953125,4442.2998046875,4433.2001953125,4436.60009765625,1350.0
2026-09-10 00:30:00+00:00,4436.2998046875,4448.39990234375,4434.89990234375,4444.5,1641.0
2026-09-10 01:00:00+00:00,4444.2998046875,4462.5,4443.5,4453.5,3141.0
2026-09-10 01:30:00+00:00,4453.7001953125,4457.7001953125,4448.5,4455.2001953125,1622.0
2026-09-10 02:00:00+00:00,4455.2001953125,4462.2001953125,4451.2998046875,4460.2998046875,2791.0
2026-09-10 02:30:00+00:00,4460.5,4464.39990234375,4454.2998046875,4462.7001953125,1849.0
2026-09-10 03:00:00+00:00,4462.7001953125,4464.5,4452.5,4453.2998046875,1428.0
2026-09-10 03:30:00+00:00,4453.10009765625,4455.7001953125,4449.89990234375,4451.89990234375,660.0
2026-09-10 04:00:00+00:00,4452.39990234375,4458.39990234375,4452.10009765625,4454.60009765625,858.0
2026-09-10 04:30:00+00:00,4455.2998046875,4456.7001953125,4448.39990234375,4451.39990234375,823.0
2026-09-10 05:00:00+00:00,4451.2001953125,4463.7998046875,4451.10009765625,4463.60009765625,1322.0
2026-09-10 05:30:00+00:00,4463.89990234375,4475.10009765625,4460.5,4475.0,4284.0
2026-09-10 06:00:00+00:00,4475.10009765625,4479.89990234375,4454.39990234375,4460.7998046875,4998.0
2026-09-10 06:30:00+00:00,4460.7001953125,4472.5,4456.2001953125,4469.2998046875,4655.0
2026-09-10 07:00:00+00:00,4469.0,4469.5,4451.7001953125,4451.7998046875,3732.0
2026-09-10 07:30:00+00:00,4452.10009765625,4458.7001953125,4447.5,4454.89990234375,3870.0
2026-09-10 08:00:00+00:00,4454.7001953125,4455.7001953125,4447.0,4449.10009765625,1986.0
2026-09-10 08:30:00+00:00,4448.7001953125,4449.2001953125,4435.0,4437.7998046875,4211.0
2026-09-10 09:00:00+00:00,4437.7998046875,4439.5,4432.2998046875,4435.5,2264.0
2026-09-10 09:30:00+00:00,4435.2001953125,4438.60009765625,4431.0,4437.0,1810.0
2026-09-10 10:00:00+00:00,4436.89990234375,4442.7998046875,4432.2001953125,4436.7001953125,2651.0
2026-09-10 10:30:00+00:00,4437.0,4437.5,4417.0,4421.39990234375,6236.0
2026-09-10 11:00:00+00:00,4421.10009765625,4431.2001953125,4417.39990234375,4428.0,3143.0
2026-09-10 11:30:00+00:00,4427.89990234375,4433.10009765625,4415.10009765625,4416.7001953125,2763.0
2026-09-10 12:00:00+00:00,4416.7998046875,4419.89990234375,4403.60009765625,4406.2998046875,7596.0
2026-09-10 12:30:00+00:00,4406.89990234375,4415.39990234375,4365.39990234375,4381.7998046875,24259.0
2026-09-10 13:00:00+00:00,4382.10009765625,4399.7998046875,4380.39990234375,4399.60009765625,9420.0
2026-09-10 13:30:00+00:00,4399.7001953125,4418.10009765625,4394.10009765625,4408.5,14561.0
2026-09-10 14:00:00+00:00,4408.2998046875,4419.10009765625,4396.5,4405.89990234375,11056.0
2026-09-10 14:30:00+00:00,4406.0,4412.7998046875,4396.39990234375,4400.10009765625,6458.0
2026-09-10 15:00:00+00:00,4400.39990234375,4409.7001953125,4394.60009765625,4407.2998046875,4652.0
2026-09-10 15:30:00+00:00,4407.39990234375,4414.10009765625,4402.7001953125,4407.7998046875,3719.0
2026-09-10 16:00:00+00:00,4408.10009765625,4412.0,4395.5,4405.10009765625,3982.0
2026-09-10 16:30:00+00:00,4404.5,4407.5,4397.89990234375,4406.39990234375,4603.0
2026-09-10 17:00:00+00:00,4406.2001953125,4410.5,4401.60009765625,4408.0,4705.0
2026-09-10 17:30:00+00:00,4407.89990234375,4408.39990234375,4392.7001953125,4394.2001953125,3401.0
2026-09-10 18:00:00+00:00,4394.39990234375,4397.7998046875,4378.7998046875,4380.7001953125,6167.0
2026-09-10 18:30:00+00:00,4380.60009765625,4380.60009765625,4371.2998046875,4374.39990234375,5769.0
2026-09-10 19:00:00+00:00,4374.0,4374.0,4354.7001953125,4368.7998046875,7948.0
2026-09-10 19:30:00+00:00,4368.7001953125,4371.0,4361.2998046875,4365.7001953125,2881.0
2026-09-10 20:00:00+00:00,4365.5,4365.7001953125,4357.60009765625,4359.7998046875,1531.0
2026-09-10 20:30:00+00:00,4359.7001953125,4360.60009765625,4355.89990234375,4358.5,1120.0
2026-09-10 22:00:00+00:00,4359.39990234375,4365.7998046875,4357.89990234375,4360.2001953125,555.0
2026-09-10 22:30:00+00:00,4360.39990234375,4360.7998046875,4354.0,4358.7998046875,1144.0
2026-09-10 23:00:00+00:00,4358.7001953125,4361.0,4356.89990234375,4358.7001953125,691.0
2026-09-10 23:30:00+00:00,4358.5,4360.89990234375,4351.2998046875,4354.5,1059.0
2026-09-11 00:00:00+00:00,4355.5,4364.7998046875,4353.2001953125,4364.2001953125,1412.0
2026-09-11 00:30:00+00:00,4364.2001953125,4374.10009765625,4359.7001953125,4372.2001953125,2022.0
2026-09-11 01:00:00+00:00,4372.2998046875,4380.7001953125,4361.0,4368.7998046875,4117.0
2026-09-11 01:30:00+00:00,4368.2998046875,4375.10009765625,4362.60009765625,4369.10009765625,2599.0
2026-09-11 02:00:00+00:00,4369.5,4374.5,4363.7001953125,4365.2998046875,1819.0
2026-09-11 02:30:00+00:00,4365.0,4367.2001953125,4356.2001953125,4363.2001953125,3030.0
2026-09-11 03:00:00+00:00,4362.7001953125,4366.7998046875,4344.39990234375,4350.10009765625,3217.0
2026-09-11 03:30:00+00:00,4350.10009765625,4353.2001953125,4341.39990234375,4345.0,2608.0
2026-09-11 04:00:00+00:00,4344.2001953125,4369.7998046875,4342.39990234375,4369.10009765625,3155.0
2026-09-11 04:30:00+00:00,4369.2001953125,4375.60009765625,4366.0,4372.10009765625,2365.0
2026-09-11 05:00:00+00:00,4372.39990234375,4379.89990234375,4368.89990234375,4375.5,1752.0
2026-09-11 05:30:00+00:00,4375.7001953125,4392.5,4374.10009765625,4386.60009765625,3345.0
2026-09-11 06:00:00+00:00,4386.7998046875,4402.0,4386.2998046875,4392.89990234375,3636.0
2026-09-11 06:30:00+00:00,4392.2998046875,4396.10009765625,4387.89990234375,4394.7998046875,2298.0
2026-09-11 07:00:00+00:00,4394.2001953125,4397.2998046875,4387.2998046875,4387.2998046875,1709.0
2026-09-11 07:30:00+00:00,4387.5,4388.7001953125,4381.7001953125,4386.10009765625,1511.0
2026-09-11 08:00:00+00:00,4386.2998046875,4399.2998046875,4383.0,4393.2001953125,3464.0
2026-09-11 08:30:00+00:00,4393.0,4398.2001953125,4387.39990234375,4388.7001953125,2271.0
2026-09-11 09:00:00+00:00,4388.89990234375,4395.39990234375,4383.2001953125,4385.60009765625,1588.0
2026-09-11 09:30:00+00:00,4386.0,4389.7998046875,4382.5,4388.2001953125,1734.0
2026-09-11 10:00:00+00:00,4388.2998046875,4392.0,4382.7001953125,4391.5,2803.0
2026-09-11 10:30:00+00:00,4391.5,4391.89990234375,4378.5,4379.39990234375,1828.0
2026-09-11 11:00:00+00:00,4379.2998046875,4384.60009765625,4376.5,4378.2001953125,2336.0
2026-09-11 11:30:00+00:00,4378.60009765625,4379.2998046875,4372.10009765625,4375.0,2476.0
2026-09-11 12:00:00+00:00,4375.2998046875,4385.5,4366.10009765625,4382.10009765625,4897.0
2026-09-11 12:30:00+00:00,4383.39990234375,4432.60009765625,4333.0,4430.2998046875,32216.0
2026-09-11 13:00:00+00:00,4430.5,4440.39990234375,4421.89990234375,4431.60009765625,15347.0
2026-09-11 13:30:00+00:00,4432.2998046875,4444.89990234375,4423.2998046875,4443.89990234375,10599.0
2026-09-11 14:00:00+00:00,4443.7001953125,4444.89990234375,4416.2001953125,4417.0,9567.0
2026-09-11 14:30:00+00:00,4417.2001953125,4426.10009765625,4406.2998046875,4412.5,8616.0
2026-09-11 15:00:00+00:00,4412.5,4414.7998046875,4401.0,4412.0,6884.0
2026-09-11 15:30:00+00:00,4411.7998046875,4418.7001953125,4406.7998046875,4408.60009765625,3868.0
2026-09-11 16:00:00+00:00,4408.60009765625,4414.39990234375,4393.2998046875,4396.2001953125,6591.0
2026-09-11 16:30:00+00:00,4396.5,4407.39990234375,4394.7001953125,4403.7998046875,3552.0
2026-09-11 17:00:00+00:00,4403.7001953125,4412.2998046875,4402.89990234375,4409.10009765625,4664.0
2026-09-11 17:30:00+00:00,4409.10009765625,4412.7001953125,4400.0,4400.60009765625,3092.0
2026-09-11 18:00:00+00:00,4400.5,4402.39990234375,4385.7998046875,4392.89990234375,5177.0
2026-09-11 18:30:00+00:00,4392.89990234375,4393.89990234375,4386.2998046875,4389.10009765625,1551.0
2026-09-11 19:00:00+00:00,4389.2998046875,4395.7998046875,4386.2998046875,4389.60009765625,2354.0
2026-09-11 19:30:00+00:00,4389.89990234375,4391.7998046875,4384.89990234375,4391.0,2350.0
2026-09-11 20:00:00+00:00,4391.0,4393.7998046875,4388.60009765625,4390.7998046875,717.0
2026-09-11 20:30:00+00:00,4390.7998046875,4408.89990234375,4387.2998046875,4408.89990234375,782.0
2026-09-13 22:00:00+00:00,4371.89990234375,4377.0,4368.60009765625,4376.89990234375,1439.0
2026-09-13 22:30:00+00:00,4376.89990234375,4380.89990234375,4374.5,4378.39990234375,1490.0
2026-09-13 23:00:00+00:00,4378.60009765625,4383.0,4376.2998046875,4379.89990234375,900.0
2026-09-13 23:30:00+00:00,4379.7998046875,4382.89990234375,4372.60009765625,4373.2998046875,703.0
2026-09-14 00:00:00+00:00,4373.2998046875,4388.7998046875,4370.89990234375,4378.89990234375,1978.0
2026-09-14 00:30:00+00:00,4379.2998046875,4384.39990234375,4373.39990234375,4379.60009765625,1472.0
2026-09-14 01:00:00+00:00,4379.7001953125,4385.89990234375,4367.10009765625,4376.7001953125,3523.0
2026-09-14 01:30:00+00:00,4376.2998046875,4396.5,4369.2998046875,4394.5,2838.0
2026-09-14 02:00:00+00:00,4394.39990234375,4396.2001953125,4389.2998046875,4393.2001953125,1512.0
2026-09-14 02:30:00+00:00,4393.7001953125,4396.7998046875,4371.10009765625,4371.7998046875,2431.0
2026-09-14 03:00:00+00:00,4371.5,4377.10009765625,4368.2998046875,4375.10009765625,1691.0
2026-09-14 03:30:00+00:00,4375.5,4375.7001953125,4367.2001953125,4370.60009765625,1489.0
2026-09-14 04:00:00+00:00,4370.60009765625,4371.89990234375,4369.0,4371.7998046875,557.0
2026-09-14 04:30:00+00:00,4371.7998046875,4371.7998046875,4362.10009765625,4369.60009765625,2130.0
2026-09-14 05:00:00+00:00,4369.7998046875,4372.7001953125,4366.5,4366.5,1192.0
2026-09-14 05:30:00+00:00,4366.89990234375,4378.10009765625,4363.5,4378.10009765625,3211.0
2026-09-14 06:00:00+00:00,4377.89990234375,4379.2998046875,4367.39990234375,4370.89990234375,1700.0
2026-09-14 06:30:00+00:00,4370.39990234375,4372.89990234375,4360.89990234375,4362.5,1806.0
2026-09-14 07:00:00+00:00,4362.39990234375,4364.5,4356.7001953125,4357.2998046875,2161.0
2026-09-14 07:30:00+00:00,4357.2001953125,4362.2001953125,4348.0,4350.7001953125,2994.0
2026-09-14 08:00:00+00:00,4350.89990234375,4358.39990234375,4350.2001953125,4350.7001953125,1911.0
2026-09-14 08:30:00+00:00,4350.0,4356.10009765625,4343.2001953125,4346.60009765625,2321.0
2026-09-14 09:00:00+00:00,4346.2998046875,4351.7998046875,4320.10009765625,4327.89990234375,7907.0
2026-09-14 09:30:00+00:00,4327.39990234375,4329.2001953125,4317.2998046875,4325.2001953125,6098.0
2026-09-14 10:00:00+00:00,4325.10009765625,4332.39990234375,4317.7998046875,4330.89990234375,3200.0
2026-09-14 10:30:00+00:00,4331.0,4336.5,4328.89990234375,4334.39990234375,2343.0
2026-09-14 11:00:00+00:00,4334.39990234375,4337.10009765625,4331.10009765625,4336.2998046875,2029.0
2026-09-14 11:30:00+00:00,4336.10009765625,4337.10009765625,4324.10009765625,4326.89990234375,2486.0
2026-09-14 12:00:00+00:00,4327.10009765625,4337.7001953125,4322.89990234375,4326.2998046875,5130.0
2026-09-14 12:30:00+00:00,4326.2998046875,4329.89990234375,4305.7001953125,4310.7998046875,8113.0
2026-09-14 13:00:00+00:00,4311.2001953125,4317.5,4293.0,4313.7001953125,10481.0
2026-09-14 13:30:00+00:00,4313.7001953125,4321.89990234375,4306.5,4312.2001953125,6959.0
2026-09-14 14:00:00+00:00,4312.10009765625,4323.39990234375,4303.7001953125,4310.39990234375,7549.0
2026-09-14 14:30:00+00:00,4310.39990234375,4320.10009765625,4306.0,4320.10009765625,4554.0
2026-09-14 15:00:00+00:00,4320.2001953125,4327.7998046875,4313.10009765625,4324.2998046875,7595.0
2026-09-14 15:30:00+00:00,4324.2998046875,4339.39990234375,4323.60009765625,4329.10009765625,8894.0
2026-09-14 16:00:00+00:00,4329.2998046875,4346.39990234375,4327.2998046875,4340.89990234375,4833.0
2026-09-14 16:30:00+00:00,4340.7998046875,4358.89990234375,4340.2001953125,4356.5,6654.0
2026-09-14 17:00:00+00:00,4356.5,4357.39990234375,4349.7001953125,4352.2998046875,5287.0
2026-09-14 17:30:00+00:00,4352.2998046875,4354.2998046875,4348.2001953125,4351.60009765625,2708.0
2026-09-14 18:00:00+00:00,4351.7001953125,4356.7001953125,4346.60009765625,4350.2001953125,3001.0
2026-09-14 18:30:00+00:00,4349.89990234375,4353.60009765625,4345.0,4347.7998046875,1976.0
2026-09-14 19:00:00+00:00,4347.89990234375,4348.2998046875,4336.5,4337.10009765625,2687.0
2026-09-14 19:30:00+00:00,4337.10009765625,4338.0,4323.2001953125,4324.10009765625,3614.0
2026-09-14 20:00:00+00:00,4324.10009765625,4339.2001953125,4322.7998046875,4337.5,2288.0
2026-09-14 20:30:00+00:00,4337.60009765625,4340.39990234375,4335.2998046875,4340.0,796.0
2026-09-14 22:00:00+00:00,4340.2998046875,4343.60009765625,4332.60009765625,4336.2001953125,1236.0
2026-09-14 22:30:00+00:00,4336.10009765625,4339.2001953125,4333.7998046875,4335.89990234375,2779.0
2026-09-14 23:00:00+00:00,4335.7998046875,4338.10009765625,4327.5,4330.5,2753.0
2026-09-14 23:30:00+00:00,4330.2998046875,4332.39990234375,4327.7001953125,4329.0,1256.0
2026-09-15 00:00:00+00:00,4328.89990234375,4330.7998046875,4324.2001953125,4328.89990234375,1610.0
2026-09-15 00:30:00+00:00,4328.60009765625,4337.2998046875,4323.7998046875,4333.60009765625,1659.0
2026-09-15 01:00:00+00:00,4333.7998046875,4346.0,4328.39990234375,4341.7998046875,3158.0
2026-09-15 01:30:00+00:00,4342.10009765625,4347.0,4333.89990234375,4344.10009765625,2610.0
2026-09-15 02:00:00+00:00,4344.5,4352.10009765625,4344.39990234375,4350.39990234375,2874.0
2026-09-15 02:30:00+00:00,4350.89990234375,4358.2001953125,4347.60009765625,4354.89990234375,2578.0
2026-09-15 03:00:00+00:00,4354.7998046875,4355.2001953125,4350.39990234375,4351.5,2076.0
2026-09-15 03:30:00+00:00,4351.5,4354.10009765625,4343.89990234375,4345.10009765625,2313.0
2026-09-15 04:00:00+00:00,4344.0,4350.39990234375,4343.10009765625,4344.0,1943.0
2026-09-15 04:30:00+00:00,4344.2001953125,4348.10009765625,4341.2998046875,4344.7998046875,1966.0
2026-09-15 05:00:00+00:00,4344.89990234375,4347.89990234375,4336.5,4337.2001953125,1374.0
2026-09-15 05:30:00+00:00,4337.0,4340.10009765625,4329.10009765625,4331.2001953125,2725.0
2026-09-15 06:00:00+00:00,4331.10009765625,4334.7001953125,4326.0,4329.5,2619.0
2026-09-15 06:30:00+00:00,4329.5,4335.2998046875,4325.89990234375,4333.60009765625,2647.0
2026-09-15 07:00:00+00:00,4333.5,4335.7001953125,4326.89990234375,4332.10009765625,2605.0
2026-09-15 07:30:00+00:00,4332.39990234375,4333.2998046875,4316.60009765625,4320.7001953125,3710.0
2026-09-15 08:00:00+00:00,4320.7998046875,4320.89990234375,4304.0,4313.7998046875,5164.0
2026-09-15 08:30:00+00:00,4313.7998046875,4315.2998046875,4301.7001953125,4302.7998046875,2508.0
2026-09-15 09:00:00+00:00,4303.10009765625,4309.5,4301.60009765625,4307.10009765625,3808.0
2026-09-15 09:30:00+00:00,4306.7998046875,4312.39990234375,4304.89990234375,4308.7001953125,3033.0
2026-09-15 10:00:00+00:00,4308.7998046875,4318.39990234375,4308.7998046875,4314.39990234375,2543.0
2026-09-15 10:30:00+00:00,4314.60009765625,4324.0,4313.5,4321.7998046875,2674.0
2026-09-15 11:00:00+00:00,4321.2001953125,4325.7001953125,4318.7998046875,4323.2998046875,2252.0
2026-09-15 11:30:00+00:00,4323.2001953125,4326.7001953125,4320.10009765625,4324.39990234375,2065.0
2026-09-15 12:00:00+00:00,4324.39990234375,4324.7998046875,4311.0,4317.60009765625,3531.0
2026-09-15 12:30:00+00:00,4317.39990234375,4336.2998046875,4314.2998046875,4330.60009765625,7016.0
2026-09-15 13:00:00+00:00,4330.2001953125,4334.60009765625,4323.2998046875,4327.39990234375,5190.0
2026-09-15 13:30:00+00:00,4327.60009765625,4338.5,4324.0,4334.60009765625,6258.0
2026-09-15 14:00:00+00:00,4334.60009765625,4340.7001953125,4322.2998046875,4324.39990234375,6021.0
2026-09-15 14:30:00+00:00,4324.2998046875,4326.2001953125,4313.0,4316.7998046875,6884.0
2026-09-15 15:00:00+00:00,4316.89990234375,4327.89990234375,4316.60009765625,4324.10009765625,3763.0
2026-09-15 15:30:00+00:00,4324.2001953125,4335.2001953125,4321.7001953125,4329.89990234375,5035.0
2026-09-15 16:00:00+00:00,4329.60009765625,4337.2998046875,4325.39990234375,4335.89990234375,3631.0
2026-09-15 16:30:00+00:00,4335.7001953125,4338.39990234375,4331.60009765625,4335.60009765625,3762.0
2026-09-15 17:00:00+00:00,4335.7998046875,4339.7001953125,4330.5,4333.7001953125,5969.0
2026-09-15 17:30:00+00:00,4333.60009765625,4339.7998046875,4332.7001953125,4335.2998046875,3156.0
2026-09-15 18:00:00+00:00,4335.5,4347.2001953125,4332.89990234375,4345.0,4511.0
2026-09-15 18:30:00+00:00,4344.89990234375,4350.60009765625,4341.7998046875,4348.7001953125,2361.0
2026-09-15 19:00:00+00:00,4348.7001953125,4350.7998046875,4337.7998046875,4340.89990234375,2143.0
2026-09-15 19:30:00+00:00,4340.60009765625,4342.10009765625,4333.7001953125,4337.2998046875,2355.0
2026-09-15 20:00:00+00:00,4337.2998046875,4338.7998046875,4333.7001953125,4334.10009765625,1435.0
2026-09-15 20:30:00+00:00,4334.2998046875,4335.89990234375,4331.60009765625,4333.39990234375,825.0
2026-09-15 22:00:00+00:00,4333.5,4339.10009765625,4330.89990234375,4339.0,2467.0
2026-09-15 22:30:00+00:00,4339.10009765625,4339.5,4329.2001953125,4329.2001953125,2045.0
2026-09-15 23:00:00+00:00,4329.10009765625,4329.7001953125,4322.0,4324.39990234375,2085.0
2026-09-15 23:30:00+00:00,4324.0,4328.10009765625,4321.2001953125,4323.2998046875,3247.0
2026-09-16 00:00:00+00:00,4323.89990234375,4326.5,4320.7001953125,4324.39990234375,1104.0
2026-09-16 00:30:00+00:00,4324.7998046875,4325.89990234375,4315.2001953125,4317.10009765625,2605.0
2026-09-16 01:00:00+00:00,4317.10009765625,4333.2998046875,4316.2998046875,4330.10009765625,4196.0
2026-09-16 01:30:00+00:00,4330.10009765625,4331.2001953125,4319.39990234375,4321.7998046875,2124.0
2026-09-16 02:00:00+00:00,4322.0,4340.5,4321.39990234375,4338.7998046875,3562.0
2026-09-16 02:30:00+00:00,4338.89990234375,4363.89990234375,4338.2998046875,4362.10009765625,7596.0
2026-09-16 03:00:00+00:00,4362.2998046875,4381.89990234375,4361.89990234375,4372.60009765625,7007.0
2026-09-16 03:30:00+00:00,4372.5,4373.39990234375,4363.2998046875,4367.2001953125,2321.0
2026-09-16 04:00:00+00:00,4368.0,4369.2001953125,4364.0,4366.60009765625,1064.0
2026-09-16 04:30:00+00:00,4366.39990234375,4369.10009765625,4361.5,4362.60009765625,811.0
2026-09-16 05:00:00+00:00,4362.7998046875,4367.7001953125,4361.7001953125,4365.7001953125,1470.0
2026-09-16 05:30:00+00:00,4365.89990234375,4374.2998046875,4365.0,4366.89990234375,2074.0
2026-09-16 06:00:00+00:00,4366.89990234375,4372.39990234375,4361.7001953125,4367.0,2300.0
2026-09-16 06:30:00+00:00,4366.7998046875,4373.39990234375,4364.0,4373.2001953125,1789.0
2026-09-16 07:00:00+00:00,4372.7001953125,4378.0,4370.0,4375.7998046875,2217.0
2026-09-16 07:30:00+00:00,4375.89990234375,4379.10009765625,4368.2001953125,4369.0,2560.0
2026-09-16 08:00:00+00:00,4369.0,4377.7001953125,4362.60009765625,4374.2998046875,4995.0
2026-09-16 08:30:00+00:00,4374.39990234375,4374.60009765625,4363.89990234375,4371.10009765625,2577.0
2026-09-16 09:00:00+00:00,4371.2001953125,4375.0,4368.2998046875,4370.60009765625,3133.0
2026-09-16 09:30:00+00:00,4370.2998046875,4380.2998046875,4370.2998046875,4379.10009765625,3190.0
2026-09-16 10:00:00+00:00,4379.10009765625,4390.2001953125,4378.60009765625,4389.2998046875,6703.0
2026-09-16 10:30:00+00:00,4389.39990234375,4393.0,4386.60009765625,4391.89990234375,2595.0
2026-09-16 11:00:00+00:00,4392.0,4394.7998046875,4387.39990234375,4391.7998046875,4624.0
2026-09-16 11:30:00+00:00,4391.7001953125,4394.2001953125,4382.7001953125,4382.7998046875,3034.0
2026-09-16 12:00:00+00:00,4382.7998046875,4389.2998046875,4378.60009765625,4381.0,4972.0
2026-09-16 12:30:00+00:00,4380.7001953125,4390.10009765625,4375.0,4388.39990234375,4853.0
2026-09-16 13:00:00+00:00,4388.5,4402.89990234375,4385.0,4393.2001953125,7384.0
2026-09-16 13:30:00+00:00,4393.10009765625,4395.5,4376.2998046875,4379.89990234375,6377.0
2026-09-16 14:00:00+00:00,4379.89990234375,4382.89990234375,4364.5,4379.7001953125,10847.0
2026-09-16 14:30:00+00:00,4379.60009765625,4398.10009765625,4376.0,4397.2998046875,6280.0
2026-09-16 15:00:00+00:00,4397.2001953125,4400.2001953125,4385.89990234375,4386.10009765625,6395.0
2026-09-16 15:30:00+00:00,4386.2001953125,4405.2001953125,4384.5,4394.7001953125,6467.0
2026-09-16 16:00:00+00:00,4394.89990234375,4395.0,4386.10009765625,4387.7998046875,2828.0
2026-09-16 16:30:00+00:00,4387.7001953125,4390.60009765625,4385.2998046875,4388.5,2892.0
2026-09-16 17:00:00+00:00,4388.2998046875,4389.0,4383.39990234375,4388.2001953125,3971.0
2026-09-16 17:30:00+00:00,4388.39990234375,4413.10009765625,4384.10009765625,4399.0,5264.0
2026-09-16 18:00:00+00:00,4404.2001953125,4412.0,4347.89990234375,4363.89990234375,26157.0
2026-09-16 18:30:00+00:00,4363.5,4365.0,4296.2001953125,4301.2998046875,31771.0
2026-09-16 19:00:00+00:00,4301.0,4326.89990234375,4273.2998046875,4292.60009765625,22379.0
2026-09-16 19:30:00+00:00,4292.89990234375,4315.5,4292.5,4311.39990234375,8045.0
2026-09-16 20:00:00+00:00,4311.2001953125,4312.89990234375,4296.89990234375,4299.7998046875,2565.0
2026-09-16 20:30:00+00:00,4299.7001953125,4305.5,4297.60009765625,4302.5,1156.0
2026-09-16 22:00:00+00:00,4301.39990234375,4302.7001953125,4294.5,4299.10009765625,1229.0
2026-09-16 22:30:00+00:00,4299.2998046875,4314.0,4299.0,4304.7001953125,2969.0
2026-09-16 23:00:00+00:00,4304.0,4311.10009765625,4296.7998046875,4309.7998046875,3029.0
2026-09-16 23:30:00+00:00,4309.89990234375,4313.7001953125,4306.39990234375,4309.7001953125,1993.0
2026-09-17 00:00:00+00:00,4309.7998046875,4327.7001953125,4304.39990234375,4322.7998046875,3863.0
2026-09-17 00:30:00+00:00,4322.5,4330.39990234375,4315.2001953125,4318.5,2812.0
2026-09-17 01:00:00+00:00,4318.39990234375,4350.89990234375,4318.39990234375,4348.10009765625,7210.0
2026-09-17 01:30:00+00:00,4347.39990234375,4356.2001953125,4335.7998046875,4337.89990234375,4016.0
2026-09-17 02:00:00+00:00,4338.2001953125,4338.89990234375,4319.0,4330.10009765625,3830.0
2026-09-17 02:30:00+00:00,4330.10009765625,4331.10009765625,4312.0,4315.2001953125,3228.0
2026-09-17 03:00:00+00:00,4315.2001953125,4325.0,4315.2001953125,4323.7998046875,1432.0
2026-09-17 03:30:00+00:00,4323.7998046875,4336.0,4323.7998046875,4335.39990234375,2042.0
2026-09-17 04:00:00+00:00,4334.2001953125,4335.10009765625,4329.39990234375,4330.0,1120.0
2026-09-17 04:30:00+00:00,4329.60009765625,4337.5,4328.7001953125,4336.10009765625,1536.0
2026-09-17 05:00:00+00:00,4335.60009765625,4337.60009765625,4323.7001953125,4324.7998046875,1266.0
2026-09-17 05:30:00+00:00,4324.89990234375,4343.7001953125,4324.60009765625,4342.60009765625,1993.0
2026-09-17 06:00:00+00:00,4342.5,4351.60009765625,4342.2998046875,4350.7001953125,2848.0
2026-09-17 06:30:00+00:00,4350.39990234375,4353.7998046875,4344.2998046875,4349.5,2264.0
2026-09-17 07:00:00+00:00,4349.39990234375,4368.7998046875,4347.7998046875,4368.2001953125,4879.0
2026-09-17 07:30:00+00:00,4368.2998046875,4374.39990234375,4362.7001953125,4366.10009765625,4269.0
2026-09-17 08:00:00+00:00,4366.39990234375,4367.2001953125,4353.7001953125,4355.10009765625,3480.0
2026-09-17 08:30:00+00:00,4355.2001953125,4359.0,4349.2001953125,4350.7001953125,2401.0
2026-09-17 09:00:00+00:00,4351.2998046875,4358.5,4344.7998046875,4345.39990234375,2686.0
2026-09-17 09:30:00+00:00,4345.2998046875,4350.39990234375,4343.89990234375,4345.10009765625,2220.0
2026-09-17 10:00:00+00:00,4345.2998046875,4355.10009765625,4343.7998046875,4352.7998046875,1563.0
2026-09-17 10:30:00+00:00,4353.0,4364.7001953125,4351.60009765625,4363.7001953125,2204.0
2026-09-17 11:00:00+00:00,4363.89990234375,4379.7001953125,4363.2001953125,4368.0,5638.0
2026-09-17 11:30:00+00:00,4368.10009765625,4393.5,4362.89990234375,4390.0,6131.0
2026-09-17 12:00:00+00:00,4390.0,4423.2998046875,4383.7998046875,4421.2998046875,13638.0
2026-09-17 12:30:00+00:00,4421.0,4421.0,4399.39990234375,4413.7998046875,8753.0
2026-09-17 13:00:00+00:00,4413.7998046875,4415.7998046875,4400.60009765625,4407.39990234375,6018.0
2026-09-17 13:30:00+00:00,4407.60009765625,4415.0,4395.89990234375,4407.39990234375,9120.0
2026-09-17 14:00:00+00:00,4407.2998046875,4420.89990234375,4405.2001953125,4407.5,6534.0
2026-09-17 14:30:00+00:00,4407.89990234375,4408.5,4392.2001953125,4394.5,6177.0
2026-09-17 15:00:00+00:00,4394.60009765625,4405.2001953125,4391.7998046875,4398.2998046875,4178.0
2026-09-17 15:30:00+00:00,4399.10009765625,4410.2001953125,4396.0,4409.7998046875,3832.0
2026-09-17 16:00:00+00:00,4410.10009765625,4412.7001953125,4403.2998046875,4407.2998046875,3806.0
2026-09-17 16:30:00+00:00,4407.2001953125,4407.39990234375,4395.2998046875,4401.89990234375,4349.0
2026-09-17 17:00:00+00:00,4402.10009765625,4405.7001953125,4397.60009765625,4400.2001953125,3969.0
2026-09-17 17:30:00+00:00,4400.2998046875,4403.7001953125,4397.2998046875,4400.2998046875,1476.0
2026-09-17 18:00:00+00:00,4401.2001953125,4405.60009765625,4395.7998046875,4396.0,1614.0
2026-09-17 18:30:00+00:00,4396.2998046875,4396.5,4388.10009765625,4390.89990234375,2800.0
2026-09-17 19:00:00+00:00,4391.2001953125,4395.39990234375,4382.39990234375,4382.39990234375,2319.0
2026-09-17 19:30:00+00:00,4382.5,4388.7998046875,4381.60009765625,4385.2001953125,2180.0
2026-09-17 20:00:00+00:00,4385.60009765625,4386.2001953125,4381.39990234375,4381.7001953125,935.0
2026-09-17 20:30:00+00:00,4381.7998046875,4383.39990234375,4380.2998046875,4380.60009765625,877.0
2026-09-17 22:00:00+00:00,4381.60009765625,4384.10009765625,4380.5,4383.7001953125,1145.0
2026-09-17 22:30:00+00:00,4383.7998046875,4388.5,4380.10009765625,4383.0,2978.0
2026-09-17 23:00:00+00:00,4383.2001953125,4386.7001953125,4378.2998046875,4383.2001953125,2066.0
2026-09-17 23:30:00+00:00,4383.0,4387.10009765625,4382.0,4385.0,496.0
2026-09-18 00:00:00+00:00,4384.39990234375,4396.2998046875,4380.7001953125,4392.5,1867.0
2026-09-18 00:30:00+00:00,4392.0,4399.5,4391.2998046875,4394.89990234375,1477.0
2026-09-18 01:00:00+00:00,4395.5,4404.60009765625,4393.60009765625,4398.5,3067.0
2026-09-18 01:30:00+00:00,4398.60009765625,4398.7001953125,4382.60009765625,4387.0,2202.0
2026-09-18 02:00:00+00:00,4387.0,4392.5,4384.89990234375,4391.5,1520.0
2026-09-18 02:30:00+00:00,4392.10009765625,4395.10009765625,4381.7998046875,4385.39990234375,1986.0
2026-09-18 03:00:00+00:00,4384.7998046875,4390.39990234375,4372.2001953125,4379.2998046875,3990.0
2026-09-18 03:30:00+00:00,4379.0,4399.5,4378.7998046875,4396.60009765625,3117.0
2026-09-18 04:00:00+00:00,4397.60009765625,4400.60009765625,4391.7998046875,4397.5,1312.0
2026-09-18 04:30:00+00:00,4397.2001953125,4406.89990234375,4396.10009765625,4406.39990234375,2123.0
2026-09-18 05:00:00+00:00,4406.7001953125,4409.2998046875,4403.60009765625,4404.2001953125,1699.0
2026-09-18 05:30:00+00:00,4404.39990234375,4418.10009765625,4399.7998046875,4416.89990234375,4435.0
2026-09-18 06:00:00+00:00,4417.0,4433.7001953125,4416.7001953125,4432.10009765625,4895.0
2026-09-18 06:30:00+00:00,4432.0,4437.10009765625,4429.39990234375,4433.5,2710.0
2026-09-18 07:00:00+00:00,4433.2001953125,4435.89990234375,4429.0,4435.5,2366.0
2026-09-18 07:30:00+00:00,4435.5,4439.7998046875,4431.10009765625,4433.2998046875,3409.0
2026-09-18 08:00:00+00:00,4433.2001953125,4438.2998046875,4427.39990234375,4427.7001953125,2424.0
2026-09-18 08:30:00+00:00,4428.2001953125,4434.2001953125,4424.89990234375,4432.10009765625,2112.0
2026-09-18 09:00:00+00:00,4432.2998046875,4438.2998046875,4425.89990234375,4428.0,2132.0
2026-09-18 09:30:00+00:00,4427.7001953125,4429.0,4413.10009765625,4416.10009765625,3548.0
2026-09-18 10:00:00+00:00,4416.39990234375,4421.39990234375,4415.5,4421.39990234375,1368.0
2026-09-18 10:30:00+00:00,4421.2998046875,4422.2001953125,4415.7998046875,4421.2998046875,1469.0
2026-09-18 11:00:00+00:00,4421.2001953125,4428.10009765625,4416.7998046875,4416.89990234375,2728.0
2026-09-18 11:30:00+00:00,4417.2998046875,4422.0,4411.39990234375,4420.7998046875,2795.0
2026-09-18 12:00:00+00:00,4420.89990234375,4421.89990234375,4392.39990234375,4397.0,7101.0
2026-09-18 12:30:00+00:00,4397.0,4412.2001953125,4396.7001953125,4407.60009765625,3959.0
2026-09-18 13:00:00+00:00,4408.0,4414.5,4401.7001953125,4406.10009765625,4976.0
2026-09-18 13:30:00+00:00,4406.0,4406.60009765625,4385.60009765625,4387.60009765625,7002.0
2026-09-18 14:00:00+00:00,4387.5,4394.89990234375,4381.2998046875,4381.5,5687.0
2026-09-18 14:30:00+00:00,4381.2001953125,4400.10009765625,4381.0,4391.5,5924.0
2026-09-18 15:00:00+00:00,4391.2001953125,4395.39990234375,4386.10009765625,4394.5,3595.0
2026-09-18 15:30:00+00:00,4394.60009765625,4396.60009765625,4387.10009765625,4395.0,3518.0
2026-09-18 16:00:00+00:00,4395.2001953125,4416.89990234375,4393.39990234375,4416.2001953125,4940.0
2026-09-18 16:30:00+00:00,4416.2998046875,4422.60009765625,4413.0,4421.10009765625,4590.0
2026-09-18 17:00:00+00:00,4421.2001953125,4427.60009765625,4419.89990234375,4425.2998046875,4891.0
2026-09-18 17:30:00+00:00,4425.2998046875,4435.2001953125,4423.7001953125,4431.2998046875,3947.0
2026-09-18 18:00:00+00:00,4431.39990234375,4432.89990234375,4427.39990234375,4429.2001953125,2210.0
2026-09-18 18:30:00+00:00,4429.2001953125,4429.2001953125,4418.2001953125,4420.7998046875,2605.0
2026-09-18 19:00:00+00:00,4420.7001953125,4424.2998046875,4417.10009765625,4418.7001953125,2161.0
2026-09-18 19:30:00+00:00,4418.7001953125,4421.5,4413.5,4415.60009765625,2023.0
2026-09-18 20:00:00+00:00,4415.60009765625,4421.5,4414.39990234375,4419.2998046875,1222.0
2026-09-18 20:30:00+00:00,4419.2998046875,4424.89990234375,4414.5,4424.89990234375,950.0
2026-09-20 22:00:00+00:00,4415.0,4417.7998046875,4412.7998046875,4414.10009765625,610.0
2026-09-20 22:30:00+00:00,4414.0,4416.2001953125,4412.0,4412.10009765625,721.0
2026-09-20 23:00:00+00:00,4412.2001953125,4413.2001953125,4409.2998046875,4412.7998046875,792.0
2026-09-20 23:30:00+00:00,4412.5,4414.7998046875,4406.89990234375,4411.60009765625,745.0
2026-09-21 00:00:00+00:00,4411.5,4411.5,4396.39990234375,4406.10009765625,2692.0
2026-09-21 00:30:00+00:00,4406.0,4414.2998046875,4400.5,4404.7998046875,2079.0
2026-09-21 01:00:00+00:00,4404.7998046875,4422.10009765625,4404.7998046875,4413.2998046875,3961.0
2026-09-21 01:30:00+00:00,4413.10009765625,4421.60009765625,4412.10009765625,4415.7001953125,2039.0
2026-09-21 02:00:00+00:00,4416.0,4416.2001953125,4399.0,4407.5,2390.0
2026-09-21 02:30:00+00:00,4407.60009765625,4410.39990234375,4400.5,4401.5,2055.0
2026-09-21 03:00:00+00:00,4401.7001953125,4404.60009765625,4396.7001953125,4397.7998046875,2324.0
2026-09-21 03:30:00+00:00,4397.5,4406.0,4395.39990234375,4395.7998046875,1551.0
2026-09-21 04:00:00+00:00,4396.7998046875,4402.89990234375,4393.39990234375,4399.2001953125,1032.0
2026-09-21 04:30:00+00:00,4399.2001953125,4400.7001953125,4392.2001953125,4393.10009765625,1317.0
2026-09-21 05:00:00+00:00,4392.89990234375,4398.2998046875,4389.7001953125,4394.60009765625,1789.0
2026-09-21 05:30:00+00:00,4394.5,4399.2998046875,4386.2998046875,4388.0,2633.0
2026-09-21 06:00:00+00:00,4387.89990234375,4393.10009765625,4383.5,4384.39990234375,2310.0
2026-09-21 06:30:00+00:00,4384.60009765625,4392.2998046875,4384.60009765625,4390.7001953125,1794.0
2026-09-21 07:00:00+00:00,4390.7998046875,4393.7001953125,4383.10009765625,4387.89990234375,3004.0
2026-09-21 07:30:00+00:00,4388.39990234375,4392.7001953125,4379.0,4381.60009765625,3374.0
2026-09-21 08:00:00+00:00,4381.5,4393.0,4380.7998046875,4390.7998046875,2242.0
2026-09-21 08:30:00+00:00,4390.5,4395.2001953125,4387.2998046875,4390.7001953125,2027.0
2026-09-21 09:00:00+00:00,4390.7001953125,4392.39990234375,4383.7001953125,4383.7001953125,1758.0
2026-09-21 09:30:00+00:00,4383.7001953125,4386.2998046875,4377.5,4383.60009765625,3511.0
2026-09-21 10:00:00+00:00,4383.39990234375,4394.60009765625,4383.2001953125,4388.7001953125,1931.0
2026-09-21 10:30:00+00:00,4388.60009765625,4390.2001953125,4380.10009765625,4380.39990234375,1068.0
2026-09-21 11:00:00+00:00,4380.2001953125,4393.0,4379.5,4391.5,1533.0
2026-09-21 11:30:00+00:00,4391.10009765625,4409.39990234375,4389.7001953125,4407.2998046875,3869.0
2026-09-21 12:00:00+00:00,4407.10009765625,4413.0,4388.7998046875,4393.0,5105.0
2026-09-21 12:30:00+00:00,4393.0,4401.7001953125,4388.7001953125,4397.39990234375,4588.0
2026-09-21 13:00:00+00:00,4397.2001953125,4407.7998046875,4393.7001953125,4402.2998046875,3566.0
2026-09-21 13:30:00+00:00,4402.2998046875,4402.5,4383.60009765625,4383.7998046875,6387.0
2026-09-21 14:00:00+00:00,4383.7001953125,4384.7998046875,4360.2998046875,4379.60009765625,14393.0
2026-09-21 14:30:00+00:00,4379.60009765625,4382.0,4370.0,4376.89990234375,5240.0
2026-09-21 15:00:00+00:00,4377.10009765625,4392.39990234375,4377.0,4389.2001953125,4753.0
2026-09-21 15:30:00+00:00,4389.5,4394.60009765625,4384.60009765625,4386.2998046875,4292.0
2026-09-21 16:00:00+00:00,4386.5,4395.7001953125,4383.0,4389.2001953125,5415.0
2026-09-21 16:30:00+00:00,4389.2001953125,4391.0,4381.0,4381.39990234375,2481.0
2026-09-21 17:00:00+00:00,4381.5,4385.2998046875,4379.89990234375,4382.60009765625,1126.0
