time,Open,High,Low,Close,Volume
2026-09-20 22:10:00+00:00,4415.0,4416.0,4415.0,4415.5,0.0
2026-09-20 22:11:00+00:00,4415.7998046875,4416.0,4415.2998046875,4415.89990234375,25.0
2026-09-20 22:12:00+00:00,4416.10009765625,4416.39990234375,4415.39990234375,4415.7998046875,32.0
2026-09-20 22:13:00+00:00,4416.2001953125,4416.5,4416.10009765625,4416.5,15.0
2026-09-20 22:14:00+00:00,4416.39990234375,4417.5,4416.39990234375,4417.0,79.0
2026-09-20 22:15:00+00:00,4417.5,4417.5,4416.39990234375,4417.0,25.0
2026-09-20 22:16:00+00:00,4417.2001953125,4417.7998046875,4417.0,4417.2998046875,30.0
2026-09-20 22:17:00+00:00,4417.2998046875,4417.5,4416.7998046875,4417.0,20.0
2026-09-20 22:18:00+00:00,4417.0,4417.0,4416.2001953125,4416.7001953125,12.0
2026-09-20 22:19:00+00:00,4416.7001953125,4417.39990234375,4416.39990234375,4416.39990234375,41.0
2026-09-20 22:20:00+00:00,4416.2998046875,4416.2998046875,4414.39990234375,4414.7998046875,61.0
2026-09-20 22:21:00+00:00,4414.39990234375,4414.39990234375,4413.60009765625,4413.7001953125,35.0
2026-09-20 22:22:00+00:00,4413.7998046875,4413.7998046875,4412.89990234375,4413.7998046875,39.0
2026-09-20 22:23:00+00:00,4413.7998046875,4414.5,4413.10009765625,4413.10009765625,23.0
2026-09-20 22:24:00+00:00,4413.10009765625,4413.39990234375,4412.7998046875,4413.0,23.0
2026-09-20 22:25:00+00:00,4412.89990234375,4415.39990234375,4412.89990234375,4414.89990234375,81.0
2026-09-20 22:26:00+00:00,4414.7001953125,4414.7998046875,4414.39990234375,4414.60009765625,16.0
2026-09-20 22:27:00+00:00,4414.60009765625,4415.2998046875,4413.2998046875,4413.2998046875,26.0
2026-09-20 22:28:00+00:00,4413.10009765625,4413.39990234375,4413.0,4413.10009765625,9.0
2026-09-20 22:29:00+00:00,4413.0,4414.2998046875,4413.0,4414.10009765625,18.0
2026-09-20 22:30:00+00:00,4414.0,4415.2998046875,4413.60009765625,4415.2998046875,31.0
2026-09-20 22:31:00+00:00,4414.2998046875,4415.2001953125,4414.0,4414.7001953125,16.0
2026-09-20 22:32:00+00:00,4414.7001953125,4415.5,4414.39990234375,4414.89990234375,31.0
2026-09-20 22:33:00+00:00,4415.0,4415.0,4414.60009765625,4414.60009765625,5.0
2026-09-20 22:34:00+00:00,4414.39990234375,4414.5,4414.2001953125,4414.5,9.0
2026-09-20 22:35:00+00:00,4414.5,4414.7001953125,4414.2001953125,4414.2001953125,22.0
2026-09-20 22:36:00+00:00,4414.10009765625,4415.7998046875,4414.10009765625,4415.7998046875,37.0
2026-09-20 22:37:00+00:00,4415.7001953125,4416.2001953125,4415.39990234375,4415.60009765625,28.0
2026-09-20 22:38:00+00:00,4415.7998046875,4416.0,4415.39990234375,4416.0,10.0
2026-09-20 22:39:00+00:00,4415.7998046875,4416.10009765625,4414.7001953125,4414.89990234375,26.0
2026-09-20 22:40:00+00:00,4415.2998046875,4416.10009765625,4414.5,4414.5,53.0
2026-09-20 22:41:00+00:00,4415.2998046875,4415.5,4415.2001953125,4415.5,12.0
2026-09-20 22:42:00+00:00,4415.7001953125,4416.0,4414.60009765625,4414.60009765625,40.0
2026-09-20 22:43:00+00:00,4414.60009765625,4414.7998046875,4413.2001953125,4413.39990234375,31.0
2026-09-20 22:44:00+00:00,4413.89990234375,4413.89990234375,4412.7001953125,4412.7001953125,23.0
2026-09-20 22:45:00+00:00,4413.0,4413.60009765625,4412.5,4413.10009765625,20.0
2026-09-20 22:46:00+00:00,4413.10009765625,4413.60009765625,4412.7001953125,4413.2998046875,26.0
2026-09-20 22:47:00+00:00,4413.2998046875,4414.10009765625,4413.2998046875,4414.10009765625,9.0
2026-09-20 22:48:00+00:00,4414.10009765625,4414.10009765625,4412.89990234375,4413.10009765625,27.0
2026-09-20 22:49:00+00:00,4413.0,4413.0,4412.0,4412.7001953125,45.0
2026-09-20 22:50:00+00:00,4412.7001953125,4412.7001953125,4412.60009765625,4412.60009765625,5.0
2026-09-20 22:51:00+00:00,4413.2998046875,4413.5,4412.2998046875,4412.2998046875,15.0
2026-09-20 22:52:00+00:00,4412.5,4412.7998046875,4412.2001953125,4412.60009765625,10.0
2026-09-20 22:53:00+00:00,4412.7001953125,4413.7001953125,4412.39990234375,4412.7998046875,33.0
2026-09-20 22:54:00+00:00,4413.10009765625,4414.0,4413.10009765625,4413.7998046875,12.0
2026-09-20 22:55:00+00:00,4413.89990234375,4414.10009765625,4413.60009765625,4413.89990234375,19.0
2026-09-20 22:56:00+00:00,4413.7998046875,4415.2001953125,4413.7998046875,4415.2001953125,31.0
2026-09-20 22:57:00+00:00,4415.10009765625,4415.10009765625,4413.60009765625,4413.60009765625,42.0
2026-09-20 22:58:00+00:00,4413.39990234375,4413.89990234375,4412.5,4412.7001953125,34.0
2026-09-20 22:59:00+00:00,4413.0,4413.2001953125,4412.0,4412.10009765625,19.0
2026-09-20 23:00:00+00:00,4412.2001953125,4412.2998046875,4411.5,4412.2998046875,38.0
2026-09-20 23:01:00+00:00,4412.2001953125,4412.89990234375,4412.0,4412.2998046875,25.0
2026-09-20 23:02:00+00:00,4412.2998046875,4412.2998046875,4411.89990234375,4412.10009765625,8.0
2026-09-20 23:03:00+00:00,4412.2998046875,4412.39990234375,4412.2998046875,4412.39990234375,2.0
2026-09-20 23:04:00+00:00,4412.39990234375,4412.60009765625,4412.0,4412.5,11.0
2026-09-20 23:05:00+00:00,4412.2001953125,4412.2998046875,4411.60009765625,4411.7001953125,22.0
2026-09-20 23:06:00+00:00,4412.10009765625,4412.10009765625,4411.10009765625,4411.10009765625,81.0
2026-09-20 23:07:00+00:00,4411.39990234375,4412.10009765625,4411.39990234375,4412.10009765625,34.0
2026-09-20 23:08:00+00:00,4412.10009765625,4412.10009765625,4410.5,4410.5,19.0
2026-09-20 23:09:00+00:00,4410.7998046875,4411.89990234375,4409.7001953125,4411.60009765625,134.0
2026-09-20 23:10:00+00:00,4411.5,4411.7998046875,4411.39990234375,4411.39990234375,7.0
2026-09-20 23:11:00+00:00,4411.5,4411.5,4410.0,4410.0,16.0
2026-09-20 23:12:00+00:00,4410.10009765625,4410.10009765625,4409.2998046875,4409.39990234375,46.0
2026-09-20 23:13:00+00:00,4409.60009765625,4411.5,4409.60009765625,4411.39990234375,35.0
2026-09-20 23:14:00+00:00,4411.5,4411.5,4411.5,4411.5,2.0
2026-09-20 23:15:00+00:00,4411.60009765625,4411.89990234375,4410.2001953125,4410.2001953125,20.0
2026-09-20 23:16:00+00:00,4410.2001953125,4410.60009765625,4410.0,4410.39990234375,14.0
2026-09-20 23:17:00+00:00,4410.60009765625,4411.39990234375,4410.2998046875,4411.39990234375,18.0
2026-09-20 23:18:00+00:00,4411.60009765625,4412.0,4410.89990234375,4411.2001953125,24.0
2026-09-20 23:19:00+00:00,4411.2001953125,4412.2998046875,4411.2001953125,4412.10009765625,18.0
2026-09-20 23:20:00+00:00,4411.89990234375,4412.89990234375,4411.89990234375,4412.7998046875,10.0
2026-09-20 23:21:00+00:00,4412.89990234375,4413.2001953125,4412.2998046875,4413.0,36.0
2026-09-20 23:22:00+00:00,4412.7998046875,4413.2001953125,4412.39990234375,4412.89990234375,31.0
2026-09-20 23:23:00+00:00,4412.7998046875,4412.89990234375,4411.2001953125,4411.5,35.0
2026-09-20 23:24:00+00:00,4412.0,4412.0,4410.89990234375,4411.39990234375,21.0
2026-09-20 23:25:00+00:00,4411.2001953125,4411.2001953125,4410.7001953125,4411.0,11.0
2026-09-20 23:26:00+00:00,4411.0,4411.39990234375,4410.2001953125,4411.10009765625,26.0
2026-09-20 23:27:00+00:00,4410.89990234375,4411.60009765625,4410.7001953125,4411.5,10.0
2026-09-20 23:28:00+00:00,4411.5,4412.5,4411.5,4412.5,24.0
2026-09-20 23:29:00+00:00,4412.7001953125,4413.0,4412.2998046875,4412.7998046875,14.0
2026-09-20 23:30:00+00:00,4412.5,4412.89990234375,4411.7001953125,4412.7001953125,24.0
2026-09-20 23:31:00+00:00,4412.7998046875,4414.60009765625,4412.7998046875,4413.7001953125,22.0
2026-09-20 23:32:00+00:00,4413.89990234375,4414.10009765625,4413.10009765625,4413.39990234375,26.0
2026-09-20 23:33:00+00:00,4413.2998046875,4414.0,4413.2001953125,4414.0,20.0
2026-09-20 23:34:00+00:00,4413.60009765625,4414.0,4413.5,4414.0,7.0
2026-09-20 23:35:00+00:00,4413.60009765625,4414.39990234375,4413.60009765625,4414.0,21.0
2026-09-20 23:36:00+00:00,4413.89990234375,4414.10009765625,4412.39990234375,4412.7998046875,35.0
2026-09-20 23:37:00+00:00,4412.89990234375,4413.7001953125,4411.7998046875,4413.7001953125,42.0
2026-09-20 23:38:00+00:00,4413.39990234375,4414.10009765625,4413.2998046875,4413.7998046875,16.0
2026-09-20 23:39:00+00:00,4413.7998046875,4414.7998046875,4413.2998046875,4413.60009765625,32.0
2026-09-20 23:40:00+00:00,4413.0,4413.0,4412.2998046875,4412.89990234375,11.0
2026-09-20 23:41:00+00:00,4412.5,4412.5,4412.2001953125,4412.39990234375,7.0
2026-09-20 23:42:00+00:00,4412.2001953125,4412.5,4412.0,4412.2001953125,13.0
2026-09-20 23:43:00+00:00,4412.2998046875,4412.2998046875,4410.7001953125,4411.2001953125,16.0
2026-09-20 23:44:00+00:00,4411.2001953125,4411.2001953125,4409.39990234375,4409.60009765625,22.0
2026-09-20 23:45:00+00:00,4409.60009765625,4410.10009765625,4408.39990234375,4409.2001953125,96.0
2026-09-20 23:46:00+00:00,4409.2998046875,4409.2998046875,4408.0,4408.10009765625,42.0
2026-09-20 23:47:00+00:00,4407.7998046875,4408.7001953125,4406.89990234375,4408.10009765625,38.0
2026-09-20 23:48:00+00:00,4408.10009765625,4409.2998046875,4408.10009765625,4409.2998046875,15.0
2026-09-20 23:49:00+00:00,4409.2001953125,4410.7001953125,4409.2001953125,4410.2998046875,30.0
2026-09-20 23:50:00+00:00,4410.2998046875,4410.39990234375,4409.60009765625,4409.60009765625,14.0
2026-09-20 23:51:00+00:00,4409.5,4409.5,4408.39990234375,4408.89990234375,13.0
2026-09-20 23:52:00+00:00,4409.10009765625,4412.0,4409.10009765625,4411.39990234375,66.0
2026-09-20 23:53:00+00:00,4411.2001953125,4412.0,4409.7998046875,4409.7998046875,36.0
2026-09-20 23:54:00+00:00,4410.10009765625,4410.2998046875,4409.10009765625,4409.10009765625,10.0
2026-09-20 23:55:00+00:00,4409.10009765625,4410.2001953125,4409.0,4409.10009765625,24.0
2026-09-20 23:56:00+00:00,4409.39990234375,4410.89990234375,4409.39990234375,4410.89990234375,11.0
2026-09-20 23:57:00+00:00,4409.89990234375,4411.39990234375,4409.89990234375,4410.7998046875,7.0
2026-09-20 23:58:00+00:00,4411.0,4411.0,4410.2998046875,4410.2998046875,4.0
2026-09-20 23:59:00+00:00,4409.89990234375,4411.60009765625,4409.89990234375,4411.60009765625,25.0
2026-09-21 00:00:00+00:00,4411.5,4411.5,4407.10009765625,4407.10009765625,112.0
2026-09-21 00:01:00+00:00,4407.10009765625,4407.60009765625,4405.5,4406.2001953125,65.0
2026-09-21 00:02:00+00:00,4406.5,4407.2001953125,4405.39990234375,4406.7001953125,95.0
2026-09-21 00:03:00+00:00,4406.7998046875,4408.2998046875,4406.7998046875,4407.7998046875,44.0
2026-09-21 00:04:00+00:00,4407.39990234375,4408.39990234375,4406.2001953125,4407.2001953125,68.0
2026-09-21 00:05:00+00:00,4407.39990234375,4408.7001953125,4407.10009765625,4408.39990234375,37.0
2026-09-21 00:06:00+00:00,4408.7001953125,4410.10009765625,4408.5,4409.60009765625,69.0
2026-09-21 00:07:00+00:00,4409.2001953125,4410.89990234375,4409.0,4409.39990234375,61.0
2026-09-21 00:08:00+00:00,4409.2998046875,4410.5,4407.2001953125,4407.2998046875,86.0
2026-09-21 00:09:00+00:00,4407.2001953125,4407.2001953125,4405.2001953125,4405.5,88.0
2026-09-21 00:10:00+00:00,4405.89990234375,4406.0,4404.5,4404.7001953125,87.0
2026-09-21 00:11:00+00:00,4404.5,4404.60009765625,4403.60009765625,4404.2998046875,63.0
2026-09-21 00:12:00+00:00,4404.5,4404.7001953125,4404.2001953125,4404.7001953125,19.0
2026-09-21 00:13:00+00:00,4404.60009765625,4404.60009765625,4402.39990234375,4402.60009765625,165.0
2026-09-21 00:14:00+00:00,4402.7998046875,4403.39990234375,4402.10009765625,4403.0,61.0
2026-09-21 00:15:00+00:00,4403.10009765625,4403.2001953125,4399.60009765625,4401.0,250.0
2026-09-21 00:16:00+00:00,4401.2998046875,4403.10009765625,4400.2001953125,4400.2001953125,68.0
2026-09-21 00:17:00+00:00,4400.5,4400.5,4398.60009765625,4398.7001953125,91.0
2026-09-21 00:18:00+00:00,4398.7001953125,4399.89990234375,4398.0,4399.7998046875,134.0
2026-09-21 00:19:00+00:00,4400.0,4400.2998046875,4399.10009765625,4399.10009765625,52.0
2026-09-21 00:20:00+00:00,4399.39990234375,4399.5,4397.5,4398.0,185.0
2026-09-21 00:21:00+00:00,4398.2998046875,4399.60009765625,4397.7001953125,4399.0,123.0
2026-09-21 00:22:00+00:00,4398.7998046875,4398.7998046875,4396.39990234375,4398.5,121.0
2026-09-21 00:23:00+00:00,4398.7998046875,4402.2998046875,4398.7998046875,4402.0,104.0
2026-09-21 00:24:00+00:00,4402.10009765625,4404.5,4402.10009765625,4404.10009765625,126.0
2026-09-21 00:25:00+00:00,4404.2001953125,4405.2998046875,4404.2001953125,4405.2001953125,48.0
2026-09-21 00:26:00+00:00,4405.2998046875,4406.10009765625,4403.7998046875,4405.60009765625,95.0
2026-09-21 00:27:00+00:00,4405.7001953125,4407.5,4405.39990234375,4407.5,77.0
2026-09-21 00:28:00+00:00,4407.0,4407.89990234375,4406.7001953125,4407.39990234375,32.0
2026-09-21 00:29:00+00:00,4407.10009765625,4407.7001953125,4405.7001953125,4406.10009765625,66.0
2026-09-21 00:30:00+00:00,4406.0,4407.89990234375,4405.7001953125,4407.60009765625,65.0
2026-09-21 00:31:00+00:00,4407.60009765625,4407.60009765625,4405.0,4405.2001953125,68.0
2026-09-21 00:32:00+00:00,4404.89990234375,4407.10009765625,4404.0,4406.7001953125,110.0
2026-09-21 00:33:00+00:00,4406.60009765625,4408.39990234375,4406.5,4407.39990234375,53.0
2026-09-21 00:34:00+00:00,4407.0,4408.2998046875,4407.0,4407.89990234375,27.0
2026-09-21 00:35:00+00:00,4408.10009765625,4409.7998046875,4407.7998046875,4409.0,64.0
2026-09-21 00:36:00+00:00,4409.10009765625,4409.10009765625,4407.60009765625,4408.60009765625,22.0
2026-09-21 00:37:00+00:00,4409.39990234375,4409.39990234375,4408.60009765625,4408.7001953125,28.0
2026-09-21 00:38:00+00:00,4408.2001953125,4409.60009765625,4408.2001953125,4409.10009765625,26.0
2026-09-21 00:39:00+00:00,4409.2001953125,4412.60009765625,4408.7998046875,4412.0,150.0
2026-09-21 00:40:00+00:00,4411.7998046875,4414.2998046875,4410.2998046875,4410.5,163.0
2026-09-21 00:41:00+00:00,4410.5,4410.5,4408.0,4408.7001953125,81.0
2026-09-21 00:42:00+00:00,4408.89990234375,4409.2998046875,4407.7998046875,4408.60009765625,37.0
2026-09-21 00:43:00+00:00,4409.60009765625,4409.89990234375,4408.5,4408.89990234375,26.0
2026-09-21 00:44:00+00:00,4408.5,4408.5,4406.2998046875,4407.10009765625,35.0
2026-09-21 00:45:00+00:00,4407.60009765625,4408.7998046875,4407.39990234375,4408.60009765625,22.0
2026-09-21 00:46:00+00:00,4408.2998046875,4408.89990234375,4407.7998046875,4408.7998046875,18.0
2026-09-21 00:47:00+00:00,4408.5,4409.0,4407.7001953125,4407.7998046875,18.0
2026-09-21 00:48:00+00:00,4407.7001953125,4408.7998046875,4407.2998046875,4407.5,26.0
2026-09-21 00:49:00+00:00,4407.5,4407.5,4403.0,4403.10009765625,102.0
2026-09-21 00:50:00+00:00,4403.0,4403.2001953125,4402.0,4402.10009765625,76.0
2026-09-21 00:51:00+00:00,4402.39990234375,4404.2001953125,4400.5,4404.0,230.0
2026-09-21 00:52:00+00:00,4404.10009765625,4405.39990234375,4403.5,4404.60009765625,142.0
2026-09-21 00:53:00+00:00,4404.60009765625,4405.2001953125,4404.60009765625,4405.2001953125,18.0
2026-09-21 00:54:00+00:00,4405.2998046875,4405.7001953125,4403.60009765625,4403.60009765625,76.0
2026-09-21 00:55:00+00:00,4404.2001953125,4405.2998046875,4403.7001953125,4403.7001953125,53.0
2026-09-21 00:56:00+00:00,4403.7998046875,4404.5,4402.39990234375,4404.5,45.0
2026-09-21 00:57:00+00:00,4404.5,4404.5,4403.5,4403.5,19.0
2026-09-21 00:58:00+00:00,4403.7998046875,4404.60009765625,4403.5,4404.0,27.0
2026-09-21 00:59:00+00:00,4404.2001953125,4407.60009765625,4404.10009765625,4404.7998046875,252.0
2026-09-21 01:00:00+00:00,4404.7998046875,4413.7998046875,4404.7998046875,4413.39990234375,659.0
2026-09-21 01:01:00+00:00,4413.60009765625,4414.2001953125,4411.5,4413.10009765625,178.0
2026-09-21 01:02:00+00:00,4413.10009765625,4413.60009765625,4409.2998046875,4411.5,155.0
2026-09-21 01:03:00+00:00,4411.60009765625,4412.39990234375,4409.60009765625,4410.5,46.0
2026-09-21 01:04:00+00:00,4410.39990234375,4410.5,4408.0,4409.7998046875,66.0
2026-09-21 01:05:00+00:00,4409.7998046875,4413.10009765625,4409.2001953125,4412.60009765625,91.0
2026-09-21 01:06:00+00:00,4412.5,4414.10009765625,4412.0,4413.89990234375,112.0
2026-09-21 01:07:00+00:00,4413.89990234375,4417.60009765625,4413.7001953125,4416.5,237.0
2026-09-21 01:08:00+00:00,4416.7998046875,4417.5,4415.89990234375,4416.7001953125,59.0
2026-09-21 01:09:00+00:00,4416.39990234375,4418.89990234375,4416.39990234375,4418.7001953125,78.0
2026-09-21 01:10:00+00:00,4418.5,4418.7001953125,4416.89990234375,4417.39990234375,63.0
2026-09-21 01:11:00+00:00,4417.2001953125,4417.2998046875,4414.89990234375,4416.2998046875,139.0
2026-09-21 01:12:00+00:00,4415.7001953125,4417.5,4414.89990234375,4417.2998046875,37.0
2026-09-21 01:13:00+00:00,4417.7998046875,4418.7998046875,4416.89990234375,4417.60009765625,73.0
2026-09-21 01:14:00+00:00,4417.5,4419.39990234375,4415.7001953125,4419.10009765625,177.0
2026-09-21 01:15:00+00:00,4419.39990234375,4422.10009765625,4419.0,4422.0,307.0
2026-09-21 01:16:00+00:00,4421.7998046875,4422.0,4418.5,4420.7001953125,282.0
2026-09-21 01:17:00+00:00,4420.60009765625,4421.39990234375,4418.89990234375,4421.2001953125,150.0
2026-09-21 01:18:00+00:00,4421.2998046875,4421.2998046875,4417.7998046875,4417.7998046875,82.0
2026-09-21 01:19:00+00:00,4417.89990234375,4417.89990234375,4415.0,4416.2001953125,164.0
2026-09-21 01:20:00+00:00,4416.2998046875,4417.7001953125,4414.7998046875,4414.7998046875,140.0
2026-09-21 01:21:00+00:00,4414.7001953125,4416.39990234375,4414.0,4416.39990234375,71.0
2026-09-21 01:22:00+00:00,4416.39990234375,4417.0,4414.39990234375,4416.7998046875,59.0
2026-09-21 01:23:00+00:00,4416.7998046875,4416.7998046875,4413.5,4414.89990234375,74.0
2026-09-21 01:24:00+00:00,4415.10009765625,4417.2001953125,4415.10009765625,4416.39990234375,44.0
2026-09-21 01:25:00+00:00,4416.10009765625,4418.7998046875,4416.10009765625,4418.10009765625,81.0
2026-09-21 01:26:00+00:00,4418.2001953125,4418.5,4415.0,4415.0,102.0
2026-09-21 01:27:00+00:00,4415.39990234375,4415.60009765625,4412.89990234375,4414.2998046875,136.0
2026-09-21 01:28:00+00:00,4414.5,4416.5,4414.5,4416.0,56.0
2026-09-21 01:29:00+00:00,4416.2001953125,4416.2998046875,4413.0,4413.2998046875,43.0
2026-09-21 01:30:00+00:00,4413.10009765625,4415.39990234375,4412.10009765625,4414.89990234375,170.0
2026-09-21 01:31:00+00:00,4414.60009765625,4415.2001953125,4412.89990234375,4413.2998046875,45.0
2026-09-21 01:32:00+00:00,4413.39990234375,4415.2001953125,4413.0,4414.60009765625,42.0
2026-09-21 01:33:00+00:00,4414.60009765625,4416.7001953125,4413.7001953125,4416.10009765625,70.0
2026-09-21 01:34:00+00:00,4416.39990234375,4418.2998046875,4416.39990234375,4416.7998046875,103.0
2026-09-21 01:35:00+00:00,4417.10009765625,4417.10009765625,4415.60009765625,4415.89990234375,52.0
2026-09-21 01:36:00+00:00,4415.89990234375,4416.2998046875,4414.7001953125,4416.2998046875,42.0
2026-09-21 01:37:00+00:00,4416.2998046875,4417.7998046875,4416.0,4417.7998046875,38.0
2026-09-21 01:38:00+00:00,4417.5,4417.5,4413.89990234375,4414.60009765625,52.0
2026-09-21 01:39:00+00:00,4414.89990234375,4416.39990234375,4414.39990234375,4416.10009765625,17.0
2026-09-21 01:40:00+00:00,4415.89990234375,4417.39990234375,4415.89990234375,4417.39990234375,22.0
2026-09-21 01:41:00+00:00,4417.5,4419.2001953125,4417.0,4417.60009765625,80.0
2026-09-21 01:42:00+00:00,4418.10009765625,4418.2001953125,4414.89990234375,4415.89990234375,46.0
2026-09-21 01:43:00+00:00,4415.89990234375,4417.89990234375,4415.7001953125,4415.7001953125,80.0
2026-09-21 01:44:00+00:00,4415.5,4418.2998046875,4415.5,4417.89990234375,46.0
2026-09-21 01:45:00+00:00,4417.7998046875,4419.0,4417.7001953125,4417.7001953125,46.0
2026-09-21 01:46:00+00:00,4417.7998046875,4420.2998046875,4417.7998046875,4420.2001953125,75.0
2026-09-21 01:47:00+00:00,4419.7998046875,4421.2001953125,4419.0,4421.10009765625,82.0
2026-09-21 01:48:00+00:00,4421.10009765625,4421.60009765625,4418.60009765625,4419.2998046875,107.0
2026-09-21 01:49:00+00:00,4419.2998046875,4421.10009765625,4418.0,4418.0,123.0
2026-09-21 01:50:00+00:00,4418.2001953125,4419.60009765625,4415.2998046875,4415.39990234375,159.0
2026-09-21 01:51:00+00:00,4415.60009765625,4417.89990234375,4414.7001953125,4417.60009765625,63.0
2026-09-21 01:52:00+00:00,4417.60009765625,4418.7001953125,4416.60009765625,4416.60009765625,51.0
2026-09-21 01:53:00+00:00,4416.7998046875,4418.60009765625,4416.2998046875,4417.2001953125,57.0
2026-09-21 01:54:00+00:00,4417.0,4418.2998046875,4416.2998046875,4417.0,66.0
2026-09-21 01:55:00+00:00,4417.0,4417.39990234375,4416.0,4417.2001953125,43.0
2026-09-21 01:56:00+00:00,4417.2001953125,4417.2001953125,4414.2001953125,4415.2998046875,85.0
2026-09-21 01:57:00+00:00,4415.60009765625,4416.5,4415.10009765625,4415.7998046875,42.0
2026-09-21 01:58:00+00:00,4416.10009765625,4416.39990234375,4414.0,4415.2998046875,77.0
2026-09-21 01:59:00+00:00,4415.2001953125,4416.2998046875,4415.0,4415.7001953125,58.0
2026-09-21 02:00:00+00:00,4416.0,4416.2001953125,4414.10009765625,4414.89990234375,46.0
2026-09-21 02:01:00+00:00,4415.10009765625,4415.10009765625,4411.39990234375,4411.5,164.0
2026-09-21 02:02:00+00:00,4411.89990234375,4412.60009765625,4411.5,4412.5,63.0
2026-09-21 02:03:00+00:00,4412.60009765625,4414.0,4412.5,4412.7998046875,38.0
2026-09-21 02:04:00+00:00,4413.2001953125,4414.7998046875,4413.2001953125,4414.60009765625,31.0
2026-09-21 02:05:00+00:00,4414.5,4414.5,4410.89990234375,4411.5,92.0
2026-09-21 02:06:00+00:00,4411.2001953125,4413.2001953125,4410.60009765625,4412.7001953125,125.0
2026-09-21 02:07:00+00:00,4412.2998046875,4412.2998046875,4411.2001953125,4411.89990234375,16.0
2026-09-21 02:08:00+00:00,4412.2998046875,4413.0,4412.2998046875,4412.7998046875,12.0
2026-09-21 02:09:00+00:00,4413.10009765625,4413.7001953125,4412.60009765625,4413.39990234375,35.0
2026-09-21 02:10:00+00:00,4413.89990234375,4414.0,4410.2998046875,4410.2998046875,68.0
2026-09-21 02:11:00+00:00,4410.10009765625,4410.10009765625,4408.10009765625,4408.7998046875,141.0
2026-09-21 02:12:00+00:00,4409.0,4410.0,4407.7001953125,4409.0,90.0
2026-09-21 02:13:00+00:00,4408.89990234375,4410.10009765625,4408.89990234375,4410.0,33.0
2026-09-21 02:14:00+00:00,4409.89990234375,4409.89990234375,4406.39990234375,4406.7998046875,179.0
2026-09-21 02:15:00+00:00,4406.89990234375,4407.60009765625,4406.0,4406.2001953125,56.0
2026-09-21 02:16:00+00:00,4406.2001953125,4406.39990234375,4404.39990234375,4405.39990234375,171.0
2026-09-21 02:17:00+00:00,4405.39990234375,4405.39990234375,4404.10009765625,4404.89990234375,40.0
2026-09-21 02:18:00+00:00,4404.7001953125,4404.89990234375,4403.60009765625,4404.2998046875,78.0
2026-09-21 02:19:00+00:00,4404.2998046875,4404.7001953125,4404.0,4404.2001953125,38.0
2026-09-21 02:20:00+00:00,4404.10009765625,4404.5,4402.39990234375,4402.39990234375,85.0
2026-09-21 02:21:00+00:00,4402.60009765625,4403.2001953125,4402.10009765625,4402.39990234375,50.0
2026-09-21 02:22:00+00:00,4402.0,4403.10009765625,4401.0,4402.60009765625,85.0
2026-09-21 02:23:00+00:00,4402.5,4402.5,4401.0,4401.0,59.0
2026-09-21 02:24:00+00:00,4401.39990234375,4401.60009765625,4399.0,4401.60009765625,158.0
2026-09-21 02:25:00+00:00,4401.60009765625,4402.5,4401.2001953125,4402.10009765625,57.0
2026-09-21 02:26:00+00:00,4402.2001953125,4404.2001953125,4402.2001953125,4404.2001953125,91.0
2026-09-21 02:27:00+00:00,4404.0,4404.2001953125,4403.60009765625,4403.7001953125,46.0
2026-09-21 02:28:00+00:00,4403.39990234375,4406.39990234375,4403.2001953125,4406.2001953125,167.0
2026-09-21 02:29:00+00:00,4406.2998046875,4407.60009765625,4406.0,4407.5,76.0
2026-09-21 02:30:00+00:00,4407.60009765625,4410.39990234375,4406.5,4409.5,210.0
2026-09-21 02:31:00+00:00,4409.2998046875,4409.60009765625,4404.7001953125,4405.7001953125,136.0
2026-09-21 02:32:00+00:00,4405.89990234375,4406.7998046875,4404.89990234375,4405.10009765625,67.0
2026-09-21 02:33:00+00:00,4404.7998046875,4406.39990234375,4404.7001953125,4405.7998046875,37.0
2026-09-21 02:34:00+00:00,4405.7998046875,4406.7998046875,4405.39990234375,4405.5,48.0
2026-09-21 02:35:00+00:00,4405.10009765625,4407.0,4404.5,4405.7001953125,58.0
2026-09-21 02:36:00+00:00,4405.2998046875,4407.0,4405.2998046875,4405.7998046875,20.0
2026-09-21 02:37:00+00:00,4406.0,4408.39990234375,4406.0,4406.89990234375,75.0
2026-09-21 02:38:00+00:00,4407.2001953125,4408.39990234375,4406.60009765625,4406.60009765625,48.0
2026-09-21 02:39:00+00:00,4406.7998046875,4406.7998046875,4405.2001953125,4406.0,32.0
2026-09-21 02:40:00+00:00,4406.10009765625,4406.39990234375,4402.89990234375,4402.89990234375,73.0
2026-09-21 02:41:00+00:00,4403.10009765625,4404.89990234375,4402.0,4404.89990234375,91.0
2026-09-21 02:42:00+00:00,4404.60009765625,4404.60009765625,4402.7001953125,4403.89990234375,89.0
2026-09-21 02:43:00+00:00,4404.60009765625,4407.7001953125,4404.0,4407.0,131.0
2026-09-21 02:44:00+00:00,4406.89990234375,4407.10009765625,4404.2001953125,4404.2001953125,54.0
2026-09-21 02:45:00+00:00,4404.39990234375,4406.0,4404.2998046875,4405.60009765625,37.0
2026-09-21 02:46:00+00:00,4405.2001953125,4408.0,4405.2001953125,4408.0,36.0
2026-09-21 02:47:00+00:00,4408.0,4408.0,4405.7998046875,4406.0,36.0
2026-09-21 02:48:00+00:00,4405.7001953125,4406.39990234375,4404.60009765625,4405.0,62.0
2026-09-21 02:49:00+00:00,4405.7998046875,4406.2998046875,4405.10009765625,4406.2001953125,12.0
2026-09-21 02:50:00+00:00,4406.10009765625,4406.60009765625,4405.60009765625,4406.10009765625,27.0
2026-09-21 02:51:00+00:00,4406.10009765625,4407.0,4404.2001953125,4404.2001953125,48.0
2026-09-21 02:52:00+00:00,4404.7001953125,4405.7998046875,4404.5,4405.60009765625,27.0
2026-09-21 02:53:00+00:00,4405.89990234375,4406.0,4404.89990234375,4405.0,22.0
2026-09-21 02:54:00+00:00,4404.89990234375,4405.0,4403.2998046875,4403.39990234375,96.0
2026-09-21 02:55:00+00:00,4402.89990234375,4404.0,4402.10009765625,4403.7001953125,64.0
2026-09-21 02:56:00+00:00,4402.7001953125,4404.39990234375,4402.60009765625,4403.2998046875,191.0
2026-09-21 02:57:00+00:00,4403.0,4404.89990234375,4402.7001953125,4403.39990234375,71.0
2026-09-21 02:58:00+00:00,4403.10009765625,4403.2001953125,4400.5,4401.7001953125,119.0
2026-09-21 02:59:00+00:00,4401.10009765625,4401.7998046875,4400.60009765625,4401.5,38.0
2026-09-21 03:00:00+00:00,4401.7001953125,4402.0,4401.10009765625,4401.2998046875,41.0
2026-09-21 03:01:00+00:00,4401.2001953125,4401.39990234375,4398.7001953125,4399.2998046875,203.0
2026-09-21 03:02:00+00:00,4399.39990234375,4400.10009765625,4396.7998046875,4398.89990234375,236.0
2026-09-21 03:03:00+00:00,4399.10009765625,4403.39990234375,4399.10009765625,4402.89990234375,145.0
2026-09-21 03:04:00+00:00,4402.7001953125,4404.60009765625,4402.2998046875,4404.5,81.0
2026-09-21 03:05:00+00:00,4404.2001953125,4404.2998046875,4403.2998046875,4404.2001953125,55.0
2026-09-21 03:06:00+00:00,4403.7001953125,4404.2998046875,4402.7001953125,4403.5,50.0
2026-09-21 03:07:00+00:00,4403.7001953125,4404.5,4398.60009765625,4398.7998046875,260.0
2026-09-21 03:08:00+00:00,4398.7998046875,4399.7998046875,4398.39990234375,4398.5,43.0
2026-09-21 03:09:00+00:00,4398.39990234375,4398.7001953125,4396.89990234375,4398.7001953125,171.0
2026-09-21 03:10:00+00:00,4398.7001953125,4400.2998046875,4398.39990234375,4400.2001953125,66.0
2026-09-21 03:11:00+00:00,4400.2001953125,4400.5,4399.10009765625,4399.10009765625,26.0
2026-09-21 03:12:00+00:00,4399.2001953125,4400.2998046875,4399.2001953125,4399.7998046875,44.0
2026-09-21 03:13:00+00:00,4399.7001953125,4400.7998046875,4399.7001953125,4400.2998046875,64.0
2026-09-21 03:14:00+00:00,4400.89990234375,4401.10009765625,4400.39990234375,4400.7998046875,40.0
2026-09-21 03:15:00+00:00,4400.89990234375,4401.2001953125,4400.0,4401.0,59.0
2026-09-21 03:16:00+00:00,4401.2998046875,4402.10009765625,4400.5,4401.60009765625,88.0
2026-09-21 03:17:00+00:00,4401.60009765625,4401.7001953125,4399.7001953125,4399.7998046875,57.0
2026-09-21 03:18:00+00:00,4399.5,4402.89990234375,4399.0,4402.60009765625,117.0
2026-09-21 03:19:00+00:00,4402.2998046875,4403.39990234375,4401.10009765625,4401.7001953125,97.0
2026-09-21 03:20:00+00:00,4401.5,4401.60009765625,4400.60009765625,4400.7001953125,86.0
2026-09-21 03:21:00+00:00,4400.2001953125,4400.2001953125,4398.5,4399.60009765625,63.0
2026-09-21 03:22:00+00:00,4399.7001953125,4400.2001953125,4399.7001953125,4400.0,8.0
2026-09-21 03:23:00+00:00,4399.89990234375,4400.2998046875,4399.39990234375,4399.39990234375,19.0
2026-09-21 03:24:00+00:00,4399.60009765625,4400.10009765625,4399.2998046875,4400.10009765625,18.0
2026-09-21 03:25:00+00:00,4399.7998046875,4400.2998046875,4399.5,4399.5,33.0
2026-09-21 03:26:00+00:00,4399.2001953125,4399.2998046875,4398.2001953125,4398.2001953125,28.0
2026-09-21 03:27:00+00:00,4398.2001953125,4399.0,4396.7001953125,4397.2001953125,70.0
2026-09-21 03:28:00+00:00,4397.5,4398.2998046875,4397.2998046875,4397.5,24.0
2026-09-21 03:29:00+00:00,4397.60009765625,4397.89990234375,4397.39990234375,4397.7998046875,32.0
2026-09-21 03:30:00+00:00,4397.5,4398.7998046875,4397.2001953125,4398.60009765625,64.0
2026-09-21 03:31:00+00:00,4398.7998046875,4399.5,4398.60009765625,4398.7998046875,31.0
2026-09-21 03:32:00+00:00,4398.89990234375,4400.2998046875,4398.89990234375,4400.10009765625,33.0
2026-09-21 03:33:00+00:00,4399.89990234375,4401.2998046875,4399.7001953125,4400.7001953125,53.0
2026-09-21 03:34:00+00:00,4400.7001953125,4403.2001953125,4400.60009765625,4402.89990234375,150.0
2026-09-21 03:35:00+00:00,4403.0,4405.60009765625,4402.2001953125,4402.2998046875,197.0
2026-09-21 03:36:00+00:00,4402.2001953125,4403.10009765625,4401.7998046875,4403.10009765625,41.0
2026-09-21 03:37:00+00:00,4403.2001953125,4404.89990234375,4402.7998046875,4403.10009765625,62.0
2026-09-21 03:38:00+00:00,4402.89990234375,4405.0,4402.89990234375,4404.7998046875,20.0
2026-09-21 03:39:00+00:00,4404.89990234375,4405.0,4403.7001953125,4403.7001953125,43.0
2026-09-21 03:40:00+00:00,4403.5,4403.7001953125,4402.89990234375,4403.60009765625,41.0
2026-09-21 03:41:00+00:00,4403.89990234375,4404.89990234375,4403.5,4404.39990234375,42.0
2026-09-21 03:42:00+00:00,4404.7998046875,4405.60009765625,4404.60009765625,4405.2001953125,43.0
2026-09-21 03:43:00+00:00,4405.2998046875,4405.7998046875,4404.60009765625,4405.5,60.0
2026-09-21 03:44:00+00:00,4405.5,4405.60009765625,4404.7998046875,4405.10009765625,14.0
2026-09-21 03:45:00+00:00,4405.2001953125,4406.0,4405.0,4405.5,41.0
2026-09-21 03:46:00+00:00,4405.2998046875,4405.2998046875,4403.60009765625,4404.39990234375,68.0
2026-09-21 03:47:00+00:00,4404.0,4404.0,4402.5,4403.0,44.0
2026-09-21 03:48:00+00:00,4403.2001953125,4403.2001953125,4401.89990234375,4402.0,48.0
2026-09-21 03:49:00+00:00,4402.2001953125,4402.2001953125,4401.0,4401.0,12.0
2026-09-21 03:50:00+00:00,4400.7001953125,4400.7001953125,4399.5,4399.7001953125,33.0
2026-09-21 03:51:00+00:00,4399.89990234375,4400.2998046875,4399.5,4400.0,24.0
2026-09-21 03:52:00+00:00,4400.2001953125,4401.2998046875,4400.2001953125,4401.2001953125,29.0
2026-09-21 03:53:00+00:00,4400.60009765625,4401.0,4398.0,4398.39990234375,94.0
2026-09-21 03:54:00+00:00,4398.2998046875,4398.2998046875,4395.7998046875,4396.89990234375,148.0
2026-09-21 03:55:00+00:00,4397.0,4397.0,4395.89990234375,4395.89990234375,45.0
2026-09-21 03:56:00+00:00,4396.0,4397.2998046875,4395.7001953125,4396.0,30.0
2026-09-21 03:57:00+00:00,4396.2998046875,4396.60009765625,4395.7001953125,4395.89990234375,16.0
2026-09-21 03:58:00+00:00,4395.89990234375,4395.89990234375,4395.39990234375,4395.7998046875,25.0
2026-09-21 04:00:00+00:00,4396.7998046875,4398.2001953125,4396.5,4398.10009765625,72.0
2026-09-21 04:01:00+00:00,4397.89990234375,4398.39990234375,4396.7998046875,4398.39990234375,38.0
2026-09-21 04:02:00+00:00,4398.5,4398.5,4397.89990234375,4397.89990234375,17.0
2026-09-21 04:03:00+00:00,4397.89990234375,4398.0,4397.10009765625,4397.2998046875,15.0
2026-09-21 04:04:00+00:00,4397.0,4397.0,4395.2001953125,4395.7001953125,33.0
2026-09-21 04:05:00+00:00,4395.89990234375,4396.2001953125,4394.7001953125,4395.7001953125,52.0
2026-09-21 04:06:00+00:00,4395.5,4395.5,4394.7001953125,4395.2998046875,21.0
2026-09-21 04:07:00+00:00,4395.2998046875,4395.39990234375,4393.39990234375,4393.89990234375,104.0
2026-09-21 04:08:00+00:00,4394.10009765625,4395.7998046875,4393.89990234375,4395.7001953125,41.0
2026-09-21 04:09:00+00:00,4395.7998046875,4396.39990234375,4395.10009765625,4395.7001953125,70.0
2026-09-21 04:10:00+00:00,4395.89990234375,4396.5,4395.7998046875,4395.7998046875,20.0
2026-09-21 04:11:00+00:00,4396.0,4397.60009765625,4395.7998046875,4396.2998046875,69.0
2026-09-21 04:12:00+00:00,4396.60009765625,4398.60009765625,4396.60009765625,4398.60009765625,41.0
2026-09-21 04:13:00+00:00,4398.39990234375,4398.7001953125,4397.89990234375,4397.89990234375,21.0
2026-09-21 04:14:00+00:00,4398.0,4398.2001953125,4397.2001953125,4397.2998046875,25.0
2026-09-21 04:15:00+00:00,4397.2998046875,4397.7001953125,4396.7001953125,4396.7998046875,35.0
2026-09-21 04:16:00+00:00,4396.89990234375,4399.89990234375,4396.89990234375,4399.89990234375,35.0
2026-09-21 04:17:00+00:00,4400.0,4400.7001953125,4398.7998046875,4398.89990234375,41.0
2026-09-21 04:18:00+00:00,4399.2998046875,4400.7998046875,4399.2998046875,4400.7998046875,41.0
2026-09-21 04:19:00+00:00,4400.7001953125,4401.7001953125,4400.2001953125,4401.7001953125,36.0
2026-09-21 04:20:00+00:00,4401.7998046875,4402.89990234375,4401.7001953125,4402.2001953125,36.0
2026-09-21 04:21:00+00:00,4401.89990234375,4402.2001953125,4401.5,4401.7001953125,27.0
2026-09-21 04:22:00+00:00,4401.5,4401.7001953125,4401.2001953125,4401.5,23.0
2026-09-21 04:23:00+00:00,4401.2998046875,4401.89990234375,4401.2001953125,4401.39990234375,19.0
2026-09-21 04:24:00+00:00,4401.5,4401.5,4401.0,4401.2998046875,18.0
2026-09-21 04:25:00+00:00,4401.10009765625,4401.7998046875,4401.10009765625,4401.2998046875,21.0
2026-09-21 04:26:00+00:00,4401.39990234375,4402.0,4400.7998046875,4401.7998046875,39.0
2026-09-21 04:27:00+00:00,4401.7998046875,4402.7001953125,4401.7998046875,4402.5,28.0
2026-09-21 04:28:00+00:00,4402.0,4402.0,4399.89990234375,4400.39990234375,44.0
2026-09-21 04:29:00+00:00,4400.2001953125,4400.2998046875,4399.0,4399.2001953125,22.0
2026-09-21 04:30:00+00:00,4399.2001953125,4399.39990234375,4395.60009765625,4396.7998046875,220.0
2026-09-21 04:31:00+00:00,4396.7001953125,4399.0,4396.0,4398.10009765625,102.0
2026-09-21 04:32:00+00:00,4397.7998046875,4398.2998046875,4395.7001953125,4397.5,97.0
2026-09-21 04:33:00+00:00,4397.5,4397.7998046875,4396.39990234375,4397.2998046875,48.0
2026-09-21 04:34:00+00:00,4397.60009765625,4399.2001953125,4397.5,4399.0,45.0
2026-09-21 04:35:00+00:00,4399.0,4400.2998046875,4398.89990234375,4400.2998046875,31.0
2026-09-21 04:36:00+00:00,4400.2998046875,4400.2998046875,4398.7001953125,4399.10009765625,16.0
2026-09-21 04:38:00+00:00,4398.7998046875,4398.7998046875,4398.10009765625,4398.60009765625,20.0
2026-09-21 04:39:00+00:00,4398.5,4398.7998046875,4398.2998046875,4398.7001953125,12.0
2026-09-21 04:40:00+00:00,4398.7001953125,4399.10009765625,4398.5,4399.10009765625,23.0
2026-09-21 04:41:00+00:00,4398.89990234375,4399.2998046875,4398.7998046875,4399.2998046875,10.0
2026-09-21 04:42:00+00:00,4399.39990234375,4399.7001953125,4398.7001953125,4399.0,27.0
2026-09-21 04:43:00+00:00,4399.39990234375,4400.7001953125,4399.39990234375,4400.2998046875,70.0
2026-09-21 04:44:00+00:00,4400.2001953125,4400.2001953125,4398.7998046875,4399.10009765625,37.0
2026-09-21 04:45:00+00:00,4398.89990234375,4399.7001953125,4398.89990234375,4399.7001953125,13.0
2026-09-21 04:46:00+00:00,4399.5,4399.60009765625,4398.39990234375,4398.7001953125,31.0
2026-09-21 04:47:00+00:00,4398.39990234375,4399.0,4398.0,4398.0,18.0
2026-09-21 04:48:00+00:00,4397.89990234375,4399.39990234375,4397.89990234375,4398.7998046875,31.0
2026-09-21 04:49:00+00:00,4398.60009765625,4399.0,4396.89990234375,4398.0,59.0
2026-09-21 04:50:00+00:00,4397.60009765625,4397.60009765625,4396.60009765625,4396.89990234375,8.0
2026-09-21 04:51:00+00:00,4396.7001953125,4396.7998046875,4396.0,4396.0,28.0
2026-09-21 04:52:00+00:00,4396.39990234375,4397.2001953125,4396.2998046875,4396.7001953125,38.0
2026-09-21 04:53:00+00:00,4396.0,4396.2998046875,4395.5,4395.5,16.0
2026-09-21 04:54:00+00:00,4395.5,4395.60009765625,4394.5,4394.60009765625,45.0
2026-09-21 04:55:00+00:00,4394.60009765625,4395.60009765625,4394.2998046875,4394.7001953125,88.0
2026-09-21 04:56:00+00:00,4394.89990234375,4396.5,4394.89990234375,4396.5,23.0
2026-09-21 04:57:00+00:00,4396.60009765625,4397.10009765625,4394.60009765625,4394.7001953125,44.0
2026-09-21 04:58:00+00:00,4394.7001953125,4394.89990234375,4392.2998046875,4392.2998046875,76.0
2026-09-21 04:59:00+00:00,4392.39990234375,4393.2001953125,4392.2001953125,4393.10009765625,41.0
2026-09-21 05:00:00+00:00,4392.89990234375,4393.5,4391.0,4391.7998046875,145.0
2026-09-21 05:01:00+00:00,4392.0,4394.2998046875,4392.0,4394.2001953125,78.0
2026-09-21 05:02:00+00:00,4393.89990234375,4394.39990234375,4393.39990234375,4394.2998046875,17.0
2026-09-21 05:03:00+00:00,4394.0,4394.60009765625,4393.60009765625,4394.2001953125,31.0
2026-09-21 05:04:00+00:00,4394.2998046875,4394.60009765625,4392.7001953125,4392.7998046875,25.0
2026-09-21 05:05:00+00:00,4392.7001953125,4392.89990234375,4392.5,4392.7001953125,27.0
2026-09-21 05:06:00+00:00,4392.60009765625,4393.5,4391.5,4392.7001953125,102.0
2026-09-21 05:07:00+00:00,4392.7001953125,4392.89990234375,4391.60009765625,4391.89990234375,40.0
2026-09-21 05:08:00+00:00,4391.7998046875,4392.89990234375,4391.7998046875,4392.2001953125,38.0
2026-09-21 05:09:00+00:00,4392.39990234375,4393.2998046875,4392.10009765625,4392.2001953125,37.0
2026-09-21 05:10:00+00:00,4391.7998046875,4392.60009765625,4390.5,4390.7001953125,74.0
2026-09-21 05:11:00+00:00,4390.5,4392.2998046875,4389.7001953125,4392.2998046875,116.0
2026-09-21 05:12:00+00:00,4392.39990234375,4392.7998046875,4391.7998046875,4392.7998046875,34.0
2026-09-21 05:13:00+00:00,4392.2001953125,4392.7998046875,4391.7001953125,4392.5,33.0
2026-09-21 05:14:00+00:00,4392.60009765625,4393.2998046875,4392.60009765625,4393.0,42.0
2026-09-21 05:15:00+00:00,4393.39990234375,4393.60009765625,4391.60009765625,4391.7001953125,51.0
2026-09-21 05:16:00+00:00,4391.60009765625,4392.10009765625,4391.5,4391.60009765625,22.0
2026-09-21 05:17:00+00:00,4391.2998046875,4392.0,4391.2998046875,4391.5,23.0
2026-09-21 05:18:00+00:00,4391.39990234375,4392.89990234375,4391.39990234375,4392.2998046875,51.0
2026-09-21 05:19:00+00:00,4392.39990234375,4393.2001953125,4391.0,4392.2001953125,39.0
2026-09-21 05:20:00+00:00,4392.39990234375,4393.60009765625,4392.2001953125,4393.60009765625,16.0
2026-09-21 05:21:00+00:00,4393.7998046875,4395.2998046875,4393.7998046875,4395.10009765625,59.0
2026-09-21 05:22:00+00:00,4394.7998046875,4396.5,4394.7998046875,4396.10009765625,88.0
2026-09-21 05:23:00+00:00,4396.0,4398.2998046875,4396.0,4397.39990234375,135.0
2026-09-21 05:24:00+00:00,4397.2998046875,4398.0,4396.89990234375,4397.10009765625,59.0
2026-09-21 05:25:00+00:00,4396.89990234375,4397.89990234375,4395.0,4396.5,147.0
2026-09-21 05:26:00+00:00,4396.7001953125,4398.0,4396.5,4398.0,76.0
2026-09-21 05:27:00+00:00,4398.0,4398.2998046875,4396.10009765625,4396.10009765625,49.0
2026-09-21 05:28:00+00:00,4396.10009765625,4396.10009765625,4394.5,4394.7998046875,58.0
2026-09-21 05:29:00+00:00,4394.7001953125,4395.7998046875,4394.5,4394.60009765625,77.0
2026-09-21 05:30:00+00:00,4394.5,4399.2998046875,4393.10009765625,4398.5,360.0
2026-09-21 05:31:00+00:00,4398.2998046875,4399.10009765625,4397.39990234375,4399.0,50.0
2026-09-21 05:32:00+00:00,4398.7998046875,4398.7998046875,4394.0,4394.0,78.0
2026-09-21 05:33:00+00:00,4394.0,4394.2998046875,4391.2001953125,4393.0,119.0
2026-09-21 05:34:00+00:00,4393.2998046875,4393.60009765625,4391.2998046875,4392.2998046875,98.0
2026-09-21 05:35:00+00:00,4392.2998046875,4392.2998046875,4389.2001953125,4390.60009765625,219.0
2026-09-21 05:36:00+00:00,4390.7001953125,4393.7998046875,4390.7001953125,4393.10009765625,117.0
2026-09-21 05:37:00+00:00,4393.0,4393.7998046875,4392.2001953125,4393.60009765625,48.0
2026-09-21 05:38:00+00:00,4393.5,4394.60009765625,4393.0,4394.2998046875,50.0
2026-09-21 05:39:00+00:00,4394.5,4394.7001953125,4393.60009765625,4393.7998046875,29.0
2026-09-21 05:40:00+00:00,4394.2998046875,4395.2998046875,4394.2001953125,4394.60009765625,34.0
2026-09-21 05:41:00+00:00,4394.7998046875,4394.7998046875,4392.39990234375,4392.39990234375,85.0
2026-09-21 05:42:00+00:00,4391.60009765625,4392.7998046875,4391.5,4391.7001953125,53.0
2026-09-21 05:43:00+00:00,4391.7998046875,4393.39990234375,4391.39990234375,4392.5,58.0
2026-09-21 05:44:00+00:00,4392.10009765625,4392.5,4392.0,4392.2001953125,26.0
2026-09-21 05:45:00+00:00,4391.60009765625,4391.60009765625,4387.5,4389.2001953125,257.0
2026-09-21 05:46:00+00:00,4389.2998046875,4391.0,4389.2001953125,4389.89990234375,87.0
2026-09-21 05:47:00+00:00,4390.0,4390.2998046875,4389.5,4389.7001953125,60.0
2026-09-21 05:48:00+00:00,4389.60009765625,4389.7998046875,4388.10009765625,4388.7001953125,36.0
2026-09-21 05:49:00+00:00,4389.10009765625,4389.7998046875,4387.60009765625,4387.7001953125,73.0
2026-09-21 05:50:00+00:00,4387.7998046875,4389.89990234375,4387.7001953125,4389.39990234375,76.0
2026-09-21 05:51:00+00:00,4389.39990234375,4389.39990234375,4386.2998046875,4388.5,162.0
2026-09-21 05:52:00+00:00,4388.39990234375,4391.39990234375,4388.39990234375,4391.0,59.0
2026-09-21 05:53:00+00:00,4391.0,4393.2001953125,4391.0,4393.0,96.0
2026-09-21 05:54:00+00:00,4392.7001953125,4392.7001953125,4391.10009765625,4391.5,82.0
2026-09-21 05:55:00+00:00,4391.2001953125,4391.5,4390.2998046875,4391.5,40.0
2026-09-21 05:56:00+00:00,4391.39990234375,4392.5,4390.0,4390.7998046875,28.0
2026-09-21 05:57:00+00:00,4390.60009765625,4391.60009765625,4390.39990234375,4391.0,62.0
2026-09-21 05:58:00+00:00,4391.2998046875,4391.39990234375,4390.60009765625,4390.7001953125,18.0
2026-09-21 05:59:00+00:00,4390.2998046875,4390.60009765625,4388.0,4388.0,73.0
2026-09-21 06:00:00+00:00,4387.89990234375,4390.39990234375,4387.7998046875,4390.39990234375,172.0
2026-09-21 06:01:00+00:00,4390.39990234375,4391.0,4389.0,4390.39990234375,112.0
2026-09-21 06:02:00+00:00,4390.7998046875,4390.7998046875,4389.2001953125,4389.5,43.0
2026-09-21 06:03:00+00:00,4389.2998046875,4389.7998046875,4388.89990234375,4389.2998046875,33.0
2026-09-21 06:04:00+00:00,4388.89990234375,4389.39990234375,4386.5,4389.2998046875,100.0
2026-09-21 06:05:00+00:00,4389.0,4391.60009765625,4388.7001953125,4391.5,144.0
2026-09-21 06:06:00+00:00,4391.7998046875,4392.7998046875,4389.89990234375,4392.10009765625,141.0
2026-09-21 06:07:00+00:00,4392.2001953125,4392.2998046875,4390.89990234375,4391.2001953125,45.0
2026-09-21 06:08:00+00:00,4391.2998046875,4391.89990234375,4389.2001953125,4391.60009765625,67.0
2026-09-21 06:09:00+00:00,4392.0,4392.39990234375,4391.2998046875,4391.60009765625,24.0
2026-09-21 06:10:00+00:00,4392.2998046875,4392.39990234375,4391.60009765625,4392.2998046875,42.0
2026-09-21 06:11:00+00:00,4392.0,4393.10009765625,4391.0,4392.10009765625,74.0
2026-09-21 06:12:00+00:00,4391.7998046875,4392.10009765625,4389.7998046875,4390.0,26.0
2026-09-21 06:13:00+00:00,4390.0,4390.7001953125,4388.7001953125,4390.7001953125,64.0
2026-09-21 06:14:00+00:00,4391.0,4391.60009765625,4390.10009765625,4390.39990234375,48.0
2026-09-21 06:15:00+00:00,4390.39990234375,4390.89990234375,4390.0,4390.39990234375,22.0
2026-09-21 06:16:00+00:00,4390.7001953125,4391.2001953125,4390.10009765625,4390.5,21.0
2026-09-21 06:17:00+00:00,4390.2001953125,4392.0,4387.5,4388.7998046875,193.0
2026-09-21 06:18:00+00:00,4388.89990234375,4389.5,4387.10009765625,4389.5,74.0
2026-09-21 06:19:00+00:00,4389.60009765625,4389.89990234375,4385.7001953125,4386.10009765625,92.0
2026-09-21 06:20:00+00:00,4386.0,4388.39990234375,4385.2001953125,4387.2998046875,226.0
2026-09-21 06:21:00+00:00,4387.60009765625,4387.7998046875,4385.39990234375,4387.5,103.0
2026-09-21 06:22:00+00:00,4387.2001953125,4387.5,4385.60009765625,4386.10009765625,86.0
2026-09-21 06:23:00+00:00,4386.0,4386.5,4386.0,4386.0,26.0
2026-09-21 06:24:00+00:00,4386.10009765625,4386.7001953125,4384.10009765625,4384.39990234375,97.0
2026-09-21 06:25:00+00:00,4384.5,4385.39990234375,4383.5,4385.39990234375,80.0
2026-09-21 06:26:00+00:00,4385.5,4385.5,4383.7001953125,4384.60009765625,43.0
2026-09-21 06:27:00+00:00,4384.39990234375,4386.2998046875,4384.39990234375,4386.0,44.0
2026-09-21 06:28:00+00:00,4385.7998046875,4385.7998046875,4385.0,4385.0,27.0
2026-09-21 06:29:00+00:00,4385.0,4385.5,4384.2001953125,4384.39990234375,41.0
2026-09-21 06:30:00+00:00,4384.60009765625,4385.60009765625,4384.60009765625,4384.7998046875,65.0
2026-09-21 06:31:00+00:00,4384.89990234375,4386.60009765625,4384.60009765625,4385.89990234375,43.0
2026-09-21 06:32:00+00:00,4385.39990234375,4386.2001953125,4385.0,4385.5,51.0
2026-09-21 06:33:00+00:00,4385.2998046875,4386.2001953125,4384.89990234375,4386.0,41.0
2026-09-21 06:34:00+00:00,4386.0,4387.60009765625,4386.0,4387.2001953125,57.0
2026-09-21 06:35:00+00:00,4387.10009765625,4387.7998046875,4386.60009765625,4387.5,32.0
2026-09-21 06:36:00+00:00,4387.2998046875,4388.89990234375,4387.2998046875,4388.5,42.0
2026-09-21 06:37:00+00:00,4388.39990234375,4388.7998046875,4387.2998046875,4388.10009765625,136.0
2026-09-21 06:38:00+00:00,4388.60009765625,4389.0,4388.2998046875,4388.2998046875,13.0
2026-09-21 06:39:00+00:00,4388.2998046875,4389.2001953125,4387.89990234375,4388.89990234375,21.0
2026-09-21 06:40:00+00:00,4388.89990234375,4391.5,4388.5,4391.2998046875,127.0
2026-09-21 06:41:00+00:00,4391.2001953125,4391.2998046875,4390.0,4390.7998046875,66.0
2026-09-21 06:42:00+00:00,4390.7001953125,4391.2001953125,4389.10009765625,4389.5,63.0
2026-09-21 06:43:00+00:00,4389.5,4389.7998046875,4388.7001953125,4389.0,14.0
2026-09-21 06:44:00+00:00,4389.0,4389.7001953125,4388.5,4389.60009765625,24.0
2026-09-21 06:45:00+00:00,4389.5,4391.2998046875,4389.5,4391.10009765625,70.0
2026-09-21 06:46:00+00:00,4391.2001953125,4392.2001953125,4390.7001953125,4390.89990234375,52.0
2026-09-21 06:47:00+00:00,4390.5,4391.7998046875,4389.60009765625,4391.7998046875,50.0
2026-09-21 06:48:00+00:00,4391.2998046875,4392.2998046875,4391.2998046875,4391.2998046875,36.0
2026-09-21 06:49:00+00:00,4391.2998046875,4392.2001953125,4390.7001953125,4391.7001953125,57.0
2026-09-21 06:50:00+00:00,4391.7998046875,4391.7998046875,4388.89990234375,4388.89990234375,79.0
2026-09-21 06:51:00+00:00,4388.7001953125,4390.10009765625,4387.7001953125,4389.7998046875,185.0
2026-09-21 06:52:00+00:00,4389.60009765625,4390.60009765625,4389.5,4390.60009765625,72.0
2026-09-21 06:53:00+00:00,4390.60009765625,4391.10009765625,4388.7998046875,4390.2001953125,53.0
2026-09-21 06:54:00+00:00,4390.0,4390.2998046875,4389.60009765625,4389.60009765625,32.0
2026-09-21 06:55:00+00:00,4389.7001953125,4390.10009765625,4388.7998046875,4389.7001953125,56.0
2026-09-21 06:56:00+00:00,4390.5,4391.89990234375,4389.5,4391.39990234375,129.0
2026-09-21 06:57:00+00:00,4391.2998046875,4392.0,4390.60009765625,4391.0,67.0
2026-09-21 06:58:00+00:00,4390.7998046875,4391.10009765625,4390.60009765625,4391.0,21.0
2026-09-21 06:59:00+00:00,4390.89990234375,4391.5,4390.60009765625,4390.7001953125,40.0
2026-09-21 07:00:00+00:00,4390.7998046875,4390.7998046875,4384.0,4384.7998046875,227.0
2026-09-21 07:01:00+00:00,4384.60009765625,4385.10009765625,4383.10009765625,4385.0,200.0
2026-09-21 07:02:00+00:00,4385.2001953125,4388.39990234375,4385.10009765625,4387.89990234375,157.0
2026-09-21 07:03:00+00:00,4387.89990234375,4393.60009765625,4387.5,4392.7998046875,395.0
2026-09-21 07:04:00+00:00,4393.0,4393.0,4390.39990234375,4392.5,112.0
2026-09-21 07:05:00+00:00,4392.7001953125,4392.7998046875,4390.10009765625,4392.0,58.0
2026-09-21 07:06:00+00:00,4391.7001953125,4393.7001953125,4391.7001953125,4392.2001953125,79.0
2026-09-21 07:07:00+00:00,4392.10009765625,4392.7998046875,4391.5,4392.60009765625,103.0
2026-09-21 07:08:00+00:00,4392.5,4392.5,4389.0,4389.2001953125,98.0
2026-09-21 07:09:00+00:00,4389.2998046875,4390.7998046875,4388.5,4389.89990234375,77.0
2026-09-21 07:10:00+00:00,4389.60009765625,4389.7998046875,4388.0,4388.89990234375,48.0
2026-09-21 07:11:00+00:00,4388.2001953125,4388.60009765625,4386.5,4386.5,105.0
2026-09-21 07:12:00+00:00,4386.39990234375,4387.39990234375,4383.5,4384.5,140.0
2026-09-21 07:13:00+00:00,4384.2998046875,4386.7001953125,4384.0,4386.60009765625,117.0
2026-09-21 07:14:00+00:00,4386.7998046875,4391.10009765625,4386.7998046875,4390.39990234375,129.0
2026-09-21 07:15:00+00:00,4390.2998046875,4392.2998046875,4388.2998046875,4388.89990234375,150.0
2026-09-21 07:16:00+00:00,4388.39990234375,4391.89990234375,4388.39990234375,4391.89990234375,96.0
2026-09-21 07:17:00+00:00,4392.0,4393.0,4390.2001953125,4390.2998046875,106.0
2026-09-21 07:18:00+00:00,4390.5,4391.60009765625,4389.60009765625,4391.39990234375,50.0
2026-09-21 07:19:00+00:00,4392.0,4392.2001953125,4391.2998046875,4391.5,28.0
2026-09-21 07:20:00+00:00,4391.2001953125,4391.60009765625,4390.10009765625,4391.10009765625,42.0
2026-09-21 07:21:00+00:00,4391.2001953125,4391.39990234375,4389.2998046875,4389.60009765625,39.0
2026-09-21 07:22:00+00:00,4389.2998046875,4389.7001953125,4388.0,4389.2998046875,66.0
2026-09-21 07:23:00+00:00,4389.0,4389.7998046875,4388.7998046875,4389.2001953125,27.0
2026-09-21 07:24:00+00:00,4388.7998046875,4389.89990234375,4388.39990234375,4388.39990234375,15.0
2026-09-21 07:25:00+00:00,4388.7998046875,4389.10009765625,4386.60009765625,4387.0,56.0
2026-09-21 07:26:00+00:00,4387.2001953125,4387.2001953125,4384.2998046875,4385.2001953125,112.0
2026-09-21 07:27:00+00:00,4384.89990234375,4387.89990234375,4384.89990234375,4387.7001953125,76.0
2026-09-21 07:28:00+00:00,4387.60009765625,4388.39990234375,4387.2001953125,4388.2001953125,24.0
2026-09-21 07:29:00+00:00,4387.5,4389.39990234375,4387.39990234375,4387.89990234375,72.0
2026-09-21 07:30:00+00:00,4388.39990234375,4388.60009765625,4386.39990234375,4386.7998046875,39.0
2026-09-21 07:31:00+00:00,4386.60009765625,4388.60009765625,4386.60009765625,4388.2998046875,25.0
2026-09-21 07:32:00+00:00,4388.89990234375,4389.2001953125,4387.0,4387.0,14.0
2026-09-21 07:33:00+00:00,4387.10009765625,4390.0,4387.0,4389.7001953125,24.0
2026-09-21 07:34:00+00:00,4389.5,4390.2001953125,4389.10009765625,4390.0,14.0
2026-09-21 07:35:00+00:00,4389.5,4390.7998046875,4388.7001953125,4390.0,33.0
2026-09-21 07:36:00+00:00,4389.7998046875,4390.39990234375,4388.2001953125,4389.89990234375,78.0
2026-09-21 07:37:00+00:00,4389.7001953125,4391.39990234375,4389.5,4391.39990234375,78.0
2026-09-21 07:38:00+00:00,4391.5,4392.7001953125,4388.89990234375,4389.10009765625,302.0
2026-09-21 07:39:00+00:00,4389.0,4389.0,4387.2001953125,4387.60009765625,99.0
2026-09-21 07:40:00+00:00,4387.7001953125,4388.0,4384.7001953125,4385.0,146.0
2026-09-21 07:41:00+00:00,4384.7001953125,4385.2001953125,4383.2998046875,4384.2998046875,332.0
2026-09-21 07:42:00+00:00,4384.2998046875,4386.60009765625,4384.0,4384.39990234375,148.0
2026-09-21 07:43:00+00:00,4384.39990234375,4384.89990234375,4379.0,4379.7998046875,722.0
2026-09-21 07:44:00+00:00,4380.10009765625,4385.7001953125,4379.89990234375,4384.39990234375,300.0
2026-09-21 07:45:00+00:00,4384.2998046875,4387.2998046875,4382.7998046875,4387.2001953125,183.0
2026-09-21 07:46:00+00:00,4387.2001953125,4387.2001953125,4384.0,4384.2001953125,93.0
2026-09-21 07:47:00+00:00,4384.39990234375,4385.7998046875,4384.10009765625,4384.39990234375,65.0
2026-09-21 07:48:00+00:00,4384.10009765625,4386.2001953125,4384.0,4385.7998046875,42.0
2026-09-21 07:49:00+00:00,4385.7001953125,4385.7001953125,4383.89990234375,4384.39990234375,50.0
2026-09-21 07:50:00+00:00,4383.7998046875,4385.39990234375,4383.7998046875,4385.2998046875,60.0
2026-09-21 07:51:00+00:00,4385.7998046875,4386.5,4385.7001953125,4386.0,53.0
2026-09-21 07:52:00+00:00,4386.0,4386.60009765625,4385.89990234375,4386.60009765625,32.0
2026-09-21 07:53:00+00:00,4386.2998046875,4386.7998046875,4383.89990234375,4384.60009765625,113.0
2026-09-21 07:54:00+00:00,4384.7001953125,4385.7998046875,4383.7998046875,4385.7998046875,56.0
2026-09-21 07:55:00+00:00,4385.89990234375,4386.2998046875,4385.2001953125,4385.7998046875,37.0
2026-09-21 07:56:00+00:00,4385.7998046875,4386.2001953125,4384.89990234375,4385.7001953125,42.0
2026-09-21 07:57:00+00:00,4385.5,4385.60009765625,4383.5,4383.5,58.0
2026-09-21 07:58:00+00:00,4383.7001953125,4383.89990234375,4382.0,4382.39990234375,74.0
2026-09-21 07:59:00+00:00,4382.5,4382.89990234375,4381.5,4381.60009765625,62.0
2026-09-21 08:00:00+00:00,4381.5,4382.7001953125,4380.7998046875,4382.2001953125,133.0
2026-09-21 08:01:00+00:00,4382.10009765625,4384.10009765625,4381.89990234375,4383.7001953125,77.0
2026-09-21 08:02:00+00:00,4384.0,4384.89990234375,4383.0,4383.2001953125,143.0
2026-09-21 08:03:00+00:00,4383.2001953125,4384.0,4382.2001953125,4383.60009765625,79.0
2026-09-21 08:04:00+00:00,4383.7998046875,4386.2001953125,4383.7998046875,4385.89990234375,52.0
2026-09-21 08:05:00+00:00,4386.0,4386.89990234375,4385.5,4385.7001953125,117.0
2026-09-21 08:06:00+00:00,4386.0,4388.7998046875,4386.0,4388.2998046875,93.0
2026-09-21 08:07:00+00:00,4388.0,4388.0,4385.0,4385.10009765625,85.0
2026-09-21 08:08:00+00:00,4385.2998046875,4387.10009765625,4385.2998046875,4386.7001953125,49.0
2026-09-21 08:09:00+00:00,4386.60009765625,4386.60009765625,4383.2001953125,4384.39990234375,116.0
2026-09-21 08:10:00+00:00,4384.2998046875,4386.2998046875,4383.7001953125,4386.2998046875,76.0
2026-09-21 08:11:00+00:00,4386.39990234375,4388.89990234375,4386.2001953125,4388.89990234375,73.0
2026-09-21 08:12:00+00:00,4388.7998046875,4390.7001953125,4388.10009765625,4389.7998046875,132.0
2026-09-21 08:13:00+00:00,4389.89990234375,4389.89990234375,4387.7001953125,4387.7001953125,32.0
2026-09-21 08:14:00+00:00,4388.2001953125,4389.2998046875,4387.5,4388.2001953125,74.0
2026-09-21 08:15:00+00:00,4387.60009765625,4388.7001953125,4387.2998046875,4388.2001953125,35.0
2026-09-21 08:16:00+00:00,4388.10009765625,4391.39990234375,4387.89990234375,4390.7998046875,143.0
2026-09-21 08:17:00+00:00,4390.7001953125,4391.5,4390.2001953125,4390.7001953125,43.0
2026-09-21 08:18:00+00:00,4390.7998046875,4391.0,4390.2001953125,4390.5,32.0
2026-09-21 08:19:00+00:00,4390.89990234375,4392.60009765625,4390.2001953125,4391.5,105.0
2026-09-21 08:20:00+00:00,4391.5,4391.5,4390.0,4390.39990234375,64.0
2026-09-21 08:21:00+00:00,4390.2998046875,4391.10009765625,4390.0,4391.0,75.0
2026-09-21 08:22:00+00:00,4390.7998046875,4391.0,4390.39990234375,4390.7998046875,18.0
2026-09-21 08:23:00+00:00,4391.10009765625,4392.5,4391.0,4392.2998046875,46.0
2026-09-21 08:24:00+00:00,4392.2998046875,4392.89990234375,4391.2998046875,4392.60009765625,84.0
2026-09-21 08:25:00+00:00,4392.39990234375,4393.0,4391.89990234375,4392.7998046875,74.0
2026-09-21 08:26:00+00:00,4392.60009765625,4392.60009765625,4391.10009765625,4391.7001953125,48.0
2026-09-21 08:27:00+00:00,4392.0,4392.60009765625,4391.2998046875,4391.2998046875,26.0
2026-09-21 08:28:00+00:00,4391.7998046875,4392.10009765625,4391.2998046875,4391.89990234375,36.0
2026-09-21 08:29:00+00:00,4391.39990234375,4391.89990234375,4390.60009765625,4390.7998046875,82.0
2026-09-21 08:30:00+00:00,4390.5,4391.5,4388.39990234375,4391.5,151.0
2026-09-21 08:31:00+00:00,4391.2998046875,4392.60009765625,4391.2001953125,4392.60009765625,61.0
2026-09-21 08:32:00+00:00,4392.60009765625,4393.39990234375,4391.89990234375,4392.2998046875,107.0
2026-09-21 08:33:00+00:00,4392.10009765625,4393.5,4392.10009765625,4392.7001953125,94.0
2026-09-21 08:34:00+00:00,4392.2998046875,4392.7001953125,4392.10009765625,4392.5,38.0
2026-09-21 08:35:00+00:00,4392.39990234375,4394.0,4391.7001953125,4392.89990234375,90.0
2026-09-21 08:36:00+00:00,4392.7998046875,4393.39990234375,4392.60009765625,4393.2001953125,30.0
2026-09-21 08:37:00+00:00,4393.39990234375,4393.60009765625,4391.10009765625,4391.7998046875,101.0
2026-09-21 08:38:00+00:00,4391.89990234375,4393.7001953125,4391.2998046875,4392.60009765625,54.0
2026-09-21 08:39:00+00:00,4392.7998046875,4394.5,4392.7001953125,4392.7001953125,193.0
2026-09-21 08:40:00+00:00,4392.7001953125,4392.7001953125,4390.7001953125,4391.60009765625,75.0
2026-09-21 08:41:00+00:00,4391.7998046875,4394.10009765625,4391.7998046875,4393.89990234375,135.0
2026-09-21 08:42:00+00:00,4393.60009765625,4393.89990234375,4393.0,4393.7001953125,24.0
2026-09-21 08:43:00+00:00,4393.60009765625,4394.2001953125,4392.7998046875,4393.2001953125,34.0
2026-09-21 08:44:00+00:00,4393.2998046875,4395.2001953125,4393.2998046875,4395.10009765625,71.0
2026-09-21 08:45:00+00:00,4395.10009765625,4395.10009765625,4393.2001953125,4393.60009765625,73.0
2026-09-21 08:46:00+00:00,4393.60009765625,4394.0,4393.10009765625,4393.10009765625,34.0
2026-09-21 08:47:00+00:00,4393.10009765625,4393.2998046875,4391.2001953125,4391.7998046875,112.0
2026-09-21 08:48:00+00:00,4392.10009765625,4393.5,4392.10009765625,4393.0,32.0
2026-09-21 08:49:00+00:00,4393.2001953125,4393.7998046875,4392.60009765625,4393.5,21.0
2026-09-21 08:50:00+00:00,4393.2998046875,4393.2998046875,4391.39990234375,4391.5,47.0
2026-09-21 08:51:00+00:00,4391.60009765625,4392.5,4391.5,4392.10009765625,16.0
2026-09-21 08:52:00+00:00,4392.2998046875,4392.2998046875,4391.2998046875,4391.60009765625,32.0
2026-09-21 08:53:00+00:00,4391.39990234375,4391.60009765625,4390.60009765625,4391.2001953125,78.0
2026-09-21 08:54:00+00:00,4390.7001953125,4390.89990234375,4388.2001953125,4388.2001953125,51.0
2026-09-21 08:55:00+00:00,4388.7001953125,4389.2998046875,4387.2998046875,4389.10009765625,84.0
2026-09-21 08:56:00+00:00,4389.10009765625,4389.60009765625,4388.39990234375,4388.60009765625,65.0
2026-09-21 08:57:00+00:00,4388.5,4390.39990234375,4388.39990234375,4390.39990234375,58.0
2026-09-21 08:58:00+00:00,4390.10009765625,4390.5,4390.10009765625,4390.10009765625,30.0
2026-09-21 08:59:00+00:00,4390.2001953125,4391.0,4390.2001953125,4390.7001953125,36.0
2026-09-21 09:00:00+00:00,4390.7001953125,4391.39990234375,4390.2001953125,4390.7001953125,57.0
2026-09-21 09:01:00+00:00,4390.60009765625,4391.2001953125,4389.2001953125,4389.5,42.0
2026-09-21 09:02:00+00:00,4389.2998046875,4389.89990234375,4388.7998046875,4389.10009765625,36.0
2026-09-21 09:03:00+00:00,4389.2001953125,4390.7998046875,4388.5,4390.39990234375,69.0
2026-09-21 09:04:00+00:00,4390.60009765625,4391.10009765625,4386.7998046875,4387.89990234375,137.0
2026-09-21 09:05:00+00:00,4387.7001953125,4388.60009765625,4387.7001953125,4388.5,38.0
2026-09-21 09:06:00+00:00,4388.5,4390.2001953125,4388.5,4390.2001953125,34.0
2026-09-21 09:07:00+00:00,4389.89990234375,4390.7001953125,4389.89990234375,4390.5,29.0
2026-09-21 09:08:00+00:00,4390.39990234375,4391.2998046875,4390.39990234375,4390.89990234375,24.0
2026-09-21 09:09:00+00:00,4391.10009765625,4391.2001953125,4390.0,4390.60009765625,35.0
2026-09-21 09:10:00+00:00,4390.7001953125,4391.0,4390.0,4390.2998046875,16.0
2026-09-21 09:11:00+00:00,4390.0,4391.0,4390.0,4391.0,27.0
2026-09-21 09:12:00+00:00,4390.7001953125,4391.0,4390.2001953125,4390.2001953125,6.0
2026-09-21 09:13:00+00:00,4389.89990234375,4391.0,4389.5,4391.0,24.0
2026-09-21 09:14:00+00:00,4391.10009765625,4391.5,4390.5,4391.39990234375,27.0
2026-09-21 09:15:00+00:00,4391.10009765625,4392.0,4391.10009765625,4391.7998046875,51.0
2026-09-21 09:16:00+00:00,4391.60009765625,4392.2998046875,4390.89990234375,4390.89990234375,43.0
2026-09-21 09:17:00+00:00,4391.39990234375,4392.39990234375,4390.2998046875,4391.7998046875,67.0
2026-09-21 09:18:00+00:00,4391.2001953125,4391.60009765625,4390.10009765625,4390.60009765625,50.0
2026-09-21 09:19:00+00:00,4390.0,4390.0,4388.7001953125,4388.89990234375,43.0
2026-09-21 09:20:00+00:00,4389.10009765625,4391.2998046875,4389.0,4389.7998046875,96.0
2026-09-21 09:21:00+00:00,4389.60009765625,4391.2998046875,4389.60009765625,4390.60009765625,67.0
2026-09-21 09:22:00+00:00,4390.5,4391.2998046875,4389.89990234375,4391.2998046875,71.0
2026-09-21 09:23:00+00:00,4391.39990234375,4391.39990234375,4389.7998046875,4389.7998046875,49.0
2026-09-21 09:24:00+00:00,4389.5,4389.5,4387.60009765625,4388.0,104.0
2026-09-21 09:25:00+00:00,4388.2001953125,4388.2998046875,4386.7998046875,4387.0,71.0
2026-09-21 09:26:00+00:00,4386.89990234375,4387.5,4386.7998046875,4387.0,55.0
2026-09-21 09:27:00+00:00,4387.10009765625,4387.89990234375,4387.0,4387.2998046875,40.0
2026-09-21 09:28:00+00:00,4387.39990234375,4388.0,4386.2001953125,4386.2001953125,123.0
2026-09-21 09:29:00+00:00,4386.0,4386.39990234375,4383.7001953125,4383.7001953125,227.0
2026-09-21 09:30:00+00:00,4383.7001953125,4383.7998046875,4381.5,4383.5,283.0
2026-09-21 09:31:00+00:00,4383.60009765625,4383.60009765625,4380.89990234375,4381.60009765625,274.0
2026-09-21 09:32:00+00:00,4381.5,4381.89990234375,4377.5,4379.89990234375,624.0
2026-09-21 09:33:00+00:00,4379.39990234375,4381.5,4378.39990234375,4380.7001953125,351.0
2026-09-21 09:34:00+00:00,4380.7001953125,4380.7001953125,4379.2001953125,4379.7998046875,114.0
2026-09-21 09:35:00+00:00,4379.7001953125,4379.89990234375,4377.7001953125,4378.7998046875,223.0
2026-09-21 09:36:00+00:00,4378.7001953125,4381.10009765625,4378.60009765625,4380.60009765625,171.0
2026-09-21 09:37:00+00:00,4380.7001953125,4382.60009765625,4380.10009765625,4381.10009765625,123.0
2026-09-21 09:38:00+00:00,4380.7001953125,4382.0,4380.2001953125,4381.60009765625,82.0
2026-09-21 09:39:00+00:00,4381.39990234375,4382.0,4379.5,4382.0,82.0
2026-09-21 09:40:00+00:00,4381.7001953125,4382.2001953125,4380.2998046875,4382.10009765625,53.0
2026-09-21 09:41:00+00:00,4382.39990234375,4383.5,4382.39990234375,4382.7998046875,141.0
2026-09-21 09:42:00+00:00,4383.0,4383.2998046875,4382.60009765625,4382.7001953125,16.0
2026-09-21 09:43:00+00:00,4382.39990234375,4383.7001953125,4382.2998046875,4382.60009765625,87.0
2026-09-21 09:44:00+00:00,4382.89990234375,4385.7001953125,4382.89990234375,4385.39990234375,83.0
2026-09-21 09:45:00+00:00,4385.2998046875,4386.2998046875,4385.2998046875,4385.7998046875,70.0
2026-09-21 09:46:00+00:00,4385.7001953125,4386.0,4384.39990234375,4385.0,94.0
2026-09-21 09:47:00+00:00,4384.89990234375,4385.2001953125,4384.0,4384.10009765625,36.0
2026-09-21 09:48:00+00:00,4383.7998046875,4384.2998046875,4383.7001953125,4384.2998046875,32.0
2026-09-21 09:49:00+00:00,4383.89990234375,4383.89990234375,4381.39990234375,4381.89990234375,51.0
2026-09-21 09:50:00+00:00,4381.7001953125,4383.89990234375,4381.7001953125,4383.10009765625,49.0
2026-09-21 09:51:00+00:00,4382.89990234375,4384.2998046875,4382.7001953125,4384.0,28.0
2026-09-21 09:52:00+00:00,4383.7001953125,4384.39990234375,4382.0,4382.0,106.0
2026-09-21 09:53:00+00:00,4381.89990234375,4382.7998046875,4381.89990234375,4382.7998046875,39.0
2026-09-21 09:54:00+00:00,4383.10009765625,4385.0,4383.10009765625,4384.7998046875,58.0
2026-09-21 09:55:00+00:00,4384.89990234375,4384.89990234375,4383.39990234375,4384.2001953125,78.0
2026-09-21 09:56:00+00:00,4384.2998046875,4384.7998046875,4383.0,4383.0,50.0
2026-09-21 09:57:00+00:00,4383.2001953125,4383.2001953125,4381.2998046875,4382.60009765625,54.0
2026-09-21 09:58:00+00:00,4382.5,4383.5,4382.0,4383.10009765625,30.0
2026-09-21 09:59:00+00:00,4383.7001953125,4384.10009765625,4383.5,4383.60009765625,29.0
2026-09-21 10:00:00+00:00,4383.39990234375,4384.10009765625,4383.2001953125,4384.10009765625,34.0
2026-09-21 10:01:00+00:00,4384.10009765625,4384.89990234375,4383.2001953125,4384.89990234375,49.0
2026-09-21 10:02:00+00:00,4384.89990234375,4386.7998046875,4384.7998046875,4386.5,63.0
2026-09-21 10:03:00+00:00,4386.2998046875,4387.60009765625,4386.2998046875,4386.7001953125,44.0
2026-09-21 10:04:00+00:00,4386.60009765625,4387.5,4386.39990234375,4387.39990234375,15.0
2026-09-21 10:05:00+00:00,4387.5,4388.2998046875,4386.5,4386.60009765625,247.0
2026-09-21 10:06:00+00:00,4386.7998046875,4389.5,4386.7998046875,4389.5,75.0
2026-09-21 10:07:00+00:00,4389.60009765625,4390.10009765625,4388.7998046875,4389.10009765625,58.0
2026-09-21 10:08:00+00:00,4389.10009765625,4389.5,4388.60009765625,4388.60009765625,30.0
2026-09-21 10:09:00+00:00,4389.2998046875,4389.2998046875,4388.2001953125,4388.7998046875,90.0
2026-09-21 10:10:00+00:00,4388.7001953125,4389.10009765625,4387.89990234375,4389.0,63.0
2026-09-21 10:11:00+00:00,4389.10009765625,4390.2001953125,4388.60009765625,4390.10009765625,56.0
2026-09-21 10:12:00+00:00,4390.10009765625,4390.2001953125,4389.5,4390.10009765625,51.0
2026-09-21 10:13:00+00:00,4390.0,4390.7998046875,4389.10009765625,4390.2998046875,57.0
2026-09-21 10:14:00+00:00,4390.10009765625,4391.0,4389.7001953125,4391.0,37.0
2026-09-21 10:15:00+00:00,4391.5,4394.39990234375,4391.5,4394.10009765625,249.0
2026-09-21 10:16:00+00:00,4394.10009765625,4394.60009765625,4393.2998046875,4393.7001953125,95.0
2026-09-21 10:17:00+00:00,4394.0,4394.10009765625,4393.0,4393.0,51.0
2026-09-21 10:18:00+00:00,4393.10009765625,4393.10009765625,4391.89990234375,4392.2998046875,38.0
2026-09-21 10:19:00+00:00,4392.60009765625,4392.60009765625,4390.5,4390.89990234375,78.0
2026-09-21 10:20:00+00:00,4390.7998046875,4390.7998046875,4389.5,4390.2998046875,57.0
2026-09-21 10:21:00+00:00,4390.10009765625,4390.10009765625,4389.5,4389.7998046875,44.0
2026-09-21 10:22:00+00:00,4389.60009765625,4389.60009765625,4389.0,4389.2001953125,47.0
2026-09-21 10:23:00+00:00,4389.2001953125,4389.5,4388.39990234375,4389.2998046875,27.0
2026-09-21 10:24:00+00:00,4389.0,4389.5,4388.7998046875,4389.0,45.0
2026-09-21 10:25:00+00:00,4388.89990234375,4390.2998046875,4388.89990234375,4389.2998046875,58.0
2026-09-21 10:26:00+00:00,4388.89990234375,4389.2998046875,4388.2998046875,4388.89990234375,74.0
2026-09-21 10:27:00+00:00,4389.2001953125,4390.0,4388.60009765625,4389.39990234375,41.0
2026-09-21 10:28:00+00:00,4389.2998046875,4390.0,4388.60009765625,4389.0,36.0
2026-09-21 10:29:00+00:00,4389.0,4389.0,4387.7998046875,4388.7001953125,22.0
2026-09-21 10:30:00+00:00,4388.60009765625,4389.10009765625,4387.89990234375,4388.7998046875,36.0
2026-09-21 10:31:00+00:00,4388.2998046875,4388.89990234375,4387.60009765625,4388.89990234375,20.0
2026-09-21 10:32:00+00:00,4388.7998046875,4389.5,4388.7998046875,4389.0,40.0
2026-09-21 10:33:00+00:00,4388.5,4389.0,4388.39990234375,4388.5,22.0
2026-09-21 10:34:00+00:00,4388.60009765625,4388.7998046875,4388.2001953125,4388.60009765625,9.0
2026-09-21 10:35:00+00:00,4388.60009765625,4390.2001953125,4387.10009765625,4387.5,52.0
2026-09-21 10:36:00+00:00,4387.5,4387.89990234375,4386.39990234375,4386.7998046875,93.0
2026-09-21 10:37:00+00:00,4387.10009765625,4387.39990234375,4385.7998046875,4385.7998046875,33.0
2026-09-21 10:38:00+00:00,4386.0,4386.7998046875,4385.7001953125,4386.7998046875,28.0
2026-09-21 10:39:00+00:00,4386.60009765625,4387.0,4386.2001953125,4386.2001953125,18.0
2026-09-21 10:40:00+00:00,4386.2001953125,4386.7998046875,4385.5,4386.5,47.0
2026-09-21 10:41:00+00:00,4386.39990234375,4386.89990234375,4386.10009765625,4386.2998046875,23.0
2026-09-21 10:42:00+00:00,4386.60009765625,4387.2001953125,4386.60009765625,4387.10009765625,23.0
2026-09-21 10:43:00+00:00,4387.0,4387.10009765625,4386.60009765625,4386.7001953125,48.0
2026-09-21 10:44:00+00:00,4386.7998046875,4386.7998046875,4385.7001953125,4386.10009765625,84.0
2026-09-21 10:45:00+00:00,4385.7001953125,4386.39990234375,4385.5,4386.10009765625,27.0
2026-09-21 10:46:00+00:00,4386.39990234375,4388.5,4386.39990234375,4387.2998046875,51.0
2026-09-21 10:47:00+00:00,4387.2001953125,4387.89990234375,4387.2001953125,4387.60009765625,7.0
2026-09-21 10:48:00+00:00,4387.2998046875,4387.39990234375,4386.39990234375,4386.39990234375,14.0
2026-09-21 10:49:00+00:00,4386.39990234375,4386.89990234375,4385.7998046875,4385.7998046875,24.0
2026-09-21 10:50:00+00:00,4386.0,4387.39990234375,4386.0,4386.7001953125,14.0
2026-09-21 10:51:00+00:00,4386.7001953125,4386.7998046875,4385.7001953125,4386.0,18.0
2026-09-21 10:52:00+00:00,4385.5,4386.2001953125,4385.2998046875,4385.39990234375,29.0
2026-09-21 10:53:00+00:00,4385.2998046875,4385.7001953125,4385.0,4385.2998046875,21.0
2026-09-21 10:54:00+00:00,4385.2998046875,4385.5,4384.7998046875,4385.2001953125,34.0
2026-09-21 10:55:00+00:00,4385.10009765625,4385.2998046875,4384.60009765625,4385.2001953125,61.0
2026-09-21 10:56:00+00:00,4385.2998046875,4385.89990234375,4384.7998046875,4385.5,31.0
2026-09-21 10:57:00+00:00,4385.10009765625,4385.2998046875,4384.7001953125,4384.7998046875,22.0
2026-09-21 10:58:00+00:00,4384.5,4384.5,4382.2998046875,4382.60009765625,48.0
2026-09-21 10:59:00+00:00,4382.5,4382.7998046875,4380.10009765625,4380.39990234375,91.0
2026-09-21 11:00:00+00:00,4380.2001953125,4382.0,4379.5,4381.0,112.0
2026-09-21 11:01:00+00:00,4381.2001953125,4381.60009765625,4380.39990234375,4381.39990234375,76.0
2026-09-21 11:02:00+00:00,4381.5,4381.5,4379.7001953125,4379.7998046875,66.0
2026-09-21 11:03:00+00:00,4379.7998046875,4382.10009765625,4379.60009765625,4382.10009765625,93.0
2026-09-21 11:04:00+00:00,4381.7998046875,4382.60009765625,4381.5,4382.60009765625,28.0
2026-09-21 11:05:00+00:00,4382.60009765625,4383.89990234375,4382.60009765625,4383.2998046875,60.0
2026-09-21 11:06:00+00:00,4383.2998046875,4383.2998046875,4381.39990234375,4381.60009765625,78.0
2026-09-21 11:07:00+00:00,4382.2001953125,4382.5,4381.5,4381.60009765625,17.0
2026-09-21 11:08:00+00:00,4381.5,4382.2001953125,4381.2998046875,4382.2001953125,19.0
2026-09-21 11:09:00+00:00,4382.39990234375,4383.60009765625,4382.39990234375,4383.0,49.0
2026-09-21 11:10:00+00:00,4383.2998046875,4384.5,4382.2998046875,4384.10009765625,31.0
2026-09-21 11:11:00+00:00,4384.2001953125,4384.60009765625,4383.2998046875,4383.60009765625,54.0
2026-09-21 11:12:00+00:00,4383.5,4384.7001953125,4383.5,4384.2998046875,37.0
2026-09-21 11:13:00+00:00,4384.5,4385.2001953125,4384.5,4385.0,26.0
2026-09-21 11:14:00+00:00,4385.0,4386.0,4385.0,4385.60009765625,37.0
2026-09-21 11:15:00+00:00,4386.10009765625,4388.89990234375,4386.10009765625,4388.89990234375,54.0
2026-09-21 11:16:00+00:00,4388.7998046875,4388.7998046875,4387.89990234375,4388.5,31.0
2026-09-21 11:17:00+00:00,4388.7001953125,4390.2001953125,4388.5,4390.2001953125,146.0
2026-09-21 11:18:00+00:00,4390.2001953125,4391.2001953125,4389.89990234375,4391.0,85.0
2026-09-21 11:19:00+00:00,4391.10009765625,4392.7001953125,4391.10009765625,4392.7001953125,96.0
2026-09-21 11:20:00+00:00,4392.89990234375,4393.0,4391.0,4391.2998046875,41.0
2026-09-21 11:21:00+00:00,4391.2998046875,4392.2998046875,4391.2998046875,4391.89990234375,25.0
2026-09-21 11:22:00+00:00,4391.7998046875,4392.7998046875,4391.2001953125,4392.60009765625,66.0
2026-09-21 11:23:00+00:00,4391.89990234375,4391.89990234375,4390.60009765625,4390.7998046875,26.0
2026-09-21 11:24:00+00:00,4390.5,4390.7001953125,4389.89990234375,4390.2001953125,48.0
2026-09-21 11:25:00+00:00,4390.39990234375,4390.89990234375,4389.7001953125,4389.7001953125,27.0
2026-09-21 11:26:00+00:00,4390.2001953125,4391.0,4390.0,4390.2998046875,42.0
2026-09-21 11:27:00+00:00,4390.10009765625,4390.7998046875,4390.10009765625,4390.5,28.0
2026-09-21 11:28:00+00:00,4390.89990234375,4391.5,4390.89990234375,4391.39990234375,13.0
2026-09-21 11:29:00+00:00,4391.39990234375,4391.5,4390.89990234375,4391.5,22.0
2026-09-21 11:30:00+00:00,4391.10009765625,4391.2998046875,4389.7001953125,4391.0,99.0
2026-09-21 11:31:00+00:00,4391.10009765625,4394.2998046875,4390.89990234375,4394.2998046875,54.0
2026-09-21 11:32:00+00:00,4394.39990234375,4394.89990234375,4393.60009765625,4393.60009765625,93.0
2026-09-21 11:33:00+00:00,4393.7001953125,4394.2001953125,4393.10009765625,4393.89990234375,47.0
2026-09-21 11:34:00+00:00,4394.0,4396.2998046875,4393.7998046875,4395.60009765625,147.0
2026-09-21 11:35:00+00:00,4395.7001953125,4397.7998046875,4395.2998046875,4397.7998046875,123.0
2026-09-21 11:36:00+00:00,4397.5,4398.39990234375,4397.0,4397.10009765625,126.0
2026-09-21 11:37:00+00:00,4397.10009765625,4398.60009765625,4397.10009765625,4398.2998046875,94.0
2026-09-21 11:38:00+00:00,4398.5,4399.0,4397.60009765625,4398.39990234375,144.0
2026-09-21 11:39:00+00:00,4398.5,4401.0,4397.89990234375,4399.0,192.0
2026-09-21 11:40:00+00:00,4399.0,4399.5,4397.89990234375,4399.5,50.0
2026-09-21 11:41:00+00:00,4398.7001953125,4400.60009765625,4398.7001953125,4400.5,61.0
2026-09-21 11:42:00+00:00,4400.60009765625,4402.10009765625,4400.2998046875,4401.0,204.0
2026-09-21 11:43:00+00:00,4401.10009765625,4401.7998046875,4400.7998046875,4401.7998046875,253.0
2026-09-21 11:44:00+00:00,4401.89990234375,4405.39990234375,4401.89990234375,4404.39990234375,350.0
2026-09-21 11:45:00+00:00,4404.60009765625,4405.2998046875,4403.2001953125,4403.60009765625,166.0
2026-09-21 11:46:00+00:00,4403.89990234375,4406.0,4403.5,4404.7998046875,111.0
2026-09-21 11:47:00+00:00,4404.89990234375,4405.10009765625,4403.7998046875,4403.89990234375,56.0
2026-09-21 11:48:00+00:00,4404.2998046875,4404.2998046875,4402.60009765625,4403.10009765625,64.0
2026-09-21 11:49:00+00:00,4403.2998046875,4405.39990234375,4403.2001953125,4405.0,63.0
2026-09-21 11:50:00+00:00,4405.0,4406.10009765625,4404.2998046875,4405.10009765625,217.0
2026-09-21 11:51:00+00:00,4405.2001953125,4405.60009765625,4403.2998046875,4404.89990234375,96.0
2026-09-21 11:52:00+00:00,4404.89990234375,4407.2998046875,4404.89990234375,4406.7998046875,115.0
2026-09-21 11:53:00+00:00,4406.7001953125,4407.2001953125,4406.0,4406.2998046875,89.0
2026-09-21 11:54:00+00:00,4406.5,4409.0,4406.5,4408.89990234375,275.0
2026-09-21 11:55:00+00:00,4408.7001953125,4409.39990234375,4408.10009765625,4408.60009765625,133.0
2026-09-21 11:56:00+00:00,4408.89990234375,4409.0,4405.39990234375,4406.0,135.0
2026-09-21 11:57:00+00:00,4405.89990234375,4406.2998046875,4404.39990234375,4405.10009765625,109.0
2026-09-21 11:58:00+00:00,4405.60009765625,4406.2998046875,4405.10009765625,4405.39990234375,134.0
2026-09-21 11:59:00+00:00,4405.5,4407.60009765625,4405.5,4407.2998046875,69.0
2026-09-21 12:00:00+00:00,4407.10009765625,4407.10009765625,4404.2998046875,4404.2998046875,135.0
2026-09-21 12:01:00+00:00,4404.5,4405.2001953125,4402.60009765625,4402.89990234375,163.0
2026-09-21 12:02:00+00:00,4403.10009765625,4404.0,4400.10009765625,4403.2998046875,296.0
2026-09-21 12:03:00+00:00,4403.2998046875,4406.5,4402.7998046875,4405.5,176.0
2026-09-21 12:04:00+00:00,4405.60009765625,4408.60009765625,4405.60009765625,4408.5,179.0
2026-09-21 12:05:00+00:00,4408.7001953125,4413.0,4408.7001953125,4411.10009765625,497.0
2026-09-21 12:06:00+00:00,4410.89990234375,4411.10009765625,4408.60009765625,4409.60009765625,158.0
2026-09-21 12:07:00+00:00,4409.39990234375,4409.39990234375,4406.39990234375,4406.39990234375,100.0
2026-09-21 12:08:00+00:00,4406.60009765625,4407.89990234375,4406.2998046875,4407.89990234375,84.0
2026-09-21 12:09:00+00:00,4407.60009765625,4408.10009765625,4405.2001953125,4405.2001953125,100.0
2026-09-21 12:10:00+00:00,4405.2001953125,4406.10009765625,4404.7001953125,4406.0,84.0
2026-09-21 12:11:00+00:00,4406.2001953125,4407.2998046875,4405.2001953125,4406.60009765625,110.0
2026-09-21 12:12:00+00:00,4406.60009765625,4407.10009765625,4405.7001953125,4406.60009765625,45.0
2026-09-21 12:13:00+00:00,4406.60009765625,4407.2998046875,4406.10009765625,4407.2001953125,63.0
2026-09-21 12:14:00+00:00,4407.5,4408.10009765625,4406.60009765625,4407.39990234375,47.0
2026-09-21 12:15:00+00:00,4407.7001953125,4407.7001953125,4405.60009765625,4405.7998046875,106.0
2026-09-21 12:16:00+00:00,4405.7001953125,4409.2001953125,4405.39990234375,4406.89990234375,96.0
2026-09-21 12:17:00+00:00,4406.7998046875,4408.2001953125,4405.89990234375,4408.0,86.0
2026-09-21 12:18:00+00:00,4408.39990234375,4408.39990234375,4406.2998046875,4406.7998046875,59.0
2026-09-21 12:19:00+00:00,4406.7001953125,4406.7998046875,4405.2998046875,4405.2998046875,49.0
2026-09-21 12:20:00+00:00,4405.60009765625,4405.7001953125,4398.60009765625,4398.89990234375,451.0
2026-09-21 12:21:00+00:00,4398.7998046875,4399.2998046875,4396.39990234375,4396.7998046875,408.0
2026-09-21 12:22:00+00:00,4396.89990234375,4398.7001953125,4396.2998046875,4398.10009765625,245.0
2026-09-21 12:23:00+00:00,4398.10009765625,4398.60009765625,4396.0,4396.2001953125,181.0
2026-09-21 12:24:00+00:00,4396.5,4396.60009765625,4392.5,4392.60009765625,267.0
2026-09-21 12:25:00+00:00,4392.2998046875,4394.7001953125,4392.2001953125,4394.39990234375,234.0
2026-09-21 12:26:00+00:00,4394.10009765625,4394.10009765625,4392.2998046875,4392.7998046875,134.0
2026-09-21 12:27:00+00:00,4393.10009765625,4393.89990234375,4388.7998046875,4390.10009765625,240.0
2026-09-21 12:28:00+00:00,4389.89990234375,4391.5,4389.2998046875,4390.60009765625,148.0
2026-09-21 12:29:00+00:00,4390.39990234375,4393.2998046875,4390.2001953125,4393.0,164.0
2026-09-21 12:30:00+00:00,4393.0,4396.39990234375,4391.7001953125,4394.2001953125,472.0
2026-09-21 12:31:00+00:00,4394.10009765625,4395.89990234375,4393.39990234375,4395.7001953125,189.0
2026-09-21 12:32:00+00:00,4396.10009765625,4397.2998046875,4394.2998046875,4395.60009765625,229.0
2026-09-21 12:33:00+00:00,4395.5,4396.0,4394.2998046875,4395.2998046875,113.0
2026-09-21 12:34:00+00:00,4395.7998046875,4395.7998046875,4393.2998046875,4395.5,129.0
2026-09-21 12:35:00+00:00,4395.39990234375,4395.7998046875,4393.0,4393.2001953125,98.0
2026-09-21 12:36:00+00:00,4392.7998046875,4393.2001953125,4389.5,4389.5,195.0
2026-09-21 12:37:00+00:00,4389.39990234375,4391.10009765625,4388.7001953125,4390.7998046875,179.0
2026-09-21 12:38:00+00:00,4390.7998046875,4392.10009765625,4390.2001953125,4391.7001953125,66.0
2026-09-21 12:39:00+00:00,4392.10009765625,4394.7998046875,4391.7001953125,4394.7998046875,185.0
2026-09-21 12:40:00+00:00,4394.5,4396.2001953125,4393.2001953125,4393.7001953125,124.0
2026-09-21 12:41:00+00:00,4394.10009765625,4397.0,4394.10009765625,4396.89990234375,129.0
2026-09-21 12:42:00+00:00,4396.7998046875,4397.7998046875,4396.10009765625,4397.60009765625,125.0
2026-09-21 12:43:00+00:00,4397.60009765625,4398.7001953125,4396.2001953125,4397.0,169.0
2026-09-21 12:44:00+00:00,4397.2998046875,4401.39990234375,4394.60009765625,4401.0,571.0
2026-09-21 12:45:00+00:00,4400.7998046875,4401.7001953125,4397.2001953125,4397.2001953125,234.0
2026-09-21 12:46:00+00:00,4397.2001953125,4397.7998046875,4393.5,4394.0,140.0
2026-09-21 12:47:00+00:00,4393.5,4394.5,4393.0,4394.0,95.0
2026-09-21 12:48:00+00:00,4394.10009765625,4396.5,4394.10009765625,4396.0,111.0
2026-09-21 12:49:00+00:00,4396.10009765625,4396.10009765625,4394.60009765625,4395.39990234375,131.0
2026-09-21 12:50:00+00:00,4395.7001953125,4396.2001953125,4394.7998046875,4395.39990234375,86.0
2026-09-21 12:51:00+00:00,4395.60009765625,4396.89990234375,4395.60009765625,4396.10009765625,56.0
2026-09-21 12:52:00+00:00,4396.10009765625,4397.10009765625,4395.2998046875,4396.7001953125,57.0
2026-09-21 12:53:00+00:00,4397.0,4397.10009765625,4393.89990234375,4394.60009765625,84.0
2026-09-21 12:54:00+00:00,4394.39990234375,4395.7001953125,4394.0,4394.60009765625,78.0
2026-09-21 12:55:00+00:00,4394.39990234375,4394.39990234375,4391.89990234375,4392.7001953125,96.0
2026-09-21 12:56:00+00:00,4392.89990234375,4393.2998046875,4391.60009765625,4392.60009765625,74.0
2026-09-21 12:57:00+00:00,4392.5,4396.7001953125,4392.5,4396.39990234375,107.0
2026-09-21 12:58:00+00:00,4396.0,4399.2998046875,4395.89990234375,4399.10009765625,208.0
2026-09-21 12:59:00+00:00,4398.39990234375,4398.39990234375,4397.0,4397.39990234375,58.0
2026-09-21 13:00:00+00:00,4397.2001953125,4398.7998046875,4395.60009765625,4398.5,297.0
2026-09-21 13:01:00+00:00,4398.10009765625,4398.10009765625,4396.2001953125,4396.60009765625,82.0
2026-09-21 13:02:00+00:00,4396.60009765625,4398.0,4395.7998046875,4396.89990234375,64.0
2026-09-21 13:03:00+00:00,4396.5,4396.89990234375,4394.7998046875,4394.89990234375,174.0
2026-09-21 13:04:00+00:00,4394.89990234375,4395.39990234375,4393.7001953125,4395.0,73.0
2026-09-21 13:05:00+00:00,4395.2998046875,4398.0,4394.5,4397.0,275.0
2026-09-21 13:06:00+00:00,4397.39990234375,4398.10009765625,4396.39990234375,4396.60009765625,51.0
2026-09-21 13:07:00+00:00,4396.5,4399.10009765625,4396.2001953125,4398.60009765625,111.0
2026-09-21 13:08:00+00:00,4398.7001953125,4400.2998046875,4397.5,4400.10009765625,114.0
2026-09-21 13:09:00+00:00,4399.89990234375,4401.89990234375,4399.7001953125,4399.7998046875,154.0
2026-09-21 13:10:00+00:00,4399.89990234375,4401.10009765625,4399.60009765625,4399.89990234375,38.0
2026-09-21 13:11:00+00:00,4399.2998046875,4401.2001953125,4398.7998046875,4400.2998046875,99.0
2026-09-21 13:12:00+00:00,4400.10009765625,4401.5,4399.7998046875,4401.0,72.0
2026-09-21 13:13:00+00:00,4401.2001953125,4402.2998046875,4400.5,4401.0,56.0
2026-09-21 13:14:00+00:00,4401.10009765625,4401.7001953125,4400.39990234375,4400.7998046875,50.0
2026-09-21 13:15:00+00:00,4401.10009765625,4401.39990234375,4400.2001953125,4400.7001953125,70.0
2026-09-21 13:16:00+00:00,4401.0,4401.60009765625,4399.2001953125,4399.7001953125,141.0
2026-09-21 13:17:00+00:00,4400.0,4401.39990234375,4398.39990234375,4401.39990234375,72.0
2026-09-21 13:18:00+00:00,4401.2001953125,4401.2001953125,4399.60009765625,4400.0,20.0
2026-09-21 13:19:00+00:00,4400.0,4402.2001953125,4400.0,4400.5,64.0
2026-09-21 13:20:00+00:00,4400.2998046875,4400.7998046875,4398.7001953125,4399.39990234375,139.0
2026-09-21 13:21:00+00:00,4399.5,4401.39990234375,4399.5,4400.7998046875,68.0
2026-09-21 13:22:00+00:00,4401.10009765625,4402.2001953125,4399.39990234375,4399.89990234375,78.0
2026-09-21 13:23:00+00:00,4400.7001953125,4403.0,4400.5,4402.10009765625,98.0
2026-09-21 13:24:00+00:00,4402.10009765625,4404.2001953125,4401.7998046875,4403.2001953125,134.0
2026-09-21 13:25:00+00:00,4403.2001953125,4404.39990234375,4402.89990234375,4404.10009765625,54.0
2026-09-21 13:26:00+00:00,4403.7998046875,4407.7998046875,4401.89990234375,4402.2001953125,717.0
2026-09-21 13:27:00+00:00,4402.2998046875,4403.10009765625,4401.10009765625,4403.10009765625,102.0
2026-09-21 13:28:00+00:00,4403.0,4403.0,4401.5,4401.5,66.0
2026-09-21 13:29:00+00:00,4401.7001953125,4402.39990234375,4401.60009765625,4402.2998046875,33.0
2026-09-21 13:30:00+00:00,4402.2998046875,4402.5,4396.5,4398.39990234375,332.0
2026-09-21 13:31:00+00:00,4398.2001953125,4400.7998046875,4397.10009765625,4398.89990234375,226.0
2026-09-21 13:32:00+00:00,4399.2998046875,4399.39990234375,4392.60009765625,4393.0,325.0
2026-09-21 13:33:00+00:00,4392.89990234375,4393.2998046875,4390.10009765625,4390.7998046875,285.0
2026-09-21 13:34:00+00:00,4390.5,4391.7998046875,4390.0,4391.10009765625,524.0
2026-09-21 13:35:00+00:00,4391.10009765625,4393.7001953125,4390.2001953125,4391.2001953125,380.0
2026-09-21 13:36:00+00:00,4391.2001953125,4393.5,4389.60009765625,4393.2001953125,213.0
2026-09-21 13:37:00+00:00,4393.0,4394.2998046875,4392.0,4392.60009765625,174.0
2026-09-21 13:38:00+00:00,4392.2998046875,4393.10009765625,4390.60009765625,4390.7001953125,151.0
2026-09-21 13:39:00+00:00,4390.39990234375,4392.0,4389.39990234375,4391.7001953125,150.0
2026-09-21 13:40:00+00:00,4391.39990234375,4393.2001953125,4390.5,4393.10009765625,137.0
2026-09-21 13:41:00+00:00,4392.89990234375,4394.0,4388.2998046875,4389.60009765625,224.0
2026-09-21 13:42:00+00:00,4389.2001953125,4389.89990234375,4387.39990234375,4387.39990234375,171.0
2026-09-21 13:43:00+00:00,4387.60009765625,4388.89990234375,4386.7998046875,4388.5,331.0
2026-09-21 13:44:00+00:00,4388.60009765625,4391.5,4388.60009765625,4390.60009765625,316.0
2026-09-21 13:45:00+00:00,4390.5,4390.5,4387.2998046875,4389.39990234375,171.0
2026-09-21 13:46:00+00:00,4389.2998046875,4392.60009765625,4388.0,4392.39990234375,130.0
2026-09-21 13:47:00+00:00,4391.89990234375,4392.60009765625,4389.7001953125,4390.2001953125,93.0
2026-09-21 13:48:00+00:00,4390.0,4391.10009765625,4387.10009765625,4388.0,155.0
2026-09-21 13:49:00+00:00,4388.2001953125,4393.7001953125,4388.2001953125,4393.5,171.0
2026-09-21 13:50:00+00:00,4393.89990234375,4393.89990234375,4390.10009765625,4391.2001953125,115.0
2026-09-21 13:51:00+00:00,4391.0,4391.60009765625,4389.7998046875,4391.0,84.0
2026-09-21 13:52:00+00:00,4390.7001953125,4392.2998046875,4388.39990234375,4388.39990234375,122.0
2026-09-21 13:53:00+00:00,4388.2998046875,4388.7001953125,4387.10009765625,4387.89990234375,90.0
2026-09-21 13:54:00+00:00,4388.10009765625,4388.10009765625,4386.10009765625,4386.2001953125,348.0
2026-09-21 13:55:00+00:00,4386.10009765625,4386.7001953125,4384.39990234375,4386.0,219.0
2026-09-21 13:56:00+00:00,4386.0,4386.7998046875,4384.39990234375,4386.39990234375,178.0
2026-09-21 13:57:00+00:00,4386.39990234375,4388.10009765625,4386.2998046875,4387.2998046875,179.0
2026-09-21 13:58:00+00:00,4387.2001953125,4387.5,4385.2998046875,4386.2001953125,178.0
2026-09-21 13:59:00+00:00,4386.0,4386.2998046875,4383.60009765625,4383.7998046875,215.0
2026-09-21 14:00:00+00:00,4383.7001953125,4384.7998046875,4381.2001953125,4381.7998046875,551.0
2026-09-21 14:01:00+00:00,4381.89990234375,4383.0,4380.60009765625,4381.89990234375,478.0
2026-09-21 14:02:00+00:00,4382.0,4382.2998046875,4375.10009765625,4377.7001953125,1259.0
2026-09-21 14:03:00+00:00,4377.5,4378.7001953125,4363.2998046875,4363.7001953125,2683.0
2026-09-21 14:04:00+00:00,4363.60009765625,4371.2998046875,4363.60009765625,4365.0,1457.0
2026-09-21 14:05:00+00:00,4365.2001953125,4366.7001953125,4360.7001953125,4362.10009765625,797.0
2026-09-21 14:06:00+00:00,4362.10009765625,4366.60009765625,4360.2998046875,4366.60009765625,567.0
2026-09-21 14:07:00+00:00,4366.5,4372.0,4364.7001953125,4370.7001953125,723.0
2026-09-21 14:08:00+00:00,4370.39990234375,4371.7998046875,4368.60009765625,4371.0,331.0
2026-09-21 14:09:00+00:00,4371.2001953125,4375.2001953125,4370.7998046875,4375.2001953125,658.0
2026-09-21 14:10:00+00:00,4375.2001953125,4377.2001953125,4372.7998046875,4373.60009765625,664.0
2026-09-21 14:11:00+00:00,4373.7001953125,4377.2998046875,4373.10009765625,4376.2998046875,339.0
2026-09-21 14:12:00+00:00,4376.2001953125,4377.89990234375,4375.39990234375,4376.5,193.0
2026-09-21 14:13:00+00:00,4376.7001953125,4379.0,4376.2001953125,4377.39990234375,222.0
2026-09-21 14:14:00+00:00,4377.5,4379.10009765625,4376.7998046875,4378.39990234375,138.0
2026-09-21 14:15:00+00:00,4378.2001953125,4379.5,4375.7001953125,4376.0,323.0
2026-09-21 14:16:00+00:00,4376.10009765625,4377.5,4375.7001953125,4376.7998046875,235.0
2026-09-21 14:17:00+00:00,4376.2998046875,4376.89990234375,4374.60009765625,4374.89990234375,233.0
2026-09-21 14:18:00+00:00,4374.7998046875,4376.2998046875,4374.2001953125,4374.7998046875,171.0
2026-09-21 14:19:00+00:00,4374.7998046875,4376.5,4374.2998046875,4375.7001953125,97.0
2026-09-21 14:20:00+00:00,4375.89990234375,4376.7998046875,4372.0,4372.7998046875,200.0
2026-09-21 14:21:00+00:00,4372.7998046875,4376.2998046875,4372.10009765625,4374.7001953125,350.0
2026-09-21 14:22:00+00:00,4374.7998046875,4376.7998046875,4374.5,4376.0,152.0
2026-09-21 14:23:00+00:00,4375.7998046875,4375.7998046875,4373.7998046875,4375.10009765625,216.0
2026-09-21 14:24:00+00:00,4375.7998046875,4376.60009765625,4374.0,4375.7001953125,152.0
2026-09-21 14:25:00+00:00,4375.7998046875,4378.10009765625,4374.5,4377.39990234375,217.0
2026-09-21 14:26:00+00:00,4378.2001953125,4379.0,4375.2998046875,4376.7998046875,222.0
2026-09-21 14:27:00+00:00,4376.5,4380.10009765625,4376.2998046875,4378.7998046875,211.0
2026-09-21 14:28:00+00:00,4378.7998046875,4380.10009765625,4377.60009765625,4377.89990234375,200.0
2026-09-21 14:29:00+00:00,4378.2001953125,4381.2001953125,4378.2001953125,4379.60009765625,354.0
2026-09-21 14:30:00+00:00,4379.60009765625,4382.0,4378.2001953125,4379.7001953125,356.0
2026-09-21 14:31:00+00:00,4379.7998046875,4380.7001953125,4377.2001953125,4377.60009765625,210.0
2026-09-21 14:32:00+00:00,4377.5,4377.89990234375,4376.2001953125,4377.5,195.0
2026-09-21 14:33:00+00:00,4377.5,4380.89990234375,4377.5,4380.2001953125,291.0
2026-09-21 14:34:00+00:00,4380.0,4380.0,4373.89990234375,4374.0,270.0
2026-09-21 14:35:00+00:00,4374.0,4377.89990234375,4374.0,4377.89990234375,176.0
2026-09-21 14:36:00+00:00,4378.0,4378.0,4374.39990234375,4374.39990234375,118.0
2026-09-21 14:37:00+00:00,4374.0,4375.89990234375,4373.2001953125,4374.2998046875,131.0
2026-09-21 14:38:00+00:00,4374.2001953125,4375.60009765625,4373.60009765625,4373.7998046875,114.0
2026-09-21 14:39:00+00:00,4373.89990234375,4374.60009765625,4373.0,4373.2001953125,89.0
2026-09-21 14:40:00+00:00,4373.0,4375.60009765625,4373.0,4374.89990234375,137.0
2026-09-21 14:41:00+00:00,4374.39990234375,4379.2998046875,4374.39990234375,4375.60009765625,293.0
2026-09-21 14:42:00+00:00,4375.60009765625,4376.2001953125,4374.0,4375.2001953125,94.0
2026-09-21 14:43:00+00:00,4375.39990234375,4376.2001953125,4372.39990234375,4372.7998046875,120.0
2026-09-21 14:44:00+00:00,4372.89990234375,4373.2001953125,4370.0,4370.2998046875,274.0
2026-09-21 14:45:00+00:00,4370.2001953125,4374.89990234375,4370.2001953125,4373.7998046875,385.0
2026-09-21 14:46:00+00:00,4373.60009765625,4375.0,4372.5,4374.7001953125,103.0
2026-09-21 14:47:00+00:00,4374.7998046875,4377.5,4374.10009765625,4377.0,181.0
2026-09-21 14:48:00+00:00,4377.10009765625,4379.5,4374.89990234375,4375.2001953125,211.0
2026-09-21 14:49:00+00:00,4375.2001953125,4375.2001953125,4373.60009765625,4374.5,160.0
2026-09-21 14:50:00+00:00,4374.89990234375,4376.2998046875,4374.2998046875,4375.5,104.0
2026-09-21 14:51:00+00:00,4375.89990234375,4379.10009765625,4375.89990234375,4378.2001953125,204.0
2026-09-21 14:52:00+00:00,4378.2998046875,4379.5,4377.10009765625,4379.2001953125,115.0
2026-09-21 14:53:00+00:00,4379.0,4380.7998046875,4378.5,4378.60009765625,127.0
2026-09-21 14:54:00+00:00,4378.60009765625,4380.89990234375,4378.60009765625,4380.2001953125,90.0
2026-09-21 14:55:00+00:00,4380.10009765625,4380.2001953125,4376.5,4376.89990234375,130.0
2026-09-21 14:56:00+00:00,4376.89990234375,4377.7001953125,4376.0,4376.5,165.0
2026-09-21 14:57:00+00:00,4376.7001953125,4376.7001953125,4374.60009765625,4374.7998046875,134.0
2026-09-21 14:58:00+00:00,4374.7001953125,4376.7001953125,4373.7001953125,4375.7998046875,176.0
2026-09-21 14:59:00+00:00,4375.7998046875,4377.39990234375,4374.89990234375,4376.89990234375,87.0
2026-09-21 15:00:00+00:00,4377.10009765625,4379.7998046875,4377.0,4379.10009765625,174.0
2026-09-21 15:01:00+00:00,4379.2998046875,4380.7001953125,4378.60009765625,4380.0,123.0
2026-09-21 15:02:00+00:00,4380.0,4382.5,4379.60009765625,4381.89990234375,214.0
2026-09-21 15:03:00+00:00,4382.2001953125,4383.7998046875,4381.5,4382.10009765625,261.0
2026-09-21 15:04:00+00:00,4382.39990234375,4384.7001953125,4381.89990234375,4384.39990234375,119.0
2026-09-21 15:05:00+00:00,4384.60009765625,4385.39990234375,4383.5,4384.89990234375,202.0
2026-09-21 15:06:00+00:00,4384.7001953125,4386.7998046875,4384.2998046875,4384.89990234375,282.0
2026-09-21 15:07:00+00:00,4385.0,4386.5,4384.7998046875,4386.5,257.0
2026-09-21 15:08:00+00:00,4386.5,4386.7001953125,4385.2001953125,4386.39990234375,135.0
2026-09-21 15:09:00+00:00,4386.60009765625,4388.0,4385.39990234375,4388.0,131.0
2026-09-21 15:10:00+00:00,4388.5,4388.5,4386.2998046875,4387.2998046875,148.0
2026-09-21 15:11:00+00:00,4387.2001953125,4388.2001953125,4385.60009765625,4386.10009765625,141.0
2026-09-21 15:12:00+00:00,4386.2001953125,4387.2001953125,4385.2001953125,4387.0,159.0
2026-09-21 15:13:00+00:00,4387.2001953125,4388.60009765625,4386.0,4387.7001953125,142.0
2026-09-21 15:14:00+00:00,4388.0,4388.10009765625,4386.7001953125,4387.39990234375,211.0
2026-09-21 15:15:00+00:00,4387.7001953125,4388.2998046875,4386.7998046875,4387.0,89.0
2026-09-21 15:16:00+00:00,4386.89990234375,4388.89990234375,4386.7998046875,4388.7001953125,137.0
2026-09-21 15:17:00+00:00,4388.89990234375,4389.7998046875,4387.60009765625,4389.0,96.0
2026-09-21 15:18:00+00:00,4388.7998046875,4389.7998046875,4387.5,4388.60009765625,160.0
2026-09-21 15:19:00+00:00,4388.7001953125,4389.60009765625,4388.2998046875,4388.2998046875,67.0
2026-09-21 15:20:00+00:00,4388.39990234375,4389.2998046875,4387.10009765625,4387.39990234375,134.0
2026-09-21 15:21:00+00:00,4387.5,4389.39990234375,4387.0,4388.60009765625,146.0
2026-09-21 15:22:00+00:00,4388.7001953125,4389.10009765625,4387.7001953125,4389.10009765625,107.0
2026-09-21 15:23:00+00:00,4389.10009765625,4389.7998046875,4388.0,4389.7998046875,61.0
2026-09-21 15:24:00+00:00,4389.7001953125,4390.7998046875,4388.60009765625,4389.7998046875,209.0
2026-09-21 15:25:00+00:00,4389.89990234375,4392.39990234375,4389.7001953125,4389.7998046875,420.0
2026-09-21 15:26:00+00:00,4390.2001953125,4390.60009765625,4388.60009765625,4389.7001953125,90.0
2026-09-21 15:27:00+00:00,4389.39990234375,4389.89990234375,4388.39990234375,4389.0,125.0
2026-09-21 15:28:00+00:00,4388.5,4390.10009765625,4388.10009765625,4389.89990234375,61.0
2026-09-21 15:29:00+00:00,4389.89990234375,4390.5,4389.0,4389.2001953125,152.0
2026-09-21 15:30:00+00:00,4389.5,4390.60009765625,4389.10009765625,4389.39990234375,120.0
2026-09-21 15:31:00+00:00,4388.89990234375,4390.0,4388.2001953125,4389.7998046875,121.0
2026-09-21 15:32:00+00:00,4389.89990234375,4391.2001953125,4389.7001953125,4389.89990234375,98.0
2026-09-21 15:33:00+00:00,4390.2998046875,4392.7001953125,4390.2001953125,4392.2001953125,169.0
2026-09-21 15:34:00+00:00,4392.2998046875,4392.7998046875,4391.7001953125,4392.7001953125,80.0
2026-09-21 15:35:00+00:00,4392.5,4393.0,4391.10009765625,4391.2998046875,140.0
2026-09-21 15:36:00+00:00,4391.2001953125,4394.60009765625,4390.89990234375,4392.60009765625,359.0
2026-09-21 15:37:00+00:00,4393.0,4393.39990234375,4389.89990234375,4390.2001953125,170.0
2026-09-21 15:38:00+00:00,4390.2001953125,4390.2001953125,4388.89990234375,4389.2998046875,155.0
2026-09-21 15:39:00+00:00,4389.2998046875,4389.5,4388.2001953125,4388.2001953125,62.0
2026-09-21 15:40:00+00:00,4388.39990234375,4389.2001953125,4386.7998046875,4386.89990234375,122.0
2026-09-21 15:41:00+00:00,4386.7998046875,4388.39990234375,4386.7998046875,4387.89990234375,115.0
2026-09-21 15:42:00+00:00,4387.7001953125,4388.7998046875,4386.5,4388.2001953125,127.0
2026-09-21 15:43:00+00:00,4388.2001953125,4388.2001953125,4386.7998046875,4387.0,76.0
2026-09-21 15:44:00+00:00,4387.0,4388.39990234375,4386.7998046875,4388.10009765625,47.0
2026-09-21 15:45:00+00:00,4388.2998046875,4389.10009765625,4387.2001953125,4387.89990234375,166.0
2026-09-21 15:46:00+00:00,4387.60009765625,4388.89990234375,4387.39990234375,4388.5,283.0
2026-09-21 15:47:00+00:00,4388.5,4389.0,4388.0,4388.7001953125,57.0
2026-09-21 15:48:00+00:00,4388.7998046875,4388.89990234375,4386.7001953125,4386.7001953125,52.0
2026-09-21 15:49:00+00:00,4386.7001953125,4386.7001953125,4385.7001953125,4386.39990234375,90.0
2026-09-21 15:50:00+00:00,4386.7001953125,4392.89990234375,4386.10009765625,4388.60009765625,818.0
2026-09-21 15:51:00+00:00,4388.7998046875,4389.0,4386.2001953125,4386.2998046875,162.0
2026-09-21 15:52:00+00:00,4386.39990234375,4386.7001953125,4385.2001953125,4385.2998046875,93.0
2026-09-21 15:53:00+00:00,4385.60009765625,4385.60009765625,4384.60009765625,4385.2998046875,112.0
2026-09-21 15:54:00+00:00,4385.89990234375,4387.2001953125,4385.60009765625,4386.10009765625,120.0
2026-09-21 15:55:00+00:00,4386.0,4387.10009765625,4385.2001953125,4387.0,105.0
2026-09-21 15:56:00+00:00,4386.7998046875,4388.2001953125,4386.60009765625,4387.5,63.0
2026-09-21 15:57:00+00:00,4387.5,4387.7001953125,4385.0,4386.10009765625,68.0
2026-09-21 15:58:00+00:00,4386.2001953125,4386.5,4385.2001953125,4386.10009765625,78.0
2026-09-21 15:59:00+00:00,4386.0,4386.2998046875,4385.2001953125,4386.2998046875,64.0
2026-09-21 16:00:00+00:00,4386.5,4386.5,4383.0,4384.10009765625,236.0
2026-09-21 16:01:00+00:00,4383.89990234375,4385.7001953125,4383.7998046875,4384.60009765625,102.0
2026-09-21 16:02:00+00:00,4384.7001953125,4387.0,4384.5,4386.7998046875,104.0
2026-09-21 16:03:00+00:00,4386.89990234375,4389.39990234375,4386.7001953125,4388.2998046875,171.0
2026-09-21 16:04:00+00:00,4388.2001953125,4389.5,4388.0,4388.89990234375,68.0
2026-09-21 16:05:00+00:00,4388.39990234375,4389.10009765625,4387.7001953125,4388.2001953125,84.0
2026-09-21 16:06:00+00:00,4388.10009765625,4388.89990234375,4387.39990234375,4388.2998046875,66.0
2026-09-21 16:07:00+00:00,4387.60009765625,4394.10009765625,4387.2998046875,4390.7998046875,1148.0
2026-09-21 16:08:00+00:00,4390.89990234375,4391.7001953125,4389.7998046875,4389.89990234375,72.0
2026-09-21 16:09:00+00:00,4389.89990234375,4392.7001953125,4388.7998046875,4392.5,301.0
2026-09-21 16:10:00+00:00,4392.7001953125,4394.2001953125,4391.39990234375,4393.89990234375,156.0
2026-09-21 16:11:00+00:00,4393.7998046875,4394.2001953125,4393.0,4393.7998046875,120.0
2026-09-21 16:12:00+00:00,4393.2998046875,4393.39990234375,4390.7001953125,4392.0,94.0
2026-09-21 16:13:00+00:00,4392.0,4392.89990234375,4390.89990234375,4390.89990234375,79.0
2026-09-21 16:14:00+00:00,4390.60009765625,4390.60009765625,4388.39990234375,4390.0,373.0
2026-09-21 16:15:00+00:00,4390.2001953125,4391.7001953125,4390.0,4391.10009765625,145.0
2026-09-21 16:16:00+00:00,4391.2001953125,4392.7001953125,4390.7001953125,4392.5,168.0
2026-09-21 16:17:00+00:00,4392.5,4392.5,4390.5,4391.2998046875,167.0
2026-09-21 16:18:00+00:00,4391.60009765625,4393.60009765625,4391.5,4392.7998046875,185.0
2026-09-21 16:19:00+00:00,4393.0,4395.7001953125,4392.7001953125,4394.89990234375,276.0
2026-09-21 16:20:00+00:00,4395.0,4395.2998046875,4394.2001953125,4395.0,97.0
2026-09-21 16:21:00+00:00,4395.10009765625,4395.10009765625,4391.7998046875,4392.5,454.0
2026-09-21 16:22:00+00:00,4392.5,4393.2001953125,4391.2998046875,4391.2998046875,65.0
2026-09-21 16:23:00+00:00,4391.2001953125,4391.2998046875,4389.7998046875,4389.89990234375,68.0
2026-09-21 16:24:00+00:00,4389.7998046875,4390.2998046875,4388.60009765625,4389.10009765625,193.0
2026-09-21 16:25:00+00:00,4389.2998046875,4389.39990234375,4387.5,4387.5,69.0
2026-09-21 16:26:00+00:00,4387.5,4388.2001953125,4387.2001953125,4387.89990234375,92.0
2026-09-21 16:27:00+00:00,4387.7001953125,4390.0,4387.39990234375,4389.2998046875,113.0
2026-09-21 16:28:00+00:00,4389.2001953125,4389.5,4388.2001953125,4388.7998046875,93.0
2026-09-21 16:29:00+00:00,4388.7001953125,4389.5,4388.10009765625,4389.2001953125,56.0
2026-09-21 16:30:00+00:00,4389.2001953125,4389.7001953125,4387.7998046875,4388.39990234375,62.0
2026-09-21 16:31:00+00:00,4388.39990234375,4389.10009765625,4387.89990234375,4388.2001953125,42.0
2026-09-21 16:32:00+00:00,4388.60009765625,4389.7998046875,4388.39990234375,4389.7998046875,76.0
2026-09-21 16:33:00+00:00,4389.60009765625,4391.0,4389.60009765625,4390.0,66.0
2026-09-21 16:34:00+00:00,4390.10009765625,4390.10009765625,4389.39990234375,4389.5,50.0
2026-09-21 16:35:00+00:00,4389.5,4389.5,4388.0,4388.2998046875,73.0
2026-09-21 16:36:00+00:00,4388.2001953125,4388.39990234375,4387.2001953125,4388.2001953125,66.0
2026-09-21 16:37:00+00:00,4388.2998046875,4388.7001953125,4387.89990234375,4388.39990234375,23.0
2026-09-21 16:38:00+00:00,4388.2998046875,4389.2998046875,4388.10009765625,4388.39990234375,57.0
2026-09-21 16:39:00+00:00,4388.2998046875,4388.5,4387.39990234375,4387.7001953125,50.0
2026-09-21 16:40:00+00:00,4387.60009765625,4388.2001953125,4387.39990234375,4388.0,26.0
2026-09-21 16:41:00+00:00,4388.0,4388.0,4386.2001953125,4386.7001953125,76.0
2026-09-21 16:42:00+00:00,4386.7998046875,4387.10009765625,4385.39990234375,4385.7001953125,110.0
2026-09-21 16:43:00+00:00,4385.7998046875,4385.89990234375,4384.0,4384.2001953125,141.0
2026-09-21 16:44:00+00:00,4384.2998046875,4384.7001953125,4381.60009765625,4382.2001953125,242.0
2026-09-21 16:45:00+00:00,4381.89990234375,4382.5,4381.39990234375,4382.39990234375,122.0
2026-09-21 16:46:00+00:00,4382.39990234375,4383.10009765625,4381.5,4382.10009765625,132.0
2026-09-21 16:47:00+00:00,4382.10009765625,4383.5,4382.10009765625,4383.5,74.0
2026-09-21 16:48:00+00:00,4383.5,4384.39990234375,4382.89990234375,4383.7998046875,57.0
2026-09-21 16:49:00+00:00,4383.60009765625,4384.10009765625,4383.0,4384.0,55.0
2026-09-21 16:50:00+00:00,4384.2998046875,4384.89990234375,4383.7001953125,4384.39990234375,114.0
2026-09-21 16:51:00+00:00,4384.39990234375,4384.5,4382.7998046875,4384.0,188.0
2026-09-21 16:52:00+00:00,4383.7998046875,4383.7998046875,4381.10009765625,4382.7998046875,94.0
2026-09-21 16:53:00+00:00,4382.60009765625,4382.7001953125,4381.60009765625,4382.2001953125,153.0
2026-09-21 16:54:00+00:00,4382.2998046875,4382.39990234375,4381.7998046875,4382.10009765625,75.0
2026-09-21 16:55:00+00:00,4382.0,4383.2998046875,4382.0,4383.2998046875,50.0
2026-09-21 16:56:00+00:00,4383.10009765625,4383.10009765625,4382.0,4382.2001953125,40.0
2026-09-21 16:57:00+00:00,4382.2998046875,4383.2001953125,4382.2998046875,4382.60009765625,31.0
2026-09-21 16:58:00+00:00,4382.5,4382.5,4381.7001953125,4381.7001953125,57.0
2026-09-21 16:59:00+00:00,4382.0,4382.10009765625,4381.0,4381.39990234375,79.0
2026-09-21 17:00:00+00:00,4381.5,4381.89990234375,4379.89990234375,4381.7001953125,163.0
2026-09-21 17:01:00+00:00,4381.60009765625,4382.0,4380.89990234375,4381.5,91.0
2026-09-21 17:02:00+00:00,4381.60009765625,4382.2001953125,4380.60009765625,4382.2001953125,107.0
2026-09-21 17:03:00+00:00,4382.39990234375,4382.7001953125,4381.39990234375,4381.60009765625,68.0
2026-09-21 17:04:00+00:00,4381.5,4382.2001953125,4380.89990234375,4382.10009765625,38.0
2026-09-21 17:05:00+00:00,4382.2001953125,4382.7998046875,4381.89990234375,4382.2998046875,94.0
2026-09-21 17:06:00+00:00,4382.39990234375,4383.2001953125,4382.0,4382.60009765625,66.0
2026-09-21 17:07:00+00:00,4382.89990234375,4383.7998046875,4382.7001953125,4382.7001953125,59.0
2026-09-21 17:08:00+00:00,4382.60009765625,4383.7001953125,4382.39990234375,4383.2001953125,74.0
2026-09-21 17:09:00+00:00,4383.39990234375,4384.10009765625,4382.7998046875,4383.89990234375,50.0
2026-09-21 17:10:00+00:00,4384.0,4384.10009765625,4383.2001953125,4383.5,57.0
2026-09-21 17:11:00+00:00,4383.5,4384.2001953125,4383.39990234375,4383.60009765625,36.0
2026-09-21 17:12:00+00:00,4384.10009765625,4385.2998046875,4383.7998046875,4384.7001953125,125.0
2026-09-21 17:13:00+00:00,4384.7998046875,4385.2998046875,4384.39990234375,4384.5,45.0
2026-09-21 17:14:00+00:00,4384.5,4384.5,4384.0,4384.2001953125,53.0
2026-09-21 17:15:00+00:00,4384.2998046875,4384.7001953125,4382.39990234375,4382.89990234375,131.0
