time,Open,High,Low,Close,Volume
2026-08-17 04:00:00+00:00,4453.5,4456.0,4453.10009765625,4454.2001953125,0.0
2026-08-17 04:05:00+00:00,4454.2001953125,4455.2001953125,4452.89990234375,4454.7998046875,224.0
2026-08-17 04:10:00+00:00,4453.89990234375,4456.2998046875,4453.89990234375,4455.10009765625,143.0
2026-08-17 04:15:00+00:00,4455.10009765625,4455.39990234375,4453.2998046875,4453.7998046875,162.0
2026-08-17 04:20:00+00:00,4453.2998046875,4453.2998046875,4449.5,4450.7001953125,298.0
2026-08-17 04:25:00+00:00,4450.39990234375,4450.39990234375,4446.60009765625,4447.89990234375,177.0
2026-08-17 04:30:00+00:00,4447.5,4448.7001953125,4445.5,4448.60009765625,166.0
2026-08-17 04:35:00+00:00,4448.2001953125,4450.0,4446.7998046875,4449.10009765625,143.0
2026-08-17 04:40:00+00:00,4449.2998046875,4453.2998046875,4448.5,4452.10009765625,249.0
2026-08-17 04:45:00+00:00,4453.0,4454.60009765625,4452.0,4452.39990234375,159.0
2026-08-17 04:50:00+00:00,4452.39990234375,4453.2001953125,4451.5,4451.60009765625,86.0
2026-08-17 04:55:00+00:00,4451.7998046875,4452.10009765625,4446.2998046875,4447.10009765625,204.0
2026-08-17 05:00:00+00:00,4447.2998046875,4449.2998046875,4446.7001953125,4449.2001953125,222.0
2026-08-17 05:05:00+00:00,4449.10009765625,4449.7998046875,4446.39990234375,4448.7001953125,187.0
2026-08-17 05:10:00+00:00,4448.5,4448.5,4443.39990234375,4444.39990234375,285.0
2026-08-17 05:15:00+00:00,4444.2998046875,4449.89990234375,4443.60009765625,4449.7998046875,282.0
2026-08-17 05:20:00+00:00,4449.7998046875,4453.5,4447.39990234375,4452.10009765625,343.0
2026-08-17 05:25:00+00:00,4451.89990234375,4456.0,4451.10009765625,4456.0,258.0
2026-08-17 05:30:00+00:00,4456.2998046875,4457.7001953125,4452.2001953125,4452.89990234375,555.0
2026-08-17 05:35:00+00:00,4452.89990234375,4453.10009765625,4449.0,4452.39990234375,367.0
2026-08-17 05:40:00+00:00,4451.60009765625,4453.5,4450.7001953125,4452.2998046875,137.0
2026-08-17 05:45:00+00:00,4452.2001953125,4454.0,4449.2001953125,4453.60009765625,201.0
2026-08-17 05:50:00+00:00,4454.0,4454.0,4449.2001953125,4449.60009765625,169.0
2026-08-17 05:55:00+00:00,4449.7001953125,4452.60009765625,4449.39990234375,4451.2998046875,260.0
2026-08-17 06:00:00+00:00,4451.60009765625,4454.89990234375,4451.2998046875,4452.2001953125,273.0
2026-08-17 06:05:00+00:00,4452.10009765625,4454.60009765625,4450.2998046875,4452.10009765625,376.0
2026-08-17 06:10:00+00:00,4452.2998046875,4454.2998046875,4449.2998046875,4453.5,238.0
2026-08-17 06:15:00+00:00,4453.0,4453.10009765625,4449.10009765625,4450.0,118.0
2026-08-17 06:20:00+00:00,4449.89990234375,4453.10009765625,4449.7001953125,4451.60009765625,233.0
2026-08-17 06:25:00+00:00,4451.0,4456.2998046875,4450.7998046875,4455.0,561.0
2026-08-17 06:30:00+00:00,4454.5,4454.89990234375,4451.10009765625,4451.39990234375,242.0
2026-08-17 06:35:00+00:00,4451.89990234375,4451.89990234375,4449.7001953125,4451.0,237.0
2026-08-17 06:40:00+00:00,4451.10009765625,4452.2998046875,4449.7001953125,4452.2998046875,188.0
2026-08-17 06:45:00+00:00,4452.5,4457.0,4452.5,4456.5,519.0
2026-08-17 06:50:00+00:00,4456.60009765625,4460.7001953125,4456.60009765625,4458.39990234375,426.0
2026-08-17 06:55:00+00:00,4458.2998046875,4459.2998046875,4457.0,4459.2998046875,379.0
2026-08-17 07:00:00+00:00,4459.0,4460.2001953125,4457.60009765625,4457.89990234375,429.0
2026-08-17 07:05:00+00:00,4458.10009765625,4458.7998046875,4455.60009765625,4456.5,492.0
2026-08-17 07:10:00+00:00,4456.5,4457.39990234375,4452.2001953125,4452.7001953125,427.0
2026-08-17 07:15:00+00:00,4452.7001953125,4455.60009765625,4452.7001953125,4453.5,261.0
2026-08-17 07:20:00+00:00,4453.89990234375,4453.89990234375,4452.39990234375,4453.39990234375,180.0
2026-08-17 07:25:00+00:00,4453.60009765625,4461.60009765625,4452.7998046875,4461.2001953125,500.0
2026-08-17 07:30:00+00:00,4461.2998046875,4464.7998046875,4460.89990234375,4463.2998046875,681.0
2026-08-17 07:35:00+00:00,4463.60009765625,4467.89990234375,4463.10009765625,4464.10009765625,563.0
2026-08-17 07:40:00+00:00,4464.2998046875,4467.2998046875,4463.60009765625,4465.5,225.0
2026-08-17 07:45:00+00:00,4465.89990234375,4466.2998046875,4463.5,4463.89990234375,340.0
2026-08-17 07:50:00+00:00,4463.7998046875,4464.60009765625,4460.0,4461.0,485.0
2026-08-17 07:55:00+00:00,4461.0,4462.5,4460.60009765625,4461.5,197.0
2026-08-17 08:00:00+00:00,4461.7998046875,4461.7998046875,4455.7998046875,4456.5,556.0
2026-08-17 08:05:00+00:00,4456.5,4456.89990234375,4454.10009765625,4456.10009765625,223.0
2026-08-17 08:10:00+00:00,4456.10009765625,4459.2998046875,4454.89990234375,4459.2998046875,222.0
2026-08-17 08:15:00+00:00,4459.2998046875,4460.2001953125,4457.0,4457.60009765625,253.0
2026-08-17 08:20:00+00:00,4457.39990234375,4459.39990234375,4456.7998046875,4458.7998046875,177.0
2026-08-17 08:25:00+00:00,4458.5,4459.39990234375,4457.10009765625,4458.0,246.0
2026-08-17 08:30:00+00:00,4458.0,4458.0,4455.7998046875,4456.2001953125,107.0
2026-08-17 08:35:00+00:00,4456.39990234375,4458.39990234375,4455.39990234375,4456.89990234375,107.0
2026-08-17 08:40:00+00:00,4457.60009765625,4457.7998046875,4452.0,4452.5,247.0
2026-08-17 08:45:00+00:00,4452.39990234375,4453.0,4451.2001953125,4451.89990234375,246.0
2026-08-17 08:50:00+00:00,4452.2001953125,4452.2001953125,4449.2001953125,4449.60009765625,248.0
2026-08-17 08:55:00+00:00,4449.7998046875,4452.2998046875,4448.7998046875,4451.10009765625,177.0
2026-08-17 09:00:00+00:00,4451.2998046875,4452.5,4449.5,4452.5,267.0
2026-08-17 09:05:00+00:00,4452.7001953125,4455.89990234375,4451.39990234375,4455.89990234375,259.0
2026-08-17 09:10:00+00:00,4456.0,4457.0,4455.10009765625,4455.2998046875,166.0
2026-08-17 09:15:00+00:00,4455.39990234375,4456.39990234375,4453.39990234375,4454.7001953125,259.0
2026-08-17 09:20:00+00:00,4454.5,4454.89990234375,4452.39990234375,4452.60009765625,241.0
2026-08-17 09:25:00+00:00,4453.0,4454.2001953125,4451.60009765625,4453.10009765625,269.0
2026-08-17 09:30:00+00:00,4453.2001953125,4453.5,4450.39990234375,4453.10009765625,740.0
2026-08-17 09:35:00+00:00,4452.7998046875,4453.7001953125,4450.5,4450.7998046875,204.0
2026-08-17 09:40:00+00:00,4451.2001953125,4453.0,4450.0,4451.0,166.0
2026-08-17 09:45:00+00:00,4450.7998046875,4452.10009765625,4449.2001953125,4452.0,219.0
2026-08-17 09:50:00+00:00,4452.2001953125,4452.7998046875,4449.89990234375,4450.0,225.0
2026-08-17 09:55:00+00:00,4450.10009765625,4452.39990234375,4450.0,4452.39990234375,164.0
2026-08-17 10:00:00+00:00,4452.39990234375,4452.7998046875,4450.0,4450.7001953125,164.0
2026-08-17 10:05:00+00:00,4450.7998046875,4452.89990234375,4450.7998046875,4450.7998046875,187.0
2026-08-17 10:10:00+00:00,4450.7001953125,4453.2001953125,4450.39990234375,4452.7001953125,315.0
2026-08-17 10:15:00+00:00,4452.5,4456.7998046875,4451.60009765625,4452.5,346.0
2026-08-17 10:20:00+00:00,4452.89990234375,4453.89990234375,4451.7998046875,4453.10009765625,218.0
2026-08-17 10:25:00+00:00,4453.2001953125,4462.2998046875,4445.7001953125,4461.60009765625,1445.0
2026-08-17 10:30:00+00:00,4461.60009765625,4462.60009765625,4453.39990234375,4453.7001953125,803.0
2026-08-17 10:35:00+00:00,4454.10009765625,4455.0,4452.2001953125,4452.89990234375,342.0
2026-08-17 10:40:00+00:00,4452.89990234375,4455.7001953125,4452.10009765625,4455.0,191.0
2026-08-17 10:45:00+00:00,4455.10009765625,4456.0,4452.89990234375,4453.7998046875,236.0
2026-08-17 10:50:00+00:00,4453.5,4455.2998046875,4453.39990234375,4454.2998046875,144.0
2026-08-17 10:55:00+00:00,4454.60009765625,4456.39990234375,4453.7998046875,4455.7998046875,390.0
2026-08-17 11:00:00+00:00,4455.89990234375,4459.0,4454.89990234375,4457.0,183.0
2026-08-17 11:05:00+00:00,4457.10009765625,4460.39990234375,4456.89990234375,4458.7998046875,195.0
2026-08-17 11:10:00+00:00,4458.5,4459.60009765625,4456.2001953125,4456.5,290.0
2026-08-17 11:15:00+00:00,4456.39990234375,4456.7001953125,4453.7001953125,4455.10009765625,314.0
2026-08-17 11:20:00+00:00,4455.10009765625,4460.7001953125,4455.10009765625,4460.5,562.0
2026-08-17 11:25:00+00:00,4460.39990234375,4461.5,4459.39990234375,4460.2998046875,301.0
2026-08-17 11:30:00+00:00,4460.39990234375,4461.7998046875,4458.89990234375,4460.89990234375,232.0
2026-08-17 11:35:00+00:00,4460.60009765625,4461.60009765625,4459.5,4459.7001953125,141.0
2026-08-17 11:40:00+00:00,4459.5,4459.60009765625,4455.89990234375,4456.39990234375,640.0
2026-08-17 11:45:00+00:00,4456.60009765625,4457.60009765625,4452.89990234375,4453.60009765625,416.0
2026-08-17 11:50:00+00:00,4453.5,4455.5,4451.7998046875,4453.7001953125,292.0
2026-08-17 11:55:00+00:00,4453.0,4454.10009765625,4452.39990234375,4453.39990234375,203.0
2026-08-17 12:00:00+00:00,4453.10009765625,4454.0,4450.0,4451.10009765625,372.0
2026-08-17 12:05:00+00:00,4451.0,4451.7001953125,4448.2998046875,4449.2001953125,329.0
2026-08-17 12:10:00+00:00,4448.60009765625,4451.7001953125,4447.7998046875,4450.60009765625,290.0
2026-08-17 12:15:00+00:00,4450.39990234375,4452.10009765625,4449.39990234375,4451.10009765625,185.0
2026-08-17 12:20:00+00:00,4450.89990234375,4455.39990234375,4448.2998046875,4449.10009765625,656.0
2026-08-17 12:25:00+00:00,4449.0,4450.0,4437.5,4441.7001953125,2567.0
2026-08-17 12:30:00+00:00,4442.2998046875,4446.7998046875,4440.2001953125,4445.5,864.0
2026-08-17 12:35:00+00:00,4445.10009765625,4445.7001953125,4437.60009765625,4437.60009765625,762.0
2026-08-17 12:40:00+00:00,4437.60009765625,4439.7001953125,4434.7001953125,4434.7001953125,945.0
2026-08-17 12:45:00+00:00,4434.5,4436.7998046875,4433.39990234375,4434.5,934.0
2026-08-17 12:50:00+00:00,4434.2998046875,4441.2001953125,4434.2998046875,4440.7998046875,754.0
2026-08-17 12:55:00+00:00,4441.0,4443.10009765625,4440.0,4441.39990234375,517.0
2026-08-17 13:00:00+00:00,4441.7001953125,4445.0,4438.10009765625,4440.7998046875,889.0
2026-08-17 13:05:00+00:00,4441.10009765625,4442.89990234375,4438.60009765625,4442.10009765625,469.0
2026-08-17 13:10:00+00:00,4441.7998046875,4446.2001953125,4441.7998046875,4442.60009765625,637.0
2026-08-17 13:15:00+00:00,4443.0,4443.2998046875,4438.60009765625,4441.60009765625,568.0
2026-08-17 13:20:00+00:00,4441.89990234375,4445.10009765625,4440.89990234375,4443.0,351.0
2026-08-17 13:25:00+00:00,4443.2998046875,4445.0,4442.39990234375,4442.60009765625,255.0
2026-08-17 13:30:00+00:00,4442.7998046875,4446.60009765625,4442.10009765625,4445.2998046875,567.0
2026-08-17 13:35:00+00:00,4444.7998046875,4448.2998046875,4442.2998046875,4444.89990234375,680.0
2026-08-17 13:40:00+00:00,4445.0,4445.7998046875,4441.0,4441.89990234375,562.0
2026-08-17 13:45:00+00:00,4442.10009765625,4451.89990234375,4440.89990234375,4451.60009765625,742.0
2026-08-17 13:50:00+00:00,4451.39990234375,4463.89990234375,4450.60009765625,4457.89990234375,2465.0
2026-08-17 13:55:00+00:00,4457.89990234375,4473.0,4457.89990234375,4465.2998046875,2433.0
2026-08-17 14:00:00+00:00,4465.2998046875,4467.10009765625,4460.89990234375,4464.89990234375,1535.0
2026-08-17 14:05:00+00:00,4464.7998046875,4465.5,4461.5,4461.7998046875,627.0
2026-08-17 14:10:00+00:00,4461.7001953125,4469.5,4460.39990234375,4469.2001953125,977.0
2026-08-17 14:15:00+00:00,4469.2001953125,4478.0,4468.39990234375,4475.60009765625,3974.0
2026-08-17 14:20:00+00:00,4475.7001953125,4484.89990234375,4474.39990234375,4481.60009765625,3036.0
2026-08-17 14:25:00+00:00,4481.5,4483.60009765625,4472.7998046875,4475.39990234375,1727.0
2026-08-17 14:30:00+00:00,4475.60009765625,4481.7998046875,4475.39990234375,4479.2998046875,1211.0
2026-08-17 14:35:00+00:00,4479.7998046875,4480.89990234375,4473.7998046875,4474.89990234375,651.0
2026-08-17 14:40:00+00:00,4474.7998046875,4479.10009765625,4474.7998046875,4474.7998046875,531.0
2026-08-17 14:45:00+00:00,4475.0,4477.10009765625,4471.39990234375,4474.39990234375,680.0
2026-08-17 14:50:00+00:00,4474.60009765625,4478.39990234375,4472.89990234375,4473.39990234375,394.0
2026-08-17 14:55:00+00:00,4473.7001953125,4475.5,4471.60009765625,4474.5,330.0
2026-08-17 15:00:00+00:00,4474.60009765625,4476.7001953125,4471.7998046875,4475.89990234375,510.0
2026-08-17 15:05:00+00:00,4475.7001953125,4477.2998046875,4473.39990234375,4474.10009765625,337.0
2026-08-17 15:10:00+00:00,4474.0,4479.7998046875,4473.2001953125,4478.5,428.0
2026-08-17 15:15:00+00:00,4478.5,4480.7998046875,4476.7001953125,4479.2998046875,528.0
2026-08-17 15:20:00+00:00,4479.2001953125,4481.0,4478.7001953125,4480.5,549.0
2026-08-17 15:25:00+00:00,4480.60009765625,4483.39990234375,4478.0,4482.7001953125,527.0
2026-08-17 15:30:00+00:00,4482.7998046875,4483.7001953125,4478.5,4479.89990234375,630.0
2026-08-17 15:35:00+00:00,4479.7998046875,4481.0,4477.10009765625,4479.10009765625,440.0
2026-08-17 15:40:00+00:00,4479.0,4480.60009765625,4475.7998046875,4476.10009765625,527.0
2026-08-17 15:45:00+00:00,4476.2998046875,4481.5,4474.7998046875,4480.89990234375,603.0
2026-08-17 15:50:00+00:00,4481.10009765625,4484.2001953125,4480.2998046875,4483.7998046875,570.0
2026-08-17 15:55:00+00:00,4483.7998046875,4485.2998046875,4483.10009765625,4484.7998046875,672.0
2026-08-17 16:00:00+00:00,4485.0,4485.5,4481.39990234375,4482.7998046875,541.0
2026-08-17 16:05:00+00:00,4482.7998046875,4486.0,4481.60009765625,4484.89990234375,527.0
2026-08-17 16:10:00+00:00,4485.10009765625,4486.5,4483.0,4483.39990234375,430.0
2026-08-17 16:15:00+00:00,4483.7001953125,4484.89990234375,4482.5,4483.2001953125,243.0
2026-08-17 16:20:00+00:00,4482.7001953125,4484.89990234375,4482.0,4482.39990234375,683.0
2026-08-17 16:25:00+00:00,4482.5,4482.7001953125,4480.2998046875,4482.2998046875,325.0
2026-08-17 16:30:00+00:00,4482.39990234375,4482.7998046875,4479.7001953125,4481.2998046875,299.0
2026-08-17 16:35:00+00:00,4481.39990234375,4484.5,4480.7998046875,4483.89990234375,280.0
2026-08-17 16:40:00+00:00,4484.0,4484.2001953125,4481.7001953125,4482.0,484.0
2026-08-17 16:45:00+00:00,4482.10009765625,4482.2998046875,4480.0,4481.7998046875,239.0
2026-08-17 16:50:00+00:00,4481.7001953125,4483.0,4480.10009765625,4480.5,305.0
2026-08-17 16:55:00+00:00,4480.7998046875,4483.0,4480.7998046875,4481.5,340.0
2026-08-17 17:00:00+00:00,4481.7001953125,4483.7001953125,4481.2001953125,4481.7998046875,342.0
2026-08-17 17:05:00+00:00,4482.10009765625,4482.2001953125,4478.2998046875,4479.7001953125,472.0
2026-08-17 17:10:00+00:00,4479.39990234375,4480.7001953125,4478.89990234375,4480.2998046875,330.0
2026-08-17 17:15:00+00:00,4480.2998046875,4480.5,4476.10009765625,4476.7001953125,644.0
2026-08-17 17:20:00+00:00,4476.7998046875,4477.7001953125,4473.10009765625,4474.2001953125,693.0
2026-08-17 17:25:00+00:00,4474.2001953125,4474.89990234375,4470.7998046875,4474.0,1607.0
2026-08-17 17:30:00+00:00,4474.0,4476.2998046875,4471.10009765625,4474.7001953125,891.0
2026-08-17 17:35:00+00:00,4474.60009765625,4474.7998046875,4469.10009765625,4469.2998046875,786.0
2026-08-17 17:40:00+00:00,4469.39990234375,4475.0,4468.2001953125,4474.7001953125,567.0
2026-08-17 17:45:00+00:00,4474.7001953125,4477.89990234375,4474.5,4476.5,320.0
2026-08-17 17:50:00+00:00,4476.5,4478.2001953125,4474.7001953125,4474.7998046875,250.0
2026-08-17 17:55:00+00:00,4475.0,4475.60009765625,4470.7998046875,4471.0,389.0
2026-08-17 18:00:00+00:00,4471.2998046875,4471.89990234375,4467.7998046875,4468.5,515.0
2026-08-17 18:05:00+00:00,4468.60009765625,4470.5,4467.39990234375,4469.0,348.0
2026-08-17 18:10:00+00:00,4468.7998046875,4471.2998046875,4467.60009765625,4471.2001953125,314.0
2026-08-17 18:15:00+00:00,4471.2998046875,4474.0,4471.0,4472.7001953125,571.0
2026-08-17 18:20:00+00:00,4472.2998046875,4473.10009765625,4466.0,4466.7998046875,1098.0
2026-08-17 18:25:00+00:00,4466.60009765625,4467.2001953125,4461.5,4463.2001953125,1660.0
2026-08-17 18:30:00+00:00,4463.2998046875,4463.7001953125,4454.5,4456.60009765625,1653.0
2026-08-17 18:35:00+00:00,4456.60009765625,4459.10009765625,4455.89990234375,4458.39990234375,632.0
2026-08-17 18:40:00+00:00,4458.7001953125,4461.2001953125,4458.0,4458.0,448.0
2026-08-17 18:45:00+00:00,4458.0,4462.7001953125,4456.7998046875,4462.60009765625,333.0
2026-08-17 18:50:00+00:00,4462.5,4463.7998046875,4461.7001953125,4463.2001953125,260.0
2026-08-17 18:55:00+00:00,4462.7998046875,4463.2998046875,4462.10009765625,4463.10009765625,115.0
2026-08-17 19:00:00+00:00,4462.89990234375,4463.5,4458.39990234375,4459.2998046875,681.0
2026-08-17 19:05:00+00:00,4459.0,4460.10009765625,4456.60009765625,4460.10009765625,341.0
2026-08-17 19:10:00+00:00,4460.2001953125,4464.7998046875,4460.2001953125,4464.5,272.0
2026-08-17 19:15:00+00:00,4464.7998046875,4472.39990234375,4464.7998046875,4471.2001953125,1050.0
2026-08-17 19:20:00+00:00,4471.0,4472.89990234375,4470.89990234375,4472.2998046875,287.0
2026-08-17 19:25:00+00:00,4472.0,4473.60009765625,4470.60009765625,4470.60009765625,188.0
2026-08-17 19:30:00+00:00,4470.89990234375,4472.7998046875,4470.39990234375,4472.7998046875,202.0
2026-08-17 19:35:00+00:00,4472.60009765625,4473.60009765625,4471.2998046875,4472.5,150.0
2026-08-17 19:40:00+00:00,4472.7998046875,4476.7998046875,4471.7998046875,4475.5,278.0
2026-08-17 19:45:00+00:00,4475.5,4477.0,4474.39990234375,4476.10009765625,268.0
2026-08-17 19:50:00+00:00,4476.2001953125,4476.2998046875,4472.10009765625,4473.89990234375,619.0
2026-08-17 19:55:00+00:00,4473.7998046875,4476.7001953125,4473.39990234375,4475.7001953125,294.0
2026-08-17 20:00:00+00:00,4475.89990234375,4477.5,4474.5,4475.2998046875,278.0
2026-08-17 20:05:00+00:00,4474.89990234375,4474.89990234375,4472.5,4473.39990234375,92.0
2026-08-17 20:10:00+00:00,4473.5,4474.39990234375,4473.0,4474.10009765625,81.0
2026-08-17 20:15:00+00:00,4474.10009765625,4474.39990234375,4473.60009765625,4474.2998046875,40.0
2026-08-17 20:20:00+00:00,4474.5,4474.5,4473.39990234375,4473.5,26.0
2026-08-17 20:25:00+00:00,4473.5,4473.60009765625,4471.39990234375,4471.39990234375,94.0
2026-08-17 20:30:00+00:00,4471.60009765625,4472.0,4471.2998046875,4471.7001953125,26.0
2026-08-17 20:35:00+00:00,4471.7998046875,4471.89990234375,4471.10009765625,4471.5,130.0
2026-08-17 20:40:00+00:00,4471.7001953125,4472.5,4471.39990234375,4472.2001953125,46.0
2026-08-17 20:45:00+00:00,4471.7001953125,4473.2001953125,4471.5,4472.0,87.0
2026-08-17 20:50:00+00:00,4472.2001953125,4472.60009765625,4471.5,4472.2001953125,51.0
2026-08-17 20:55:00+00:00,4472.2998046875,4474.0,4472.0,4473.10009765625,116.0
2026-08-17 22:00:00+00:00,4473.39990234375,4475.89990234375,4472.10009765625,4472.7001953125,0.0
2026-08-17 22:05:00+00:00,4472.89990234375,4473.0,4471.5,4472.0,79.0
2026-08-17 22:10:00+00:00,4472.10009765625,4473.5,4471.60009765625,4472.89990234375,80.0
2026-08-17 22:15:00+00:00,4472.89990234375,4473.5,4471.89990234375,4471.89990234375,107.0
2026-08-17 22:20:00+00:00,4472.2998046875,4472.7001953125,4471.39990234375,4471.7998046875,83.0
2026-08-17 22:25:00+00:00,4471.89990234375,4471.89990234375,4468.2998046875,4468.89990234375,259.0
2026-08-17 22:30:00+00:00,4468.39990234375,4469.7001953125,4467.60009765625,4468.39990234375,193.0
2026-08-17 22:35:00+00:00,4468.89990234375,4470.7998046875,4468.39990234375,4469.2998046875,225.0
2026-08-17 22:40:00+00:00,4469.5,4471.89990234375,4469.0,4470.89990234375,105.0
2026-08-17 22:45:00+00:00,4470.7001953125,4472.39990234375,4470.2998046875,4471.2998046875,96.0
2026-08-17 22:50:00+00:00,4471.39990234375,4471.7001953125,4468.2001953125,4468.2001953125,66.0
2026-08-17 22:55:00+00:00,4468.2998046875,4469.5,4466.5,4467.89990234375,220.0
2026-08-17 23:00:00+00:00,4468.0,4470.10009765625,4466.0,4469.60009765625,232.0
2026-08-17 23:05:00+00:00,4469.89990234375,4470.60009765625,4469.2001953125,4470.0,162.0
2026-08-17 23:10:00+00:00,4470.2001953125,4471.0,4469.39990234375,4470.7001953125,137.0
2026-08-17 23:15:00+00:00,4471.10009765625,4474.7001953125,4471.0,4473.89990234375,236.0
2026-08-17 23:20:00+00:00,4473.7998046875,4474.2998046875,4472.5,4473.5,111.0
2026-08-17 23:25:00+00:00,4473.89990234375,4478.10009765625,4473.7998046875,4476.60009765625,349.0
2026-08-17 23:30:00+00:00,4476.2998046875,4478.60009765625,4476.2998046875,4478.10009765625,94.0
2026-08-17 23:35:00+00:00,4478.39990234375,4478.7998046875,4476.7998046875,4477.10009765625,157.0
2026-08-17 23:40:00+00:00,4477.5,4479.2001953125,4476.2998046875,4479.10009765625,167.0
2026-08-17 23:45:00+00:00,4478.89990234375,4480.39990234375,4477.89990234375,4479.7001953125,189.0
2026-08-17 23:50:00+00:00,4480.0,4480.7001953125,4478.89990234375,4480.10009765625,184.0
2026-08-17 23:55:00+00:00,4480.2001953125,4482.10009765625,4479.7001953125,4482.0,154.0
2026-08-18 00:00:00+00:00,4482.2998046875,4486.5,4475.39990234375,4481.7998046875,836.0
2026-08-18 00:05:00+00:00,4481.7001953125,4482.39990234375,4476.2998046875,4476.2998046875,188.0
2026-08-18 00:10:00+00:00,4476.39990234375,4478.5,4475.0,4478.39990234375,169.0
2026-08-18 00:15:00+00:00,4477.7001953125,4484.39990234375,4477.2001953125,4482.89990234375,379.0
2026-08-18 00:20:00+00:00,4483.60009765625,4488.2001953125,4479.0,4484.2001953125,666.0
2026-08-18 00:25:00+00:00,4484.60009765625,4488.10009765625,4481.60009765625,4487.7001953125,544.0
2026-08-18 00:30:00+00:00,4487.7998046875,4488.5,4484.5,4487.89990234375,479.0
2026-08-18 00:35:00+00:00,4487.60009765625,4490.2998046875,4486.89990234375,4489.2998046875,304.0
2026-08-18 00:40:00+00:00,4489.60009765625,4489.60009765625,4485.0,4486.10009765625,218.0
2026-08-18 00:45:00+00:00,4486.2001953125,4486.7998046875,4484.89990234375,4486.2998046875,96.0
2026-08-18 00:50:00+00:00,4486.0,4487.0,4485.0,4486.0,107.0
2026-08-18 00:55:00+00:00,4486.0,4491.7001953125,4485.39990234375,4491.2001953125,396.0
2026-08-18 01:00:00+00:00,4491.60009765625,4493.0,4485.7998046875,4488.5,1016.0
2026-08-18 01:05:00+00:00,4487.7001953125,4493.10009765625,4485.5,4487.0,362.0
2026-08-18 01:10:00+00:00,4487.2998046875,4488.5,4485.0,4485.5,127.0
2026-08-18 01:15:00+00:00,4485.89990234375,4487.39990234375,4479.10009765625,4481.7998046875,596.0
2026-08-18 01:20:00+00:00,4482.0,4483.10009765625,4478.5,4480.2998046875,464.0
2026-08-18 01:25:00+00:00,4480.2001953125,4482.5,4476.60009765625,4481.5,388.0
2026-08-18 01:30:00+00:00,4481.5,4482.60009765625,4477.7998046875,4479.0,190.0
2026-08-18 01:35:00+00:00,4478.7001953125,4480.2001953125,4476.60009765625,4476.60009765625,137.0
2026-08-18 01:40:00+00:00,4477.0,4478.2998046875,4468.2998046875,4468.39990234375,683.0
2026-08-18 01:45:00+00:00,4468.39990234375,4468.89990234375,4461.10009765625,4464.5,1081.0
2026-08-18 01:50:00+00:00,4464.5,4465.2998046875,4460.89990234375,4464.60009765625,425.0
2026-08-18 01:55:00+00:00,4464.5,4466.2001953125,4464.2998046875,4464.60009765625,244.0
2026-08-18 02:00:00+00:00,4464.60009765625,4464.89990234375,4457.5,4458.60009765625,572.0
2026-08-18 02:05:00+00:00,4458.89990234375,4460.5,4456.2001953125,4456.5,465.0
2026-08-18 02:10:00+00:00,4456.7001953125,4459.2998046875,4454.7998046875,4457.39990234375,441.0
2026-08-18 02:15:00+00:00,4457.2998046875,4461.89990234375,4456.7998046875,4460.39990234375,332.0
2026-08-18 02:20:00+00:00,4460.10009765625,4460.89990234375,4458.2998046875,4460.7001953125,206.0
2026-08-18 02:25:00+00:00,4460.7998046875,4461.5,4458.60009765625,4458.7001953125,179.0
2026-08-18 02:30:00+00:00,4458.7998046875,4458.89990234375,4452.2001953125,4452.60009765625,684.0
2026-08-18 02:35:00+00:00,4452.60009765625,4456.2998046875,4451.7001953125,4452.89990234375,379.0
2026-08-18 02:40:00+00:00,4453.0,4453.2001953125,4450.2998046875,4451.39990234375,306.0
2026-08-18 02:45:00+00:00,4451.2001953125,4454.2998046875,4450.0,4453.5,505.0
2026-08-18 02:50:00+00:00,4453.2998046875,4454.7998046875,4452.0,4454.2001953125,266.0
2026-08-18 02:55:00+00:00,4454.2001953125,4456.89990234375,4453.39990234375,4456.10009765625,446.0
2026-08-18 03:00:00+00:00,4456.10009765625,4460.5,4456.10009765625,4459.5,597.0
2026-08-18 03:05:00+00:00,4459.5,4459.89990234375,4455.7001953125,4457.7001953125,212.0
2026-08-18 03:10:00+00:00,4458.10009765625,4458.7998046875,4455.39990234375,4457.89990234375,249.0
2026-08-18 03:15:00+00:00,4458.10009765625,4458.7001953125,4451.89990234375,4452.7001953125,327.0
2026-08-18 03:20:00+00:00,4453.0,4453.60009765625,4450.0,4451.39990234375,326.0
2026-08-18 03:25:00+00:00,4451.2001953125,4453.89990234375,4451.0,4453.2998046875,163.0
2026-08-18 03:30:00+00:00,4452.7998046875,4453.2998046875,4451.7998046875,4452.5,126.0
2026-08-18 03:35:00+00:00,4452.5,4453.10009765625,4450.89990234375,4451.2998046875,90.0
2026-08-18 03:40:00+00:00,4450.89990234375,4451.89990234375,4450.39990234375,4450.60009765625,130.0
2026-08-18 03:45:00+00:00,4451.10009765625,4451.10009765625,4449.2998046875,4449.7001953125,243.0
2026-08-18 03:50:00+00:00,4449.5,4449.60009765625,4447.2001953125,4448.0,333.0
2026-08-18 03:55:00+00:00,4448.0,4448.39990234375,4446.2998046875,4448.10009765625,217.0
2026-08-18 04:00:00+00:00,4447.39990234375,4448.2001953125,4445.89990234375,4446.2001953125,229.0
2026-08-18 04:05:00+00:00,4446.39990234375,4447.89990234375,4445.39990234375,4446.7998046875,240.0
2026-08-18 04:10:00+00:00,4446.89990234375,4448.60009765625,4446.60009765625,4447.89990234375,213.0
2026-08-18 04:15:00+00:00,4447.89990234375,4449.2001953125,4446.5,4446.7998046875,259.0
2026-08-18 04:20:00+00:00,4447.10009765625,4448.2001953125,4446.39990234375,4448.2001953125,116.0
2026-08-18 04:25:00+00:00,4448.2001953125,4448.60009765625,4447.2001953125,4448.10009765625,97.0
2026-08-18 04:30:00+00:00,4448.2001953125,4450.2998046875,4447.0,4448.0,265.0
2026-08-18 04:35:00+00:00,4447.60009765625,4448.7001953125,4444.0,4446.7001953125,597.0
2026-08-18 04:40:00+00:00,4446.89990234375,4449.7998046875,4445.7998046875,4448.7001953125,183.0
2026-08-18 04:45:00+00:00,4448.7998046875,4450.39990234375,4447.7001953125,4450.10009765625,135.0
2026-08-18 04:50:00+00:00,4449.89990234375,4450.7998046875,4448.7998046875,4450.7998046875,194.0
2026-08-18 04:55:00+00:00,4450.7998046875,4450.89990234375,4448.39990234375,4448.89990234375,141.0
2026-08-18 05:00:00+00:00,4448.7001953125,4449.0,4446.5,4446.89990234375,228.0
2026-08-18 05:05:00+00:00,4447.0,4449.7998046875,4447.0,4449.0,102.0
2026-08-18 05:10:00+00:00,4449.2998046875,4449.2998046875,4446.39990234375,4446.60009765625,99.0
2026-08-18 05:15:00+00:00,4446.7998046875,4450.10009765625,4446.5,4450.0,94.0
2026-08-18 05:20:00+00:00,4450.10009765625,4451.60009765625,4449.7998046875,4451.10009765625,244.0
2026-08-18 05:25:00+00:00,4450.89990234375,4451.60009765625,4446.60009765625,4446.60009765625,139.0
2026-08-18 05:30:00+00:00,4446.39990234375,4447.0,4441.39990234375,4443.10009765625,963.0
2026-08-18 05:35:00+00:00,4442.60009765625,4446.7998046875,4442.2998046875,4445.7998046875,244.0
2026-08-18 05:40:00+00:00,4446.10009765625,4450.2001953125,4444.2998046875,4449.2998046875,220.0
2026-08-18 05:45:00+00:00,4449.5,4451.39990234375,4448.7998046875,4451.2001953125,227.0
2026-08-18 05:50:00+00:00,4451.5,4453.2001953125,4449.5,4451.39990234375,354.0
2026-08-18 05:55:00+00:00,4451.5,4452.5,4449.39990234375,4450.2001953125,181.0
2026-08-18 06:00:00+00:00,4449.39990234375,4449.7998046875,4444.2998046875,4446.10009765625,813.0
2026-08-18 06:05:00+00:00,4445.89990234375,4449.39990234375,4443.2001953125,4448.60009765625,443.0
2026-08-18 06:10:00+00:00,4448.5,4451.10009765625,4447.7998046875,4450.89990234375,275.0
2026-08-18 06:15:00+00:00,4450.7998046875,4451.89990234375,4449.39990234375,4450.7998046875,153.0
2026-08-18 06:20:00+00:00,4450.7998046875,4453.39990234375,4449.7998046875,4453.10009765625,385.0
2026-08-18 06:25:00+00:00,4453.2998046875,4455.10009765625,4452.2001953125,4454.89990234375,368.0
2026-08-18 06:30:00+00:00,4454.7001953125,4455.60009765625,4450.7998046875,4450.7998046875,252.0
2026-08-18 06:35:00+00:00,4450.7001953125,4453.0,4450.5,4452.39990234375,255.0
2026-08-18 06:40:00+00:00,4452.39990234375,4454.2001953125,4452.10009765625,4452.5,218.0
2026-08-18 06:45:00+00:00,4452.60009765625,4454.7001953125,4452.60009765625,4453.10009765625,232.0
2026-08-18 06:50:00+00:00,4453.2998046875,4454.39990234375,4453.0,4453.60009765625,166.0
2026-08-18 06:55:00+00:00,4453.7998046875,4454.5,4452.7998046875,4454.10009765625,221.0
2026-08-18 07:00:00+00:00,4454.2998046875,4456.10009765625,4452.39990234375,4455.0,311.0
2026-08-18 07:05:00+00:00,4455.5,4456.39990234375,4452.7001953125,4453.2001953125,369.0
2026-08-18 07:10:00+00:00,4453.10009765625,4454.89990234375,4452.5,4453.2001953125,315.0
2026-08-18 07:15:00+00:00,4453.2001953125,4456.39990234375,4453.2001953125,4455.10009765625,174.0
2026-08-18 07:20:00+00:00,4455.5,4457.39990234375,4455.2998046875,4457.0,212.0
2026-08-18 07:25:00+00:00,4456.89990234375,4459.39990234375,4456.60009765625,4459.0,509.0
2026-08-18 07:30:00+00:00,4459.10009765625,4459.5,4452.2998046875,4453.0,503.0
2026-08-18 07:35:00+00:00,4453.0,4458.5,4452.39990234375,4458.0,326.0
2026-08-18 07:40:00+00:00,4457.7998046875,4459.2001953125,4456.10009765625,4457.39990234375,224.0
2026-08-18 07:45:00+00:00,4457.60009765625,4458.5,4455.39990234375,4456.0,143.0
2026-08-18 07:50:00+00:00,4455.39990234375,4456.39990234375,4453.89990234375,4454.2001953125,147.0
2026-08-18 07:55:00+00:00,4454.10009765625,4454.39990234375,4451.2001953125,4451.2001953125,180.0
2026-08-18 08:00:00+00:00,4451.60009765625,4451.89990234375,4450.0,4450.0,401.0
2026-08-18 08:05:00+00:00,4450.2001953125,4450.2001953125,4445.39990234375,4446.2998046875,792.0
2026-08-18 08:10:00+00:00,4446.2001953125,4450.39990234375,4443.5,4448.2001953125,495.0
2026-08-18 08:15:00+00:00,4448.39990234375,4449.2001953125,4447.39990234375,4447.60009765625,205.0
2026-08-18 08:20:00+00:00,4447.5,4448.10009765625,4442.39990234375,4444.0,426.0
2026-08-18 08:25:00+00:00,4444.0,4445.0,4442.89990234375,4444.89990234375,217.0
2026-08-18 08:30:00+00:00,4444.89990234375,4449.60009765625,4444.89990234375,4448.7998046875,266.0
2026-08-18 08:35:00+00:00,4449.2001953125,4454.2001953125,4449.2001953125,4453.60009765625,460.0
2026-08-18 08:40:00+00:00,4453.60009765625,4454.2001953125,4452.2001953125,4452.5,129.0
2026-08-18 08:45:00+00:00,4452.2001953125,4452.2998046875,4447.2001953125,4448.89990234375,246.0
2026-08-18 08:50:00+00:00,4448.60009765625,4449.2998046875,4447.10009765625,4449.2998046875,201.0
2026-08-18 08:55:00+00:00,4449.39990234375,4450.2001953125,4448.10009765625,4448.89990234375,212.0
2026-08-18 09:00:00+00:00,4448.7998046875,4449.39990234375,4447.60009765625,4448.0,171.0
2026-08-18 09:05:00+00:00,4448.0,4448.7001953125,4446.60009765625,4447.5,147.0
2026-08-18 09:10:00+00:00,4447.5,4449.0,4447.10009765625,4448.39990234375,135.0
2026-08-18 09:15:00+00:00,4448.10009765625,4448.10009765625,4446.60009765625,4446.89990234375,61.0
2026-08-18 09:20:00+00:00,4446.60009765625,4447.10009765625,4444.60009765625,4445.7998046875,222.0
2026-08-18 09:25:00+00:00,4445.5,4447.10009765625,4444.2001953125,4444.89990234375,317.0
2026-08-18 09:30:00+00:00,4444.7998046875,4449.60009765625,4444.7001953125,4449.60009765625,589.0
2026-08-18 09:35:00+00:00,4449.7998046875,4451.10009765625,4446.60009765625,4447.5,258.0
2026-08-18 09:40:00+00:00,4447.5,4447.89990234375,4443.2001953125,4444.5,300.0
2026-08-18 09:45:00+00:00,4444.5,4448.60009765625,4443.0,4448.60009765625,236.0
2026-08-18 09:50:00+00:00,4448.39990234375,4450.60009765625,4448.39990234375,4450.0,324.0
2026-08-18 09:55:00+00:00,4450.2001953125,4451.2998046875,4449.10009765625,4449.7001953125,158.0
2026-08-18 10:00:00+00:00,4449.7001953125,4452.0,4448.60009765625,4450.10009765625,207.0
2026-08-18 10:05:00+00:00,4450.39990234375,4450.89990234375,4448.7998046875,4449.5,122.0
2026-08-18 10:10:00+00:00,4449.60009765625,4451.0,4449.0,4450.7001953125,87.0
2026-08-18 10:15:00+00:00,4450.89990234375,4452.5,4450.2001953125,4451.7998046875,114.0
2026-08-18 10:20:00+00:00,4451.2998046875,4451.5,4447.7001953125,4447.7001953125,169.0
2026-08-18 10:25:00+00:00,4448.2998046875,4448.5,4446.10009765625,4448.2998046875,271.0
2026-08-18 10:30:00+00:00,4448.7001953125,4450.60009765625,4448.10009765625,4450.2001953125,168.0
2026-08-18 10:35:00+00:00,4450.10009765625,4454.10009765625,4450.10009765625,4453.89990234375,213.0
2026-08-18 10:40:00+00:00,4454.10009765625,4455.2001953125,4453.5,4455.0,271.0
2026-08-18 10:45:00+00:00,4455.2998046875,4456.2001953125,4454.7001953125,4455.2998046875,228.0
2026-08-18 10:50:00+00:00,4455.60009765625,4456.0,4452.89990234375,4453.39990234375,203.0
2026-08-18 10:55:00+00:00,4453.7001953125,4454.39990234375,4453.2998046875,4454.39990234375,85.0
2026-08-18 11:00:00+00:00,4454.2001953125,4455.7998046875,4450.0,4450.5,277.0
2026-08-18 11:05:00+00:00,4450.5,4451.10009765625,4448.89990234375,4450.0,252.0
2026-08-18 11:10:00+00:00,4450.10009765625,4450.5,4448.2998046875,4450.2001953125,76.0
2026-08-18 11:15:00+00:00,4449.7001953125,4451.10009765625,4448.5,4449.39990234375,163.0
2026-08-18 11:20:00+00:00,4449.39990234375,4450.10009765625,4446.39990234375,4446.60009765625,203.0
2026-08-18 11:25:00+00:00,4446.5,4448.10009765625,4445.7998046875,4446.2998046875,234.0
2026-08-18 11:30:00+00:00,4446.2998046875,4448.10009765625,4445.60009765625,4445.60009765625,232.0
2026-08-18 11:35:00+00:00,4445.7998046875,4447.60009765625,4444.7998046875,4446.7998046875,283.0
2026-08-18 11:40:00+00:00,4446.5,4448.7998046875,4446.0,4447.2001953125,188.0
2026-08-18 11:45:00+00:00,4447.0,4450.2001953125,4447.0,4448.5,173.0
2026-08-18 11:50:00+00:00,4448.7001953125,4449.2001953125,4446.39990234375,4447.10009765625,100.0
2026-08-18 11:55:00+00:00,4447.2001953125,4453.2998046875,4446.89990234375,4452.2998046875,460.0
2026-08-18 12:00:00+00:00,4452.60009765625,4453.2998046875,4448.0,4453.10009765625,320.0
2026-08-18 12:05:00+00:00,4453.0,4453.39990234375,4446.60009765625,4448.0,563.0
2026-08-18 12:10:00+00:00,4447.7001953125,4449.7998046875,4445.7998046875,4449.7001953125,291.0
2026-08-18 12:15:00+00:00,4449.2001953125,4450.2001953125,4447.7998046875,4448.7001953125,246.0
2026-08-18 12:20:00+00:00,4449.2001953125,4457.2998046875,4448.89990234375,4451.89990234375,1230.0
2026-08-18 12:25:00+00:00,4452.10009765625,4452.5,4448.2001953125,4451.89990234375,749.0
2026-08-18 12:30:00+00:00,4452.0,4454.7998046875,4449.0,4453.5,373.0
2026-08-18 12:35:00+00:00,4453.10009765625,4454.39990234375,4449.2001953125,4450.60009765625,438.0
2026-08-18 12:40:00+00:00,4450.39990234375,4450.7998046875,4447.39990234375,4448.7998046875,372.0
2026-08-18 12:45:00+00:00,4448.7001953125,4453.10009765625,4448.7001953125,4452.5,411.0
2026-08-18 12:50:00+00:00,4453.2001953125,4453.60009765625,4448.7998046875,4449.7001953125,450.0
2026-08-18 12:55:00+00:00,4449.7001953125,4452.2001953125,4447.10009765625,4450.7001953125,590.0
2026-08-18 13:00:00+00:00,4450.5,4453.7001953125,4446.5,4452.0,799.0
2026-08-18 13:05:00+00:00,4451.89990234375,4452.89990234375,4445.0,4445.5,787.0
2026-08-18 13:10:00+00:00,4445.0,4452.2001953125,4444.39990234375,4452.0,1222.0
2026-08-18 13:15:00+00:00,4451.7998046875,4452.39990234375,4444.5,4447.10009765625,1181.0
2026-08-18 13:20:00+00:00,4447.5,4449.7001953125,4444.2001953125,4445.7001953125,873.0
2026-08-18 13:25:00+00:00,4445.89990234375,4448.7001953125,4444.2001953125,4445.39990234375,624.0
2026-08-18 13:30:00+00:00,4445.5,4454.60009765625,4430.89990234375,4452.5,4268.0
2026-08-18 13:35:00+00:00,4452.5,4459.39990234375,4451.10009765625,4458.7001953125,1759.0
2026-08-18 13:40:00+00:00,4458.7998046875,4463.0,4455.60009765625,4457.0,1913.0
2026-08-18 13:45:00+00:00,4457.2001953125,4458.2998046875,4447.2998046875,4451.7001953125,1730.0
2026-08-18 13:50:00+00:00,4451.0,4454.2001953125,4445.5,4446.7998046875,930.0
2026-08-18 13:55:00+00:00,4447.0,4451.0,4445.7998046875,4451.0,558.0
2026-08-18 14:00:00+00:00,4450.5,4462.7998046875,4449.60009765625,4460.39990234375,2761.0
2026-08-18 14:05:00+00:00,4460.2998046875,4461.0,4454.2001953125,4454.60009765625,855.0
2026-08-18 14:10:00+00:00,4454.7001953125,4455.39990234375,4447.39990234375,4449.60009765625,1003.0
2026-08-18 14:15:00+00:00,4449.5,4461.39990234375,4449.39990234375,4458.10009765625,1116.0
2026-08-18 14:20:00+00:00,4457.89990234375,4459.2998046875,4452.10009765625,4454.10009765625,589.0
2026-08-18 14:25:00+00:00,4454.2998046875,4455.5,4448.7001953125,4450.60009765625,637.0
2026-08-18 14:30:00+00:00,4450.7001953125,4452.5,4441.2001953125,4446.0,2673.0
2026-08-18 14:35:00+00:00,4445.89990234375,4446.2001953125,4438.5,4438.7001953125,1105.0
2026-08-18 14:40:00+00:00,4439.10009765625,4441.2998046875,4434.0,4436.0,1911.0
2026-08-18 14:45:00+00:00,4435.7001953125,4444.7001953125,4434.39990234375,4443.2001953125,915.0
2026-08-18 14:50:00+00:00,4443.39990234375,4445.39990234375,4427.7998046875,4435.39990234375,2243.0
2026-08-18 14:55:00+00:00,4435.0,4439.0,4419.10009765625,4422.2998046875,3212.0
2026-08-18 15:00:00+00:00,4422.60009765625,4432.7001953125,4421.60009765625,4431.5,2306.0
2026-08-18 15:05:00+00:00,4431.89990234375,4434.10009765625,4421.0,4421.60009765625,1163.0
2026-08-18 15:10:00+00:00,4421.89990234375,4424.0,4412.0,4415.60009765625,2308.0
2026-08-18 15:15:00+00:00,4415.39990234375,4420.7001953125,4410.39990234375,4410.60009765625,1620.0
2026-08-18 15:20:00+00:00,4410.60009765625,4412.39990234375,4406.7998046875,4409.5,2546.0
2026-08-18 15:25:00+00:00,4409.60009765625,4416.2998046875,4408.10009765625,4410.60009765625,1266.0
2026-08-18 15:30:00+00:00,4410.2001953125,4417.7998046875,4409.7998046875,4415.2001953125,1779.0
2026-08-18 15:35:00+00:00,4415.39990234375,4418.0,4412.10009765625,4417.0,693.0
2026-08-18 15:40:00+00:00,4416.7001953125,4417.39990234375,4411.89990234375,4414.5,849.0
2026-08-18 15:45:00+00:00,4413.7998046875,4420.2001953125,4413.7998046875,4419.2998046875,1212.0
2026-08-18 15:50:00+00:00,4419.39990234375,4421.89990234375,4416.5,4419.89990234375,599.0
2026-08-18 15:55:00+00:00,4420.0,4421.0,4418.39990234375,4420.2001953125,306.0
2026-08-18 16:00:00+00:00,4420.2998046875,4424.60009765625,4420.2998046875,4423.2998046875,480.0
2026-08-18 16:05:00+00:00,4423.2998046875,4426.89990234375,4422.0,4426.60009765625,757.0
2026-08-18 16:10:00+00:00,4426.7998046875,4427.0,4423.0,4423.10009765625,411.0
2026-08-18 16:15:00+00:00,4423.2001953125,4423.7001953125,4420.0,4422.5,418.0
2026-08-18 16:20:00+00:00,4422.7998046875,4425.10009765625,4421.89990234375,4423.60009765625,340.0
2026-08-18 16:25:00+00:00,4423.60009765625,4424.39990234375,4418.7001953125,4419.39990234375,293.0
2026-08-18 16:30:00+00:00,4419.7001953125,4422.10009765625,4418.60009765625,4421.0,568.0
2026-08-18 16:35:00+00:00,4421.2998046875,4422.60009765625,4418.2998046875,4420.39990234375,268.0
2026-08-18 16:40:00+00:00,4420.39990234375,4423.7998046875,4420.39990234375,4422.7001953125,203.0
2026-08-18 16:45:00+00:00,4422.7001953125,4422.89990234375,4418.2998046875,4418.7998046875,347.0
2026-08-18 16:50:00+00:00,4418.89990234375,4424.10009765625,4417.7998046875,4423.7998046875,402.0
2026-08-18 16:55:00+00:00,4423.5,4423.5,4418.5,4419.0,373.0
2026-08-18 17:00:00+00:00,4419.10009765625,4420.89990234375,4418.39990234375,4419.89990234375,378.0
2026-08-18 17:05:00+00:00,4419.7001953125,4421.5,4419.60009765625,4420.89990234375,432.0
2026-08-18 17:10:00+00:00,4421.2001953125,4422.60009765625,4420.0,4422.39990234375,217.0
2026-08-18 17:15:00+00:00,4422.60009765625,4423.7001953125,4418.7001953125,4419.7001953125,366.0
2026-08-18 17:20:00+00:00,4420.0,4423.0,4420.0,4422.89990234375,189.0
2026-08-18 17:25:00+00:00,4423.10009765625,4423.7998046875,4419.2001953125,4420.7998046875,887.0
2026-08-18 17:30:00+00:00,4421.0,4421.7998046875,4416.7998046875,4420.10009765625,509.0
2026-08-18 17:35:00+00:00,4420.0,4420.7001953125,4416.5,4418.2998046875,283.0
2026-08-18 17:40:00+00:00,4418.39990234375,4420.7001953125,4414.39990234375,4414.39990234375,389.0
2026-08-18 17:45:00+00:00,4414.2998046875,4416.10009765625,4412.7001953125,4413.7998046875,537.0
2026-08-18 17:50:00+00:00,4413.5,4415.5,4413.5,4414.2998046875,129.0
2026-08-18 17:55:00+00:00,4414.5,4414.7998046875,4412.39990234375,4413.2001953125,411.0
2026-08-18 18:00:00+00:00,4413.60009765625,4413.60009765625,4408.10009765625,4408.89990234375,1023.0
2026-08-18 18:05:00+00:00,4409.10009765625,4411.10009765625,4408.2998046875,4411.0,475.0
2026-08-18 18:10:00+00:00,4411.2998046875,4413.5,4408.0,4412.89990234375,233.0
2026-08-18 18:15:00+00:00,4413.2998046875,4414.39990234375,4411.7998046875,4414.2001953125,129.0
2026-08-18 18:20:00+00:00,4414.2001953125,4414.89990234375,4410.7998046875,4412.10009765625,312.0
2026-08-18 18:25:00+00:00,4412.0,4416.5,4411.5,4415.39990234375,239.0
2026-08-18 18:30:00+00:00,4415.60009765625,4415.7998046875,4413.0,4414.39990234375,169.0
2026-08-18 18:35:00+00:00,4415.0,4415.60009765625,4413.5,4415.0,171.0
2026-08-18 18:40:00+00:00,4414.7998046875,4414.7998046875,4408.7998046875,4409.39990234375,688.0
2026-08-18 18:45:00+00:00,4409.5,4410.7001953125,4407.89990234375,4409.0,174.0
2026-08-18 18:50:00+00:00,4409.2998046875,4410.2998046875,4409.2998046875,4409.7001953125,101.0
2026-08-18 18:55:00+00:00,4409.60009765625,4411.2001953125,4409.0,4409.39990234375,198.0
2026-08-18 19:00:00+00:00,4409.5,4413.10009765625,4409.2001953125,4410.39990234375,252.0
2026-08-18 19:05:00+00:00,4410.5,4412.0,4410.0,4410.2998046875,140.0
2026-08-18 19:10:00+00:00,4410.2001953125,4413.5,4409.7001953125,4412.39990234375,212.0
2026-08-18 19:15:00+00:00,4412.2998046875,4413.7001953125,4409.10009765625,4409.7998046875,463.0
2026-08-18 19:20:00+00:00,4409.5,4411.2998046875,4407.7001953125,4408.2998046875,365.0
2026-08-18 19:25:00+00:00,4408.10009765625,4410.7998046875,4407.5,4409.5,321.0
2026-08-18 19:30:00+00:00,4409.7998046875,4411.5,4408.2001953125,4408.60009765625,230.0
2026-08-18 19:35:00+00:00,4408.7998046875,4410.10009765625,4408.0,4409.39990234375,190.0
2026-08-18 19:40:00+00:00,4409.5,4412.39990234375,4404.2001953125,4404.39990234375,616.0
2026-08-18 19:45:00+00:00,4404.2998046875,4408.2001953125,4398.60009765625,4400.7998046875,1298.0
2026-08-18 19:50:00+00:00,4400.7998046875,4401.7998046875,4396.5,4400.2998046875,1075.0
2026-08-18 19:55:00+00:00,4400.39990234375,4401.10009765625,4392.2998046875,4400.0,1922.0
2026-08-18 20:00:00+00:00,4400.10009765625,4401.2001953125,4397.2001953125,4398.2998046875,450.0
2026-08-18 20:05:00+00:00,4398.2998046875,4398.89990234375,4397.10009765625,4397.39990234375,84.0
2026-08-18 20:10:00+00:00,4397.7998046875,4398.2998046875,4395.39990234375,4396.5,227.0
2026-08-18 20:15:00+00:00,4397.10009765625,4397.10009765625,4394.5,4396.60009765625,97.0
2026-08-18 20:20:00+00:00,4396.5,4396.5,4388.0,4393.0,606.0
2026-08-18 20:25:00+00:00,4393.10009765625,4393.5,4391.60009765625,4392.7998046875,82.0
2026-08-18 20:30:00+00:00,4392.7998046875,4394.60009765625,4391.7001953125,4394.39990234375,103.0
2026-08-18 20:35:00+00:00,4394.2998046875,4394.39990234375,4392.2998046875,4393.2998046875,75.0
2026-08-18 20:40:00+00:00,4392.89990234375,4393.5,4386.60009765625,4387.60009765625,414.0
2026-08-18 20:45:00+00:00,4387.0,4388.60009765625,4383.2998046875,4387.60009765625,477.0
2026-08-18 20:50:00+00:00,4388.2001953125,4389.39990234375,4385.10009765625,4389.39990234375,216.0
2026-08-18 20:55:00+00:00,4389.60009765625,4390.2998046875,4387.7001953125,4389.5,288.0
2026-08-18 22:00:00+00:00,4391.39990234375,4394.60009765625,4390.39990234375,4394.10009765625,0.0
2026-08-18 22:05:00+00:00,4394.10009765625,4395.2998046875,4393.10009765625,4394.60009765625,207.0
2026-08-18 22:10:00+00:00,4394.5,4395.2998046875,4393.10009765625,4393.7998046875,182.0
2026-08-18 22:15:00+00:00,4393.2001953125,4394.2998046875,4391.39990234375,4391.39990234375,323.0
2026-08-18 22:20:00+00:00,4391.39990234375,4391.89990234375,4386.5,4388.2001953125,615.0
2026-08-18 22:25:00+00:00,4388.10009765625,4391.60009765625,4387.60009765625,4389.39990234375,477.0
2026-08-18 22:30:00+00:00,4389.2998046875,4389.7998046875,4388.39990234375,4388.89990234375,167.0
2026-08-18 22:35:00+00:00,4389.10009765625,4389.7998046875,4386.2001953125,4386.7001953125,344.0
2026-08-18 22:40:00+00:00,4387.0,4387.7998046875,4385.7998046875,4386.60009765625,165.0
2026-08-18 22:45:00+00:00,4386.60009765625,4387.7998046875,4386.2001953125,4387.7998046875,96.0
2026-08-18 22:50:00+00:00,4387.7001953125,4388.7001953125,4386.7998046875,4387.7001953125,127.0
2026-08-18 22:55:00+00:00,4387.7001953125,4388.5,4386.2998046875,4386.7998046875,118.0
2026-08-18 23:00:00+00:00,4387.2001953125,4389.5,4385.89990234375,4389.0,181.0
2026-08-18 23:05:00+00:00,4389.10009765625,4391.5,4387.5,4388.0,251.0
2026-08-18 23:10:00+00:00,4387.89990234375,4388.2001953125,4385.39990234375,4387.10009765625,132.0
2026-08-18 23:15:00+00:00,4386.7998046875,4387.7998046875,4385.0,4385.2998046875,180.0
2026-08-18 23:20:00+00:00,4385.5,4390.2998046875,4383.60009765625,4385.7001953125,379.0
2026-08-18 23:25:00+00:00,4386.10009765625,4386.5,4382.5,4383.10009765625,515.0
2026-08-18 23:30:00+00:00,4382.89990234375,4385.39990234375,4379.60009765625,4383.5,747.0
2026-08-18 23:35:00+00:00,4383.2001953125,4384.60009765625,4379.7998046875,4381.5,226.0
2026-08-18 23:40:00+00:00,4381.39990234375,4383.2998046875,4380.7001953125,4382.5,160.0
2026-08-18 23:45:00+00:00,4383.0,4384.7998046875,4382.2998046875,4383.2998046875,185.0
2026-08-18 23:50:00+00:00,4383.7001953125,4387.0,4382.7001953125,4386.7001953125,263.0
2026-08-18 23:55:00+00:00,4386.2998046875,4386.89990234375,4384.39990234375,4386.0,135.0
2026-08-19 00:00:00+00:00,4386.10009765625,4393.2001953125,4384.60009765625,4389.7001953125,586.0
2026-08-19 00:05:00+00:00,4389.39990234375,4394.0,4389.10009765625,4392.7998046875,220.0
2026-08-19 00:10:00+00:00,4392.7001953125,4397.7001953125,4390.89990234375,4395.7998046875,561.0
2026-08-19 00:15:00+00:00,4395.89990234375,4399.39990234375,4395.5,4396.2998046875,313.0
2026-08-19 00:20:00+00:00,4396.7001953125,4399.10009765625,4394.5,4396.39990234375,518.0
2026-08-19 00:25:00+00:00,4396.2001953125,4397.0,4392.5,4396.2998046875,472.0
2026-08-19 00:30:00+00:00,4396.39990234375,4399.0,4392.89990234375,4394.10009765625,413.0
2026-08-19 00:35:00+00:00,4394.39990234375,4400.2998046875,4394.2001953125,4398.2998046875,459.0
2026-08-19 00:40:00+00:00,4398.2001953125,4401.0,4396.7001953125,4397.39990234375,315.0
2026-08-19 00:45:00+00:00,4397.60009765625,4398.2001953125,4396.0,4396.5,145.0
2026-08-19 00:50:00+00:00,4396.2001953125,4398.60009765625,4394.7001953125,4395.0,207.0
2026-08-19 00:55:00+00:00,4394.7998046875,4396.0,4390.7001953125,4391.7998046875,565.0
2026-08-19 01:00:00+00:00,4391.5,4393.60009765625,4378.0,4386.0,2026.0
2026-08-19 01:05:00+00:00,4385.89990234375,4396.39990234375,4385.10009765625,4393.89990234375,1198.0
2026-08-19 01:10:00+00:00,4393.89990234375,4397.60009765625,4390.7998046875,4397.39990234375,373.0
2026-08-19 01:15:00+00:00,4397.60009765625,4400.0,4388.10009765625,4391.39990234375,967.0
2026-08-19 01:20:00+00:00,4391.5,4393.7001953125,4386.39990234375,4391.0,517.0
2026-08-19 01:25:00+00:00,4391.2001953125,4396.2998046875,4388.89990234375,4396.10009765625,641.0
2026-08-19 01:30:00+00:00,4396.2998046875,4404.7001953125,4396.2001953125,4404.10009765625,670.0
2026-08-19 01:35:00+00:00,4404.39990234375,4410.0,4403.7001953125,4408.89990234375,788.0
2026-08-19 01:40:00+00:00,4409.10009765625,4411.10009765625,4407.7001953125,4409.39990234375,488.0
2026-08-19 01:45:00+00:00,4409.0,4410.2001953125,4404.39990234375,4404.60009765625,639.0
2026-08-19 01:50:00+00:00,4404.2998046875,4409.10009765625,4404.10009765625,4407.0,323.0
2026-08-19 01:55:00+00:00,4406.89990234375,4410.2001953125,4406.39990234375,4410.2001953125,256.0
2026-08-19 02:00:00+00:00,4410.0,4410.89990234375,4405.0,4408.2998046875,271.0
2026-08-19 02:05:00+00:00,4407.7998046875,4410.60009765625,4406.2998046875,4409.2998046875,390.0
2026-08-19 02:10:00+00:00,4409.5,4409.60009765625,4405.89990234375,4407.0,622.0
2026-08-19 02:15:00+00:00,4407.2001953125,4414.7998046875,4406.0,4412.39990234375,876.0
2026-08-19 02:20:00+00:00,4412.2001953125,4415.7998046875,4411.5,4413.60009765625,540.0
2026-08-19 02:25:00+00:00,4413.7001953125,4414.7998046875,4412.5,4413.39990234375,236.0
2026-08-19 02:30:00+00:00,4413.39990234375,4413.89990234375,4409.0,4410.0,713.0
2026-08-19 02:35:00+00:00,4410.2001953125,4411.7001953125,4407.7001953125,4408.7998046875,391.0
2026-08-19 02:40:00+00:00,4408.7001953125,4411.7998046875,4408.2001953125,4408.60009765625,208.0
2026-08-19 02:45:00+00:00,4408.7998046875,4410.39990234375,4407.39990234375,4409.5,194.0
2026-08-19 02:50:00+00:00,4408.89990234375,4410.0,4406.5,4407.5,237.0
2026-08-19 02:55:00+00:00,4407.60009765625,4408.5,4405.0,4408.5,318.0
2026-08-19 03:00:00+00:00,4408.39990234375,4409.89990234375,4406.39990234375,4409.10009765625,209.0
2026-08-19 03:05:00+00:00,4408.89990234375,4409.0,4405.39990234375,4407.10009765625,211.0
2026-08-19 03:10:00+00:00,4407.2998046875,4408.89990234375,4407.10009765625,4407.7001953125,207.0
2026-08-19 03:15:00+00:00,4408.10009765625,4409.7998046875,4405.2998046875,4406.2998046875,244.0
2026-08-19 03:20:00+00:00,4406.2998046875,4409.39990234375,4405.2998046875,4409.2998046875,168.0
2026-08-19 03:25:00+00:00,4409.89990234375,4411.7998046875,4409.60009765625,4410.7998046875,201.0
2026-08-19 03:30:00+00:00,4411.10009765625,4412.0,4409.7998046875,4410.7998046875,153.0
2026-08-19 03:35:00+00:00,4410.7001953125,4414.10009765625,4410.7001953125,4412.0,213.0
2026-08-19 03:40:00+00:00,4411.89990234375,4412.89990234375,4410.89990234375,4412.60009765625,117.0
2026-08-19 03:45:00+00:00,4412.60009765625,4413.0,4410.2001953125,4411.60009765625,101.0
2026-08-19 03:50:00+00:00,4412.2998046875,4412.2998046875,4409.5,4409.7998046875,92.0
2026-08-19 03:55:00+00:00,4409.7998046875,4410.2001953125,4409.0,4409.0,26.0
2026-08-19 04:00:00+00:00,4408.89990234375,4409.60009765625,4407.2001953125,4407.60009765625,188.0
2026-08-19 04:05:00+00:00,4407.5,4408.39990234375,4406.89990234375,4408.10009765625,62.0
2026-08-19 04:10:00+00:00,4408.2001953125,4408.60009765625,4407.2001953125,4407.89990234375,58.0
2026-08-19 04:15:00+00:00,4407.89990234375,4408.0,4403.2001953125,4405.89990234375,527.0
2026-08-19 04:20:00+00:00,4405.7998046875,4406.10009765625,4404.0,4405.0,191.0
2026-08-19 04:25:00+00:00,4404.7001953125,4404.7001953125,4403.5,4404.2001953125,89.0
2026-08-19 04:30:00+00:00,4404.7998046875,4405.2998046875,4402.2998046875,4403.0,173.0
2026-08-19 04:35:00+00:00,4403.2001953125,4404.0,4399.39990234375,4399.89990234375,461.0
2026-08-19 04:40:00+00:00,4399.7998046875,4400.7001953125,4398.2001953125,4399.7998046875,256.0
2026-08-19 04:45:00+00:00,4399.39990234375,4400.2001953125,4399.0,4400.0,115.0
2026-08-19 04:50:00+00:00,4399.89990234375,4399.89990234375,4396.5,4398.0,312.0
2026-08-19 04:55:00+00:00,4398.2001953125,4401.7998046875,4397.7998046875,4401.7998046875,290.0
2026-08-19 05:00:00+00:00,4401.7001953125,4404.2001953125,4399.89990234375,4401.0,243.0
2026-08-19 05:05:00+00:00,4400.7998046875,4401.5,4395.5,4396.0,258.0
2026-08-19 05:10:00+00:00,4395.89990234375,4395.89990234375,4391.89990234375,4392.2001953125,333.0
2026-08-19 05:15:00+00:00,4392.39990234375,4393.0,4390.10009765625,4391.2998046875,528.0
2026-08-19 05:20:00+00:00,4391.2998046875,4396.2998046875,4391.2998046875,4395.2001953125,340.0
2026-08-19 05:25:00+00:00,4395.2001953125,4399.10009765625,4394.2001953125,4398.89990234375,211.0
2026-08-19 05:30:00+00:00,4399.10009765625,4399.2998046875,4390.39990234375,4391.7998046875,933.0
2026-08-19 05:35:00+00:00,4391.7001953125,4396.39990234375,4390.2998046875,4396.39990234375,376.0
2026-08-19 05:40:00+00:00,4396.10009765625,4396.89990234375,4393.2001953125,4395.7998046875,294.0
2026-08-19 05:45:00+00:00,4395.2998046875,4395.39990234375,4388.5,4390.39990234375,591.0
2026-08-19 05:50:00+00:00,4390.60009765625,4391.5,4388.2001953125,4388.89990234375,622.0
2026-08-19 05:55:00+00:00,4388.7998046875,4392.0,4388.2998046875,4389.0,205.0
2026-08-19 06:00:00+00:00,4389.0,4394.7001953125,4388.7001953125,4390.89990234375,666.0
2026-08-19 06:05:00+00:00,4391.39990234375,4393.2001953125,4388.7998046875,4392.2998046875,321.0
2026-08-19 06:10:00+00:00,4392.5,4395.2998046875,4390.2001953125,4390.7998046875,237.0
2026-08-19 06:15:00+00:00,4390.60009765625,4399.60009765625,4390.2001953125,4398.7001953125,522.0
2026-08-19 06:20:00+00:00,4398.5,4401.89990234375,4398.0,4399.39990234375,643.0
2026-08-19 06:25:00+00:00,4399.60009765625,4400.39990234375,4394.2001953125,4396.2998046875,641.0
2026-08-19 06:30:00+00:00,4396.60009765625,4396.89990234375,4390.7998046875,4392.2998046875,720.0
2026-08-19 06:35:00+00:00,4392.39990234375,4399.2998046875,4392.39990234375,4397.5,424.0
2026-08-19 06:40:00+00:00,4397.39990234375,4397.7998046875,4395.2001953125,4395.39990234375,272.0
2026-08-19 06:45:00+00:00,4395.2998046875,4397.7001953125,4394.2998046875,4397.5,300.0
2026-08-19 06:50:00+00:00,4397.60009765625,4401.7001953125,4397.5,4401.60009765625,288.0
2026-08-19 06:55:00+00:00,4401.60009765625,4403.10009765625,4401.0,4402.7998046875,562.0
2026-08-19 07:00:00+00:00,4402.7998046875,4405.0,4401.10009765625,4401.7001953125,630.0
2026-08-19 07:05:00+00:00,4401.89990234375,4407.2998046875,4401.60009765625,4406.60009765625,416.0
2026-08-19 07:10:00+00:00,4406.60009765625,4407.60009765625,4403.5,4404.2998046875,232.0
2026-08-19 07:15:00+00:00,4403.7998046875,4405.2001953125,4401.10009765625,4404.2998046875,534.0
2026-08-19 07:20:00+00:00,4404.60009765625,4408.60009765625,4402.60009765625,4407.89990234375,553.0
2026-08-19 07:25:00+00:00,4407.89990234375,4410.7998046875,4407.7001953125,4410.5,475.0
2026-08-19 07:30:00+00:00,4410.39990234375,4414.60009765625,4410.10009765625,4413.5,608.0
2026-08-19 07:35:00+00:00,4413.10009765625,4417.2001953125,4410.7998046875,4411.7001953125,526.0
2026-08-19 07:40:00+00:00,4411.2998046875,4411.7001953125,4406.5,4408.2001953125,349.0
2026-08-19 07:45:00+00:00,4408.10009765625,4410.7998046875,4408.10009765625,4410.0,230.0
2026-08-19 07:50:00+00:00,4410.2998046875,4411.39990234375,4408.2998046875,4409.5,202.0
2026-08-19 07:55:00+00:00,4409.5,4410.10009765625,4408.2998046875,4408.2998046875,178.0
2026-08-19 08:00:00+00:00,4408.39990234375,4411.7001953125,4404.7998046875,4411.10009765625,612.0
2026-08-19 08:05:00+00:00,4410.7001953125,4415.10009765625,4409.7998046875,4414.7001953125,1029.0
2026-08-19 08:10:00+00:00,4414.7998046875,4416.39990234375,4413.7001953125,4415.2001953125,276.0
2026-08-19 08:15:00+00:00,4415.2998046875,4416.10009765625,4413.7001953125,4413.7001953125,192.0
2026-08-19 08:20:00+00:00,4413.5,4413.7001953125,4411.10009765625,4413.60009765625,282.0
2026-08-19 08:25:00+00:00,4413.7998046875,4414.60009765625,4411.89990234375,4414.60009765625,176.0
2026-08-19 08:30:00+00:00,4414.2998046875,4414.89990234375,4410.2998046875,4410.89990234375,179.0
2026-08-19 08:35:00+00:00,4410.89990234375,4414.89990234375,4410.7001953125,4413.7001953125,259.0
2026-08-19 08:40:00+00:00,4414.0,4417.2001953125,4413.2998046875,4416.39990234375,249.0
2026-08-19 08:45:00+00:00,4416.39990234375,4417.2001953125,4414.5,4415.7001953125,234.0
2026-08-19 08:50:00+00:00,4415.7998046875,4415.7998046875,4412.2001953125,4412.2001953125,411.0
2026-08-19 08:55:00+00:00,4412.2001953125,4412.2998046875,4408.7001953125,4409.7001953125,314.0
2026-08-19 09:00:00+00:00,4409.7001953125,4413.10009765625,4409.0,4413.0,195.0
2026-08-19 09:05:00+00:00,4413.0,4413.89990234375,4409.5,4410.10009765625,337.0
2026-08-19 09:10:00+00:00,4410.10009765625,4411.89990234375,4409.5,4410.2998046875,207.0
2026-08-19 09:15:00+00:00,4410.2001953125,4410.60009765625,4407.39990234375,4409.2998046875,367.0
2026-08-19 09:20:00+00:00,4409.10009765625,4411.2998046875,4407.5,4410.10009765625,276.0
2026-08-19 09:25:00+00:00,4410.2998046875,4411.60009765625,4408.0,4410.60009765625,166.0
2026-08-19 09:30:00+00:00,4410.7001953125,4412.0,4409.5,4411.10009765625,349.0
2026-08-19 09:35:00+00:00,4410.7998046875,4411.5,4410.39990234375,4411.10009765625,103.0
2026-08-19 09:40:00+00:00,4411.2998046875,4415.39990234375,4411.0,4413.2998046875,322.0
2026-08-19 09:45:00+00:00,4413.2998046875,4415.39990234375,4412.7001953125,4415.10009765625,159.0
2026-08-19 09:50:00+00:00,4415.2998046875,4415.2998046875,4412.5,4414.5,252.0
2026-08-19 09:55:00+00:00,4414.5,4416.39990234375,4413.39990234375,4416.39990234375,296.0
2026-08-19 10:00:00+00:00,4416.5,4417.7001953125,4413.89990234375,4414.7998046875,327.0
2026-08-19 10:05:00+00:00,4414.39990234375,4417.2001953125,4413.7998046875,4415.7998046875,169.0
2026-08-19 10:10:00+00:00,4415.7998046875,4418.7998046875,4415.5,4418.39990234375,413.0
2026-08-19 10:15:00+00:00,4418.39990234375,4423.2001953125,4418.10009765625,4422.7998046875,493.0
2026-08-19 10:20:00+00:00,4423.0,4423.7998046875,4421.2001953125,4423.10009765625,495.0
2026-08-19 10:25:00+00:00,4422.7998046875,4423.7998046875,4421.39990234375,4423.2001953125,220.0
2026-08-19 10:30:00+00:00,4423.39990234375,4424.10009765625,4420.39990234375,4421.89990234375,397.0
2026-08-19 10:35:00+00:00,4421.7001953125,4422.39990234375,4421.2001953125,4421.7001953125,168.0
2026-08-19 10:40:00+00:00,4421.60009765625,4423.2001953125,4421.0,4422.5,226.0
2026-08-19 10:45:00+00:00,4422.7998046875,4424.10009765625,4422.0,4423.2998046875,161.0
2026-08-19 10:50:00+00:00,4423.2998046875,4423.39990234375,4421.7001953125,4422.10009765625,89.0
2026-08-19 10:55:00+00:00,4422.2001953125,4422.7998046875,4421.0,4422.2001953125,125.0
2026-08-19 11:00:00+00:00,4422.39990234375,4425.7998046875,4422.2001953125,4425.60009765625,484.0
2026-08-19 11:05:00+00:00,4425.60009765625,4428.39990234375,4425.39990234375,4426.0,463.0
2026-08-19 11:10:00+00:00,4425.7998046875,4428.89990234375,4425.60009765625,4428.10009765625,295.0
2026-08-19 11:15:00+00:00,4428.39990234375,4429.10009765625,4424.39990234375,4425.39990234375,382.0
2026-08-19 11:20:00+00:00,4425.39990234375,4426.2001953125,4423.60009765625,4425.89990234375,158.0
2026-08-19 11:25:00+00:00,4425.5,4428.2001953125,4425.2998046875,4425.7998046875,233.0
2026-08-19 11:30:00+00:00,4425.89990234375,4426.5,4423.2001953125,4424.0,446.0
2026-08-19 11:35:00+00:00,4424.2001953125,4424.5,4421.60009765625,4422.7001953125,183.0
2026-08-19 11:40:00+00:00,4422.7998046875,4422.7998046875,4417.7001953125,4418.39990234375,529.0
2026-08-19 11:45:00+00:00,4418.0,4422.2998046875,4418.0,4422.10009765625,436.0
2026-08-19 11:50:00+00:00,4421.89990234375,4422.2001953125,4418.2001953125,4420.89990234375,273.0
2026-08-19 11:55:00+00:00,4420.7001953125,4421.0,4418.7998046875,4419.10009765625,173.0
2026-08-19 12:00:00+00:00,4419.7001953125,4420.0,4417.0,4418.89990234375,438.0
2026-08-19 12:05:00+00:00,4418.7001953125,4423.10009765625,4418.2001953125,4422.5,371.0
2026-08-19 12:10:00+00:00,4422.5,4425.5,4421.5,4423.10009765625,477.0
2026-08-19 12:15:00+00:00,4423.2001953125,4424.89990234375,4420.7001953125,4422.60009765625,381.0
2026-08-19 12:20:00+00:00,4422.7998046875,4428.39990234375,4422.2998046875,4425.0,1215.0
2026-08-19 12:25:00+00:00,4425.0,4426.0,4422.60009765625,4424.10009765625,384.0
2026-08-19 12:30:00+00:00,4424.2998046875,4440.0,4423.39990234375,4439.2001953125,2518.0
2026-08-19 12:35:00+00:00,4439.2001953125,4472.39990234375,4437.7998046875,4468.0,8147.0
2026-08-19 12:40:00+00:00,4468.2001953125,4476.89990234375,4463.5,4474.7998046875,5233.0
2026-08-19 12:45:00+00:00,4475.10009765625,4479.7998046875,4468.2998046875,4474.39990234375,4750.0
2026-08-19 12:50:00+00:00,4474.39990234375,4486.39990234375,4468.0,4485.60009765625,5132.0
2026-08-19 12:55:00+00:00,4486.0,4499.7998046875,4483.5,4496.2998046875,7011.0
2026-08-19 13:00:00+00:00,4496.2998046875,4499.2001953125,4484.0,4484.2998046875,4390.0
2026-08-19 13:05:00+00:00,4484.89990234375,4498.7001953125,4480.7998046875,4498.7001953125,2958.0
2026-08-19 13:10:00+00:00,4498.89990234375,4518.7998046875,4498.2001953125,4513.39990234375,7090.0
2026-08-19 13:15:00+00:00,4513.60009765625,4521.7998046875,4513.0,4517.5,3214.0
2026-08-19 13:20:00+00:00,4517.7001953125,4520.2998046875,4512.39990234375,4517.10009765625,3565.0
2026-08-19 13:25:00+00:00,4517.0,4519.39990234375,4513.2001953125,4516.0,2683.0
2026-08-19 13:30:00+00:00,4516.2001953125,4524.0,4513.10009765625,4519.39990234375,4271.0
2026-08-19 13:35:00+00:00,4519.7001953125,4519.7998046875,4500.7998046875,4513.39990234375,4383.0
2026-08-19 13:40:00+00:00,4513.7998046875,4522.7001953125,4507.89990234375,4519.10009765625,3040.0
2026-08-19 13:45:00+00:00,4518.7998046875,4520.10009765625,4507.5,4507.89990234375,2157.0
2026-08-19 13:50:00+00:00,4507.89990234375,4514.39990234375,4502.39990234375,4511.39990234375,2123.0
2026-08-19 13:55:00+00:00,4511.7998046875,4521.60009765625,4509.60009765625,4517.7998046875,2375.0
2026-08-19 14:00:00+00:00,4518.0,4520.7998046875,4513.5,4518.7001953125,1601.0
2026-08-19 14:05:00+00:00,4519.0,4530.60009765625,4518.7001953125,4530.2001953125,3238.0
2026-08-19 14:10:00+00:00,4530.0,4533.7998046875,4527.39990234375,4532.0,2856.0
2026-08-19 14:15:00+00:00,4532.2001953125,4536.7001953125,4529.39990234375,4529.7998046875,2868.0
2026-08-19 14:20:00+00:00,4529.5,4538.7998046875,4528.39990234375,4536.60009765625,3408.0
2026-08-19 14:25:00+00:00,4536.7998046875,4546.2998046875,4535.7001953125,4544.2998046875,3506.0
2026-08-19 14:30:00+00:00,4544.39990234375,4550.0,4542.2998046875,4546.10009765625,5035.0
2026-08-19 14:35:00+00:00,4546.0,4550.7001953125,4545.5,4548.0,3029.0
2026-08-19 14:40:00+00:00,4548.10009765625,4557.60009765625,4545.89990234375,4548.5,4175.0
2026-08-19 14:45:00+00:00,4548.60009765625,4548.60009765625,4536.89990234375,4538.10009765625,3184.0
2026-08-19 14:50:00+00:00,4538.2001953125,4545.60009765625,4537.2001953125,4544.2998046875,1499.0
2026-08-19 14:55:00+00:00,4544.7001953125,4548.60009765625,4543.89990234375,4546.7998046875,1299.0
2026-08-19 15:00:00+00:00,4547.0,4547.0,4539.7998046875,4543.39990234375,2046.0
2026-08-19 15:05:00+00:00,4543.7001953125,4546.0,4540.5,4540.60009765625,883.0
2026-08-19 15:10:00+00:00,4540.7001953125,4546.7001953125,4538.39990234375,4544.10009765625,2322.0
2026-08-19 15:15:00+00:00,4544.10009765625,4546.0,4542.2001953125,4544.39990234375,703.0
2026-08-19 15:20:00+00:00,4544.10009765625,4546.2001953125,4539.2998046875,4539.2998046875,1341.0
2026-08-19 15:25:00+00:00,4539.2001953125,4543.10009765625,4536.5,4542.0,1503.0
2026-08-19 15:30:00+00:00,4541.89990234375,4544.7001953125,4538.5,4543.0,873.0
2026-08-19 15:35:00+00:00,4543.39990234375,4546.89990234375,4543.2001953125,4545.5,579.0
2026-08-19 15:40:00+00:00,4545.7001953125,4551.5,4543.10009765625,4548.7001953125,1164.0
2026-08-19 15:45:00+00:00,4548.39990234375,4552.7998046875,4548.10009765625,4548.89990234375,1517.0
2026-08-19 15:50:00+00:00,4548.89990234375,4551.39990234375,4546.89990234375,4549.5,699.0
2026-08-19 15:55:00+00:00,4549.60009765625,4552.2001953125,4549.10009765625,4552.2001953125,1266.0
2026-08-19 16:00:00+00:00,4552.2001953125,4555.89990234375,4551.5,4551.89990234375,1358.0
2026-08-19 16:05:00+00:00,4551.7001953125,4556.0,4549.5,4555.7001953125,1296.0
2026-08-19 16:10:00+00:00,4555.39990234375,4557.2001953125,4555.10009765625,4555.89990234375,1095.0
2026-08-19 16:15:00+00:00,4556.0,4557.5,4552.7998046875,4552.7998046875,1092.0
2026-08-19 16:20:00+00:00,4553.0,4554.7998046875,4551.2998046875,4552.60009765625,728.0
2026-08-19 16:25:00+00:00,4552.7998046875,4553.5,4548.5,4548.7001953125,742.0
2026-08-19 16:30:00+00:00,4549.10009765625,4553.89990234375,4548.39990234375,4553.60009765625,671.0
2026-08-19 16:35:00+00:00,4553.7001953125,4554.2001953125,4550.10009765625,4553.2998046875,552.0
2026-08-19 16:40:00+00:00,4553.60009765625,4554.2998046875,4551.7001953125,4553.2998046875,479.0
2026-08-19 16:45:00+00:00,4552.7001953125,4554.5,4551.10009765625,4552.2998046875,388.0
2026-08-19 16:50:00+00:00,4552.2001953125,4555.7001953125,4551.89990234375,4552.2998046875,407.0
2026-08-19 16:55:00+00:00,4552.0,4553.10009765625,4550.89990234375,4551.0,584.0
2026-08-19 17:00:00+00:00,4551.0,4557.0,4551.0,4554.5,1250.0
2026-08-19 17:05:00+00:00,4554.60009765625,4555.10009765625,4549.0,4550.7001953125,1221.0
2026-08-19 17:10:00+00:00,4550.5,4551.2998046875,4546.39990234375,4550.10009765625,1221.0
2026-08-19 17:15:00+00:00,4550.2998046875,4550.2998046875,4544.2998046875,4546.7998046875,1004.0
2026-08-19 17:20:00+00:00,4547.2001953125,4548.39990234375,4545.60009765625,4547.2998046875,782.0
2026-08-19 17:25:00+00:00,4547.10009765625,4547.5,4544.0,4545.7998046875,1805.0
2026-08-19 17:30:00+00:00,4545.89990234375,4546.7998046875,4541.89990234375,4545.89990234375,687.0
2026-08-19 17:35:00+00:00,4546.0,4547.60009765625,4544.2998046875,4546.0,292.0
2026-08-19 17:40:00+00:00,4546.10009765625,4549.2001953125,4544.60009765625,4546.60009765625,382.0
2026-08-19 17:45:00+00:00,4546.2001953125,4547.39990234375,4545.60009765625,4546.5,278.0
2026-08-19 17:50:00+00:00,4546.10009765625,4546.89990234375,4543.39990234375,4544.10009765625,326.0
2026-08-19 17:55:00+00:00,4544.0,4545.0,4542.0,4545.0,451.0
2026-08-19 18:00:00+00:00,4544.89990234375,4554.10009765625,4543.39990234375,4553.7998046875,1503.0
2026-08-19 18:05:00+00:00,4553.89990234375,4554.60009765625,4544.2998046875,4547.10009765625,891.0
2026-08-19 18:10:00+00:00,4547.2998046875,4548.5,4544.10009765625,4546.2998046875,550.0
2026-08-19 18:15:00+00:00,4546.10009765625,4546.2001953125,4540.39990234375,4543.2001953125,716.0
2026-08-19 18:20:00+00:00,4543.2998046875,4543.2998046875,4539.2001953125,4539.5,543.0
2026-08-19 18:25:00+00:00,4539.5,4540.2998046875,4531.10009765625,4533.7998046875,3690.0
2026-08-19 18:30:00+00:00,4533.89990234375,4539.60009765625,4530.39990234375,4538.60009765625,2888.0
2026-08-19 18:35:00+00:00,4539.10009765625,4542.7001953125,4536.7998046875,4542.2001953125,800.0
2026-08-19 18:40:00+00:00,4542.2998046875,4550.0,4541.7998046875,4548.60009765625,3091.0
2026-08-19 18:45:00+00:00,4548.60009765625,4550.39990234375,4547.5,4549.7001953125,689.0
2026-08-19 18:50:00+00:00,4549.7998046875,4556.0,4549.2001953125,4552.7001953125,731.0
2026-08-19 18:55:00+00:00,4552.7998046875,4554.2001953125,4552.39990234375,4553.2998046875,352.0
2026-08-19 19:00:00+00:00,4553.2998046875,4556.5,4552.2998046875,4555.10009765625,676.0
2026-08-19 19:05:00+00:00,4554.7001953125,4564.10009765625,4553.5,4563.60009765625,2037.0
2026-08-19 19:10:00+00:00,4563.60009765625,4563.60009765625,4560.39990234375,4561.60009765625,577.0
2026-08-19 19:15:00+00:00,4561.5,4564.2001953125,4561.5,4562.60009765625,768.0
2026-08-19 19:20:00+00:00,4562.5,4563.2998046875,4560.7998046875,4563.2001953125,339.0
2026-08-19 19:25:00+00:00,4563.2001953125,4566.0,4561.5,4565.10009765625,1051.0
2026-08-19 19:30:00+00:00,4565.2001953125,4568.89990234375,4564.0,4567.5,624.0
2026-08-19 19:35:00+00:00,4567.2998046875,4568.10009765625,4561.2001953125,4563.7001953125,1280.0
2026-08-19 19:40:00+00:00,4563.7001953125,4565.39990234375,4559.10009765625,4564.5,1165.0
2026-08-19 19:45:00+00:00,4564.5,4568.7998046875,4562.60009765625,4568.2001953125,624.0
2026-08-19 19:50:00+00:00,4568.2001953125,4569.39990234375,4565.60009765625,4568.60009765625,532.0
2026-08-19 19:55:00+00:00,4568.60009765625,4569.60009765625,4565.5,4568.0,876.0
2026-08-19 20:00:00+00:00,4568.39990234375,4568.89990234375,4566.0,4566.7001953125,414.0
2026-08-19 20:05:00+00:00,4566.5,4567.89990234375,4565.10009765625,4567.89990234375,371.0
2026-08-19 20:10:00+00:00,4567.89990234375,4569.5,4562.7998046875,4564.5,437.0
2026-08-19 20:15:00+00:00,4564.7001953125,4569.2001953125,4564.2001953125,4568.2001953125,364.0
2026-08-19 20:20:00+00:00,4568.39990234375,4578.10009765625,4568.10009765625,4576.39990234375,1321.0
2026-08-19 20:25:00+00:00,4576.2998046875,4580.2998046875,4575.7998046875,4576.7001953125,1465.0
2026-08-19 20:30:00+00:00,4576.7001953125,4582.2001953125,4576.2001953125,4579.89990234375,571.0
2026-08-19 20:35:00+00:00,4579.7998046875,4580.0,4577.10009765625,4578.2998046875,225.0
2026-08-19 20:40:00+00:00,4578.2001953125,4579.2001953125,4577.2998046875,4577.2998046875,207.0
2026-08-19 20:45:00+00:00,4578.2998046875,4581.0,4577.89990234375,4579.2998046875,204.0
2026-08-19 20:50:00+00:00,4579.10009765625,4582.39990234375,4579.10009765625,4582.39990234375,383.0
2026-08-19 20:55:00+00:00,4582.2001953125,4582.7998046875,4580.60009765625,4580.7001953125,329.0
2026-08-19 22:00:00+00:00,4580.0,4583.7998046875,4576.60009765625,4578.89990234375,0.0
2026-08-19 22:05:00+00:00,4579.2001953125,4581.10009765625,4577.89990234375,4578.60009765625,153.0
2026-08-19 22:10:00+00:00,4578.2998046875,4579.2998046875,4576.39990234375,4577.60009765625,207.0
2026-08-19 22:15:00+00:00,4577.5,4578.2998046875,4576.39990234375,4577.2998046875,166.0
2026-08-19 22:20:00+00:00,4577.2998046875,4578.60009765625,4576.2001953125,4578.60009765625,127.0
2026-08-19 22:25:00+00:00,4578.7001953125,4578.7001953125,4576.7001953125,4578.0,174.0
2026-08-19 22:30:00+00:00,4577.7001953125,4579.0,4575.2001953125,4576.2001953125,293.0
2026-08-19 22:35:00+00:00,4576.5,4577.0,4574.7998046875,4575.0,255.0
2026-08-19 22:40:00+00:00,4575.2001953125,4576.7001953125,4575.0,4575.7001953125,131.0
2026-08-19 22:45:00+00:00,4575.89990234375,4578.2998046875,4575.0,4576.7998046875,161.0
2026-08-19 22:50:00+00:00,4577.10009765625,4579.2001953125,4576.2998046875,4576.7001953125,133.0
2026-08-19 22:55:00+00:00,4576.89990234375,4577.2998046875,4573.5,4575.89990234375,285.0
2026-08-19 23:00:00+00:00,4576.39990234375,4581.10009765625,4574.7998046875,4578.5,421.0
2026-08-19 23:05:00+00:00,4578.7998046875,4581.2001953125,4578.5,4579.39990234375,245.0
2026-08-19 23:10:00+00:00,4579.0,4579.10009765625,4577.0,4577.0,84.0
2026-08-19 23:15:00+00:00,4576.60009765625,4577.60009765625,4575.39990234375,4577.5,127.0
2026-08-19 23:20:00+00:00,4577.10009765625,4577.2001953125,4572.2998046875,4576.2998046875,269.0
2026-08-19 23:25:00+00:00,4576.39990234375,4576.39990234375,4573.10009765625,4574.7998046875,160.0
2026-08-19 23:30:00+00:00,4575.10009765625,4575.5,4570.7001953125,4571.60009765625,201.0
2026-08-19 23:35:00+00:00,4571.5,4573.5,4570.89990234375,4571.2001953125,321.0
2026-08-19 23:40:00+00:00,4571.2001953125,4573.0,4570.89990234375,4571.60009765625,82.0
2026-08-19 23:45:00+00:00,4571.7001953125,4574.89990234375,4571.39990234375,4571.89990234375,271.0
2026-08-19 23:50:00+00:00,4572.0,4572.39990234375,4569.2998046875,4570.2998046875,178.0
2026-08-19 23:55:00+00:00,4570.39990234375,4570.39990234375,4568.39990234375,4569.2001953125,195.0
2026-08-20 00:00:00+00:00,4568.7001953125,4576.2998046875,4567.7001953125,4572.39990234375,485.0
2026-08-20 00:05:00+00:00,4571.60009765625,4575.7001953125,4571.5,4572.2001953125,157.0
2026-08-20 00:10:00+00:00,4572.2001953125,4574.0,4570.0,4573.7998046875,164.0
2026-08-20 00:15:00+00:00,4574.0,4578.60009765625,4571.89990234375,4575.2001953125,355.0
2026-08-20 00:20:00+00:00,4575.2001953125,4575.5,4567.5,4569.39990234375,440.0
2026-08-20 00:25:00+00:00,4569.2001953125,4569.7998046875,4565.7998046875,4567.7998046875,309.0
2026-08-20 00:30:00+00:00,4566.7998046875,4570.39990234375,4566.60009765625,4568.7001953125,204.0
2026-08-20 00:35:00+00:00,4568.60009765625,4568.7998046875,4566.2001953125,4566.7998046875,233.0
2026-08-20 00:40:00+00:00,4566.7998046875,4566.7998046875,4560.2001953125,4563.60009765625,761.0
2026-08-20 00:45:00+00:00,4563.39990234375,4565.60009765625,4562.10009765625,4564.89990234375,325.0
2026-08-20 00:50:00+00:00,4565.10009765625,4567.60009765625,4562.2001953125,4563.7998046875,352.0
2026-08-20 00:55:00+00:00,4563.89990234375,4567.89990234375,4561.39990234375,4562.0,478.0
2026-08-20 01:00:00+00:00,4562.2998046875,4567.89990234375,4550.5,4551.0,1873.0
2026-08-20 01:05:00+00:00,4551.2001953125,4557.7001953125,4549.39990234375,4556.2001953125,984.0
2026-08-20 01:10:00+00:00,4556.10009765625,4556.2998046875,4550.10009765625,4550.7998046875,859.0
2026-08-20 01:15:00+00:00,4551.2998046875,4557.2001953125,4550.89990234375,4556.5,485.0
2026-08-20 01:20:00+00:00,4556.60009765625,4561.10009765625,4556.60009765625,4559.39990234375,672.0
2026-08-20 01:25:00+00:00,4559.2998046875,4560.7001953125,4555.2998046875,4558.2998046875,358.0
2026-08-20 01:30:00+00:00,4558.0,4559.0,4553.2998046875,4555.7998046875,552.0
2026-08-20 01:35:00+00:00,4556.0,4557.10009765625,4551.0,4552.5,260.0
2026-08-20 01:40:00+00:00,4552.5,4556.7001953125,4551.0,4551.2998046875,303.0
2026-08-20 01:45:00+00:00,4551.5,4553.0,4546.7998046875,4547.5,699.0
2026-08-20 01:50:00+00:00,4547.7998046875,4548.5,4542.10009765625,4542.7998046875,1211.0
2026-08-20 01:55:00+00:00,4543.0,4548.7998046875,4542.7001953125,4547.39990234375,482.0
2026-08-20 02:00:00+00:00,4547.2998046875,4556.60009765625,4546.10009765625,4555.60009765625,848.0
2026-08-20 02:05:00+00:00,4555.7998046875,4556.60009765625,4551.7001953125,4553.2001953125,479.0
2026-08-20 02:10:00+00:00,4553.10009765625,4557.60009765625,4552.89990234375,4555.5,462.0
2026-08-20 02:15:00+00:00,4555.2998046875,4555.60009765625,4547.10009765625,4549.0,375.0
2026-08-20 02:20:00+00:00,4549.0,4551.89990234375,4547.2998046875,4551.7001953125,378.0
2026-08-20 02:25:00+00:00,4551.60009765625,4552.5,4548.7998046875,4550.60009765625,222.0
2026-08-20 02:30:00+00:00,4550.10009765625,4552.10009765625,4548.7001953125,4549.5,418.0
2026-08-20 02:35:00+00:00,4549.60009765625,4551.2998046875,4548.0,4550.2001953125,172.0
2026-08-20 02:40:00+00:00,4550.0,4551.7001953125,4547.60009765625,4548.2001953125,246.0
2026-08-20 02:45:00+00:00,4547.89990234375,4549.2998046875,4546.7001953125,4546.7998046875,257.0
2026-08-20 02:50:00+00:00,4546.7998046875,4552.0,4546.5,4551.0,282.0
2026-08-20 02:55:00+00:00,4550.60009765625,4550.60009765625,4548.0,4548.10009765625,256.0
2026-08-20 03:00:00+00:00,4548.2001953125,4553.89990234375,4548.2001953125,4553.10009765625,213.0
2026-08-20 03:05:00+00:00,4553.2001953125,4554.5,4548.89990234375,4548.89990234375,201.0
2026-08-20 03:10:00+00:00,4549.10009765625,4550.2001953125,4545.7001953125,4550.10009765625,385.0
2026-08-20 03:15:00+00:00,4549.89990234375,4551.10009765625,4547.89990234375,4549.89990234375,229.0
2026-08-20 03:20:00+00:00,4550.5,4553.5,4548.7001953125,4553.0,394.0
2026-08-20 03:25:00+00:00,4552.89990234375,4554.2001953125,4550.7001953125,4551.10009765625,165.0
2026-08-20 03:30:00+00:00,4550.7998046875,4556.0,4550.0,4555.5,364.0
2026-08-20 03:35:00+00:00,4555.2998046875,4555.7001953125,4552.5,4555.7001953125,288.0
2026-08-20 03:40:00+00:00,4555.2001953125,4556.7001953125,4553.7998046875,4555.7001953125,179.0
2026-08-20 03:45:00+00:00,4555.60009765625,4556.2001953125,4555.0,4556.0,152.0
2026-08-20 03:50:00+00:00,4556.10009765625,4558.5,4554.7998046875,4557.7998046875,188.0
2026-08-20 03:55:00+00:00,4557.60009765625,4558.7998046875,4555.7001953125,4555.7001953125,274.0
2026-08-20 04:00:00+00:00,4556.39990234375,4556.60009765625,4552.39990234375,4553.10009765625,595.0
2026-08-20 04:05:00+00:00,4552.89990234375,4554.89990234375,4552.7998046875,4554.10009765625,242.0
2026-08-20 04:10:00+00:00,4554.0,4554.89990234375,4553.2998046875,4553.60009765625,129.0
2026-08-20 04:15:00+00:00,4553.60009765625,4554.2001953125,4552.2998046875,4553.89990234375,129.0
2026-08-20 04:20:00+00:00,4554.0,4554.2998046875,4551.7001953125,4552.7001953125,234.0
2026-08-20 04:25:00+00:00,4552.10009765625,4552.39990234375,4547.10009765625,4547.39990234375,339.0
2026-08-20 04:30:00+00:00,4547.2001953125,4548.2998046875,4544.2001953125,4545.89990234375,432.0
2026-08-20 04:35:00+00:00,4545.39990234375,4545.89990234375,4543.39990234375,4544.7998046875,192.0
2026-08-20 04:40:00+00:00,4544.39990234375,4546.2998046875,4544.2001953125,4544.39990234375,184.0
2026-08-20 04:45:00+00:00,4544.2998046875,4548.0,4544.10009765625,4548.0,210.0
2026-08-20 04:50:00+00:00,4547.7001953125,4549.10009765625,4546.89990234375,4547.60009765625,171.0
2026-08-20 04:55:00+00:00,4546.60009765625,4549.10009765625,4545.7998046875,4546.10009765625,98.0
2026-08-20 05:00:00+00:00,4546.0,4549.10009765625,4545.7998046875,4548.7001953125,89.0
2026-08-20 05:05:00+00:00,4549.0,4551.39990234375,4548.39990234375,4548.39990234375,207.0
2026-08-20 05:10:00+00:00,4548.2001953125,4549.0,4541.5,4542.89990234375,463.0
2026-08-20 05:15:00+00:00,4542.89990234375,4544.5,4541.7001953125,4542.2001953125,291.0
2026-08-20 05:20:00+00:00,4541.89990234375,4544.39990234375,4541.0,4544.0,345.0
2026-08-20 05:25:00+00:00,4543.7001953125,4543.7001953125,4540.0,4540.5,323.0
2026-08-20 05:30:00+00:00,4540.0,4543.10009765625,4536.60009765625,4537.7001953125,621.0
2026-08-20 05:35:00+00:00,4537.7001953125,4538.89990234375,4535.2001953125,4537.5,431.0
2026-08-20 05:40:00+00:00,4537.5,4539.39990234375,4536.2998046875,4537.7998046875,237.0
2026-08-20 05:45:00+00:00,4537.89990234375,4539.0,4536.5,4538.60009765625,183.0
2026-08-20 05:50:00+00:00,4538.60009765625,4539.0,4535.60009765625,4535.7001953125,266.0
2026-08-20 05:55:00+00:00,4535.7001953125,4540.5,4534.7998046875,4538.5,350.0
2026-08-20 06:00:00+00:00,4538.60009765625,4546.2998046875,4537.2001953125,4545.89990234375,943.0
2026-08-20 06:05:00+00:00,4545.60009765625,4548.89990234375,4545.2998046875,4547.2998046875,544.0
2026-08-20 06:10:00+00:00,4547.5,4550.7001953125,4547.2001953125,4550.10009765625,494.0
2026-08-20 06:15:00+00:00,4550.39990234375,4553.5,4549.10009765625,4551.2998046875,1089.0
2026-08-20 06:20:00+00:00,4550.7998046875,4551.89990234375,4549.60009765625,4550.5,415.0
2026-08-20 06:25:00+00:00,4550.7998046875,4553.0,4550.5,4551.2998046875,245.0
2026-08-20 06:30:00+00:00,4551.2998046875,4552.7998046875,4549.60009765625,4552.5,393.0
2026-08-20 06:35:00+00:00,4552.60009765625,4553.0,4550.7998046875,4551.2001953125,327.0
2026-08-20 06:40:00+00:00,4551.2001953125,4552.0,4549.5,4550.10009765625,274.0
2026-08-20 06:45:00+00:00,4550.39990234375,4553.0,4550.10009765625,4550.7998046875,419.0
2026-08-20 06:50:00+00:00,4550.7001953125,4550.7998046875,4548.60009765625,4549.39990234375,449.0
2026-08-20 06:55:00+00:00,4549.2001953125,4551.5,4548.5,4550.7998046875,432.0
2026-08-20 07:00:00+00:00,4550.60009765625,4551.0,4544.5,4545.7998046875,638.0
2026-08-20 07:05:00+00:00,4545.5,4547.5,4544.60009765625,4546.0,355.0
2026-08-20 07:10:00+00:00,4545.7998046875,4547.10009765625,4543.89990234375,4544.5,265.0
2026-08-20 07:15:00+00:00,4544.39990234375,4547.10009765625,4543.39990234375,4543.7998046875,352.0
2026-08-20 07:20:00+00:00,4543.89990234375,4544.7998046875,4542.2998046875,4542.2998046875,296.0
2026-08-20 07:25:00+00:00,4542.2001953125,4542.7998046875,4540.10009765625,4540.5,430.0
2026-08-20 07:30:00+00:00,4540.7998046875,4546.5,4540.10009765625,4546.5,531.0
2026-08-20 07:35:00+00:00,4546.2998046875,4547.89990234375,4545.5,4546.2001953125,463.0
2026-08-20 07:40:00+00:00,4546.5,4550.2001953125,4545.89990234375,4547.89990234375,526.0
2026-08-20 07:45:00+00:00,4547.5,4552.7001953125,4546.2001953125,4546.2001953125,594.0
2026-08-20 07:50:00+00:00,4546.2001953125,4547.89990234375,4545.2998046875,4547.7998046875,212.0
2026-08-20 07:55:00+00:00,4548.0,4549.2998046875,4545.89990234375,4547.60009765625,211.0
2026-08-20 08:00:00+00:00,4547.89990234375,4552.2001953125,4547.60009765625,4549.39990234375,569.0
2026-08-20 08:05:00+00:00,4549.2998046875,4551.39990234375,4548.10009765625,4551.2001953125,277.0
2026-08-20 08:10:00+00:00,4550.89990234375,4552.2998046875,4548.5,4551.39990234375,605.0
2026-08-20 08:15:00+00:00,4551.10009765625,4555.89990234375,4550.7998046875,4553.60009765625,874.0
2026-08-20 08:20:00+00:00,4553.5,4555.2001953125,4552.0,4552.7001953125,424.0
2026-08-20 08:25:00+00:00,4552.60009765625,4553.2001953125,4547.0,4548.60009765625,484.0
2026-08-20 08:30:00+00:00,4548.10009765625,4550.0,4543.89990234375,4550.0,1061.0
2026-08-20 08:35:00+00:00,4549.7998046875,4552.39990234375,4547.2001953125,4548.7001953125,392.0
2026-08-20 08:40:00+00:00,4548.7001953125,4549.7998046875,4547.2001953125,4547.39990234375,202.0
2026-08-20 08:45:00+00:00,4547.2998046875,4548.39990234375,4544.60009765625,4544.89990234375,267.0
2026-08-20 08:50:00+00:00,4544.7998046875,4548.60009765625,4544.7001953125,4548.39990234375,180.0
2026-08-20 08:55:00+00:00,4548.60009765625,4549.0,4544.39990234375,4546.10009765625,195.0
2026-08-20 09:00:00+00:00,4546.2001953125,4547.89990234375,4545.2001953125,4547.5,351.0
2026-08-20 09:05:00+00:00,4547.7001953125,4550.0,4545.39990234375,4548.2998046875,259.0
2026-08-20 09:10:00+00:00,4548.7001953125,4551.0,4548.10009765625,4549.10009765625,247.0
2026-08-20 09:15:00+00:00,4549.0,4550.5,4545.7998046875,4545.89990234375,312.0
2026-08-20 09:20:00+00:00,4546.0,4549.5,4544.7001953125,4546.39990234375,357.0
2026-08-20 09:25:00+00:00,4546.7001953125,4547.5,4544.7998046875,4546.7998046875,290.0
2026-08-20 09:30:00+00:00,4546.60009765625,4547.2001953125,4543.7998046875,4544.60009765625,672.0
2026-08-20 09:35:00+00:00,4544.39990234375,4545.0,4541.0,4542.7998046875,417.0
2026-08-20 09:40:00+00:00,4542.7998046875,4547.0,4542.2998046875,4545.7001953125,428.0
2026-08-20 09:45:00+00:00,4545.60009765625,4545.60009765625,4541.89990234375,4542.10009765625,250.0
2026-08-20 09:50:00+00:00,4542.2001953125,4542.89990234375,4538.2001953125,4540.5,579.0
2026-08-20 09:55:00+00:00,4540.5,4541.10009765625,4538.39990234375,4538.89990234375,398.0
2026-08-20 10:00:00+00:00,4539.10009765625,4542.7001953125,4537.0,4542.10009765625,366.0
2026-08-20 10:05:00+00:00,4541.89990234375,4546.60009765625,4541.89990234375,4546.10009765625,544.0
2026-08-20 10:10:00+00:00,4546.10009765625,4547.7998046875,4544.7998046875,4547.10009765625,396.0
2026-08-20 10:15:00+00:00,4547.39990234375,4548.2001953125,4546.39990234375,4547.2998046875,543.0
2026-08-20 10:20:00+00:00,4547.10009765625,4547.2001953125,4542.60009765625,4545.2998046875,309.0
2026-08-20 10:25:00+00:00,4545.2001953125,4550.5,4544.60009765625,4550.2001953125,471.0
2026-08-20 10:30:00+00:00,4550.2998046875,4552.5,4549.0,4549.7001953125,467.0
2026-08-20 10:35:00+00:00,4549.39990234375,4551.2998046875,4546.7001953125,4546.89990234375,466.0
2026-08-20 10:40:00+00:00,4546.7001953125,4547.60009765625,4546.5,4547.5,128.0
2026-08-20 10:45:00+00:00,4547.7001953125,4547.7001953125,4545.0,4546.7001953125,168.0
2026-08-20 10:50:00+00:00,4546.7998046875,4547.2998046875,4543.7998046875,4544.2998046875,152.0
2026-08-20 10:55:00+00:00,4543.89990234375,4547.10009765625,4543.89990234375,4546.39990234375,161.0
2026-08-20 11:00:00+00:00,4546.7001953125,4547.89990234375,4544.2001953125,4545.0,730.0
2026-08-20 11:05:00+00:00,4544.89990234375,4544.89990234375,4542.10009765625,4543.7998046875,1005.0
2026-08-20 11:10:00+00:00,4543.89990234375,4544.0,4539.39990234375,4541.7998046875,701.0
2026-08-20 11:15:00+00:00,4541.7001953125,4542.39990234375,4537.60009765625,4538.89990234375,386.0
2026-08-20 11:20:00+00:00,4538.60009765625,4544.0,4537.89990234375,4544.0,517.0
2026-08-20 11:25:00+00:00,4543.7998046875,4546.2998046875,4540.7001953125,4540.7998046875,282.0
2026-08-20 11:30:00+00:00,4541.10009765625,4542.5,4539.2001953125,4541.2001953125,358.0
2026-08-20 11:35:00+00:00,4541.2001953125,4543.2001953125,4536.2998046875,4537.89990234375,1218.0
2026-08-20 11:40:00+00:00,4537.7998046875,4539.0,4530.10009765625,4530.89990234375,1207.0
2026-08-20 11:45:00+00:00,4530.7998046875,4531.89990234375,4522.0,4527.39990234375,2288.0
2026-08-20 11:50:00+00:00,4527.60009765625,4529.10009765625,4522.2001953125,4524.0,1144.0
2026-08-20 11:55:00+00:00,4523.2998046875,4527.39990234375,4521.2001953125,4523.10009765625,833.0
2026-08-20 12:00:00+00:00,4523.2998046875,4523.39990234375,4512.5,4513.60009765625,2063.0
2026-08-20 12:05:00+00:00,4513.39990234375,4514.5,4506.2001953125,4512.39990234375,3045.0
2026-08-20 12:10:00+00:00,4512.7001953125,4521.7998046875,4512.10009765625,4518.0,1622.0
2026-08-20 12:15:00+00:00,4517.7998046875,4522.89990234375,4517.60009765625,4522.5,1130.0
2026-08-20 12:20:00+00:00,4522.2001953125,4523.39990234375,4517.2001953125,4519.2001953125,1099.0
2026-08-20 12:25:00+00:00,4519.2001953125,4519.2001953125,4512.2001953125,4514.2998046875,1183.0
2026-08-20 12:30:00+00:00,4514.89990234375,4516.60009765625,4506.0,4508.60009765625,1497.0
2026-08-20 12:35:00+00:00,4508.39990234375,4518.2001953125,4506.89990234375,4518.2001953125,1444.0
2026-08-20 12:40:00+00:00,4517.89990234375,4522.2998046875,4515.0,4522.0,1212.0
2026-08-20 12:45:00+00:00,4521.60009765625,4526.5,4519.0,4526.2998046875,1251.0
2026-08-20 12:50:00+00:00,4526.2998046875,4530.39990234375,4524.7998046875,4527.2001953125,1153.0
2026-08-20 12:55:00+00:00,4527.2001953125,4532.2998046875,4526.7001953125,4529.7001953125,824.0
2026-08-20 13:00:00+00:00,4529.7998046875,4539.60009765625,4528.7001953125,4533.5,2316.0
2026-08-20 13:05:00+00:00,4533.7001953125,4535.39990234375,4527.7998046875,4529.0,746.0
2026-08-20 13:10:00+00:00,4528.39990234375,4530.7998046875,4526.7001953125,4527.89990234375,720.0
2026-08-20 13:15:00+00:00,4528.2001953125,4531.89990234375,4525.89990234375,4529.5,783.0
2026-08-20 13:20:00+00:00,4529.7998046875,4531.89990234375,4526.39990234375,4529.60009765625,423.0
2026-08-20 13:25:00+00:00,4528.60009765625,4529.39990234375,4525.0,4526.7001953125,727.0
2026-08-20 13:30:00+00:00,4526.7998046875,4532.39990234375,4524.10009765625,4530.60009765625,1681.0
2026-08-20 13:35:00+00:00,4530.2998046875,4541.10009765625,4529.39990234375,4538.5,3159.0
2026-08-20 13:40:00+00:00,4538.60009765625,4543.0,4532.60009765625,4541.89990234375,1470.0
2026-08-20 13:45:00+00:00,4541.7001953125,4544.39990234375,4534.89990234375,4537.0,1653.0
2026-08-20 13:50:00+00:00,4537.10009765625,4541.60009765625,4536.10009765625,4540.89990234375,1166.0
2026-08-20 13:55:00+00:00,4541.0,4541.7998046875,4534.2998046875,4537.0,1107.0
2026-08-20 14:00:00+00:00,4536.7998046875,4545.89990234375,4536.7001953125,4538.60009765625,2396.0
2026-08-20 14:05:00+00:00,4538.2998046875,4542.0,4535.7998046875,4540.5,1283.0
2026-08-20 14:10:00+00:00,4540.60009765625,4544.7998046875,4538.5,4541.0,1396.0
2026-08-20 14:15:00+00:00,4541.0,4545.39990234375,4537.39990234375,4537.7001953125,1562.0
2026-08-20 14:20:00+00:00,4538.0,4549.89990234375,4537.39990234375,4546.7001953125,1379.0
2026-08-20 14:25:00+00:00,4546.60009765625,4549.0,4542.60009765625,4547.39990234375,1301.0
2026-08-20 14:30:00+00:00,4547.60009765625,4553.5,4547.5,4550.10009765625,1694.0
2026-08-20 14:35:00+00:00,4550.2001953125,4556.60009765625,4548.60009765625,4551.60009765625,1385.0
2026-08-20 14:40:00+00:00,4551.7998046875,4556.89990234375,4549.2001953125,4555.10009765625,789.0
2026-08-20 14:45:00+00:00,4555.0,4564.2998046875,4554.5,4563.39990234375,2148.0
2026-08-20 14:50:00+00:00,4563.7998046875,4566.0,4560.2001953125,4565.5,1667.0
2026-08-20 14:55:00+00:00,4565.60009765625,4572.0,4565.0,4571.7001953125,1959.0
2026-08-20 15:00:00+00:00,4571.7998046875,4592.60009765625,4570.7001953125,4591.60009765625,8717.0
2026-08-20 15:05:00+00:00,4591.5,4592.7001953125,4578.60009765625,4581.2001953125,4084.0
2026-08-20 15:10:00+00:00,4581.2001953125,4593.7001953125,4577.7998046875,4591.5,2953.0
2026-08-20 15:15:00+00:00,4591.2001953125,4597.0,4586.39990234375,4595.89990234375,2479.0
2026-08-20 15:20:00+00:00,4595.89990234375,4597.10009765625,4579.2001953125,4583.2998046875,3176.0
2026-08-20 15:25:00+00:00,4583.0,4590.39990234375,4581.7001953125,4588.60009765625,1987.0
2026-08-20 15:30:00+00:00,4588.39990234375,4590.0,4578.39990234375,4580.0,1871.0
2026-08-20 15:35:00+00:00,4580.2001953125,4582.89990234375,4573.2001953125,4574.60009765625,2147.0
2026-08-20 15:40:00+00:00,4574.60009765625,4576.10009765625,4563.5,4567.60009765625,2343.0
2026-08-20 15:45:00+00:00,4567.5,4577.2001953125,4566.7998046875,4576.10009765625,1375.0
2026-08-20 15:50:00+00:00,4575.7001953125,4577.39990234375,4571.39990234375,4574.7998046875,742.0
2026-08-20 15:55:00+00:00,4574.89990234375,4579.7998046875,4573.2998046875,4577.2998046875,928.0
2026-08-20 16:00:00+00:00,4577.5,4580.7001953125,4575.10009765625,4575.5,782.0
2026-08-20 16:05:00+00:00,4575.5,4578.0,4574.89990234375,4575.60009765625,356.0
2026-08-20 16:10:00+00:00,4576.2001953125,4576.2001953125,4566.2001953125,4567.10009765625,1149.0
2026-08-20 16:15:00+00:00,4566.89990234375,4569.2001953125,4564.5,4568.2001953125,859.0
2026-08-20 16:20:00+00:00,4568.10009765625,4569.10009765625,4565.5,4567.89990234375,459.0
2026-08-20 16:25:00+00:00,4567.89990234375,4567.89990234375,4561.39990234375,4565.60009765625,589.0
2026-08-20 16:30:00+00:00,4565.89990234375,4566.60009765625,4559.2001953125,4565.5,1206.0
2026-08-20 16:35:00+00:00,4565.89990234375,4569.2998046875,4563.60009765625,4563.7998046875,673.0
2026-08-20 16:40:00+00:00,4563.7998046875,4566.7998046875,4563.7998046875,4565.7001953125,336.0
2026-08-20 16:45:00+00:00,4565.60009765625,4569.10009765625,4563.89990234375,4568.60009765625,823.0
2026-08-20 16:50:00+00:00,4568.5,4570.60009765625,4565.39990234375,4566.0,608.0
2026-08-20 16:55:00+00:00,4566.0,4567.7998046875,4564.2001953125,4566.7001953125,634.0
2026-08-20 17:00:00+00:00,4566.7001953125,4570.89990234375,4566.5,4567.89990234375,872.0
2026-08-20 17:05:00+00:00,4568.2001953125,4568.2998046875,4564.2001953125,4566.39990234375,377.0
2026-08-20 17:10:00+00:00,4566.2998046875,4567.2001953125,4564.10009765625,4565.7998046875,373.0
2026-08-20 17:15:00+00:00,4565.60009765625,4567.7998046875,4564.2998046875,4565.2998046875,457.0
2026-08-20 17:20:00+00:00,4565.5,4570.7001953125,4564.89990234375,4567.89990234375,1030.0
2026-08-20 17:25:00+00:00,4567.7998046875,4573.39990234375,4566.0,4569.60009765625,1569.0
2026-08-20 17:30:00+00:00,4569.60009765625,4575.10009765625,4567.2998046875,4575.0,902.0
2026-08-20 17:35:00+00:00,4574.7001953125,4575.2001953125,4572.7001953125,4573.60009765625,183.0
2026-08-20 17:40:00+00:00,4573.39990234375,4574.89990234375,4572.89990234375,4574.89990234375,228.0
2026-08-20 17:45:00+00:00,4574.7001953125,4576.89990234375,4574.0,4575.60009765625,258.0
2026-08-20 17:50:00+00:00,4575.89990234375,4576.60009765625,4573.60009765625,4575.0,265.0
2026-08-20 17:55:00+00:00,4575.2998046875,4576.89990234375,4574.2998046875,4576.0,182.0
2026-08-20 18:00:00+00:00,4576.0,4578.7001953125,4574.89990234375,4578.10009765625,401.0
2026-08-20 18:05:00+00:00,4577.89990234375,4578.7998046875,4571.2998046875,4572.89990234375,596.0
2026-08-20 18:10:00+00:00,4573.0,4573.0,4565.2998046875,4567.2998046875,1057.0
2026-08-20 18:15:00+00:00,4567.39990234375,4572.39990234375,4564.7001953125,4572.2998046875,608.0
2026-08-20 18:20:00+00:00,4572.2998046875,4574.5,4571.5,4572.39990234375,248.0
2026-08-20 18:25:00+00:00,4572.7998046875,4576.60009765625,4572.7998046875,4575.89990234375,364.0
2026-08-20 18:30:00+00:00,4575.2998046875,4577.7998046875,4575.0,4575.7998046875,242.0
2026-08-20 18:35:00+00:00,4575.5,4579.7001953125,4575.2001953125,4577.60009765625,368.0
2026-08-20 18:40:00+00:00,4577.0,4578.0,4576.10009765625,4576.5,151.0
2026-08-20 18:45:00+00:00,4576.60009765625,4577.60009765625,4574.10009765625,4577.5,226.0
2026-08-20 18:50:00+00:00,4577.5,4581.7001953125,4577.5,4580.89990234375,1000.0
2026-08-20 18:55:00+00:00,4581.10009765625,4581.2998046875,4577.5,4578.5,279.0
2026-08-20 19:00:00+00:00,4578.2998046875,4578.89990234375,4574.7001953125,4578.2001953125,277.0
2026-08-20 19:05:00+00:00,4578.2998046875,4582.89990234375,4577.7998046875,4582.89990234375,285.0
2026-08-20 19:10:00+00:00,4582.89990234375,4584.60009765625,4580.7998046875,4584.2001953125,276.0
2026-08-20 19:15:00+00:00,4584.2001953125,4585.89990234375,4582.10009765625,4582.2001953125,294.0
2026-08-20 19:20:00+00:00,4582.60009765625,4584.5,4580.2001953125,4583.5,446.0
2026-08-20 19:25:00+00:00,4583.39990234375,4584.10009765625,4579.10009765625,4579.2001953125,255.0
2026-08-20 19:30:00+00:00,4579.0,4580.89990234375,4578.2001953125,4580.10009765625,253.0
2026-08-20 19:35:00+00:00,4579.7001953125,4585.7001953125,4579.2001953125,4584.7001953125,277.0
2026-08-20 19:40:00+00:00,4584.7998046875,4584.89990234375,4582.2001953125,4582.2001953125,309.0
2026-08-20 19:45:00+00:00,4582.39990234375,4586.0,4581.0,4584.7998046875,445.0
2026-08-20 19:50:00+00:00,4584.60009765625,4588.0,4584.10009765625,4587.10009765625,472.0
2026-08-20 19:55:00+00:00,4586.7998046875,4587.5,4582.60009765625,4584.89990234375,602.0
2026-08-20 20:00:00+00:00,4584.5,4585.2001953125,4582.0,4583.2998046875,243.0
2026-08-20 20:05:00+00:00,4583.10009765625,4584.10009765625,4578.89990234375,4579.5,258.0
2026-08-20 20:10:00+00:00,4579.2001953125,4581.10009765625,4578.7998046875,4578.89990234375,171.0
2026-08-20 20:15:00+00:00,4578.7001953125,4579.0,4576.7001953125,4578.2998046875,117.0
2026-08-20 20:20:00+00:00,4578.2998046875,4578.5,4576.89990234375,4577.7998046875,130.0
2026-08-20 20:25:00+00:00,4577.7998046875,4578.2001953125,4576.7001953125,4577.10009765625,168.0
2026-08-20 20:30:00+00:00,4577.10009765625,4577.2001953125,4573.0,4574.2001953125,242.0
2026-08-20 20:35:00+00:00,4574.2001953125,4574.7998046875,4573.5,4573.60009765625,120.0
2026-08-20 20:40:00+00:00,4574.0,4574.89990234375,4573.89990234375,4574.39990234375,72.0
2026-08-20 20:45:00+00:00,4574.60009765625,4575.2001953125,4574.10009765625,4574.60009765625,87.0
2026-08-20 20:50:00+00:00,4574.39990234375,4577.2998046875,4574.0,4575.7001953125,299.0
2026-08-20 20:55:00+00:00,4576.10009765625,4576.39990234375,4574.89990234375,4575.10009765625,119.0
2026-08-20 22:00:00+00:00,4577.0,4577.7001953125,4571.0,4575.7001953125,0.0
2026-08-20 22:05:00+00:00,4576.39990234375,4577.2998046875,4574.2998046875,4574.2998046875,95.0
2026-08-20 22:10:00+00:00,4574.2998046875,4575.7001953125,4572.89990234375,4574.60009765625,121.0
2026-08-20 22:15:00+00:00,4574.60009765625,4576.2001953125,4574.60009765625,4575.89990234375,73.0
2026-08-20 22:20:00+00:00,4575.5,4576.10009765625,4574.0,4574.2998046875,87.0
2026-08-20 22:25:00+00:00,4574.60009765625,4576.7998046875,4574.39990234375,4575.39990234375,230.0
2026-08-20 22:30:00+00:00,4575.60009765625,4576.2998046875,4574.39990234375,4576.0,212.0
2026-08-20 22:35:00+00:00,4576.0,4578.60009765625,4575.7001953125,4577.5,134.0
2026-08-20 22:40:00+00:00,4577.39990234375,4579.7998046875,4577.2998046875,4578.7001953125,264.0
2026-08-20 22:45:00+00:00,4578.89990234375,4579.7001953125,4575.5,4578.0,458.0
2026-08-20 22:50:00+00:00,4578.10009765625,4580.2001953125,4577.60009765625,4579.7001953125,122.0
2026-08-20 22:55:00+00:00,4579.5,4580.2001953125,4579.2998046875,4580.2001953125,106.0
2026-08-20 23:00:00+00:00,4579.89990234375,4585.7998046875,4579.39990234375,4585.10009765625,461.0
2026-08-20 23:05:00+00:00,4585.10009765625,4586.2001953125,4580.89990234375,4582.7001953125,538.0
2026-08-20 23:10:00+00:00,4583.2001953125,4589.0,4583.2001953125,4587.60009765625,364.0
2026-08-20 23:15:00+00:00,4587.5,4588.39990234375,4585.2998046875,4587.5,164.0
2026-08-20 23:20:00+00:00,4587.60009765625,4587.60009765625,4584.10009765625,4584.7998046875,152.0
2026-08-20 23:25:00+00:00,4584.89990234375,4586.39990234375,4578.5,4583.2001953125,666.0
2026-08-20 23:30:00+00:00,4582.89990234375,4584.5,4578.2998046875,4579.39990234375,477.0
2026-08-20 23:35:00+00:00,4579.39990234375,4580.5,4577.10009765625,4579.7001953125,248.0
2026-08-20 23:40:00+00:00,4580.60009765625,4581.39990234375,4579.89990234375,4580.7998046875,52.0
2026-08-20 23:45:00+00:00,4581.0,4583.7998046875,4579.2001953125,4583.5,118.0
2026-08-20 23:50:00+00:00,4583.2001953125,4584.2998046875,4582.10009765625,4584.2001953125,61.0
2026-08-20 23:55:00+00:00,4583.5,4584.10009765625,4581.89990234375,4582.2001953125,139.0
2026-08-21 00:00:00+00:00,4582.2998046875,4583.7001953125,4578.5,4578.7998046875,184.0
2026-08-21 00:05:00+00:00,4579.10009765625,4579.39990234375,4576.0,4576.39990234375,168.0
2026-08-21 00:10:00+00:00,4576.5,4579.5,4573.7998046875,4575.10009765625,449.0
2026-08-21 00:15:00+00:00,4574.89990234375,4576.39990234375,4571.0,4574.39990234375,401.0
2026-08-21 00:20:00+00:00,4574.2001953125,4575.7001953125,4573.0,4574.2998046875,159.0
2026-08-21 00:25:00+00:00,4575.0,4577.39990234375,4570.39990234375,4571.39990234375,299.0
2026-08-21 00:30:00+00:00,4571.89990234375,4573.89990234375,4569.7998046875,4571.2001953125,277.0
2026-08-21 00:35:00+00:00,4571.10009765625,4572.5,4568.39990234375,4569.39990234375,369.0
2026-08-21 00:40:00+00:00,4569.7001953125,4571.39990234375,4567.39990234375,4570.39990234375,280.0
2026-08-21 00:45:00+00:00,4570.7001953125,4570.89990234375,4566.7998046875,4568.60009765625,251.0
2026-08-21 00:50:00+00:00,4568.39990234375,4569.39990234375,4567.0,4568.10009765625,135.0
2026-08-21 00:55:00+00:00,4567.7998046875,4568.39990234375,4566.2998046875,4567.2001953125,154.0
2026-08-21 01:00:00+00:00,4567.2001953125,4574.10009765625,4565.5,4569.60009765625,831.0
2026-08-21 01:05:00+00:00,4570.0,4573.0,4568.89990234375,4570.39990234375,369.0
2026-08-21 01:10:00+00:00,4570.0,4577.7001953125,4568.7998046875,4577.39990234375,469.0
2026-08-21 01:15:00+00:00,4577.5,4583.5,4577.0,4580.89990234375,480.0
2026-08-21 01:20:00+00:00,4581.10009765625,4586.5,4578.60009765625,4583.10009765625,503.0
2026-08-21 01:25:00+00:00,4583.2998046875,4587.2998046875,4581.7998046875,4586.39990234375,354.0
2026-08-21 01:30:00+00:00,4585.89990234375,4596.7001953125,4585.10009765625,4594.0,1290.0
2026-08-21 01:35:00+00:00,4594.10009765625,4600.2998046875,4583.0,4584.7001953125,1482.0
2026-08-21 01:40:00+00:00,4585.2998046875,4585.39990234375,4579.7998046875,4582.39990234375,433.0
2026-08-21 01:45:00+00:00,4582.60009765625,4589.60009765625,4582.2001953125,4587.7001953125,442.0
2026-08-21 01:50:00+00:00,4587.7998046875,4588.7001953125,4581.7998046875,4582.39990234375,310.0
2026-08-21 01:55:00+00:00,4582.39990234375,4587.10009765625,4582.2998046875,4587.0,178.0
2026-08-21 02:00:00+00:00,4586.7998046875,4587.5,4577.60009765625,4578.39990234375,959.0
2026-08-21 02:05:00+00:00,4578.7998046875,4581.2998046875,4576.7998046875,4579.0,668.0
2026-08-21 02:10:00+00:00,4578.7998046875,4579.5,4574.0,4576.2998046875,669.0
2026-08-21 02:15:00+00:00,4577.2001953125,4578.2998046875,4576.10009765625,4578.2001953125,243.0
2026-08-21 02:20:00+00:00,4578.5,4583.2998046875,4578.0,4583.2001953125,223.0
2026-08-21 02:25:00+00:00,4583.2001953125,4585.2998046875,4582.0,4583.2998046875,238.0
2026-08-21 02:30:00+00:00,4583.89990234375,4586.7001953125,4581.2998046875,4582.2998046875,534.0
2026-08-21 02:35:00+00:00,4582.5,4588.0,4582.5,4587.39990234375,216.0
2026-08-21 02:40:00+00:00,4587.5,4594.0,4587.0,4593.7001953125,378.0
2026-08-21 02:45:00+00:00,4594.10009765625,4595.7001953125,4591.0,4595.2001953125,469.0
2026-08-21 02:50:00+00:00,4595.10009765625,4599.2001953125,4590.7001953125,4597.10009765625,582.0
2026-08-21 02:55:00+00:00,4597.2001953125,4597.5,4588.7001953125,4590.0,381.0
2026-08-21 03:00:00+00:00,4590.0,4594.7001953125,4589.2998046875,4589.5,336.0
2026-08-21 03:05:00+00:00,4590.0,4592.0,4588.2001953125,4590.89990234375,139.0
2026-08-21 03:10:00+00:00,4590.7001953125,4593.0,4588.60009765625,4588.89990234375,149.0
2026-08-21 03:15:00+00:00,4588.89990234375,4591.10009765625,4588.2001953125,4589.2001953125,204.0
2026-08-21 03:20:00+00:00,4589.10009765625,4591.2001953125,4589.10009765625,4590.0,146.0
2026-08-21 03:25:00+00:00,4590.0,4590.7998046875,4585.7001953125,4585.89990234375,234.0
2026-08-21 03:30:00+00:00,4585.89990234375,4591.7998046875,4585.39990234375,4591.60009765625,312.0
2026-08-21 03:35:00+00:00,4591.5,4591.5,4585.10009765625,4585.2998046875,201.0
2026-08-21 03:40:00+00:00,4585.0,4585.39990234375,4582.60009765625,4585.0,257.0
2026-08-21 03:45:00+00:00,4585.2001953125,4589.7998046875,4584.2001953125,4587.39990234375,341.0
2026-08-21 03:50:00+00:00,4587.7001953125,4589.2998046875,4586.89990234375,4589.2998046875,78.0
2026-08-21 03:55:00+00:00,4589.0,4590.89990234375,4588.2998046875,4590.89990234375,68.0
2026-08-21 04:00:00+00:00,4591.5,4595.5,4591.2001953125,4594.7001953125,376.0
2026-08-21 04:05:00+00:00,4594.5,4595.5,4592.10009765625,4594.2001953125,232.0
2026-08-21 04:10:00+00:00,4594.5,4598.5,4593.39990234375,4596.60009765625,375.0
2026-08-21 04:15:00+00:00,4596.39990234375,4597.2998046875,4594.0,4597.2998046875,230.0
2026-08-21 04:20:00+00:00,4597.2998046875,4602.39990234375,4597.2998046875,4599.60009765625,820.0
2026-08-21 04:25:00+00:00,4599.5,4603.89990234375,4598.89990234375,4603.2001953125,634.0
2026-08-21 04:30:00+00:00,4603.39990234375,4604.39990234375,4599.7001953125,4600.39990234375,734.0
2026-08-21 04:35:00+00:00,4601.0,4601.2001953125,4597.10009765625,4598.2001953125,228.0
2026-08-21 04:40:00+00:00,4598.10009765625,4599.60009765625,4597.0,4598.10009765625,159.0
2026-08-21 04:45:00+00:00,4598.0,4598.5,4596.60009765625,4597.2998046875,82.0
2026-08-21 04:50:00+00:00,4597.60009765625,4598.7001953125,4597.2001953125,4597.60009765625,68.0
2026-08-21 04:55:00+00:00,4597.5,4598.5,4596.2998046875,4596.7998046875,95.0
2026-08-21 05:00:00+00:00,4596.39990234375,4596.89990234375,4593.0,4594.10009765625,262.0
2026-08-21 05:05:00+00:00,4594.2001953125,4596.10009765625,4591.2001953125,4592.7998046875,412.0
2026-08-21 05:10:00+00:00,4593.2998046875,4594.0,4590.89990234375,4593.60009765625,394.0
2026-08-21 05:15:00+00:00,4593.7001953125,4595.0,4587.0,4590.0,749.0
2026-08-21 05:20:00+00:00,4590.2998046875,4591.0,4589.0,4590.10009765625,137.0
2026-08-21 05:25:00+00:00,4590.2998046875,4590.5,4586.7001953125,4586.7001953125,204.0
2026-08-21 05:30:00+00:00,4586.5,4594.5,4585.39990234375,4594.39990234375,460.0
2026-08-21 05:35:00+00:00,4594.5,4597.0,4591.7998046875,4592.39990234375,326.0
2026-08-21 05:40:00+00:00,4592.39990234375,4599.7001953125,4592.2001953125,4599.5,384.0
2026-08-21 05:45:00+00:00,4599.5,4602.7998046875,4597.7998046875,4602.39990234375,872.0
2026-08-21 05:50:00+00:00,4602.2998046875,4605.39990234375,4599.2001953125,4604.0,637.0
2026-08-21 05:55:00+00:00,4604.2998046875,4612.39990234375,4604.0,4610.10009765625,1071.0
2026-08-21 06:00:00+00:00,4609.89990234375,4611.5,4603.89990234375,4605.7998046875,765.0
2026-08-21 06:05:00+00:00,4605.60009765625,4608.0,4603.2001953125,4604.60009765625,312.0
2026-08-21 06:10:00+00:00,4604.60009765625,4606.39990234375,4601.7998046875,4605.2001953125,341.0
2026-08-21 06:15:00+00:00,4605.39990234375,4613.10009765625,4605.39990234375,4612.0,743.0
2026-08-21 06:20:00+00:00,4612.10009765625,4613.0,4606.39990234375,4606.89990234375,501.0
2026-08-21 06:25:00+00:00,4607.0,4615.10009765625,4606.39990234375,4612.2001953125,1452.0
2026-08-21 06:30:00+00:00,4612.0,4620.39990234375,4611.2998046875,4618.2001953125,1182.0
2026-08-21 06:35:00+00:00,4618.2001953125,4622.7998046875,4618.2001953125,4621.7998046875,979.0
2026-08-21 06:40:00+00:00,4621.60009765625,4621.89990234375,4617.39990234375,4619.5,1006.0
2026-08-21 06:45:00+00:00,4619.7001953125,4624.7001953125,4619.7001953125,4624.5,806.0
2026-08-21 06:50:00+00:00,4624.2998046875,4624.5,4621.2998046875,4621.5,500.0
2026-08-21 06:55:00+00:00,4621.5,4624.7001953125,4617.7998046875,4617.89990234375,545.0
2026-08-21 07:00:00+00:00,4617.7998046875,4623.0,4616.39990234375,4623.0,670.0
2026-08-21 07:05:00+00:00,4622.7998046875,4622.7998046875,4615.7998046875,4615.7998046875,819.0
2026-08-21 07:10:00+00:00,4615.7001953125,4618.7001953125,4615.39990234375,4618.39990234375,530.0
2026-08-21 07:15:00+00:00,4618.60009765625,4623.7998046875,4616.7001953125,4623.2001953125,596.0
2026-08-21 07:20:00+00:00,4623.2001953125,4624.7998046875,4619.89990234375,4620.7001953125,447.0
2026-08-21 07:25:00+00:00,4620.7001953125,4621.5,4617.60009765625,4618.60009765625,461.0
2026-08-21 07:30:00+00:00,4618.5,4621.7998046875,4617.2998046875,4619.2998046875,538.0
2026-08-21 07:35:00+00:00,4618.2998046875,4622.0,4617.0,4621.2001953125,373.0
2026-08-21 07:40:00+00:00,4621.7001953125,4623.5,4619.60009765625,4621.10009765625,273.0
2026-08-21 07:45:00+00:00,4621.39990234375,4625.0,4619.5,4623.10009765625,535.0
2026-08-21 07:50:00+00:00,4623.5,4624.0,4617.89990234375,4618.7998046875,258.0
2026-08-21 07:55:00+00:00,4618.7001953125,4622.2001953125,4618.10009765625,4621.0,390.0
2026-08-21 08:00:00+00:00,4621.39990234375,4623.5,4618.0,4618.2001953125,779.0
2026-08-21 08:05:00+00:00,4618.0,4619.39990234375,4615.7998046875,4618.5,383.0
2026-08-21 08:10:00+00:00,4618.39990234375,4625.0,4618.2998046875,4622.2998046875,928.0
2026-08-21 08:15:00+00:00,4622.60009765625,4630.60009765625,4620.7998046875,4629.60009765625,1692.0
2026-08-21 08:20:00+00:00,4629.60009765625,4636.2998046875,4628.7998046875,4634.5,1445.0
2026-08-21 08:25:00+00:00,4634.39990234375,4638.89990234375,4634.39990234375,4636.7001953125,1061.0
2026-08-21 08:30:00+00:00,4636.7001953125,4638.60009765625,4634.7001953125,4637.7998046875,839.0
2026-08-21 08:35:00+00:00,4638.0,4639.7001953125,4633.5,4636.5,1072.0
2026-08-21 08:40:00+00:00,4636.5,4641.2001953125,4636.0,4639.7001953125,913.0
2026-08-21 08:45:00+00:00,4639.60009765625,4640.39990234375,4637.39990234375,4638.0,287.0
2026-08-21 08:50:00+00:00,4638.0,4640.0,4637.0,4638.5,393.0
2026-08-21 08:55:00+00:00,4638.2998046875,4642.0,4637.10009765625,4641.0,546.0
2026-08-21 09:00:00+00:00,4641.10009765625,4642.89990234375,4638.89990234375,4642.89990234375,559.0
2026-08-21 09:05:00+00:00,4642.89990234375,4653.60009765625,4641.5,4653.39990234375,2810.0
2026-08-21 09:10:00+00:00,4652.7998046875,4659.0,4652.5,4656.7998046875,2176.0
2026-08-21 09:15:00+00:00,4656.89990234375,4659.39990234375,4650.39990234375,4650.7001953125,1448.0
2026-08-21 09:20:00+00:00,4650.2998046875,4650.60009765625,4641.89990234375,4644.2001953125,1564.0
2026-08-21 09:25:00+00:00,4644.10009765625,4644.89990234375,4638.2998046875,4639.60009765625,1021.0
2026-08-21 09:30:00+00:00,4639.2998046875,4641.89990234375,4639.10009765625,4640.10009765625,960.0
2026-08-21 09:35:00+00:00,4640.10009765625,4643.2998046875,4638.10009765625,4642.89990234375,727.0
2026-08-21 09:40:00+00:00,4643.10009765625,4644.2998046875,4639.0,4640.39990234375,642.0
2026-08-21 09:45:00+00:00,4640.2998046875,4641.0,4638.2001953125,4638.60009765625,811.0
2026-08-21 09:50:00+00:00,4638.60009765625,4641.2998046875,4637.60009765625,4641.2998046875,658.0
2026-08-21 09:55:00+00:00,4641.39990234375,4642.7998046875,4638.10009765625,4639.7001953125,460.0
2026-08-21 10:00:00+00:00,4639.39990234375,4646.0,4639.0,4642.10009765625,809.0
2026-08-21 10:05:00+00:00,4642.10009765625,4642.39990234375,4638.39990234375,4640.10009765625,1075.0
2026-08-21 10:10:00+00:00,4640.39990234375,4641.10009765625,4634.5,4635.7001953125,964.0
2026-08-21 10:15:00+00:00,4636.0,4644.2998046875,4635.2998046875,4641.2998046875,662.0
2026-08-21 10:20:00+00:00,4641.39990234375,4643.7998046875,4640.2001953125,4642.89990234375,500.0
2026-08-21 10:25:00+00:00,4643.10009765625,4646.39990234375,4642.7001953125,4645.60009765625,585.0
2026-08-21 10:30:00+00:00,4645.7998046875,4648.0,4642.7001953125,4648.0,357.0
2026-08-21 10:35:00+00:00,4647.60009765625,4650.7998046875,4646.7001953125,4650.7998046875,410.0
2026-08-21 10:40:00+00:00,4651.0,4651.60009765625,4648.2001953125,4650.39990234375,521.0
2026-08-21 10:45:00+00:00,4650.39990234375,4650.7001953125,4647.0,4647.7001953125,412.0
2026-08-21 10:50:00+00:00,4647.7001953125,4650.0,4645.5,4647.2998046875,654.0
2026-08-21 10:55:00+00:00,4647.39990234375,4648.0,4645.0,4645.7998046875,332.0
2026-08-21 11:00:00+00:00,4645.5,4652.39990234375,4644.2998046875,4651.2001953125,543.0
2026-08-21 11:05:00+00:00,4651.10009765625,4652.7998046875,4647.89990234375,4649.60009765625,497.0
2026-08-21 11:10:00+00:00,4649.60009765625,4650.39990234375,4645.5,4647.5,370.0
2026-08-21 11:15:00+00:00,4648.2001953125,4655.10009765625,4648.2001953125,4653.2998046875,692.0
2026-08-21 11:20:00+00:00,4653.7001953125,4659.2998046875,4653.10009765625,4655.39990234375,1267.0
2026-08-21 11:25:00+00:00,4654.89990234375,4657.10009765625,4652.89990234375,4655.7001953125,510.0
2026-08-21 11:30:00+00:00,4655.89990234375,4656.10009765625,4650.2998046875,4652.2001953125,570.0
2026-08-21 11:35:00+00:00,4652.2001953125,4661.7001953125,4652.2001953125,4654.60009765625,1094.0
2026-08-21 11:40:00+00:00,4654.2001953125,4655.0,4650.60009765625,4654.2998046875,704.0
2026-08-21 11:45:00+00:00,4654.2998046875,4657.7001953125,4653.7998046875,4657.10009765625,470.0
2026-08-21 11:50:00+00:00,4656.7998046875,4657.5,4653.0,4654.89990234375,849.0
2026-08-21 11:55:00+00:00,4655.2001953125,4656.10009765625,4653.5,4654.39990234375,384.0
2026-08-21 12:00:00+00:00,4654.7001953125,4659.10009765625,4651.0,4652.89990234375,1642.0
2026-08-21 12:05:00+00:00,4653.2001953125,4657.5,4649.0,4650.7001953125,1052.0
2026-08-21 12:10:00+00:00,4651.10009765625,4651.2001953125,4646.5,4650.0,1072.0
2026-08-21 12:15:00+00:00,4650.10009765625,4653.2001953125,4643.2001953125,4645.2001953125,1736.0
2026-08-21 12:20:00+00:00,4645.2998046875,4646.39990234375,4638.0,4642.7998046875,2179.0
2026-08-21 12:25:00+00:00,4642.7998046875,4644.0,4640.7998046875,4642.2001953125,399.0
2026-08-21 12:30:00+00:00,4642.0,4642.0,4633.39990234375,4634.89990234375,2502.0
2026-08-21 12:35:00+00:00,4635.0,4635.39990234375,4621.2001953125,4621.7998046875,2327.0
2026-08-21 12:40:00+00:00,4621.7998046875,4632.7998046875,4620.5,4630.5,2033.0
2026-08-21 12:45:00+00:00,4630.2998046875,4636.60009765625,4630.2001953125,4636.2998046875,1026.0
2026-08-21 12:50:00+00:00,4636.39990234375,4637.89990234375,4633.7998046875,4636.60009765625,1342.0
2026-08-21 12:55:00+00:00,4637.0,4637.89990234375,4631.39990234375,4634.7001953125,880.0
2026-08-21 13:00:00+00:00,4634.60009765625,4641.5,4632.5,4637.60009765625,1385.0
2026-08-21 13:05:00+00:00,4637.7001953125,4640.7998046875,4636.10009765625,4637.7001953125,654.0
2026-08-21 13:10:00+00:00,4637.7998046875,4643.89990234375,4637.0,4642.0,1041.0
2026-08-21 13:15:00+00:00,4642.39990234375,4644.7001953125,4636.5,4637.60009765625,650.0
2026-08-21 13:20:00+00:00,4637.39990234375,4643.7001953125,4635.89990234375,4640.0,534.0
2026-08-21 13:25:00+00:00,4639.89990234375,4642.2998046875,4638.39990234375,4641.10009765625,520.0
2026-08-21 13:30:00+00:00,4640.89990234375,4643.7998046875,4630.60009765625,4631.0,1546.0
2026-08-21 13:35:00+00:00,4630.7998046875,4647.89990234375,4630.0,4644.60009765625,2323.0
2026-08-21 13:40:00+00:00,4644.0,4647.7001953125,4641.10009765625,4645.0,1217.0
2026-08-21 13:45:00+00:00,4644.60009765625,4650.2001953125,4639.7001953125,4647.10009765625,1867.0
2026-08-21 13:50:00+00:00,4646.5,4648.0,4633.7998046875,4638.2998046875,1837.0
2026-08-21 13:55:00+00:00,4638.7001953125,4642.89990234375,4637.2001953125,4638.2998046875,1486.0
2026-08-21 14:00:00+00:00,4638.10009765625,4646.2001953125,4637.0,4645.60009765625,1878.0
2026-08-21 14:05:00+00:00,4645.7998046875,4647.7998046875,4640.10009765625,4644.2998046875,1180.0
2026-08-21 14:10:00+00:00,4644.39990234375,4646.60009765625,4641.60009765625,4646.2998046875,486.0
2026-08-21 14:15:00+00:00,4646.39990234375,4647.60009765625,4642.89990234375,4646.7001953125,795.0
2026-08-21 14:20:00+00:00,4646.39990234375,4654.5,4646.2998046875,4653.7998046875,2084.0
2026-08-21 14:25:00+00:00,4654.0,4659.7998046875,4654.0,4659.5,1651.0
2026-08-21 14:30:00+00:00,4659.7001953125,4660.2001953125,4646.5,4646.60009765625,1999.0
2026-08-21 14:35:00+00:00,4646.7001953125,4649.2001953125,4637.39990234375,4638.39990234375,2180.0
2026-08-21 14:40:00+00:00,4638.2998046875,4646.2001953125,4636.5,4639.0,2215.0
2026-08-21 14:45:00+00:00,4639.10009765625,4648.2998046875,4637.0,4647.89990234375,1390.0
2026-08-21 14:50:00+00:00,4648.0,4652.0,4644.89990234375,4646.5,1122.0
2026-08-21 14:55:00+00:00,4646.10009765625,4649.10009765625,4640.89990234375,4648.10009765625,896.0
2026-08-21 15:00:00+00:00,4648.5,4651.10009765625,4644.10009765625,4650.2001953125,812.0
2026-08-21 15:05:00+00:00,4650.2998046875,4655.10009765625,4649.10009765625,4651.0,1457.0
2026-08-21 15:10:00+00:00,4651.10009765625,4654.7001953125,4650.7998046875,4652.2001953125,699.0
2026-08-21 15:15:00+00:00,4652.2998046875,4656.2998046875,4652.0,4654.89990234375,793.0
2026-08-21 15:20:00+00:00,4654.7998046875,4660.10009765625,4652.5,4659.7001953125,1094.0
2026-08-21 15:25:00+00:00,4659.7998046875,4665.5,4657.39990234375,4660.2998046875,2402.0
2026-08-21 15:30:00+00:00,4660.2998046875,4663.7998046875,4657.0,4663.60009765625,938.0
2026-08-21 15:35:00+00:00,4663.60009765625,4666.0,4662.5,4664.2001953125,1119.0
2026-08-21 15:40:00+00:00,4664.0,4668.2001953125,4663.10009765625,4666.89990234375,1112.0
2026-08-21 15:45:00+00:00,4667.2001953125,4669.0,4664.2001953125,4665.10009765625,851.0
2026-08-21 15:50:00+00:00,4665.2001953125,4673.0,4664.7001953125,4671.39990234375,1259.0
2026-08-21 15:55:00+00:00,4671.5,4672.7998046875,4668.2001953125,4672.0,844.0
2026-08-21 16:00:00+00:00,4672.10009765625,4675.0,4670.5,4674.2998046875,907.0
2026-08-21 16:05:00+00:00,4674.2001953125,4674.5,4666.2998046875,4667.60009765625,1189.0
2026-08-21 16:10:00+00:00,4667.7998046875,4673.39990234375,4667.60009765625,4672.10009765625,580.0
2026-08-21 16:15:00+00:00,4672.10009765625,4673.5,4671.10009765625,4671.60009765625,468.0
2026-08-21 16:20:00+00:00,4671.39990234375,4678.39990234375,4668.7001953125,4670.2001953125,1568.0
2026-08-21 16:25:00+00:00,4670.2998046875,4672.0,4667.7998046875,4671.60009765625,525.0
2026-08-21 16:30:00+00:00,4671.7001953125,4673.7001953125,4669.7998046875,4673.2001953125,526.0
2026-08-21 16:35:00+00:00,4672.89990234375,4678.5,4672.0,4676.7001953125,1169.0
2026-08-21 16:40:00+00:00,4676.7998046875,4679.60009765625,4674.89990234375,4678.89990234375,838.0
2026-08-21 16:45:00+00:00,4678.89990234375,4682.2998046875,4678.39990234375,4681.10009765625,688.0
2026-08-21 16:50:00+00:00,4681.2001953125,4685.0,4681.2001953125,4684.89990234375,1049.0
2026-08-21 16:55:00+00:00,4684.7998046875,4687.2001953125,4683.2998046875,4686.60009765625,1278.0
2026-08-21 17:00:00+00:00,4686.7001953125,4689.0,4684.60009765625,4685.60009765625,1453.0
2026-08-21 17:05:00+00:00,4685.7001953125,4690.39990234375,4684.0,4689.0,1304.0
2026-08-21 17:10:00+00:00,4688.7998046875,4689.7998046875,4679.7001953125,4681.39990234375,2070.0
2026-08-21 17:15:00+00:00,4681.2998046875,4684.2001953125,4680.10009765625,4681.5,1131.0
2026-08-21 17:20:00+00:00,4681.2001953125,4682.7001953125,4673.39990234375,4676.39990234375,2103.0
2026-08-21 17:25:00+00:00,4676.39990234375,4683.0,4673.60009765625,4680.10009765625,2512.0
2026-08-21 17:30:00+00:00,4680.39990234375,4680.5,4677.60009765625,4678.60009765625,650.0
2026-08-21 17:35:00+00:00,4678.89990234375,4683.10009765625,4678.7998046875,4680.89990234375,528.0
2026-08-21 17:40:00+00:00,4680.7998046875,4682.89990234375,4676.89990234375,4677.7001953125,986.0
2026-08-21 17:45:00+00:00,4678.0,4678.2001953125,4675.10009765625,4676.2001953125,898.0
2026-08-21 17:50:00+00:00,4677.0,4680.7001953125,4676.2001953125,4677.7998046875,825.0
2026-08-21 17:55:00+00:00,4677.89990234375,4679.60009765625,4677.5,4678.7001953125,237.0
2026-08-21 18:00:00+00:00,4679.0,4684.39990234375,4678.60009765625,4684.39990234375,387.0
2026-08-21 18:05:00+00:00,4684.2998046875,4685.89990234375,4682.39990234375,4684.0,671.0
2026-08-21 18:10:00+00:00,4684.10009765625,4684.2998046875,4681.39990234375,4682.5,210.0
2026-08-21 18:15:00+00:00,4682.5,4685.2998046875,4682.5,4684.89990234375,179.0
2026-08-21 18:20:00+00:00,4684.7998046875,4685.7998046875,4683.7001953125,4684.5,170.0
2026-08-21 18:25:00+00:00,4684.7001953125,4686.10009765625,4682.7001953125,4683.5,289.0
2026-08-21 18:30:00+00:00,4683.2998046875,4683.2998046875,4677.60009765625,4680.2001953125,1184.0
2026-08-21 18:35:00+00:00,4680.5,4681.10009765625,4677.5,4677.7001953125,347.0
2026-08-21 18:40:00+00:00,4678.0,4679.2998046875,4678.0,4678.5,176.0
2026-08-21 18:45:00+00:00,4678.7998046875,4684.0,4678.7998046875,4682.2998046875,777.0
2026-08-21 18:50:00+00:00,4682.39990234375,4682.60009765625,4680.5,4682.39990234375,164.0
2026-08-21 18:55:00+00:00,4682.39990234375,4682.39990234375,4680.7998046875,4681.7998046875,401.0
2026-08-21 19:00:00+00:00,4682.10009765625,4683.10009765625,4678.7998046875,4679.2998046875,432.0
2026-08-21 19:05:00+00:00,4679.2998046875,4679.7998046875,4675.89990234375,4678.60009765625,539.0
2026-08-21 19:10:00+00:00,4678.39990234375,4680.7998046875,4678.0,4680.0,188.0
2026-08-21 19:15:00+00:00,4680.2001953125,4680.2001953125,4677.5,4679.7998046875,364.0
2026-08-21 19:20:00+00:00,4679.7001953125,4680.39990234375,4679.2001953125,4679.5,235.0
2026-08-21 19:25:00+00:00,4679.7001953125,4680.10009765625,4675.2998046875,4675.60009765625,352.0
2026-08-21 19:30:00+00:00,4675.5,4676.89990234375,4674.0,4674.10009765625,345.0
2026-08-21 19:35:00+00:00,4674.39990234375,4675.60009765625,4673.0,4674.89990234375,335.0
2026-08-21 19:40:00+00:00,4675.39990234375,4676.7998046875,4675.0,4675.39990234375,310.0
2026-08-21 19:45:00+00:00,4675.39990234375,4680.2998046875,4674.5,4680.10009765625,487.0
2026-08-21 19:50:00+00:00,4679.7001953125,4680.60009765625,4678.2998046875,4679.89990234375,364.0
2026-08-21 19:55:00+00:00,4679.60009765625,4679.7001953125,4673.0,4674.7001953125,717.0
2026-08-21 20:00:00+00:00,4674.60009765625,4674.7998046875,4672.60009765625,4674.7998046875,245.0
2026-08-21 20:05:00+00:00,4674.7001953125,4675.39990234375,4673.0,4673.7001953125,201.0
2026-08-21 20:10:00+00:00,4674.10009765625,4675.2001953125,4673.5,4674.60009765625,153.0
2026-08-21 20:15:00+00:00,4674.39990234375,4675.0,4668.7001953125,4670.10009765625,329.0
2026-08-21 20:20:00+00:00,4670.2998046875,4670.7998046875,4667.7001953125,4668.5,129.0
2026-08-21 20:25:00+00:00,4668.60009765625,4669.2001953125,4667.60009765625,4668.0,128.0
2026-08-21 20:30:00+00:00,4668.0,4669.39990234375,4667.5,4668.5,132.0
2026-08-21 20:35:00+00:00,4668.10009765625,4669.60009765625,4665.39990234375,4666.0,174.0
2026-08-21 20:40:00+00:00,4666.0,4667.39990234375,4665.60009765625,4665.7998046875,104.0
2026-08-21 20:45:00+00:00,4665.60009765625,4666.39990234375,4661.0,4664.0,355.0
2026-08-21 20:50:00+00:00,4663.5,4664.89990234375,4661.39990234375,4663.2001953125,298.0
2026-08-21 20:55:00+00:00,4663.2001953125,4680.60009765625,4661.0,4680.60009765625,332.0
2026-08-23 22:10:00+00:00,4675.39990234375,4679.10009765625,4673.7998046875,4675.39990234375,241.0
2026-08-23 22:15:00+00:00,4675.10009765625,4675.7998046875,4670.60009765625,4675.7998046875,222.0
2026-08-23 22:20:00+00:00,4675.89990234375,4678.7001953125,4672.89990234375,4674.89990234375,280.0
2026-08-23 22:25:00+00:00,4674.7998046875,4674.7998046875,4670.2001953125,4671.60009765625,211.0
2026-08-23 22:30:00+00:00,4671.10009765625,4674.2001953125,4670.7998046875,4671.60009765625,238.0
2026-08-23 22:35:00+00:00,4672.0,4673.89990234375,4668.7998046875,4668.89990234375,185.0
2026-08-23 22:40:00+00:00,4668.89990234375,4669.5,4664.0,4667.5,298.0
2026-08-23 22:45:00+00:00,4667.60009765625,4668.0,4664.2998046875,4665.89990234375,165.0
2026-08-23 22:50:00+00:00,4665.60009765625,4666.2001953125,4664.10009765625,4665.10009765625,112.0
2026-08-23 22:55:00+00:00,4664.89990234375,4665.0,4663.0,4663.10009765625,110.0
2026-08-23 23:00:00+00:00,4663.5,4666.2998046875,4662.10009765625,4664.60009765625,232.0
2026-08-23 23:05:00+00:00,4664.39990234375,4665.0,4661.89990234375,4665.0,123.0
2026-08-23 23:10:00+00:00,4665.0,4666.5,4664.7998046875,4665.0,118.0
2026-08-23 23:15:00+00:00,4664.7998046875,4665.2998046875,4664.0,4664.60009765625,135.0
2026-08-23 23:20:00+00:00,4665.0,4670.7001953125,4664.7998046875,4669.39990234375,427.0
2026-08-23 23:25:00+00:00,4669.7998046875,4673.89990234375,4668.39990234375,4672.60009765625,333.0
2026-08-23 23:30:00+00:00,4672.39990234375,4675.7001953125,4671.39990234375,4675.2998046875,261.0
2026-08-23 23:35:00+00:00,4675.10009765625,4676.2998046875,4670.7001953125,4670.7998046875,347.0
2026-08-23 23:40:00+00:00,4670.7998046875,4671.7001953125,4664.7998046875,4665.5,406.0
2026-08-23 23:45:00+00:00,4665.7001953125,4672.39990234375,4665.39990234375,4672.10009765625,320.0
2026-08-23 23:50:00+00:00,4672.2998046875,4679.7998046875,4672.2998046875,4679.60009765625,574.0
2026-08-23 23:55:00+00:00,4679.60009765625,4682.0,4679.39990234375,4681.60009765625,272.0
2026-08-24 00:00:00+00:00,4681.60009765625,4685.5,4677.7998046875,4684.7998046875,615.0
2026-08-24 00:05:00+00:00,4685.0,4696.7998046875,4685.0,4692.2001953125,1618.0
2026-08-24 00:10:00+00:00,4692.2001953125,4698.60009765625,4691.2998046875,4694.89990234375,831.0
2026-08-24 00:15:00+00:00,4694.7998046875,4698.10009765625,4686.2001953125,4686.89990234375,682.0
2026-08-24 00:20:00+00:00,4687.10009765625,4687.60009765625,4669.39990234375,4670.0,1107.0
2026-08-24 00:25:00+00:00,4670.10009765625,4670.2001953125,4651.7998046875,4661.60009765625,1664.0
2026-08-24 00:30:00+00:00,4661.60009765625,4666.0,4659.5,4659.5,536.0
2026-08-24 00:35:00+00:00,4659.60009765625,4665.7998046875,4658.2001953125,4658.5,827.0
2026-08-24 00:40:00+00:00,4658.60009765625,4664.39990234375,4658.2998046875,4664.10009765625,238.0
2026-08-24 00:45:00+00:00,4663.10009765625,4672.39990234375,4660.89990234375,4671.10009765625,675.0
2026-08-24 00:50:00+00:00,4670.89990234375,4674.5,4668.60009765625,4674.0,298.0
2026-08-24 00:55:00+00:00,4674.2998046875,4680.2998046875,4672.7998046875,4678.7998046875,502.0
2026-08-24 01:00:00+00:00,4679.0,4692.0,4675.7001953125,4678.7998046875,1926.0
2026-08-24 01:05:00+00:00,4680.0,4686.2998046875,4676.7998046875,4680.0,699.0
2026-08-24 01:10:00+00:00,4680.2001953125,4684.60009765625,4678.7001953125,4679.10009765625,402.0
2026-08-24 01:15:00+00:00,4679.0,4682.60009765625,4673.60009765625,4678.60009765625,549.0
2026-08-24 01:20:00+00:00,4678.39990234375,4678.7001953125,4667.89990234375,4671.60009765625,574.0
2026-08-24 01:25:00+00:00,4671.60009765625,4674.89990234375,4669.0,4671.39990234375,608.0
2026-08-24 01:30:00+00:00,4671.5,4671.5,4664.60009765625,4671.2998046875,449.0
2026-08-24 01:35:00+00:00,4671.2998046875,4677.7001953125,4669.0,4670.2998046875,809.0
2026-08-24 01:40:00+00:00,4670.39990234375,4675.0,4664.60009765625,4674.60009765625,422.0
2026-08-24 01:45:00+00:00,4674.7998046875,4675.39990234375,4671.5,4675.39990234375,263.0
2026-08-24 01:50:00+00:00,4676.0,4686.60009765625,4676.0,4685.2998046875,955.0
2026-08-24 01:55:00+00:00,4685.10009765625,4694.2998046875,4683.0,4688.60009765625,1246.0
2026-08-24 02:00:00+00:00,4688.7001953125,4695.2998046875,4684.39990234375,4693.60009765625,902.0
2026-08-24 02:05:00+00:00,4693.7001953125,4700.0,4690.7001953125,4699.2001953125,760.0
2026-08-24 02:10:00+00:00,4699.60009765625,4709.0,4699.0,4707.5,1761.0
2026-08-24 02:15:00+00:00,4707.10009765625,4712.2998046875,4706.2001953125,4711.0,695.0
2026-08-24 02:20:00+00:00,4711.2001953125,4712.0,4706.2001953125,4711.10009765625,660.0
2026-08-24 02:25:00+00:00,4710.60009765625,4712.39990234375,4706.5,4712.2998046875,415.0
2026-08-24 02:30:00+00:00,4712.39990234375,4713.7998046875,4706.5,4708.7001953125,755.0
2026-08-24 02:35:00+00:00,4708.89990234375,4710.7998046875,4701.89990234375,4702.5,721.0
2026-08-24 02:40:00+00:00,4702.0,4702.89990234375,4694.60009765625,4694.89990234375,674.0
2026-08-24 02:45:00+00:00,4694.60009765625,4695.0,4684.2998046875,4685.5,1265.0
2026-08-24 02:50:00+00:00,4685.39990234375,4695.0,4684.7998046875,4695.0,790.0
2026-08-24 02:55:00+00:00,4694.7998046875,4701.5,4694.2001953125,4700.39990234375,585.0
2026-08-24 03:00:00+00:00,4700.39990234375,4700.7001953125,4694.7001953125,4696.89990234375,368.0
2026-08-24 03:05:00+00:00,4696.5,4696.5,4691.5,4694.5,357.0
2026-08-24 03:10:00+00:00,4694.5,4696.39990234375,4690.0,4694.10009765625,319.0
2026-08-24 03:15:00+00:00,4694.2001953125,4698.0,4693.7998046875,4695.0,167.0
2026-08-24 03:20:00+00:00,4695.39990234375,4700.5,4691.7998046875,4698.60009765625,369.0
2026-08-24 03:25:00+00:00,4699.5,4705.10009765625,4699.2001953125,4700.5,426.0
2026-08-24 03:30:00+00:00,4700.60009765625,4704.7001953125,4700.60009765625,4704.7001953125,271.0
2026-08-24 03:35:00+00:00,4704.7001953125,4707.0,4703.5,4704.10009765625,326.0
2026-08-24 03:40:00+00:00,4704.39990234375,4705.0,4699.60009765625,4700.0,229.0
2026-08-24 03:45:00+00:00,4699.7998046875,4701.89990234375,4699.10009765625,4699.60009765625,155.0
2026-08-24 03:50:00+00:00,4699.7001953125,4701.5,4697.7001953125,4698.10009765625,166.0
2026-08-24 03:55:00+00:00,4698.10009765625,4700.39990234375,4696.7998046875,4698.2001953125,352.0
2026-08-24 04:00:00+00:00,4698.2001953125,4699.0,4694.10009765625,4696.2998046875,326.0
2026-08-24 04:05:00+00:00,4695.7998046875,4695.7998046875,4688.89990234375,4690.2001953125,498.0
2026-08-24 04:10:00+00:00,4690.0,4695.0,4689.39990234375,4694.7001953125,242.0
2026-08-24 04:15:00+00:00,4694.7001953125,4697.10009765625,4690.7998046875,4695.7998046875,222.0
2026-08-24 04:20:00+00:00,4696.2998046875,4696.5,4693.39990234375,4693.39990234375,163.0
2026-08-24 04:25:00+00:00,4694.10009765625,4698.10009765625,4694.0,4696.60009765625,211.0
2026-08-24 04:30:00+00:00,4696.60009765625,4697.0,4689.10009765625,4691.2998046875,177.0
2026-08-24 04:35:00+00:00,4691.5,4693.60009765625,4691.0,4692.89990234375,141.0
2026-08-24 04:40:00+00:00,4693.2001953125,4694.60009765625,4691.2998046875,4694.39990234375,80.0
2026-08-24 04:45:00+00:00,4694.10009765625,4695.2998046875,4692.0,4692.60009765625,105.0
2026-08-24 04:50:00+00:00,4692.7001953125,4696.2998046875,4692.0,4696.0,146.0
2026-08-24 04:55:00+00:00,4696.2001953125,4696.39990234375,4693.39990234375,4695.2001953125,89.0
2026-08-24 05:00:00+00:00,4695.7998046875,4698.0,4694.89990234375,4696.0,232.0
2026-08-24 05:05:00+00:00,4695.7998046875,4698.7998046875,4695.7998046875,4696.10009765625,221.0
2026-08-24 05:10:00+00:00,4696.10009765625,4699.39990234375,4695.60009765625,4699.10009765625,115.0
2026-08-24 05:15:00+00:00,4699.5,4702.5,4697.5,4699.0,316.0
2026-08-24 05:20:00+00:00,4699.2001953125,4699.2001953125,4694.10009765625,4694.39990234375,252.0
2026-08-24 05:25:00+00:00,4694.2998046875,4698.2998046875,4692.2001953125,4692.2001953125,249.0
2026-08-24 05:30:00+00:00,4692.0,4695.60009765625,4685.5,4688.7998046875,990.0
2026-08-24 05:35:00+00:00,4688.89990234375,4695.0,4687.0,4689.2998046875,446.0
2026-08-24 05:40:00+00:00,4689.2998046875,4691.60009765625,4687.5,4689.39990234375,307.0
2026-08-24 05:45:00+00:00,4689.2001953125,4694.5,4686.2998046875,4694.5,440.0
2026-08-24 05:50:00+00:00,4694.7998046875,4699.2998046875,4692.60009765625,4694.7001953125,320.0
2026-08-24 05:55:00+00:00,4694.7998046875,4697.60009765625,4693.89990234375,4697.2998046875,180.0
2026-08-24 06:00:00+00:00,4697.5,4702.2998046875,4695.7998046875,4701.10009765625,462.0
2026-08-24 06:05:00+00:00,4701.2001953125,4708.0,4699.39990234375,4705.39990234375,847.0
2026-08-24 06:10:00+00:00,4705.5,4708.7998046875,4703.5,4708.2001953125,434.0
2026-08-24 06:15:00+00:00,4708.5,4716.7001953125,4708.5,4712.7001953125,1905.0
2026-08-24 06:20:00+00:00,4713.2001953125,4715.0,4702.89990234375,4706.60009765625,906.0
2026-08-24 06:25:00+00:00,4706.2998046875,4706.5,4697.39990234375,4698.7001953125,753.0
2026-08-24 06:30:00+00:00,4699.2998046875,4708.89990234375,4698.60009765625,4706.89990234375,483.0
2026-08-24 06:35:00+00:00,4707.2998046875,4710.10009765625,4706.89990234375,4707.89990234375,345.0
2026-08-24 06:40:00+00:00,4707.7998046875,4708.2998046875,4698.39990234375,4699.5,748.0
2026-08-24 06:45:00+00:00,4699.5,4706.2998046875,4699.0,4706.2001953125,456.0
2026-08-24 06:50:00+00:00,4706.10009765625,4710.10009765625,4702.0,4707.2998046875,616.0
2026-08-24 06:55:00+00:00,4707.7001953125,4707.7001953125,4705.2001953125,4706.7001953125,374.0
2026-08-24 07:00:00+00:00,4706.39990234375,4711.0,4703.7998046875,4705.10009765625,458.0
2026-08-24 07:05:00+00:00,4705.10009765625,4706.5,4700.60009765625,4702.7001953125,556.0
2026-08-24 07:10:00+00:00,4703.0,4705.7001953125,4700.7998046875,4704.39990234375,381.0
2026-08-24 07:15:00+00:00,4704.0,4706.2001953125,4698.60009765625,4701.7001953125,425.0
2026-08-24 07:20:00+00:00,4701.89990234375,4703.7998046875,4698.39990234375,4698.89990234375,283.0
2026-08-24 07:25:00+00:00,4699.2998046875,4703.2001953125,4698.0,4699.0,295.0
2026-08-24 07:30:00+00:00,4698.39990234375,4702.60009765625,4697.2001953125,4702.39990234375,351.0
2026-08-24 07:35:00+00:00,4702.5,4704.0,4698.89990234375,4700.39990234375,353.0
2026-08-24 07:40:00+00:00,4700.7001953125,4700.89990234375,4690.5,4690.60009765625,1237.0
2026-08-24 07:45:00+00:00,4691.10009765625,4691.39990234375,4686.2001953125,4687.39990234375,1638.0
2026-08-24 07:50:00+00:00,4687.39990234375,4692.89990234375,4686.0,4691.10009765625,589.0
2026-08-24 07:55:00+00:00,4691.7001953125,4699.7001953125,4691.39990234375,4697.39990234375,728.0
2026-08-24 08:00:00+00:00,4697.7998046875,4699.60009765625,4692.2001953125,4696.39990234375,708.0
2026-08-24 08:05:00+00:00,4697.39990234375,4702.0,4692.39990234375,4694.10009765625,739.0
2026-08-24 08:10:00+00:00,4694.2001953125,4696.39990234375,4691.39990234375,4692.7001953125,469.0
2026-08-24 08:15:00+00:00,4693.0,4693.5,4687.10009765625,4691.2998046875,445.0
2026-08-24 08:20:00+00:00,4692.0,4694.2998046875,4690.2998046875,4691.7998046875,222.0
2026-08-24 08:25:00+00:00,4691.7998046875,4696.2001953125,4684.7998046875,4684.7998046875,1534.0
2026-08-24 08:30:00+00:00,4685.0,4690.10009765625,4684.2001953125,4690.10009765625,975.0
2026-08-24 08:35:00+00:00,4690.0,4693.2001953125,4689.2998046875,4693.10009765625,276.0
2026-08-24 08:40:00+00:00,4692.89990234375,4701.7998046875,4691.7998046875,4700.89990234375,891.0
2026-08-24 08:45:00+00:00,4701.2998046875,4702.0,4697.89990234375,4699.2001953125,562.0
2026-08-24 08:50:00+00:00,4699.5,4700.2001953125,4695.89990234375,4697.2998046875,257.0
2026-08-24 08:55:00+00:00,4697.5,4698.2001953125,4691.2001953125,4693.5,389.0
2026-08-24 09:00:00+00:00,4693.7001953125,4698.7001953125,4692.89990234375,4697.7998046875,772.0
2026-08-24 09:05:00+00:00,4698.10009765625,4700.2998046875,4695.60009765625,4697.7998046875,873.0
2026-08-24 09:10:00+00:00,4697.89990234375,4699.2998046875,4694.60009765625,4697.2998046875,430.0
2026-08-24 09:15:00+00:00,4697.2001953125,4697.2001953125,4690.2998046875,4691.89990234375,703.0
2026-08-24 09:20:00+00:00,4692.0,4694.7001953125,4691.2998046875,4692.7998046875,346.0
2026-08-24 09:25:00+00:00,4692.2001953125,4694.2001953125,4690.89990234375,4691.39990234375,730.0
2026-08-24 09:30:00+00:00,4691.60009765625,4696.60009765625,4690.0,4691.0,1235.0
2026-08-24 09:35:00+00:00,4691.2001953125,4693.10009765625,4688.7998046875,4692.7998046875,654.0
2026-08-24 09:40:00+00:00,4693.10009765625,4695.89990234375,4692.5,4695.2998046875,471.0
2026-08-24 09:45:00+00:00,4695.2998046875,4701.39990234375,4695.2001953125,4700.39990234375,651.0
2026-08-24 09:50:00+00:00,4700.2998046875,4701.7998046875,4698.10009765625,4700.89990234375,419.0
2026-08-24 09:55:00+00:00,4700.7001953125,4702.7001953125,4699.7001953125,4702.39990234375,351.0
2026-08-24 10:00:00+00:00,4702.39990234375,4706.60009765625,4702.39990234375,4705.7001953125,687.0
2026-08-24 10:05:00+00:00,4705.89990234375,4707.0,4703.0,4704.0,679.0
2026-08-24 10:10:00+00:00,4704.2998046875,4707.0,4702.5,4704.89990234375,556.0
2026-08-24 10:15:00+00:00,4705.2998046875,4705.60009765625,4703.2001953125,4703.60009765625,261.0
2026-08-24 10:20:00+00:00,4704.2001953125,4704.39990234375,4699.89990234375,4701.7998046875,372.0
2026-08-24 10:25:00+00:00,4701.7998046875,4703.2001953125,4699.2001953125,4700.7001953125,433.0
2026-08-24 10:30:00+00:00,4700.39990234375,4702.7998046875,4699.89990234375,4702.5,216.0
2026-08-24 10:35:00+00:00,4702.60009765625,4706.39990234375,4700.10009765625,4705.2998046875,476.0
2026-08-24 10:40:00+00:00,4705.0,4705.89990234375,4701.10009765625,4701.2998046875,389.0
2026-08-24 10:45:00+00:00,4701.39990234375,4702.5,4698.60009765625,4702.5,572.0
2026-08-24 10:50:00+00:00,4702.7001953125,4704.2998046875,4701.5,4703.0,337.0
2026-08-24 10:55:00+00:00,4702.89990234375,4703.7998046875,4699.7001953125,4700.2998046875,474.0
2026-08-24 11:00:00+00:00,4700.10009765625,4703.89990234375,4697.0,4702.60009765625,620.0
2026-08-24 11:05:00+00:00,4703.5,4703.5,4696.89990234375,4697.5,641.0
2026-08-24 11:10:00+00:00,4697.39990234375,4701.89990234375,4696.2001953125,4699.2001953125,389.0
2026-08-24 11:15:00+00:00,4699.60009765625,4702.60009765625,4698.7001953125,4701.89990234375,292.0
2026-08-24 11:20:00+00:00,4702.10009765625,4703.2001953125,4697.89990234375,4698.60009765625,378.0
2026-08-24 11:25:00+00:00,4698.2998046875,4705.39990234375,4698.0,4704.0,448.0
2026-08-24 11:30:00+00:00,4704.10009765625,4709.60009765625,4700.89990234375,4709.5,836.0
2026-08-24 11:35:00+00:00,4709.10009765625,4728.2998046875,4708.0,4718.39990234375,4943.0
2026-08-24 11:40:00+00:00,4718.5,4724.60009765625,4711.60009765625,4716.7001953125,2322.0
2026-08-24 11:45:00+00:00,4716.89990234375,4719.2001953125,4705.60009765625,4706.60009765625,1228.0
2026-08-24 11:50:00+00:00,4706.7001953125,4717.89990234375,4705.7998046875,4716.89990234375,1297.0
2026-08-24 11:55:00+00:00,4716.89990234375,4717.39990234375,4713.0,4715.0,530.0
2026-08-24 12:00:00+00:00,4715.2001953125,4716.2001953125,4707.5,4709.89990234375,770.0
2026-08-24 12:05:00+00:00,4709.89990234375,4714.0,4707.39990234375,4712.2998046875,496.0
2026-08-24 12:10:00+00:00,4712.5,4717.7998046875,4711.5,4715.5,757.0
2026-08-24 12:15:00+00:00,4714.7001953125,4714.7001953125,4709.39990234375,4710.7998046875,424.0
2026-08-24 12:20:00+00:00,4710.60009765625,4717.5,4709.0,4715.0,1012.0
2026-08-24 12:25:00+00:00,4715.10009765625,4720.5,4712.39990234375,4719.39990234375,784.0
2026-08-24 12:30:00+00:00,4719.39990234375,4719.39990234375,4702.0,4712.2001953125,2153.0
2026-08-24 12:35:00+00:00,4712.0,4721.7001953125,4712.0,4720.5,822.0
2026-08-24 12:40:00+00:00,4720.7998046875,4726.89990234375,4712.7998046875,4715.0,1473.0
2026-08-24 12:45:00+00:00,4715.2998046875,4719.7001953125,4711.89990234375,4719.7001953125,697.0
2026-08-24 12:50:00+00:00,4719.5,4724.89990234375,4718.7998046875,4724.7001953125,734.0
2026-08-24 12:55:00+00:00,4724.89990234375,4725.2001953125,4719.2001953125,4720.7001953125,561.0
2026-08-24 13:00:00+00:00,4720.89990234375,4729.10009765625,4719.2998046875,4724.60009765625,1116.0
2026-08-24 13:05:00+00:00,4725.2998046875,4732.0,4724.7998046875,4731.39990234375,1056.0
2026-08-24 13:10:00+00:00,4731.2001953125,4735.7001953125,4731.0,4735.0,1588.0
2026-08-24 13:15:00+00:00,4734.89990234375,4735.89990234375,4729.0,4729.7998046875,840.0
2026-08-24 13:20:00+00:00,4729.7998046875,4730.2998046875,4725.10009765625,4728.2998046875,951.0
2026-08-24 13:25:00+00:00,4728.2001953125,4732.10009765625,4725.60009765625,4730.10009765625,905.0
2026-08-24 13:30:00+00:00,4730.10009765625,4737.7998046875,4727.60009765625,4737.2998046875,1887.0
2026-08-24 13:35:00+00:00,4737.2001953125,4738.5,4724.10009765625,4724.39990234375,2013.0
2026-08-24 13:40:00+00:00,4724.2998046875,4731.60009765625,4715.60009765625,4716.0,2181.0
2026-08-24 13:45:00+00:00,4715.7998046875,4735.60009765625,4713.2998046875,4731.10009765625,2181.0
2026-08-24 13:50:00+00:00,4731.2001953125,4733.2998046875,4715.2001953125,4724.2001953125,2287.0
2026-08-24 13:55:00+00:00,4724.2001953125,4726.2998046875,4716.10009765625,4721.7998046875,1752.0
2026-08-24 14:00:00+00:00,4721.5,4725.10009765625,4717.0,4719.7001953125,1590.0
2026-08-24 14:05:00+00:00,4720.2998046875,4727.89990234375,4719.7001953125,4727.7001953125,1406.0
2026-08-24 14:10:00+00:00,4727.5,4729.2001953125,4718.2998046875,4722.5,1209.0
2026-08-24 14:15:00+00:00,4722.2998046875,4722.7998046875,4712.0,4722.2001953125,1817.0
2026-08-24 14:20:00+00:00,4722.60009765625,4727.0,4721.7001953125,4723.7001953125,976.0
2026-08-24 14:25:00+00:00,4723.60009765625,4732.2001953125,4723.2998046875,4729.0,988.0
2026-08-24 14:30:00+00:00,4729.10009765625,4734.7001953125,4727.7998046875,4733.89990234375,1024.0
2026-08-24 14:35:00+00:00,4734.10009765625,4736.10009765625,4732.0,4732.89990234375,976.0
2026-08-24 14:40:00+00:00,4733.2998046875,4735.2998046875,4726.39990234375,4729.2001953125,1156.0
2026-08-24 14:45:00+00:00,4729.5,4730.7001953125,4721.7001953125,4722.7001953125,859.0
2026-08-24 14:50:00+00:00,4723.2001953125,4725.7001953125,4714.0,4725.60009765625,2611.0
2026-08-24 14:55:00+00:00,4725.5,4733.2998046875,4724.2001953125,4727.60009765625,1357.0
2026-08-24 15:00:00+00:00,4727.7998046875,4734.0,4722.60009765625,4732.7001953125,1302.0
2026-08-24 15:05:00+00:00,4733.0,4733.60009765625,4730.0,4730.60009765625,626.0
2026-08-24 15:10:00+00:00,4730.7998046875,4732.2998046875,4728.2998046875,4730.2998046875,469.0
2026-08-24 15:15:00+00:00,4730.2998046875,4731.10009765625,4726.7001953125,4730.5,928.0
2026-08-24 15:20:00+00:00,4730.5,4730.5,4725.2998046875,4727.10009765625,602.0
2026-08-24 15:25:00+00:00,4727.5,4737.0,4726.5,4733.0,1610.0
2026-08-24 15:30:00+00:00,4733.10009765625,4735.2001953125,4727.10009765625,4729.5,1287.0
2026-08-24 15:35:00+00:00,4729.7998046875,4731.7001953125,4724.39990234375,4725.10009765625,659.0
2026-08-24 15:40:00+00:00,4725.5,4725.5,4716.7998046875,4718.0,1797.0
2026-08-24 15:45:00+00:00,4717.60009765625,4720.2998046875,4701.7998046875,4703.7998046875,4232.0
2026-08-24 15:50:00+00:00,4703.5,4712.5,4703.5,4710.10009765625,1708.0
2026-08-24 15:55:00+00:00,4710.0,4710.0,4696.5,4706.0,2893.0
2026-08-24 16:00:00+00:00,4706.0,4718.89990234375,4703.10009765625,4715.7998046875,3166.0
2026-08-24 16:05:00+00:00,4716.2998046875,4719.0,4711.2998046875,4712.10009765625,867.0
2026-08-24 16:10:00+00:00,4711.60009765625,4715.2998046875,4710.7998046875,4714.7998046875,497.0
2026-08-24 16:15:00+00:00,4714.5,4717.7001953125,4713.39990234375,4715.89990234375,553.0
2026-08-24 16:20:00+00:00,4715.89990234375,4716.60009765625,4713.2998046875,4713.60009765625,311.0
2026-08-24 16:25:00+00:00,4713.89990234375,4716.60009765625,4713.39990234375,4716.2001953125,452.0
2026-08-24 16:30:00+00:00,4716.2001953125,4718.7998046875,4716.0,4717.7998046875,427.0
2026-08-24 16:35:00+00:00,4717.7998046875,4719.60009765625,4716.60009765625,4717.0,310.0
2026-08-24 16:40:00+00:00,4716.7998046875,4718.7998046875,4715.89990234375,4717.10009765625,395.0
2026-08-24 16:45:00+00:00,4717.2998046875,4717.7001953125,4712.7001953125,4715.0,644.0
2026-08-24 16:50:00+00:00,4715.2001953125,4715.2001953125,4708.60009765625,4709.89990234375,855.0
2026-08-24 16:55:00+00:00,4709.5,4709.7001953125,4697.89990234375,4701.89990234375,2046.0
2026-08-24 17:00:00+00:00,4702.10009765625,4704.89990234375,4698.7998046875,4702.7998046875,878.0
2026-08-24 17:05:00+00:00,4703.7001953125,4712.7001953125,4701.2998046875,4709.7001953125,1659.0
2026-08-24 17:10:00+00:00,4709.39990234375,4711.7998046875,4706.60009765625,4709.0,1065.0
2026-08-24 17:15:00+00:00,4708.7998046875,4711.2001953125,4704.89990234375,4705.39990234375,775.0
2026-08-24 17:20:00+00:00,4705.10009765625,4705.10009765625,4686.60009765625,4693.10009765625,4459.0
2026-08-24 17:25:00+00:00,4693.0,4701.89990234375,4689.60009765625,4695.0,2354.0
2026-08-24 17:30:00+00:00,4695.10009765625,4697.7998046875,4692.10009765625,4692.39990234375,781.0
2026-08-24 17:35:00+00:00,4698.7001953125,4699.2001953125,4697.10009765625,4697.7001953125,804.0
2026-08-24 17:40:00+00:00,4698.0,4698.89990234375,4695.10009765625,4695.5,323.0
2026-08-24 17:45:00+00:00,4695.2001953125,4695.7998046875,4690.2998046875,4690.2998046875,581.0
2026-08-24 17:50:00+00:00,4690.2998046875,4695.39990234375,4689.2998046875,4690.7001953125,998.0
2026-08-24 17:55:00+00:00,4690.5,4694.10009765625,4689.5,4693.2998046875,749.0
2026-08-24 18:00:00+00:00,4693.0,4697.5,4691.60009765625,4696.89990234375,651.0
2026-08-24 18:05:00+00:00,4696.60009765625,4696.7998046875,4681.2001953125,4688.7001953125,2485.0
2026-08-24 18:10:00+00:00,4688.7001953125,4691.5,4686.60009765625,4688.5,810.0
2026-08-24 18:15:00+00:00,4688.89990234375,4691.10009765625,4684.10009765625,4684.7998046875,624.0
2026-08-24 18:20:00+00:00,4684.7001953125,4693.2998046875,4683.7001953125,4693.2001953125,641.0
2026-08-24 18:25:00+00:00,4693.0,4699.0,4693.0,4697.2998046875,1484.0
2026-08-24 18:30:00+00:00,4697.2001953125,4698.7001953125,4688.2001953125,4688.7998046875,1066.0
2026-08-24 18:35:00+00:00,4688.7998046875,4689.60009765625,4681.39990234375,4686.60009765625,818.0
2026-08-24 18:40:00+00:00,4686.39990234375,4692.10009765625,4686.39990234375,4691.10009765625,350.0
2026-08-24 18:45:00+00:00,4691.39990234375,4691.7001953125,4687.7998046875,4689.39990234375,279.0
2026-08-24 18:50:00+00:00,4689.2998046875,4691.39990234375,4689.2001953125,4689.7001953125,164.0
2026-08-24 18:55:00+00:00,4689.89990234375,4694.0,4689.89990234375,4693.0,267.0
2026-08-24 19:00:00+00:00,4692.7001953125,4697.0,4692.5,4695.39990234375,388.0
2026-08-24 19:05:00+00:00,4695.2001953125,4696.89990234375,4692.60009765625,4694.7998046875,195.0
2026-08-24 19:10:00+00:00,4694.89990234375,4695.2998046875,4692.2001953125,4692.5,250.0
2026-08-24 19:15:00+00:00,4692.7001953125,4699.0,4692.2001953125,4699.0,292.0
2026-08-24 19:20:00+00:00,4698.7001953125,4701.2001953125,4697.5,4698.89990234375,356.0
2026-08-24 19:25:00+00:00,4698.60009765625,4699.2001953125,4696.2998046875,4697.7001953125,214.0
2026-08-24 19:30:00+00:00,4697.60009765625,4698.39990234375,4696.2001953125,4696.89990234375,158.0
2026-08-24 19:35:00+00:00,4696.7998046875,4702.2001953125,4696.60009765625,4700.39990234375,233.0
2026-08-24 19:40:00+00:00,4700.7998046875,4706.7001953125,4700.60009765625,4706.0,745.0
2026-08-24 19:45:00+00:00,4705.89990234375,4711.2001953125,4705.7001953125,4710.89990234375,478.0
2026-08-24 19:50:00+00:00,4711.2001953125,4712.10009765625,4707.39990234375,4709.0,745.0
2026-08-24 19:55:00+00:00,4709.0,4710.10009765625,4706.2001953125,4707.5,492.0
2026-08-24 20:00:00+00:00,4707.89990234375,4711.10009765625,4706.60009765625,4710.39990234375,627.0
2026-08-24 20:05:00+00:00,4710.2998046875,4711.10009765625,4709.60009765625,4710.2998046875,242.0
2026-08-24 20:10:00+00:00,4710.2001953125,4711.5,4706.39990234375,4707.2001953125,716.0
2026-08-24 20:15:00+00:00,4706.89990234375,4710.0,4706.89990234375,4707.89990234375,435.0
2026-08-24 20:20:00+00:00,4707.89990234375,4708.7001953125,4706.7998046875,4707.0,213.0
2026-08-24 20:25:00+00:00,4706.60009765625,4706.7001953125,4705.0,4705.2998046875,111.0
2026-08-24 20:30:00+00:00,4705.60009765625,4706.2001953125,4704.60009765625,4704.7998046875,78.0
2026-08-24 20:35:00+00:00,4704.7998046875,4705.60009765625,4704.2001953125,4705.0,64.0
2026-08-24 20:40:00+00:00,4704.60009765625,4704.89990234375,4703.5,4703.89990234375,42.0
2026-08-24 20:45:00+00:00,4704.39990234375,4707.5,4703.39990234375,4707.0,353.0
2026-08-24 20:50:00+00:00,4706.60009765625,4708.0,4705.39990234375,4707.7001953125,138.0
2026-08-24 20:55:00+00:00,4708.10009765625,4710.0,4706.39990234375,4710.0,303.0
2026-08-24 22:00:00+00:00,4710.10009765625,4714.0,4708.39990234375,4713.10009765625,0.0
2026-08-24 22:05:00+00:00,4713.0,4718.0,4712.5,4716.0,261.0
2026-08-24 22:10:00+00:00,4716.10009765625,4717.0,4714.7998046875,4715.60009765625,74.0
2026-08-24 22:15:00+00:00,4715.89990234375,4716.39990234375,4714.7998046875,4714.7998046875,65.0
2026-08-24 22:20:00+00:00,4714.39990234375,4715.7001953125,4714.39990234375,4715.0,37.0
2026-08-24 22:25:00+00:00,4715.10009765625,4715.2001953125,4713.5,4714.2001953125,42.0
2026-08-24 22:30:00+00:00,4714.89990234375,4716.0,4714.0,4716.0,118.0
2026-08-24 22:35:00+00:00,4715.89990234375,4718.0,4715.89990234375,4717.2001953125,118.0
2026-08-24 22:40:00+00:00,4717.60009765625,4718.10009765625,4717.0,4718.0,57.0
2026-08-24 22:45:00+00:00,4718.2001953125,4719.5,4717.7998046875,4719.39990234375,87.0
2026-08-24 22:50:00+00:00,4719.0,4722.0,4719.0,4721.39990234375,276.0
2026-08-24 22:55:00+00:00,4721.2998046875,4725.60009765625,4720.7998046875,4724.5,316.0
2026-08-24 23:00:00+00:00,4724.60009765625,4726.60009765625,4724.60009765625,4725.2998046875,183.0
2026-08-24 23:05:00+00:00,4725.0,4726.2998046875,4723.0,4726.2998046875,158.0
2026-08-24 23:10:00+00:00,4726.0,4729.39990234375,4725.7998046875,4729.2001953125,378.0
2026-08-24 23:15:00+00:00,4729.2001953125,4733.7001953125,4729.2001953125,4731.7998046875,436.0
2026-08-24 23:20:00+00:00,4731.60009765625,4732.5,4730.2998046875,4731.5,141.0
2026-08-24 23:25:00+00:00,4731.39990234375,4731.60009765625,4726.0,4726.0,298.0
2026-08-24 23:30:00+00:00,4726.10009765625,4730.10009765625,4724.5,4729.39990234375,495.0
2026-08-24 23:35:00+00:00,4730.60009765625,4734.10009765625,4730.2998046875,4732.10009765625,286.0
2026-08-24 23:40:00+00:00,4732.5,4734.10009765625,4732.39990234375,4734.0,165.0
2026-08-24 23:45:00+00:00,4733.7998046875,4734.60009765625,4732.0,4734.0,329.0
2026-08-24 23:50:00+00:00,4734.39990234375,4740.60009765625,4734.10009765625,4736.5,1080.0
2026-08-24 23:55:00+00:00,4736.2998046875,4738.5,4735.0,4737.2001953125,276.0
2026-08-25 00:00:00+00:00,4737.2998046875,4746.39990234375,4734.2998046875,4734.5,1163.0
2026-08-25 00:05:00+00:00,4734.0,4744.5,4732.7001953125,4739.0,996.0
2026-08-25 00:10:00+00:00,4738.7998046875,4749.0,4737.2001953125,4747.7998046875,572.0
2026-08-25 00:15:00+00:00,4747.7998046875,4748.89990234375,4738.10009765625,4738.5,479.0
2026-08-25 00:20:00+00:00,4738.7001953125,4740.10009765625,4736.10009765625,4737.0,371.0
2026-08-25 00:25:00+00:00,4736.7001953125,4741.10009765625,4733.7998046875,4739.7998046875,599.0
2026-08-25 00:30:00+00:00,4740.0,4750.60009765625,4739.10009765625,4745.2998046875,1159.0
2026-08-25 00:35:00+00:00,4745.7001953125,4753.39990234375,4745.2001953125,4752.5,597.0
2026-08-25 00:40:00+00:00,4752.5,4755.0,4749.5,4751.2998046875,688.0
2026-08-25 00:45:00+00:00,4751.5,4752.39990234375,4745.39990234375,4749.89990234375,662.0
2026-08-25 00:50:00+00:00,4749.7998046875,4751.2998046875,4744.5,4745.7001953125,270.0
2026-08-25 00:55:00+00:00,4745.39990234375,4746.39990234375,4740.7001953125,4741.0,441.0
2026-08-25 01:00:00+00:00,4740.7998046875,4743.2998046875,4727.60009765625,4734.0,1741.0
2026-08-25 01:05:00+00:00,4734.0,4737.5,4728.2998046875,4735.60009765625,687.0
2026-08-25 01:10:00+00:00,4735.89990234375,4737.0,4731.7998046875,4735.0,468.0
2026-08-25 01:15:00+00:00,4734.10009765625,4737.10009765625,4730.0,4734.5,773.0
2026-08-25 01:20:00+00:00,4734.5,4734.7001953125,4722.89990234375,4723.5,782.0
2026-08-25 01:25:00+00:00,4723.39990234375,4729.2998046875,4720.60009765625,4726.0,858.0
2026-08-25 01:30:00+00:00,4726.60009765625,4731.2998046875,4723.89990234375,4724.60009765625,484.0
2026-08-25 01:35:00+00:00,4724.39990234375,4730.89990234375,4723.2998046875,4725.10009765625,625.0
2026-08-25 01:40:00+00:00,4725.0,4729.89990234375,4724.2001953125,4726.7001953125,672.0
2026-08-25 01:45:00+00:00,4726.89990234375,4732.5,4721.60009765625,4731.60009765625,1265.0
2026-08-25 01:50:00+00:00,4731.2998046875,4731.39990234375,4720.10009765625,4721.39990234375,821.0
2026-08-25 01:55:00+00:00,4721.7998046875,4721.7998046875,4713.2001953125,4714.7001953125,730.0
2026-08-25 02:00:00+00:00,4714.5,4718.2998046875,4707.10009765625,4708.2001953125,953.0
2026-08-25 02:05:00+00:00,4708.10009765625,4708.10009765625,4694.5,4701.2998046875,2160.0
2026-08-25 02:10:00+00:00,4700.10009765625,4702.2998046875,4694.2001953125,4698.10009765625,747.0
2026-08-25 02:15:00+00:00,4697.7001953125,4706.5,4697.10009765625,4705.89990234375,766.0
2026-08-25 02:20:00+00:00,4706.0,4711.89990234375,4705.7998046875,4710.7001953125,551.0
2026-08-25 02:25:00+00:00,4710.39990234375,4713.0,4708.7998046875,4712.7998046875,321.0
2026-08-25 02:30:00+00:00,4712.5,4712.89990234375,4698.7998046875,4702.7998046875,1082.0
2026-08-25 02:35:00+00:00,4702.7998046875,4703.39990234375,4695.7001953125,4699.89990234375,676.0
2026-08-25 02:40:00+00:00,4699.7001953125,4703.7998046875,4686.7998046875,4686.7998046875,1725.0
2026-08-25 02:45:00+00:00,4687.2998046875,4693.7001953125,4686.2001953125,4689.39990234375,1241.0
2026-08-25 02:50:00+00:00,4689.10009765625,4692.7001953125,4670.5,4682.60009765625,2949.0
2026-08-25 02:55:00+00:00,4682.60009765625,4685.5,4676.89990234375,4685.5,931.0
2026-08-25 03:00:00+00:00,4685.7001953125,4687.2998046875,4678.10009765625,4679.5,918.0
2026-08-25 03:05:00+00:00,4679.7998046875,4693.7998046875,4678.7001953125,4690.89990234375,1088.0
2026-08-25 03:10:00+00:00,4690.7001953125,4693.7001953125,4687.60009765625,4689.5,369.0
2026-08-25 03:15:00+00:00,4689.60009765625,4692.89990234375,4687.89990234375,4691.10009765625,269.0
2026-08-25 03:20:00+00:00,4690.89990234375,4692.89990234375,4688.5,4690.39990234375,260.0
2026-08-25 03:25:00+00:00,4690.7998046875,4694.10009765625,4690.7998046875,4693.89990234375,306.0
2026-08-25 03:30:00+00:00,4693.0,4697.7001953125,4691.89990234375,4696.0,387.0
2026-08-25 03:35:00+00:00,4696.0,4697.0,4690.0,4691.2001953125,470.0
2026-08-25 03:40:00+00:00,4691.39990234375,4693.10009765625,4690.0,4690.10009765625,208.0
2026-08-25 03:45:00+00:00,4690.10009765625,4691.0,4687.5,4689.7001953125,354.0
2026-08-25 03:50:00+00:00,4688.89990234375,4690.39990234375,4687.2001953125,4688.89990234375,113.0
2026-08-25 03:55:00+00:00,4689.10009765625,4691.60009765625,4688.2001953125,4688.2998046875,156.0
2026-08-25 04:00:00+00:00,4689.39990234375,4691.2998046875,4686.39990234375,4690.39990234375,363.0
2026-08-25 04:05:00+00:00,4690.5,4692.5,4690.10009765625,4691.7001953125,96.0
2026-08-25 04:10:00+00:00,4692.0,4693.5,4690.89990234375,4693.2001953125,117.0
2026-08-25 04:15:00+00:00,4692.60009765625,4693.0,4688.89990234375,4690.0,212.0
2026-08-25 04:20:00+00:00,4691.5,4691.5,4686.7998046875,4688.60009765625,121.0
2026-08-25 04:25:00+00:00,4688.39990234375,4688.7001953125,4684.60009765625,4686.7001953125,263.0
2026-08-25 04:30:00+00:00,4686.60009765625,4688.2998046875,4681.2998046875,4685.7998046875,671.0
2026-08-25 04:35:00+00:00,4685.7998046875,4686.7998046875,4682.10009765625,4682.89990234375,268.0
2026-08-25 04:40:00+00:00,4682.89990234375,4683.2998046875,4679.5,4681.60009765625,276.0
2026-08-25 04:45:00+00:00,4681.39990234375,4682.5,4680.39990234375,4682.2001953125,131.0
2026-08-25 04:50:00+00:00,4681.5,4684.10009765625,4679.89990234375,4682.7998046875,188.0
2026-08-25 04:55:00+00:00,4682.2998046875,4683.2001953125,4681.0,4681.10009765625,139.0
2026-08-25 05:00:00+00:00,4681.2998046875,4684.39990234375,4679.2998046875,4683.89990234375,315.0
2026-08-25 05:05:00+00:00,4685.0,4694.5,4684.89990234375,4691.2998046875,1111.0
2026-08-25 05:10:00+00:00,4691.7001953125,4694.89990234375,4691.2001953125,4693.60009765625,409.0
2026-08-25 05:15:00+00:00,4693.5,4699.89990234375,4693.5,4699.7998046875,887.0
2026-08-25 05:20:00+00:00,4700.0,4701.89990234375,4698.7998046875,4700.0,467.0
2026-08-25 05:25:00+00:00,4699.7998046875,4704.0,4698.60009765625,4702.39990234375,417.0
2026-08-25 05:30:00+00:00,4702.5,4703.2998046875,4695.2001953125,4698.10009765625,711.0
2026-08-25 05:35:00+00:00,4698.7001953125,4702.2001953125,4697.7998046875,4699.2998046875,251.0
2026-08-25 05:40:00+00:00,4698.60009765625,4698.89990234375,4693.7001953125,4694.7001953125,555.0
2026-08-25 05:45:00+00:00,4694.5,4698.0,4691.7001953125,4695.10009765625,521.0
2026-08-25 05:50:00+00:00,4695.2001953125,4699.39990234375,4692.39990234375,4698.89990234375,360.0
2026-08-25 05:55:00+00:00,4700.2998046875,4701.5,4696.89990234375,4698.5,456.0
2026-08-25 06:00:00+00:00,4698.39990234375,4702.0,4697.0,4700.2001953125,712.0
2026-08-25 06:05:00+00:00,4700.2001953125,4704.2998046875,4699.7001953125,4703.89990234375,370.0
2026-08-25 06:10:00+00:00,4704.0,4706.60009765625,4704.0,4705.7001953125,528.0
2026-08-25 06:15:00+00:00,4705.60009765625,4705.60009765625,4702.7001953125,4703.60009765625,153.0
2026-08-25 06:20:00+00:00,4703.7998046875,4708.39990234375,4701.60009765625,4707.89990234375,635.0
2026-08-25 06:25:00+00:00,4707.89990234375,4709.60009765625,4706.0,4706.2998046875,296.0
2026-08-25 06:30:00+00:00,4706.2001953125,4709.60009765625,4705.2001953125,4707.89990234375,209.0
2026-08-25 06:35:00+00:00,4707.39990234375,4708.5,4704.5,4706.2001953125,377.0
2026-08-25 06:40:00+00:00,4706.10009765625,4708.7998046875,4704.0,4704.0,293.0
2026-08-25 06:45:00+00:00,4704.2001953125,4705.7001953125,4702.7998046875,4704.10009765625,210.0
2026-08-25 06:50:00+00:00,4704.2001953125,4704.2998046875,4696.60009765625,4698.0,376.0
2026-08-25 06:55:00+00:00,4697.7001953125,4698.2998046875,4693.0,4694.60009765625,746.0
2026-08-25 07:00:00+00:00,4695.0,4697.10009765625,4693.39990234375,4696.2001953125,558.0
2026-08-25 07:05:00+00:00,4696.60009765625,4698.2998046875,4692.7998046875,4697.5,340.0
2026-08-25 07:10:00+00:00,4697.39990234375,4697.89990234375,4694.2998046875,4696.2001953125,242.0
2026-08-25 07:15:00+00:00,4695.7998046875,4699.5,4694.2001953125,4697.60009765625,471.0
2026-08-25 07:20:00+00:00,4697.39990234375,4700.2998046875,4696.10009765625,4697.0,195.0
2026-08-25 07:25:00+00:00,4697.39990234375,4697.39990234375,4690.5,4691.10009765625,740.0
2026-08-25 07:30:00+00:00,4691.10009765625,4695.2998046875,4690.5,4691.39990234375,344.0
2026-08-25 07:35:00+00:00,4691.60009765625,4693.2998046875,4690.2001953125,4692.60009765625,479.0
2026-08-25 07:40:00+00:00,4693.0,4696.7001953125,4691.60009765625,4695.89990234375,343.0
2026-08-25 07:45:00+00:00,4696.10009765625,4697.2001953125,4690.60009765625,4691.89990234375,468.0
2026-08-25 07:50:00+00:00,4691.89990234375,4693.39990234375,4687.39990234375,4687.60009765625,712.0
2026-08-25 07:55:00+00:00,4687.7001953125,4688.0,4685.7998046875,4686.10009765625,842.0
2026-08-25 08:00:00+00:00,4686.10009765625,4687.60009765625,4681.7001953125,4682.2998046875,827.0
2026-08-25 08:05:00+00:00,4681.89990234375,4685.2998046875,4676.2998046875,4679.2001953125,845.0
2026-08-25 08:10:00+00:00,4679.60009765625,4683.10009765625,4679.2001953125,4683.10009765625,442.0
2026-08-25 08:15:00+00:00,4682.7998046875,4686.5,4682.2001953125,4684.89990234375,413.0
2026-08-25 08:20:00+00:00,4684.2998046875,4702.0,4683.10009765625,4700.10009765625,1573.0
2026-08-25 08:25:00+00:00,4699.7001953125,4700.0,4688.10009765625,4689.10009765625,690.0
2026-08-25 08:30:00+00:00,4689.10009765625,4691.5,4687.7998046875,4691.0,970.0
2026-08-25 08:35:00+00:00,4690.39990234375,4690.60009765625,4685.2001953125,4686.2001953125,484.0
2026-08-25 08:40:00+00:00,4686.0,4687.89990234375,4681.60009765625,4687.89990234375,454.0
2026-08-25 08:45:00+00:00,4687.7001953125,4689.60009765625,4683.39990234375,4683.7998046875,412.0
2026-08-25 08:50:00+00:00,4684.10009765625,4684.10009765625,4680.89990234375,4682.39990234375,337.0
2026-08-25 08:55:00+00:00,4682.2001953125,4686.2998046875,4682.2001953125,4685.7001953125,169.0
2026-08-25 09:00:00+00:00,4685.7001953125,4685.7001953125,4680.2998046875,4682.2998046875,340.0
2026-08-25 09:05:00+00:00,4682.0,4689.0,4680.5,4688.60009765625,424.0
2026-08-25 09:10:00+00:00,4688.5,4688.5,4685.0,4686.0,301.0
2026-08-25 09:15:00+00:00,4686.2998046875,4689.10009765625,4685.5,4687.10009765625,292.0
2026-08-25 09:20:00+00:00,4687.0,4688.0,4685.10009765625,4685.39990234375,193.0
2026-08-25 09:25:00+00:00,4685.2001953125,4685.39990234375,4681.2998046875,4681.7001953125,269.0
2026-08-25 09:30:00+00:00,4681.7998046875,4695.10009765625,4679.5,4692.7998046875,1365.0
2026-08-25 09:35:00+00:00,4692.2001953125,4692.2998046875,4685.0,4685.7001953125,518.0
2026-08-25 09:40:00+00:00,4685.89990234375,4694.39990234375,4684.89990234375,4692.7998046875,1196.0
2026-08-25 09:45:00+00:00,4692.89990234375,4696.2998046875,4692.0,4696.2998046875,372.0
2026-08-25 09:50:00+00:00,4696.2998046875,4698.10009765625,4693.2998046875,4693.5,412.0
2026-08-25 09:55:00+00:00,4693.7998046875,4697.2001953125,4691.2001953125,4691.7001953125,598.0
2026-08-25 10:00:00+00:00,4691.60009765625,4692.7001953125,4688.5,4689.7001953125,418.0
2026-08-25 10:05:00+00:00,4690.39990234375,4692.2001953125,4688.7998046875,4690.89990234375,254.0
2026-08-25 10:10:00+00:00,4690.7001953125,4694.0,4689.2001953125,4690.39990234375,284.0
2026-08-25 10:15:00+00:00,4690.89990234375,4694.2998046875,4690.10009765625,4692.60009765625,278.0
2026-08-25 10:20:00+00:00,4692.5,4694.10009765625,4690.7998046875,4691.0,164.0
2026-08-25 10:25:00+00:00,4691.10009765625,4693.10009765625,4688.5,4689.39990234375,288.0
2026-08-25 10:30:00+00:00,4689.39990234375,4692.5,4688.10009765625,4691.2998046875,289.0
2026-08-25 10:35:00+00:00,4691.10009765625,4693.7998046875,4689.10009765625,4693.10009765625,171.0
2026-08-25 10:40:00+00:00,4693.7001953125,4696.7001953125,4692.89990234375,4693.60009765625,355.0
2026-08-25 10:45:00+00:00,4693.7001953125,4696.7001953125,4693.10009765625,4693.89990234375,295.0
2026-08-25 10:50:00+00:00,4693.7001953125,4697.7998046875,4692.89990234375,4697.0,242.0
2026-08-25 10:55:00+00:00,4696.60009765625,4698.2001953125,4695.0,4695.0,192.0
2026-08-25 11:00:00+00:00,4694.7998046875,4696.2998046875,4693.39990234375,4695.7998046875,204.0
2026-08-25 11:05:00+00:00,4695.89990234375,4698.7998046875,4691.89990234375,4695.89990234375,629.0
2026-08-25 11:10:00+00:00,4696.2998046875,4696.2998046875,4696.2998046875,4696.2998046875,2.0
2026-08-25 11:20:00+00:00,4697.7998046875,4700.2001953125,4696.2998046875,4697.89990234375,1413.0
2026-08-25 11:25:00+00:00,4697.89990234375,4698.2998046875,4694.5,4697.2001953125,310.0
2026-08-25 11:30:00+00:00,4697.10009765625,4700.2998046875,4696.2001953125,4698.7998046875,331.0
2026-08-25 11:35:00+00:00,4699.0,4700.7001953125,4697.7998046875,4700.60009765625,330.0
2026-08-25 11:40:00+00:00,4700.5,4701.2001953125,4696.39990234375,4696.60009765625,548.0
2026-08-25 11:45:00+00:00,4696.7001953125,4701.89990234375,4696.60009765625,4700.89990234375,302.0
2026-08-25 11:50:00+00:00,4700.7001953125,4703.5,4697.7001953125,4699.7998046875,567.0
2026-08-25 11:55:00+00:00,4700.10009765625,4700.7998046875,4697.7998046875,4698.39990234375,288.0
2026-08-25 12:00:00+00:00,4698.7001953125,4698.89990234375,4691.0,4692.60009765625,2116.0
2026-08-25 12:05:00+00:00,4692.89990234375,4694.60009765625,4691.39990234375,4693.10009765625,358.0
2026-08-25 12:10:00+00:00,4692.7001953125,4697.7998046875,4691.7998046875,4694.7998046875,576.0
2026-08-25 12:15:00+00:00,4694.60009765625,4694.7998046875,4688.60009765625,4691.2001953125,1017.0
2026-08-25 12:20:00+00:00,4691.0,4695.10009765625,4687.2998046875,4689.2001953125,970.0
2026-08-25 12:25:00+00:00,4689.2998046875,4693.10009765625,4688.60009765625,4692.7998046875,534.0
2026-08-25 12:30:00+00:00,4692.7001953125,4693.0,4688.10009765625,4688.39990234375,602.0
2026-08-25 12:35:00+00:00,4688.2998046875,4690.2001953125,4685.7001953125,4686.0,648.0
2026-08-25 12:40:00+00:00,4685.7001953125,4696.0,4685.2998046875,4693.7001953125,676.0
2026-08-25 12:45:00+00:00,4693.39990234375,4698.0,4692.7998046875,4695.7001953125,550.0
2026-08-25 12:50:00+00:00,4695.89990234375,4699.60009765625,4695.0,4696.7998046875,455.0
2026-08-25 12:55:00+00:00,4695.89990234375,4696.60009765625,4693.7998046875,4695.7001953125,389.0
2026-08-25 13:00:00+00:00,4696.2998046875,4696.60009765625,4685.10009765625,4689.60009765625,1694.0
2026-08-25 13:05:00+00:00,4689.39990234375,4691.7998046875,4683.2001953125,4686.5,1013.0
2026-08-25 13:10:00+00:00,4686.39990234375,4689.2001953125,4678.10009765625,4678.5,1274.0
2026-08-25 13:15:00+00:00,4678.10009765625,4683.2001953125,4675.60009765625,4681.10009765625,1108.0
2026-08-25 13:20:00+00:00,4681.10009765625,4681.5,4667.39990234375,4669.10009765625,2110.0
2026-08-25 13:25:00+00:00,4669.7998046875,4673.7998046875,4663.39990234375,4664.7001953125,2199.0
2026-08-25 13:30:00+00:00,4665.10009765625,4678.7001953125,4664.2001953125,4676.89990234375,1653.0
2026-08-25 13:35:00+00:00,4676.60009765625,4676.7998046875,4664.5,4670.60009765625,1428.0
2026-08-25 13:40:00+00:00,4671.0,4676.2001953125,4665.89990234375,4667.7001953125,963.0
2026-08-25 13:45:00+00:00,4667.60009765625,4670.2001953125,4659.5,4661.7001953125,2394.0
2026-08-25 13:50:00+00:00,4661.5,4667.2001953125,4660.39990234375,4662.7001953125,1508.0
2026-08-25 13:55:00+00:00,4662.2001953125,4673.0,4660.5,4671.39990234375,1349.0
2026-08-25 14:00:00+00:00,4671.2998046875,4676.5,4668.7998046875,4674.2998046875,2092.0
2026-08-25 14:05:00+00:00,4674.39990234375,4680.60009765625,4673.39990234375,4678.60009765625,2517.0
2026-08-25 14:10:00+00:00,4679.2998046875,4682.39990234375,4677.5,4678.2001953125,1173.0
2026-08-25 14:15:00+00:00,4678.7001953125,4680.7998046875,4674.89990234375,4674.89990234375,888.0
2026-08-25 14:20:00+00:00,4674.7001953125,4681.89990234375,4674.10009765625,4681.60009765625,1220.0
2026-08-25 14:25:00+00:00,4681.60009765625,4684.5,4679.5,4679.7998046875,833.0
2026-08-25 14:30:00+00:00,4679.7001953125,4687.60009765625,4667.2998046875,4685.60009765625,2973.0
2026-08-25 14:35:00+00:00,4685.7001953125,4693.5,4685.60009765625,4692.89990234375,1805.0
2026-08-25 14:40:00+00:00,4692.7001953125,4694.2001953125,4687.2001953125,4693.10009765625,1104.0
2026-08-25 14:45:00+00:00,4693.0,4696.0,4691.60009765625,4692.60009765625,685.0
2026-08-25 14:50:00+00:00,4693.2001953125,4694.2001953125,4688.7998046875,4690.89990234375,770.0
2026-08-25 14:55:00+00:00,4691.39990234375,4693.5,4689.0,4691.60009765625,853.0
2026-08-25 15:00:00+00:00,4691.7998046875,4693.2998046875,4686.39990234375,4688.0,633.0
2026-08-25 15:05:00+00:00,4688.2001953125,4689.7001953125,4686.2998046875,4688.39990234375,630.0
2026-08-25 15:10:00+00:00,4688.2998046875,4691.2998046875,4687.0,4689.2001953125,571.0
2026-08-25 15:15:00+00:00,4689.2998046875,4695.7001953125,4685.10009765625,4694.89990234375,996.0
2026-08-25 15:20:00+00:00,4694.60009765625,4701.0,4694.60009765625,4696.7001953125,978.0
2026-08-25 15:25:00+00:00,4696.39990234375,4699.2998046875,4693.0,4695.7998046875,961.0
2026-08-25 15:30:00+00:00,4696.0,4707.60009765625,4696.0,4705.2001953125,2162.0
2026-08-25 15:35:00+00:00,4705.2001953125,4715.2998046875,4704.60009765625,4713.0,3271.0
2026-08-25 15:40:00+00:00,4712.7001953125,4716.39990234375,4711.5,4713.2998046875,963.0
2026-08-25 15:45:00+00:00,4713.2998046875,4714.10009765625,4707.7998046875,4708.89990234375,962.0
2026-08-25 15:50:00+00:00,4708.7998046875,4709.39990234375,4705.89990234375,4707.39990234375,851.0
2026-08-25 15:55:00+00:00,4707.7001953125,4710.89990234375,4706.0,4709.5,826.0
2026-08-25 16:00:00+00:00,4709.60009765625,4710.2001953125,4704.39990234375,4704.7998046875,856.0
2026-08-25 16:05:00+00:00,4705.0,4706.0,4701.60009765625,4701.60009765625,763.0
2026-08-25 16:10:00+00:00,4701.5,4702.7998046875,4699.5,4701.39990234375,1005.0
2026-08-25 16:15:00+00:00,4701.2001953125,4703.7998046875,4698.39990234375,4699.7998046875,773.0
2026-08-25 16:20:00+00:00,4699.7998046875,4700.2001953125,4694.60009765625,4696.89990234375,1259.0
2026-08-25 16:25:00+00:00,4697.10009765625,4699.7998046875,4695.89990234375,4698.0,959.0
2026-08-25 16:30:00+00:00,4697.7998046875,4699.39990234375,4695.2001953125,4695.5,802.0
2026-08-25 16:35:00+00:00,4695.5,4702.60009765625,4694.2998046875,4701.60009765625,557.0
2026-08-25 16:40:00+00:00,4701.5,4702.39990234375,4700.0,4701.2001953125,686.0
2026-08-25 16:45:00+00:00,4701.5,4703.5,4699.2001953125,4702.2998046875,593.0
2026-08-25 16:50:00+00:00,4702.5,4703.7998046875,4700.7001953125,4701.10009765625,472.0
2026-08-25 16:55:00+00:00,4701.2001953125,4702.60009765625,4697.7001953125,4700.7998046875,559.0
2026-08-25 17:00:00+00:00,4700.60009765625,4700.60009765625,4695.7998046875,4697.7001953125,448.0
2026-08-25 17:05:00+00:00,4697.7998046875,4697.7998046875,4692.0,4693.10009765625,931.0
2026-08-25 17:10:00+00:00,4693.39990234375,4697.2001953125,4691.2998046875,4694.7998046875,724.0
2026-08-25 17:15:00+00:00,4695.2998046875,4700.39990234375,4691.7998046875,4700.10009765625,686.0
2026-08-25 17:20:00+00:00,4699.89990234375,4702.39990234375,4695.2998046875,4696.5,620.0
2026-08-25 17:25:00+00:00,4696.39990234375,4698.39990234375,4693.2001953125,4694.2001953125,1646.0
2026-08-25 17:30:00+00:00,4694.2001953125,4696.89990234375,4693.5,4695.7001953125,614.0
2026-08-25 17:35:00+00:00,4695.5,4700.39990234375,4695.2998046875,4700.0,353.0
2026-08-25 17:40:00+00:00,4700.10009765625,4701.7001953125,4698.2998046875,4700.2001953125,359.0
2026-08-25 17:45:00+00:00,4700.2001953125,4704.0,4699.89990234375,4702.89990234375,267.0
2026-08-25 17:50:00+00:00,4703.2998046875,4703.2998046875,4699.89990234375,4702.2001953125,257.0
2026-08-25 17:55:00+00:00,4702.0,4705.7998046875,4702.0,4705.7998046875,561.0
2026-08-25 18:00:00+00:00,4705.7998046875,4705.7998046875,4702.0,4702.0,479.0
2026-08-25 18:05:00+00:00,4702.0,4705.0,4701.7001953125,4703.39990234375,214.0
2026-08-25 18:10:00+00:00,4703.2998046875,4707.39990234375,4703.0,4704.5,309.0
2026-08-25 18:15:00+00:00,4704.10009765625,4706.10009765625,4703.2998046875,4705.89990234375,536.0
2026-08-25 18:20:00+00:00,4705.89990234375,4706.5,4705.10009765625,4705.7001953125,234.0
2026-08-25 18:25:00+00:00,4705.7998046875,4707.60009765625,4705.7001953125,4706.7998046875,182.0
2026-08-25 18:30:00+00:00,4707.0,4707.0,4703.39990234375,4704.39990234375,212.0
2026-08-25 18:35:00+00:00,4704.60009765625,4705.7001953125,4702.7001953125,4705.10009765625,234.0
2026-08-25 18:40:00+00:00,4705.2001953125,4707.2998046875,4704.7998046875,4706.0,283.0
2026-08-25 18:45:00+00:00,4706.0,4709.0,4706.0,4707.89990234375,341.0
2026-08-25 18:50:00+00:00,4708.10009765625,4708.10009765625,4706.5,4707.7001953125,96.0
2026-08-25 18:55:00+00:00,4707.7001953125,4711.7998046875,4707.7001953125,4711.39990234375,583.0
2026-08-25 19:00:00+00:00,4711.39990234375,4714.7998046875,4710.39990234375,4711.10009765625,710.0
2026-08-25 19:05:00+00:00,4710.7998046875,4717.2001953125,4710.7001953125,4716.2001953125,609.0
2026-08-25 19:10:00+00:00,4716.10009765625,4720.0,4715.89990234375,4719.2001953125,879.0
2026-08-25 19:15:00+00:00,4719.2998046875,4725.60009765625,4718.7998046875,4723.89990234375,836.0
2026-08-25 19:20:00+00:00,4723.89990234375,4724.2001953125,4720.2001953125,4721.5,385.0
2026-08-25 19:25:00+00:00,4721.2998046875,4721.5,4717.0,4717.89990234375,423.0
2026-08-25 19:30:00+00:00,4718.0,4718.7001953125,4715.5,4715.7998046875,355.0
2026-08-25 19:35:00+00:00,4716.2001953125,4717.10009765625,4714.7001953125,4716.10009765625,369.0
2026-08-25 19:40:00+00:00,4716.5,4721.89990234375,4716.2001953125,4719.0,698.0
2026-08-25 19:45:00+00:00,4718.7998046875,4721.39990234375,4717.10009765625,4721.10009765625,377.0
2026-08-25 19:50:00+00:00,4721.0,4724.2001953125,4718.89990234375,4722.10009765625,591.0
2026-08-25 19:55:00+00:00,4722.0,4724.2998046875,4717.7998046875,4723.39990234375,1056.0
2026-08-25 20:00:00+00:00,4723.2998046875,4724.39990234375,4721.2001953125,4721.7998046875,523.0
2026-08-25 20:05:00+00:00,4722.2998046875,4725.5,4719.7001953125,4725.5,330.0
2026-08-25 20:10:00+00:00,4725.39990234375,4726.0,4722.7001953125,4722.7001953125,448.0
2026-08-25 20:15:00+00:00,4722.89990234375,4723.7001953125,4722.2998046875,4723.10009765625,137.0
2026-08-25 20:20:00+00:00,4723.10009765625,4724.89990234375,4722.89990234375,4723.2998046875,229.0
2026-08-25 20:25:00+00:00,4723.2998046875,4723.2998046875,4719.0,4719.5,212.0
2026-08-25 20:30:00+00:00,4719.7001953125,4721.2001953125,4718.39990234375,4718.7998046875,251.0
2026-08-25 20:35:00+00:00,4718.89990234375,4719.89990234375,4718.2998046875,4718.60009765625,106.0
2026-08-25 20:40:00+00:00,4718.60009765625,4719.10009765625,4717.2998046875,4718.39990234375,117.0
2026-08-25 20:45:00+00:00,4718.7998046875,4719.39990234375,4717.7998046875,4718.2998046875,164.0
2026-08-25 20:50:00+00:00,4718.0,4718.7001953125,4716.5,4716.7001953125,193.0
2026-08-25 20:55:00+00:00,4716.60009765625,4717.2998046875,4714.10009765625,4715.89990234375,254.0
2026-08-25 22:00:00+00:00,4715.7001953125,4718.60009765625,4712.10009765625,4718.60009765625,0.0
2026-08-25 22:05:00+00:00,4718.10009765625,4719.0,4717.2001953125,4718.2998046875,103.0
2026-08-25 22:10:00+00:00,4718.10009765625,4722.2998046875,4718.10009765625,4721.7001953125,115.0
2026-08-25 22:15:00+00:00,4721.60009765625,4724.0,4721.60009765625,4723.2001953125,219.0
2026-08-25 22:20:00+00:00,4723.5,4724.0,4722.10009765625,4723.89990234375,170.0
2026-08-25 22:25:00+00:00,4723.89990234375,4724.2998046875,4722.7001953125,4723.89990234375,104.0
2026-08-25 22:30:00+00:00,4723.7998046875,4726.2998046875,4723.7998046875,4726.10009765625,164.0
2026-08-25 22:35:00+00:00,4726.39990234375,4727.7998046875,4724.0,4727.39990234375,270.0
2026-08-25 22:40:00+00:00,4727.2998046875,4727.39990234375,4725.7001953125,4727.2001953125,63.0
2026-08-25 22:45:00+00:00,4727.2001953125,4729.89990234375,4727.2001953125,4729.10009765625,178.0
2026-08-25 22:50:00+00:00,4729.10009765625,4730.89990234375,4729.10009765625,4729.7001953125,218.0
2026-08-25 22:55:00+00:00,4730.0,4730.60009765625,4729.5,4729.7001953125,130.0
2026-08-25 23:00:00+00:00,4729.7001953125,4730.60009765625,4727.39990234375,4729.5,200.0
2026-08-25 23:05:00+00:00,4729.2001953125,4729.5,4726.2001953125,4726.2001953125,145.0
2026-08-25 23:10:00+00:00,4726.39990234375,4726.89990234375,4724.0,4725.10009765625,157.0
2026-08-25 23:15:00+00:00,4725.0,4725.10009765625,4723.39990234375,4724.39990234375,109.0
2026-08-25 23:20:00+00:00,4724.10009765625,4724.5,4718.89990234375,4719.10009765625,314.0
2026-08-25 23:25:00+00:00,4718.89990234375,4719.2001953125,4717.5,4718.2998046875,268.0
2026-08-25 23:30:00+00:00,4718.5,4718.7998046875,4715.89990234375,4717.5,157.0
2026-08-25 23:35:00+00:00,4717.39990234375,4718.10009765625,4716.5,4716.5,105.0
2026-08-25 23:40:00+00:00,4716.5,4717.2001953125,4712.7998046875,4713.5,425.0
2026-08-25 23:45:00+00:00,4713.10009765625,4716.0,4712.5,4712.89990234375,242.0
2026-08-25 23:50:00+00:00,4713.10009765625,4714.39990234375,4711.2001953125,4711.7001953125,252.0
2026-08-25 23:55:00+00:00,4712.0,4712.60009765625,4710.2998046875,4712.10009765625,213.0
2026-08-26 00:00:00+00:00,4711.89990234375,4715.2001953125,4708.89990234375,4709.2998046875,491.0
2026-08-26 00:05:00+00:00,4709.39990234375,4711.5,4708.7001953125,4710.89990234375,250.0
2026-08-26 00:10:00+00:00,4710.7998046875,4711.7998046875,4707.39990234375,4708.39990234375,264.0
2026-08-26 00:15:00+00:00,4708.2998046875,4712.2998046875,4707.60009765625,4708.39990234375,220.0
2026-08-26 00:20:00+00:00,4708.39990234375,4708.60009765625,4702.10009765625,4702.89990234375,424.0
2026-08-26 00:25:00+00:00,4702.7001953125,4704.7998046875,4700.10009765625,4703.7001953125,396.0
2026-08-26 00:30:00+00:00,4704.2001953125,4707.2001953125,4701.2001953125,4702.2001953125,478.0
2026-08-26 00:35:00+00:00,4702.10009765625,4702.5,4695.7001953125,4696.89990234375,770.0
2026-08-26 00:40:00+00:00,4696.7001953125,4697.2001953125,4693.10009765625,4694.10009765625,448.0
2026-08-26 00:45:00+00:00,4694.0,4695.5,4693.0,4693.2001953125,399.0
2026-08-26 00:50:00+00:00,4693.39990234375,4695.60009765625,4691.10009765625,4692.7001953125,481.0
2026-08-26 00:55:00+00:00,4693.2001953125,4695.7001953125,4692.5,4694.2001953125,297.0
2026-08-26 01:00:00+00:00,4694.60009765625,4703.10009765625,4686.2001953125,4702.7001953125,1377.0
2026-08-26 01:05:00+00:00,4702.2998046875,4704.7001953125,4697.60009765625,4701.7001953125,789.0
2026-08-26 01:10:00+00:00,4701.39990234375,4703.2001953125,4697.7001953125,4700.7998046875,534.0
2026-08-26 01:15:00+00:00,4701.5,4707.10009765625,4700.89990234375,4702.5,894.0
2026-08-26 01:20:00+00:00,4702.10009765625,4705.89990234375,4700.89990234375,4700.89990234375,431.0
2026-08-26 01:25:00+00:00,4700.89990234375,4704.2001953125,4700.0,4700.2998046875,229.0
2026-08-26 01:30:00+00:00,4700.2998046875,4702.10009765625,4695.60009765625,4696.0,626.0
2026-08-26 01:35:00+00:00,4696.2001953125,4703.5,4696.0,4701.89990234375,639.0
2026-08-26 01:40:00+00:00,4702.39990234375,4703.89990234375,4696.2998046875,4701.10009765625,353.0
2026-08-26 01:45:00+00:00,4702.10009765625,4707.89990234375,4700.10009765625,4707.60009765625,373.0
2026-08-26 01:50:00+00:00,4707.7001953125,4710.7001953125,4707.2001953125,4708.39990234375,433.0
2026-08-26 01:55:00+00:00,4708.60009765625,4717.7001953125,4708.5,4713.7998046875,810.0
2026-08-26 02:00:00+00:00,4713.60009765625,4717.5,4711.60009765625,4716.7001953125,398.0
2026-08-26 02:05:00+00:00,4716.0,4718.39990234375,4715.2001953125,4717.39990234375,374.0
2026-08-26 02:10:00+00:00,4717.60009765625,4718.5,4714.7001953125,4717.0,256.0
2026-08-26 02:15:00+00:00,4717.0,4718.2001953125,4715.89990234375,4718.10009765625,256.0
2026-08-26 02:20:00+00:00,4718.10009765625,4718.7001953125,4715.7001953125,4716.0,187.0
2026-08-26 02:25:00+00:00,4715.89990234375,4716.89990234375,4712.60009765625,4715.5,344.0
2026-08-26 02:30:00+00:00,4715.39990234375,4720.60009765625,4714.5,4720.10009765625,610.0
2026-08-26 02:35:00+00:00,4720.5,4722.89990234375,4716.39990234375,4720.39990234375,696.0
2026-08-26 02:40:00+00:00,4720.2998046875,4728.0,4719.10009765625,4724.2998046875,642.0
2026-08-26 02:45:00+00:00,4724.2001953125,4726.0,4722.2998046875,4722.60009765625,248.0
2026-08-26 02:50:00+00:00,4722.7001953125,4723.7001953125,4717.60009765625,4718.2998046875,310.0
2026-08-26 02:55:00+00:00,4718.0,4718.2001953125,4714.89990234375,4715.2001953125,208.0
2026-08-26 03:00:00+00:00,4715.39990234375,4715.89990234375,4710.60009765625,4714.0,507.0
2026-08-26 03:05:00+00:00,4714.0,4714.2001953125,4706.60009765625,4707.2001953125,489.0
2026-08-26 03:10:00+00:00,4707.10009765625,4707.10009765625,4704.2001953125,4705.2998046875,432.0
2026-08-26 03:15:00+00:00,4705.10009765625,4705.7001953125,4702.39990234375,4704.39990234375,308.0
2026-08-26 03:20:00+00:00,4704.5,4708.10009765625,4704.39990234375,4706.0,462.0
2026-08-26 03:25:00+00:00,4706.2001953125,4707.7001953125,4704.89990234375,4707.2998046875,336.0
2026-08-26 03:30:00+00:00,4707.2001953125,4708.2998046875,4706.5,4706.7998046875,243.0
2026-08-26 03:35:00+00:00,4707.10009765625,4708.39990234375,4703.7001953125,4705.5,260.0
2026-08-26 03:40:00+00:00,4705.10009765625,4706.0,4702.2998046875,4702.5,227.0
2026-08-26 03:45:00+00:00,4702.2998046875,4702.2998046875,4699.60009765625,4702.0,399.0
2026-08-26 03:50:00+00:00,4702.0,4702.39990234375,4700.2001953125,4701.39990234375,119.0
2026-08-26 03:55:00+00:00,4701.2001953125,4701.39990234375,4700.2998046875,4701.10009765625,71.0
2026-08-26 04:00:00+00:00,4699.7998046875,4701.2001953125,4699.2001953125,4699.89990234375,205.0
2026-08-26 04:05:00+00:00,4699.60009765625,4701.0,4698.89990234375,4700.60009765625,79.0
2026-08-26 04:10:00+00:00,4700.7001953125,4701.0,4699.60009765625,4699.60009765625,98.0
2026-08-26 04:15:00+00:00,4699.7001953125,4700.5,4698.39990234375,4698.89990234375,149.0
2026-08-26 04:20:00+00:00,4698.89990234375,4700.0,4698.2998046875,4699.60009765625,148.0
2026-08-26 04:25:00+00:00,4699.2001953125,4699.7998046875,4698.2001953125,4699.2001953125,110.0
2026-08-26 04:30:00+00:00,4699.39990234375,4700.39990234375,4698.0,4698.5,130.0
2026-08-26 04:35:00+00:00,4698.7001953125,4699.10009765625,4697.2001953125,4697.2998046875,254.0
2026-08-26 04:40:00+00:00,4697.2001953125,4699.10009765625,4696.39990234375,4697.60009765625,164.0
2026-08-26 04:45:00+00:00,4697.89990234375,4698.2001953125,4695.7001953125,4696.7001953125,321.0
2026-08-26 04:50:00+00:00,4697.2998046875,4698.7998046875,4696.7001953125,4698.0,139.0
2026-08-26 04:55:00+00:00,4698.10009765625,4698.7001953125,4696.5,4697.60009765625,101.0
2026-08-26 05:00:00+00:00,4697.5,4700.7998046875,4697.2998046875,4699.0,295.0
2026-08-26 05:05:00+00:00,4699.10009765625,4702.7998046875,4698.60009765625,4702.7001953125,358.0
2026-08-26 05:10:00+00:00,4702.39990234375,4702.60009765625,4698.2998046875,4700.2001953125,206.0
2026-08-26 05:15:00+00:00,4700.2001953125,4701.7001953125,4698.39990234375,4700.10009765625,180.0
2026-08-26 05:20:00+00:00,4700.2001953125,4701.39990234375,4698.5,4700.60009765625,132.0
2026-08-26 05:25:00+00:00,4700.89990234375,4702.2001953125,4699.39990234375,4700.2001953125,145.0
2026-08-26 05:30:00+00:00,4700.39990234375,4706.2998046875,4697.7998046875,4702.7998046875,658.0
2026-08-26 05:35:00+00:00,4702.2001953125,4702.5,4695.2001953125,4698.2998046875,416.0
2026-08-26 05:40:00+00:00,4698.7001953125,4701.39990234375,4694.7001953125,4695.0,316.0
2026-08-26 05:45:00+00:00,4694.60009765625,4697.2998046875,4692.2001953125,4694.2998046875,406.0
2026-08-26 05:50:00+00:00,4694.2001953125,4696.89990234375,4693.60009765625,4695.5,141.0
2026-08-26 05:55:00+00:00,4695.60009765625,4696.2998046875,4693.7998046875,4696.2998046875,202.0
2026-08-26 06:00:00+00:00,4696.2001953125,4698.0,4692.60009765625,4697.5,402.0
2026-08-26 06:05:00+00:00,4697.2001953125,4697.2001953125,4694.2001953125,4695.7001953125,203.0
2026-08-26 06:10:00+00:00,4695.2001953125,4695.7998046875,4692.60009765625,4694.2001953125,170.0
2026-08-26 06:15:00+00:00,4694.2001953125,4694.2001953125,4687.7998046875,4690.7998046875,494.0
2026-08-26 06:20:00+00:00,4690.60009765625,4691.2001953125,4682.5,4684.0,716.0
2026-08-26 06:25:00+00:00,4683.7998046875,4685.7001953125,4681.10009765625,4683.39990234375,467.0
2026-08-26 06:30:00+00:00,4683.39990234375,4687.7998046875,4682.60009765625,4687.5,344.0
2026-08-26 06:35:00+00:00,4687.7001953125,4688.0,4683.7998046875,4687.2998046875,415.0
2026-08-26 06:40:00+00:00,4686.89990234375,4691.2001953125,4686.60009765625,4690.2001953125,408.0
2026-08-26 06:45:00+00:00,4690.10009765625,4693.2998046875,4690.10009765625,4691.5,382.0
2026-08-26 06:50:00+00:00,4691.39990234375,4692.0,4689.0,4689.7998046875,360.0
2026-08-26 06:55:00+00:00,4689.89990234375,4690.89990234375,4687.10009765625,4690.60009765625,283.0
2026-08-26 07:00:00+00:00,4690.60009765625,4695.7001953125,4690.60009765625,4695.2998046875,501.0
2026-08-26 07:05:00+00:00,4695.5,4695.7001953125,4689.2998046875,4691.60009765625,442.0
2026-08-26 07:10:00+00:00,4691.7998046875,4693.5,4689.60009765625,4693.0,207.0
2026-08-26 07:15:00+00:00,4692.7001953125,4694.2998046875,4690.10009765625,4690.2001953125,203.0
2026-08-26 07:20:00+00:00,4689.89990234375,4691.7001953125,4688.39990234375,4690.5,277.0
2026-08-26 07:25:00+00:00,4690.60009765625,4692.39990234375,4686.89990234375,4687.5,328.0
2026-08-26 07:30:00+00:00,4687.60009765625,4693.0,4687.39990234375,4689.7998046875,422.0
2026-08-26 07:35:00+00:00,4689.5,4690.7001953125,4686.39990234375,4686.7001953125,285.0
2026-08-26 07:40:00+00:00,4686.7998046875,4688.2998046875,4685.10009765625,4688.2998046875,203.0
2026-08-26 07:45:00+00:00,4688.39990234375,4691.2001953125,4686.89990234375,4688.2001953125,250.0
2026-08-26 07:50:00+00:00,4688.0,4688.0,4683.7001953125,4684.5,353.0
2026-08-26 07:55:00+00:00,4684.89990234375,4686.0,4682.60009765625,4685.10009765625,580.0
2026-08-26 08:00:00+00:00,4684.89990234375,4686.7001953125,4682.7001953125,4684.39990234375,322.0
2026-08-26 08:05:00+00:00,4684.7001953125,4685.2998046875,4681.5,4683.7001953125,328.0
2026-08-26 08:10:00+00:00,4683.7001953125,4684.2998046875,4681.39990234375,4681.5,343.0
2026-08-26 08:15:00+00:00,4681.2998046875,4684.5,4678.7001953125,4680.39990234375,685.0
2026-08-26 08:20:00+00:00,4680.7998046875,4682.2001953125,4677.2998046875,4682.0,359.0
2026-08-26 08:25:00+00:00,4682.0,4685.10009765625,4681.39990234375,4684.89990234375,290.0
2026-08-26 08:30:00+00:00,4685.2001953125,4686.39990234375,4680.60009765625,4683.5,337.0
2026-08-26 08:35:00+00:00,4683.89990234375,4686.39990234375,4683.7001953125,4684.7001953125,203.0
2026-08-26 08:40:00+00:00,4684.60009765625,4685.0,4683.7001953125,4685.0,148.0
2026-08-26 08:45:00+00:00,4684.7998046875,4685.39990234375,4682.5,4684.2998046875,283.0
2026-08-26 08:50:00+00:00,4684.2001953125,4684.39990234375,4682.7998046875,4683.2001953125,159.0
2026-08-26 08:55:00+00:00,4683.10009765625,4684.10009765625,4681.2998046875,4683.7001953125,198.0
2026-08-26 09:00:00+00:00,4684.0,4687.0,4681.5,4681.5,852.0
2026-08-26 09:05:00+00:00,4681.5,4683.0,4679.7001953125,4679.7998046875,412.0
2026-08-26 09:10:00+00:00,4679.39990234375,4683.2998046875,4679.2001953125,4680.39990234375,497.0
2026-08-26 09:15:00+00:00,4680.2998046875,4680.7001953125,4676.60009765625,4676.60009765625,559.0
2026-08-26 09:20:00+00:00,4676.89990234375,4677.2998046875,4674.0,4674.2998046875,727.0
2026-08-26 09:25:00+00:00,4674.2001953125,4675.5,4671.2998046875,4672.39990234375,910.0
2026-08-26 09:30:00+00:00,4672.10009765625,4678.0,4672.0,4676.10009765625,527.0
2026-08-26 09:35:00+00:00,4676.7001953125,4676.89990234375,4675.5,4675.89990234375,188.0
2026-08-26 09:40:00+00:00,4675.89990234375,4678.10009765625,4675.2998046875,4678.0,230.0
2026-08-26 09:45:00+00:00,4677.7001953125,4681.60009765625,4677.7001953125,4680.39990234375,370.0
2026-08-26 09:50:00+00:00,4679.7998046875,4681.39990234375,4679.0,4680.2001953125,255.0
2026-08-26 09:55:00+00:00,4680.7001953125,4681.10009765625,4679.5,4679.5,141.0
2026-08-26 10:00:00+00:00,4679.60009765625,4680.0,4676.2998046875,4679.60009765625,250.0
2026-08-26 10:05:00+00:00,4679.10009765625,4679.10009765625,4676.5,4677.7001953125,118.0
2026-08-26 10:10:00+00:00,4677.89990234375,4677.89990234375,4673.89990234375,4675.10009765625,250.0
2026-08-26 10:15:00+00:00,4674.89990234375,4676.7998046875,4673.2998046875,4673.39990234375,217.0
2026-08-26 10:20:00+00:00,4673.0,4676.0,4672.2001953125,4674.60009765625,340.0
2026-08-26 10:25:00+00:00,4674.2998046875,4674.2998046875,4668.7998046875,4670.7998046875,999.0
2026-08-26 10:30:00+00:00,4671.2001953125,4675.39990234375,4670.7001953125,4675.39990234375,334.0
2026-08-26 10:35:00+00:00,4675.39990234375,4680.10009765625,4674.39990234375,4679.89990234375,393.0
2026-08-26 10:40:00+00:00,4679.7001953125,4680.10009765625,4676.89990234375,4678.2998046875,204.0
2026-08-26 10:45:00+00:00,4678.39990234375,4679.89990234375,4678.2001953125,4679.5,167.0
2026-08-26 10:50:00+00:00,4679.7001953125,4679.7998046875,4677.39990234375,4678.5,267.0
2026-08-26 10:55:00+00:00,4678.2001953125,4678.2998046875,4674.60009765625,4675.89990234375,183.0
2026-08-26 11:00:00+00:00,4676.2998046875,4677.89990234375,4675.2998046875,4676.5,222.0
2026-08-26 11:05:00+00:00,4676.2001953125,4676.2998046875,4672.60009765625,4673.5,197.0
2026-08-26 11:10:00+00:00,4673.39990234375,4674.89990234375,4672.60009765625,4674.10009765625,620.0
2026-08-26 11:15:00+00:00,4674.39990234375,4678.7998046875,4674.0,4678.0,764.0
2026-08-26 11:20:00+00:00,4677.7998046875,4678.5,4672.10009765625,4672.5,246.0
2026-08-26 11:25:00+00:00,4672.2998046875,4677.39990234375,4672.2998046875,4676.0,302.0
2026-08-26 11:30:00+00:00,4676.39990234375,4678.89990234375,4674.2001953125,4674.7998046875,416.0
2026-08-26 11:35:00+00:00,4674.60009765625,4675.5,4673.0,4674.0,216.0
2026-08-26 11:40:00+00:00,4673.7998046875,4675.2001953125,4673.0,4674.5,184.0
2026-08-26 11:45:00+00:00,4674.5,4674.7998046875,4672.39990234375,4674.0,248.0
2026-08-26 11:50:00+00:00,4674.10009765625,4675.5,4673.0,4675.0,195.0
2026-08-26 11:55:00+00:00,4675.2998046875,4681.0,4674.7998046875,4680.2998046875,445.0
2026-08-26 12:00:00+00:00,4680.60009765625,4685.0,4679.39990234375,4683.2998046875,812.0
2026-08-26 12:05:00+00:00,4683.2998046875,4685.60009765625,4682.7998046875,4683.0,806.0
2026-08-26 12:10:00+00:00,4683.2001953125,4683.7001953125,4681.0,4681.2001953125,331.0
2026-08-26 12:15:00+00:00,4681.2998046875,4685.89990234375,4680.0,4684.5,671.0
2026-08-26 12:20:00+00:00,4685.0,4685.5,4680.7001953125,4681.60009765625,701.0
2026-08-26 12:25:00+00:00,4682.10009765625,4686.60009765625,4681.39990234375,4686.60009765625,636.0
2026-08-26 12:30:00+00:00,4686.60009765625,4690.0,4666.89990234375,4678.7998046875,3710.0
2026-08-26 12:35:00+00:00,4678.5,4681.2998046875,4673.2001953125,4677.10009765625,1042.0
2026-08-26 12:40:00+00:00,4677.0,4680.5,4669.7001953125,4677.7001953125,1247.0
2026-08-26 12:45:00+00:00,4677.60009765625,4680.39990234375,4673.60009765625,4679.2001953125,671.0
2026-08-26 12:50:00+00:00,4679.10009765625,4681.7001953125,4666.0,4671.60009765625,1673.0
2026-08-26 12:55:00+00:00,4671.2998046875,4674.0,4668.10009765625,4669.5,847.0
2026-08-26 13:00:00+00:00,4670.0,4676.89990234375,4663.89990234375,4667.5,2451.0
2026-08-26 13:05:00+00:00,4667.5,4672.7998046875,4663.60009765625,4664.2001953125,1477.0
2026-08-26 13:10:00+00:00,4664.10009765625,4668.2001953125,4662.60009765625,4666.2998046875,1744.0
2026-08-26 13:15:00+00:00,4666.2001953125,4669.2998046875,4653.2998046875,4667.0,3668.0
2026-08-26 13:20:00+00:00,4666.60009765625,4669.7998046875,4659.60009765625,4664.60009765625,1376.0
2026-08-26 13:25:00+00:00,4664.5,4667.7998046875,4660.5,4666.5,709.0
2026-08-26 13:30:00+00:00,4666.7001953125,4674.0,4665.5,4671.10009765625,1623.0
2026-08-26 13:35:00+00:00,4671.2998046875,4672.2001953125,4667.5,4668.7998046875,862.0
2026-08-26 13:40:00+00:00,4668.7998046875,4678.2998046875,4667.0,4675.0,1826.0
2026-08-26 13:45:00+00:00,4675.0,4680.7998046875,4673.39990234375,4680.7998046875,936.0
2026-08-26 13:50:00+00:00,4680.7001953125,4683.89990234375,4677.60009765625,4679.0,1440.0
2026-08-26 13:55:00+00:00,4679.2998046875,4687.0,4679.0,4686.60009765625,2057.0
2026-08-26 14:00:00+00:00,4686.7001953125,4688.60009765625,4677.5,4679.7998046875,1840.0
2026-08-26 14:05:00+00:00,4680.0,4681.89990234375,4676.2998046875,4678.5,727.0
2026-08-26 14:10:00+00:00,4678.5,4682.7998046875,4675.0,4676.10009765625,850.0
2026-08-26 14:15:00+00:00,4676.2001953125,4680.2998046875,4675.2001953125,4678.7998046875,696.0
2026-08-26 14:20:00+00:00,4679.10009765625,4682.7998046875,4675.10009765625,4676.60009765625,700.0
2026-08-26 14:25:00+00:00,4677.0,4677.10009765625,4672.0,4672.5,916.0
2026-08-26 14:30:00+00:00,4672.39990234375,4675.39990234375,4670.39990234375,4674.2001953125,592.0
2026-08-26 14:35:00+00:00,4674.2998046875,4674.5,4668.60009765625,4672.7001953125,981.0
2026-08-26 14:40:00+00:00,4673.0,4678.89990234375,4672.89990234375,4677.89990234375,710.0
2026-08-26 14:45:00+00:00,4677.89990234375,4678.7998046875,4667.5,4668.60009765625,1388.0
2026-08-26 14:50:00+00:00,4668.39990234375,4670.10009765625,4661.7001953125,4663.2001953125,1193.0
2026-08-26 14:55:00+00:00,4663.5,4668.10009765625,4658.0,4658.2001953125,1866.0
2026-08-26 15:00:00+00:00,4658.5,4660.7998046875,4648.2001953125,4653.2998046875,3928.0
2026-08-26 15:05:00+00:00,4653.2998046875,4653.89990234375,4642.60009765625,4653.0,2638.0
2026-08-26 15:10:00+00:00,4652.89990234375,4655.10009765625,4643.10009765625,4644.0,1505.0
2026-08-26 15:15:00+00:00,4644.0,4649.39990234375,4638.2001953125,4646.2001953125,2594.0
2026-08-26 15:20:00+00:00,4646.2001953125,4649.7998046875,4644.5,4647.10009765625,1171.0
2026-08-26 15:25:00+00:00,4647.10009765625,4653.7001953125,4646.0,4650.39990234375,1578.0
2026-08-26 15:30:00+00:00,4650.0,4653.60009765625,4649.89990234375,4653.2998046875,721.0
2026-08-26 15:35:00+00:00,4653.89990234375,4656.7001953125,4652.7001953125,4656.7001953125,650.0
2026-08-26 15:40:00+00:00,4656.7998046875,4660.2998046875,4655.5,4660.2001953125,852.0
2026-08-26 15:45:00+00:00,4660.39990234375,4664.60009765625,4659.7998046875,4663.60009765625,1191.0
2026-08-26 15:50:00+00:00,4663.7001953125,4663.7998046875,4653.7998046875,4656.0,1281.0
2026-08-26 15:55:00+00:00,4655.7998046875,4659.60009765625,4651.39990234375,4651.39990234375,911.0
2026-08-26 16:00:00+00:00,4651.60009765625,4654.7001953125,4645.89990234375,4652.7998046875,2092.0
2026-08-26 16:05:00+00:00,4652.5,4656.7998046875,4652.39990234375,4654.60009765625,661.0
2026-08-26 16:10:00+00:00,4654.5,4655.2998046875,4652.0,4655.2001953125,517.0
2026-08-26 16:15:00+00:00,4655.39990234375,4655.7998046875,4651.7001953125,4654.2001953125,1815.0
2026-08-26 16:20:00+00:00,4654.2001953125,4654.60009765625,4649.10009765625,4651.0,931.0
2026-08-26 16:25:00+00:00,4651.2001953125,4652.2998046875,4648.7998046875,4649.89990234375,1118.0
2026-08-26 16:30:00+00:00,4650.2001953125,4651.5,4648.10009765625,4649.39990234375,564.0
2026-08-26 16:35:00+00:00,4649.39990234375,4650.7001953125,4642.0,4642.39990234375,801.0
2026-08-26 16:40:00+00:00,4642.39990234375,4646.60009765625,4640.7998046875,4643.7001953125,1355.0
2026-08-26 16:45:00+00:00,4643.2998046875,4650.0,4643.2998046875,4650.0,689.0
2026-08-26 16:50:00+00:00,4649.89990234375,4652.5,4644.39990234375,4644.89990234375,737.0
2026-08-26 16:55:00+00:00,4644.60009765625,4647.39990234375,4643.7998046875,4647.10009765625,456.0
2026-08-26 17:00:00+00:00,4647.10009765625,4649.10009765625,4646.7001953125,4648.5,425.0
2026-08-26 17:05:00+00:00,4648.7001953125,4651.60009765625,4645.89990234375,4649.39990234375,367.0
2026-08-26 17:10:00+00:00,4649.60009765625,4650.7998046875,4648.60009765625,4650.2001953125,316.0
2026-08-26 17:15:00+00:00,4650.2998046875,4651.39990234375,4648.7998046875,4651.2001953125,325.0
2026-08-26 17:20:00+00:00,4651.5,4654.2998046875,4650.7001953125,4652.10009765625,932.0
2026-08-26 17:25:00+00:00,4651.89990234375,4653.89990234375,4649.7998046875,4653.39990234375,1236.0
2026-08-26 17:30:00+00:00,4653.2001953125,4657.60009765625,4652.2998046875,4656.2998046875,983.0
2026-08-26 17:35:00+00:00,4656.5,4656.7001953125,4651.39990234375,4652.0,359.0
2026-08-26 17:40:00+00:00,4652.0,4654.7001953125,4651.0,4652.60009765625,376.0
2026-08-26 17:45:00+00:00,4652.5,4654.2001953125,4651.7001953125,4653.7001953125,227.0
2026-08-26 17:50:00+00:00,4653.7998046875,4654.60009765625,4652.5,4652.7001953125,166.0
2026-08-26 17:55:00+00:00,4652.7998046875,4653.2001953125,4649.39990234375,4653.2001953125,426.0
2026-08-26 18:00:00+00:00,4653.10009765625,4659.0,4652.2998046875,4658.60009765625,430.0
2026-08-26 18:05:00+00:00,4658.2998046875,4660.2998046875,4656.2001953125,4658.10009765625,776.0
2026-08-26 18:10:00+00:00,4658.0,4659.2998046875,4655.39990234375,4655.89990234375,360.0
2026-08-26 18:15:00+00:00,4656.0,4656.2001953125,4650.2998046875,4651.0,457.0
2026-08-26 18:20:00+00:00,4651.2001953125,4651.2998046875,4648.0,4649.2001953125,479.0
2026-08-26 18:25:00+00:00,4649.60009765625,4650.60009765625,4648.2998046875,4650.2001953125,447.0
2026-08-26 18:30:00+00:00,4649.89990234375,4650.7998046875,4648.60009765625,4648.7001953125,315.0
2026-08-26 18:35:00+00:00,4648.7998046875,4651.39990234375,4647.5,4649.60009765625,398.0
2026-08-26 18:40:00+00:00,4649.5,4652.60009765625,4649.0,4652.0,339.0
2026-08-26 18:45:00+00:00,4651.60009765625,4653.0,4651.0,4651.89990234375,157.0
2026-08-26 18:50:00+00:00,4651.7998046875,4653.0,4651.0,4651.10009765625,172.0
2026-08-26 18:55:00+00:00,4651.0,4651.2001953125,4648.2998046875,4648.5,462.0
2026-08-26 19:00:00+00:00,4648.7998046875,4649.89990234375,4646.0,4647.2001953125,274.0
2026-08-26 19:05:00+00:00,4647.39990234375,4648.2001953125,4645.7001953125,4647.60009765625,210.0
2026-08-26 19:10:00+00:00,4647.60009765625,4650.39990234375,4647.60009765625,4649.10009765625,201.0
2026-08-26 19:15:00+00:00,4649.10009765625,4650.39990234375,4646.2001953125,4646.5,229.0
2026-08-26 19:20:00+00:00,4646.39990234375,4648.89990234375,4645.7998046875,4648.7998046875,179.0
2026-08-26 19:25:00+00:00,4649.10009765625,4653.7001953125,4649.10009765625,4653.10009765625,523.0
2026-08-26 19:30:00+00:00,4653.2001953125,4656.2998046875,4651.5,4652.2998046875,415.0
2026-08-26 19:35:00+00:00,4652.2001953125,4653.10009765625,4651.0,4651.7998046875,186.0
2026-08-26 19:40:00+00:00,4651.2001953125,4651.7998046875,4649.0,4650.2001953125,201.0
2026-08-26 19:45:00+00:00,4650.5,4651.10009765625,4649.5,4650.0,203.0
2026-08-26 19:50:00+00:00,4649.60009765625,4650.0,4647.0,4648.39990234375,280.0
2026-08-26 19:55:00+00:00,4648.10009765625,4649.39990234375,4647.0,4648.89990234375,607.0
2026-08-26 20:00:00+00:00,4649.0,4649.5,4647.2998046875,4648.60009765625,217.0
2026-08-26 20:05:00+00:00,4648.89990234375,4651.39990234375,4648.89990234375,4649.5,139.0
2026-08-26 20:10:00+00:00,4649.2998046875,4649.7998046875,4646.0,4646.0,143.0
2026-08-26 20:15:00+00:00,4646.39990234375,4646.39990234375,4643.60009765625,4643.89990234375,162.0
2026-08-26 20:20:00+00:00,4643.7998046875,4644.2001953125,4638.60009765625,4644.2001953125,492.0
2026-08-26 20:25:00+00:00,4644.39990234375,4646.7001953125,4643.89990234375,4645.89990234375,85.0
2026-08-26 20:30:00+00:00,4645.7998046875,4646.89990234375,4645.0,4646.60009765625,65.0
2026-08-26 20:35:00+00:00,4646.7001953125,4648.39990234375,4646.60009765625,4648.2998046875,103.0
2026-08-26 20:40:00+00:00,4648.0,4648.0,4646.2001953125,4646.39990234375,77.0
2026-08-26 20:45:00+00:00,4646.60009765625,4648.39990234375,4646.5,4648.2998046875,62.0
2026-08-26 20:50:00+00:00,4648.2001953125,4648.7998046875,4647.2001953125,4647.60009765625,80.0
2026-08-26 20:55:00+00:00,4648.10009765625,4649.7001953125,4647.7998046875,4647.7998046875,113.0
2026-08-26 22:00:00+00:00,4650.0,4659.39990234375,4648.10009765625,4656.7001953125,0.0
2026-08-26 22:05:00+00:00,4656.60009765625,4659.2001953125,4656.5,4658.39990234375,123.0
2026-08-26 22:10:00+00:00,4658.5,4660.0,4656.0,4656.60009765625,131.0
2026-08-26 22:15:00+00:00,4657.0,4666.7001953125,4656.2001953125,4665.0,443.0
2026-08-26 22:20:00+00:00,4664.7998046875,4667.7001953125,4660.5,4660.7998046875,264.0
2026-08-26 22:25:00+00:00,4660.5,4665.60009765625,4659.7001953125,4665.10009765625,219.0
2026-08-26 22:30:00+00:00,4665.2001953125,4666.0,4663.89990234375,4664.39990234375,109.0
2026-08-26 22:35:00+00:00,4663.89990234375,4665.60009765625,4663.10009765625,4664.7001953125,136.0
2026-08-26 22:40:00+00:00,4664.60009765625,4666.0,4663.10009765625,4665.0,131.0
2026-08-26 22:45:00+00:00,4665.2998046875,4666.2001953125,4662.2998046875,4663.60009765625,197.0
2026-08-26 22:50:00+00:00,4663.2001953125,4663.60009765625,4661.2998046875,4661.7001953125,204.0
2026-08-26 22:55:00+00:00,4661.39990234375,4664.0,4660.7001953125,4663.2998046875,262.0
2026-08-26 23:00:00+00:00,4663.2001953125,4665.7001953125,4660.89990234375,4662.2001953125,420.0
2026-08-26 23:05:00+00:00,4662.2998046875,4666.2001953125,4662.2998046875,4665.2998046875,179.0
2026-08-26 23:10:00+00:00,4665.39990234375,4669.5,4665.0,4669.5,264.0
2026-08-26 23:15:00+00:00,4669.10009765625,4674.5,4668.2001953125,4674.39990234375,432.0
2026-08-26 23:20:00+00:00,4674.5,4676.0,4674.2001953125,4674.60009765625,422.0
2026-08-26 23:25:00+00:00,4674.7998046875,4676.10009765625,4673.2001953125,4673.7001953125,281.0
2026-08-26 23:30:00+00:00,4674.10009765625,4674.89990234375,4672.0,4674.89990234375,130.0
2026-08-26 23:35:00+00:00,4675.0,4678.7001953125,4672.7998046875,4678.5,288.0
2026-08-26 23:40:00+00:00,4678.2998046875,4678.2998046875,4676.0,4676.7998046875,173.0
2026-08-26 23:45:00+00:00,4676.2998046875,4678.89990234375,4674.7998046875,4677.39990234375,393.0
2026-08-26 23:50:00+00:00,4677.2998046875,4678.39990234375,4674.89990234375,4675.10009765625,242.0
2026-08-26 23:55:00+00:00,4675.0,4678.39990234375,4674.7001953125,4677.5,408.0
2026-08-27 00:00:00+00:00,4677.89990234375,4681.0,4676.5,4678.5,471.0
2026-08-27 00:05:00+00:00,4678.2998046875,4678.2998046875,4672.2001953125,4673.2001953125,297.0
2026-08-27 00:10:00+00:00,4672.89990234375,4673.5,4670.2998046875,4672.0,251.0
2026-08-27 00:15:00+00:00,4671.7001953125,4673.5,4667.39990234375,4673.2001953125,518.0
2026-08-27 00:20:00+00:00,4673.10009765625,4675.2001953125,4672.39990234375,4673.2998046875,159.0
2026-08-27 00:25:00+00:00,4674.10009765625,4675.2998046875,4671.2998046875,4673.10009765625,176.0
2026-08-27 00:30:00+00:00,4673.0,4673.0,4666.89990234375,4667.60009765625,246.0
2026-08-27 00:35:00+00:00,4667.2001953125,4669.2001953125,4664.0,4666.2001953125,569.0
2026-08-27 00:40:00+00:00,4666.7001953125,4667.39990234375,4659.39990234375,4660.39990234375,957.0
2026-08-27 00:45:00+00:00,4660.5,4665.2998046875,4660.39990234375,4663.7998046875,477.0
2026-08-27 00:50:00+00:00,4663.60009765625,4663.60009765625,4654.5,4657.0,479.0
2026-08-27 00:55:00+00:00,4656.5,4659.2001953125,4656.0,4659.2001953125,226.0
2026-08-27 01:00:00+00:00,4658.89990234375,4669.0,4656.2001953125,4668.39990234375,1014.0
2026-08-27 01:05:00+00:00,4668.7001953125,4673.89990234375,4666.10009765625,4670.7001953125,409.0
2026-08-27 01:10:00+00:00,4671.0,4679.10009765625,4670.7001953125,4678.89990234375,488.0
2026-08-27 01:15:00+00:00,4679.10009765625,4679.10009765625,4671.2001953125,4676.2998046875,581.0
2026-08-27 01:20:00+00:00,4676.5,4679.5,4673.0,4679.5,503.0
2026-08-27 01:25:00+00:00,4679.39990234375,4679.39990234375,4672.7998046875,4672.7998046875,265.0
2026-08-27 01:30:00+00:00,4672.7001953125,4677.0,4672.39990234375,4676.0,320.0
2026-08-27 01:35:00+00:00,4676.39990234375,4685.0,4674.2998046875,4682.7001953125,722.0
2026-08-27 01:40:00+00:00,4683.0,4686.0,4676.5,4678.39990234375,1034.0
2026-08-27 01:45:00+00:00,4678.39990234375,4686.0,4678.2998046875,4684.2998046875,513.0
2026-08-27 01:50:00+00:00,4684.5,4689.89990234375,4683.39990234375,4689.0,745.0
2026-08-27 01:55:00+00:00,4689.5,4695.39990234375,4689.10009765625,4694.60009765625,885.0
2026-08-27 02:00:00+00:00,4694.60009765625,4697.7001953125,4692.60009765625,4693.2001953125,844.0
2026-08-27 02:05:00+00:00,4693.5,4697.10009765625,4692.7001953125,4696.7001953125,348.0
2026-08-27 02:10:00+00:00,4696.7998046875,4696.7998046875,4693.5,4695.39990234375,257.0
2026-08-27 02:15:00+00:00,4695.0,4695.2001953125,4691.89990234375,4693.60009765625,432.0
2026-08-27 02:20:00+00:00,4693.2001953125,4695.0,4691.5,4691.5,384.0
2026-08-27 02:25:00+00:00,4691.7998046875,4692.2001953125,4687.39990234375,4687.89990234375,418.0
2026-08-27 02:30:00+00:00,4687.7998046875,4688.39990234375,4683.10009765625,4683.89990234375,749.0
2026-08-27 02:35:00+00:00,4684.2001953125,4685.2001953125,4679.2001953125,4682.7001953125,658.0
2026-08-27 02:40:00+00:00,4682.7998046875,4683.2998046875,4678.10009765625,4681.60009765625,484.0
2026-08-27 02:45:00+00:00,4681.7998046875,4685.0,4678.89990234375,4683.7998046875,355.0
2026-08-27 02:50:00+00:00,4683.7001953125,4685.89990234375,4682.2998046875,4683.7998046875,309.0
2026-08-27 02:55:00+00:00,4683.7001953125,4685.2998046875,4682.7998046875,4683.7001953125,176.0
2026-08-27 03:00:00+00:00,4683.7998046875,4689.10009765625,4682.89990234375,4689.0,351.0
2026-08-27 03:05:00+00:00,4689.0,4689.7001953125,4684.2998046875,4684.39990234375,226.0
2026-08-27 03:10:00+00:00,4684.89990234375,4689.2001953125,4684.0,4689.0,160.0
2026-08-27 03:15:00+00:00,4688.7001953125,4689.7998046875,4687.39990234375,4687.89990234375,150.0
2026-08-27 03:20:00+00:00,4688.10009765625,4693.10009765625,4688.0,4693.10009765625,217.0
2026-08-27 03:25:00+00:00,4692.10009765625,4692.10009765625,4689.2001953125,4690.0,153.0
2026-08-27 03:30:00+00:00,4690.0,4690.2998046875,4688.2001953125,4688.39990234375,167.0
2026-08-27 03:35:00+00:00,4688.7001953125,4688.7998046875,4686.5,4686.89990234375,146.0
2026-08-27 03:40:00+00:00,4686.7998046875,4687.0,4683.39990234375,4684.0,273.0
2026-08-27 03:45:00+00:00,4683.7001953125,4684.39990234375,4681.2001953125,4682.0,195.0
2026-08-27 03:50:00+00:00,4682.10009765625,4682.2998046875,4680.10009765625,4681.39990234375,154.0
2026-08-27 03:55:00+00:00,4681.39990234375,4681.5,4678.7998046875,4679.0,110.0
2026-08-27 04:00:00+00:00,4679.7001953125,4681.7998046875,4679.0,4681.0,188.0
2026-08-27 04:05:00+00:00,4680.89990234375,4681.2998046875,4679.0,4679.7998046875,108.0
2026-08-27 04:10:00+00:00,4679.89990234375,4680.7001953125,4678.7998046875,4679.7998046875,116.0
2026-08-27 04:15:00+00:00,4679.60009765625,4681.60009765625,4678.2998046875,4678.5,156.0
2026-08-27 04:20:00+00:00,4678.7001953125,4679.2001953125,4677.10009765625,4677.60009765625,190.0
2026-08-27 04:25:00+00:00,4677.39990234375,4678.39990234375,4675.0,4675.0,253.0
2026-08-27 04:30:00+00:00,4674.89990234375,4675.2998046875,4672.7998046875,4673.0,257.0
2026-08-27 04:35:00+00:00,4672.7998046875,4674.60009765625,4671.7001953125,4672.5,198.0
2026-08-27 04:40:00+00:00,4672.10009765625,4674.39990234375,4671.39990234375,4673.39990234375,176.0
2026-08-27 04:45:00+00:00,4673.2998046875,4674.89990234375,4671.89990234375,4674.5,250.0
2026-08-27 04:50:00+00:00,4674.39990234375,4675.0,4673.39990234375,4674.5,217.0
2026-08-27 04:55:00+00:00,4674.39990234375,4674.39990234375,4672.0,4673.0,225.0
2026-08-27 05:00:00+00:00,4673.2998046875,4674.2998046875,4670.60009765625,4674.2998046875,277.0
2026-08-27 05:05:00+00:00,4674.2001953125,4675.7001953125,4673.2001953125,4674.39990234375,205.0
2026-08-27 05:10:00+00:00,4674.10009765625,4675.7001953125,4673.5,4673.89990234375,129.0
2026-08-27 05:15:00+00:00,4674.0,4675.7998046875,4672.39990234375,4673.7001953125,247.0
2026-08-27 05:20:00+00:00,4674.39990234375,4675.39990234375,4672.39990234375,4674.7001953125,189.0
2026-08-27 05:25:00+00:00,4674.89990234375,4675.60009765625,4670.7998046875,4671.2001953125,236.0
2026-08-27 05:30:00+00:00,4671.10009765625,4673.89990234375,4663.2998046875,4665.2998046875,1259.0
2026-08-27 05:35:00+00:00,4665.10009765625,4666.89990234375,4662.2998046875,4665.39990234375,406.0
2026-08-27 05:40:00+00:00,4664.89990234375,4664.89990234375,4658.7001953125,4659.7001953125,814.0
2026-08-27 05:45:00+00:00,4659.5,4663.89990234375,4658.7001953125,4660.39990234375,646.0
2026-08-27 05:50:00+00:00,4660.39990234375,4662.89990234375,4655.0,4657.0,921.0
2026-08-27 05:55:00+00:00,4657.10009765625,4661.7001953125,4655.60009765625,4661.2001953125,688.0
2026-08-27 06:00:00+00:00,4661.0,4661.5,4653.2998046875,4657.39990234375,1534.0
2026-08-27 06:05:00+00:00,4657.7998046875,4659.5,4655.0,4658.7001953125,614.0
2026-08-27 06:10:00+00:00,4658.7998046875,4660.7001953125,4653.89990234375,4660.0,654.0
2026-08-27 06:15:00+00:00,4659.39990234375,4661.2998046875,4657.60009765625,4660.2998046875,419.0
2026-08-27 06:20:00+00:00,4660.2001953125,4663.89990234375,4660.0,4663.39990234375,506.0
2026-08-27 06:25:00+00:00,4663.2001953125,4664.2001953125,4660.89990234375,4664.2001953125,341.0
2026-08-27 06:30:00+00:00,4664.39990234375,4665.7001953125,4659.2998046875,4661.39990234375,470.0
2026-08-27 06:35:00+00:00,4661.2998046875,4662.2001953125,4658.60009765625,4661.39990234375,349.0
2026-08-27 06:40:00+00:00,4661.39990234375,4663.0,4660.7998046875,4661.5,190.0
2026-08-27 06:45:00+00:00,4661.60009765625,4663.5,4657.60009765625,4658.39990234375,390.0
2026-08-27 06:50:00+00:00,4658.7001953125,4659.89990234375,4655.2001953125,4655.89990234375,600.0
2026-08-27 06:55:00+00:00,4655.89990234375,4656.39990234375,4651.7001953125,4654.2998046875,819.0
2026-08-27 07:00:00+00:00,4654.2998046875,4657.7001953125,4652.60009765625,4657.39990234375,473.0
2026-08-27 07:05:00+00:00,4657.60009765625,4659.7001953125,4656.10009765625,4656.60009765625,542.0
2026-08-27 07:10:00+00:00,4656.7001953125,4657.7001953125,4655.0,4657.7001953125,310.0
2026-08-27 07:15:00+00:00,4657.5,4657.5,4649.60009765625,4651.2001953125,525.0
2026-08-27 07:20:00+00:00,4651.2001953125,4652.7001953125,4649.7001953125,4650.60009765625,330.0
2026-08-27 07:25:00+00:00,4650.39990234375,4653.39990234375,4647.2001953125,4653.2998046875,1079.0
2026-08-27 07:30:00+00:00,4653.39990234375,4655.10009765625,4648.7001953125,4650.2001953125,427.0
2026-08-27 07:35:00+00:00,4650.2998046875,4652.2998046875,4648.7001953125,4650.2998046875,305.0
2026-08-27 07:40:00+00:00,4650.2001953125,4652.10009765625,4649.5,4651.5,164.0
2026-08-27 07:45:00+00:00,4651.7998046875,4653.0,4649.7001953125,4651.2998046875,223.0
2026-08-27 07:50:00+00:00,4651.2998046875,4653.39990234375,4649.39990234375,4651.60009765625,187.0
2026-08-27 07:55:00+00:00,4651.7001953125,4656.2998046875,4651.7001953125,4653.39990234375,380.0
2026-08-27 08:00:00+00:00,4654.0,4659.89990234375,4653.2001953125,4659.0,506.0
2026-08-27 08:05:00+00:00,4659.10009765625,4660.5,4656.10009765625,4657.0,394.0
2026-08-27 08:10:00+00:00,4656.7001953125,4658.2998046875,4656.39990234375,4656.7998046875,156.0
2026-08-27 08:15:00+00:00,4657.2001953125,4659.7998046875,4656.2998046875,4657.5,293.0
2026-08-27 08:20:00+00:00,4657.2998046875,4657.2998046875,4653.60009765625,4657.0,289.0
2026-08-27 08:25:00+00:00,4657.10009765625,4657.60009765625,4654.2998046875,4654.7001953125,232.0
2026-08-27 08:30:00+00:00,4654.5,4655.2998046875,4652.2001953125,4652.2998046875,287.0
2026-08-27 08:35:00+00:00,4652.2998046875,4653.2001953125,4650.5,4651.7998046875,247.0
2026-08-27 08:40:00+00:00,4651.7998046875,4652.39990234375,4647.89990234375,4649.2001953125,451.0
2026-08-27 08:45:00+00:00,4649.2001953125,4652.0,4648.89990234375,4651.60009765625,185.0
2026-08-27 08:50:00+00:00,4651.39990234375,4653.2001953125,4651.0,4652.7001953125,147.0
2026-08-27 08:55:00+00:00,4652.7998046875,4655.5,4651.89990234375,4652.2998046875,368.0
2026-08-27 09:00:00+00:00,4652.2998046875,4653.7998046875,4646.60009765625,4647.5,432.0
2026-08-27 09:05:00+00:00,4647.7001953125,4650.39990234375,4647.10009765625,4649.5,237.0
2026-08-27 09:10:00+00:00,4649.7001953125,4651.89990234375,4648.5,4648.7001953125,225.0
2026-08-27 09:15:00+00:00,4649.0,4650.10009765625,4647.89990234375,4648.39990234375,168.0
2026-08-27 09:20:00+00:00,4648.2998046875,4650.2001953125,4648.0,4650.0,326.0
2026-08-27 09:25:00+00:00,4650.0,4652.5,4646.7998046875,4650.7001953125,1218.0
2026-08-27 09:30:00+00:00,4650.89990234375,4652.10009765625,4645.89990234375,4647.0,1306.0
2026-08-27 09:35:00+00:00,4647.10009765625,4647.2998046875,4631.0,4637.7001953125,2462.0
2026-08-27 09:40:00+00:00,4637.7998046875,4637.7998046875,4634.39990234375,4635.60009765625,802.0
2026-08-27 09:45:00+00:00,4635.39990234375,4637.39990234375,4633.60009765625,4635.5,532.0
2026-08-27 09:50:00+00:00,4635.7998046875,4639.0,4634.39990234375,4635.2001953125,426.0
2026-08-27 09:55:00+00:00,4635.39990234375,4635.5,4631.7001953125,4633.2001953125,812.0
2026-08-27 10:00:00+00:00,4632.89990234375,4633.7998046875,4618.89990234375,4625.10009765625,2152.0
2026-08-27 10:05:00+00:00,4625.0,4629.39990234375,4622.39990234375,4629.39990234375,912.0
2026-08-27 10:10:00+00:00,4629.39990234375,4634.7001953125,4629.2998046875,4634.39990234375,910.0
2026-08-27 10:15:00+00:00,4634.0,4636.2001953125,4629.89990234375,4633.5,632.0
2026-08-27 10:20:00+00:00,4633.5,4635.2998046875,4632.7998046875,4635.0,295.0
2026-08-27 10:25:00+00:00,4634.7001953125,4635.2001953125,4632.7998046875,4633.2001953125,368.0
2026-08-27 10:30:00+00:00,4632.89990234375,4633.5,4631.10009765625,4631.7998046875,332.0
2026-08-27 10:35:00+00:00,4631.7998046875,4632.2001953125,4629.2001953125,4629.60009765625,355.0
2026-08-27 10:40:00+00:00,4629.60009765625,4639.10009765625,4628.89990234375,4638.60009765625,443.0
2026-08-27 10:45:00+00:00,4638.60009765625,4640.7998046875,4638.39990234375,4639.7998046875,530.0
2026-08-27 10:50:00+00:00,4639.60009765625,4642.2001953125,4638.89990234375,4642.0,359.0
2026-08-27 10:55:00+00:00,4641.89990234375,4643.60009765625,4641.2001953125,4643.0,328.0
2026-08-27 11:00:00+00:00,4643.10009765625,4644.2998046875,4640.2001953125,4641.89990234375,240.0
2026-08-27 11:05:00+00:00,4642.0,4644.39990234375,4641.7998046875,4644.0,182.0
2026-08-27 11:10:00+00:00,4643.5,4645.7001953125,4642.60009765625,4645.5,236.0
2026-08-27 11:15:00+00:00,4645.39990234375,4645.7998046875,4644.2001953125,4645.39990234375,305.0
2026-08-27 11:20:00+00:00,4645.7001953125,4649.7001953125,4645.39990234375,4649.5,767.0
2026-08-27 11:25:00+00:00,4649.7998046875,4650.2001953125,4646.0,4647.39990234375,550.0
2026-08-27 11:30:00+00:00,4647.89990234375,4652.2998046875,4647.10009765625,4648.89990234375,1154.0
2026-08-27 11:35:00+00:00,4649.2001953125,4650.2998046875,4647.2998046875,4650.2998046875,433.0
2026-08-27 11:40:00+00:00,4650.2001953125,4653.0,4650.0,4651.0,463.0
2026-08-27 11:45:00+00:00,4651.0,4651.0,4648.10009765625,4648.60009765625,1913.0
2026-08-27 11:50:00+00:00,4648.7001953125,4653.10009765625,4647.89990234375,4653.10009765625,312.0
2026-08-27 11:55:00+00:00,4653.2001953125,4653.7001953125,4650.5,4652.2998046875,314.0
2026-08-27 12:00:00+00:00,4652.0,4654.7001953125,4651.39990234375,4652.10009765625,959.0
2026-08-27 12:05:00+00:00,4651.89990234375,4652.2998046875,4647.2001953125,4648.60009765625,459.0
2026-08-27 12:10:00+00:00,4648.5,4649.0,4646.0,4646.10009765625,362.0
2026-08-27 12:15:00+00:00,4646.0,4649.60009765625,4645.0,4648.10009765625,739.0
2026-08-27 12:20:00+00:00,4648.2001953125,4654.10009765625,4648.2001953125,4649.89990234375,1064.0
2026-08-27 12:25:00+00:00,4650.0,4650.2001953125,4646.10009765625,4650.0,405.0
2026-08-27 12:30:00+00:00,4650.60009765625,4651.0,4646.39990234375,4647.0,603.0
2026-08-27 12:35:00+00:00,4647.39990234375,4649.5,4641.5,4643.2001953125,1258.0
2026-08-27 12:40:00+00:00,4642.89990234375,4643.89990234375,4640.7001953125,4641.0,479.0
2026-08-27 12:45:00+00:00,4641.0,4641.5,4636.5,4637.0,643.0
2026-08-27 12:50:00+00:00,4636.7998046875,4638.2998046875,4633.7001953125,4638.2001953125,586.0
2026-08-27 12:55:00+00:00,4638.10009765625,4641.60009765625,4636.7001953125,4639.2998046875,548.0
2026-08-27 13:00:00+00:00,4639.2001953125,4643.60009765625,4633.0,4641.7998046875,964.0
2026-08-27 13:05:00+00:00,4641.5,4644.0,4639.10009765625,4639.60009765625,619.0
2026-08-27 13:10:00+00:00,4639.89990234375,4643.39990234375,4637.39990234375,4638.5,406.0
2026-08-27 13:15:00+00:00,4638.2001953125,4642.10009765625,4636.0,4638.89990234375,465.0
2026-08-27 13:20:00+00:00,4639.5,4641.60009765625,4638.39990234375,4640.39990234375,405.0
2026-08-27 13:25:00+00:00,4640.7998046875,4646.39990234375,4640.0,4643.10009765625,1482.0
2026-08-27 13:30:00+00:00,4643.0,4646.0,4628.2001953125,4628.60009765625,2180.0
2026-08-27 13:35:00+00:00,4628.39990234375,4634.2001953125,4626.7998046875,4628.5,1212.0
2026-08-27 13:40:00+00:00,4627.7001953125,4636.39990234375,4624.5,4631.2998046875,1348.0
2026-08-27 13:45:00+00:00,4630.7001953125,4632.5,4616.0,4629.39990234375,2299.0
2026-08-27 13:50:00+00:00,4630.0,4635.89990234375,4623.60009765625,4625.10009765625,1786.0
2026-08-27 13:55:00+00:00,4625.39990234375,4629.2001953125,4624.60009765625,4625.89990234375,957.0
2026-08-27 14:00:00+00:00,4625.60009765625,4629.7001953125,4621.7001953125,4629.10009765625,2091.0
2026-08-27 14:05:00+00:00,4629.2001953125,4632.7998046875,4625.0,4628.2998046875,1136.0
2026-08-27 14:10:00+00:00,4628.10009765625,4631.39990234375,4625.7001953125,4627.60009765625,742.0
2026-08-27 14:15:00+00:00,4627.0,4636.0,4627.0,4632.7998046875,780.0
2026-08-27 14:20:00+00:00,4633.0,4637.89990234375,4628.60009765625,4631.60009765625,1414.0
2026-08-27 14:25:00+00:00,4631.60009765625,4635.0,4627.2998046875,4634.60009765625,773.0
2026-08-27 14:30:00+00:00,4634.39990234375,4639.39990234375,4634.39990234375,4639.10009765625,1086.0
2026-08-27 14:35:00+00:00,4639.39990234375,4644.60009765625,4639.39990234375,4642.60009765625,1338.0
2026-08-27 14:40:00+00:00,4642.89990234375,4651.5,4640.10009765625,4648.7998046875,2157.0
2026-08-27 14:45:00+00:00,4648.89990234375,4652.0,4646.10009765625,4647.0,1131.0
2026-08-27 14:50:00+00:00,4647.10009765625,4647.7998046875,4644.7998046875,4645.10009765625,606.0
2026-08-27 14:55:00+00:00,4645.2001953125,4647.0,4641.89990234375,4645.10009765625,515.0
2026-08-27 15:00:00+00:00,4645.0,4649.5,4645.0,4648.0,606.0
2026-08-27 15:05:00+00:00,4647.7998046875,4649.0,4644.89990234375,4645.7998046875,399.0
2026-08-27 15:10:00+00:00,4645.89990234375,4649.0,4645.7998046875,4646.5,290.0
2026-08-27 15:15:00+00:00,4646.60009765625,4651.89990234375,4646.5,4651.0,482.0
2026-08-27 15:20:00+00:00,4650.89990234375,4650.89990234375,4643.10009765625,4644.2001953125,567.0
2026-08-27 15:25:00+00:00,4644.10009765625,4649.39990234375,4642.7001953125,4646.89990234375,337.0
2026-08-27 15:30:00+00:00,4646.89990234375,4652.89990234375,4646.10009765625,4651.10009765625,512.0
2026-08-27 15:35:00+00:00,4651.2998046875,4653.60009765625,4649.7998046875,4653.60009765625,1017.0
2026-08-27 15:40:00+00:00,4653.7001953125,4660.0,4653.2998046875,4655.5,1433.0
2026-08-27 15:45:00+00:00,4655.7001953125,4658.7998046875,4654.2998046875,4658.5,450.0
2026-08-27 15:50:00+00:00,4658.60009765625,4664.2001953125,4657.5,4663.7998046875,863.0
2026-08-27 15:55:00+00:00,4663.5,4665.5,4662.2001953125,4664.5,941.0
2026-08-27 16:00:00+00:00,4664.7001953125,4666.89990234375,4663.10009765625,4665.7001953125,781.0
2026-08-27 16:05:00+00:00,4665.5,4665.5,4660.0,4661.5,551.0
2026-08-27 16:10:00+00:00,4661.2001953125,4661.7001953125,4658.7001953125,4658.89990234375,373.0
2026-08-27 16:15:00+00:00,4658.89990234375,4659.7998046875,4656.5,4657.2001953125,416.0
2026-08-27 16:20:00+00:00,4657.39990234375,4662.39990234375,4657.39990234375,4660.7001953125,480.0
2026-08-27 16:25:00+00:00,4660.2998046875,4662.60009765625,4659.7998046875,4662.0,240.0
2026-08-27 16:30:00+00:00,4661.7998046875,4663.0,4660.0,4662.7998046875,666.0
2026-08-27 16:35:00+00:00,4662.7998046875,4667.10009765625,4661.7001953125,4666.0,704.0
2026-08-27 16:40:00+00:00,4665.89990234375,4665.89990234375,4664.2998046875,4665.7001953125,398.0
2026-08-27 16:45:00+00:00,4665.60009765625,4669.10009765625,4664.60009765625,4664.89990234375,644.0
2026-08-27 16:50:00+00:00,4665.2001953125,4670.89990234375,4664.2998046875,4670.2998046875,923.0
2026-08-27 16:55:00+00:00,4670.5,4670.5,4666.7001953125,4669.2998046875,395.0
2026-08-27 17:00:00+00:00,4669.2001953125,4670.7001953125,4666.39990234375,4668.2001953125,529.0
2026-08-27 17:05:00+00:00,4668.10009765625,4668.10009765625,4664.2001953125,4664.7001953125,439.0
2026-08-27 17:10:00+00:00,4664.60009765625,4665.60009765625,4662.7001953125,4664.5,290.0
2026-08-27 17:15:00+00:00,4664.39990234375,4664.60009765625,4662.5,4663.2001953125,231.0
2026-08-27 17:20:00+00:00,4663.2998046875,4666.0,4663.2001953125,4665.89990234375,285.0
2026-08-27 17:25:00+00:00,4665.89990234375,4666.2001953125,4662.7998046875,4664.2998046875,876.0
2026-08-27 17:30:00+00:00,4664.5,4665.39990234375,4663.2998046875,4663.89990234375,315.0
2026-08-27 17:35:00+00:00,4663.5,4665.39990234375,4662.39990234375,4665.39990234375,189.0
2026-08-27 17:40:00+00:00,4665.5,4668.39990234375,4663.89990234375,4665.39990234375,450.0
2026-08-27 17:45:00+00:00,4665.5,4665.89990234375,4660.60009765625,4664.2001953125,443.0
2026-08-27 17:50:00+00:00,4663.7998046875,4664.60009765625,4660.7001953125,4662.0,242.0
2026-08-27 17:55:00+00:00,4662.5,4663.0,4659.10009765625,4660.39990234375,544.0
2026-08-27 18:00:00+00:00,4660.60009765625,4661.39990234375,4655.89990234375,4657.0,568.0
2026-08-27 18:05:00+00:00,4656.7998046875,4662.10009765625,4656.7998046875,4658.5,341.0
2026-08-27 18:10:00+00:00,4658.7001953125,4660.39990234375,4657.89990234375,4659.2001953125,234.0
2026-08-27 18:15:00+00:00,4659.60009765625,4661.7001953125,4658.89990234375,4661.39990234375,168.0
2026-08-27 18:20:00+00:00,4661.60009765625,4662.0,4656.89990234375,4657.2001953125,206.0
2026-08-27 18:25:00+00:00,4657.2001953125,4657.5,4655.2001953125,4655.2998046875,375.0
2026-08-27 18:30:00+00:00,4655.2998046875,4657.60009765625,4654.7001953125,4655.7998046875,271.0
2026-08-27 18:35:00+00:00,4655.7998046875,4659.0,4655.7998046875,4658.2998046875,164.0
2026-08-27 18:40:00+00:00,4658.0,4658.60009765625,4657.5,4658.2998046875,63.0
2026-08-27 18:45:00+00:00,4658.39990234375,4660.7001953125,4658.2001953125,4659.7001953125,209.0
2026-08-27 18:50:00+00:00,4659.5,4665.2001953125,4658.7998046875,4663.39990234375,615.0
2026-08-27 18:55:00+00:00,4662.89990234375,4664.7998046875,4662.7001953125,4664.2998046875,147.0
2026-08-27 19:00:00+00:00,4664.7001953125,4670.7998046875,4664.60009765625,4667.7998046875,353.0
2026-08-27 19:05:00+00:00,4667.7001953125,4672.39990234375,4666.7998046875,4671.10009765625,605.0
2026-08-27 19:10:00+00:00,4671.2001953125,4671.39990234375,4669.10009765625,4669.89990234375,300.0
2026-08-27 19:15:00+00:00,4670.39990234375,4670.39990234375,4663.7998046875,4665.7001953125,347.0
2026-08-27 19:20:00+00:00,4665.7001953125,4665.7001953125,4660.60009765625,4661.60009765625,467.0
2026-08-27 19:25:00+00:00,4661.5,4662.39990234375,4658.2998046875,4660.0,316.0
2026-08-27 19:30:00+00:00,4659.7998046875,4662.0,4658.60009765625,4661.10009765625,244.0
2026-08-27 19:35:00+00:00,4661.2001953125,4662.10009765625,4660.39990234375,4661.7001953125,111.0
2026-08-27 19:40:00+00:00,4661.7001953125,4664.2001953125,4661.5,4663.60009765625,180.0
2026-08-27 19:45:00+00:00,4663.7001953125,4666.39990234375,4662.2998046875,4664.10009765625,246.0
2026-08-27 19:50:00+00:00,4663.7998046875,4663.89990234375,4660.2998046875,4661.60009765625,254.0
2026-08-27 19:55:00+00:00,4661.7998046875,4663.39990234375,4658.7998046875,4662.7001953125,504.0
2026-08-27 20:00:00+00:00,4662.7998046875,4663.60009765625,4658.2998046875,4659.0,154.0
2026-08-27 20:05:00+00:00,4658.7001953125,4658.7998046875,4657.5,4657.7998046875,142.0
2026-08-27 20:10:00+00:00,4658.0,4659.89990234375,4657.5,4658.7001953125,144.0
2026-08-27 20:15:00+00:00,4658.5,4658.89990234375,4658.2001953125,4658.7998046875,31.0
2026-08-27 20:20:00+00:00,4658.7998046875,4659.2998046875,4658.2001953125,4658.7001953125,46.0
2026-08-27 20:25:00+00:00,4658.39990234375,4658.39990234375,4656.60009765625,4657.2998046875,68.0
2026-08-27 20:30:00+00:00,4657.5,4657.7001953125,4656.89990234375,4657.2998046875,49.0
2026-08-27 20:35:00+00:00,4657.10009765625,4657.2998046875,4655.5,4657.2001953125,74.0
2026-08-27 20:40:00+00:00,4657.0,4658.2998046875,4657.0,4657.7001953125,30.0
2026-08-27 20:45:00+00:00,4657.89990234375,4658.5,4655.7001953125,4658.5,133.0
2026-08-27 20:50:00+00:00,4658.60009765625,4658.60009765625,4654.2998046875,4654.7001953125,274.0
2026-08-27 20:55:00+00:00,4654.60009765625,4655.7998046875,4653.7998046875,4654.7998046875,119.0
2026-08-27 22:00:00+00:00,4656.0,4660.89990234375,4653.89990234375,4655.0,0.0
2026-08-27 22:05:00+00:00,4654.89990234375,4658.89990234375,4654.10009765625,4658.5,50.0
2026-08-27 22:10:00+00:00,4657.7998046875,4658.5,4657.2001953125,4657.89990234375,66.0
2026-08-27 22:15:00+00:00,4658.39990234375,4659.5,4657.60009765625,4659.2998046875,104.0
2026-08-27 22:20:00+00:00,4659.39990234375,4661.7001953125,4659.39990234375,4661.5,122.0
2026-08-27 22:25:00+00:00,4661.5,4662.0,4659.89990234375,4661.0,169.0
2026-08-27 22:30:00+00:00,4661.39990234375,4662.2998046875,4660.0,4661.7001953125,165.0
2026-08-27 22:35:00+00:00,4661.7998046875,4662.60009765625,4661.2001953125,4662.2001953125,95.0
2026-08-27 22:40:00+00:00,4662.5,4663.39990234375,4660.60009765625,4661.10009765625,207.0
2026-08-27 22:45:00+00:00,4660.89990234375,4661.2001953125,4660.0,4660.7001953125,96.0
2026-08-27 22:50:00+00:00,4660.60009765625,4663.2998046875,4659.7998046875,4662.39990234375,178.0
2026-08-27 22:55:00+00:00,4662.10009765625,4664.10009765625,4662.10009765625,4664.10009765625,80.0
2026-08-27 23:00:00+00:00,4664.0,4664.7998046875,4662.10009765625,4662.5,209.0
2026-08-27 23:05:00+00:00,4662.2001953125,4662.7998046875,4658.39990234375,4658.60009765625,405.0
2026-08-27 23:10:00+00:00,4658.7001953125,4658.7998046875,4656.10009765625,4656.10009765625,237.0
2026-08-27 23:15:00+00:00,4655.7998046875,4656.7998046875,4655.2001953125,4655.7998046875,114.0
2026-08-27 23:20:00+00:00,4655.10009765625,4656.10009765625,4652.89990234375,4655.39990234375,135.0
2026-08-27 23:25:00+00:00,4655.7998046875,4655.89990234375,4653.0,4654.39990234375,92.0
2026-08-27 23:30:00+00:00,4654.39990234375,4654.60009765625,4652.2001953125,4652.5,143.0
2026-08-27 23:35:00+00:00,4652.2998046875,4655.2001953125,4651.5,4654.10009765625,437.0
2026-08-27 23:40:00+00:00,4654.39990234375,4654.7001953125,4652.2998046875,4652.7998046875,93.0
2026-08-27 23:45:00+00:00,4652.5,4652.89990234375,4648.5,4650.0,316.0
2026-08-27 23:50:00+00:00,4649.2998046875,4649.60009765625,4647.5,4648.10009765625,153.0
2026-08-27 23:55:00+00:00,4647.89990234375,4648.5,4647.2998046875,4647.60009765625,92.0
2026-08-28 00:00:00+00:00,4647.7998046875,4653.39990234375,4646.5,4650.0,503.0
2026-08-28 00:05:00+00:00,4650.10009765625,4653.2001953125,4649.7001953125,4653.10009765625,132.0
2026-08-28 00:10:00+00:00,4652.89990234375,4655.7001953125,4652.7998046875,4653.5,172.0
2026-08-28 00:15:00+00:00,4653.7998046875,4654.10009765625,4646.5,4646.5,213.0
2026-08-28 00:20:00+00:00,4646.7001953125,4648.7998046875,4644.60009765625,4647.2001953125,352.0
2026-08-28 00:25:00+00:00,4646.60009765625,4647.10009765625,4643.7998046875,4647.10009765625,189.0
2026-08-28 00:30:00+00:00,4647.2998046875,4647.2998046875,4640.7001953125,4642.60009765625,313.0
2026-08-28 00:35:00+00:00,4642.39990234375,4643.10009765625,4641.39990234375,4642.60009765625,156.0
2026-08-28 00:40:00+00:00,4642.7998046875,4644.2001953125,4642.2001953125,4643.7998046875,125.0
2026-08-28 00:45:00+00:00,4643.5,4644.10009765625,4638.89990234375,4640.2001953125,249.0
2026-08-28 00:50:00+00:00,4640.60009765625,4642.2998046875,4639.89990234375,4640.5,314.0
2026-08-28 00:55:00+00:00,4640.2998046875,4641.7001953125,4638.5,4641.2001953125,125.0
2026-08-28 01:00:00+00:00,4642.39990234375,4649.0,4639.39990234375,4647.89990234375,672.0
2026-08-28 01:05:00+00:00,4647.5,4653.2998046875,4644.7001953125,4653.2001953125,424.0
2026-08-28 01:10:00+00:00,4653.2998046875,4655.39990234375,4645.39990234375,4647.2998046875,471.0
2026-08-28 01:15:00+00:00,4647.5,4651.0,4644.5,4649.0,353.0
2026-08-28 01:20:00+00:00,4648.89990234375,4650.2001953125,4643.89990234375,4645.2998046875,282.0
2026-08-28 01:25:00+00:00,4645.10009765625,4646.39990234375,4637.0,4638.7998046875,569.0
2026-08-28 01:30:00+00:00,4638.89990234375,4642.10009765625,4636.89990234375,4640.39990234375,380.0
2026-08-28 01:35:00+00:00,4640.2998046875,4642.0,4633.10009765625,4633.60009765625,478.0
2026-08-28 01:40:00+00:00,4633.5,4635.7001953125,4631.2001953125,4635.10009765625,487.0
2026-08-28 01:45:00+00:00,4634.7001953125,4635.2998046875,4630.5,4635.2998046875,286.0
2026-08-28 01:50:00+00:00,4635.2001953125,4636.0,4628.5,4629.7998046875,713.0
2026-08-28 01:55:00+00:00,4629.60009765625,4631.7998046875,4628.10009765625,4628.89990234375,184.0
2026-08-28 02:00:00+00:00,4628.60009765625,4630.89990234375,4628.0,4629.7001953125,186.0
2026-08-28 02:05:00+00:00,4630.2001953125,4634.2998046875,4630.2001953125,4633.39990234375,238.0
2026-08-28 02:10:00+00:00,4633.39990234375,4635.39990234375,4631.39990234375,4634.10009765625,285.0
2026-08-28 02:15:00+00:00,4633.7001953125,4634.10009765625,4631.39990234375,4634.0,116.0
2026-08-28 02:20:00+00:00,4634.10009765625,4637.39990234375,4633.10009765625,4636.89990234375,247.0
2026-08-28 02:25:00+00:00,4636.7001953125,4637.60009765625,4635.5,4636.2998046875,170.0
2026-08-28 02:30:00+00:00,4636.39990234375,4639.89990234375,4635.89990234375,4637.7998046875,275.0
2026-08-28 02:35:00+00:00,4638.10009765625,4642.39990234375,4638.10009765625,4641.2001953125,219.0
2026-08-28 02:40:00+00:00,4640.7998046875,4641.10009765625,4636.60009765625,4637.7998046875,205.0
2026-08-28 02:45:00+00:00,4637.89990234375,4639.0,4634.89990234375,4639.0,280.0
2026-08-28 02:50:00+00:00,4638.7998046875,4639.7998046875,4637.39990234375,4638.7001953125,84.0
2026-08-28 02:55:00+00:00,4638.39990234375,4639.0,4635.5,4638.89990234375,207.0
2026-08-28 03:00:00+00:00,4638.7001953125,4640.39990234375,4637.10009765625,4639.7998046875,128.0
2026-08-28 03:05:00+00:00,4640.39990234375,4640.89990234375,4637.7998046875,4638.7998046875,134.0
2026-08-28 03:10:00+00:00,4638.10009765625,4640.2001953125,4635.0,4637.10009765625,170.0
2026-08-28 03:15:00+00:00,4636.7998046875,4641.2001953125,4636.7998046875,4639.7998046875,235.0
2026-08-28 03:20:00+00:00,4639.2998046875,4642.0,4638.2001953125,4642.0,211.0
2026-08-28 03:25:00+00:00,4641.89990234375,4642.2998046875,4639.0,4640.60009765625,164.0
2026-08-28 03:30:00+00:00,4640.5,4640.5,4635.39990234375,4636.5,219.0
2026-08-28 03:35:00+00:00,4636.39990234375,4636.39990234375,4634.5,4635.10009765625,130.0
2026-08-28 03:40:00+00:00,4635.0,4635.5,4633.39990234375,4634.10009765625,110.0
2026-08-28 03:45:00+00:00,4634.0,4634.0,4631.60009765625,4632.7998046875,138.0
2026-08-28 03:50:00+00:00,4633.0,4633.2001953125,4630.89990234375,4631.0,92.0
2026-08-28 03:55:00+00:00,4631.5,4632.0,4631.0,4631.39990234375,55.0
2026-08-28 04:00:00+00:00,4632.2998046875,4632.89990234375,4631.10009765625,4631.2998046875,190.0
2026-08-28 04:05:00+00:00,4631.5,4631.7001953125,4630.2001953125,4631.5,100.0
2026-08-28 04:10:00+00:00,4631.5,4632.7001953125,4631.10009765625,4631.60009765625,93.0
2026-08-28 04:15:00+00:00,4631.2001953125,4635.60009765625,4630.7998046875,4635.39990234375,289.0
2026-08-28 04:20:00+00:00,4635.10009765625,4636.7998046875,4634.7998046875,4636.7001953125,178.0
2026-08-28 04:25:00+00:00,4636.7998046875,4637.5,4635.39990234375,4636.7998046875,103.0
2026-08-28 04:30:00+00:00,4636.5,4636.5,4633.7001953125,4633.7001953125,114.0
2026-08-28 04:35:00+00:00,4633.60009765625,4633.7998046875,4630.0,4630.2998046875,156.0
2026-08-28 04:40:00+00:00,4630.2001953125,4632.39990234375,4630.0,4632.0,90.0
2026-08-28 04:45:00+00:00,4632.0,4634.39990234375,4630.2001953125,4632.89990234375,127.0
2026-08-28 04:50:00+00:00,4633.10009765625,4634.7998046875,4633.10009765625,4634.10009765625,38.0
2026-08-28 04:55:00+00:00,4633.7001953125,4637.5,4633.60009765625,4636.39990234375,136.0
2026-08-28 05:00:00+00:00,4636.7001953125,4637.2998046875,4634.10009765625,4634.5,127.0
2026-08-28 05:05:00+00:00,4633.7001953125,4634.60009765625,4631.2998046875,4631.2998046875,141.0
2026-08-28 05:10:00+00:00,4631.5,4632.89990234375,4630.2998046875,4632.2998046875,156.0
2026-08-28 05:15:00+00:00,4631.89990234375,4634.10009765625,4631.39990234375,4634.10009765625,122.0
2026-08-28 05:20:00+00:00,4634.2001953125,4636.7998046875,4632.60009765625,4636.7001953125,177.0
2026-08-28 05:25:00+00:00,4636.5,4638.60009765625,4634.60009765625,4636.39990234375,221.0
2026-08-28 05:30:00+00:00,4636.2001953125,4636.2001953125,4630.10009765625,4630.39990234375,474.0
2026-08-28 05:35:00+00:00,4631.2001953125,4631.7998046875,4626.89990234375,4627.0,423.0
2026-08-28 05:40:00+00:00,4626.89990234375,4628.39990234375,4623.0,4625.0,572.0
2026-08-28 05:45:00+00:00,4624.89990234375,4628.0,4623.7998046875,4626.2001953125,184.0
2026-08-28 05:50:00+00:00,4627.0,4629.2001953125,4625.89990234375,4629.2001953125,145.0
2026-08-28 05:55:00+00:00,4629.2998046875,4629.5,4624.60009765625,4625.5,210.0
2026-08-28 06:00:00+00:00,4625.7001953125,4629.7998046875,4624.5,4629.39990234375,342.0
2026-08-28 06:05:00+00:00,4629.2998046875,4633.0,4626.7001953125,4632.89990234375,243.0
2026-08-28 06:10:00+00:00,4633.0,4636.0,4633.0,4634.2998046875,401.0
2026-08-28 06:15:00+00:00,4634.10009765625,4637.5,4633.0,4635.2998046875,299.0
2026-08-28 06:20:00+00:00,4635.0,4637.7998046875,4634.7001953125,4636.0,294.0
2026-08-28 06:25:00+00:00,4636.10009765625,4638.10009765625,4635.7001953125,4637.2998046875,165.0
2026-08-28 06:30:00+00:00,4637.10009765625,4639.2998046875,4635.60009765625,4636.2001953125,462.0
2026-08-28 06:35:00+00:00,4636.2001953125,4640.39990234375,4636.2001953125,4638.60009765625,233.0
2026-08-28 06:40:00+00:00,4638.2998046875,4640.89990234375,4636.60009765625,4640.60009765625,336.0
2026-08-28 06:45:00+00:00,4640.7998046875,4652.39990234375,4640.7001953125,4652.2001953125,965.0
2026-08-28 06:50:00+00:00,4652.0,4659.60009765625,4649.2001953125,4657.2001953125,1208.0
2026-08-28 06:55:00+00:00,4657.0,4666.2001953125,4656.7001953125,4665.5,1160.0
2026-08-28 07:00:00+00:00,4665.39990234375,4666.39990234375,4658.2998046875,4659.7001953125,946.0
2026-08-28 07:05:00+00:00,4660.10009765625,4660.2001953125,4651.7998046875,4653.7001953125,671.0
2026-08-28 07:10:00+00:00,4653.5,4656.2001953125,4648.7001953125,4653.5,914.0
2026-08-28 07:15:00+00:00,4653.2998046875,4659.2998046875,4652.10009765625,4658.60009765625,472.0
2026-08-28 07:20:00+00:00,4658.89990234375,4662.89990234375,4658.60009765625,4660.10009765625,564.0
2026-08-28 07:25:00+00:00,4660.60009765625,4662.60009765625,4659.60009765625,4659.89990234375,189.0
2026-08-28 07:30:00+00:00,4660.39990234375,4664.7001953125,4660.10009765625,4664.5,375.0
2026-08-28 07:35:00+00:00,4664.39990234375,4667.39990234375,4662.7001953125,4663.5,613.0
2026-08-28 07:40:00+00:00,4663.2998046875,4663.7001953125,4661.0,4662.2998046875,278.0
2026-08-28 07:45:00+00:00,4662.10009765625,4664.5,4660.39990234375,4663.2001953125,386.0
2026-08-28 07:50:00+00:00,4663.7001953125,4666.10009765625,4663.0,4664.60009765625,631.0
2026-08-28 07:55:00+00:00,4664.7998046875,4666.60009765625,4662.89990234375,4665.0,200.0
2026-08-28 08:00:00+00:00,4664.89990234375,4667.7001953125,4663.7001953125,4665.60009765625,442.0
2026-08-28 08:05:00+00:00,4665.89990234375,4666.2998046875,4663.2001953125,4665.10009765625,202.0
2026-08-28 08:10:00+00:00,4664.89990234375,4666.2998046875,4664.2998046875,4665.10009765625,197.0
2026-08-28 08:15:00+00:00,4665.2998046875,4665.5,4662.0,4662.60009765625,313.0
2026-08-28 08:20:00+00:00,4662.60009765625,4664.89990234375,4661.2998046875,4664.5,359.0
2026-08-28 08:25:00+00:00,4664.39990234375,4664.7998046875,4662.2998046875,4662.2998046875,251.0
2026-08-28 08:30:00+00:00,4662.7001953125,4665.10009765625,4661.5,4663.2998046875,186.0
2026-08-28 08:35:00+00:00,4663.39990234375,4665.10009765625,4660.10009765625,4660.89990234375,249.0
2026-08-28 08:40:00+00:00,4660.7998046875,4661.2001953125,4657.0,4657.10009765625,356.0
2026-08-28 08:45:00+00:00,4657.10009765625,4657.2998046875,4654.2998046875,4655.5,434.0
2026-08-28 08:50:00+00:00,4655.60009765625,4659.89990234375,4655.2998046875,4658.2001953125,396.0
2026-08-28 08:55:00+00:00,4658.2998046875,4658.7998046875,4654.2998046875,4656.2998046875,387.0
2026-08-28 09:00:00+00:00,4656.39990234375,4657.89990234375,4655.7001953125,4657.89990234375,200.0
2026-08-28 09:05:00+00:00,4657.7998046875,4657.7998046875,4654.7001953125,4655.39990234375,171.0
2026-08-28 09:10:00+00:00,4655.0,4656.5,4654.2998046875,4655.2998046875,122.0
2026-08-28 09:15:00+00:00,4655.0,4656.10009765625,4653.5,4655.60009765625,232.0
2026-08-28 09:20:00+00:00,4656.10009765625,4657.7001953125,4654.10009765625,4656.60009765625,319.0
2026-08-28 09:25:00+00:00,4656.7001953125,4656.7998046875,4654.0,4655.5,251.0
2026-08-28 09:30:00+00:00,4655.2001953125,4657.89990234375,4655.10009765625,4656.0,423.0
2026-08-28 09:35:00+00:00,4656.10009765625,4658.7001953125,4654.60009765625,4657.39990234375,295.0
2026-08-28 09:40:00+00:00,4657.0,4658.60009765625,4655.60009765625,4657.7001953125,299.0
2026-08-28 09:45:00+00:00,4657.60009765625,4659.0,4656.7001953125,4658.0,128.0
2026-08-28 09:50:00+00:00,4658.39990234375,4660.7998046875,4658.2001953125,4660.7998046875,244.0
2026-08-28 09:55:00+00:00,4660.7998046875,4661.39990234375,4658.7001953125,4658.7001953125,220.0
2026-08-28 10:00:00+00:00,4658.7998046875,4660.10009765625,4657.0,4659.2998046875,185.0
2026-08-28 10:05:00+00:00,4659.2998046875,4661.10009765625,4659.2001953125,4661.0,140.0
2026-08-28 10:10:00+00:00,4661.10009765625,4662.7998046875,4660.5,4662.2001953125,327.0
2026-08-28 10:15:00+00:00,4662.39990234375,4663.5,4657.89990234375,4658.0,541.0
2026-08-28 10:20:00+00:00,4657.7998046875,4658.0,4656.0,4657.2001953125,266.0
2026-08-28 10:25:00+00:00,4657.5,4658.60009765625,4655.0,4658.5,326.0
2026-08-28 10:30:00+00:00,4658.7001953125,4661.2001953125,4658.5,4660.60009765625,312.0
2026-08-28 10:35:00+00:00,4660.5,4660.5,4656.2001953125,4657.0,116.0
2026-08-28 10:40:00+00:00,4657.2001953125,4657.5,4655.0,4656.0,104.0
2026-08-28 10:45:00+00:00,4655.7998046875,4656.5,4652.7998046875,4654.39990234375,238.0
2026-08-28 10:50:00+00:00,4654.2001953125,4654.39990234375,4650.2998046875,4651.2001953125,618.0
2026-08-28 10:55:00+00:00,4651.2001953125,4653.2998046875,4650.89990234375,4653.10009765625,177.0
2026-08-28 11:00:00+00:00,4653.10009765625,4654.2001953125,4650.2001953125,4651.7001953125,429.0
2026-08-28 11:05:00+00:00,4651.60009765625,4651.7998046875,4647.7001953125,4648.5,597.0
2026-08-28 11:10:00+00:00,4648.5,4651.2998046875,4647.7998046875,4651.2998046875,273.0
2026-08-28 11:15:00+00:00,4651.2998046875,4653.89990234375,4651.0,4652.60009765625,270.0
2026-08-28 11:20:00+00:00,4652.5,4652.89990234375,4650.60009765625,4652.7001953125,137.0
2026-08-28 11:25:00+00:00,4653.2998046875,4653.60009765625,4650.2001953125,4651.39990234375,158.0
2026-08-28 11:30:00+00:00,4651.39990234375,4653.39990234375,4650.5,4651.0,215.0
2026-08-28 11:35:00+00:00,4651.0,4651.39990234375,4646.0,4646.10009765625,803.0
2026-08-28 11:40:00+00:00,4646.10009765625,4647.39990234375,4643.60009765625,4647.2001953125,866.0
2026-08-28 11:45:00+00:00,4647.0,4648.60009765625,4645.7998046875,4647.10009765625,218.0
2026-08-28 11:50:00+00:00,4647.10009765625,4648.5,4646.10009765625,4647.10009765625,141.0
2026-08-28 11:55:00+00:00,4646.7998046875,4646.89990234375,4644.0,4645.60009765625,338.0
2026-08-28 12:00:00+00:00,4645.60009765625,4648.10009765625,4643.2001953125,4646.89990234375,477.0
2026-08-28 12:05:00+00:00,4647.0,4648.10009765625,4644.2998046875,4646.60009765625,342.0
2026-08-28 12:10:00+00:00,4646.5,4649.2998046875,4644.7001953125,4646.89990234375,427.0
2026-08-28 12:15:00+00:00,4647.0,4648.2998046875,4644.5,4647.0,353.0
2026-08-28 12:20:00+00:00,4647.0,4654.2998046875,4646.60009765625,4654.10009765625,825.0
2026-08-28 12:25:00+00:00,4654.10009765625,4656.39990234375,4653.0,4654.5,497.0
2026-08-28 12:30:00+00:00,4654.2998046875,4655.0,4644.39990234375,4645.7998046875,953.0
2026-08-28 12:35:00+00:00,4646.2001953125,4646.2001953125,4641.2001953125,4641.5,835.0
2026-08-28 12:40:00+00:00,4641.7001953125,4645.0,4641.7001953125,4644.10009765625,437.0
2026-08-28 12:45:00+00:00,4644.10009765625,4647.7998046875,4642.60009765625,4646.39990234375,531.0
2026-08-28 12:50:00+00:00,4646.5,4649.7001953125,4644.2998046875,4648.7998046875,478.0
2026-08-28 12:55:00+00:00,4648.7998046875,4655.2001953125,4648.7998046875,4654.10009765625,676.0
2026-08-28 13:00:00+00:00,4654.2001953125,4656.0,4648.60009765625,4651.89990234375,852.0
2026-08-28 13:05:00+00:00,4651.7998046875,4657.7001953125,4651.2998046875,4652.7001953125,827.0
2026-08-28 13:10:00+00:00,4652.7998046875,4653.2998046875,4650.0,4651.2998046875,598.0
2026-08-28 13:15:00+00:00,4651.5,4652.2998046875,4645.89990234375,4651.0,723.0
2026-08-28 13:20:00+00:00,4650.60009765625,4653.2001953125,4648.39990234375,4653.2001953125,536.0
2026-08-28 13:25:00+00:00,4653.0,4656.7001953125,4651.89990234375,4656.2998046875,905.0
2026-08-28 13:30:00+00:00,4656.10009765625,4658.0,4651.10009765625,4657.2998046875,991.0
2026-08-28 13:35:00+00:00,4657.10009765625,4659.7001953125,4653.2001953125,4658.2001953125,975.0
2026-08-28 13:40:00+00:00,4658.5,4660.2998046875,4654.10009765625,4657.0,661.0
2026-08-28 13:45:00+00:00,4657.2998046875,4664.89990234375,4657.10009765625,4662.39990234375,1541.0
2026-08-28 13:50:00+00:00,4662.2001953125,4664.7001953125,4659.7001953125,4662.7001953125,915.0
2026-08-28 13:55:00+00:00,4662.7998046875,4680.7998046875,4655.2001953125,4657.5,3444.0
2026-08-28 14:00:00+00:00,4657.39990234375,4688.0,4626.2998046875,4630.10009765625,11458.0
2026-08-28 14:05:00+00:00,4630.7001953125,4633.7998046875,4600.39990234375,4626.10009765625,11324.0
2026-08-28 14:10:00+00:00,4625.5,4626.2998046875,4594.60009765625,4597.5,9156.0
2026-08-28 14:15:00+00:00,4597.7001953125,4618.5,4596.2998046875,4605.89990234375,6338.0
2026-08-28 14:20:00+00:00,4605.5,4620.5,4600.0,4609.60009765625,4264.0
2026-08-28 14:25:00+00:00,4609.5,4611.2998046875,4580.2001953125,4603.2001953125,11198.0
2026-08-28 14:30:00+00:00,4603.5,4622.0,4603.0,4621.89990234375,5533.0
2026-08-28 14:35:00+00:00,4621.60009765625,4629.2001953125,4617.2001953125,4617.2998046875,4350.0
2026-08-28 14:40:00+00:00,4617.60009765625,4621.2001953125,4609.7001953125,4613.2001953125,2844.0
2026-08-28 14:45:00+00:00,4613.10009765625,4614.7998046875,4603.0,4604.2001953125,2686.0
2026-08-28 14:50:00+00:00,4604.10009765625,4622.89990234375,4601.7001953125,4622.60009765625,2909.0
2026-08-28 14:55:00+00:00,4622.89990234375,4633.0,4621.7001953125,4629.0,3036.0
2026-08-28 15:00:00+00:00,4629.2998046875,4636.10009765625,4624.7998046875,4633.10009765625,4710.0
2026-08-28 15:05:00+00:00,4633.2001953125,4634.7998046875,4625.0,4626.10009765625,1915.0
2026-08-28 15:10:00+00:00,4625.7001953125,4626.89990234375,4609.5,4611.60009765625,2945.0
2026-08-28 15:15:00+00:00,4611.7001953125,4617.0,4606.10009765625,4607.2001953125,2072.0
2026-08-28 15:20:00+00:00,4607.2998046875,4617.60009765625,4603.5,4617.2001953125,2675.0
2026-08-28 15:25:00+00:00,4617.0,4620.7001953125,4610.5,4618.7998046875,2362.0
2026-08-28 15:30:00+00:00,4619.0,4619.7001953125,4607.2001953125,4609.89990234375,1817.0
2026-08-28 15:35:00+00:00,4610.0,4615.2998046875,4599.60009765625,4600.2998046875,2217.0
2026-08-28 15:40:00+00:00,4600.2998046875,4601.0,4586.5,4590.7998046875,3467.0
2026-08-28 15:45:00+00:00,4591.60009765625,4598.10009765625,4583.60009765625,4588.10009765625,2499.0
2026-08-28 15:50:00+00:00,4588.0,4597.89990234375,4586.5,4591.7001953125,2408.0
2026-08-28 15:55:00+00:00,4591.7998046875,4593.0,4574.7998046875,4575.7001953125,5312.0
2026-08-28 16:00:00+00:00,4575.89990234375,4580.89990234375,4570.7998046875,4572.0,3115.0
2026-08-28 16:05:00+00:00,4571.60009765625,4571.7001953125,4559.39990234375,4559.7001953125,5562.0
2026-08-28 16:10:00+00:00,4559.7001953125,4566.7001953125,4548.0,4549.2998046875,4308.0
2026-08-28 16:15:00+00:00,4549.10009765625,4555.0,4532.7998046875,4533.10009765625,5941.0
2026-08-28 16:20:00+00:00,4533.2001953125,4535.2001953125,4515.2998046875,4519.7998046875,7444.0
2026-08-28 16:25:00+00:00,4519.7001953125,4532.7998046875,4516.0,4531.60009765625,4328.0
2026-08-28 16:30:00+00:00,4531.60009765625,4538.2998046875,4521.5,4524.39990234375,4181.0
2026-08-28 16:35:00+00:00,4524.39990234375,4536.60009765625,4523.7998046875,4535.39990234375,2607.0
2026-08-28 16:40:00+00:00,4535.39990234375,4537.10009765625,4516.7001953125,4519.60009765625,2168.0
2026-08-28 16:45:00+00:00,4519.7998046875,4532.5,4519.5,4532.39990234375,1802.0
2026-08-28 16:50:00+00:00,4532.39990234375,4535.89990234375,4530.60009765625,4531.2998046875,1339.0
2026-08-28 16:55:00+00:00,4531.60009765625,4533.2998046875,4525.7998046875,4529.89990234375,1324.0
2026-08-28 17:00:00+00:00,4530.10009765625,4531.2001953125,4523.39990234375,4526.10009765625,2000.0
2026-08-28 17:05:00+00:00,4526.39990234375,4533.60009765625,4525.39990234375,4530.89990234375,908.0
2026-08-28 17:10:00+00:00,4530.7001953125,4531.2998046875,4521.89990234375,4531.2998046875,1390.0
2026-08-28 17:15:00+00:00,4531.2998046875,4532.5,4525.39990234375,4531.2001953125,979.0
2026-08-28 17:20:00+00:00,4531.2998046875,4537.2001953125,4530.2998046875,4535.60009765625,1920.0
2026-08-28 17:25:00+00:00,4535.7001953125,4536.7998046875,4526.2001953125,4528.39990234375,3606.0
2026-08-28 17:30:00+00:00,4528.5,4531.60009765625,4523.89990234375,4528.89990234375,1489.0
2026-08-28 17:35:00+00:00,4529.2998046875,4532.10009765625,4521.10009765625,4522.0,1258.0
2026-08-28 17:40:00+00:00,4522.0,4525.2001953125,4510.5,4517.5,2456.0
2026-08-28 17:45:00+00:00,4517.2998046875,4526.10009765625,4516.7998046875,4524.89990234375,2067.0
2026-08-28 17:50:00+00:00,4524.2998046875,4525.89990234375,4521.89990234375,4523.0,540.0
2026-08-28 17:55:00+00:00,4522.7001953125,4522.89990234375,4516.7001953125,4519.7001953125,1769.0
2026-08-28 18:00:00+00:00,4519.7001953125,4521.89990234375,4510.2001953125,4510.89990234375,1858.0
2026-08-28 18:05:00+00:00,4511.10009765625,4516.7998046875,4509.5,4511.89990234375,2392.0
2026-08-28 18:10:00+00:00,4511.89990234375,4515.0,4509.7001953125,4511.10009765625,890.0
2026-08-28 18:15:00+00:00,4511.10009765625,4512.89990234375,4503.60009765625,4508.7998046875,2557.0
2026-08-28 18:20:00+00:00,4508.60009765625,4513.5,4502.7001953125,4503.7998046875,1345.0
2026-08-28 18:25:00+00:00,4503.60009765625,4513.0,4502.39990234375,4506.2001953125,889.0
2026-08-28 18:30:00+00:00,4505.89990234375,4508.5,4501.60009765625,4506.7001953125,903.0
2026-08-28 18:35:00+00:00,4506.60009765625,4506.89990234375,4501.2001953125,4502.5,922.0
2026-08-28 18:40:00+00:00,4502.39990234375,4505.0,4495.0,4501.0,2186.0
2026-08-28 18:45:00+00:00,4500.5,4504.7001953125,4498.0,4503.0,563.0
2026-08-28 18:50:00+00:00,4503.10009765625,4506.2998046875,4501.2001953125,4503.7001953125,544.0
2026-08-28 18:55:00+00:00,4503.89990234375,4507.89990234375,4502.0,4506.5,549.0
2026-08-28 19:00:00+00:00,4506.5,4511.7998046875,4502.39990234375,4507.7001953125,1396.0
2026-08-28 19:05:00+00:00,4507.5,4512.60009765625,4506.60009765625,4511.5,523.0
2026-08-28 19:10:00+00:00,4511.7001953125,4511.89990234375,4504.10009765625,4506.7001953125,567.0
2026-08-28 19:15:00+00:00,4506.5,4510.2001953125,4504.7001953125,4509.7001953125,415.0
2026-08-28 19:20:00+00:00,4509.60009765625,4511.60009765625,4507.2001953125,4508.60009765625,357.0
2026-08-28 19:25:00+00:00,4509.2998046875,4513.2001953125,4509.2998046875,4512.0,426.0
2026-08-28 19:30:00+00:00,4511.60009765625,4514.60009765625,4510.7998046875,4512.89990234375,515.0
2026-08-28 19:35:00+00:00,4512.10009765625,4517.2001953125,4511.60009765625,4516.10009765625,815.0
2026-08-28 19:40:00+00:00,4516.10009765625,4516.39990234375,4514.0,4514.60009765625,546.0
2026-08-28 19:45:00+00:00,4514.39990234375,4514.39990234375,4504.5,4506.89990234375,979.0
2026-08-28 19:50:00+00:00,4506.7998046875,4509.10009765625,4502.2998046875,4506.10009765625,852.0
2026-08-28 19:55:00+00:00,4506.10009765625,4510.7001953125,4505.2001953125,4507.89990234375,912.0
2026-08-28 20:00:00+00:00,4507.89990234375,4512.2998046875,4504.89990234375,4510.0,875.0
2026-08-28 20:05:00+00:00,4510.0,4511.2001953125,4509.39990234375,4510.10009765625,234.0
2026-08-28 20:10:00+00:00,4510.0,4511.2001953125,4507.0,4507.5,290.0
2026-08-28 20:15:00+00:00,4507.7001953125,4510.2001953125,4507.5,4507.89990234375,131.0
2026-08-28 20:20:00+00:00,4507.7998046875,4507.7998046875,4503.2001953125,4504.0,167.0
2026-08-28 20:25:00+00:00,4504.0,4507.60009765625,4503.39990234375,4507.39990234375,114.0
2026-08-28 20:30:00+00:00,4507.5,4507.5,4505.10009765625,4505.7998046875,211.0
2026-08-28 20:35:00+00:00,4505.60009765625,4506.7998046875,4504.7998046875,4505.2001953125,84.0
2026-08-28 20:40:00+00:00,4505.2001953125,4506.60009765625,4503.39990234375,4506.60009765625,163.0
2026-08-28 20:45:00+00:00,4507.0,4509.5,4505.60009765625,4509.0,235.0
2026-08-28 20:50:00+00:00,4508.89990234375,4509.5,4503.0,4503.7001953125,323.0
2026-08-28 20:55:00+00:00,4504.0,4529.89990234375,4502.7001953125,4529.89990234375,324.0
2026-08-30 22:10:00+00:00,4506.2998046875,4510.0,4505.0,4509.2001953125,561.0
2026-08-30 22:15:00+00:00,4508.7998046875,4513.5,4506.2001953125,4511.60009765625,408.0
2026-08-30 22:20:00+00:00,4511.7998046875,4515.89990234375,4510.39990234375,4512.0,568.0
2026-08-30 22:25:00+00:00,4512.0,4515.60009765625,4507.39990234375,4509.2001953125,1015.0
2026-08-30 22:30:00+00:00,4509.0,4509.10009765625,4502.2001953125,4502.7001953125,426.0
2026-08-30 22:35:00+00:00,4502.7001953125,4511.0,4502.5,4509.60009765625,355.0
2026-08-30 22:40:00+00:00,4509.89990234375,4512.0,4505.89990234375,4507.2998046875,335.0
2026-08-30 22:45:00+00:00,4507.2001953125,4510.0,4506.39990234375,4509.10009765625,234.0
2026-08-30 22:50:00+00:00,4509.0,4509.5,4507.89990234375,4508.2001953125,64.0
2026-08-30 22:55:00+00:00,4508.10009765625,4512.0,4508.10009765625,4510.89990234375,345.0
2026-08-30 23:00:00+00:00,4510.7998046875,4512.2998046875,4508.7998046875,4511.89990234375,211.0
2026-08-30 23:05:00+00:00,4511.39990234375,4516.60009765625,4511.39990234375,4514.60009765625,306.0
2026-08-30 23:10:00+00:00,4514.2001953125,4514.7001953125,4509.0,4509.7998046875,324.0
2026-08-30 23:15:00+00:00,4509.89990234375,4513.0,4509.2001953125,4512.5,191.0
2026-08-30 23:20:00+00:00,4512.39990234375,4514.39990234375,4508.0,4508.89990234375,348.0
2026-08-30 23:25:00+00:00,4508.60009765625,4508.89990234375,4503.89990234375,4506.7998046875,587.0
2026-08-30 23:30:00+00:00,4506.39990234375,4507.0,4500.2001953125,4504.2001953125,588.0
2026-08-30 23:35:00+00:00,4503.5,4503.60009765625,4499.2998046875,4499.60009765625,209.0
2026-08-30 23:40:00+00:00,4499.5,4500.2998046875,4495.7001953125,4496.5,489.0
2026-08-30 23:45:00+00:00,4496.2001953125,4496.2001953125,4485.2001953125,4488.7998046875,1139.0
2026-08-30 23:50:00+00:00,4489.2001953125,4497.2998046875,4489.10009765625,4496.89990234375,525.0
2026-08-30 23:55:00+00:00,4497.10009765625,4509.60009765625,4497.0,4507.7998046875,732.0
2026-08-31 00:00:00+00:00,4507.7998046875,4511.2001953125,4502.39990234375,4507.2998046875,751.0
2026-08-31 00:05:00+00:00,4507.2998046875,4509.2001953125,4503.60009765625,4506.0,301.0
2026-08-31 00:10:00+00:00,4506.0,4512.89990234375,4504.2001953125,4511.2998046875,551.0
2026-08-31 00:15:00+00:00,4511.0,4514.60009765625,4508.7998046875,4509.2998046875,372.0
2026-08-31 00:20:00+00:00,4509.0,4510.2001953125,4505.60009765625,4506.7001953125,207.0
2026-08-31 00:25:00+00:00,4507.2998046875,4507.5,4501.39990234375,4505.7001953125,306.0
2026-08-31 00:30:00+00:00,4506.2001953125,4515.39990234375,4506.2001953125,4511.7001953125,479.0
2026-08-31 00:35:00+00:00,4511.60009765625,4520.10009765625,4511.60009765625,4519.5,511.0
2026-08-31 00:40:00+00:00,4519.5,4521.5,4513.2001953125,4514.5,509.0
2026-08-31 00:45:00+00:00,4514.5,4518.2998046875,4513.7001953125,4514.89990234375,357.0
2026-08-31 00:50:00+00:00,4515.10009765625,4515.7998046875,4511.89990234375,4515.60009765625,229.0
2026-08-31 00:55:00+00:00,4515.2998046875,4516.0,4505.5,4505.7001953125,528.0
2026-08-31 01:00:00+00:00,4505.7998046875,4512.39990234375,4487.60009765625,4511.39990234375,2332.0
2026-08-31 01:05:00+00:00,4511.60009765625,4512.2001953125,4488.2998046875,4489.10009765625,1173.0
2026-08-31 01:10:00+00:00,4488.7001953125,4494.10009765625,4485.2998046875,4493.2998046875,952.0
2026-08-31 01:15:00+00:00,4492.7998046875,4501.7001953125,4491.7998046875,4501.7001953125,732.0
2026-08-31 01:20:00+00:00,4501.2001953125,4503.5,4493.7001953125,4499.10009765625,605.0
2026-08-31 01:25:00+00:00,4498.2001953125,4498.7998046875,4492.2001953125,4493.5,386.0
2026-08-31 01:30:00+00:00,4493.0,4499.2998046875,4485.60009765625,4490.60009765625,615.0
2026-08-31 01:35:00+00:00,4490.2998046875,4499.7998046875,4488.5,4498.39990234375,848.0
2026-08-31 01:40:00+00:00,4498.10009765625,4503.10009765625,4492.39990234375,4500.2001953125,507.0
2026-08-31 01:45:00+00:00,4500.2001953125,4501.89990234375,4486.39990234375,4486.39990234375,1076.0
2026-08-31 01:50:00+00:00,4486.2998046875,4493.2998046875,4485.0,4493.2998046875,489.0
2026-08-31 01:55:00+00:00,4493.7001953125,4495.7998046875,4488.5,4489.60009765625,521.0
2026-08-31 02:00:00+00:00,4489.10009765625,4490.7001953125,4466.0,4476.0,3370.0
2026-08-31 02:05:00+00:00,4476.39990234375,4483.60009765625,4474.60009765625,4477.89990234375,862.0
2026-08-31 02:10:00+00:00,4478.2998046875,4482.0,4472.39990234375,4474.0,761.0
2026-08-31 02:15:00+00:00,4473.89990234375,4474.2998046875,4467.5,4471.0,729.0
2026-08-31 02:20:00+00:00,4471.39990234375,4476.7001953125,4470.60009765625,4476.7001953125,315.0
2026-08-31 02:25:00+00:00,4476.5,4477.2001953125,4472.2001953125,4472.39990234375,374.0
2026-08-31 02:30:00+00:00,4472.10009765625,4475.7001953125,4460.39990234375,4461.2001953125,1447.0
2026-08-31 02:35:00+00:00,4461.0,4461.7998046875,4453.10009765625,4457.60009765625,1778.0
2026-08-31 02:40:00+00:00,4456.10009765625,4457.2998046875,4451.2001953125,4452.10009765625,1089.0
2026-08-31 02:45:00+00:00,4452.10009765625,4456.39990234375,4445.60009765625,4450.7998046875,1181.0
2026-08-31 02:50:00+00:00,4451.10009765625,4466.60009765625,4448.7998046875,4466.10009765625,1124.0
2026-08-31 02:55:00+00:00,4465.89990234375,4472.39990234375,4465.7998046875,4472.2998046875,513.0
2026-08-31 03:00:00+00:00,4472.2998046875,4476.7001953125,4471.10009765625,4471.60009765625,703.0
2026-08-31 03:05:00+00:00,4471.89990234375,4476.10009765625,4471.2001953125,4475.0,424.0
2026-08-31 03:10:00+00:00,4474.89990234375,4477.7998046875,4473.7998046875,4477.7998046875,322.0
2026-08-31 03:15:00+00:00,4478.0,4482.0,4477.39990234375,4477.7001953125,607.0
2026-08-31 03:20:00+00:00,4477.7001953125,4483.60009765625,4477.0,4480.89990234375,485.0
2026-08-31 03:25:00+00:00,4480.7001953125,4481.2998046875,4476.0,4477.2998046875,512.0
2026-08-31 03:30:00+00:00,4477.2001953125,4477.2998046875,4473.10009765625,4473.10009765625,338.0
2026-08-31 03:35:00+00:00,4473.2001953125,4474.7998046875,4469.5,4470.5,417.0
2026-08-31 03:40:00+00:00,4470.2001953125,4473.60009765625,4470.10009765625,4472.2998046875,197.0
2026-08-31 03:45:00+00:00,4472.5,4474.7998046875,4472.5,4473.7001953125,203.0
2026-08-31 03:50:00+00:00,4473.89990234375,4476.7998046875,4473.60009765625,4474.2001953125,199.0
2026-08-31 03:55:00+00:00,4474.0,4474.10009765625,4471.10009765625,4472.0,156.0
2026-08-31 04:00:00+00:00,4472.2998046875,4472.2998046875,4468.0,4468.0,234.0
2026-08-31 04:05:00+00:00,4468.2998046875,4468.60009765625,4466.39990234375,4468.0,271.0
2026-08-31 04:10:00+00:00,4467.60009765625,4472.5,4466.60009765625,4471.10009765625,844.0
2026-08-31 04:15:00+00:00,4471.2001953125,4471.2998046875,4467.7998046875,4468.0,223.0
2026-08-31 04:20:00+00:00,4468.7998046875,4469.2001953125,4465.5,4467.7998046875,188.0
2026-08-31 04:25:00+00:00,4468.39990234375,4470.5,4465.5,4465.5,133.0
2026-08-31 04:30:00+00:00,4465.5,4466.2001953125,4462.5,4466.2001953125,436.0
2026-08-31 04:35:00+00:00,4466.2998046875,4471.89990234375,4465.5,4470.2001953125,318.0
2026-08-31 04:40:00+00:00,4470.2001953125,4470.2001953125,4467.0,4469.89990234375,166.0
2026-08-31 04:45:00+00:00,4470.10009765625,4471.5,4469.10009765625,4469.10009765625,154.0
2026-08-31 04:50:00+00:00,4469.10009765625,4471.10009765625,4468.60009765625,4470.5,123.0
2026-08-31 04:55:00+00:00,4470.7001953125,4475.0,4469.2998046875,4474.60009765625,380.0
2026-08-31 05:00:00+00:00,4474.60009765625,4477.0,4472.2001953125,4473.7001953125,491.0
2026-08-31 05:05:00+00:00,4473.2998046875,4473.89990234375,4469.2001953125,4470.10009765625,332.0
2026-08-31 05:10:00+00:00,4470.2001953125,4475.2001953125,4469.60009765625,4473.0,223.0
2026-08-31 05:15:00+00:00,4472.60009765625,4477.39990234375,4472.0,4477.10009765625,261.0
2026-08-31 05:20:00+00:00,4478.10009765625,4484.2001953125,4478.10009765625,4483.60009765625,410.0
2026-08-31 05:25:00+00:00,4483.5,4490.5,4482.2998046875,4489.89990234375,503.0
2026-08-31 05:30:00+00:00,4490.2998046875,4491.89990234375,4480.39990234375,4482.7001953125,870.0
2026-08-31 05:35:00+00:00,4482.2998046875,4486.2001953125,4481.60009765625,4483.10009765625,261.0
2026-08-31 05:40:00+00:00,4484.10009765625,4488.60009765625,4482.60009765625,4486.60009765625,298.0
2026-08-31 05:45:00+00:00,4487.10009765625,4491.0,4485.0,4485.0,732.0
2026-08-31 05:50:00+00:00,4485.0,4488.89990234375,4483.89990234375,4487.2001953125,300.0
2026-08-31 05:55:00+00:00,4487.10009765625,4493.5,4484.89990234375,4492.7001953125,324.0
2026-08-31 06:00:00+00:00,4492.7001953125,4493.0,4482.2998046875,4482.7998046875,538.0
2026-08-31 06:05:00+00:00,4482.89990234375,4482.89990234375,4478.89990234375,4481.89990234375,391.0
2026-08-31 06:10:00+00:00,4481.7001953125,4485.0,4481.7001953125,4482.0,263.0
2026-08-31 06:15:00+00:00,4482.2998046875,4488.2001953125,4481.2001953125,4487.7998046875,552.0
2026-08-31 06:20:00+00:00,4487.60009765625,4489.0,4484.7001953125,4487.7001953125,730.0
2026-08-31 06:25:00+00:00,4487.89990234375,4488.0,4484.60009765625,4486.0,222.0
2026-08-31 06:30:00+00:00,4485.7001953125,4486.89990234375,4481.2998046875,4484.10009765625,245.0
2026-08-31 06:35:00+00:00,4484.10009765625,4491.0,4483.89990234375,4490.0,402.0
2026-08-31 06:40:00+00:00,4490.2998046875,4491.10009765625,4488.7001953125,4489.5,222.0
2026-08-31 06:45:00+00:00,4489.5,4493.0,4488.7001953125,4491.7998046875,279.0
2026-08-31 06:50:00+00:00,4491.60009765625,4491.60009765625,4487.39990234375,4490.5,251.0
2026-08-31 06:55:00+00:00,4489.5,4489.89990234375,4486.7001953125,4489.39990234375,176.0
2026-08-31 07:00:00+00:00,4489.2001953125,4490.5,4487.10009765625,4489.5,264.0
2026-08-31 07:05:00+00:00,4489.39990234375,4491.60009765625,4486.5,4487.60009765625,317.0
2026-08-31 07:10:00+00:00,4487.5,4489.7001953125,4485.5,4485.89990234375,202.0
2026-08-31 07:15:00+00:00,4486.0,4491.2001953125,4485.0,4489.2001953125,794.0
2026-08-31 07:20:00+00:00,4489.2001953125,4495.7001953125,4488.60009765625,4495.0,381.0
2026-08-31 07:25:00+00:00,4495.39990234375,4498.5,4493.7998046875,4494.10009765625,775.0
2026-08-31 07:30:00+00:00,4494.10009765625,4496.7998046875,4491.2998046875,4494.2998046875,459.0
2026-08-31 07:35:00+00:00,4494.2001953125,4495.0,4492.10009765625,4493.2998046875,230.0
2026-08-31 07:40:00+00:00,4493.39990234375,4497.2998046875,4491.89990234375,4496.7001953125,262.0
2026-08-31 07:45:00+00:00,4496.89990234375,4498.2001953125,4493.5,4494.89990234375,258.0
2026-08-31 07:50:00+00:00,4494.7998046875,4495.0,4492.2998046875,4493.89990234375,272.0
2026-08-31 07:55:00+00:00,4494.2001953125,4495.2001953125,4490.89990234375,4493.2998046875,243.0
2026-08-31 08:00:00+00:00,4493.2998046875,4499.7001953125,4493.0,4498.60009765625,505.0
2026-08-31 08:05:00+00:00,4498.60009765625,4498.7998046875,4492.0,4493.10009765625,395.0
2026-08-31 08:10:00+00:00,4492.5,4492.89990234375,4487.10009765625,4489.10009765625,347.0
2026-08-31 08:15:00+00:00,4489.0,4490.60009765625,4486.2001953125,4490.0,342.0
2026-08-31 08:20:00+00:00,4490.0,4490.39990234375,4487.7998046875,4487.7998046875,184.0
2026-08-31 08:25:00+00:00,4487.7998046875,4491.39990234375,4487.7998046875,4490.5,293.0
2026-08-31 08:30:00+00:00,4490.2001953125,4490.2001953125,4485.7998046875,4485.89990234375,245.0
2026-08-31 08:35:00+00:00,4486.2998046875,4488.2001953125,4485.39990234375,4486.89990234375,156.0
2026-08-31 08:40:00+00:00,4486.60009765625,4487.5,4484.39990234375,4485.5,188.0
2026-08-31 08:45:00+00:00,4485.39990234375,4487.0,4484.5,4486.5,367.0
2026-08-31 08:50:00+00:00,4486.60009765625,4487.0,4483.89990234375,4484.2998046875,249.0
2026-08-31 08:55:00+00:00,4484.39990234375,4486.2001953125,4484.39990234375,4485.60009765625,116.0
2026-08-31 09:00:00+00:00,4485.7998046875,4489.2001953125,4485.7001953125,4488.89990234375,282.0
2026-08-31 09:05:00+00:00,4489.2001953125,4491.60009765625,4486.60009765625,4486.7998046875,373.0
2026-08-31 09:10:00+00:00,4486.7998046875,4493.10009765625,4485.89990234375,4493.10009765625,444.0
2026-08-31 09:15:00+00:00,4493.2998046875,4494.5,4491.0,4491.10009765625,213.0
2026-08-31 09:20:00+00:00,4491.2001953125,4491.7001953125,4488.7001953125,4489.7001953125,176.0
2026-08-31 09:25:00+00:00,4489.7001953125,4490.2001953125,4488.0,4489.5,157.0
2026-08-31 09:30:00+00:00,4489.60009765625,4494.7998046875,4489.2998046875,4494.60009765625,474.0
2026-08-31 09:35:00+00:00,4494.7998046875,4495.2001953125,4491.7001953125,4492.0,181.0
2026-08-31 09:40:00+00:00,4492.5,4493.89990234375,4491.2998046875,4493.7001953125,132.0
2026-08-31 09:45:00+00:00,4493.7001953125,4495.39990234375,4493.0,4493.7998046875,146.0
2026-08-31 09:50:00+00:00,4493.60009765625,4494.7001953125,4491.7998046875,4494.60009765625,254.0
2026-08-31 09:55:00+00:00,4494.0,4496.0,4493.0,4496.0,93.0
2026-08-31 10:00:00+00:00,4495.89990234375,4498.10009765625,4495.2001953125,4498.10009765625,207.0
2026-08-31 10:05:00+00:00,4498.10009765625,4504.2001953125,4497.60009765625,4499.0,801.0
2026-08-31 10:10:00+00:00,4498.89990234375,4502.2998046875,4496.7001953125,4502.0,317.0
2026-08-31 10:15:00+00:00,4502.39990234375,4502.7998046875,4496.7998046875,4498.5,432.0
2026-08-31 10:20:00+00:00,4499.10009765625,4500.2998046875,4497.89990234375,4497.89990234375,181.0
2026-08-31 10:25:00+00:00,4498.0,4499.7998046875,4497.2998046875,4499.10009765625,213.0
2026-08-31 10:30:00+00:00,4499.2001953125,4501.2998046875,4498.5,4499.5,253.0
2026-08-31 10:35:00+00:00,4499.2001953125,4502.0,4498.7998046875,4500.60009765625,293.0
2026-08-31 10:40:00+00:00,4500.60009765625,4502.89990234375,4499.2998046875,4501.7001953125,199.0
2026-08-31 10:45:00+00:00,4501.89990234375,4502.2001953125,4500.2001953125,4501.7001953125,244.0
2026-08-31 10:50:00+00:00,4501.60009765625,4506.7001953125,4501.60009765625,4504.7998046875,456.0
2026-08-31 10:55:00+00:00,4504.7001953125,4506.60009765625,4504.2001953125,4504.5,263.0
2026-08-31 11:00:00+00:00,4504.60009765625,4507.60009765625,4504.2001953125,4507.0,220.0
2026-08-31 11:05:00+00:00,4506.60009765625,4507.7001953125,4503.7998046875,4507.5,327.0
2026-08-31 11:10:00+00:00,4507.5,4508.39990234375,4504.2998046875,4504.39990234375,243.0
2026-08-31 11:15:00+00:00,4504.5,4508.0,4503.10009765625,4507.0,376.0
2026-08-31 11:20:00+00:00,4507.0,4509.10009765625,4506.7001953125,4508.7998046875,263.0
2026-08-31 11:25:00+00:00,4508.89990234375,4514.89990234375,4508.7998046875,4514.10009765625,707.0
2026-08-31 11:30:00+00:00,4514.10009765625,4514.89990234375,4509.39990234375,4509.39990234375,556.0
2026-08-31 11:35:00+00:00,4509.2998046875,4510.5,4505.60009765625,4506.5,408.0
2026-08-31 11:40:00+00:00,4506.39990234375,4510.2998046875,4504.5,4505.2998046875,491.0
2026-08-31 11:45:00+00:00,4505.7001953125,4506.60009765625,4503.39990234375,4504.0,265.0
2026-08-31 11:50:00+00:00,4504.2001953125,4505.5,4503.2001953125,4503.7001953125,357.0
2026-08-31 11:55:00+00:00,4504.10009765625,4507.10009765625,4504.10009765625,4506.2001953125,284.0
2026-08-31 12:00:00+00:00,4506.10009765625,4510.10009765625,4505.89990234375,4509.0,664.0
2026-08-31 12:05:00+00:00,4509.2998046875,4511.89990234375,4500.7998046875,4507.89990234375,1325.0
2026-08-31 12:10:00+00:00,4508.2001953125,4510.7001953125,4505.7998046875,4508.2001953125,783.0
2026-08-31 12:15:00+00:00,4508.2998046875,4509.7001953125,4505.7998046875,4507.5,327.0
2026-08-31 12:20:00+00:00,4507.60009765625,4508.10009765625,4501.0,4503.2998046875,700.0
2026-08-31 12:25:00+00:00,4503.39990234375,4505.2998046875,4497.7998046875,4498.7001953125,1081.0
2026-08-31 12:30:00+00:00,4498.39990234375,4500.89990234375,4496.2001953125,4497.7001953125,834.0
2026-08-31 12:35:00+00:00,4497.5,4498.2998046875,4492.89990234375,4493.10009765625,1254.0
2026-08-31 12:40:00+00:00,4493.0,4493.60009765625,4489.7998046875,4491.60009765625,713.0
2026-08-31 12:45:00+00:00,4491.39990234375,4491.39990234375,4486.60009765625,4489.10009765625,938.0
2026-08-31 12:50:00+00:00,4489.2998046875,4492.89990234375,4488.0,4488.10009765625,675.0
2026-08-31 12:55:00+00:00,4488.10009765625,4490.60009765625,4486.5,4486.89990234375,830.0
2026-08-31 13:00:00+00:00,4486.7001953125,4491.2001953125,4484.7998046875,4488.5,1087.0
2026-08-31 13:05:00+00:00,4488.7998046875,4497.0,4487.5,4496.10009765625,1399.0
2026-08-31 13:10:00+00:00,4496.10009765625,4497.7998046875,4493.89990234375,4497.0,546.0
2026-08-31 13:15:00+00:00,4497.10009765625,4499.5,4492.5,4494.5,481.0
2026-08-31 13:20:00+00:00,4494.2998046875,4495.0,4490.5,4492.2001953125,293.0
2026-08-31 13:25:00+00:00,4492.0,4498.60009765625,4491.89990234375,4497.2998046875,722.0
2026-08-31 13:30:00+00:00,4497.39990234375,4498.5,4488.7998046875,4489.7001953125,1264.0
2026-08-31 13:35:00+00:00,4489.5,4494.5,4486.7998046875,4488.0,961.0
2026-08-31 13:40:00+00:00,4488.10009765625,4489.2998046875,4483.10009765625,4484.60009765625,1209.0
2026-08-31 13:45:00+00:00,4484.7001953125,4484.7998046875,4475.60009765625,4476.60009765625,2680.0
2026-08-31 13:50:00+00:00,4476.39990234375,4480.10009765625,4469.89990234375,4475.0,2156.0
2026-08-31 13:55:00+00:00,4475.0,4475.5,4466.39990234375,4469.10009765625,2399.0
2026-08-31 14:00:00+00:00,4469.2998046875,4474.39990234375,4466.7001953125,4471.2998046875,1529.0
2026-08-31 14:05:00+00:00,4471.5,4478.39990234375,4470.5,4477.89990234375,1162.0
2026-08-31 14:10:00+00:00,4477.60009765625,4478.5,4471.7001953125,4477.60009765625,687.0
2026-08-31 14:15:00+00:00,4477.7001953125,4481.60009765625,4475.2001953125,4477.60009765625,959.0
2026-08-31 14:20:00+00:00,4477.2998046875,4477.5,4466.89990234375,4469.7001953125,1475.0
2026-08-31 14:25:00+00:00,4469.39990234375,4473.60009765625,4467.89990234375,4470.60009765625,658.0
2026-08-31 14:30:00+00:00,4470.5,4479.0,4470.0,4475.5,1463.0
2026-08-31 14:35:00+00:00,4475.5,4487.2001953125,4475.2001953125,4484.0,1558.0
2026-08-31 14:40:00+00:00,4483.89990234375,4486.2001953125,4481.7001953125,4483.10009765625,618.0
2026-08-31 14:45:00+00:00,4483.5,4486.2998046875,4478.2998046875,4479.0,831.0
2026-08-31 14:50:00+00:00,4478.7998046875,4483.60009765625,4476.2001953125,4482.89990234375,773.0
2026-08-31 14:55:00+00:00,4482.7001953125,4486.2998046875,4480.7998046875,4481.7001953125,843.0
2026-08-31 15:00:00+00:00,4481.7001953125,4486.5,4478.2998046875,4478.60009765625,853.0
2026-08-31 15:05:00+00:00,4478.5,4484.0,4477.89990234375,4483.7998046875,525.0
2026-08-31 15:10:00+00:00,4483.7998046875,4487.7001953125,4481.60009765625,4485.2001953125,729.0
2026-08-31 15:15:00+00:00,4485.39990234375,4487.89990234375,4478.89990234375,4481.7998046875,782.0
2026-08-31 15:20:00+00:00,4482.2001953125,4485.39990234375,4479.39990234375,4482.7998046875,661.0
2026-08-31 15:25:00+00:00,4483.2998046875,4484.39990234375,4480.5,4482.89990234375,416.0
2026-08-31 15:30:00+00:00,4482.39990234375,4484.0,4478.60009765625,4480.0,930.0
2026-08-31 15:35:00+00:00,4480.2998046875,4482.5,4477.0,4479.39990234375,555.0
2026-08-31 15:40:00+00:00,4479.60009765625,4481.2998046875,4476.0,4477.2001953125,623.0
2026-08-31 15:45:00+00:00,4477.2998046875,4483.60009765625,4477.0,4481.5,705.0
2026-08-31 15:50:00+00:00,4481.2001953125,4482.5,4476.89990234375,4477.60009765625,506.0
2026-08-31 15:55:00+00:00,4477.7001953125,4478.5,4474.2998046875,4475.5,516.0
2026-08-31 16:00:00+00:00,4475.89990234375,4482.2001953125,4473.0,4479.7998046875,979.0
2026-08-31 16:05:00+00:00,4479.7001953125,4486.0,4479.60009765625,4484.0,666.0
2026-08-31 16:10:00+00:00,4483.7998046875,4487.10009765625,4482.39990234375,4484.39990234375,620.0
2026-08-31 16:15:00+00:00,4484.7001953125,4486.7998046875,4484.0,4484.5,263.0
2026-08-31 16:20:00+00:00,4484.60009765625,4486.2001953125,4482.89990234375,4485.7998046875,400.0
2026-08-31 16:25:00+00:00,4486.0,4488.7001953125,4484.89990234375,4488.2998046875,328.0
2026-08-31 16:30:00+00:00,4488.60009765625,4490.2998046875,4485.10009765625,4486.0,617.0
2026-08-31 16:35:00+00:00,4486.2001953125,4486.2001953125,4481.0,4481.7998046875,552.0
2026-08-31 16:40:00+00:00,4481.7998046875,4487.2998046875,4481.10009765625,4485.39990234375,502.0
2026-08-31 16:45:00+00:00,4485.2001953125,4486.60009765625,4481.7998046875,4483.39990234375,480.0
2026-08-31 16:50:00+00:00,4483.39990234375,4487.10009765625,4483.2998046875,4483.7001953125,409.0
2026-08-31 16:55:00+00:00,4483.7998046875,4483.7998046875,4481.7998046875,4482.60009765625,260.0
2026-08-31 17:00:00+00:00,4482.7998046875,4484.0,4480.60009765625,4482.10009765625,314.0
2026-08-31 17:05:00+00:00,4482.10009765625,4482.39990234375,4480.0,4481.10009765625,280.0
2026-08-31 17:10:00+00:00,4481.0,4484.60009765625,4481.0,4482.89990234375,311.0
2026-08-31 17:15:00+00:00,4483.0,4485.60009765625,4482.0,4485.5,369.0
2026-08-31 17:20:00+00:00,4485.60009765625,4486.60009765625,4482.10009765625,4482.10009765625,505.0
2026-08-31 17:25:00+00:00,4482.2998046875,4484.39990234375,4477.7998046875,4479.7998046875,2426.0
2026-08-31 17:30:00+00:00,4479.7998046875,4484.10009765625,4479.10009765625,4482.10009765625,635.0
2026-08-31 17:35:00+00:00,4482.2998046875,4485.10009765625,4482.2001953125,4482.7998046875,314.0
2026-08-31 17:40:00+00:00,4482.60009765625,4486.2998046875,4482.2998046875,4486.0,410.0
2026-08-31 17:45:00+00:00,4485.89990234375,4489.7001953125,4485.2001953125,4488.2998046875,434.0
2026-08-31 17:50:00+00:00,4488.39990234375,4489.5,4486.7001953125,4487.10009765625,322.0
2026-08-31 17:55:00+00:00,4487.2001953125,4487.60009765625,4485.10009765625,4485.60009765625,193.0
2026-08-31 18:00:00+00:00,4486.0,4486.10009765625,4479.5,4481.39990234375,684.0
2026-08-31 18:05:00+00:00,4481.5,4482.2001953125,4480.5,4480.7998046875,152.0
2026-08-31 18:10:00+00:00,4480.7998046875,4483.2001953125,4479.89990234375,4483.2001953125,202.0
2026-08-31 18:15:00+00:00,4483.10009765625,4484.0,4481.0,4481.2998046875,187.0
2026-08-31 18:20:00+00:00,4481.2001953125,4482.7001953125,4481.10009765625,4482.2998046875,138.0
2026-08-31 18:25:00+00:00,4482.2998046875,4482.39990234375,4478.89990234375,4478.89990234375,391.0
2026-08-31 18:30:00+00:00,4478.89990234375,4478.89990234375,4475.5,4476.89990234375,433.0
2026-08-31 18:35:00+00:00,4477.0,4478.2001953125,4476.0,4477.0,313.0
2026-08-31 18:40:00+00:00,4477.7001953125,4479.5,4476.89990234375,4478.60009765625,167.0
2026-08-31 18:45:00+00:00,4478.60009765625,4482.5,4478.39990234375,4482.2001953125,194.0
2026-08-31 18:50:00+00:00,4482.2001953125,4484.0,4481.7998046875,4482.7001953125,281.0
2026-08-31 18:55:00+00:00,4482.60009765625,4483.10009765625,4479.7001953125,4480.2998046875,169.0
2026-08-31 19:00:00+00:00,4480.7001953125,4482.2998046875,4478.39990234375,4479.89990234375,305.0
2026-08-31 19:05:00+00:00,4480.0,4484.0,4480.0,4484.0,137.0
2026-08-31 19:10:00+00:00,4484.2001953125,4484.7001953125,4481.89990234375,4482.7998046875,299.0
2026-08-31 19:15:00+00:00,4483.10009765625,4483.39990234375,4482.39990234375,4482.89990234375,144.0
2026-08-31 19:20:00+00:00,4482.7998046875,4488.7998046875,4482.10009765625,4488.5,622.0
2026-08-31 19:25:00+00:00,4488.60009765625,4491.7001953125,4487.39990234375,4489.7998046875,842.0
2026-08-31 19:30:00+00:00,4489.7998046875,4490.7998046875,4488.89990234375,4490.0,351.0
2026-08-31 19:35:00+00:00,4489.89990234375,4494.7998046875,4489.60009765625,4492.10009765625,633.0
2026-08-31 19:40:00+00:00,4492.2998046875,4492.7001953125,4488.39990234375,4492.5,418.0
2026-08-31 19:45:00+00:00,4492.2001953125,4498.39990234375,4490.7998046875,4498.10009765625,565.0
2026-08-31 19:50:00+00:00,4498.10009765625,4501.7998046875,4496.7998046875,4499.5,1206.0
2026-08-31 19:55:00+00:00,4499.39990234375,4502.7001953125,4496.89990234375,4502.0,1079.0
2026-08-31 20:00:00+00:00,4502.2998046875,4504.89990234375,4501.5,4501.89990234375,654.0
2026-08-31 20:05:00+00:00,4501.60009765625,4502.0,4500.7001953125,4501.10009765625,156.0
2026-08-31 20:10:00+00:00,4502.0,4502.2998046875,4499.10009765625,4499.2001953125,78.0
2026-08-31 20:15:00+00:00,4499.2998046875,4499.60009765625,4498.0,4498.0,157.0
2026-08-31 20:20:00+00:00,4498.2998046875,4498.2998046875,4496.10009765625,4497.2001953125,100.0
2026-08-31 20:25:00+00:00,4496.89990234375,4497.5,4496.2001953125,4496.5,81.0
2026-08-31 20:30:00+00:00,4496.5,4498.0,4495.89990234375,4497.60009765625,99.0
2026-08-31 20:35:00+00:00,4497.5,4498.7998046875,4497.2001953125,4497.7001953125,65.0
2026-08-31 20:40:00+00:00,4497.60009765625,4498.39990234375,4497.0,4497.2998046875,45.0
2026-08-31 20:45:00+00:00,4497.39990234375,4497.89990234375,4496.2998046875,4496.89990234375,70.0
2026-08-31 20:50:00+00:00,4496.60009765625,4497.60009765625,4496.2001953125,4497.60009765625,114.0
2026-08-31 20:55:00+00:00,4497.89990234375,4498.89990234375,4497.0,4497.2998046875,140.0
2026-08-31 22:00:00+00:00,4498.7001953125,4503.5,4496.5,4503.2998046875,0.0
2026-08-31 22:05:00+00:00,4503.0,4504.7998046875,4501.2001953125,4504.39990234375,124.0
2026-08-31 22:10:00+00:00,4504.2001953125,4504.7001953125,4500.10009765625,4500.39990234375,181.0
2026-08-31 22:15:00+00:00,4500.39990234375,4500.7001953125,4498.7998046875,4498.7998046875,86.0
2026-08-31 22:20:00+00:00,4498.7001953125,4498.7001953125,4496.60009765625,4496.60009765625,217.0
2026-08-31 22:25:00+00:00,4496.60009765625,4499.2998046875,4496.39990234375,4498.60009765625,169.0
2026-08-31 22:30:00+00:00,4498.5,4500.0,4497.7998046875,4498.7998046875,182.0
2026-08-31 22:35:00+00:00,4498.7998046875,4498.7998046875,4497.0,4497.2001953125,59.0
2026-08-31 22:40:00+00:00,4497.60009765625,4497.60009765625,4495.89990234375,4496.89990234375,43.0
2026-08-31 22:45:00+00:00,4496.60009765625,4496.89990234375,4494.60009765625,4495.39990234375,63.0
2026-08-31 22:50:00+00:00,4495.60009765625,4496.10009765625,4494.2998046875,4494.39990234375,71.0
2026-08-31 22:55:00+00:00,4494.89990234375,4496.60009765625,4494.7001953125,4495.5,57.0
2026-08-31 23:00:00+00:00,4495.7998046875,4495.7998046875,4494.60009765625,4494.7998046875,79.0
2026-08-31 23:05:00+00:00,4494.7998046875,4495.39990234375,4494.10009765625,4494.60009765625,129.0
2026-08-31 23:10:00+00:00,4494.5,4495.2998046875,4492.2998046875,4492.60009765625,221.0
2026-08-31 23:15:00+00:00,4492.39990234375,4492.5,4491.60009765625,4491.7001953125,131.0
2026-08-31 23:20:00+00:00,4491.7001953125,4491.89990234375,4490.2998046875,4491.7001953125,130.0
2026-08-31 23:25:00+00:00,4491.7001953125,4492.7998046875,4491.2998046875,4491.89990234375,100.0
2026-08-31 23:30:00+00:00,4492.0,4496.5,4491.7998046875,4494.39990234375,207.0
2026-08-31 23:35:00+00:00,4494.10009765625,4494.7001953125,4493.0,4493.5,79.0
2026-08-31 23:40:00+00:00,4493.5,4495.0,4491.60009765625,4494.5,103.0
2026-08-31 23:45:00+00:00,4494.5,4498.2998046875,4494.2001953125,4494.89990234375,158.0
2026-08-31 23:50:00+00:00,4495.2998046875,4500.2998046875,4495.0,4499.5,172.0
2026-08-31 23:55:00+00:00,4499.2001953125,4501.0,4497.0,4501.0,192.0
2026-09-01 00:00:00+00:00,4501.2998046875,4503.0,4495.0,4502.7998046875,511.0
2026-09-01 00:05:00+00:00,4502.5,4505.0,4500.10009765625,4504.39990234375,242.0
2026-09-01 00:10:00+00:00,4504.0,4507.10009765625,4501.60009765625,4503.89990234375,405.0
2026-09-01 00:15:00+00:00,4504.10009765625,4507.2001953125,4501.39990234375,4506.5,242.0
2026-09-01 00:20:00+00:00,4506.39990234375,4510.5,4506.2998046875,4506.7998046875,306.0
2026-09-01 00:25:00+00:00,4506.5,4510.2001953125,4505.7001953125,4509.2001953125,286.0
2026-09-01 00:30:00+00:00,4509.5,4510.2998046875,4505.2998046875,4506.39990234375,236.0
2026-09-01 00:35:00+00:00,4506.2001953125,4506.2001953125,4502.2001953125,4503.7001953125,222.0
2026-09-01 00:40:00+00:00,4504.2001953125,4505.5,4500.7001953125,4502.10009765625,192.0
2026-09-01 00:45:00+00:00,4502.39990234375,4505.7998046875,4501.0,4505.0,181.0
2026-09-01 00:50:00+00:00,4504.7998046875,4510.39990234375,4504.60009765625,4505.7998046875,320.0
2026-09-01 00:55:00+00:00,4506.2998046875,4506.2998046875,4499.89990234375,4502.7001953125,282.0
2026-09-01 01:00:00+00:00,4502.60009765625,4505.89990234375,4497.0,4498.2001953125,650.0
2026-09-01 01:05:00+00:00,4499.2998046875,4499.60009765625,4495.5,4496.10009765625,252.0
2026-09-01 01:10:00+00:00,4496.0,4498.0,4494.2001953125,4495.2998046875,322.0
2026-09-01 01:15:00+00:00,4495.60009765625,4496.7001953125,4492.2001953125,4492.2001953125,359.0
2026-09-01 01:20:00+00:00,4492.2998046875,4493.7998046875,4487.60009765625,4489.2998046875,524.0
2026-09-01 01:25:00+00:00,4489.2001953125,4489.5,4486.7001953125,4488.60009765625,214.0
2026-09-01 01:30:00+00:00,4488.7998046875,4492.0,4485.2001953125,4491.7001953125,401.0
2026-09-01 01:35:00+00:00,4491.60009765625,4494.60009765625,4490.2001953125,4492.89990234375,391.0
2026-09-01 01:40:00+00:00,4493.2001953125,4494.7998046875,4490.2001953125,4494.7998046875,230.0
2026-09-01 01:45:00+00:00,4494.89990234375,4495.60009765625,4489.5,4489.7998046875,208.0
2026-09-01 01:50:00+00:00,4490.10009765625,4491.89990234375,4488.2998046875,4490.2998046875,204.0
2026-09-01 01:55:00+00:00,4490.39990234375,4493.2998046875,4489.60009765625,4493.10009765625,143.0
2026-09-01 02:00:00+00:00,4492.89990234375,4495.89990234375,4491.60009765625,4495.89990234375,157.0
2026-09-01 02:05:00+00:00,4496.0,4497.7001953125,4490.7001953125,4490.89990234375,303.0
2026-09-01 02:10:00+00:00,4490.89990234375,4498.2001953125,4490.89990234375,4493.7998046875,466.0
2026-09-01 02:15:00+00:00,4494.10009765625,4495.60009765625,4493.7998046875,4495.60009765625,132.0
2026-09-01 02:20:00+00:00,4496.0,4497.2998046875,4491.39990234375,4491.7001953125,193.0
2026-09-01 02:25:00+00:00,4492.0,4492.2998046875,4489.2001953125,4489.2001953125,209.0
2026-09-01 02:30:00+00:00,4489.2001953125,4489.7998046875,4483.89990234375,4486.2998046875,580.0
2026-09-01 02:35:00+00:00,4486.2001953125,4486.39990234375,4481.0,4481.89990234375,696.0
2026-09-01 02:40:00+00:00,4482.2001953125,4485.89990234375,4480.7001953125,4481.2001953125,562.0
2026-09-01 02:45:00+00:00,4481.0,4485.5,4477.10009765625,4484.2998046875,935.0
2026-09-01 02:50:00+00:00,4485.0,4489.5,4484.0,4488.7001953125,266.0
2026-09-01 02:55:00+00:00,4487.89990234375,4492.60009765625,4487.89990234375,4492.39990234375,201.0
2026-09-01 03:00:00+00:00,4492.7001953125,4493.5,4488.89990234375,4490.0,447.0
2026-09-01 03:05:00+00:00,4490.39990234375,4491.60009765625,4488.7998046875,4490.2001953125,263.0
2026-09-01 03:10:00+00:00,4489.5,4491.0,4487.7998046875,4489.39990234375,354.0
2026-09-01 03:15:00+00:00,4488.89990234375,4489.60009765625,4485.60009765625,4486.0,112.0
2026-09-01 03:20:00+00:00,4485.89990234375,4485.89990234375,4481.60009765625,4481.60009765625,380.0
2026-09-01 03:25:00+00:00,4482.2001953125,4485.5,4480.89990234375,4483.5,352.0
2026-09-01 03:30:00+00:00,4483.39990234375,4485.89990234375,4482.60009765625,4485.7001953125,130.0
2026-09-01 03:35:00+00:00,4485.10009765625,4486.89990234375,4482.60009765625,4486.89990234375,250.0
2026-09-01 03:40:00+00:00,4486.89990234375,4488.0,4486.2998046875,4487.60009765625,104.0
2026-09-01 03:45:00+00:00,4487.7998046875,4492.10009765625,4487.7998046875,4490.39990234375,649.0
2026-09-01 03:50:00+00:00,4490.2998046875,4492.39990234375,4490.2001953125,4491.0,222.0
2026-09-01 03:55:00+00:00,4490.89990234375,4490.89990234375,4486.10009765625,4487.0,425.0
2026-09-01 04:00:00+00:00,4485.7001953125,4486.7001953125,4484.60009765625,4486.0,158.0
2026-09-01 04:05:00+00:00,4486.2001953125,4486.39990234375,4480.39990234375,4480.7001953125,355.0
2026-09-01 04:10:00+00:00,4480.60009765625,4481.10009765625,4478.89990234375,4479.60009765625,436.0
2026-09-01 04:15:00+00:00,4479.60009765625,4482.5,4478.2998046875,4478.5,298.0
2026-09-01 04:20:00+00:00,4479.0,4481.10009765625,4478.2998046875,4481.0,77.0
2026-09-01 04:25:00+00:00,4480.60009765625,4481.7001953125,4478.2998046875,4478.5,121.0
2026-09-01 04:30:00+00:00,4478.2001953125,4479.10009765625,4477.10009765625,4478.7001953125,292.0
2026-09-01 04:35:00+00:00,4478.7001953125,4479.39990234375,4477.60009765625,4478.10009765625,138.0
2026-09-01 04:40:00+00:00,4478.2001953125,4478.60009765625,4475.2001953125,4476.5,502.0
2026-09-01 04:45:00+00:00,4475.89990234375,4478.10009765625,4474.10009765625,4475.60009765625,739.0
2026-09-01 04:50:00+00:00,4475.39990234375,4478.2001953125,4473.89990234375,4477.60009765625,561.0
2026-09-01 04:55:00+00:00,4477.60009765625,4478.0,4474.10009765625,4475.2001953125,282.0
2026-09-01 05:00:00+00:00,4475.39990234375,4480.2998046875,4474.7001953125,4479.7998046875,272.0
2026-09-01 05:05:00+00:00,4479.60009765625,4481.2998046875,4478.7998046875,4479.39990234375,131.0
2026-09-01 05:10:00+00:00,4479.60009765625,4480.0,4477.5,4477.7001953125,192.0
2026-09-01 05:15:00+00:00,4478.10009765625,4479.0,4473.5,4474.10009765625,195.0
2026-09-01 05:20:00+00:00,4474.39990234375,4476.2998046875,4474.39990234375,4475.89990234375,150.0
2026-09-01 05:25:00+00:00,4475.2998046875,4476.7001953125,4474.2998046875,4475.2001953125,176.0
2026-09-01 05:30:00+00:00,4474.89990234375,4483.7998046875,4471.89990234375,4483.5,833.0
2026-09-01 05:35:00+00:00,4483.5,4491.5,4481.89990234375,4488.39990234375,469.0
2026-09-01 05:40:00+00:00,4488.2001953125,4492.2001953125,4486.89990234375,4492.2001953125,359.0
2026-09-01 05:45:00+00:00,4491.2001953125,4494.60009765625,4489.7998046875,4493.7998046875,415.0
2026-09-01 05:50:00+00:00,4493.89990234375,4493.89990234375,4490.0,4491.7001953125,302.0
2026-09-01 05:55:00+00:00,4491.7001953125,4494.7001953125,4488.2998046875,4489.0,296.0
2026-09-01 06:00:00+00:00,4488.5,4489.10009765625,4484.10009765625,4485.10009765625,335.0
2026-09-01 06:05:00+00:00,4485.10009765625,4487.2001953125,4483.89990234375,4483.89990234375,207.0
2026-09-01 06:10:00+00:00,4484.2998046875,4484.89990234375,4480.2001953125,4481.2998046875,409.0
2026-09-01 06:15:00+00:00,4481.39990234375,4483.7998046875,4481.10009765625,4482.7998046875,322.0
2026-09-01 06:20:00+00:00,4482.7998046875,4483.2998046875,4479.60009765625,4481.5,239.0
2026-09-01 06:25:00+00:00,4481.7001953125,4482.10009765625,4476.2998046875,4477.60009765625,360.0
2026-09-01 06:30:00+00:00,4477.7001953125,4479.0,4477.0,4478.5,286.0
2026-09-01 06:35:00+00:00,4478.2998046875,4482.60009765625,4478.2998046875,4481.89990234375,192.0
2026-09-01 06:40:00+00:00,4481.7998046875,4483.89990234375,4481.2001953125,4483.60009765625,268.0
2026-09-01 06:45:00+00:00,4483.7001953125,4484.10009765625,4478.0,4478.5,168.0
2026-09-01 06:50:00+00:00,4478.5,4478.89990234375,4476.7001953125,4478.5,262.0
2026-09-01 06:55:00+00:00,4478.60009765625,4479.5,4477.89990234375,4478.0,122.0
2026-09-01 07:00:00+00:00,4478.10009765625,4483.60009765625,4477.89990234375,4482.89990234375,413.0
2026-09-01 07:05:00+00:00,4482.7998046875,4482.7998046875,4478.39990234375,4478.89990234375,270.0
2026-09-01 07:10:00+00:00,4479.0,4481.60009765625,4478.10009765625,4481.60009765625,182.0
2026-09-01 07:15:00+00:00,4481.60009765625,4482.2998046875,4477.2998046875,4478.10009765625,355.0
2026-09-01 07:20:00+00:00,4477.7998046875,4481.2001953125,4475.10009765625,4475.5,778.0
2026-09-01 07:25:00+00:00,4475.5,4478.2998046875,4474.2998046875,4474.5,883.0
2026-09-01 07:30:00+00:00,4474.2998046875,4476.89990234375,4467.5,4474.2998046875,1384.0
2026-09-01 07:35:00+00:00,4473.89990234375,4474.2998046875,4461.2998046875,4461.2998046875,832.0
2026-09-01 07:40:00+00:00,4461.5,4470.5,4460.5,4466.7998046875,731.0
2026-09-01 07:45:00+00:00,4466.60009765625,4471.0,4465.39990234375,4470.7998046875,431.0
2026-09-01 07:50:00+00:00,4471.0,4471.89990234375,4467.2001953125,4467.7001953125,318.0
2026-09-01 07:55:00+00:00,4468.10009765625,4470.89990234375,4465.7001953125,4468.7001953125,708.0
2026-09-01 08:00:00+00:00,4468.60009765625,4468.60009765625,4458.7998046875,4459.89990234375,1009.0
2026-09-01 08:05:00+00:00,4459.7998046875,4467.2998046875,4442.2998046875,4444.89990234375,2651.0
2026-09-01 08:10:00+00:00,4445.0,4455.7001953125,4438.39990234375,4454.2998046875,2957.0
2026-09-01 08:15:00+00:00,4454.2998046875,4454.89990234375,4443.89990234375,4444.2998046875,800.0
2026-09-01 08:20:00+00:00,4444.2001953125,4447.39990234375,4433.10009765625,4434.10009765625,1640.0
2026-09-01 08:25:00+00:00,4434.39990234375,4436.60009765625,4430.7001953125,4432.0,1078.0
2026-09-01 08:30:00+00:00,4432.10009765625,4432.60009765625,4421.5,4423.2998046875,2230.0
2026-09-01 08:35:00+00:00,4423.7001953125,4425.7001953125,4418.5,4423.2001953125,1391.0
2026-09-01 08:40:00+00:00,4423.2998046875,4430.0,4419.10009765625,4424.10009765625,1415.0
2026-09-01 08:45:00+00:00,4423.89990234375,4427.0,4417.89990234375,4425.0,1003.0
2026-09-01 08:50:00+00:00,4425.39990234375,4426.5,4421.0,4425.39990234375,828.0
2026-09-01 08:55:00+00:00,4425.2001953125,4426.60009765625,4418.5,4419.39990234375,852.0
2026-09-01 09:00:00+00:00,4419.39990234375,4424.0,4414.5,4421.7998046875,1447.0
2026-09-01 09:05:00+00:00,4422.7998046875,4423.39990234375,4416.10009765625,4418.39990234375,1144.0
2026-09-01 09:10:00+00:00,4418.39990234375,4424.60009765625,4417.60009765625,4424.2001953125,642.0
2026-09-01 09:15:00+00:00,4424.2001953125,4426.60009765625,4423.0,4424.89990234375,792.0
2026-09-01 09:20:00+00:00,4424.60009765625,4426.2998046875,4422.7001953125,4423.5,375.0
2026-09-01 09:25:00+00:00,4423.60009765625,4423.89990234375,4419.0,4421.39990234375,965.0
2026-09-01 09:30:00+00:00,4421.10009765625,4421.7001953125,4415.10009765625,4419.2998046875,1744.0
2026-09-01 09:35:00+00:00,4419.2001953125,4419.7998046875,4414.2001953125,4416.7998046875,877.0
2026-09-01 09:40:00+00:00,4416.10009765625,4420.5,4414.60009765625,4420.39990234375,577.0
2026-09-01 09:45:00+00:00,4420.2001953125,4422.5,4418.10009765625,4418.39990234375,880.0
2026-09-01 09:50:00+00:00,4418.0,4420.5,4417.2998046875,4419.2998046875,373.0
2026-09-01 09:55:00+00:00,4419.2998046875,4421.7001953125,4413.0,4413.7001953125,666.0
2026-09-01 10:00:00+00:00,4413.7001953125,4419.60009765625,4413.0,4417.39990234375,439.0
2026-09-01 10:05:00+00:00,4417.5,4424.0,4416.2998046875,4421.89990234375,802.0
2026-09-01 10:10:00+00:00,4422.0,4430.7998046875,4421.7998046875,4426.7998046875,1235.0
2026-09-01 10:15:00+00:00,4427.0,4432.0,4426.60009765625,4429.39990234375,508.0
2026-09-01 10:20:00+00:00,4429.60009765625,4434.10009765625,4428.89990234375,4433.0,567.0
2026-09-01 10:25:00+00:00,4432.7998046875,4434.2001953125,4431.5,4433.2998046875,370.0
2026-09-01 10:30:00+00:00,4433.60009765625,4434.0,4430.2001953125,4431.60009765625,351.0
2026-09-01 10:35:00+00:00,4432.2001953125,4434.2001953125,4431.7001953125,4433.0,339.0
2026-09-01 10:40:00+00:00,4433.0,4434.60009765625,4430.2001953125,4430.2001953125,375.0
2026-09-01 10:45:00+00:00,4430.2998046875,4430.2998046875,4425.39990234375,4426.7998046875,983.0
2026-09-01 10:50:00+00:00,4426.89990234375,4426.89990234375,4423.5,4424.7001953125,406.0
2026-09-01 10:55:00+00:00,4424.60009765625,4429.2001953125,4424.2998046875,4426.89990234375,867.0
2026-09-01 11:00:00+00:00,4427.0,4429.7001953125,4424.5,4428.39990234375,417.0
2026-09-01 11:05:00+00:00,4428.60009765625,4431.2998046875,4425.39990234375,4430.60009765625,372.0
2026-09-01 11:10:00+00:00,4430.60009765625,4431.7998046875,4424.89990234375,4425.7998046875,445.0
2026-09-01 11:15:00+00:00,4425.7998046875,4426.0,4423.2001953125,4424.7001953125,406.0
2026-09-01 11:20:00+00:00,4424.7998046875,4430.2998046875,4424.2998046875,4426.5,601.0
2026-09-01 11:25:00+00:00,4426.10009765625,4430.39990234375,4425.2001953125,4429.2001953125,488.0
2026-09-01 11:30:00+00:00,4429.0,4430.89990234375,4426.89990234375,4429.2001953125,304.0
2026-09-01 11:35:00+00:00,4429.10009765625,4432.7998046875,4427.5,4432.5,727.0
2026-09-01 11:40:00+00:00,4432.2998046875,4433.39990234375,4431.2001953125,4432.7001953125,387.0
2026-09-01 11:45:00+00:00,4432.7998046875,4435.7001953125,4432.10009765625,4434.0,577.0
2026-09-01 11:50:00+00:00,4433.89990234375,4435.39990234375,4427.2998046875,4427.7998046875,616.0
2026-09-01 11:55:00+00:00,4427.5,4427.60009765625,4420.5,4422.89990234375,1042.0
2026-09-01 12:00:00+00:00,4423.0,4423.2001953125,4418.0,4420.2998046875,944.0
2026-09-01 12:05:00+00:00,4420.2001953125,4421.5,4418.5,4419.2001953125,617.0
2026-09-01 12:10:00+00:00,4419.2998046875,4420.89990234375,4415.39990234375,4419.5,1471.0
2026-09-01 12:15:00+00:00,4419.2001953125,4424.0,4418.39990234375,4419.5,672.0
2026-09-01 12:20:00+00:00,4419.7001953125,4420.2998046875,4414.2998046875,4416.7001953125,1052.0
2026-09-01 12:25:00+00:00,4416.39990234375,4424.89990234375,4416.2998046875,4417.10009765625,1122.0
2026-09-01 12:30:00+00:00,4416.89990234375,4417.5,4407.10009765625,4407.5,2046.0
2026-09-01 12:35:00+00:00,4407.2998046875,4409.7001953125,4400.39990234375,4406.2998046875,2671.0
2026-09-01 12:40:00+00:00,4406.10009765625,4413.60009765625,4403.60009765625,4413.2001953125,1281.0
2026-09-01 12:45:00+00:00,4413.2001953125,4418.5,4411.39990234375,4413.10009765625,1507.0
2026-09-01 12:50:00+00:00,4412.2001953125,4413.7001953125,4410.2001953125,4411.7998046875,779.0
2026-09-01 12:55:00+00:00,4411.39990234375,4411.60009765625,4404.5,4404.7001953125,1073.0
2026-09-01 13:00:00+00:00,4404.60009765625,4406.2998046875,4385.0,4388.0,7122.0
2026-09-01 13:05:00+00:00,4387.7998046875,4391.39990234375,4376.7998046875,4380.10009765625,4128.0
2026-09-01 13:10:00+00:00,4380.2001953125,4383.89990234375,4374.10009765625,4377.5,3942.0
2026-09-01 13:15:00+00:00,4377.60009765625,4382.2998046875,4374.5,4381.7998046875,2218.0
2026-09-01 13:20:00+00:00,4382.2001953125,4385.5,4379.39990234375,4384.10009765625,1445.0
2026-09-01 13:25:00+00:00,4384.2001953125,4392.60009765625,4383.2001953125,4391.10009765625,1896.0
2026-09-01 13:30:00+00:00,4391.0,4402.7998046875,4389.2001953125,4400.7001953125,3631.0
2026-09-01 13:35:00+00:00,4400.7998046875,4404.7001953125,4394.5,4400.89990234375,2023.0
2026-09-01 13:40:00+00:00,4401.0,4410.60009765625,4399.10009765625,4409.7001953125,1500.0
2026-09-01 13:45:00+00:00,4409.89990234375,4410.10009765625,4401.7998046875,4409.39990234375,1656.0
2026-09-01 13:50:00+00:00,4408.7998046875,4413.0,4404.7998046875,4405.89990234375,1277.0
2026-09-01 13:55:00+00:00,4406.2001953125,4415.89990234375,4405.7998046875,4413.89990234375,1028.0
2026-09-01 14:00:00+00:00,4414.2001953125,4419.5,4401.5,4402.10009765625,3488.0
2026-09-01 14:05:00+00:00,4402.0,4418.2001953125,4401.7001953125,4414.60009765625,1635.0
2026-09-01 14:10:00+00:00,4414.60009765625,4419.0,4410.7998046875,4419.0,1330.0
2026-09-01 14:15:00+00:00,4419.0,4423.2998046875,4417.39990234375,4420.0,1640.0
2026-09-01 14:20:00+00:00,4420.2001953125,4424.2998046875,4419.89990234375,4422.10009765625,949.0
2026-09-01 14:25:00+00:00,4422.2001953125,4422.89990234375,4414.10009765625,4414.39990234375,1383.0
2026-09-01 14:30:00+00:00,4414.5,4420.60009765625,4414.39990234375,4420.60009765625,995.0
2026-09-01 14:35:00+00:00,4420.60009765625,4421.7998046875,4413.5,4414.39990234375,826.0
2026-09-01 14:40:00+00:00,4414.2998046875,4416.10009765625,4412.60009765625,4414.7001953125,708.0
2026-09-01 14:45:00+00:00,4415.2001953125,4418.7001953125,4408.7998046875,4410.10009765625,1462.0
2026-09-01 14:50:00+00:00,4410.2001953125,4416.39990234375,4407.2998046875,4408.5,1677.0
2026-09-01 14:55:00+00:00,4408.7001953125,4409.39990234375,4405.2001953125,4408.7998046875,836.0
2026-09-01 15:00:00+00:00,4409.10009765625,4411.5,4403.39990234375,4406.10009765625,699.0
2026-09-01 15:05:00+00:00,4405.7998046875,4408.7001953125,4404.7998046875,4408.2998046875,477.0
2026-09-01 15:10:00+00:00,4408.2001953125,4411.2001953125,4404.89990234375,4405.2998046875,854.0
2026-09-01 15:15:00+00:00,4405.39990234375,4412.10009765625,4404.39990234375,4411.5,954.0
2026-09-01 15:20:00+00:00,4411.2998046875,4413.60009765625,4409.7001953125,4410.39990234375,645.0
2026-09-01 15:25:00+00:00,4410.2998046875,4414.2001953125,4406.89990234375,4414.2001953125,919.0
2026-09-01 15:30:00+00:00,4414.0,4415.39990234375,4411.10009765625,4411.5,537.0
2026-09-01 15:35:00+00:00,4411.0,4415.10009765625,4409.7998046875,4412.10009765625,450.0
2026-09-01 15:40:00+00:00,4412.5,4419.10009765625,4412.39990234375,4419.10009765625,759.0
2026-09-01 15:45:00+00:00,4419.2001953125,4420.0,4417.0,4419.7001953125,718.0
2026-09-01 15:50:00+00:00,4419.60009765625,4421.7998046875,4418.0,4421.5,482.0
2026-09-01 15:55:00+00:00,4421.2001953125,4422.7001953125,4419.0,4421.7001953125,461.0
2026-09-01 16:00:00+00:00,4421.60009765625,4423.2998046875,4420.0,4420.60009765625,511.0
2026-09-01 16:05:00+00:00,4420.5,4421.89990234375,4416.60009765625,4416.60009765625,629.0
2026-09-01 16:10:00+00:00,4416.60009765625,4417.2001953125,4410.7001953125,4410.7001953125,1067.0
2026-09-01 16:15:00+00:00,4411.0,4414.0,4407.0,4407.60009765625,1166.0
2026-09-01 16:20:00+00:00,4407.10009765625,4407.10009765625,4403.89990234375,4406.2001953125,1021.0
2026-09-01 16:25:00+00:00,4406.5,4407.2998046875,4401.0,4401.2998046875,1644.0
2026-09-01 16:30:00+00:00,4401.0,4401.7001953125,4395.7001953125,4397.2001953125,1876.0
2026-09-01 16:35:00+00:00,4397.2001953125,4403.89990234375,4395.39990234375,4403.7998046875,956.0
2026-09-01 16:40:00+00:00,4403.39990234375,4406.10009765625,4400.5,4403.2001953125,761.0
2026-09-01 16:45:00+00:00,4403.10009765625,4407.5,4403.10009765625,4405.2998046875,584.0
2026-09-01 16:50:00+00:00,4405.7001953125,4406.7001953125,4402.0,4403.5,584.0
2026-09-01 16:55:00+00:00,4403.7001953125,4404.39990234375,4399.39990234375,4399.60009765625,502.0
2026-09-01 17:00:00+00:00,4399.7998046875,4400.2998046875,4395.2001953125,4395.2001953125,707.0
2026-09-01 17:05:00+00:00,4395.10009765625,4396.2998046875,4392.7001953125,4394.10009765625,1035.0
2026-09-01 17:10:00+00:00,4394.60009765625,4396.0,4392.39990234375,4394.60009765625,945.0
2026-09-01 17:15:00+00:00,4394.7001953125,4397.10009765625,4392.39990234375,4395.0,948.0
2026-09-01 17:20:00+00:00,4394.60009765625,4396.2998046875,4393.10009765625,4395.7001953125,535.0
2026-09-01 17:25:00+00:00,4395.5,4398.60009765625,4390.7001953125,4398.5,2520.0
2026-09-01 17:30:00+00:00,4398.2998046875,4400.2998046875,4395.60009765625,4395.7998046875,980.0
2026-09-01 17:35:00+00:00,4395.89990234375,4399.10009765625,4394.0,4394.0,412.0
2026-09-01 17:40:00+00:00,4394.2001953125,4395.10009765625,4390.89990234375,4392.2998046875,510.0
2026-09-01 17:45:00+00:00,4392.2998046875,4392.39990234375,4389.0,4391.10009765625,597.0
2026-09-01 17:50:00+00:00,4390.7998046875,4392.7001953125,4389.2998046875,4391.5,351.0
2026-09-01 17:55:00+00:00,4391.7998046875,4392.39990234375,4390.0,4391.10009765625,370.0
2026-09-01 18:00:00+00:00,4391.2998046875,4392.7001953125,4386.39990234375,4387.0,826.0
2026-09-01 18:05:00+00:00,4387.39990234375,4388.5,4384.5,4384.7001953125,546.0
2026-09-01 18:10:00+00:00,4384.60009765625,4385.60009765625,4382.39990234375,4384.39990234375,496.0
2026-09-01 18:15:00+00:00,4384.60009765625,4388.7001953125,4383.7001953125,4388.5,468.0
2026-09-01 18:20:00+00:00,4388.5,4389.60009765625,4387.60009765625,4389.2001953125,380.0
2026-09-01 18:25:00+00:00,4389.0,4389.0,4384.89990234375,4385.39990234375,422.0
2026-09-01 18:30:00+00:00,4385.39990234375,4385.5,4380.7001953125,4381.60009765625,827.0
2026-09-01 18:35:00+00:00,4381.60009765625,4382.0,4376.60009765625,4377.39990234375,927.0
2026-09-01 18:40:00+00:00,4377.60009765625,4378.39990234375,4375.89990234375,4377.10009765625,683.0
2026-09-01 18:45:00+00:00,4377.2998046875,4379.2998046875,4375.60009765625,4379.2998046875,569.0
2026-09-01 18:50:00+00:00,4379.2998046875,4382.2001953125,4376.7001953125,4376.89990234375,971.0
2026-09-01 18:55:00+00:00,4376.7998046875,4381.0,4375.7001953125,4379.39990234375,629.0
2026-09-01 19:00:00+00:00,4379.10009765625,4380.0,4376.60009765625,4379.10009765625,471.0
2026-09-01 19:05:00+00:00,4379.2001953125,4381.60009765625,4377.2998046875,4379.10009765625,332.0
2026-09-01 19:10:00+00:00,4379.10009765625,4384.7998046875,4378.5,4384.7001953125,572.0
2026-09-01 19:15:00+00:00,4384.89990234375,4385.2001953125,4381.89990234375,4382.7001953125,379.0
2026-09-01 19:20:00+00:00,4382.60009765625,4382.89990234375,4380.89990234375,4381.2998046875,175.0
2026-09-01 19:25:00+00:00,4381.60009765625,4382.89990234375,4381.60009765625,4382.0,217.0
2026-09-01 19:30:00+00:00,4382.0,4382.2001953125,4375.5,4377.60009765625,664.0
2026-09-01 19:35:00+00:00,4377.2998046875,4378.10009765625,4370.2001953125,4370.60009765625,1202.0
2026-09-01 19:40:00+00:00,4370.5,4375.2001953125,4369.7001953125,4373.5,737.0
2026-09-01 19:45:00+00:00,4373.2001953125,4376.5,4370.5,4374.5,796.0
2026-09-01 19:50:00+00:00,4374.10009765625,4377.39990234375,4373.2998046875,4375.0,544.0
2026-09-01 19:55:00+00:00,4375.0,4376.60009765625,4371.2998046875,4374.0,1094.0
2026-09-01 20:00:00+00:00,4374.10009765625,4376.60009765625,4370.7001953125,4375.10009765625,989.0
2026-09-01 20:05:00+00:00,4375.2001953125,4377.89990234375,4374.7998046875,4376.2001953125,879.0
2026-09-01 20:10:00+00:00,4375.89990234375,4376.2998046875,4372.5,4372.7001953125,161.0
2026-09-01 20:15:00+00:00,4372.7998046875,4375.39990234375,4371.7998046875,4374.7998046875,421.0
2026-09-01 20:20:00+00:00,4374.89990234375,4375.5,4374.0,4374.7001953125,190.0
2026-09-01 20:25:00+00:00,4375.0,4376.0,4372.10009765625,4372.89990234375,374.0
2026-09-01 20:30:00+00:00,4373.0,4374.10009765625,4372.7998046875,4373.0,106.0
2026-09-01 20:35:00+00:00,4372.89990234375,4374.89990234375,4372.10009765625,4374.39990234375,205.0
2026-09-01 20:40:00+00:00,4374.39990234375,4377.5,4374.2001953125,4375.0,282.0
2026-09-01 20:45:00+00:00,4374.5,4376.7001953125,4373.7998046875,4375.2001953125,488.0
2026-09-01 20:50:00+00:00,4375.2001953125,4376.2998046875,4374.39990234375,4375.7001953125,347.0
2026-09-01 20:55:00+00:00,4375.7001953125,4376.2998046875,4375.10009765625,4375.7001953125,106.0
2026-09-01 22:00:00+00:00,4377.2001953125,4381.0,4376.60009765625,4377.39990234375,0.0
2026-09-01 22:05:00+00:00,4377.39990234375,4377.39990234375,4375.2001953125,4376.60009765625,168.0
2026-09-01 22:10:00+00:00,4376.39990234375,4376.5,4374.89990234375,4375.5,65.0
2026-09-01 22:15:00+00:00,4375.60009765625,4375.7001953125,4373.7001953125,4373.7998046875,118.0
2026-09-01 22:20:00+00:00,4374.2001953125,4374.89990234375,4373.7998046875,4374.2001953125,83.0
2026-09-01 22:25:00+00:00,4374.10009765625,4374.60009765625,4373.5,4374.10009765625,70.0
2026-09-01 22:30:00+00:00,4374.0,4375.0,4372.7998046875,4373.7001953125,111.0
2026-09-01 22:35:00+00:00,4373.7001953125,4375.89990234375,4373.7001953125,4373.7001953125,116.0
2026-09-01 22:40:00+00:00,4373.7001953125,4375.2001953125,4372.7001953125,4374.39990234375,149.0
2026-09-01 22:45:00+00:00,4374.39990234375,4375.39990234375,4373.5,4374.7001953125,77.0
2026-09-01 22:50:00+00:00,4374.5,4377.39990234375,4374.10009765625,4375.39990234375,226.0
2026-09-01 22:55:00+00:00,4375.7001953125,4376.2998046875,4375.2001953125,4375.7001953125,76.0
2026-09-01 23:00:00+00:00,4375.7001953125,4375.89990234375,4373.2998046875,4375.7001953125,193.0
2026-09-01 23:05:00+00:00,4375.7998046875,4376.89990234375,4374.60009765625,4376.39990234375,201.0
2026-09-01 23:10:00+00:00,4376.7998046875,4378.60009765625,4376.2001953125,4376.7001953125,188.0
2026-09-01 23:15:00+00:00,4376.2998046875,4377.7001953125,4375.5,4376.2001953125,106.0
2026-09-01 23:20:00+00:00,4376.2001953125,4376.7998046875,4372.5,4373.5,237.0
2026-09-01 23:25:00+00:00,4373.39990234375,4376.89990234375,4370.5,4376.7001953125,401.0
2026-09-01 23:30:00+00:00,4377.0,4379.10009765625,4376.60009765625,4379.0,168.0
2026-09-01 23:35:00+00:00,4379.10009765625,4382.0,4377.5,4381.2998046875,331.0
2026-09-01 23:40:00+00:00,4381.0,4381.89990234375,4379.5,4380.0,223.0
2026-09-01 23:45:00+00:00,4379.7001953125,4379.89990234375,4377.2998046875,4377.60009765625,161.0
2026-09-01 23:50:00+00:00,4377.7998046875,4378.60009765625,4374.89990234375,4374.89990234375,161.0
2026-09-01 23:55:00+00:00,4374.7001953125,4375.2998046875,4367.7001953125,4370.60009765625,992.0
2026-09-02 00:00:00+00:00,4370.7001953125,4376.60009765625,4361.39990234375,4375.60009765625,1798.0
2026-09-02 00:05:00+00:00,4375.60009765625,4376.89990234375,4364.0,4369.7998046875,930.0
2026-09-02 00:10:00+00:00,4369.39990234375,4374.39990234375,4364.89990234375,4374.2001953125,592.0
2026-09-02 00:15:00+00:00,4374.2998046875,4380.89990234375,4373.60009765625,4374.2001953125,991.0
2026-09-02 00:20:00+00:00,4373.7998046875,4380.60009765625,4370.7001953125,4376.10009765625,662.0
2026-09-02 00:25:00+00:00,4376.60009765625,4377.2001953125,4369.0,4372.0,293.0
2026-09-02 00:30:00+00:00,4371.7998046875,4371.7998046875,4366.39990234375,4369.2001953125,420.0
2026-09-02 00:35:00+00:00,4369.0,4376.2001953125,4369.0,4373.39990234375,413.0
2026-09-02 00:40:00+00:00,4373.10009765625,4378.0,4370.0,4376.7001953125,257.0
2026-09-02 00:45:00+00:00,4376.5,4377.7998046875,4369.60009765625,4369.89990234375,283.0
2026-09-02 00:50:00+00:00,4369.60009765625,4369.60009765625,4360.7001953125,4361.2001953125,705.0
2026-09-02 00:55:00+00:00,4361.10009765625,4366.89990234375,4361.10009765625,4362.5,699.0
2026-09-02 01:00:00+00:00,4362.10009765625,4369.39990234375,4353.2998046875,4359.0,3214.0
2026-09-02 01:05:00+00:00,4358.2998046875,4359.2001953125,4350.10009765625,4355.10009765625,1330.0
2026-09-02 01:10:00+00:00,4355.39990234375,4367.60009765625,4355.0,4363.2001953125,1023.0
2026-09-02 01:15:00+00:00,4363.60009765625,4373.5,4362.60009765625,4367.39990234375,918.0
2026-09-02 01:20:00+00:00,4367.5,4370.10009765625,4364.0,4368.7998046875,364.0
2026-09-02 01:25:00+00:00,4368.7998046875,4371.5,4362.10009765625,4364.0,434.0
2026-09-02 01:30:00+00:00,4364.2001953125,4365.10009765625,4351.7001953125,4356.10009765625,782.0
2026-09-02 01:35:00+00:00,4356.39990234375,4356.7001953125,4351.60009765625,4354.39990234375,581.0
2026-09-02 01:40:00+00:00,4354.0,4357.7001953125,4353.10009765625,4355.39990234375,492.0
2026-09-02 01:45:00+00:00,4355.2001953125,4356.39990234375,4350.10009765625,4352.5,584.0
2026-09-02 01:50:00+00:00,4352.39990234375,4352.39990234375,4337.0,4344.10009765625,2350.0
2026-09-02 01:55:00+00:00,4344.0,4346.60009765625,4333.89990234375,4338.10009765625,1407.0
2026-09-02 02:00:00+00:00,4337.7998046875,4344.0,4334.60009765625,4342.89990234375,1164.0
2026-09-02 02:05:00+00:00,4343.2001953125,4349.0,4338.7001953125,4339.7998046875,1074.0
2026-09-02 02:10:00+00:00,4339.89990234375,4343.7998046875,4336.39990234375,4343.2998046875,869.0
2026-09-02 02:15:00+00:00,4343.39990234375,4348.10009765625,4343.2998046875,4347.2998046875,353.0
2026-09-02 02:20:00+00:00,4347.5,4353.60009765625,4347.2998046875,4350.39990234375,1042.0
2026-09-02 02:25:00+00:00,4350.39990234375,4353.0,4348.89990234375,4351.7001953125,423.0
2026-09-02 02:30:00+00:00,4352.10009765625,4356.10009765625,4346.7001953125,4355.2001953125,1032.0
2026-09-02 02:35:00+00:00,4355.0,4362.10009765625,4353.7001953125,4359.89990234375,1153.0
2026-09-02 02:40:00+00:00,4359.10009765625,4361.0,4356.2001953125,4356.39990234375,636.0
2026-09-02 02:45:00+00:00,4357.0,4358.2998046875,4356.10009765625,4357.89990234375,132.0
2026-09-02 02:50:00+00:00,4357.89990234375,4357.89990234375,4352.7998046875,4353.0,326.0
2026-09-02 02:55:00+00:00,4353.2001953125,4353.39990234375,4347.2001953125,4350.0,1106.0
2026-09-02 03:00:00+00:00,4350.0,4351.39990234375,4346.2998046875,4348.2001953125,404.0
2026-09-02 03:05:00+00:00,4348.0,4348.2001953125,4343.89990234375,4346.5,415.0
2026-09-02 03:10:00+00:00,4346.39990234375,4348.60009765625,4345.10009765625,4348.0,347.0
2026-09-02 03:15:00+00:00,4348.10009765625,4349.7001953125,4343.60009765625,4344.60009765625,619.0
2026-09-02 03:20:00+00:00,4344.7001953125,4344.7001953125,4336.39990234375,4340.89990234375,1435.0
2026-09-02 03:25:00+00:00,4340.7998046875,4345.7998046875,4340.10009765625,4340.7001953125,628.0
2026-09-02 03:30:00+00:00,4340.60009765625,4340.7001953125,4331.2001953125,4332.2001953125,1282.0
2026-09-02 03:35:00+00:00,4331.60009765625,4338.7998046875,4329.2001953125,4338.10009765625,959.0
2026-09-02 03:40:00+00:00,4338.39990234375,4338.7001953125,4332.10009765625,4335.39990234375,563.0
2026-09-02 03:45:00+00:00,4335.5,4346.5,4335.2998046875,4346.0,973.0
2026-09-02 03:50:00+00:00,4346.0,4347.7998046875,4343.2998046875,4347.7998046875,741.0
2026-09-02 03:55:00+00:00,4347.89990234375,4350.7001953125,4347.10009765625,4348.7998046875,379.0
2026-09-02 04:00:00+00:00,4349.89990234375,4352.39990234375,4348.7998046875,4350.5,538.0
2026-09-02 04:05:00+00:00,4350.7001953125,4353.39990234375,4350.2998046875,4351.39990234375,347.0
2026-09-02 04:10:00+00:00,4351.60009765625,4353.5,4350.2998046875,4350.89990234375,210.0
2026-09-02 04:15:00+00:00,4351.10009765625,4352.2998046875,4349.2998046875,4349.7998046875,268.0
2026-09-02 04:20:00+00:00,4349.10009765625,4351.39990234375,4347.7998046875,4350.7998046875,277.0
2026-09-02 04:25:00+00:00,4351.0,4351.2998046875,4348.2998046875,4349.39990234375,225.0
2026-09-02 04:30:00+00:00,4349.60009765625,4354.39990234375,4349.10009765625,4352.0,260.0
2026-09-02 04:35:00+00:00,4351.7001953125,4353.0,4350.2998046875,4350.89990234375,219.0
2026-09-02 04:40:00+00:00,4350.89990234375,4352.7998046875,4349.39990234375,4351.0,202.0
2026-09-02 04:45:00+00:00,4351.39990234375,4353.2001953125,4350.39990234375,4352.2998046875,146.0
2026-09-02 04:50:00+00:00,4352.60009765625,4353.5,4351.39990234375,4353.10009765625,117.0
2026-09-02 04:55:00+00:00,4352.7001953125,4354.2001953125,4352.5,4353.7001953125,151.0
2026-09-02 05:00:00+00:00,4353.89990234375,4354.7001953125,4352.0,4352.89990234375,146.0
2026-09-02 05:05:00+00:00,4352.7001953125,4352.7001953125,4350.0,4351.2998046875,262.0
2026-09-02 05:10:00+00:00,4351.39990234375,4356.5,4351.2001953125,4356.5,401.0
2026-09-02 05:15:00+00:00,4356.60009765625,4360.5,4356.60009765625,4357.2001953125,565.0
2026-09-02 05:20:00+00:00,4357.2001953125,4357.39990234375,4353.2001953125,4355.2998046875,357.0
2026-09-02 05:25:00+00:00,4355.60009765625,4360.5,4355.2001953125,4359.7001953125,454.0
2026-09-02 05:30:00+00:00,4359.7998046875,4371.7001953125,4359.7001953125,4371.2998046875,2000.0
2026-09-02 05:35:00+00:00,4370.7998046875,4371.0,4364.39990234375,4365.0,565.0
2026-09-02 05:40:00+00:00,4365.0,4369.7001953125,4363.89990234375,4369.60009765625,362.0
2026-09-02 05:45:00+00:00,4369.89990234375,4372.89990234375,4369.2001953125,4372.39990234375,393.0
2026-09-02 05:50:00+00:00,4372.60009765625,4373.10009765625,4366.0,4366.89990234375,381.0
2026-09-02 05:55:00+00:00,4366.7998046875,4369.2998046875,4365.89990234375,4366.7001953125,253.0
2026-09-02 06:00:00+00:00,4366.7998046875,4369.0,4364.2998046875,4365.0,415.0
2026-09-02 06:05:00+00:00,4364.7001953125,4370.89990234375,4364.2001953125,4370.89990234375,344.0
2026-09-02 06:10:00+00:00,4370.89990234375,4375.89990234375,4367.39990234375,4373.10009765625,789.0
2026-09-02 06:15:00+00:00,4372.89990234375,4375.10009765625,4368.2001953125,4372.60009765625,1071.0
2026-09-02 06:20:00+00:00,4372.2001953125,4373.10009765625,4367.5,4373.10009765625,528.0
2026-09-02 06:25:00+00:00,4373.10009765625,4374.10009765625,4368.7998046875,4368.89990234375,308.0
2026-09-02 06:30:00+00:00,4369.39990234375,4370.39990234375,4364.89990234375,4366.5,458.0
2026-09-02 06:35:00+00:00,4366.2998046875,4371.0,4363.0,4371.0,441.0
2026-09-02 06:40:00+00:00,4371.2001953125,4372.89990234375,4369.2001953125,4371.2998046875,491.0
2026-09-02 06:45:00+00:00,4371.2001953125,4371.39990234375,4363.10009765625,4363.10009765625,364.0
2026-09-02 06:50:00+00:00,4363.10009765625,4364.0,4361.2001953125,4362.39990234375,360.0
2026-09-02 06:55:00+00:00,4362.7001953125,4368.39990234375,4362.5,4368.2998046875,590.0
2026-09-02 07:00:00+00:00,4368.39990234375,4370.7001953125,4365.7998046875,4368.10009765625,370.0
2026-09-02 07:05:00+00:00,4367.7001953125,4373.60009765625,4365.89990234375,4372.7998046875,465.0
2026-09-02 07:10:00+00:00,4372.89990234375,4377.7998046875,4372.89990234375,4373.2998046875,778.0
2026-09-02 07:15:00+00:00,4373.0,4375.2001953125,4372.10009765625,4374.7001953125,436.0
2026-09-02 07:20:00+00:00,4374.5,4375.7998046875,4371.60009765625,4375.10009765625,296.0
2026-09-02 07:25:00+00:00,4375.0,4375.5,4371.39990234375,4373.7001953125,297.0
2026-09-02 07:30:00+00:00,4373.2001953125,4376.7001953125,4371.89990234375,4374.10009765625,283.0
2026-09-02 07:35:00+00:00,4374.2001953125,4377.7998046875,4372.7998046875,4373.10009765625,458.0
2026-09-02 07:40:00+00:00,4373.2001953125,4373.60009765625,4368.5,4369.10009765625,318.0
2026-09-02 07:45:00+00:00,4369.39990234375,4371.7001953125,4368.39990234375,4368.5,278.0
2026-09-02 07:50:00+00:00,4368.60009765625,4370.10009765625,4366.89990234375,4369.0,294.0
2026-09-02 07:55:00+00:00,4369.10009765625,4370.7998046875,4367.39990234375,4369.7998046875,150.0
2026-09-02 08:00:00+00:00,4370.10009765625,4374.2998046875,4368.7998046875,4374.2001953125,434.0
2026-09-02 08:05:00+00:00,4374.10009765625,4376.89990234375,4369.39990234375,4376.5,370.0
2026-09-02 08:10:00+00:00,4376.7998046875,4378.39990234375,4371.39990234375,4372.2001953125,548.0
2026-09-02 08:15:00+00:00,4371.89990234375,4374.2001953125,4371.60009765625,4371.89990234375,278.0
2026-09-02 08:20:00+00:00,4372.2998046875,4373.7001953125,4370.7998046875,4372.5,361.0
2026-09-02 08:25:00+00:00,4372.2998046875,4372.5,4369.2001953125,4369.60009765625,232.0
2026-09-02 08:30:00+00:00,4369.60009765625,4372.2998046875,4367.2998046875,4368.10009765625,270.0
2026-09-02 08:35:00+00:00,4368.10009765625,4373.2001953125,4366.0,4371.5,356.0
2026-09-02 08:40:00+00:00,4371.89990234375,4372.7001953125,4366.7998046875,4368.60009765625,356.0
2026-09-02 08:45:00+00:00,4368.60009765625,4369.2998046875,4366.10009765625,4368.0,428.0
2026-09-02 08:50:00+00:00,4368.39990234375,4368.39990234375,4359.5,4361.0,1006.0
2026-09-02 08:55:00+00:00,4361.10009765625,4364.2001953125,4359.10009765625,4359.60009765625,488.0
2026-09-02 09:00:00+00:00,4359.60009765625,4363.60009765625,4359.10009765625,4362.7001953125,405.0
2026-09-02 09:05:00+00:00,4363.0,4369.2001953125,4363.0,4365.5,549.0
2026-09-02 09:10:00+00:00,4365.5,4365.5,4360.60009765625,4360.7001953125,237.0
2026-09-02 09:15:00+00:00,4360.7998046875,4362.2001953125,4360.2001953125,4361.2001953125,197.0
2026-09-02 09:20:00+00:00,4361.2001953125,4361.5,4355.89990234375,4355.89990234375,568.0
2026-09-02 09:25:00+00:00,4355.89990234375,4356.2998046875,4352.2998046875,4356.10009765625,898.0
2026-09-02 09:30:00+00:00,4356.2998046875,4358.0,4354.60009765625,4357.10009765625,677.0
2026-09-02 09:35:00+00:00,4357.5,4358.39990234375,4355.0,4356.0,270.0
2026-09-02 09:40:00+00:00,4356.5,4359.10009765625,4356.2998046875,4357.10009765625,253.0
2026-09-02 09:45:00+00:00,4357.2001953125,4358.7001953125,4357.0,4357.5,188.0
2026-09-02 09:50:00+00:00,4357.5,4358.2998046875,4355.2001953125,4355.7998046875,303.0
2026-09-02 09:55:00+00:00,4356.10009765625,4357.7001953125,4355.2998046875,4355.89990234375,277.0
2026-09-02 10:00:00+00:00,4355.89990234375,4357.10009765625,4351.7001953125,4351.7001953125,218.0
2026-09-02 10:05:00+00:00,4351.7998046875,4353.2001953125,4349.10009765625,4350.5,682.0
2026-09-02 10:10:00+00:00,4350.60009765625,4355.60009765625,4349.7001953125,4354.10009765625,360.0
2026-09-02 10:15:00+00:00,4354.0,4357.10009765625,4353.39990234375,4356.10009765625,265.0
2026-09-02 10:20:00+00:00,4356.2001953125,4359.7998046875,4356.2001953125,4357.89990234375,305.0
2026-09-02 10:25:00+00:00,4357.7998046875,4359.5,4356.89990234375,4357.10009765625,281.0
2026-09-02 10:30:00+00:00,4357.39990234375,4358.10009765625,4354.89990234375,4356.60009765625,184.0
2026-09-02 10:35:00+00:00,4356.2998046875,4357.0,4354.2998046875,4356.0,207.0
2026-09-02 10:40:00+00:00,4356.0,4357.39990234375,4355.10009765625,4356.60009765625,228.0
2026-09-02 10:45:00+00:00,4356.7001953125,4357.60009765625,4355.39990234375,4357.60009765625,206.0
2026-09-02 10:50:00+00:00,4357.7001953125,4357.7001953125,4352.5,4355.7001953125,477.0
2026-09-02 10:55:00+00:00,4355.5,4357.0,4353.7998046875,4356.60009765625,198.0
2026-09-02 11:00:00+00:00,4356.2998046875,4360.2001953125,4354.89990234375,4360.0,353.0
2026-09-02 11:05:00+00:00,4359.7998046875,4362.2001953125,4355.39990234375,4360.0,571.0
2026-09-02 11:10:00+00:00,4359.7001953125,4371.60009765625,4358.60009765625,4370.10009765625,1122.0
2026-09-02 11:15:00+00:00,4369.89990234375,4370.2001953125,4362.7001953125,4366.2998046875,784.0
2026-09-02 11:20:00+00:00,4366.2998046875,4367.2998046875,4363.2998046875,4366.2998046875,297.0
2026-09-02 11:25:00+00:00,4366.39990234375,4370.2998046875,4364.10009765625,4368.7998046875,423.0
2026-09-02 11:30:00+00:00,4369.2001953125,4377.5,4368.7001953125,4377.0,584.0
2026-09-02 11:35:00+00:00,4377.10009765625,4380.2001953125,4376.2001953125,4379.60009765625,1129.0
2026-09-02 11:40:00+00:00,4379.2001953125,4380.10009765625,4371.10009765625,4372.0,887.0
2026-09-02 11:45:00+00:00,4371.7998046875,4374.39990234375,4370.5,4372.89990234375,477.0
2026-09-02 11:50:00+00:00,4372.7001953125,4378.2001953125,4370.5,4377.7001953125,402.0
2026-09-02 11:55:00+00:00,4377.60009765625,4380.10009765625,4376.5,4379.60009765625,538.0
2026-09-02 12:00:00+00:00,4379.5,4382.7998046875,4375.89990234375,4381.7001953125,1313.0
2026-09-02 12:05:00+00:00,4381.7998046875,4383.2998046875,4377.2998046875,4380.5,757.0
2026-09-02 12:10:00+00:00,4380.60009765625,4381.5,4376.2998046875,4380.2998046875,708.0
2026-09-02 12:15:00+00:00,4380.2001953125,4381.7001953125,4377.0,4378.39990234375,743.0
2026-09-02 12:20:00+00:00,4378.2001953125,4391.39990234375,4376.60009765625,4386.2001953125,4578.0
2026-09-02 12:25:00+00:00,4385.7998046875,4389.5,4381.0,4383.2998046875,982.0
2026-09-02 12:30:00+00:00,4383.2998046875,4384.5,4376.2001953125,4376.7998046875,1273.0
2026-09-02 12:35:00+00:00,4377.0,4380.60009765625,4374.39990234375,4380.2001953125,906.0
2026-09-02 12:40:00+00:00,4380.5,4382.0,4379.10009765625,4381.10009765625,496.0
2026-09-02 12:45:00+00:00,4381.39990234375,4386.0,4378.5,4386.0,679.0
2026-09-02 12:50:00+00:00,4386.0,4386.0,4379.39990234375,4381.2001953125,475.0
2026-09-02 12:55:00+00:00,4381.60009765625,4381.7001953125,4377.2998046875,4378.2998046875,683.0
2026-09-02 13:00:00+00:00,4378.2998046875,4388.60009765625,4377.5,4385.5,1647.0
2026-09-02 13:05:00+00:00,4385.39990234375,4391.2001953125,4385.39990234375,4388.89990234375,1229.0
2026-09-02 13:10:00+00:00,4388.7001953125,4391.5,4384.5,4386.5,1158.0
2026-09-02 13:15:00+00:00,4386.5,4391.2998046875,4383.5,4389.0,984.0
2026-09-02 13:20:00+00:00,4389.2998046875,4395.2001953125,4388.7001953125,4394.7998046875,1265.0
2026-09-02 13:25:00+00:00,4394.7998046875,4405.7998046875,4394.2001953125,4405.5,4973.0
2026-09-02 13:30:00+00:00,4405.2998046875,4415.0,4403.7998046875,4412.0,4075.0
2026-09-02 13:35:00+00:00,4412.10009765625,4415.5,4409.5,4413.89990234375,1773.0
2026-09-02 13:40:00+00:00,4414.39990234375,4427.0,4411.5,4425.5,3579.0
2026-09-02 13:45:00+00:00,4425.7001953125,4427.0,4415.89990234375,4416.2001953125,2974.0
2026-09-02 13:50:00+00:00,4416.2998046875,4426.0,4415.39990234375,4424.5,2000.0
2026-09-02 13:55:00+00:00,4424.2001953125,4433.5,4419.39990234375,4433.0,2277.0
2026-09-02 14:00:00+00:00,4432.89990234375,4433.7998046875,4426.39990234375,4431.7001953125,3154.0
2026-09-02 14:05:00+00:00,4431.89990234375,4443.7001953125,4431.39990234375,4438.0,4154.0
2026-09-02 14:10:00+00:00,4437.7998046875,4444.39990234375,4433.60009765625,4434.7998046875,2650.0
2026-09-02 14:15:00+00:00,4434.7998046875,4439.5,4431.7001953125,4439.10009765625,1687.0
2026-09-02 14:20:00+00:00,4439.2001953125,4444.0,4433.5,4433.7998046875,2059.0
2026-09-02 14:25:00+00:00,4433.89990234375,4437.2001953125,4432.10009765625,4434.2998046875,851.0
2026-09-02 14:30:00+00:00,4434.2001953125,4435.0,4429.60009765625,4433.2998046875,1219.0
2026-09-02 14:35:00+00:00,4433.2001953125,4434.60009765625,4429.2001953125,4429.7998046875,983.0
2026-09-02 14:40:00+00:00,4429.7001953125,4433.2001953125,4428.39990234375,4432.60009765625,1066.0
2026-09-02 14:45:00+00:00,4432.5,4433.89990234375,4425.89990234375,4428.2001953125,1085.0
2026-09-02 14:50:00+00:00,4428.2001953125,4429.10009765625,4423.10009765625,4424.2001953125,972.0
2026-09-02 14:55:00+00:00,4424.0,4425.89990234375,4421.39990234375,4424.2001953125,1012.0
2026-09-02 15:00:00+00:00,4424.10009765625,4427.7998046875,4421.39990234375,4424.39990234375,997.0
2026-09-02 15:05:00+00:00,4424.2998046875,4427.39990234375,4420.39990234375,4423.5,834.0
2026-09-02 15:10:00+00:00,4423.2998046875,4425.0,4419.2001953125,4419.39990234375,967.0
2026-09-02 15:15:00+00:00,4419.2001953125,4419.39990234375,4415.7001953125,4416.5,1465.0
2026-09-02 15:20:00+00:00,4416.7001953125,4418.60009765625,4412.5,4417.10009765625,1641.0
2026-09-02 15:25:00+00:00,4417.2001953125,4420.0,4414.39990234375,4419.5,1396.0
2026-09-02 15:30:00+00:00,4419.7998046875,4422.2001953125,4418.0,4418.60009765625,923.0
2026-09-02 15:35:00+00:00,4418.39990234375,4419.39990234375,4414.39990234375,4416.7998046875,506.0
2026-09-02 15:40:00+00:00,4417.7001953125,4419.10009765625,4412.7998046875,4413.2001953125,378.0
2026-09-02 15:45:00+00:00,4412.89990234375,4416.7001953125,4411.39990234375,4414.5,693.0
2026-09-02 15:50:00+00:00,4414.7998046875,4416.60009765625,4414.0,4415.39990234375,322.0
2026-09-02 15:55:00+00:00,4415.2998046875,4420.60009765625,4414.7001953125,4419.89990234375,737.0
2026-09-02 16:00:00+00:00,4419.7001953125,4421.7001953125,4418.0,4419.5,683.0
2026-09-02 16:05:00+00:00,4419.7998046875,4420.2001953125,4415.7001953125,4417.0,441.0
2026-09-02 16:10:00+00:00,4417.39990234375,4420.0,4417.0,4419.10009765625,296.0
2026-09-02 16:15:00+00:00,4418.60009765625,4419.0,4414.60009765625,4416.7998046875,526.0
2026-09-02 16:20:00+00:00,4416.5,4417.7001953125,4415.39990234375,4416.5,257.0
2026-09-02 16:25:00+00:00,4416.10009765625,4417.0,4414.2998046875,4415.2001953125,235.0
2026-09-02 16:30:00+00:00,4415.5,4417.39990234375,4413.7998046875,4414.0,405.0
2026-09-02 16:35:00+00:00,4414.2998046875,4415.7001953125,4413.0,4415.2998046875,429.0
2026-09-02 16:40:00+00:00,4415.2001953125,4415.2998046875,4411.10009765625,4411.5,589.0
2026-09-02 16:45:00+00:00,4411.5,4413.39990234375,4411.2998046875,4412.89990234375,335.0
2026-09-02 16:50:00+00:00,4412.5,4417.5,4411.5,4416.60009765625,489.0
2026-09-02 16:55:00+00:00,4416.5,4417.2001953125,4414.5,4415.10009765625,344.0
2026-09-02 17:00:00+00:00,4415.2001953125,4417.60009765625,4414.7001953125,4417.39990234375,425.0
2026-09-02 17:05:00+00:00,4417.39990234375,4417.89990234375,4415.39990234375,4416.7998046875,328.0
2026-09-02 17:10:00+00:00,4416.60009765625,4417.2001953125,4414.2001953125,4415.2998046875,302.0
2026-09-02 17:15:00+00:00,4415.39990234375,4415.7001953125,4411.2001953125,4411.89990234375,644.0
2026-09-02 17:20:00+00:00,4411.89990234375,4414.10009765625,4411.2001953125,4413.7998046875,358.0
2026-09-02 17:25:00+00:00,4413.7001953125,4416.60009765625,4413.39990234375,4416.60009765625,970.0
2026-09-02 17:30:00+00:00,4416.60009765625,4418.2998046875,4414.7001953125,4414.7001953125,331.0
2026-09-02 17:35:00+00:00,4414.60009765625,4416.10009765625,4413.2001953125,4413.2001953125,529.0
2026-09-02 17:40:00+00:00,4413.39990234375,4424.2001953125,4413.39990234375,4423.2001953125,1573.0
2026-09-02 17:45:00+00:00,4422.89990234375,4427.39990234375,4422.0,4422.7001953125,1012.0
2026-09-02 17:50:00+00:00,4422.7998046875,4424.10009765625,4422.0,4422.89990234375,291.0
2026-09-02 17:55:00+00:00,4422.89990234375,4425.2998046875,4422.39990234375,4423.39990234375,417.0
2026-09-02 18:00:00+00:00,4423.7001953125,4423.7998046875,4418.89990234375,4421.5,475.0
2026-09-02 18:05:00+00:00,4421.39990234375,4422.39990234375,4419.89990234375,4420.2998046875,246.0
2026-09-02 18:10:00+00:00,4420.0,4420.60009765625,4416.2998046875,4416.7998046875,405.0
2026-09-02 18:15:00+00:00,4416.7998046875,4426.2001953125,4415.89990234375,4424.10009765625,1173.0
2026-09-02 18:20:00+00:00,4424.10009765625,4426.2998046875,4419.0,4420.0,782.0
2026-09-02 18:25:00+00:00,4419.7998046875,4420.7001953125,4418.7998046875,4420.0,206.0
2026-09-02 18:30:00+00:00,4419.7001953125,4425.0,4419.60009765625,4423.2998046875,336.0
2026-09-02 18:35:00+00:00,4423.39990234375,4424.7998046875,4421.89990234375,4423.0,146.0
2026-09-02 18:40:00+00:00,4422.7998046875,4423.5,4419.0,4419.60009765625,186.0
2026-09-02 18:45:00+00:00,4419.60009765625,4421.5,4419.10009765625,4420.5,159.0
2026-09-02 18:50:00+00:00,4420.60009765625,4422.5,4420.10009765625,4421.10009765625,325.0
2026-09-02 18:55:00+00:00,4421.2998046875,4422.10009765625,4419.2001953125,4420.2998046875,174.0
2026-09-02 19:00:00+00:00,4420.7998046875,4421.7001953125,4418.2998046875,4421.7001953125,245.0
2026-09-02 19:05:00+00:00,4421.2998046875,4424.0,4421.2001953125,4423.60009765625,206.0
2026-09-02 19:10:00+00:00,4423.7998046875,4427.0,4423.0,4425.60009765625,428.0
2026-09-02 19:15:00+00:00,4425.7001953125,4427.0,4424.7998046875,4426.10009765625,205.0
2026-09-02 19:20:00+00:00,4426.0,4427.39990234375,4424.89990234375,4426.7998046875,194.0
2026-09-02 19:25:00+00:00,4426.39990234375,4429.7001953125,4426.39990234375,4427.60009765625,405.0
2026-09-02 19:30:00+00:00,4427.7001953125,4430.7001953125,4427.60009765625,4430.2998046875,368.0
2026-09-02 19:35:00+00:00,4430.10009765625,4430.60009765625,4427.7001953125,4430.5,268.0
2026-09-02 19:40:00+00:00,4430.2998046875,4435.2001953125,4430.0,4434.5,564.0
2026-09-02 19:45:00+00:00,4434.60009765625,4435.2998046875,4431.39990234375,4433.0,588.0
2026-09-02 19:50:00+00:00,4433.10009765625,4436.39990234375,4432.39990234375,4434.10009765625,560.0
2026-09-02 19:55:00+00:00,4433.60009765625,4437.89990234375,4432.7001953125,4437.7001953125,807.0
2026-09-02 20:00:00+00:00,4437.39990234375,4438.2001953125,4435.2001953125,4436.89990234375,334.0
2026-09-02 20:05:00+00:00,4436.7001953125,4437.39990234375,4434.10009765625,4434.5,274.0
2026-09-02 20:10:00+00:00,4434.7998046875,4435.7001953125,4432.5,4432.60009765625,231.0
2026-09-02 20:15:00+00:00,4432.5,4433.0,4430.60009765625,4431.2998046875,240.0
2026-09-02 20:20:00+00:00,4431.89990234375,4432.5,4431.39990234375,4432.5,67.0
2026-09-02 20:25:00+00:00,4432.2998046875,4434.60009765625,4432.0,4433.2001953125,225.0
2026-09-02 20:30:00+00:00,4433.0,4434.7998046875,4432.5,4434.2998046875,94.0
2026-09-02 20:35:00+00:00,4434.39990234375,4434.7001953125,4433.5,4434.2998046875,89.0
2026-09-02 20:40:00+00:00,4434.39990234375,4436.60009765625,4434.2001953125,4434.7998046875,148.0
2026-09-02 20:45:00+00:00,4434.89990234375,4436.5,4433.7998046875,4435.7998046875,219.0
2026-09-02 20:50:00+00:00,4435.7998046875,4437.7001953125,4435.7001953125,4436.0,119.0
2026-09-02 20:55:00+00:00,4435.7001953125,4436.10009765625,4434.10009765625,4434.2998046875,205.0
2026-09-02 22:00:00+00:00,4436.39990234375,4438.10009765625,4434.7998046875,4436.2998046875,0.0
2026-09-02 22:05:00+00:00,4435.7001953125,4437.0,4435.0,4435.60009765625,125.0
2026-09-02 22:10:00+00:00,4435.2001953125,4436.2001953125,4434.7998046875,4434.7998046875,40.0
2026-09-02 22:15:00+00:00,4434.7998046875,4434.7998046875,4432.60009765625,4433.10009765625,152.0
2026-09-02 22:20:00+00:00,4433.60009765625,4434.7001953125,4432.7998046875,4433.89990234375,146.0
2026-09-02 22:25:00+00:00,4434.39990234375,4435.89990234375,4433.7998046875,4434.7998046875,115.0
2026-09-02 22:30:00+00:00,4434.2998046875,4434.7001953125,4432.60009765625,4433.2001953125,271.0
2026-09-02 22:35:00+00:00,4433.39990234375,4433.5,4432.2998046875,4432.7998046875,117.0
2026-09-02 22:40:00+00:00,4432.60009765625,4433.10009765625,4430.2998046875,4430.39990234375,166.0
2026-09-02 22:45:00+00:00,4430.39990234375,4430.5,4428.39990234375,4429.2998046875,203.0
2026-09-02 22:50:00+00:00,4429.2998046875,4430.39990234375,4429.10009765625,4429.7998046875,34.0
2026-09-02 22:55:00+00:00,4429.89990234375,4430.5,4429.7001953125,4429.7998046875,29.0
2026-09-02 23:00:00+00:00,4430.2001953125,4431.89990234375,4429.39990234375,4431.89990234375,113.0
2026-09-02 23:05:00+00:00,4432.0,4432.2001953125,4430.60009765625,4432.10009765625,166.0
2026-09-02 23:10:00+00:00,4431.89990234375,4432.10009765625,4429.39990234375,4429.60009765625,88.0
2026-09-02 23:15:00+00:00,4429.39990234375,4429.60009765625,4427.60009765625,4427.7998046875,147.0
2026-09-02 23:20:00+00:00,4427.7998046875,4428.39990234375,4427.60009765625,4428.2998046875,73.0
2026-09-02 23:25:00+00:00,4428.2001953125,4428.39990234375,4427.2998046875,4427.7001953125,62.0
2026-09-02 23:30:00+00:00,4427.5,4429.39990234375,4427.0,4428.5,176.0
2026-09-02 23:35:00+00:00,4428.2998046875,4428.89990234375,4426.7001953125,4428.7001953125,130.0
2026-09-02 23:40:00+00:00,4428.5,4430.7998046875,4428.5,4430.7998046875,163.0
2026-09-02 23:45:00+00:00,4430.2001953125,4434.39990234375,4429.89990234375,4432.10009765625,320.0
2026-09-02 23:50:00+00:00,4432.2998046875,4433.10009765625,4430.10009765625,4430.2001953125,162.0
2026-09-02 23:55:00+00:00,4430.10009765625,4432.2998046875,4429.89990234375,4431.0,95.0
2026-09-03 00:00:00+00:00,4431.2001953125,4435.10009765625,4429.89990234375,4434.60009765625,256.0
2026-09-03 00:05:00+00:00,4434.7998046875,4436.2001953125,4430.10009765625,4432.39990234375,471.0
2026-09-03 00:10:00+00:00,4432.7001953125,4438.0,4432.5,4435.39990234375,464.0
2026-09-03 00:15:00+00:00,4435.39990234375,4435.7001953125,4430.60009765625,4431.89990234375,274.0
2026-09-03 00:20:00+00:00,4432.2998046875,4433.2998046875,4430.2998046875,4432.7998046875,157.0
2026-09-03 00:25:00+00:00,4433.2001953125,4435.2998046875,4432.2001953125,4432.5,130.0
2026-09-03 00:30:00+00:00,4432.2998046875,4432.2998046875,4427.89990234375,4428.0,233.0
2026-09-03 00:35:00+00:00,4428.0,4435.0,4427.7998046875,4433.89990234375,200.0
2026-09-03 00:40:00+00:00,4434.5,4435.0,4432.2001953125,4433.0,178.0
2026-09-03 00:45:00+00:00,4433.10009765625,4435.2001953125,4431.2998046875,4435.2001953125,106.0
2026-09-03 00:50:00+00:00,4435.2998046875,4439.5,4434.2998046875,4437.0,501.0
2026-09-03 00:55:00+00:00,4437.0,4442.89990234375,4436.0,4440.5,489.0
2026-09-03 01:00:00+00:00,4440.7998046875,4442.2001953125,4432.2001953125,4440.5,1170.0
2026-09-03 01:05:00+00:00,4440.39990234375,4448.2998046875,4437.7001953125,4447.60009765625,1452.0
2026-09-03 01:10:00+00:00,4447.89990234375,4454.7001953125,4446.10009765625,4446.7998046875,1983.0
2026-09-03 01:15:00+00:00,4446.2998046875,4448.89990234375,4441.7998046875,4443.60009765625,614.0
2026-09-03 01:20:00+00:00,4443.7998046875,4448.10009765625,4440.10009765625,4441.2001953125,554.0
2026-09-03 01:25:00+00:00,4441.0,4447.10009765625,4439.10009765625,4447.10009765625,566.0
2026-09-03 01:30:00+00:00,4446.7998046875,4454.7998046875,4446.5,4454.10009765625,867.0
2026-09-03 01:35:00+00:00,4454.60009765625,4454.60009765625,4450.0,4452.89990234375,418.0
2026-09-03 01:40:00+00:00,4452.89990234375,4453.10009765625,4445.39990234375,4445.7998046875,434.0
2026-09-03 01:45:00+00:00,4445.5,4453.5,4445.2001953125,4452.89990234375,373.0
2026-09-03 01:50:00+00:00,4452.39990234375,4452.7998046875,4449.7998046875,4452.60009765625,236.0
2026-09-03 01:55:00+00:00,4452.7998046875,4457.60009765625,4452.10009765625,4455.0,551.0
2026-09-03 02:00:00+00:00,4455.2001953125,4461.2001953125,4454.5,4456.2001953125,1117.0
2026-09-03 02:05:00+00:00,4456.10009765625,4458.39990234375,4454.5,4455.7998046875,393.0
2026-09-03 02:10:00+00:00,4455.60009765625,4458.7998046875,4454.89990234375,4456.2001953125,326.0
2026-09-03 02:15:00+00:00,4456.89990234375,4458.60009765625,4454.39990234375,4455.5,251.0
2026-09-03 02:20:00+00:00,4455.2998046875,4457.89990234375,4452.2001953125,4454.89990234375,493.0
2026-09-03 02:25:00+00:00,4455.2001953125,4457.10009765625,4453.0,4457.10009765625,362.0
2026-09-03 02:30:00+00:00,4457.10009765625,4463.0,4454.7998046875,4460.89990234375,1107.0
2026-09-03 02:35:00+00:00,4460.89990234375,4463.7001953125,4459.5,4461.89990234375,572.0
2026-09-03 02:40:00+00:00,4462.0,4462.2998046875,4458.0,4459.0,318.0
2026-09-03 02:45:00+00:00,4459.39990234375,4463.0,4457.10009765625,4463.0,346.0
2026-09-03 02:50:00+00:00,4462.5,4466.0,4461.39990234375,4465.39990234375,414.0
2026-09-03 02:55:00+00:00,4465.39990234375,4466.2001953125,4464.5,4466.0,278.0
2026-09-03 03:00:00+00:00,4466.0,4471.0,4464.89990234375,4470.10009765625,617.0
2026-09-03 03:05:00+00:00,4470.0,4472.0,4469.60009765625,4470.7998046875,581.0
2026-09-03 03:10:00+00:00,4470.7001953125,4475.7998046875,4469.60009765625,4474.60009765625,701.0
2026-09-03 03:15:00+00:00,4474.39990234375,4476.0,4471.2001953125,4472.2001953125,653.0
2026-09-03 03:20:00+00:00,4472.2998046875,4472.7998046875,4470.2998046875,4472.10009765625,195.0
2026-09-03 03:25:00+00:00,4471.7001953125,4477.10009765625,4471.0,4475.10009765625,395.0
2026-09-03 03:30:00+00:00,4475.2001953125,4477.89990234375,4475.2001953125,4477.60009765625,649.0
2026-09-03 03:35:00+00:00,4477.10009765625,4477.5,4475.0,4476.2998046875,405.0
2026-09-03 03:40:00+00:00,4476.2001953125,4476.2998046875,4472.39990234375,4472.39990234375,271.0
2026-09-03 03:45:00+00:00,4472.2001953125,4474.2998046875,4471.0,4473.0,579.0
2026-09-03 03:50:00+00:00,4473.0,4476.39990234375,4471.89990234375,4476.2001953125,841.0
2026-09-03 03:55:00+00:00,4476.2001953125,4478.2001953125,4475.39990234375,4477.10009765625,284.0
2026-09-03 04:00:00+00:00,4477.2998046875,4477.60009765625,4472.2998046875,4472.39990234375,785.0
2026-09-03 04:05:00+00:00,4472.5,4479.39990234375,4470.7998046875,4478.7001953125,970.0
2026-09-03 04:10:00+00:00,4478.7001953125,4481.10009765625,4475.7998046875,4476.2001953125,720.0
2026-09-03 04:15:00+00:00,4476.2001953125,4476.7001953125,4475.10009765625,4476.0,193.0
2026-09-03 04:20:00+00:00,4476.0,4479.0,4475.7998046875,4479.0,159.0
2026-09-03 04:25:00+00:00,4478.89990234375,4482.0,4478.89990234375,4481.7998046875,387.0
2026-09-03 04:30:00+00:00,4481.7001953125,4482.39990234375,4480.5,4482.2001953125,249.0
2026-09-03 04:35:00+00:00,4482.10009765625,4483.7001953125,4481.2998046875,4483.5,271.0
2026-09-03 04:40:00+00:00,4483.5,4483.7001953125,4481.7001953125,4483.2998046875,179.0
2026-09-03 04:45:00+00:00,4483.5,4483.89990234375,4481.7001953125,4481.7998046875,248.0
2026-09-03 04:50:00+00:00,4481.60009765625,4482.0,4480.5,4481.0,159.0
2026-09-03 04:55:00+00:00,4481.0,4483.2998046875,4479.39990234375,4483.0,804.0
2026-09-03 05:00:00+00:00,4483.10009765625,4486.0,4481.7001953125,4481.7998046875,594.0
2026-09-03 05:05:00+00:00,4482.10009765625,4482.10009765625,4476.10009765625,4476.39990234375,634.0
2026-09-03 05:10:00+00:00,4476.2001953125,4478.2001953125,4474.39990234375,4475.2998046875,709.0
2026-09-03 05:15:00+00:00,4475.39990234375,4476.7001953125,4472.60009765625,4474.2998046875,665.0
2026-09-03 05:20:00+00:00,4474.2998046875,4474.39990234375,4468.2001953125,4471.5,1129.0
2026-09-03 05:25:00+00:00,4471.89990234375,4473.2998046875,4468.7001953125,4471.0,508.0
2026-09-03 05:30:00+00:00,4470.89990234375,4479.5,4468.2998046875,4476.7998046875,1135.0
2026-09-03 05:35:00+00:00,4476.7998046875,4478.39990234375,4471.60009765625,4474.39990234375,939.0
2026-09-03 05:40:00+00:00,4474.10009765625,4478.60009765625,4471.89990234375,4478.2001953125,503.0
2026-09-03 05:45:00+00:00,4478.5,4482.2998046875,4474.39990234375,4480.89990234375,532.0
2026-09-03 05:50:00+00:00,4481.5,4485.2998046875,4478.60009765625,4479.2998046875,870.0
2026-09-03 05:55:00+00:00,4479.5,4482.2001953125,4476.2998046875,4477.0,685.0
2026-09-03 06:00:00+00:00,4477.0,4480.0,4474.39990234375,4476.2001953125,703.0
2026-09-03 06:05:00+00:00,4476.5,4482.2001953125,4475.89990234375,4477.2998046875,677.0
2026-09-03 06:10:00+00:00,4477.2998046875,4477.39990234375,4471.7001953125,4472.89990234375,589.0
2026-09-03 06:15:00+00:00,4473.10009765625,4476.7998046875,4470.5,4471.89990234375,885.0
2026-09-03 06:20:00+00:00,4471.7001953125,4472.89990234375,4462.7998046875,4464.89990234375,1599.0
2026-09-03 06:25:00+00:00,4465.2001953125,4470.0,4464.5,4467.5,691.0
2026-09-03 06:30:00+00:00,4467.5,4469.39990234375,4466.2998046875,4469.2001953125,577.0
2026-09-03 06:35:00+00:00,4468.89990234375,4471.89990234375,4468.5,4468.7998046875,600.0
2026-09-03 06:40:00+00:00,4469.39990234375,4472.0,4469.10009765625,4471.60009765625,226.0
2026-09-03 06:45:00+00:00,4471.60009765625,4474.7001953125,4471.2001953125,4472.2001953125,456.0
2026-09-03 06:50:00+00:00,4472.0,4472.0,4468.39990234375,4468.60009765625,309.0
2026-09-03 06:55:00+00:00,4468.2998046875,4469.89990234375,4466.10009765625,4466.39990234375,311.0
2026-09-03 07:00:00+00:00,4466.0,4477.0,4464.60009765625,4477.0,1135.0
2026-09-03 07:05:00+00:00,4477.10009765625,4477.5,4469.2998046875,4470.89990234375,828.0
2026-09-03 07:10:00+00:00,4470.5,4470.89990234375,4467.2001953125,4467.7001953125,417.0
2026-09-03 07:15:00+00:00,4467.5,4472.60009765625,4467.39990234375,4470.89990234375,638.0
2026-09-03 07:20:00+00:00,4470.7998046875,4475.7998046875,4470.0,4475.10009765625,351.0
2026-09-03 07:25:00+00:00,4475.2001953125,4475.7001953125,4470.7998046875,4471.89990234375,532.0
2026-09-03 07:30:00+00:00,4471.7001953125,4473.89990234375,4471.7001953125,4473.5,292.0
2026-09-03 07:35:00+00:00,4473.2998046875,4476.10009765625,4469.2998046875,4473.2998046875,674.0
2026-09-03 07:40:00+00:00,4472.89990234375,4476.39990234375,4472.0,4472.10009765625,349.0
2026-09-03 07:45:00+00:00,4472.10009765625,4474.2001953125,4469.7001953125,4472.2001953125,389.0
2026-09-03 07:50:00+00:00,4471.7001953125,4476.7998046875,4470.2001953125,4476.2998046875,511.0
2026-09-03 07:55:00+00:00,4476.2001953125,4476.2001953125,4473.60009765625,4474.7001953125,235.0
2026-09-03 08:00:00+00:00,4474.5,4487.39990234375,4473.60009765625,4482.7001953125,1625.0
2026-09-03 08:05:00+00:00,4483.2001953125,4490.0,4481.0,4481.39990234375,1948.0
2026-09-03 08:10:00+00:00,4481.0,4481.7001953125,4477.0,4477.60009765625,609.0
2026-09-03 08:15:00+00:00,4477.2998046875,4484.89990234375,4476.7998046875,4484.10009765625,765.0
2026-09-03 08:20:00+00:00,4484.10009765625,4485.7998046875,4481.0,4483.2998046875,1067.0
2026-09-03 08:25:00+00:00,4483.60009765625,4485.10009765625,4481.0,4484.60009765625,640.0
2026-09-03 08:30:00+00:00,4484.2998046875,4485.7998046875,4482.0,4485.2001953125,552.0
2026-09-03 08:35:00+00:00,4485.2998046875,4486.0,4480.39990234375,4480.39990234375,397.0
2026-09-03 08:40:00+00:00,4480.39990234375,4481.5,4477.5,4480.5,798.0
2026-09-03 08:45:00+00:00,4480.7001953125,4486.2998046875,4480.5,4484.5,687.0
2026-09-03 08:50:00+00:00,4484.2001953125,4484.39990234375,4480.5,4481.5,295.0
2026-09-03 08:55:00+00:00,4481.2998046875,4483.7998046875,4480.0,4481.10009765625,336.0
2026-09-03 09:00:00+00:00,4481.2998046875,4483.7998046875,4480.39990234375,4483.5,491.0
2026-09-03 09:05:00+00:00,4483.60009765625,4488.2001953125,4481.5,4486.10009765625,1015.0
2026-09-03 09:10:00+00:00,4485.7998046875,4486.2998046875,4484.0,4484.2001953125,326.0
2026-09-03 09:15:00+00:00,4484.2998046875,4484.5,4480.7001953125,4480.7998046875,436.0
2026-09-03 09:20:00+00:00,4481.0,4481.60009765625,4478.39990234375,4478.7001953125,450.0
2026-09-03 09:25:00+00:00,4478.89990234375,4482.10009765625,4478.2001953125,4481.5,767.0
2026-09-03 09:30:00+00:00,4481.2998046875,4484.39990234375,4479.89990234375,4483.5,1199.0
2026-09-03 09:35:00+00:00,4483.60009765625,4484.7001953125,4476.7001953125,4478.60009765625,1162.0
2026-09-03 09:40:00+00:00,4479.2998046875,4480.7001953125,4475.89990234375,4476.2998046875,374.0
2026-09-03 09:45:00+00:00,4476.2001953125,4476.60009765625,4472.10009765625,4475.39990234375,601.0
2026-09-03 09:50:00+00:00,4475.2998046875,4476.89990234375,4472.89990234375,4473.60009765625,205.0
2026-09-03 09:55:00+00:00,4473.5,4475.60009765625,4472.0,4473.89990234375,584.0
2026-09-03 10:00:00+00:00,4474.10009765625,4474.89990234375,4472.0,4474.0,240.0
2026-09-03 10:05:00+00:00,4473.7001953125,4476.10009765625,4471.5,4471.60009765625,347.0
2026-09-03 10:10:00+00:00,4471.2998046875,4472.10009765625,4469.2001953125,4470.89990234375,385.0
2026-09-03 10:15:00+00:00,4470.60009765625,4472.10009765625,4468.2001953125,4468.60009765625,323.0
2026-09-03 10:20:00+00:00,4468.5,4469.39990234375,4464.89990234375,4466.2001953125,770.0
2026-09-03 10:25:00+00:00,4466.2998046875,4470.2998046875,4466.2998046875,4468.7001953125,875.0
2026-09-03 10:30:00+00:00,4468.60009765625,4470.7001953125,4466.2001953125,4468.89990234375,599.0
2026-09-03 10:35:00+00:00,4469.0,4471.10009765625,4468.39990234375,4470.5,320.0
2026-09-03 10:40:00+00:00,4471.0,4472.7001953125,4470.60009765625,4472.0,204.0
2026-09-03 10:45:00+00:00,4471.7001953125,4472.7001953125,4470.39990234375,4470.60009765625,146.0
2026-09-03 10:50:00+00:00,4470.5,4474.2001953125,4470.2001953125,4474.0,274.0
2026-09-03 10:55:00+00:00,4474.10009765625,4474.7998046875,4473.0,4473.2001953125,254.0
2026-09-03 11:00:00+00:00,4473.10009765625,4475.5,4471.10009765625,4472.7998046875,262.0
2026-09-03 11:05:00+00:00,4472.5,4477.2001953125,4471.89990234375,4477.10009765625,535.0
2026-09-03 11:10:00+00:00,4476.7001953125,4479.0,4476.2001953125,4478.60009765625,458.0
2026-09-03 11:15:00+00:00,4478.7001953125,4484.2001953125,4478.39990234375,4480.5,1030.0
2026-09-03 11:20:00+00:00,4480.39990234375,4480.7001953125,4476.60009765625,4477.2001953125,234.0
2026-09-03 11:25:00+00:00,4477.10009765625,4481.10009765625,4476.2001953125,4480.39990234375,691.0
2026-09-03 11:30:00+00:00,4480.5,4481.39990234375,4471.89990234375,4480.39990234375,1198.0
2026-09-03 11:35:00+00:00,4480.39990234375,4482.89990234375,4480.2001953125,4481.7001953125,230.0
2026-09-03 11:40:00+00:00,4481.7998046875,4485.2998046875,4481.60009765625,4484.5,299.0
2026-09-03 11:45:00+00:00,4484.7998046875,4486.7998046875,4482.5,4485.10009765625,468.0
2026-09-03 11:50:00+00:00,4485.0,4487.7998046875,4484.0,4485.7001953125,481.0
2026-09-03 11:55:00+00:00,4486.0,4493.39990234375,4485.60009765625,4490.2001953125,1046.0
2026-09-03 12:00:00+00:00,4490.0,4494.60009765625,4487.0,4494.2001953125,865.0
2026-09-03 12:05:00+00:00,4494.2001953125,4495.10009765625,4491.0,4494.7998046875,774.0
2026-09-03 12:10:00+00:00,4494.89990234375,4496.7001953125,4489.60009765625,4490.39990234375,848.0
2026-09-03 12:15:00+00:00,4490.39990234375,4490.7001953125,4487.10009765625,4487.7001953125,675.0
2026-09-03 12:20:00+00:00,4488.0,4495.60009765625,4484.10009765625,4492.89990234375,1450.0
2026-09-03 12:25:00+00:00,4492.89990234375,4495.5,4492.2998046875,4493.2998046875,1069.0
2026-09-03 12:30:00+00:00,4493.10009765625,4520.0,4492.89990234375,4513.60009765625,6535.0
2026-09-03 12:35:00+00:00,4513.7998046875,4526.39990234375,4506.7001953125,4523.10009765625,4533.0
2026-09-03 12:40:00+00:00,4522.7998046875,4524.7998046875,4511.60009765625,4514.7001953125,2296.0
2026-09-03 12:45:00+00:00,4514.89990234375,4527.39990234375,4512.5,4527.2001953125,1920.0
2026-09-03 12:50:00+00:00,4527.2998046875,4539.5,4526.7001953125,4538.2998046875,3563.0
2026-09-03 12:55:00+00:00,4538.2001953125,4542.60009765625,4537.0,4540.89990234375,2976.0
2026-09-03 13:00:00+00:00,4540.89990234375,4543.7001953125,4535.5,4537.2998046875,3648.0
2026-09-03 13:05:00+00:00,4537.39990234375,4541.39990234375,4533.0,4535.39990234375,1930.0
2026-09-03 13:10:00+00:00,4535.89990234375,4537.7001953125,4532.0,4532.89990234375,2130.0
2026-09-03 13:15:00+00:00,4533.2998046875,4535.2998046875,4526.60009765625,4527.10009765625,2892.0
2026-09-03 13:20:00+00:00,4527.2001953125,4532.0,4525.7998046875,4531.10009765625,1837.0
2026-09-03 13:25:00+00:00,4530.7998046875,4531.2998046875,4524.2998046875,4527.60009765625,1113.0
2026-09-03 13:30:00+00:00,4527.39990234375,4529.7001953125,4521.39990234375,4524.7998046875,1694.0
2026-09-03 13:35:00+00:00,4524.89990234375,4527.2998046875,4519.7001953125,4522.7001953125,1279.0
2026-09-03 13:40:00+00:00,4522.89990234375,4522.89990234375,4515.0,4517.2001953125,2319.0
2026-09-03 13:45:00+00:00,4517.2001953125,4517.7001953125,4502.7998046875,4504.7998046875,2681.0
2026-09-03 13:50:00+00:00,4505.10009765625,4511.7998046875,4504.60009765625,4510.5,2266.0
2026-09-03 13:55:00+00:00,4510.39990234375,4517.7001953125,4509.2001953125,4517.10009765625,2164.0
2026-09-03 14:00:00+00:00,4517.10009765625,4517.7001953125,4502.89990234375,4512.0,2621.0
2026-09-03 14:05:00+00:00,4512.2001953125,4519.7998046875,4508.7998046875,4510.89990234375,1663.0
2026-09-03 14:10:00+00:00,4511.0,4516.39990234375,4507.89990234375,4515.7001953125,1128.0
2026-09-03 14:15:00+00:00,4515.5,4523.7998046875,4515.5,4522.7998046875,1559.0
2026-09-03 14:20:00+00:00,4523.0,4527.2998046875,4518.2998046875,4522.2001953125,1734.0
2026-09-03 14:25:00+00:00,4522.2001953125,4524.60009765625,4516.89990234375,4523.60009765625,909.0
2026-09-03 14:30:00+00:00,4523.5,4526.10009765625,4516.7998046875,4516.7998046875,1475.0
2026-09-03 14:35:00+00:00,4517.2001953125,4520.39990234375,4514.7001953125,4515.7998046875,867.0
2026-09-03 14:40:00+00:00,4515.2998046875,4521.2001953125,4512.39990234375,4519.2998046875,662.0
2026-09-03 14:45:00+00:00,4519.5,4526.5,4519.2001953125,4520.7001953125,940.0
2026-09-03 14:50:00+00:00,4520.7001953125,4525.89990234375,4520.7001953125,4523.2001953125,531.0
2026-09-03 14:55:00+00:00,4523.5,4531.89990234375,4516.60009765625,4531.89990234375,2221.0
2026-09-03 15:00:00+00:00,4532.0,4547.89990234375,4530.89990234375,4545.2998046875,4843.0
2026-09-03 15:05:00+00:00,4545.5,4551.60009765625,4544.2998046875,4545.2001953125,3356.0
2026-09-03 15:10:00+00:00,4545.7001953125,4552.0,4542.7998046875,4551.0,2015.0
2026-09-03 15:15:00+00:00,4551.2998046875,4558.5,4549.2001953125,4557.89990234375,2374.0
2026-09-03 15:20:00+00:00,4558.0,4558.5,4551.2998046875,4552.2998046875,1482.0
2026-09-03 15:25:00+00:00,4552.10009765625,4555.7001953125,4551.7001953125,4554.10009765625,1513.0
2026-09-03 15:30:00+00:00,4554.2001953125,4557.39990234375,4547.39990234375,4550.89990234375,1495.0
2026-09-03 15:35:00+00:00,4550.7001953125,4552.7001953125,4542.7998046875,4544.39990234375,1178.0
2026-09-03 15:40:00+00:00,4544.60009765625,4546.0,4542.39990234375,4542.7998046875,522.0
2026-09-03 15:45:00+00:00,4542.5,4543.10009765625,4535.10009765625,4536.2001953125,1221.0
2026-09-03 15:50:00+00:00,4536.2001953125,4539.60009765625,4534.89990234375,4538.10009765625,1066.0
2026-09-03 15:55:00+00:00,4538.2001953125,4541.10009765625,4533.7001953125,4540.7998046875,842.0
2026-09-03 16:00:00+00:00,4540.7001953125,4541.2001953125,4537.89990234375,4538.39990234375,490.0
2026-09-03 16:05:00+00:00,4538.39990234375,4540.89990234375,4535.2001953125,4539.7998046875,489.0
2026-09-03 16:10:00+00:00,4540.2998046875,4543.39990234375,4540.0,4541.7001953125,571.0
2026-09-03 16:15:00+00:00,4541.7001953125,4542.39990234375,4538.89990234375,4541.2998046875,588.0
2026-09-03 16:20:00+00:00,4541.5,4541.7001953125,4538.60009765625,4540.60009765625,372.0
2026-09-03 16:25:00+00:00,4540.7001953125,4542.10009765625,4538.10009765625,4540.7001953125,496.0
2026-09-03 16:30:00+00:00,4541.2001953125,4543.2998046875,4537.0,4538.5,524.0
2026-09-03 16:35:00+00:00,4538.5,4539.39990234375,4537.60009765625,4538.60009765625,407.0
2026-09-03 16:40:00+00:00,4538.7001953125,4538.89990234375,4534.2998046875,4535.60009765625,479.0
2026-09-03 16:45:00+00:00,4535.39990234375,4538.7001953125,4534.7998046875,4536.5,391.0
2026-09-03 16:50:00+00:00,4536.7001953125,4537.7998046875,4533.0,4534.7001953125,627.0
2026-09-03 16:55:00+00:00,4534.7998046875,4536.2998046875,4533.2998046875,4533.7001953125,511.0
2026-09-03 17:00:00+00:00,4533.89990234375,4535.5,4530.60009765625,4534.5,806.0
2026-09-03 17:05:00+00:00,4534.5,4536.2998046875,4533.2001953125,4533.39990234375,1492.0
2026-09-03 17:10:00+00:00,4533.5,4535.7001953125,4533.10009765625,4535.2998046875,415.0
2026-09-03 17:15:00+00:00,4535.5,4535.7001953125,4532.60009765625,4534.89990234375,355.0
2026-09-03 17:20:00+00:00,4535.10009765625,4538.89990234375,4534.5,4538.39990234375,640.0
2026-09-03 17:25:00+00:00,4538.2001953125,4541.2001953125,4537.2001953125,4540.39990234375,1364.0
2026-09-03 17:30:00+00:00,4540.5,4541.39990234375,4538.39990234375,4539.2001953125,648.0
2026-09-03 17:35:00+00:00,4539.2998046875,4541.39990234375,4538.89990234375,4540.39990234375,284.0
2026-09-03 17:40:00+00:00,4540.2998046875,4540.89990234375,4539.2001953125,4539.2001953125,226.0
2026-09-03 17:45:00+00:00,4539.2998046875,4542.0,4538.39990234375,4538.7001953125,507.0
2026-09-03 17:50:00+00:00,4538.7001953125,4538.7998046875,4535.60009765625,4537.2001953125,416.0
2026-09-03 17:55:00+00:00,4537.0,4537.0,4534.7998046875,4535.7001953125,289.0
2026-09-03 18:00:00+00:00,4534.60009765625,4537.10009765625,4534.2001953125,4536.7001953125,538.0
2026-09-03 18:05:00+00:00,4536.2998046875,4536.39990234375,4531.89990234375,4535.60009765625,570.0
2026-09-03 18:10:00+00:00,4535.7001953125,4536.5,4531.2001953125,4531.2001953125,390.0
2026-09-03 18:15:00+00:00,4531.10009765625,4533.89990234375,4531.10009765625,4533.2001953125,269.0
2026-09-03 18:20:00+00:00,4533.89990234375,4535.39990234375,4529.39990234375,4530.7998046875,478.0
2026-09-03 18:25:00+00:00,4530.7998046875,4531.7001953125,4526.7998046875,4527.10009765625,883.0
2026-09-03 18:30:00+00:00,4527.39990234375,4527.7001953125,4523.10009765625,4526.60009765625,1121.0
2026-09-03 18:35:00+00:00,4526.5,4530.0,4526.0,4529.2998046875,454.0
2026-09-03 18:40:00+00:00,4529.5,4530.0,4527.89990234375,4528.89990234375,190.0
2026-09-03 18:45:00+00:00,4528.5,4530.0,4525.10009765625,4526.2001953125,477.0
2026-09-03 18:50:00+00:00,4526.2998046875,4527.0,4523.0,4523.0,456.0
2026-09-03 18:55:00+00:00,4523.10009765625,4524.0,4521.2001953125,4522.89990234375,624.0
2026-09-03 19:00:00+00:00,4522.7998046875,4524.2001953125,4521.7001953125,4522.2001953125,357.0
2026-09-03 19:05:00+00:00,4522.39990234375,4524.0,4521.7001953125,4524.0,339.0
2026-09-03 19:10:00+00:00,4524.10009765625,4524.7001953125,4520.7001953125,4522.39990234375,544.0
2026-09-03 19:15:00+00:00,4522.2001953125,4524.60009765625,4521.89990234375,4524.2998046875,372.0
2026-09-03 19:20:00+00:00,4524.10009765625,4524.10009765625,4522.0,4522.0,267.0
2026-09-03 19:25:00+00:00,4521.89990234375,4523.60009765625,4520.2998046875,4523.5,226.0
2026-09-03 19:30:00+00:00,4523.7998046875,4525.5,4521.7001953125,4521.7998046875,345.0
2026-09-03 19:35:00+00:00,4522.10009765625,4523.89990234375,4521.89990234375,4523.0,250.0
2026-09-03 19:40:00+00:00,4523.10009765625,4526.5,4523.10009765625,4525.2001953125,370.0
2026-09-03 19:45:00+00:00,4525.2998046875,4528.7001953125,4525.2001953125,4526.7998046875,572.0
2026-09-03 19:50:00+00:00,4527.10009765625,4527.2001953125,4524.2001953125,4525.10009765625,366.0
2026-09-03 19:55:00+00:00,4525.2001953125,4526.2001953125,4520.89990234375,4522.89990234375,930.0
2026-09-03 20:00:00+00:00,4522.7001953125,4523.2998046875,4518.7998046875,4519.5,541.0
2026-09-03 20:05:00+00:00,4519.60009765625,4521.10009765625,4518.89990234375,4520.7001953125,229.0
2026-09-03 20:10:00+00:00,4520.39990234375,4520.7001953125,4519.10009765625,4519.2998046875,95.0
2026-09-03 20:15:00+00:00,4519.2001953125,4519.2998046875,4517.7001953125,4518.5,123.0
2026-09-03 20:20:00+00:00,4518.39990234375,4518.7998046875,4518.10009765625,4518.2998046875,65.0
2026-09-03 20:25:00+00:00,4518.2001953125,4520.10009765625,4518.2001953125,4519.0,103.0
2026-09-03 20:30:00+00:00,4519.0,4519.7998046875,4518.7001953125,4519.5,51.0
2026-09-03 20:35:00+00:00,4519.39990234375,4520.10009765625,4518.39990234375,4519.0,122.0
2026-09-03 20:40:00+00:00,4518.7998046875,4520.2001953125,4518.5,4519.60009765625,72.0
2026-09-03 20:45:00+00:00,4519.7001953125,4520.60009765625,4519.0,4520.2998046875,89.0
2026-09-03 20:50:00+00:00,4520.39990234375,4521.5,4520.10009765625,4521.0,100.0
2026-09-03 20:55:00+00:00,4520.60009765625,4521.2998046875,4519.7001953125,4520.0,138.0
2026-09-03 21:00:00+00:00,4520.2998046875,4520.2998046875,4520.2998046875,4520.2998046875,1.0
2026-09-03 22:00:00+00:00,4522.0,4524.39990234375,4520.10009765625,4523.39990234375,0.0
2026-09-03 22:05:00+00:00,4523.39990234375,4524.60009765625,4522.60009765625,4523.2001953125,68.0
2026-09-03 22:10:00+00:00,4523.0,4525.7001953125,4521.7001953125,4525.5,209.0
2026-09-03 22:15:00+00:00,4525.60009765625,4526.2998046875,4523.7001953125,4523.89990234375,254.0
2026-09-03 22:20:00+00:00,4523.89990234375,4524.2001953125,4522.2001953125,4522.2001953125,141.0
2026-09-03 22:25:00+00:00,4522.2998046875,4523.0,4521.2001953125,4522.2998046875,187.0
2026-09-03 22:30:00+00:00,4522.2001953125,4524.10009765625,4521.2998046875,4522.2998046875,295.0
2026-09-03 22:35:00+00:00,4522.0,4522.2998046875,4519.7998046875,4519.89990234375,330.0
2026-09-03 22:40:00+00:00,4519.7998046875,4523.7001953125,4519.60009765625,4520.7001953125,397.0
2026-09-03 22:45:00+00:00,4521.39990234375,4522.2998046875,4518.5,4521.39990234375,422.0
2026-09-03 22:50:00+00:00,4521.7001953125,4523.39990234375,4518.89990234375,4521.7998046875,831.0
2026-09-03 22:55:00+00:00,4521.5,4522.39990234375,4520.7998046875,4521.60009765625,121.0
2026-09-03 23:00:00+00:00,4521.5,4524.0,4521.5,4523.60009765625,134.0
2026-09-03 23:05:00+00:00,4523.60009765625,4524.7998046875,4519.2998046875,4523.0,559.0
2026-09-03 23:10:00+00:00,4523.10009765625,4523.10009765625,4520.7998046875,4521.2998046875,107.0
2026-09-03 23:15:00+00:00,4521.10009765625,4522.2001953125,4519.0,4520.2998046875,320.0
2026-09-03 23:20:00+00:00,4520.2998046875,4520.2998046875,4519.2001953125,4519.2001953125,115.0
2026-09-03 23:25:00+00:00,4519.5,4521.7998046875,4519.2001953125,4520.7001953125,129.0
2026-09-03 23:30:00+00:00,4520.60009765625,4523.2001953125,4520.5,4521.89990234375,166.0
2026-09-03 23:35:00+00:00,4522.0,4525.2998046875,4521.7998046875,4524.7001953125,155.0
2026-09-03 23:40:00+00:00,4525.0,4525.2001953125,4523.39990234375,4524.10009765625,88.0
2026-09-03 23:45:00+00:00,4524.0,4524.2001953125,4521.89990234375,4521.89990234375,194.0
2026-09-03 23:50:00+00:00,4522.10009765625,4526.5,4522.10009765625,4523.7998046875,209.0
2026-09-03 23:55:00+00:00,4524.5,4527.2001953125,4524.5,4526.89990234375,185.0
2026-09-04 00:00:00+00:00,4527.0,4527.89990234375,4524.89990234375,4527.89990234375,229.0
2026-09-04 00:05:00+00:00,4528.2001953125,4529.89990234375,4526.5,4526.7001953125,302.0
2026-09-04 00:10:00+00:00,4526.39990234375,4529.89990234375,4526.10009765625,4527.10009765625,260.0
2026-09-04 00:15:00+00:00,4527.2998046875,4527.60009765625,4523.0,4523.39990234375,191.0
2026-09-04 00:20:00+00:00,4523.5,4526.2001953125,4523.0,4524.2001953125,122.0
2026-09-04 00:25:00+00:00,4524.10009765625,4524.10009765625,4520.5,4521.2001953125,242.0
2026-09-04 00:30:00+00:00,4521.2001953125,4526.10009765625,4519.2998046875,4525.60009765625,298.0
2026-09-04 00:35:00+00:00,4525.7998046875,4526.10009765625,4522.60009765625,4522.60009765625,112.0
2026-09-04 00:40:00+00:00,4522.5,4528.60009765625,4522.5,4528.60009765625,161.0
2026-09-04 00:45:00+00:00,4528.7001953125,4531.5,4527.7001953125,4527.7001953125,331.0
2026-09-04 00:50:00+00:00,4527.5,4530.7998046875,4527.0,4528.39990234375,246.0
2026-09-04 00:55:00+00:00,4528.5,4533.5,4527.5,4532.89990234375,447.0
2026-09-04 01:00:00+00:00,4532.60009765625,4533.60009765625,4523.5,4524.60009765625,811.0
2026-09-04 01:05:00+00:00,4524.2001953125,4526.10009765625,4521.0,4524.2001953125,475.0
2026-09-04 01:10:00+00:00,4524.0,4529.5,4520.0,4520.89990234375,447.0
2026-09-04 01:15:00+00:00,4520.89990234375,4524.89990234375,4520.2998046875,4521.89990234375,345.0
2026-09-04 01:20:00+00:00,4522.2001953125,4525.0,4520.5,4521.2001953125,177.0
2026-09-04 01:25:00+00:00,4520.7998046875,4521.89990234375,4514.10009765625,4517.2001953125,941.0
2026-09-04 01:30:00+00:00,4517.2998046875,4519.2998046875,4515.10009765625,4515.7998046875,384.0
2026-09-04 01:35:00+00:00,4515.60009765625,4523.2001953125,4514.2998046875,4519.60009765625,444.0
2026-09-04 01:40:00+00:00,4519.7998046875,4523.0,4517.2001953125,4520.2998046875,452.0
2026-09-04 01:45:00+00:00,4520.0,4520.0,4513.0,4514.89990234375,505.0
2026-09-04 01:50:00+00:00,4514.7001953125,4520.2998046875,4514.2001953125,4519.39990234375,289.0
2026-09-04 01:55:00+00:00,4519.89990234375,4526.60009765625,4519.89990234375,4525.2001953125,386.0
2026-09-04 02:00:00+00:00,4525.2998046875,4528.89990234375,4524.60009765625,4526.89990234375,344.0
2026-09-04 02:05:00+00:00,4527.0,4527.0,4523.7001953125,4524.89990234375,169.0
2026-09-04 02:10:00+00:00,4524.5,4526.39990234375,4523.10009765625,4525.39990234375,264.0
2026-09-04 02:15:00+00:00,4525.5,4526.60009765625,4523.39990234375,4524.60009765625,128.0
2026-09-04 02:20:00+00:00,4524.0,4524.0,4519.89990234375,4523.10009765625,218.0
2026-09-04 02:25:00+00:00,4523.2998046875,4523.60009765625,4517.39990234375,4520.0,709.0
2026-09-04 02:30:00+00:00,4519.89990234375,4522.2001953125,4516.7998046875,4517.0,513.0
2026-09-04 02:35:00+00:00,4516.89990234375,4523.39990234375,4516.5,4522.7001953125,262.0
2026-09-04 02:40:00+00:00,4522.7001953125,4523.39990234375,4516.89990234375,4516.89990234375,193.0
2026-09-04 02:45:00+00:00,4516.7998046875,4522.0,4516.2998046875,4522.0,245.0
2026-09-04 02:50:00+00:00,4522.2001953125,4525.60009765625,4521.5,4525.60009765625,276.0
2026-09-04 02:55:00+00:00,4525.5,4527.0,4522.10009765625,4523.7998046875,216.0
2026-09-04 03:00:00+00:00,4523.5,4525.0,4521.89990234375,4522.0,114.0
2026-09-04 03:05:00+00:00,4522.0,4522.10009765625,4517.7001953125,4518.10009765625,297.0
2026-09-04 03:10:00+00:00,4517.89990234375,4519.7998046875,4516.39990234375,4519.60009765625,283.0
2026-09-04 03:15:00+00:00,4519.60009765625,4520.39990234375,4517.60009765625,4518.89990234375,195.0
2026-09-04 03:20:00+00:00,4518.7998046875,4521.0,4518.2998046875,4519.7998046875,154.0
2026-09-04 03:25:00+00:00,4519.60009765625,4520.60009765625,4518.0,4518.60009765625,75.0
2026-09-04 03:30:00+00:00,4518.7998046875,4521.60009765625,4518.5,4520.5,97.0
2026-09-04 03:35:00+00:00,4520.89990234375,4521.10009765625,4518.7998046875,4518.89990234375,60.0
2026-09-04 03:40:00+00:00,4519.2998046875,4519.39990234375,4515.2001953125,4515.60009765625,136.0
2026-09-04 03:45:00+00:00,4515.39990234375,4516.2998046875,4515.10009765625,4515.7001953125,89.0
2026-09-04 03:50:00+00:00,4515.7998046875,4516.39990234375,4513.7998046875,4515.7001953125,185.0
2026-09-04 03:55:00+00:00,4515.7001953125,4516.10009765625,4513.60009765625,4513.7998046875,96.0
2026-09-04 04:00:00+00:00,4513.10009765625,4515.60009765625,4511.60009765625,4515.2998046875,627.0
2026-09-04 04:05:00+00:00,4515.2001953125,4516.7001953125,4513.60009765625,4514.2001953125,194.0
2026-09-04 04:10:00+00:00,4514.5,4516.39990234375,4513.89990234375,4515.39990234375,160.0
2026-09-04 04:15:00+00:00,4515.39990234375,4516.0,4514.60009765625,4515.7001953125,48.0
2026-09-04 04:20:00+00:00,4515.7001953125,4516.7001953125,4515.2001953125,4516.7001953125,169.0
2026-09-04 04:25:00+00:00,4516.39990234375,4518.7998046875,4515.39990234375,4518.10009765625,195.0
2026-09-04 04:30:00+00:00,4518.10009765625,4521.0,4518.0,4518.5,239.0
2026-09-04 04:35:00+00:00,4518.60009765625,4521.10009765625,4518.10009765625,4520.5,132.0
2026-09-04 04:40:00+00:00,4520.2998046875,4521.0,4519.7001953125,4520.2001953125,91.0
2026-09-04 04:45:00+00:00,4520.2998046875,4520.7998046875,4519.10009765625,4519.89990234375,98.0
2026-09-04 04:50:00+00:00,4520.10009765625,4521.5,4519.89990234375,4520.60009765625,108.0
2026-09-04 04:55:00+00:00,4520.7998046875,4521.2001953125,4520.2001953125,4520.39990234375,116.0
2026-09-04 05:00:00+00:00,4520.2998046875,4521.10009765625,4517.2001953125,4517.2998046875,295.0
2026-09-04 05:05:00+00:00,4517.2001953125,4518.39990234375,4514.7998046875,4515.5,275.0
2026-09-04 05:10:00+00:00,4515.39990234375,4515.7998046875,4513.7998046875,4515.7001953125,160.0
2026-09-04 05:15:00+00:00,4515.60009765625,4521.60009765625,4514.89990234375,4520.2998046875,420.0
2026-09-04 05:20:00+00:00,4520.0,4520.60009765625,4516.60009765625,4517.2001953125,141.0
2026-09-04 05:25:00+00:00,4517.39990234375,4517.60009765625,4513.7001953125,4513.7998046875,168.0
2026-09-04 05:30:00+00:00,4513.60009765625,4521.39990234375,4512.7998046875,4519.5,558.0
2026-09-04 05:35:00+00:00,4519.39990234375,4523.10009765625,4515.2998046875,4522.7001953125,618.0
2026-09-04 05:40:00+00:00,4522.7001953125,4523.89990234375,4516.39990234375,4517.2001953125,618.0
2026-09-04 05:45:00+00:00,4517.10009765625,4519.0,4517.0,4517.0,221.0
2026-09-04 05:50:00+00:00,4516.5,4516.7001953125,4513.39990234375,4513.39990234375,353.0
2026-09-04 05:55:00+00:00,4513.39990234375,4518.7001953125,4513.39990234375,4518.2001953125,434.0
2026-09-04 06:00:00+00:00,4518.10009765625,4519.5,4515.2998046875,4517.0,1031.0
2026-09-04 06:05:00+00:00,4516.7998046875,4518.10009765625,4514.0,4515.7998046875,230.0
2026-09-04 06:10:00+00:00,4515.39990234375,4517.39990234375,4512.7998046875,4515.0,257.0
2026-09-04 06:15:00+00:00,4514.89990234375,4515.2998046875,4513.39990234375,4514.89990234375,218.0
2026-09-04 06:20:00+00:00,4514.89990234375,4517.7998046875,4512.89990234375,4514.10009765625,308.0
2026-09-04 06:25:00+00:00,4514.60009765625,4518.10009765625,4514.60009765625,4515.2001953125,203.0
2026-09-04 06:30:00+00:00,4515.2001953125,4516.10009765625,4510.60009765625,4511.0,320.0
2026-09-04 06:35:00+00:00,4511.2001953125,4512.89990234375,4509.2998046875,4512.39990234375,519.0
2026-09-04 06:40:00+00:00,4512.2998046875,4514.89990234375,4510.5,4510.60009765625,404.0
2026-09-04 06:45:00+00:00,4510.60009765625,4510.7998046875,4507.7998046875,4508.10009765625,529.0
2026-09-04 06:50:00+00:00,4508.2001953125,4510.7998046875,4507.60009765625,4509.0,278.0
2026-09-04 06:55:00+00:00,4509.10009765625,4510.0,4506.60009765625,4509.5,350.0
2026-09-04 07:00:00+00:00,4509.2998046875,4514.2001953125,4508.0,4512.89990234375,475.0
2026-09-04 07:05:00+00:00,4512.89990234375,4515.89990234375,4511.60009765625,4515.39990234375,445.0
2026-09-04 07:10:00+00:00,4515.39990234375,4518.2998046875,4514.7001953125,4514.7001953125,508.0
2026-09-04 07:15:00+00:00,4514.39990234375,4515.7998046875,4513.5,4515.7001953125,265.0
2026-09-04 07:20:00+00:00,4515.89990234375,4516.7998046875,4513.60009765625,4516.39990234375,213.0
2026-09-04 07:25:00+00:00,4516.2001953125,4520.0,4514.89990234375,4519.60009765625,540.0
2026-09-04 07:30:00+00:00,4519.60009765625,4522.10009765625,4519.60009765625,4521.7998046875,502.0
2026-09-04 07:35:00+00:00,4521.60009765625,4523.2998046875,4521.2001953125,4521.7998046875,243.0
2026-09-04 07:40:00+00:00,4521.89990234375,4534.39990234375,4521.7998046875,4532.5,1452.0
2026-09-04 07:45:00+00:00,4532.7001953125,4537.7998046875,4531.5,4534.7998046875,1054.0
2026-09-04 07:50:00+00:00,4534.89990234375,4534.89990234375,4529.39990234375,4531.5,581.0
2026-09-04 07:55:00+00:00,4531.39990234375,4533.60009765625,4528.2001953125,4530.2998046875,767.0
2026-09-04 08:00:00+00:00,4530.39990234375,4533.60009765625,4530.10009765625,4530.60009765625,701.0
2026-09-04 08:05:00+00:00,4530.7001953125,4531.10009765625,4526.7998046875,4527.89990234375,350.0
2026-09-04 08:10:00+00:00,4528.0,4530.89990234375,4525.7001953125,4528.89990234375,693.0
2026-09-04 08:15:00+00:00,4528.60009765625,4530.89990234375,4528.10009765625,4529.2998046875,226.0
2026-09-04 08:20:00+00:00,4529.5,4531.0,4526.7998046875,4527.10009765625,237.0
2026-09-04 08:25:00+00:00,4527.10009765625,4528.89990234375,4526.39990234375,4527.7998046875,209.0
2026-09-04 08:30:00+00:00,4528.10009765625,4529.2998046875,4524.89990234375,4527.39990234375,330.0
2026-09-04 08:35:00+00:00,4527.60009765625,4528.10009765625,4524.2998046875,4525.2001953125,223.0
2026-09-04 08:40:00+00:00,4525.0,4525.7998046875,4524.10009765625,4524.5,190.0
2026-09-04 08:45:00+00:00,4524.10009765625,4525.10009765625,4521.5,4521.5,176.0
2026-09-04 08:50:00+00:00,4521.7998046875,4524.0,4521.0,4523.39990234375,184.0
2026-09-04 08:55:00+00:00,4523.5,4526.39990234375,4523.39990234375,4524.2998046875,268.0
2026-09-04 09:00:00+00:00,4524.5,4525.7001953125,4523.10009765625,4524.7998046875,164.0
2026-09-04 09:05:00+00:00,4524.39990234375,4524.5,4520.2998046875,4521.60009765625,339.0
2026-09-04 09:10:00+00:00,4521.39990234375,4521.39990234375,4515.5,4516.60009765625,372.0
2026-09-04 09:15:00+00:00,4516.39990234375,4517.39990234375,4513.10009765625,4513.2998046875,493.0
2026-09-04 09:20:00+00:00,4513.2001953125,4513.7998046875,4510.0,4511.10009765625,570.0
2026-09-04 09:25:00+00:00,4510.7001953125,4512.7998046875,4510.0,4512.7998046875,455.0
2026-09-04 09:30:00+00:00,4512.7998046875,4516.5,4510.7998046875,4513.39990234375,1014.0
2026-09-04 09:35:00+00:00,4512.89990234375,4515.89990234375,4512.5,4514.0,267.0
2026-09-04 09:40:00+00:00,4514.0,4514.7998046875,4511.7998046875,4513.39990234375,589.0
2026-09-04 09:45:00+00:00,4513.5,4516.10009765625,4513.5,4515.2001953125,168.0
2026-09-04 09:50:00+00:00,4515.60009765625,4515.7998046875,4513.5,4513.5,182.0
2026-09-04 09:55:00+00:00,4513.10009765625,4515.89990234375,4511.60009765625,4511.7998046875,223.0
2026-09-04 10:00:00+00:00,4511.7001953125,4516.39990234375,4511.60009765625,4515.60009765625,155.0
2026-09-04 10:05:00+00:00,4515.7001953125,4517.2001953125,4515.10009765625,4516.89990234375,116.0
2026-09-04 10:10:00+00:00,4516.7998046875,4519.39990234375,4515.2001953125,4519.0,211.0
2026-09-04 10:15:00+00:00,4518.89990234375,4519.60009765625,4517.39990234375,4518.2001953125,248.0
2026-09-04 10:20:00+00:00,4518.2998046875,4518.2998046875,4514.39990234375,4514.7998046875,212.0
2026-09-04 10:25:00+00:00,4514.7998046875,4520.0,4514.7001953125,4517.5,457.0
2026-09-04 10:30:00+00:00,4517.60009765625,4521.5,4517.2001953125,4519.2998046875,261.0
2026-09-04 10:35:00+00:00,4519.7001953125,4519.7001953125,4516.2998046875,4519.5,166.0
2026-09-04 10:40:00+00:00,4519.7001953125,4520.2001953125,4518.89990234375,4519.7001953125,124.0
2026-09-04 10:45:00+00:00,4519.89990234375,4523.10009765625,4519.7998046875,4521.10009765625,212.0
2026-09-04 10:50:00+00:00,4521.2001953125,4522.0,4519.7001953125,4521.10009765625,105.0
2026-09-04 10:55:00+00:00,4520.89990234375,4521.2998046875,4518.89990234375,4518.89990234375,157.0
2026-09-04 11:00:00+00:00,4519.2001953125,4519.2998046875,4516.7001953125,4517.89990234375,289.0
2026-09-04 11:05:00+00:00,4517.7998046875,4518.2001953125,4515.7001953125,4517.2001953125,141.0
2026-09-04 11:10:00+00:00,4516.89990234375,4517.5,4515.7998046875,4516.5,169.0
2026-09-04 11:15:00+00:00,4516.7998046875,4516.89990234375,4512.7001953125,4513.0,332.0
2026-09-04 11:20:00+00:00,4513.10009765625,4516.89990234375,4512.89990234375,4514.89990234375,325.0
2026-09-04 11:25:00+00:00,4514.7001953125,4514.7001953125,4511.5,4511.7998046875,331.0
2026-09-04 11:30:00+00:00,4511.89990234375,4514.2998046875,4511.2998046875,4512.10009765625,286.0
2026-09-04 11:35:00+00:00,4512.2001953125,4515.60009765625,4512.2001953125,4514.39990234375,210.0
2026-09-04 11:40:00+00:00,4514.60009765625,4516.5,4512.2001953125,4514.39990234375,232.0
2026-09-04 11:45:00+00:00,4514.2001953125,4516.60009765625,4513.39990234375,4513.5,235.0
2026-09-04 11:50:00+00:00,4513.7001953125,4516.7998046875,4513.60009765625,4515.10009765625,346.0
2026-09-04 11:55:00+00:00,4515.2001953125,4516.10009765625,4510.89990234375,4513.10009765625,574.0
2026-09-04 12:00:00+00:00,4513.2998046875,4515.39990234375,4510.89990234375,4514.89990234375,545.0
2026-09-04 12:05:00+00:00,4514.89990234375,4516.7001953125,4513.2001953125,4513.60009765625,399.0
2026-09-04 12:10:00+00:00,4513.60009765625,4515.60009765625,4510.5,4510.89990234375,557.0
2026-09-04 12:15:00+00:00,4510.89990234375,4514.60009765625,4510.89990234375,4514.39990234375,691.0
2026-09-04 12:20:00+00:00,4514.2998046875,4516.39990234375,4510.7001953125,4514.10009765625,978.0
2026-09-04 12:25:00+00:00,4514.2998046875,4523.2998046875,4513.7001953125,4517.7001953125,1130.0
2026-09-04 12:30:00+00:00,4520.89990234375,4523.5,4419.0,4441.89990234375,21449.0
2026-09-04 12:35:00+00:00,4441.7998046875,4446.39990234375,4430.0,4438.0,5860.0
2026-09-04 12:40:00+00:00,4438.2998046875,4453.5,4433.89990234375,4440.89990234375,3377.0
2026-09-04 12:45:00+00:00,4440.60009765625,4444.60009765625,4426.7998046875,4444.0,3758.0
2026-09-04 12:50:00+00:00,4443.2001953125,4456.89990234375,4442.2998046875,4453.0,3302.0
2026-09-04 12:55:00+00:00,4452.7998046875,4456.0,4439.39990234375,4440.60009765625,2972.0
2026-09-04 13:00:00+00:00,4440.89990234375,4441.7998046875,4412.0,4425.7998046875,6934.0
2026-09-04 13:05:00+00:00,4426.0,4436.7001953125,4422.5,4434.5,1993.0
2026-09-04 13:10:00+00:00,4434.60009765625,4440.7001953125,4428.7998046875,4440.7001953125,1622.0
2026-09-04 13:15:00+00:00,4440.60009765625,4446.60009765625,4438.10009765625,4445.2001953125,1733.0
2026-09-04 13:20:00+00:00,4445.39990234375,4453.7998046875,4443.5,4451.60009765625,2070.0
2026-09-04 13:25:00+00:00,4451.5,4461.5,4450.7001953125,4459.5,2714.0
2026-09-04 13:30:00+00:00,4459.7001953125,4467.7998046875,4458.89990234375,4461.0,3992.0
2026-09-04 13:35:00+00:00,4460.89990234375,4465.10009765625,4452.2998046875,4454.7001953125,2133.0
2026-09-04 13:40:00+00:00,4454.5,4471.10009765625,4454.0,4470.7998046875,2484.0
2026-09-04 13:45:00+00:00,4470.60009765625,4481.7998046875,4465.10009765625,4476.89990234375,2908.0
2026-09-04 13:50:00+00:00,4477.2998046875,4478.5,4468.0,4469.60009765625,1650.0
2026-09-04 13:55:00+00:00,4469.7001953125,4473.7998046875,4459.7998046875,4459.89990234375,2079.0
2026-09-04 14:00:00+00:00,4460.0,4467.7998046875,4458.7998046875,4467.7998046875,1585.0
2026-09-04 14:05:00+00:00,4467.89990234375,4474.5,4462.5,4471.0,1511.0
2026-09-04 14:10:00+00:00,4470.89990234375,4482.7001953125,4466.2998046875,4481.89990234375,1646.0
2026-09-04 14:15:00+00:00,4481.39990234375,4484.60009765625,4476.5,4480.2998046875,1309.0
2026-09-04 14:20:00+00:00,4479.7998046875,4483.2001953125,4474.10009765625,4478.10009765625,1432.0
2026-09-04 14:25:00+00:00,4478.2998046875,4484.7998046875,4476.2998046875,4476.5,1327.0
2026-09-04 14:30:00+00:00,4476.60009765625,4487.2001953125,4476.39990234375,4486.7998046875,1995.0
2026-09-04 14:35:00+00:00,4486.39990234375,4489.39990234375,4475.39990234375,4476.5,1418.0
2026-09-04 14:40:00+00:00,4476.5,4479.5,4472.2998046875,4476.0,1102.0
2026-09-04 14:45:00+00:00,4476.10009765625,4479.2001953125,4469.39990234375,4475.2001953125,1459.0
2026-09-04 14:50:00+00:00,4474.7998046875,4475.60009765625,4464.10009765625,4464.39990234375,1500.0
2026-09-04 14:55:00+00:00,4464.7001953125,4476.7998046875,4464.0,4474.2998046875,1263.0
2026-09-04 15:00:00+00:00,4474.39990234375,4477.7001953125,4469.5,4476.89990234375,756.0
2026-09-04 15:05:00+00:00,4477.0,4486.60009765625,4476.7001953125,4483.39990234375,1610.0
2026-09-04 15:10:00+00:00,4483.60009765625,4490.7998046875,4481.60009765625,4490.2998046875,1137.0
2026-09-04 15:15:00+00:00,4490.2998046875,4495.89990234375,4488.10009765625,4495.2998046875,1199.0
2026-09-04 15:20:00+00:00,4495.10009765625,4496.2001953125,4487.2998046875,4490.5,1524.0
2026-09-04 15:25:00+00:00,4490.2998046875,4493.5,4486.7998046875,4487.0,1149.0
2026-09-04 15:30:00+00:00,4487.10009765625,4491.5,4485.60009765625,4486.7998046875,936.0
2026-09-04 15:35:00+00:00,4486.7998046875,4488.2001953125,4484.5,4485.2998046875,941.0
2026-09-04 15:40:00+00:00,4485.2998046875,4493.7001953125,4483.5,4490.10009765625,987.0
2026-09-04 15:45:00+00:00,4490.10009765625,4492.10009765625,4489.0,4490.7001953125,520.0
2026-09-04 15:50:00+00:00,4490.89990234375,4493.2998046875,4486.5,4486.60009765625,686.0
2026-09-04 15:55:00+00:00,4487.10009765625,4488.0,4482.7998046875,4483.2998046875,541.0
2026-09-04 16:00:00+00:00,4483.7998046875,4487.7998046875,4483.60009765625,4486.89990234375,468.0
2026-09-04 16:05:00+00:00,4487.10009765625,4487.89990234375,4480.7998046875,4480.89990234375,810.0
2026-09-04 16:10:00+00:00,4481.10009765625,4486.7001953125,4479.5,4486.2001953125,777.0
2026-09-04 16:15:00+00:00,4486.2001953125,4491.0,4484.89990234375,4489.0,693.0
2026-09-04 16:20:00+00:00,4489.0,4490.0,4483.2998046875,4485.5,531.0
2026-09-04 16:25:00+00:00,4485.60009765625,4486.10009765625,4480.7001953125,4481.60009765625,468.0
2026-09-04 16:30:00+00:00,4481.7001953125,4486.2998046875,4481.10009765625,4484.7001953125,421.0
2026-09-04 16:35:00+00:00,4484.7001953125,4485.7001953125,4483.5,4484.60009765625,352.0
2026-09-04 16:40:00+00:00,4485.10009765625,4487.2001953125,4482.89990234375,4485.39990234375,291.0
2026-09-04 16:45:00+00:00,4485.60009765625,4487.7998046875,4484.89990234375,4487.2001953125,300.0
2026-09-04 16:50:00+00:00,4487.5,4487.7001953125,4483.2001953125,4483.2001953125,247.0
2026-09-04 16:55:00+00:00,4483.10009765625,4485.7001953125,4482.0,4483.60009765625,731.0
2026-09-04 17:00:00+00:00,4483.5,4483.89990234375,4477.10009765625,4478.60009765625,941.0
2026-09-04 17:05:00+00:00,4478.60009765625,4481.0,4477.60009765625,4479.60009765625,494.0
2026-09-04 17:10:00+00:00,4479.89990234375,4482.2001953125,4479.2001953125,4481.2001953125,376.0
2026-09-04 17:15:00+00:00,4481.5,4486.2998046875,4480.10009765625,4485.7998046875,505.0
2026-09-04 17:20:00+00:00,4486.0,4488.0,4478.7001953125,4480.60009765625,645.0
2026-09-04 17:25:00+00:00,4480.7998046875,4480.7998046875,4475.0,4476.0,2124.0
2026-09-04 17:30:00+00:00,4475.89990234375,4477.2998046875,4470.39990234375,4471.5,974.0
2026-09-04 17:35:00+00:00,4471.60009765625,4473.0,4469.2998046875,4469.7001953125,681.0
2026-09-04 17:40:00+00:00,4469.7001953125,4469.89990234375,4461.10009765625,4464.5,1051.0
2026-09-04 17:45:00+00:00,4464.5,4468.0,4462.7998046875,4467.0,629.0
2026-09-04 17:50:00+00:00,4466.7998046875,4468.89990234375,4465.89990234375,4466.39990234375,424.0
2026-09-04 17:55:00+00:00,4466.60009765625,4466.7998046875,4463.7001953125,4464.0,410.0
2026-09-04 18:00:00+00:00,4464.7001953125,4465.0,4459.0,4460.39990234375,791.0
2026-09-04 18:05:00+00:00,4460.39990234375,4465.89990234375,4460.10009765625,4465.7001953125,484.0
2026-09-04 18:10:00+00:00,4465.39990234375,4467.39990234375,4464.10009765625,4467.10009765625,912.0
2026-09-04 18:15:00+00:00,4467.2998046875,4470.10009765625,4467.0,4467.2001953125,516.0
2026-09-04 18:20:00+00:00,4467.5,4472.5,4466.89990234375,4472.10009765625,338.0
2026-09-04 18:25:00+00:00,4472.5,4474.5,4471.2001953125,4472.60009765625,463.0
2026-09-04 18:30:00+00:00,4472.60009765625,4472.7998046875,4470.60009765625,4472.7001953125,240.0
2026-09-04 18:35:00+00:00,4472.5,4472.7001953125,4468.89990234375,4470.2001953125,277.0
2026-09-04 18:40:00+00:00,4470.0,4473.89990234375,4469.39990234375,4470.5,411.0
2026-09-04 18:45:00+00:00,4470.2998046875,4472.0,4469.5,4471.5,225.0
2026-09-04 18:50:00+00:00,4471.2998046875,4473.0,4471.10009765625,4472.2998046875,219.0
2026-09-04 18:55:00+00:00,4472.39990234375,4473.2998046875,4470.39990234375,4471.2998046875,378.0
2026-09-04 19:00:00+00:00,4471.60009765625,4473.0,4470.0,4471.10009765625,152.0
2026-09-04 19:05:00+00:00,4470.7998046875,4473.0,4470.2998046875,4472.5,141.0
2026-09-04 19:10:00+00:00,4472.2998046875,4477.2998046875,4472.2001953125,4476.5,567.0
2026-09-04 19:15:00+00:00,4476.5,4479.2998046875,4476.0,4476.0,424.0
2026-09-04 19:20:00+00:00,4476.2001953125,4478.5,4474.10009765625,4478.2001953125,314.0
2026-09-04 19:25:00+00:00,4478.2001953125,4483.0,4477.5,4482.7998046875,368.0
2026-09-04 19:30:00+00:00,4482.7998046875,4485.60009765625,4481.2998046875,4484.89990234375,415.0
2026-09-04 19:35:00+00:00,4484.7998046875,4485.0,4482.2001953125,4483.7001953125,244.0
2026-09-04 19:40:00+00:00,4483.7998046875,4484.7998046875,4482.2998046875,4483.89990234375,424.0
2026-09-04 19:45:00+00:00,4484.2001953125,4484.7998046875,4480.60009765625,4482.5,401.0
2026-09-04 19:50:00+00:00,4482.7001953125,4483.60009765625,4481.2998046875,4483.2998046875,578.0
2026-09-04 19:55:00+00:00,4483.39990234375,4483.39990234375,4479.7998046875,4482.0,723.0
2026-09-04 20:00:00+00:00,4481.7998046875,4482.2998046875,4479.10009765625,4479.89990234375,469.0
2026-09-04 20:05:00+00:00,4479.89990234375,4480.0,4478.2998046875,4479.0,138.0
2026-09-04 20:10:00+00:00,4479.0,4479.89990234375,4477.89990234375,4478.7998046875,191.0
2026-09-04 20:15:00+00:00,4478.7998046875,4479.0,4476.89990234375,4477.89990234375,92.0
2026-09-04 20:20:00+00:00,4478.2001953125,4478.39990234375,4477.2001953125,4477.2998046875,120.0
2026-09-04 20:25:00+00:00,4477.2998046875,4478.10009765625,4476.60009765625,4477.2998046875,113.0
2026-09-04 20:30:00+00:00,4476.60009765625,4476.7998046875,4476.0,4476.60009765625,80.0
2026-09-04 20:35:00+00:00,4476.60009765625,4478.0,4476.60009765625,4477.60009765625,93.0
2026-09-04 20:40:00+00:00,4477.60009765625,4477.89990234375,4476.2001953125,4477.39990234375,103.0
2026-09-04 20:45:00+00:00,4477.60009765625,4477.7998046875,4475.60009765625,4475.89990234375,144.0
2026-09-04 20:50:00+00:00,4476.0,4478.5,4475.89990234375,4478.2998046875,117.0
2026-09-04 20:55:00+00:00,4478.10009765625,4478.5,4476.5,4476.60009765625,139.0
2026-09-08 04:00:00+00:00,4483.5,4487.7998046875,4483.2998046875,4487.2001953125,794.0
2026-09-08 04:05:00+00:00,4487.10009765625,4488.7998046875,4484.60009765625,4486.10009765625,363.0
2026-09-08 04:10:00+00:00,4486.10009765625,4488.2998046875,4484.5,4484.7001953125,222.0
2026-09-08 04:15:00+00:00,4484.89990234375,4486.39990234375,4483.60009765625,4484.2001953125,131.0
2026-09-08 04:20:00+00:00,4484.2001953125,4484.60009765625,4478.39990234375,4479.0,357.0
2026-09-08 04:25:00+00:00,4478.89990234375,4479.60009765625,4477.0,4477.89990234375,151.0
2026-09-08 04:30:00+00:00,4478.2998046875,4480.10009765625,4477.89990234375,4479.39990234375,116.0
2026-09-08 04:35:00+00:00,4479.2998046875,4480.39990234375,4478.60009765625,4479.89990234375,178.0
2026-09-08 04:40:00+00:00,4480.0,4482.10009765625,4479.7998046875,4481.89990234375,174.0
2026-09-08 04:45:00+00:00,4481.7001953125,4481.7001953125,4480.0,4480.2001953125,85.0
2026-09-08 04:50:00+00:00,4480.2998046875,4481.39990234375,4479.7001953125,4480.39990234375,59.0
2026-09-08 04:55:00+00:00,4480.7001953125,4485.5,4479.60009765625,4481.60009765625,272.0
2026-09-08 05:00:00+00:00,4481.7001953125,4483.39990234375,4479.7998046875,4480.0,113.0
2026-09-08 05:05:00+00:00,4479.7998046875,4480.0,4475.60009765625,4476.39990234375,353.0
2026-09-08 05:10:00+00:00,4476.7001953125,4476.89990234375,4472.39990234375,4472.89990234375,304.0
2026-09-08 05:15:00+00:00,4472.60009765625,4474.89990234375,4471.60009765625,4474.5,284.0
2026-09-08 05:20:00+00:00,4474.7001953125,4477.2001953125,4470.2001953125,4470.2001953125,392.0
2026-09-08 05:25:00+00:00,4470.2998046875,4470.7998046875,4465.2998046875,4465.5,425.0
2026-09-08 05:30:00+00:00,4465.60009765625,4470.7998046875,4462.89990234375,4467.7001953125,770.0
2026-09-08 05:35:00+00:00,4467.7001953125,4472.10009765625,4466.60009765625,4472.10009765625,332.0
2026-09-08 05:40:00+00:00,4472.0,4472.10009765625,4470.0,4471.0,120.0
2026-09-08 05:45:00+00:00,4470.7001953125,4473.89990234375,4468.2001953125,4470.10009765625,342.0
2026-09-08 05:50:00+00:00,4469.89990234375,4469.89990234375,4464.2001953125,4464.2998046875,326.0
2026-09-08 05:55:00+00:00,4464.89990234375,4465.7001953125,4462.10009765625,4464.39990234375,399.0
2026-09-08 06:00:00+00:00,4464.39990234375,4465.10009765625,4457.7998046875,4460.2998046875,605.0
2026-09-08 06:05:00+00:00,4459.39990234375,4460.60009765625,4455.89990234375,4458.39990234375,499.0
2026-09-08 06:10:00+00:00,4457.89990234375,4458.0,4453.10009765625,4456.39990234375,734.0
2026-09-08 06:15:00+00:00,4456.10009765625,4456.2001953125,4446.2001953125,4446.2998046875,964.0
2026-09-08 06:20:00+00:00,4446.2001953125,4450.7998046875,4445.2001953125,4448.5,726.0
2026-09-08 06:25:00+00:00,4447.60009765625,4448.5,4443.7001953125,4444.7998046875,411.0
2026-09-08 06:30:00+00:00,4444.7998046875,4447.7998046875,4443.10009765625,4446.7998046875,409.0
2026-09-08 06:35:00+00:00,4447.0,4448.7998046875,4442.60009765625,4448.60009765625,756.0
2026-09-08 06:40:00+00:00,4448.60009765625,4453.5,4448.60009765625,4451.89990234375,655.0
2026-09-08 06:45:00+00:00,4452.10009765625,4453.2998046875,4450.60009765625,4452.7001953125,290.0
2026-09-08 06:50:00+00:00,4452.89990234375,4454.0,4448.39990234375,4449.5,395.0
2026-09-08 06:55:00+00:00,4449.60009765625,4450.0,4448.0,4448.2998046875,286.0
2026-09-08 07:00:00+00:00,4448.60009765625,4453.0,4447.10009765625,4452.60009765625,407.0
2026-09-08 07:05:00+00:00,4452.7001953125,4454.0,4451.2001953125,4451.60009765625,288.0
2026-09-08 07:10:00+00:00,4451.7998046875,4452.39990234375,4447.10009765625,4447.89990234375,341.0
2026-09-08 07:15:00+00:00,4447.89990234375,4448.39990234375,4445.7001953125,4448.39990234375,369.0
2026-09-08 07:20:00+00:00,4448.2998046875,4448.7998046875,4445.0,4447.0,365.0
2026-09-08 07:25:00+00:00,4447.2001953125,4449.2001953125,4445.60009765625,4446.5,275.0
2026-09-08 07:30:00+00:00,4446.60009765625,4450.2001953125,4442.5,4442.5,501.0
2026-09-08 07:35:00+00:00,4443.0,4443.7001953125,4436.39990234375,4438.10009765625,860.0
2026-09-08 07:40:00+00:00,4438.5,4441.7998046875,4435.5,4440.2001953125,490.0
2026-09-08 07:45:00+00:00,4440.10009765625,4441.7998046875,4437.89990234375,4438.5,487.0
2026-09-08 07:50:00+00:00,4437.7001953125,4438.0,4434.60009765625,4435.5,648.0
2026-09-08 07:55:00+00:00,4435.7998046875,4438.5,4434.2998046875,4436.7001953125,450.0
2026-09-08 08:00:00+00:00,4436.60009765625,4437.2001953125,4433.2001953125,4435.89990234375,586.0
2026-09-08 08:05:00+00:00,4435.5,4440.2001953125,4432.0,4432.2998046875,498.0
2026-09-08 08:10:00+00:00,4432.60009765625,4437.2998046875,4432.5,4434.7001953125,317.0
2026-09-08 08:15:00+00:00,4434.89990234375,4438.2998046875,4434.2998046875,4438.2001953125,346.0
2026-09-08 08:20:00+00:00,4437.89990234375,4438.89990234375,4434.0,4438.89990234375,272.0
2026-09-08 08:25:00+00:00,4438.7998046875,4440.89990234375,4438.5,4438.89990234375,354.0
2026-09-08 08:30:00+00:00,4439.0,4442.5,4437.2998046875,4442.2998046875,517.0
2026-09-08 08:35:00+00:00,4442.60009765625,4443.0,4438.10009765625,4440.0,282.0
2026-09-08 08:40:00+00:00,4439.60009765625,4439.60009765625,4436.5,4437.2998046875,349.0
2026-09-08 08:45:00+00:00,4436.7998046875,4442.60009765625,4435.5,4438.2001953125,719.0
2026-09-08 08:50:00+00:00,4438.2998046875,4439.2998046875,4435.7998046875,4437.2001953125,198.0
2026-09-08 08:55:00+00:00,4437.2998046875,4438.7998046875,4436.0,4438.5,158.0
2026-09-08 09:00:00+00:00,4438.0,4440.5,4435.5,4440.5,277.0
2026-09-08 09:05:00+00:00,4440.2001953125,4442.39990234375,4438.7001953125,4438.89990234375,168.0
2026-09-08 09:10:00+00:00,4439.60009765625,4442.2001953125,4439.60009765625,4441.89990234375,157.0
2026-09-08 09:15:00+00:00,4441.5,4443.60009765625,4441.0,4441.0,293.0
2026-09-08 09:20:00+00:00,4440.7998046875,4441.2001953125,4437.89990234375,4439.0,289.0
2026-09-08 09:25:00+00:00,4438.7998046875,4440.7001953125,4436.7001953125,4437.2998046875,500.0
2026-09-08 09:30:00+00:00,4437.2001953125,4442.0,4435.0,4440.0,675.0
2026-09-08 09:35:00+00:00,4440.10009765625,4441.89990234375,4439.89990234375,4441.60009765625,203.0
2026-09-08 09:40:00+00:00,4441.7001953125,4448.0,4441.60009765625,4445.60009765625,1001.0
2026-09-08 09:45:00+00:00,4446.0,4447.7998046875,4445.60009765625,4447.60009765625,171.0
2026-09-08 09:50:00+00:00,4448.0,4450.10009765625,4447.39990234375,4448.89990234375,436.0
2026-09-08 09:55:00+00:00,4449.0,4449.60009765625,4447.0,4447.2001953125,343.0
2026-09-08 10:00:00+00:00,4447.2998046875,4447.2998046875,4442.5,4442.7001953125,364.0
2026-09-08 10:05:00+00:00,4443.0,4443.2001953125,4440.39990234375,4440.89990234375,256.0
2026-09-08 10:10:00+00:00,4440.89990234375,4441.2001953125,4438.0,4440.7998046875,451.0
2026-09-08 10:15:00+00:00,4440.60009765625,4443.10009765625,4440.39990234375,4442.5,142.0
2026-09-08 10:20:00+00:00,4442.5,4451.60009765625,4441.7001953125,4444.89990234375,1283.0
2026-09-08 10:25:00+00:00,4445.2998046875,4445.7001953125,4442.89990234375,4443.7998046875,242.0
2026-09-08 10:30:00+00:00,4443.7001953125,4443.89990234375,4441.10009765625,4441.2998046875,265.0
2026-09-08 10:35:00+00:00,4441.2998046875,4441.7001953125,4438.2998046875,4439.10009765625,177.0
2026-09-08 10:40:00+00:00,4439.10009765625,4442.5,4438.2998046875,4441.2998046875,396.0
2026-09-08 10:45:00+00:00,4441.2998046875,4444.89990234375,4441.10009765625,4443.10009765625,269.0
2026-09-08 10:50:00+00:00,4443.2001953125,4444.60009765625,4441.10009765625,4443.2001953125,290.0
2026-09-08 10:55:00+00:00,4443.2998046875,4444.2001953125,4439.60009765625,4439.89990234375,301.0
2026-09-08 11:00:00+00:00,4440.2001953125,4441.89990234375,4439.5,4440.2998046875,180.0
2026-09-08 11:05:00+00:00,4440.5,4444.2998046875,4437.5,4440.89990234375,663.0
2026-09-08 11:10:00+00:00,4440.7998046875,4441.39990234375,4435.5,4439.5,388.0
2026-09-08 11:15:00+00:00,4439.39990234375,4446.10009765625,4439.2998046875,4446.0,438.0
2026-09-08 11:20:00+00:00,4445.7998046875,4445.89990234375,4442.7998046875,4445.7001953125,181.0
2026-09-08 11:25:00+00:00,4445.39990234375,4447.2001953125,4444.89990234375,4446.0,210.0
2026-09-08 11:30:00+00:00,4446.5,4449.60009765625,4445.0,4449.39990234375,307.0
2026-09-08 11:35:00+00:00,4449.2998046875,4452.39990234375,4448.60009765625,4449.2998046875,583.0
2026-09-08 11:40:00+00:00,4449.7001953125,4451.2998046875,4447.7998046875,4447.7998046875,224.0
2026-09-08 11:45:00+00:00,4448.2001953125,4448.89990234375,4443.39990234375,4444.5,377.0
2026-09-08 11:50:00+00:00,4444.2998046875,4447.2998046875,4442.2998046875,4445.10009765625,348.0
2026-09-08 11:55:00+00:00,4445.2998046875,4451.60009765625,4445.0,4450.89990234375,321.0
2026-09-08 12:00:00+00:00,4450.89990234375,4451.39990234375,4447.10009765625,4447.5,316.0
2026-09-08 12:05:00+00:00,4447.5,4448.7998046875,4446.10009765625,4448.7001953125,543.0
2026-09-08 12:10:00+00:00,4447.89990234375,4448.39990234375,4434.7998046875,4436.0,1771.0
2026-09-08 12:15:00+00:00,4435.89990234375,4436.2001953125,4429.5,4435.7998046875,2358.0
2026-09-08 12:20:00+00:00,4435.7001953125,4440.89990234375,4431.5,4439.5,1362.0
2026-09-08 12:25:00+00:00,4439.2998046875,4446.2001953125,4438.39990234375,4446.2001953125,1754.0
2026-09-08 12:30:00+00:00,4446.2998046875,4452.7001953125,4445.10009765625,4449.60009765625,1224.0
2026-09-08 12:35:00+00:00,4449.7998046875,4449.89990234375,4442.60009765625,4445.39990234375,512.0
2026-09-08 12:40:00+00:00,4445.7998046875,4446.39990234375,4439.7001953125,4441.0,548.0
2026-09-08 12:45:00+00:00,4440.7998046875,4446.89990234375,4440.0,4446.7001953125,531.0
2026-09-08 12:50:00+00:00,4446.60009765625,4448.2001953125,4444.89990234375,4448.0,380.0
2026-09-08 12:55:00+00:00,4447.7998046875,4456.2998046875,4447.2998046875,4456.10009765625,1324.0
2026-09-08 13:00:00+00:00,4456.2998046875,4457.89990234375,4446.60009765625,4450.7001953125,1748.0
2026-09-08 13:05:00+00:00,4450.60009765625,4451.2998046875,4447.0,4449.2001953125,745.0
2026-09-08 13:10:00+00:00,4448.39990234375,4453.2998046875,4448.2998046875,4453.0,365.0
2026-09-08 13:15:00+00:00,4453.10009765625,4455.5,4450.0,4452.39990234375,408.0
2026-09-08 13:20:00+00:00,4452.2998046875,4453.2998046875,4447.60009765625,4447.60009765625,456.0
2026-09-08 13:25:00+00:00,4447.7998046875,4448.89990234375,4443.5,4444.7998046875,526.0
2026-09-08 13:30:00+00:00,4444.89990234375,4450.2998046875,4442.39990234375,4442.89990234375,891.0
2026-09-08 13:35:00+00:00,4442.5,4447.2998046875,4440.39990234375,4444.89990234375,884.0
2026-09-08 13:40:00+00:00,4444.2998046875,4444.2998046875,4434.7001953125,4441.10009765625,1710.0
2026-09-08 13:45:00+00:00,4440.89990234375,4447.5,4438.89990234375,4447.2998046875,832.0
2026-09-08 13:50:00+00:00,4447.2998046875,4449.2998046875,4441.89990234375,4449.2998046875,736.0
2026-09-08 13:55:00+00:00,4448.7001953125,4452.0,4440.10009765625,4440.2998046875,1699.0
2026-09-08 14:00:00+00:00,4440.2998046875,4447.0,4439.2998046875,4446.7001953125,1166.0
2026-09-08 14:05:00+00:00,4446.7998046875,4447.7001953125,4443.10009765625,4444.0,768.0
2026-09-08 14:10:00+00:00,4443.60009765625,4443.7001953125,4436.2001953125,4439.2998046875,697.0
2026-09-08 14:15:00+00:00,4439.2001953125,4445.2998046875,4438.7998046875,4444.60009765625,770.0
2026-09-08 14:20:00+00:00,4444.7998046875,4447.2001953125,4440.60009765625,4447.0,648.0
2026-09-08 14:25:00+00:00,4447.0,4449.0,4441.2998046875,4441.5,757.0
2026-09-08 14:30:00+00:00,4442.0,4444.60009765625,4440.2001953125,4443.7001953125,596.0
2026-09-08 14:35:00+00:00,4443.39990234375,4446.0,4440.5,4440.7998046875,705.0
2026-09-08 14:40:00+00:00,4440.5,4442.89990234375,4437.7001953125,4442.10009765625,878.0
2026-09-08 14:45:00+00:00,4442.60009765625,4444.10009765625,4436.89990234375,4438.39990234375,1117.0
2026-09-08 14:50:00+00:00,4438.2998046875,4440.7001953125,4433.7001953125,4438.60009765625,1550.0
2026-09-08 14:55:00+00:00,4438.39990234375,4443.5,4437.2001953125,4443.39990234375,678.0
2026-09-08 15:00:00+00:00,4443.7998046875,4452.10009765625,4442.5,4448.2998046875,1442.0
2026-09-08 15:05:00+00:00,4448.39990234375,4449.2001953125,4445.7998046875,4448.7001953125,521.0
2026-09-08 15:10:00+00:00,4448.7998046875,4453.7001953125,4448.7998046875,4450.0,767.0
2026-09-08 15:15:00+00:00,4450.0,4454.5,4449.7998046875,4450.89990234375,557.0
2026-09-08 15:20:00+00:00,4450.7001953125,4451.10009765625,4441.60009765625,4443.39990234375,1023.0
2026-09-08 15:25:00+00:00,4443.5,4450.5,4443.2001953125,4444.39990234375,1538.0
2026-09-08 15:30:00+00:00,4444.39990234375,4449.2998046875,4444.2998046875,4449.2001953125,546.0
2026-09-08 15:35:00+00:00,4449.2001953125,4449.2998046875,4443.60009765625,4445.0,412.0
2026-09-08 15:40:00+00:00,4444.2998046875,4446.2001953125,4442.39990234375,4445.2001953125,334.0
2026-09-08 15:45:00+00:00,4445.5,4445.5,4440.89990234375,4442.0,558.0
2026-09-08 15:50:00+00:00,4441.5,4445.7998046875,4441.5,4442.7998046875,617.0
2026-09-08 15:55:00+00:00,4442.7001953125,4444.10009765625,4439.7998046875,4439.7998046875,412.0
2026-09-08 16:00:00+00:00,4440.0,4440.39990234375,4436.39990234375,4439.89990234375,815.0
2026-09-08 16:05:00+00:00,4439.7001953125,4440.0,4425.10009765625,4426.10009765625,1909.0
2026-09-08 16:10:00+00:00,4426.2001953125,4431.5,4425.60009765625,4431.5,2258.0
2026-09-08 16:15:00+00:00,4431.39990234375,4432.60009765625,4428.7998046875,4430.2998046875,701.0
2026-09-08 16:20:00+00:00,4430.5,4437.89990234375,4430.2001953125,4437.7001953125,734.0
2026-09-08 16:25:00+00:00,4437.5,4440.5,4435.7998046875,4438.89990234375,883.0
2026-09-08 16:30:00+00:00,4438.89990234375,4441.39990234375,4437.60009765625,4439.7998046875,529.0
2026-09-08 16:35:00+00:00,4439.60009765625,4441.10009765625,4438.5,4439.2998046875,298.0
2026-09-08 16:40:00+00:00,4439.5,4440.39990234375,4438.2998046875,4438.7998046875,333.0
2026-09-08 16:45:00+00:00,4438.89990234375,4439.39990234375,4436.7001953125,4438.60009765625,389.0
2026-09-08 16:50:00+00:00,4438.7001953125,4443.39990234375,4437.60009765625,4439.10009765625,915.0
2026-09-08 16:55:00+00:00,4438.7998046875,4440.2001953125,4434.89990234375,4438.2998046875,1048.0
2026-09-08 17:00:00+00:00,4438.39990234375,4446.60009765625,4438.39990234375,4446.10009765625,984.0
2026-09-08 17:05:00+00:00,4446.60009765625,4448.60009765625,4442.2998046875,4442.7001953125,706.0
2026-09-08 17:10:00+00:00,4443.0,4444.10009765625,4439.39990234375,4440.2998046875,353.0
2026-09-08 17:15:00+00:00,4440.39990234375,4442.2998046875,4440.39990234375,4441.2998046875,294.0
2026-09-08 17:20:00+00:00,4441.39990234375,4441.39990234375,4437.89990234375,4439.39990234375,706.0
2026-09-08 17:25:00+00:00,4439.10009765625,4439.89990234375,4436.7998046875,4438.89990234375,1587.0
2026-09-08 17:30:00+00:00,4438.89990234375,4439.7998046875,4436.10009765625,4436.10009765625,440.0
2026-09-08 17:35:00+00:00,4436.0,4437.5,4433.89990234375,4433.89990234375,585.0
2026-09-08 17:40:00+00:00,4433.89990234375,4434.0,4429.7001953125,4429.7001953125,707.0
2026-09-08 17:45:00+00:00,4429.89990234375,4432.5,4429.5,4431.39990234375,515.0
2026-09-08 17:50:00+00:00,4431.89990234375,4433.89990234375,4431.39990234375,4433.39990234375,209.0
2026-09-08 17:55:00+00:00,4433.2998046875,4434.7001953125,4432.2998046875,4434.2998046875,327.0
2026-09-08 18:00:00+00:00,4434.5,4434.7001953125,4431.60009765625,4431.60009765625,478.0
2026-09-08 18:05:00+00:00,4431.39990234375,4432.7998046875,4429.2001953125,4429.2998046875,622.0
2026-09-08 18:10:00+00:00,4429.2998046875,4432.10009765625,4428.39990234375,4432.10009765625,390.0
2026-09-08 18:15:00+00:00,4432.0,4432.10009765625,4429.10009765625,4430.10009765625,538.0
2026-09-08 18:20:00+00:00,4430.39990234375,4431.39990234375,4429.10009765625,4429.7998046875,344.0
2026-09-08 18:25:00+00:00,4429.89990234375,4430.7001953125,4428.60009765625,4430.10009765625,485.0
2026-09-08 18:30:00+00:00,4430.10009765625,4430.10009765625,4425.7998046875,4428.60009765625,475.0
2026-09-08 18:35:00+00:00,4428.5,4429.39990234375,4427.10009765625,4428.7001953125,239.0
2026-09-08 18:40:00+00:00,4428.7998046875,4430.39990234375,4428.0,4430.2001953125,188.0
2026-09-08 18:45:00+00:00,4430.10009765625,4431.2998046875,4406.5,4408.10009765625,4413.0
2026-09-08 18:50:00+00:00,4407.89990234375,4420.2001953125,4402.39990234375,4420.2001953125,2377.0
2026-09-08 18:55:00+00:00,4420.0,4422.60009765625,4417.0,4420.10009765625,1345.0
2026-09-08 19:00:00+00:00,4420.2001953125,4421.7998046875,4415.7998046875,4419.2001953125,647.0
2026-09-08 19:05:00+00:00,4419.39990234375,4420.0,4413.89990234375,4416.2001953125,784.0
2026-09-08 19:10:00+00:00,4416.0,4419.10009765625,4415.0,4415.0,304.0
2026-09-08 19:15:00+00:00,4415.2998046875,4417.89990234375,4412.39990234375,4412.5,500.0
2026-09-08 19:20:00+00:00,4412.2998046875,4415.2998046875,4411.10009765625,4411.5,513.0
2026-09-08 19:25:00+00:00,4411.89990234375,4415.0,4411.0,4413.60009765625,226.0
2026-09-08 19:30:00+00:00,4413.39990234375,4413.89990234375,4406.2998046875,4409.2998046875,579.0
2026-09-08 19:35:00+00:00,4409.2998046875,4414.7998046875,4409.2001953125,4412.2998046875,591.0
2026-09-08 19:40:00+00:00,4412.39990234375,4414.2001953125,4411.2998046875,4413.7001953125,354.0
2026-09-08 19:45:00+00:00,4413.7001953125,4413.89990234375,4409.89990234375,4410.7001953125,322.0
2026-09-08 19:50:00+00:00,4411.2998046875,4411.2998046875,4406.10009765625,4408.5,1409.0
2026-09-08 19:55:00+00:00,4408.7998046875,4409.5,4401.10009765625,4404.5,1561.0
2026-09-08 20:00:00+00:00,4404.10009765625,4409.5,4402.2998046875,4402.2998046875,1076.0
2026-09-08 20:05:00+00:00,4402.2998046875,4403.7998046875,4400.7001953125,4403.0,683.0
2026-09-08 20:10:00+00:00,4402.7998046875,4406.7001953125,4401.7998046875,4405.0,377.0
2026-09-08 20:15:00+00:00,4405.2998046875,4405.7998046875,4404.10009765625,4405.7998046875,130.0
2026-09-08 20:20:00+00:00,4405.89990234375,4406.0,4403.60009765625,4403.7998046875,181.0
2026-09-08 20:25:00+00:00,4404.2001953125,4404.39990234375,4400.10009765625,4401.0,609.0
2026-09-08 20:30:00+00:00,4401.60009765625,4402.89990234375,4400.89990234375,4402.7001953125,142.0
2026-09-08 20:35:00+00:00,4402.7998046875,4403.39990234375,4401.7001953125,4402.60009765625,135.0
2026-09-08 20:40:00+00:00,4402.39990234375,4403.10009765625,4401.60009765625,4402.5,93.0
2026-09-08 20:45:00+00:00,4402.7001953125,4402.7001953125,4381.0,4392.2998046875,904.0
2026-09-08 20:50:00+00:00,4392.5,4400.2001953125,4392.5,4398.0,833.0
2026-09-08 20:55:00+00:00,4398.2998046875,4401.0,4397.7001953125,4400.0,241.0
2026-09-08 22:00:00+00:00,4399.0,4403.0,4396.60009765625,4401.2998046875,0.0
2026-09-08 22:05:00+00:00,4401.2001953125,4401.89990234375,4396.89990234375,4398.0,206.0
2026-09-08 22:10:00+00:00,4398.10009765625,4401.10009765625,4397.60009765625,4399.7998046875,229.0
2026-09-08 22:15:00+00:00,4399.7001953125,4401.39990234375,4398.39990234375,4399.5,158.0
2026-09-08 22:20:00+00:00,4399.39990234375,4399.39990234375,4397.0,4397.7998046875,69.0
2026-09-08 22:25:00+00:00,4397.5,4399.2001953125,4396.7998046875,4398.2998046875,108.0
2026-09-08 22:30:00+00:00,4398.2998046875,4399.7001953125,4397.7998046875,4398.60009765625,111.0
2026-09-08 22:35:00+00:00,4398.10009765625,4399.39990234375,4396.0,4396.10009765625,114.0
2026-09-08 22:40:00+00:00,4396.2998046875,4397.60009765625,4393.7001953125,4395.2998046875,245.0
2026-09-08 22:45:00+00:00,4395.5,4396.0,4394.2001953125,4395.89990234375,152.0
2026-09-08 22:50:00+00:00,4395.89990234375,4397.0,4395.89990234375,4396.7998046875,80.0
2026-09-08 22:55:00+00:00,4396.7001953125,4397.7998046875,4395.89990234375,4397.39990234375,64.0
2026-09-08 23:00:00+00:00,4397.39990234375,4398.39990234375,4396.2001953125,4396.5,134.0
2026-09-08 23:05:00+00:00,4396.2001953125,4398.0,4396.0,4397.5,152.0
2026-09-08 23:10:00+00:00,4397.39990234375,4397.39990234375,4395.0,4395.60009765625,116.0
2026-09-08 23:15:00+00:00,4395.89990234375,4397.10009765625,4395.10009765625,4396.7001953125,152.0
2026-09-08 23:20:00+00:00,4396.2998046875,4397.89990234375,4396.10009765625,4397.7998046875,120.0
2026-09-08 23:25:00+00:00,4397.2001953125,4401.2998046875,4397.2001953125,4401.0,321.0
2026-09-08 23:30:00+00:00,4401.10009765625,4403.39990234375,4400.39990234375,4402.60009765625,229.0
2026-09-08 23:35:00+00:00,4401.89990234375,4402.39990234375,4400.2001953125,4400.5,97.0
2026-09-08 23:40:00+00:00,4400.60009765625,4402.7001953125,4400.39990234375,4402.5,100.0
2026-09-08 23:45:00+00:00,4401.7001953125,4402.0,4396.5,4397.2998046875,295.0
2026-09-08 23:50:00+00:00,4397.39990234375,4397.39990234375,4393.5,4393.89990234375,361.0
2026-09-08 23:55:00+00:00,4393.89990234375,4396.39990234375,4392.39990234375,4393.10009765625,222.0
2026-09-09 00:00:00+00:00,4393.2998046875,4396.60009765625,4390.0,4393.7001953125,525.0
2026-09-09 00:05:00+00:00,4393.5,4394.0,4388.0,4392.60009765625,646.0
2026-09-09 00:10:00+00:00,4392.60009765625,4396.2998046875,4390.7998046875,4393.5,294.0
2026-09-09 00:15:00+00:00,4393.60009765625,4393.7998046875,4388.10009765625,4391.60009765625,284.0
2026-09-09 00:20:00+00:00,4391.39990234375,4392.2001953125,4386.2998046875,4386.7998046875,239.0
2026-09-09 00:25:00+00:00,4386.5,4391.39990234375,4384.10009765625,4390.60009765625,486.0
2026-09-09 00:30:00+00:00,4390.2998046875,4391.39990234375,4389.39990234375,4390.5,230.0
2026-09-09 00:35:00+00:00,4390.39990234375,4393.10009765625,4387.5,4393.0,210.0
2026-09-09 00:40:00+00:00,4393.0,4398.5,4391.2001953125,4398.5,409.0
2026-09-09 00:45:00+00:00,4398.2998046875,4400.5,4396.60009765625,4399.5,520.0
2026-09-09 00:50:00+00:00,4399.7998046875,4404.89990234375,4398.7001953125,4403.7001953125,512.0
2026-09-09 00:55:00+00:00,4403.39990234375,4409.5,4402.7998046875,4408.7998046875,566.0
2026-09-09 01:00:00+00:00,4408.60009765625,4408.7998046875,4397.7998046875,4401.39990234375,983.0
2026-09-09 01:05:00+00:00,4401.39990234375,4411.2001953125,4401.39990234375,4411.2001953125,676.0
2026-09-09 01:10:00+00:00,4411.0,4412.7001953125,4409.2001953125,4412.2998046875,445.0
2026-09-09 01:15:00+00:00,4411.7001953125,4413.10009765625,4406.60009765625,4410.2001953125,832.0
2026-09-09 01:20:00+00:00,4410.10009765625,4413.60009765625,4408.89990234375,4413.39990234375,389.0
2026-09-09 01:25:00+00:00,4413.7001953125,4417.0,4412.10009765625,4415.7998046875,695.0
2026-09-09 01:30:00+00:00,4415.7998046875,4420.7998046875,4414.60009765625,4420.7998046875,762.0
2026-09-09 01:35:00+00:00,4420.7998046875,4421.7998046875,4417.89990234375,4418.7998046875,560.0
2026-09-09 01:40:00+00:00,4418.89990234375,4422.0,4418.39990234375,4420.2001953125,374.0
2026-09-09 01:45:00+00:00,4420.2998046875,4422.0,4417.10009765625,4418.89990234375,361.0
2026-09-09 01:50:00+00:00,4419.2001953125,4419.89990234375,4415.7001953125,4417.60009765625,320.0
2026-09-09 01:55:00+00:00,4417.89990234375,4419.89990234375,4414.60009765625,4417.7001953125,283.0
2026-09-09 02:00:00+00:00,4417.2998046875,4417.7001953125,4414.89990234375,4417.2001953125,145.0
2026-09-09 02:05:00+00:00,4416.7998046875,4419.89990234375,4414.39990234375,4418.7001953125,227.0
2026-09-09 02:10:00+00:00,4418.7998046875,4419.39990234375,4416.2001953125,4417.39990234375,101.0
2026-09-09 02:15:00+00:00,4417.60009765625,4420.89990234375,4417.10009765625,4418.39990234375,166.0
2026-09-09 02:20:00+00:00,4418.7001953125,4418.7998046875,4415.60009765625,4415.60009765625,116.0
2026-09-09 02:25:00+00:00,4415.2998046875,4417.0,4415.2998046875,4416.60009765625,68.0
2026-09-09 02:30:00+00:00,4416.60009765625,4417.60009765625,4413.0,4413.10009765625,269.0
2026-09-09 02:35:00+00:00,4413.0,4414.7001953125,4411.0,4411.7001953125,332.0
2026-09-09 02:40:00+00:00,4412.2001953125,4418.2998046875,4412.2001953125,4418.10009765625,179.0
2026-09-09 02:45:00+00:00,4417.7001953125,4422.39990234375,4416.7998046875,4420.7001953125,469.0
2026-09-09 02:50:00+00:00,4421.0,4428.39990234375,4420.10009765625,4424.2001953125,557.0
2026-09-09 02:55:00+00:00,4424.2998046875,4426.60009765625,4423.60009765625,4426.0,233.0
2026-09-09 03:00:00+00:00,4426.2001953125,4426.60009765625,4422.5,4423.2001953125,201.0
2026-09-09 03:05:00+00:00,4423.2998046875,4426.0,4421.7998046875,4422.39990234375,160.0
2026-09-09 03:10:00+00:00,4422.5,4424.2998046875,4422.2998046875,4423.0,156.0
2026-09-09 03:15:00+00:00,4422.5,4422.5,4419.2001953125,4420.89990234375,221.0
2026-09-09 03:20:00+00:00,4421.2998046875,4422.89990234375,4421.10009765625,4422.7998046875,99.0
2026-09-09 03:25:00+00:00,4422.60009765625,4423.0,4419.2998046875,4422.10009765625,155.0
2026-09-09 03:30:00+00:00,4421.89990234375,4422.2001953125,4419.2001953125,4420.5,91.0
2026-09-09 03:35:00+00:00,4420.2001953125,4421.89990234375,4420.0,4421.7998046875,50.0
2026-09-09 03:40:00+00:00,4422.0,4423.89990234375,4421.2998046875,4422.7998046875,93.0
2026-09-09 03:45:00+00:00,4422.2998046875,4422.7001953125,4420.89990234375,4421.7001953125,54.0
2026-09-09 03:50:00+00:00,4421.89990234375,4422.7998046875,4419.7998046875,4421.10009765625,219.0
2026-09-09 03:55:00+00:00,4420.7001953125,4421.2001953125,4420.2001953125,4420.39990234375,47.0
2026-09-09 04:00:00+00:00,4418.7001953125,4419.7001953125,4418.2001953125,4418.2998046875,110.0
2026-09-09 04:05:00+00:00,4418.2998046875,4418.2998046875,4415.39990234375,4416.10009765625,250.0
2026-09-09 04:10:00+00:00,4415.7001953125,4417.2001953125,4414.2001953125,4417.0,132.0
2026-09-09 04:15:00+00:00,4416.89990234375,4418.0,4416.0,4417.2998046875,114.0
2026-09-09 04:20:00+00:00,4417.2998046875,4421.0,4416.39990234375,4420.7998046875,186.0
2026-09-09 04:25:00+00:00,4420.7998046875,4424.2998046875,4420.5,4423.7001953125,353.0
2026-09-09 04:30:00+00:00,4423.5,4423.7001953125,4421.7001953125,4422.5,271.0
2026-09-09 04:35:00+00:00,4422.2998046875,4423.7001953125,4421.60009765625,4422.10009765625,138.0
2026-09-09 04:40:00+00:00,4421.89990234375,4422.2998046875,4419.89990234375,4421.7998046875,98.0
2026-09-09 04:45:00+00:00,4421.89990234375,4423.7998046875,4421.89990234375,4422.7001953125,127.0
2026-09-09 04:50:00+00:00,4422.7998046875,4425.2998046875,4421.2998046875,4424.7998046875,121.0
2026-09-09 04:55:00+00:00,4424.7998046875,4426.2001953125,4423.89990234375,4425.2998046875,258.0
2026-09-09 05:00:00+00:00,4425.39990234375,4427.7998046875,4423.89990234375,4425.2001953125,583.0
2026-09-09 05:05:00+00:00,4425.39990234375,4428.7998046875,4425.2001953125,4428.2001953125,614.0
2026-09-09 05:10:00+00:00,4428.39990234375,4431.2998046875,4427.89990234375,4431.10009765625,705.0
2026-09-09 05:15:00+00:00,4431.2001953125,4432.2998046875,4430.2998046875,4431.7998046875,488.0
2026-09-09 05:20:00+00:00,4431.5,4431.89990234375,4426.7001953125,4430.10009765625,472.0
2026-09-09 05:25:00+00:00,4430.2001953125,4431.89990234375,4428.7001953125,4428.7998046875,387.0
2026-09-09 05:30:00+00:00,4428.7001953125,4432.7001953125,4428.0,4431.5,619.0
2026-09-09 05:35:00+00:00,4430.7998046875,4436.2001953125,4429.7001953125,4435.89990234375,495.0
2026-09-09 05:40:00+00:00,4435.7001953125,4439.0,4435.10009765625,4439.0,580.0
2026-09-09 05:45:00+00:00,4438.89990234375,4440.7001953125,4435.7998046875,4439.2001953125,436.0
2026-09-09 05:50:00+00:00,4439.2998046875,4444.0,4439.2998046875,4443.2998046875,774.0
2026-09-09 05:55:00+00:00,4443.39990234375,4444.60009765625,4442.0,4442.2998046875,1117.0
2026-09-09 06:00:00+00:00,4442.39990234375,4447.7998046875,4441.7001953125,4446.39990234375,1108.0
2026-09-09 06:05:00+00:00,4446.60009765625,4448.7998046875,4443.2001953125,4443.89990234375,538.0
2026-09-09 06:10:00+00:00,4443.7001953125,4445.60009765625,4442.0,4445.0,329.0
2026-09-09 06:15:00+00:00,4444.60009765625,4446.7001953125,4443.10009765625,4443.2998046875,498.0
2026-09-09 06:20:00+00:00,4443.10009765625,4444.0,4440.5,4442.2998046875,497.0
2026-09-09 06:25:00+00:00,4442.2998046875,4442.89990234375,4438.60009765625,4441.60009765625,688.0
2026-09-09 06:30:00+00:00,4441.7001953125,4447.0,4440.5,4446.60009765625,1183.0
2026-09-09 06:35:00+00:00,4446.7001953125,4449.89990234375,4445.5,4448.7001953125,711.0
2026-09-09 06:40:00+00:00,4448.7998046875,4448.7998046875,4443.2001953125,4444.10009765625,357.0
2026-09-09 06:45:00+00:00,4444.10009765625,4445.0,4442.39990234375,4444.89990234375,236.0
2026-09-09 06:50:00+00:00,4445.0,4445.39990234375,4443.5,4444.39990234375,293.0
2026-09-09 06:55:00+00:00,4444.2998046875,4445.2001953125,4443.2998046875,4444.7001953125,181.0
2026-09-09 07:00:00+00:00,4444.39990234375,4446.2998046875,4443.0,4445.39990234375,251.0
2026-09-09 07:05:00+00:00,4445.2001953125,4448.10009765625,4445.2001953125,4447.2998046875,223.0
2026-09-09 07:10:00+00:00,4447.60009765625,4451.7001953125,4447.0,4450.10009765625,853.0
2026-09-09 07:15:00+00:00,4450.10009765625,4450.5,4446.5,4447.5,447.0
2026-09-09 07:20:00+00:00,4447.39990234375,4451.5,4447.39990234375,4448.89990234375,326.0
2026-09-09 07:25:00+00:00,4448.7001953125,4452.60009765625,4448.5,4451.39990234375,406.0
2026-09-09 07:30:00+00:00,4451.5,4452.39990234375,4449.89990234375,4450.89990234375,279.0
2026-09-09 07:35:00+00:00,4451.10009765625,4453.7998046875,4450.39990234375,4453.7001953125,308.0
2026-09-09 07:40:00+00:00,4453.60009765625,4454.2001953125,4451.7998046875,4454.0,395.0
2026-09-09 07:45:00+00:00,4454.0,4456.2998046875,4453.10009765625,4455.2001953125,785.0
2026-09-09 07:50:00+00:00,4455.10009765625,4455.10009765625,4451.89990234375,4452.10009765625,1435.0
2026-09-09 07:55:00+00:00,4452.7001953125,4453.7001953125,4452.2998046875,4452.89990234375,281.0
2026-09-09 08:00:00+00:00,4452.7998046875,4453.2001953125,4450.39990234375,4452.0,540.0
2026-09-09 08:05:00+00:00,4451.89990234375,4455.39990234375,4450.2998046875,4450.2998046875,737.0
2026-09-09 08:10:00+00:00,4450.7001953125,4450.89990234375,4447.39990234375,4447.5,767.0
2026-09-09 08:15:00+00:00,4447.5,4448.5,4445.7998046875,4447.60009765625,376.0
2026-09-09 08:20:00+00:00,4447.2998046875,4447.2998046875,4444.60009765625,4444.89990234375,381.0
2026-09-09 08:25:00+00:00,4445.0,4446.10009765625,4442.60009765625,4443.7001953125,538.0
2026-09-09 08:30:00+00:00,4443.60009765625,4447.60009765625,4443.60009765625,4446.0,312.0
2026-09-09 08:35:00+00:00,4445.7998046875,4446.39990234375,4443.60009765625,4443.60009765625,122.0
2026-09-09 08:40:00+00:00,4443.60009765625,4446.2998046875,4442.89990234375,4443.89990234375,322.0
2026-09-09 08:45:00+00:00,4443.7998046875,4446.10009765625,4442.7998046875,4444.2998046875,186.0
2026-09-09 08:50:00+00:00,4444.2001953125,4446.2001953125,4443.7001953125,4446.2001953125,451.0
2026-09-09 08:55:00+00:00,4446.10009765625,4447.39990234375,4444.39990234375,4444.60009765625,138.0
2026-09-09 09:00:00+00:00,4444.7998046875,4446.2998046875,4444.2001953125,4445.0,206.0
2026-09-09 09:05:00+00:00,4445.10009765625,4446.2001953125,4443.5,4445.7998046875,281.0
2026-09-09 09:10:00+00:00,4445.7998046875,4445.7998046875,4442.10009765625,4442.5,196.0
2026-09-09 09:15:00+00:00,4442.5,4444.2998046875,4441.5,4443.89990234375,351.0
2026-09-09 09:20:00+00:00,4444.0,4444.2998046875,4441.39990234375,4441.89990234375,341.0
2026-09-09 09:25:00+00:00,4442.10009765625,4443.10009765625,4440.60009765625,4442.5,324.0
2026-09-09 09:30:00+00:00,4442.5,4443.0,4439.60009765625,4442.10009765625,796.0
2026-09-09 09:35:00+00:00,4442.2998046875,4442.89990234375,4441.5,4442.0,180.0
2026-09-09 09:40:00+00:00,4442.2998046875,4442.7001953125,4439.5,4440.60009765625,171.0
2026-09-09 09:45:00+00:00,4440.39990234375,4440.39990234375,4438.2998046875,4439.2998046875,480.0
2026-09-09 09:50:00+00:00,4439.2001953125,4439.2001953125,4435.0,4435.2998046875,620.0
2026-09-09 09:55:00+00:00,4435.2001953125,4435.2998046875,4432.5,4434.60009765625,555.0
2026-09-09 10:00:00+00:00,4434.5,4435.7001953125,4430.0,4433.7998046875,739.0
2026-09-09 10:05:00+00:00,4434.2001953125,4437.10009765625,4434.2001953125,4436.10009765625,250.0
2026-09-09 10:10:00+00:00,4436.2998046875,4437.2001953125,4433.5,4434.7998046875,529.0
2026-09-09 10:15:00+00:00,4434.7001953125,4438.2998046875,4432.7001953125,4438.0,466.0
2026-09-09 10:20:00+00:00,4437.89990234375,4439.7001953125,4437.39990234375,4438.2998046875,263.0
2026-09-09 10:25:00+00:00,4438.10009765625,4439.10009765625,4436.7998046875,4438.2001953125,239.0
2026-09-09 10:30:00+00:00,4438.10009765625,4440.5,4437.0,4439.7001953125,325.0
2026-09-09 10:35:00+00:00,4439.60009765625,4442.5,4439.5,4441.7998046875,316.0
2026-09-09 10:40:00+00:00,4441.7998046875,4442.39990234375,4437.7001953125,4438.2001953125,235.0
2026-09-09 10:45:00+00:00,4438.39990234375,4443.60009765625,4438.10009765625,4442.2998046875,435.0
2026-09-09 10:50:00+00:00,4442.2001953125,4446.0,4441.7001953125,4445.5,699.0
2026-09-09 10:55:00+00:00,4445.60009765625,4447.0,4442.89990234375,4442.89990234375,582.0
2026-09-09 11:00:00+00:00,4443.2998046875,4447.0,4443.2001953125,4447.0,315.0
2026-09-09 11:05:00+00:00,4447.2001953125,4447.7998046875,4445.60009765625,4447.60009765625,263.0
2026-09-09 11:10:00+00:00,4447.60009765625,4448.10009765625,4446.2001953125,4447.0,238.0
2026-09-09 11:15:00+00:00,4447.2998046875,4448.39990234375,4445.0,4447.7001953125,425.0
2026-09-09 11:20:00+00:00,4447.7001953125,4450.2001953125,4446.0,4450.0,352.0
2026-09-09 11:25:00+00:00,4450.10009765625,4453.2001953125,4449.7001953125,4452.0,632.0
2026-09-09 11:30:00+00:00,4452.2998046875,4452.39990234375,4448.2998046875,4448.5,462.0
2026-09-09 11:35:00+00:00,4448.5,4449.5,4447.39990234375,4448.89990234375,568.0
2026-09-09 11:40:00+00:00,4449.0,4451.2001953125,4448.89990234375,4449.60009765625,406.0
2026-09-09 11:45:00+00:00,4450.0,4459.39990234375,4447.7001953125,4458.39990234375,1409.0
2026-09-09 11:50:00+00:00,4458.39990234375,4459.89990234375,4451.2998046875,4451.5,1184.0
2026-09-09 11:55:00+00:00,4451.5,4452.89990234375,4450.2001953125,4451.60009765625,358.0
2026-09-09 12:00:00+00:00,4451.5,4453.60009765625,4447.60009765625,4448.60009765625,495.0
2026-09-09 12:05:00+00:00,4449.0,4450.0,4445.0,4447.60009765625,548.0
2026-09-09 12:10:00+00:00,4447.7001953125,4449.0,4443.2998046875,4443.60009765625,439.0
2026-09-09 12:15:00+00:00,4443.7001953125,4444.60009765625,4440.2998046875,4440.7998046875,641.0
2026-09-09 12:20:00+00:00,4440.7998046875,4444.7001953125,4439.10009765625,4441.0,924.0
2026-09-09 12:25:00+00:00,4441.2001953125,4441.39990234375,4438.10009765625,4438.5,691.0
2026-09-09 12:30:00+00:00,4438.0,4441.89990234375,4436.2001953125,4440.60009765625,926.0
2026-09-09 12:35:00+00:00,4440.5,4442.0,4435.2001953125,4435.39990234375,685.0
2026-09-09 12:40:00+00:00,4435.60009765625,4439.89990234375,4435.2001953125,4439.10009765625,785.0
2026-09-09 12:45:00+00:00,4439.5,4444.0,4439.5,4441.5,663.0
2026-09-09 12:50:00+00:00,4441.5,4443.7001953125,4440.39990234375,4443.10009765625,276.0
2026-09-09 12:55:00+00:00,4443.10009765625,4447.0,4442.60009765625,4444.39990234375,737.0
2026-09-09 13:00:00+00:00,4444.2001953125,4452.7001953125,4442.7998046875,4451.39990234375,1320.0
2026-09-09 13:05:00+00:00,4451.39990234375,4454.89990234375,4451.2998046875,4454.2001953125,746.0
2026-09-09 13:10:00+00:00,4454.2998046875,4458.0,4454.0,4457.7998046875,968.0
2026-09-09 13:15:00+00:00,4457.7998046875,4462.60009765625,4455.10009765625,4461.5,1318.0
2026-09-09 13:20:00+00:00,4461.60009765625,4472.7001953125,4458.89990234375,4472.0,2192.0
2026-09-09 13:25:00+00:00,4472.2001953125,4475.10009765625,4469.7998046875,4474.2998046875,2326.0
2026-09-09 13:30:00+00:00,4474.10009765625,4479.0,4472.60009765625,4475.5,2527.0
2026-09-09 13:35:00+00:00,4475.10009765625,4475.2998046875,4464.2998046875,4465.7998046875,1997.0
2026-09-09 13:40:00+00:00,4466.0,4466.5,4456.7001953125,4461.39990234375,1935.0
2026-09-09 13:45:00+00:00,4461.60009765625,4465.7998046875,4460.2998046875,4465.7001953125,1139.0
2026-09-09 13:50:00+00:00,4465.60009765625,4468.2001953125,4459.39990234375,4460.7001953125,1010.0
2026-09-09 13:55:00+00:00,4460.89990234375,4461.2998046875,4454.7001953125,4459.2998046875,1632.0
2026-09-09 14:00:00+00:00,4459.2001953125,4468.89990234375,4458.60009765625,4468.10009765625,2077.0
2026-09-09 14:05:00+00:00,4467.7998046875,4473.0,4465.2001953125,4466.39990234375,1040.0
2026-09-09 14:10:00+00:00,4466.39990234375,4467.89990234375,4462.0,4467.5,772.0
2026-09-09 14:15:00+00:00,4467.7001953125,4467.7001953125,4457.89990234375,4461.0,1213.0
2026-09-09 14:20:00+00:00,4461.10009765625,4461.2998046875,4453.60009765625,4454.2001953125,1021.0
2026-09-09 14:25:00+00:00,4454.39990234375,4470.2001953125,4453.89990234375,4470.0,1588.0
2026-09-09 14:30:00+00:00,4470.2001953125,4470.2001953125,4464.7001953125,4467.2001953125,1103.0
2026-09-09 14:35:00+00:00,4467.2001953125,4471.39990234375,4466.89990234375,4470.7001953125,945.0
2026-09-09 14:40:00+00:00,4470.10009765625,4471.10009765625,4463.0,4463.2001953125,716.0
2026-09-09 14:45:00+00:00,4463.39990234375,4466.7001953125,4462.39990234375,4465.60009765625,463.0
2026-09-09 14:50:00+00:00,4464.89990234375,4468.10009765625,4463.5,4463.60009765625,871.0
2026-09-09 14:55:00+00:00,4464.0,4464.7001953125,4459.2001953125,4463.2001953125,953.0
2026-09-09 15:00:00+00:00,4463.39990234375,4477.0,4439.2001953125,4439.5,9644.0
2026-09-09 15:05:00+00:00,4439.60009765625,4443.2001953125,4424.60009765625,4436.0,4930.0
2026-09-09 15:10:00+00:00,4435.39990234375,4436.89990234375,4426.10009765625,4434.7998046875,3324.0
2026-09-09 15:15:00+00:00,4434.5,4438.0,4423.89990234375,4429.10009765625,2203.0
2026-09-09 15:20:00+00:00,4429.2001953125,4432.89990234375,4419.2998046875,4427.7998046875,2743.0
2026-09-09 15:25:00+00:00,4427.60009765625,4439.89990234375,4427.2001953125,4438.7001953125,1997.0
2026-09-09 15:30:00+00:00,4439.10009765625,4445.7998046875,4436.7998046875,4445.39990234375,1513.0
2026-09-09 15:35:00+00:00,4445.10009765625,4451.89990234375,4442.10009765625,4450.5,2735.0
2026-09-09 15:40:00+00:00,4450.7998046875,4451.60009765625,4443.5,4447.5,690.0
2026-09-09 15:45:00+00:00,4447.5,4449.0,4443.2001953125,4446.60009765625,457.0
2026-09-09 15:50:00+00:00,4446.5,4451.5,4443.7001953125,4445.7001953125,716.0
2026-09-09 15:55:00+00:00,4445.39990234375,4445.39990234375,4442.2998046875,4442.7001953125,517.0
2026-09-09 16:00:00+00:00,4442.89990234375,4447.2998046875,4441.10009765625,4447.2001953125,589.0
2026-09-09 16:05:00+00:00,4446.7998046875,4446.7998046875,4439.2001953125,4440.2998046875,950.0
2026-09-09 16:10:00+00:00,4440.2001953125,4443.2001953125,4439.5,4442.39990234375,403.0
2026-09-09 16:15:00+00:00,4442.60009765625,4443.0,4435.7998046875,4437.7001953125,1018.0
2026-09-09 16:20:00+00:00,4438.0,4443.0,4437.7998046875,4443.0,330.0
2026-09-09 16:25:00+00:00,4443.10009765625,4447.0,4443.10009765625,4446.2001953125,697.0
2026-09-09 16:30:00+00:00,4446.0,4448.2998046875,4443.2998046875,4447.10009765625,485.0
2026-09-09 16:35:00+00:00,4447.2001953125,4449.0,4443.7998046875,4448.7998046875,416.0
2026-09-09 16:40:00+00:00,4448.7998046875,4453.10009765625,4448.10009765625,4452.2998046875,894.0
2026-09-09 16:45:00+00:00,4452.2998046875,4454.10009765625,4450.7998046875,4452.10009765625,568.0
2026-09-09 16:50:00+00:00,4452.10009765625,4452.60009765625,4450.39990234375,4452.0,219.0
2026-09-09 16:55:00+00:00,4452.10009765625,4455.39990234375,4451.2001953125,4454.39990234375,606.0
2026-09-09 17:00:00+00:00,4454.5,4459.10009765625,4453.7998046875,4458.0,1110.0
2026-09-09 17:05:00+00:00,4457.89990234375,4465.2998046875,4457.5,4463.7998046875,1390.0
2026-09-09 17:10:00+00:00,4463.2001953125,4464.2998046875,4460.39990234375,4461.60009765625,740.0
2026-09-09 17:15:00+00:00,4461.7998046875,4463.5,4460.10009765625,4461.2998046875,588.0
2026-09-09 17:20:00+00:00,4461.39990234375,4463.5,4460.7998046875,4463.10009765625,411.0
2026-09-09 17:25:00+00:00,4463.2998046875,4465.60009765625,4459.5,4459.7998046875,1350.0
2026-09-09 17:30:00+00:00,4460.0,4460.2001953125,4456.7998046875,4457.7001953125,849.0
2026-09-09 17:35:00+00:00,4457.7998046875,4459.5,4457.10009765625,4458.10009765625,242.0
2026-09-09 17:40:00+00:00,4458.5,4462.2001953125,4458.5,4458.5,543.0
2026-09-09 17:45:00+00:00,4458.7001953125,4460.2001953125,4458.39990234375,4458.7998046875,186.0
2026-09-09 17:50:00+00:00,4459.0,4461.5,4458.7001953125,4460.2998046875,352.0
2026-09-09 17:55:00+00:00,4460.5,4462.10009765625,4460.2998046875,4461.2001953125,268.0
2026-09-09 18:00:00+00:00,4461.39990234375,4464.10009765625,4461.10009765625,4463.7001953125,498.0
2026-09-09 18:05:00+00:00,4463.60009765625,4464.2998046875,4461.10009765625,4463.39990234375,390.0
2026-09-09 18:10:00+00:00,4463.5,4466.7001953125,4462.89990234375,4465.60009765625,514.0
2026-09-09 18:15:00+00:00,4465.7001953125,4465.89990234375,4463.2001953125,4464.39990234375,524.0
2026-09-09 18:20:00+00:00,4464.2001953125,4464.7998046875,4462.2998046875,4462.39990234375,271.0
2026-09-09 18:25:00+00:00,4462.89990234375,4463.10009765625,4461.89990234375,4463.10009765625,394.0
2026-09-09 18:30:00+00:00,4463.2998046875,4463.5,4458.7001953125,4460.2998046875,823.0
2026-09-09 18:35:00+00:00,4460.10009765625,4460.89990234375,4458.7001953125,4460.10009765625,628.0
2026-09-09 18:40:00+00:00,4460.2998046875,4461.7998046875,4454.7001953125,4455.10009765625,427.0
2026-09-09 18:45:00+00:00,4455.10009765625,4455.2998046875,4451.5,4451.7998046875,299.0
2026-09-09 18:50:00+00:00,4451.7998046875,4453.0,4450.39990234375,4450.5,333.0
2026-09-09 18:55:00+00:00,4451.2001953125,4452.2001953125,4446.5,4448.2001953125,704.0
2026-09-09 19:00:00+00:00,4448.2001953125,4449.2998046875,4442.0,4443.89990234375,652.0
2026-09-09 19:05:00+00:00,4443.5,4445.60009765625,4442.5,4444.7998046875,359.0
2026-09-09 19:10:00+00:00,4444.7998046875,4446.2001953125,4442.7001953125,4445.7998046875,378.0
2026-09-09 19:15:00+00:00,4446.0,4447.7001953125,4444.10009765625,4447.5,473.0
2026-09-09 19:20:00+00:00,4447.2998046875,4450.39990234375,4447.2001953125,4450.2001953125,314.0
2026-09-09 19:25:00+00:00,4449.89990234375,4450.2001953125,4445.10009765625,4445.10009765625,236.0
2026-09-09 19:30:00+00:00,4445.10009765625,4446.5,4444.0,4444.39990234375,184.0
2026-09-09 19:35:00+00:00,4444.5,4444.7001953125,4441.10009765625,4442.89990234375,262.0
2026-09-09 19:40:00+00:00,4442.7998046875,4445.5,4441.89990234375,4445.2001953125,370.0
2026-09-09 19:45:00+00:00,4445.39990234375,4446.89990234375,4445.0,4445.60009765625,335.0
2026-09-09 19:50:00+00:00,4445.5,4446.2001953125,4441.60009765625,4444.10009765625,300.0
2026-09-09 19:55:00+00:00,4444.0,4445.39990234375,4443.2001953125,4444.39990234375,320.0
2026-09-09 20:00:00+00:00,4444.2001953125,4444.60009765625,4441.60009765625,4442.2998046875,265.0
2026-09-09 20:05:00+00:00,4442.0,4442.5,4441.7998046875,4442.39990234375,54.0
2026-09-09 20:10:00+00:00,4442.39990234375,4443.7001953125,4442.2998046875,4442.60009765625,96.0
2026-09-09 20:15:00+00:00,4442.5,4442.7001953125,4439.60009765625,4439.7001953125,384.0
2026-09-09 20:20:00+00:00,4439.60009765625,4440.39990234375,4438.89990234375,4440.2001953125,124.0
2026-09-09 20:25:00+00:00,4440.60009765625,4441.60009765625,4439.2001953125,4440.39990234375,68.0
2026-09-09 20:30:00+00:00,4440.2998046875,4443.10009765625,4440.2001953125,4442.89990234375,71.0
2026-09-09 20:35:00+00:00,4442.60009765625,4446.39990234375,4442.60009765625,4445.0,252.0
2026-09-09 20:40:00+00:00,4444.89990234375,4445.7998046875,4444.39990234375,4445.60009765625,151.0
2026-09-09 20:45:00+00:00,4445.7001953125,4446.60009765625,4445.0,4445.60009765625,154.0
2026-09-09 20:50:00+00:00,4445.7001953125,4446.10009765625,4445.10009765625,4445.89990234375,77.0
2026-09-09 20:55:00+00:00,4446.0,4448.10009765625,4445.2998046875,4447.2001953125,160.0
2026-09-09 22:00:00+00:00,4448.0,4450.2998046875,4447.10009765625,4449.2001953125,0.0
2026-09-09 22:05:00+00:00,4448.89990234375,4449.2998046875,4447.10009765625,4449.10009765625,71.0
2026-09-09 22:10:00+00:00,4448.5,4450.39990234375,4446.60009765625,4446.7998046875,319.0
2026-09-09 22:15:00+00:00,4447.10009765625,4448.5,4446.2001953125,4447.2001953125,82.0
2026-09-09 22:20:00+00:00,4447.10009765625,4447.2998046875,4445.2001953125,4446.0,80.0
2026-09-09 22:25:00+00:00,4445.7998046875,4447.2998046875,4444.39990234375,4446.7001953125,309.0
2026-09-09 22:30:00+00:00,4446.7001953125,4448.2998046875,4445.60009765625,4446.7998046875,406.0
2026-09-09 22:35:00+00:00,4447.0,4447.60009765625,4444.10009765625,4444.7998046875,255.0
2026-09-09 22:40:00+00:00,4444.7998046875,4447.39990234375,4444.39990234375,4445.89990234375,228.0
2026-09-09 22:45:00+00:00,4446.2001953125,4446.2001953125,4442.2001953125,4444.2001953125,587.0
2026-09-09 22:50:00+00:00,4444.2001953125,4444.7001953125,4442.7998046875,4443.0,87.0
2026-09-09 22:55:00+00:00,4443.10009765625,4445.5,4442.0,4443.89990234375,274.0
2026-09-09 23:00:00+00:00,4444.0,4447.5,4443.7001953125,4447.2998046875,494.0
2026-09-09 23:05:00+00:00,4447.10009765625,4447.10009765625,4442.2001953125,4444.0,512.0
2026-09-09 23:10:00+00:00,4444.2998046875,4446.5,4443.7001953125,4444.7998046875,380.0
2026-09-09 23:15:00+00:00,4444.2998046875,4446.2998046875,4442.0,4444.10009765625,394.0
2026-09-09 23:20:00+00:00,4443.7998046875,4445.7001953125,4440.7001953125,4441.2998046875,231.0
2026-09-09 23:25:00+00:00,4441.2001953125,4444.10009765625,4439.60009765625,4441.2001953125,702.0
2026-09-09 23:30:00+00:00,4441.2001953125,4443.0,4437.60009765625,4437.7998046875,475.0
2026-09-09 23:35:00+00:00,4438.2001953125,4438.7001953125,4437.0,4437.89990234375,116.0
2026-09-09 23:40:00+00:00,4437.7001953125,4438.10009765625,4437.0,4437.89990234375,27.0
2026-09-09 23:45:00+00:00,4438.2001953125,4438.89990234375,4437.0,4437.7998046875,231.0
2026-09-09 23:50:00+00:00,4437.10009765625,4438.60009765625,4437.10009765625,4437.7998046875,92.0
2026-09-09 23:55:00+00:00,4437.7998046875,4438.2998046875,4436.7001953125,4437.5,70.0
2026-09-10 00:00:00+00:00,4437.7001953125,4437.89990234375,4433.2001953125,4435.7001953125,391.0
2026-09-10 00:05:00+00:00,4435.7001953125,4438.2001953125,4433.7998046875,4437.39990234375,226.0
2026-09-10 00:10:00+00:00,4437.39990234375,4440.89990234375,4436.7998046875,4438.60009765625,222.0
2026-09-10 00:15:00+00:00,4438.5,4442.2998046875,4438.39990234375,4439.89990234375,171.0
2026-09-10 00:20:00+00:00,4440.7998046875,4441.60009765625,4439.10009765625,4440.0,81.0
2026-09-10 00:25:00+00:00,4439.5,4440.89990234375,4436.0,4436.60009765625,259.0
2026-09-10 00:30:00+00:00,4436.2998046875,4438.5,4434.89990234375,4438.2001953125,195.0
2026-09-10 00:35:00+00:00,4438.60009765625,4442.2001953125,4438.39990234375,4442.0,253.0
2026-09-10 00:40:00+00:00,4442.10009765625,4445.0,4439.89990234375,4444.60009765625,339.0
2026-09-10 00:45:00+00:00,4444.0,4444.60009765625,4441.2998046875,4443.39990234375,270.0
2026-09-10 00:50:00+00:00,4443.60009765625,4448.39990234375,4441.5,4446.2001953125,311.0
2026-09-10 00:55:00+00:00,4446.2001953125,4447.0,4443.89990234375,4444.5,273.0
2026-09-10 01:00:00+00:00,4444.2998046875,4456.60009765625,4443.5,4453.2001953125,953.0
2026-09-10 01:05:00+00:00,4453.10009765625,4462.2001953125,4450.7001953125,4461.10009765625,533.0
2026-09-10 01:10:00+00:00,4461.5,4462.5,4455.0,4456.2001953125,479.0
2026-09-10 01:15:00+00:00,4456.0,4459.7998046875,4455.0,4458.60009765625,555.0
2026-09-10 01:20:00+00:00,4458.39990234375,4458.60009765625,4453.5,4455.7001953125,315.0
2026-09-10 01:25:00+00:00,4455.7001953125,4459.7998046875,4453.5,4453.5,306.0
2026-09-10 01:30:00+00:00,4453.7001953125,4454.10009765625,4448.5,4451.0,386.0
2026-09-10 01:35:00+00:00,4451.10009765625,4453.7998046875,4449.7001953125,4450.2001953125,280.0
2026-09-10 01:40:00+00:00,4451.2998046875,4453.7998046875,4450.89990234375,4453.10009765625,117.0
2026-09-10 01:45:00+00:00,4453.0,4457.7001953125,4452.7998046875,4456.39990234375,288.0
2026-09-10 01:50:00+00:00,4456.2001953125,4457.2998046875,4451.60009765625,4452.2001953125,380.0
2026-09-10 01:55:00+00:00,4452.2001953125,4456.39990234375,4451.10009765625,4455.2001953125,171.0
2026-09-10 02:00:00+00:00,4455.2001953125,4461.2998046875,4454.89990234375,4458.2001953125,629.0
2026-09-10 02:05:00+00:00,4458.2998046875,4462.2001953125,4457.5,4459.89990234375,471.0
2026-09-10 02:10:00+00:00,4460.2998046875,4460.7998046875,4455.39990234375,4457.7001953125,439.0
2026-09-10 02:15:00+00:00,4457.39990234375,4457.89990234375,4451.2998046875,4452.7001953125,462.0
2026-09-10 02:20:00+00:00,4452.7998046875,4456.7998046875,4452.0,4455.7998046875,417.0
2026-09-10 02:25:00+00:00,4456.2001953125,4460.89990234375,4455.5,4460.2998046875,373.0
2026-09-10 02:30:00+00:00,4460.5,4461.10009765625,4454.2998046875,4459.5,524.0
2026-09-10 02:35:00+00:00,4459.0,4463.7998046875,4457.60009765625,4461.7001953125,553.0
2026-09-10 02:40:00+00:00,4461.89990234375,4464.39990234375,4460.5,4461.39990234375,341.0
2026-09-10 02:45:00+00:00,4461.2998046875,4462.7001953125,4460.0,4461.0,138.0
2026-09-10 02:50:00+00:00,4461.2998046875,4464.2001953125,4459.60009765625,4464.2001953125,178.0
2026-09-10 02:55:00+00:00,4463.89990234375,4463.89990234375,4460.60009765625,4462.7001953125,115.0
2026-09-10 03:00:00+00:00,4462.7001953125,4464.5,4458.89990234375,4460.60009765625,377.0
2026-09-10 03:05:00+00:00,4460.60009765625,4460.60009765625,4454.7998046875,4456.60009765625,417.0
2026-09-10 03:10:00+00:00,4456.7001953125,4459.89990234375,4455.7998046875,4455.7998046875,190.0
2026-09-10 03:15:00+00:00,4456.10009765625,4458.10009765625,4455.39990234375,4457.89990234375,163.0
2026-09-10 03:20:00+00:00,4458.0,4458.10009765625,4454.7001953125,4455.5,120.0
2026-09-10 03:25:00+00:00,4455.60009765625,4455.60009765625,4452.5,4453.2998046875,161.0
2026-09-10 03:30:00+00:00,4453.10009765625,4455.7001953125,4452.7001953125,4454.5,95.0
2026-09-10 03:35:00+00:00,4454.10009765625,4454.10009765625,4451.10009765625,4451.7998046875,100.0
2026-09-10 03:40:00+00:00,4451.5,4451.60009765625,4450.10009765625,4450.7998046875,113.0
2026-09-10 03:45:00+00:00,4451.0,4453.2001953125,4451.0,4452.2998046875,200.0
2026-09-10 03:50:00+00:00,4451.89990234375,4451.89990234375,4449.89990234375,4451.2001953125,70.0
2026-09-10 03:55:00+00:00,4451.2998046875,4452.5,4450.89990234375,4451.89990234375,82.0
2026-09-10 04:00:00+00:00,4452.39990234375,4455.89990234375,4452.10009765625,4455.7998046875,172.0
2026-09-10 04:05:00+00:00,4455.7998046875,4457.2001953125,4454.89990234375,4455.89990234375,150.0
2026-09-10 04:10:00+00:00,4456.10009765625,4458.39990234375,4455.7998046875,4456.89990234375,152.0
2026-09-10 04:15:00+00:00,4456.89990234375,4458.2001953125,4456.89990234375,4457.2001953125,95.0
2026-09-10 04:20:00+00:00,4457.7998046875,4458.39990234375,4456.2998046875,4456.60009765625,104.0
2026-09-10 04:25:00+00:00,4456.5,4457.89990234375,4453.89990234375,4454.60009765625,185.0
2026-09-10 04:30:00+00:00,4455.2998046875,4456.7001953125,4453.7001953125,4454.10009765625,154.0
2026-09-10 04:35:00+00:00,4454.0,4454.60009765625,4450.7001953125,4451.2001953125,140.0
2026-09-10 04:40:00+00:00,4451.0,4451.7998046875,4448.39990234375,4449.2001953125,192.0
2026-09-10 04:45:00+00:00,4449.60009765625,4452.2998046875,4449.0,4452.2998046875,115.0
2026-09-10 04:50:00+00:00,4452.5,4454.60009765625,4450.0,4450.10009765625,149.0
2026-09-10 04:55:00+00:00,4449.89990234375,4451.60009765625,4449.60009765625,4451.39990234375,73.0
2026-09-10 05:00:00+00:00,4451.2001953125,4454.7001953125,4451.10009765625,4452.10009765625,151.0
2026-09-10 05:05:00+00:00,4451.7998046875,4457.7001953125,4451.5,4457.39990234375,290.0
2026-09-10 05:10:00+00:00,4457.7998046875,4461.60009765625,4457.60009765625,4461.60009765625,295.0
2026-09-10 05:15:00+00:00,4461.7998046875,4463.10009765625,4459.7001953125,4461.60009765625,306.0
2026-09-10 05:20:00+00:00,4461.5,4463.10009765625,4460.7998046875,4461.89990234375,117.0
2026-09-10 05:25:00+00:00,4462.0,4463.7998046875,4460.10009765625,4463.60009765625,163.0
2026-09-10 05:30:00+00:00,4463.89990234375,4470.7001953125,4460.5,4469.0,1246.0
2026-09-10 05:35:00+00:00,4469.10009765625,4470.89990234375,4465.0,4466.2998046875,362.0
2026-09-10 05:40:00+00:00,4466.39990234375,4472.89990234375,4466.2001953125,4471.39990234375,488.0
2026-09-10 05:45:00+00:00,4471.7001953125,4473.89990234375,4469.60009765625,4469.60009765625,687.0
2026-09-10 05:50:00+00:00,4469.60009765625,4472.0,4467.39990234375,4471.2001953125,1112.0
2026-09-10 05:55:00+00:00,4470.60009765625,4475.10009765625,4469.10009765625,4475.0,389.0
2026-09-10 06:00:00+00:00,4475.10009765625,4479.89990234375,4470.7001953125,4470.89990234375,1439.0
2026-09-10 06:05:00+00:00,4470.89990234375,4471.60009765625,4466.2001953125,4466.2998046875,590.0
2026-09-10 06:10:00+00:00,4466.10009765625,4467.0,4459.7998046875,4459.89990234375,690.0
2026-09-10 06:15:00+00:00,4460.10009765625,4460.10009765625,4456.5,4458.2001953125,701.0
2026-09-10 06:20:00+00:00,4458.2998046875,4459.89990234375,4454.39990234375,4459.7001953125,845.0
2026-09-10 06:25:00+00:00,4459.60009765625,4460.89990234375,4456.7998046875,4460.7998046875,733.0
2026-09-10 06:30:00+00:00,4460.7001953125,4462.2001953125,4457.7001953125,4458.2001953125,628.0
2026-09-10 06:35:00+00:00,4457.89990234375,4461.7001953125,4456.2001953125,4461.7001953125,323.0
2026-09-10 06:40:00+00:00,4461.89990234375,4470.60009765625,4461.89990234375,4470.0,1232.0
2026-09-10 06:45:00+00:00,4470.5,4472.2998046875,4467.60009765625,4468.10009765625,677.0
2026-09-10 06:50:00+00:00,4468.0,4472.5,4467.39990234375,4468.5,1603.0
2026-09-10 06:55:00+00:00,4468.7001953125,4469.2998046875,4467.2998046875,4469.2998046875,192.0
2026-09-10 07:00:00+00:00,4469.0,4469.5,4458.7001953125,4458.89990234375,1604.0
2026-09-10 07:05:00+00:00,4458.89990234375,4460.2998046875,4457.7998046875,4459.0,413.0
2026-09-10 07:10:00+00:00,4458.7001953125,4461.2998046875,4456.89990234375,4457.2001953125,631.0
2026-09-10 07:15:00+00:00,4456.89990234375,4458.7998046875,4455.39990234375,4456.10009765625,254.0
2026-09-10 07:20:00+00:00,4456.2001953125,4456.89990234375,4454.0,4455.39990234375,367.0
2026-09-10 07:25:00+00:00,4455.39990234375,4455.60009765625,4451.7001953125,4451.7998046875,463.0
2026-09-10 07:30:00+00:00,4452.10009765625,4454.39990234375,4447.60009765625,4447.7998046875,1145.0
2026-09-10 07:35:00+00:00,4448.2998046875,4451.10009765625,4447.5,4449.60009765625,353.0
2026-09-10 07:40:00+00:00,4449.2001953125,4453.2001953125,4448.39990234375,4453.0,296.0
2026-09-10 07:45:00+00:00,4453.0,4456.2998046875,4452.39990234375,4454.7998046875,1092.0
2026-09-10 07:50:00+00:00,4454.60009765625,4458.7001953125,4454.60009765625,4457.60009765625,538.0
2026-09-10 07:55:00+00:00,4457.7998046875,4458.10009765625,4454.2001953125,4454.89990234375,446.0
2026-09-10 08:00:00+00:00,4454.7001953125,4455.7001953125,4450.5,4450.60009765625,542.0
2026-09-10 08:05:00+00:00,4450.89990234375,4452.2001953125,4450.0,4452.10009765625,220.0
2026-09-10 08:10:00+00:00,4452.0,4453.0,4447.60009765625,4448.7001953125,270.0
2026-09-10 08:15:00+00:00,4448.89990234375,4450.2001953125,4447.89990234375,4449.5,158.0
2026-09-10 08:20:00+00:00,4449.0,4450.7998046875,4448.7001953125,4449.5,166.0
2026-09-10 08:25:00+00:00,4449.39990234375,4449.5,4447.0,4449.10009765625,630.0
2026-09-10 08:30:00+00:00,4448.7001953125,4449.2001953125,4442.60009765625,4443.0,572.0
2026-09-10 08:35:00+00:00,4443.0,4444.39990234375,4441.60009765625,4443.10009765625,379.0
2026-09-10 08:40:00+00:00,4442.60009765625,4443.39990234375,4437.60009765625,4438.7001953125,788.0
2026-09-10 08:45:00+00:00,4438.7001953125,4439.39990234375,4435.0,4435.7001953125,1419.0
2026-09-10 08:50:00+00:00,4436.0,4441.2001953125,4435.60009765625,4439.5,791.0
2026-09-10 08:55:00+00:00,4439.0,4439.0,4436.2001953125,4437.7998046875,262.0
2026-09-10 09:00:00+00:00,4437.7998046875,4439.39990234375,4436.0,4438.39990234375,442.0
2026-09-10 09:05:00+00:00,4438.60009765625,4439.5,4432.2998046875,4434.2998046875,590.0
2026-09-10 09:10:00+00:00,4434.5,4437.89990234375,4434.39990234375,4437.5,307.0
2026-09-10 09:15:00+00:00,4437.89990234375,4439.5,4436.2001953125,4438.2998046875,431.0
2026-09-10 09:20:00+00:00,4438.2001953125,4438.7001953125,4434.7001953125,4435.2001953125,259.0
2026-09-10 09:25:00+00:00,4435.2998046875,4438.10009765625,4434.2998046875,4435.5,235.0
2026-09-10 09:30:00+00:00,4435.2001953125,4435.7998046875,4432.0,4434.7001953125,505.0
2026-09-10 09:35:00+00:00,4434.5,4435.7001953125,4433.39990234375,4433.5,288.0
2026-09-10 09:40:00+00:00,4433.39990234375,4435.60009765625,4431.0,4435.60009765625,421.0
2026-09-10 09:45:00+00:00,4435.60009765625,4438.60009765625,4435.2998046875,4437.7001953125,316.0
2026-09-10 09:50:00+00:00,4436.7998046875,4438.5,4436.7001953125,4437.60009765625,129.0
2026-09-10 09:55:00+00:00,4437.5,4437.60009765625,4436.0,4437.0,151.0
2026-09-10 10:00:00+00:00,4436.89990234375,4442.39990234375,4434.5,4440.89990234375,634.0
2026-09-10 10:05:00+00:00,4440.89990234375,4442.7998046875,4434.2001953125,4435.7001953125,771.0
2026-09-10 10:10:00+00:00,4435.2998046875,4440.0,4432.2001953125,4437.89990234375,532.0
2026-09-10 10:15:00+00:00,4437.5,4442.7998046875,4436.7998046875,4441.10009765625,359.0
2026-09-10 10:20:00+00:00,4441.2001953125,4441.7998046875,4438.7001953125,4438.7998046875,167.0
2026-09-10 10:25:00+00:00,4438.39990234375,4440.0,4436.2001953125,4436.7001953125,188.0
2026-09-10 10:30:00+00:00,4437.0,4437.5,4426.10009765625,4427.60009765625,1251.0
2026-09-10 10:35:00+00:00,4427.2001953125,4428.2998046875,4420.2001953125,4428.0,1429.0
2026-09-10 10:40:00+00:00,4427.89990234375,4429.10009765625,4425.7001953125,4426.39990234375,431.0
2026-09-10 10:45:00+00:00,4426.10009765625,4428.2998046875,4422.60009765625,4425.2001953125,432.0
2026-09-10 10:50:00+00:00,4425.2998046875,4426.0,4417.0,4419.5,1146.0
2026-09-10 10:55:00+00:00,4419.5,4430.2998046875,4419.10009765625,4421.39990234375,1547.0
2026-09-10 11:00:00+00:00,4421.10009765625,4426.89990234375,4421.0,4426.2001953125,610.0
2026-09-10 11:05:00+00:00,4426.0,4426.7001953125,4421.2001953125,4421.89990234375,324.0
2026-09-10 11:10:00+00:00,4421.60009765625,4426.0,4417.39990234375,4425.60009765625,934.0
2026-09-10 11:15:00+00:00,4425.7001953125,4428.10009765625,4423.10009765625,4425.10009765625,516.0
2026-09-10 11:20:00+00:00,4425.39990234375,4425.89990234375,4421.89990234375,4424.89990234375,288.0
2026-09-10 11:25:00+00:00,4425.2001953125,4431.2001953125,4425.2001953125,4428.0,471.0
2026-09-10 11:30:00+00:00,4427.89990234375,4430.89990234375,4426.7998046875,4429.0,418.0
2026-09-10 11:35:00+00:00,4428.7998046875,4431.89990234375,4428.7001953125,4431.7998046875,348.0
2026-09-10 11:40:00+00:00,4431.7001953125,4433.10009765625,4426.60009765625,4426.89990234375,383.0
2026-09-10 11:45:00+00:00,4427.0,4427.60009765625,4422.5,4423.7998046875,355.0
2026-09-10 11:50:00+00:00,4424.2001953125,4425.0,4418.0,4422.89990234375,475.0
2026-09-10 11:55:00+00:00,4422.7001953125,4422.7001953125,4415.10009765625,4416.7001953125,784.0
2026-09-10 12:00:00+00:00,4416.7998046875,4419.2001953125,4412.60009765625,4415.0,1117.0
2026-09-10 12:05:00+00:00,4414.5,4418.7001953125,4411.7001953125,4414.2998046875,1537.0
2026-09-10 12:10:00+00:00,4414.10009765625,4419.89990234375,4413.7001953125,4417.39990234375,911.0
2026-09-10 12:15:00+00:00,4417.10009765625,4419.2001953125,4408.60009765625,4414.10009765625,1476.0
2026-09-10 12:20:00+00:00,4414.0,4415.60009765625,4407.0,4409.5,1269.0
2026-09-10 12:25:00+00:00,4409.0,4410.0,4403.60009765625,4406.2998046875,1286.0
2026-09-10 12:30:00+00:00,4406.89990234375,4415.39990234375,4380.39990234375,4384.0,5802.0
2026-09-10 12:35:00+00:00,4384.0,4385.0,4365.39990234375,4368.39990234375,5753.0
2026-09-10 12:40:00+00:00,4368.60009765625,4385.0,4365.5,4382.5,4853.0
2026-09-10 12:45:00+00:00,4382.2998046875,4391.39990234375,4379.7998046875,4391.2998046875,3367.0
2026-09-10 12:50:00+00:00,4391.0,4396.7998046875,4384.2001953125,4385.10009765625,2442.0
2026-09-10 12:55:00+00:00,4384.7001953125,4385.89990234375,4378.0,4381.7998046875,2042.0
2026-09-10 13:00:00+00:00,4382.10009765625,4397.39990234375,4380.39990234375,4392.89990234375,2495.0
2026-09-10 13:05:00+00:00,4393.10009765625,4395.2998046875,4388.39990234375,4389.2001953125,1932.0
2026-09-10 13:10:00+00:00,4389.39990234375,4393.2001953125,4385.5,4385.7001953125,1320.0
2026-09-10 13:15:00+00:00,4385.5,4391.10009765625,4383.0,4391.0,1220.0
2026-09-10 13:20:00+00:00,4391.7001953125,4398.0,4391.10009765625,4392.0,1394.0
2026-09-10 13:25:00+00:00,4391.60009765625,4399.7998046875,4386.7001953125,4399.60009765625,1059.0
2026-09-10 13:30:00+00:00,4399.7001953125,4410.10009765625,4394.10009765625,4405.2998046875,2124.0
2026-09-10 13:35:00+00:00,4405.0,4413.7998046875,4401.39990234375,4411.7001953125,3267.0
2026-09-10 13:40:00+00:00,4411.39990234375,4416.0,4405.60009765625,4407.0,1748.0
2026-09-10 13:45:00+00:00,4407.10009765625,4418.10009765625,4405.7998046875,4413.7001953125,3150.0
2026-09-10 13:50:00+00:00,4413.89990234375,4416.7998046875,4404.39990234375,4409.2001953125,3219.0
2026-09-10 13:55:00+00:00,4409.2998046875,4412.89990234375,4406.7998046875,4408.5,1053.0
2026-09-10 14:00:00+00:00,4408.2998046875,4417.7998046875,4408.2998046875,4412.60009765625,1627.0
2026-09-10 14:05:00+00:00,4412.60009765625,4414.5,4403.7001953125,4407.0,1644.0
2026-09-10 14:10:00+00:00,4406.39990234375,4409.89990234375,4401.7001953125,4401.7998046875,1021.0
2026-09-10 14:15:00+00:00,4401.7001953125,4405.7998046875,4396.5,4405.0,2033.0
2026-09-10 14:20:00+00:00,4404.7998046875,4416.7998046875,4401.7998046875,4413.89990234375,2640.0
2026-09-10 14:25:00+00:00,4413.7001953125,4419.10009765625,4405.2001953125,4405.89990234375,2091.0
2026-09-10 14:30:00+00:00,4406.0,4408.2001953125,4402.89990234375,4407.10009765625,968.0
2026-09-10 14:35:00+00:00,4407.0,4412.7998046875,4405.2001953125,4405.39990234375,1283.0
2026-09-10 14:40:00+00:00,4405.7998046875,4412.5,4398.60009765625,4398.7998046875,1589.0
2026-09-10 14:45:00+00:00,4398.60009765625,4401.60009765625,4396.39990234375,4400.10009765625,1324.0
2026-09-10 14:50:00+00:00,4400.10009765625,4404.10009765625,4397.2998046875,4397.60009765625,674.0
2026-09-10 14:55:00+00:00,4397.5,4402.10009765625,4396.39990234375,4400.10009765625,620.0
2026-09-10 15:00:00+00:00,4400.39990234375,4400.7001953125,4394.60009765625,4395.7001953125,1073.0
2026-09-10 15:05:00+00:00,4395.5,4400.89990234375,4395.2998046875,4397.7001953125,575.0
2026-09-10 15:10:00+00:00,4397.60009765625,4403.60009765625,4397.60009765625,4402.2998046875,838.0
2026-09-10 15:15:00+00:00,4401.5,4407.0,4400.5,4405.10009765625,933.0
2026-09-10 15:20:00+00:00,4405.60009765625,4409.2001953125,4403.2001953125,4408.10009765625,650.0
2026-09-10 15:25:00+00:00,4408.10009765625,4409.7001953125,4405.0,4407.2998046875,583.0
2026-09-10 15:30:00+00:00,4407.39990234375,4411.60009765625,4404.2998046875,4411.2998046875,726.0
2026-09-10 15:35:00+00:00,4411.60009765625,4414.10009765625,4408.7001953125,4410.39990234375,875.0
2026-09-10 15:40:00+00:00,4410.2998046875,4410.7001953125,4405.89990234375,4407.7998046875,592.0
2026-09-10 15:45:00+00:00,4408.10009765625,4409.0,4402.7001953125,4409.0,633.0
2026-09-10 15:50:00+00:00,4409.10009765625,4412.2998046875,4407.5,4407.7998046875,584.0
2026-09-10 15:55:00+00:00,4407.7998046875,4409.60009765625,4405.89990234375,4407.7998046875,309.0
2026-09-10 16:00:00+00:00,4408.10009765625,4412.0,4407.0,4409.60009765625,704.0
2026-09-10 16:05:00+00:00,4409.0,4410.7998046875,4401.5,4401.89990234375,801.0
2026-09-10 16:10:00+00:00,4401.89990234375,4403.0,4395.5,4400.7998046875,1129.0
2026-09-10 16:15:00+00:00,4400.60009765625,4403.10009765625,4397.10009765625,4401.10009765625,491.0
2026-09-10 16:20:00+00:00,4401.7001953125,4404.7998046875,4400.7998046875,4403.39990234375,531.0
2026-09-10 16:25:00+00:00,4403.2998046875,4405.7001953125,4401.7998046875,4405.10009765625,326.0
2026-09-10 16:30:00+00:00,4404.5,4407.5,4399.2998046875,4399.60009765625,1641.0
2026-09-10 16:35:00+00:00,4399.5,4403.39990234375,4397.89990234375,4402.2998046875,662.0
2026-09-10 16:40:00+00:00,4402.39990234375,4403.7998046875,4398.2998046875,4398.39990234375,561.0
2026-09-10 16:45:00+00:00,4398.60009765625,4405.2998046875,4398.5,4402.2001953125,774.0
2026-09-10 16:50:00+00:00,4402.39990234375,4406.0,4402.39990234375,4403.89990234375,537.0
2026-09-10 16:55:00+00:00,4403.60009765625,4406.39990234375,4401.60009765625,4406.39990234375,428.0
2026-09-10 17:00:00+00:00,4406.2001953125,4410.5,4401.60009765625,4405.60009765625,1237.0
2026-09-10 17:05:00+00:00,4405.7998046875,4406.7998046875,4402.5,4403.60009765625,565.0
2026-09-10 17:10:00+00:00,4404.2998046875,4408.39990234375,4403.39990234375,4404.60009765625,549.0
2026-09-10 17:15:00+00:00,4404.5,4406.7998046875,4403.2001953125,4406.10009765625,413.0
2026-09-10 17:20:00+00:00,4406.2001953125,4407.60009765625,4404.60009765625,4404.7001953125,461.0
2026-09-10 17:25:00+00:00,4404.7998046875,4409.0,4404.7001953125,4408.0,1480.0
2026-09-10 17:30:00+00:00,4407.89990234375,4408.39990234375,4404.2001953125,4404.39990234375,522.0
2026-09-10 17:35:00+00:00,4404.39990234375,4405.89990234375,4399.89990234375,4400.5,710.0
2026-09-10 17:40:00+00:00,4400.2001953125,4401.2998046875,4397.10009765625,4401.2001953125,694.0
2026-09-10 17:45:00+00:00,4401.10009765625,4401.89990234375,4398.39990234375,4399.39990234375,264.0
2026-09-10 17:50:00+00:00,4399.5,4401.89990234375,4398.89990234375,4401.2001953125,399.0
2026-09-10 17:55:00+00:00,4401.39990234375,4401.39990234375,4392.7001953125,4394.2001953125,812.0
2026-09-10 18:00:00+00:00,4394.39990234375,4397.7998046875,4390.2998046875,4392.5,1288.0
2026-09-10 18:05:00+00:00,4392.39990234375,4392.60009765625,4383.39990234375,4384.7998046875,1473.0
2026-09-10 18:10:00+00:00,4384.60009765625,4385.5,4382.0,4382.39990234375,813.0
2026-09-10 18:15:00+00:00,4382.2998046875,4386.5,4379.5,4383.89990234375,1026.0
2026-09-10 18:20:00+00:00,4383.89990234375,4387.89990234375,4383.5,4385.2998046875,692.0
2026-09-10 18:25:00+00:00,4385.39990234375,4386.7001953125,4378.7998046875,4380.7001953125,875.0
2026-09-10 18:30:00+00:00,4380.60009765625,4380.60009765625,4373.60009765625,4376.89990234375,1014.0
2026-09-10 18:35:00+00:00,4376.89990234375,4377.60009765625,4374.2001953125,4375.7998046875,674.0
2026-09-10 18:40:00+00:00,4375.39990234375,4377.10009765625,4373.2998046875,4375.39990234375,693.0
2026-09-10 18:45:00+00:00,4375.2001953125,4375.89990234375,4371.60009765625,4373.5,958.0
2026-09-10 18:50:00+00:00,4373.0,4380.10009765625,4371.2998046875,4372.89990234375,1520.0
2026-09-10 18:55:00+00:00,4372.89990234375,4378.39990234375,4372.0,4374.39990234375,910.0
2026-09-10 19:00:00+00:00,4374.0,4374.0,4354.7001953125,4357.89990234375,3862.0
2026-09-10 19:05:00+00:00,4357.7001953125,4366.0,4357.60009765625,4365.5,1352.0
2026-09-10 19:10:00+00:00,4365.39990234375,4365.89990234375,4360.7998046875,4363.7001953125,672.0
2026-09-10 19:15:00+00:00,4363.89990234375,4364.89990234375,4360.5,4362.10009765625,331.0
2026-09-10 19:20:00+00:00,4362.2001953125,4371.0,4362.10009765625,4370.5,961.0
2026-09-10 19:25:00+00:00,4370.39990234375,4372.10009765625,4367.7998046875,4368.7998046875,770.0
2026-09-10 19:30:00+00:00,4368.7001953125,4371.0,4366.2001953125,4368.5,664.0
2026-09-10 19:35:00+00:00,4368.2998046875,4369.2998046875,4365.39990234375,4368.0,410.0
2026-09-10 19:40:00+00:00,4368.10009765625,4369.0,4364.5,4365.2998046875,398.0
2026-09-10 19:45:00+00:00,4365.60009765625,4367.10009765625,4362.10009765625,4364.2001953125,441.0
2026-09-10 19:50:00+00:00,4364.10009765625,4366.0,4361.2998046875,4365.10009765625,468.0
2026-09-10 19:55:00+00:00,4364.89990234375,4365.89990234375,4363.60009765625,4365.7001953125,500.0
2026-09-10 20:00:00+00:00,4365.5,4365.7001953125,4361.10009765625,4362.5,418.0
2026-09-10 20:05:00+00:00,4362.5,4365.10009765625,4361.7998046875,4364.39990234375,168.0
2026-09-10 20:10:00+00:00,4364.5,4365.5,4363.39990234375,4364.2998046875,147.0
2026-09-10 20:15:00+00:00,4364.10009765625,4364.2001953125,4363.0,4363.0,98.0
2026-09-10 20:20:00+00:00,4362.7998046875,4362.7998046875,4357.60009765625,4358.0,502.0
2026-09-10 20:25:00+00:00,4358.2998046875,4360.60009765625,4358.10009765625,4359.7998046875,198.0
2026-09-10 20:30:00+00:00,4359.7001953125,4359.7998046875,4357.7998046875,4358.0,269.0
2026-09-10 20:35:00+00:00,4358.10009765625,4359.39990234375,4357.10009765625,4358.2001953125,190.0
2026-09-10 20:40:00+00:00,4358.2001953125,4359.39990234375,4357.2998046875,4359.2001953125,125.0
2026-09-10 20:45:00+00:00,4359.5,4360.2001953125,4356.60009765625,4356.7001953125,177.0
2026-09-10 20:50:00+00:00,4356.89990234375,4359.2998046875,4355.89990234375,4358.39990234375,176.0
2026-09-10 20:55:00+00:00,4358.7998046875,4360.60009765625,4357.7998046875,4358.5,183.0
2026-09-10 22:00:00+00:00,4359.39990234375,4365.7998046875,4357.89990234375,4363.2001953125,0.0
2026-09-10 22:05:00+00:00,4363.0,4363.89990234375,4361.2998046875,4363.2001953125,160.0
2026-09-10 22:10:00+00:00,4363.2001953125,4363.60009765625,4361.39990234375,4361.7001953125,87.0
2026-09-10 22:15:00+00:00,4362.0,4362.5,4360.10009765625,4360.2001953125,62.0
2026-09-10 22:20:00+00:00,4360.2001953125,4361.89990234375,4359.39990234375,4360.2998046875,119.0
2026-09-10 22:25:00+00:00,4359.7998046875,4360.7998046875,4359.2998046875,4360.2001953125,127.0
2026-09-10 22:30:00+00:00,4360.39990234375,4360.7998046875,4355.89990234375,4359.0,343.0
2026-09-10 22:35:00+00:00,4358.5,4358.89990234375,4356.60009765625,4356.60009765625,103.0
2026-09-10 22:40:00+00:00,4356.2001953125,4358.2998046875,4354.0,4356.60009765625,321.0
2026-09-10 22:45:00+00:00,4356.5,4358.89990234375,4355.7001953125,4358.39990234375,141.0
2026-09-10 22:50:00+00:00,4358.7001953125,4359.7001953125,4357.7998046875,4358.5,136.0
2026-09-10 22:55:00+00:00,4358.2001953125,4359.2001953125,4357.89990234375,4358.7998046875,100.0
2026-09-10 23:00:00+00:00,4358.7001953125,4360.39990234375,4357.5,4359.60009765625,187.0
2026-09-10 23:05:00+00:00,4359.2998046875,4360.10009765625,4358.60009765625,4358.7001953125,123.0
2026-09-10 23:10:00+00:00,4359.0,4360.60009765625,4356.89990234375,4360.10009765625,149.0
2026-09-10 23:15:00+00:00,4359.7998046875,4360.5,4359.7001953125,4360.0,91.0
2026-09-10 23:20:00+00:00,4360.2998046875,4361.0,4358.10009765625,4358.7001953125,114.0
2026-09-10 23:25:00+00:00,4358.7001953125,4359.2998046875,4358.0,4358.7001953125,27.0
2026-09-10 23:30:00+00:00,4358.5,4360.89990234375,4357.89990234375,4359.10009765625,107.0
2026-09-10 23:35:00+00:00,4358.7001953125,4358.7998046875,4354.89990234375,4356.2001953125,153.0
2026-09-10 23:40:00+00:00,4356.10009765625,4358.60009765625,4355.10009765625,4356.39990234375,197.0
2026-09-10 23:45:00+00:00,4356.60009765625,4358.39990234375,4354.39990234375,4355.5,160.0
2026-09-10 23:50:00+00:00,4355.7001953125,4356.7001953125,4352.2001953125,4352.7998046875,245.0
2026-09-10 23:55:00+00:00,4353.0,4356.7998046875,4351.2998046875,4354.5,197.0
2026-09-11 00:00:00+00:00,4355.5,4361.7998046875,4353.2001953125,4360.0,386.0
2026-09-11 00:05:00+00:00,4360.2001953125,4364.39990234375,4358.10009765625,4359.10009765625,326.0
2026-09-11 00:10:00+00:00,4358.89990234375,4359.89990234375,4355.2998046875,4359.60009765625,138.0
2026-09-11 00:15:00+00:00,4360.0,4361.7998046875,4357.2998046875,4360.2998046875,191.0
2026-09-11 00:20:00+00:00,4360.7998046875,4362.5,4358.89990234375,4359.60009765625,113.0
2026-09-11 00:25:00+00:00,4359.2998046875,4364.7998046875,4357.7998046875,4364.2001953125,258.0
2026-09-11 00:30:00+00:00,4364.2001953125,4365.60009765625,4359.7001953125,4361.7998046875,378.0
2026-09-11 00:35:00+00:00,4361.7001953125,4366.2998046875,4361.0,4365.89990234375,210.0
2026-09-11 00:40:00+00:00,4365.39990234375,4367.89990234375,4361.2998046875,4367.60009765625,447.0
2026-09-11 00:45:00+00:00,4367.5,4374.10009765625,4367.0,4373.2001953125,470.0
2026-09-11 00:50:00+00:00,4372.7998046875,4373.89990234375,4371.5,4372.2998046875,262.0
2026-09-11 00:55:00+00:00,4372.2001953125,4373.89990234375,4370.10009765625,4372.2001953125,255.0
2026-09-11 01:00:00+00:00,4372.2998046875,4380.7001953125,4368.2001953125,4379.89990234375,1074.0
2026-09-11 01:05:00+00:00,4380.2001953125,4380.2998046875,4373.39990234375,4377.7998046875,543.0
2026-09-11 01:10:00+00:00,4378.5,4379.39990234375,4373.0,4373.39990234375,480.0
2026-09-11 01:15:00+00:00,4373.10009765625,4377.2998046875,4371.2998046875,4372.10009765625,583.0
2026-09-11 01:20:00+00:00,4372.10009765625,4372.39990234375,4361.0,4361.7001953125,763.0
2026-09-11 01:25:00+00:00,4361.7998046875,4370.7998046875,4361.39990234375,4368.7998046875,674.0
2026-09-11 01:30:00+00:00,4368.2998046875,4373.39990234375,4368.2998046875,4372.60009765625,472.0
2026-09-11 01:35:00+00:00,4373.0,4375.10009765625,4369.5,4369.5,507.0
2026-09-11 01:40:00+00:00,4369.7998046875,4369.89990234375,4362.60009765625,4366.89990234375,629.0
2026-09-11 01:45:00+00:00,4367.10009765625,4369.2001953125,4364.0,4369.10009765625,410.0
2026-09-11 01:50:00+00:00,4368.7998046875,4370.10009765625,4364.2001953125,4365.2001953125,342.0
2026-09-11 01:55:00+00:00,4365.2001953125,4369.5,4363.89990234375,4369.10009765625,239.0
2026-09-11 02:00:00+00:00,4369.5,4372.7998046875,4369.39990234375,4372.2998046875,499.0
2026-09-11 02:05:00+00:00,4372.60009765625,4373.60009765625,4367.7998046875,4369.7998046875,444.0
2026-09-11 02:10:00+00:00,4369.2998046875,4372.0,4368.89990234375,4370.7001953125,175.0
2026-09-11 02:15:00+00:00,4371.0,4374.5,4369.7998046875,4373.60009765625,328.0
2026-09-11 02:20:00+00:00,4373.60009765625,4373.89990234375,4367.39990234375,4367.89990234375,130.0
2026-09-11 02:25:00+00:00,4367.7998046875,4367.7998046875,4363.7001953125,4365.2998046875,243.0
2026-09-11 02:30:00+00:00,4365.0,4366.39990234375,4357.2001953125,4359.7001953125,763.0
2026-09-11 02:35:00+00:00,4359.0,4362.89990234375,4356.7998046875,4361.7998046875,376.0
2026-09-11 02:40:00+00:00,4362.2001953125,4365.39990234375,4358.7998046875,4359.2001953125,526.0
2026-09-11 02:45:00+00:00,4359.0,4365.2998046875,4356.2001953125,4364.0,728.0
2026-09-11 02:50:00+00:00,4363.89990234375,4367.2001953125,4362.7001953125,4363.2998046875,375.0
2026-09-11 02:55:00+00:00,4362.7001953125,4364.2001953125,4361.2998046875,4363.2001953125,262.0
2026-09-11 03:00:00+00:00,4362.7001953125,4366.7998046875,4362.39990234375,4362.5,140.0
2026-09-11 03:05:00+00:00,4362.10009765625,4363.60009765625,4355.2001953125,4358.2998046875,574.0
2026-09-11 03:10:00+00:00,4358.2001953125,4360.2998046875,4354.5,4360.10009765625,562.0
2026-09-11 03:15:00+00:00,4359.7001953125,4362.0,4354.7001953125,4355.0,330.0
2026-09-11 03:20:00+00:00,4355.10009765625,4356.2998046875,4344.39990234375,4347.60009765625,1179.0
2026-09-11 03:25:00+00:00,4347.39990234375,4351.2001953125,4345.2001953125,4350.10009765625,432.0
2026-09-11 03:30:00+00:00,4350.10009765625,4351.7998046875,4346.7001953125,4349.10009765625,292.0
2026-09-11 03:35:00+00:00,4349.2998046875,4351.2998046875,4347.10009765625,4349.5,357.0
2026-09-11 03:40:00+00:00,4349.2998046875,4353.2001953125,4347.5,4348.7998046875,425.0
2026-09-11 03:45:00+00:00,4348.7998046875,4349.0,4342.7001953125,4343.5,392.0
2026-09-11 03:50:00+00:00,4343.7998046875,4344.89990234375,4341.39990234375,4344.5,584.0
2026-09-11 03:55:00+00:00,4344.7001953125,4347.7001953125,4344.0,4345.0,558.0
2026-09-11 04:00:00+00:00,4344.2001953125,4349.7001953125,4342.39990234375,4349.2998046875,571.0
2026-09-11 04:05:00+00:00,4349.5,4359.0,4349.2001953125,4358.7001953125,569.0
2026-09-11 04:10:00+00:00,4358.7001953125,4365.60009765625,4358.60009765625,4362.0,1086.0
2026-09-11 04:15:00+00:00,4362.10009765625,4362.5,4360.0,4361.39990234375,336.0
2026-09-11 04:20:00+00:00,4361.39990234375,4367.7001953125,4361.2998046875,4367.60009765625,370.0
2026-09-11 04:25:00+00:00,4367.7998046875,4369.7998046875,4366.2998046875,4369.10009765625,223.0
2026-09-11 04:30:00+00:00,4369.2001953125,4370.89990234375,4367.0,4367.2001953125,337.0
2026-09-11 04:35:00+00:00,4366.89990234375,4369.0,4366.0,4368.5,281.0
2026-09-11 04:40:00+00:00,4368.2998046875,4373.10009765625,4367.7001953125,4370.60009765625,781.0
2026-09-11 04:45:00+00:00,4370.7998046875,4373.0,4369.39990234375,4370.89990234375,273.0
2026-09-11 04:50:00+00:00,4371.0,4375.60009765625,4370.89990234375,4375.2001953125,462.0
2026-09-11 04:55:00+00:00,4375.2001953125,4375.60009765625,4371.89990234375,4372.10009765625,231.0
2026-09-11 05:00:00+00:00,4372.39990234375,4372.5,4368.89990234375,4370.10009765625,356.0
2026-09-11 05:05:00+00:00,4369.7998046875,4375.89990234375,4369.5,4375.39990234375,430.0
2026-09-11 05:10:00+00:00,4375.39990234375,4378.7001953125,4373.0,4378.7001953125,327.0
2026-09-11 05:15:00+00:00,4378.60009765625,4379.89990234375,4375.5,4378.7998046875,313.0
2026-09-11 05:20:00+00:00,4378.7998046875,4379.89990234375,4375.89990234375,4377.39990234375,137.0
2026-09-11 05:25:00+00:00,4376.89990234375,4377.0,4373.89990234375,4375.5,189.0
2026-09-11 05:30:00+00:00,4375.7001953125,4381.5,4374.10009765625,4378.7998046875,853.0
2026-09-11 05:35:00+00:00,4378.60009765625,4380.60009765625,4376.7001953125,4379.2998046875,367.0
2026-09-11 05:40:00+00:00,4378.89990234375,4383.5,4374.7001953125,4383.2001953125,539.0
2026-09-11 05:45:00+00:00,4383.0,4387.39990234375,4380.10009765625,4385.5,576.0
2026-09-11 05:50:00+00:00,4385.0,4388.2998046875,4383.39990234375,4388.10009765625,353.0
2026-09-11 05:55:00+00:00,4388.2998046875,4392.5,4386.10009765625,4386.60009765625,657.0
2026-09-11 06:00:00+00:00,4386.7998046875,4397.0,4386.2998046875,4394.39990234375,1061.0
2026-09-11 06:05:00+00:00,4394.5,4400.0,4392.5,4396.39990234375,687.0
2026-09-11 06:10:00+00:00,4396.7001953125,4402.0,4395.10009765625,4399.89990234375,567.0
2026-09-11 06:15:00+00:00,4399.7001953125,4401.2001953125,4397.2001953125,4399.60009765625,377.0
2026-09-11 06:20:00+00:00,4399.7998046875,4399.7998046875,4393.5,4393.5,528.0
2026-09-11 06:25:00+00:00,4393.7001953125,4394.7001953125,4392.0,4392.89990234375,416.0
2026-09-11 06:30:00+00:00,4392.2998046875,4393.5,4387.89990234375,4388.0,697.0
2026-09-11 06:35:00+00:00,4388.0,4393.7998046875,4388.0,4393.0,315.0
2026-09-11 06:40:00+00:00,4393.2998046875,4394.89990234375,4390.2001953125,4391.7001953125,510.0
2026-09-11 06:45:00+00:00,4391.7998046875,4396.10009765625,4390.60009765625,4393.0,376.0
2026-09-11 06:50:00+00:00,4392.0,4393.89990234375,4390.5,4393.89990234375,207.0
2026-09-11 06:55:00+00:00,4394.39990234375,4394.89990234375,4391.89990234375,4394.7998046875,193.0
2026-09-11 07:00:00+00:00,4394.2001953125,4397.2998046875,4393.10009765625,4396.0,409.0
2026-09-11 07:05:00+00:00,4396.10009765625,4397.2001953125,4390.89990234375,4391.7001953125,301.0
2026-09-11 07:10:00+00:00,4392.0,4396.5,4391.60009765625,4392.7998046875,189.0
2026-09-11 07:15:00+00:00,4393.2998046875,4393.5,4391.2998046875,4391.89990234375,304.0
2026-09-11 07:20:00+00:00,4392.0,4393.2998046875,4388.7998046875,4390.89990234375,269.0
2026-09-11 07:25:00+00:00,4391.10009765625,4391.10009765625,4387.2998046875,4387.2998046875,237.0
2026-09-11 07:30:00+00:00,4387.5,4388.7001953125,4385.5,4386.2998046875,252.0
2026-09-11 07:35:00+00:00,4386.7001953125,4387.5,4384.39990234375,4385.0,265.0
2026-09-11 07:40:00+00:00,4385.10009765625,4387.7001953125,4384.5,4386.39990234375,321.0
2026-09-11 07:45:00+00:00,4386.10009765625,4386.2998046875,4383.2998046875,4383.7001953125,272.0
2026-09-11 07:50:00+00:00,4383.39990234375,4384.60009765625,4381.7001953125,4383.7001953125,254.0
2026-09-11 07:55:00+00:00,4384.2001953125,4386.2998046875,4384.10009765625,4386.10009765625,147.0
2026-09-11 08:00:00+00:00,4386.2998046875,4388.39990234375,4383.89990234375,4385.89990234375,398.0
2026-09-11 08:05:00+00:00,4385.89990234375,4390.2998046875,4385.0,4386.39990234375,523.0
2026-09-11 08:10:00+00:00,4386.7001953125,4390.7001953125,4383.0,4388.39990234375,582.0
2026-09-11 08:15:00+00:00,4388.5,4391.7998046875,4387.39990234375,4388.2998046875,292.0
2026-09-11 08:20:00+00:00,4388.2998046875,4399.2998046875,4384.7001953125,4393.5,1303.0
2026-09-11 08:25:00+00:00,4393.2998046875,4396.0,4390.5,4393.2001953125,366.0
2026-09-11 08:30:00+00:00,4393.0,4397.2998046875,4392.2998046875,4393.7998046875,325.0
2026-09-11 08:35:00+00:00,4394.2001953125,4397.5,4392.60009765625,4395.39990234375,343.0
2026-09-11 08:40:00+00:00,4395.7998046875,4398.2001953125,4393.60009765625,4394.39990234375,294.0
2026-09-11 08:45:00+00:00,4394.2998046875,4397.7001953125,4393.60009765625,4394.60009765625,425.0
2026-09-11 08:50:00+00:00,4394.2998046875,4394.7001953125,4391.0,4393.10009765625,471.0
2026-09-11 08:55:00+00:00,4392.0,4392.0,4387.39990234375,4388.7001953125,413.0
2026-09-11 09:00:00+00:00,4388.89990234375,4395.39990234375,4388.89990234375,4390.39990234375,243.0
2026-09-11 09:05:00+00:00,4390.0,4390.5,4386.2001953125,4386.60009765625,196.0
2026-09-11 09:10:00+00:00,4386.7001953125,4387.60009765625,4384.10009765625,4384.60009765625,250.0
2026-09-11 09:15:00+00:00,4384.2998046875,4387.0,4383.2001953125,4387.0,326.0
2026-09-11 09:20:00+00:00,4386.7998046875,4388.0,4385.2998046875,4386.10009765625,238.0
2026-09-11 09:25:00+00:00,4386.2001953125,4387.60009765625,4385.10009765625,4385.60009765625,335.0
2026-09-11 09:30:00+00:00,4386.0,4386.7001953125,4383.10009765625,4384.10009765625,671.0
2026-09-11 09:35:00+00:00,4384.2001953125,4386.2001953125,4383.7998046875,4383.89990234375,161.0
2026-09-11 09:40:00+00:00,4384.2001953125,4385.5,4382.5,4385.2998046875,137.0
2026-09-11 09:45:00+00:00,4385.2001953125,4385.7998046875,4384.39990234375,4385.39990234375,151.0
2026-09-11 09:50:00+00:00,4385.2998046875,4386.60009765625,4384.7001953125,4385.89990234375,227.0
2026-09-11 09:55:00+00:00,4385.89990234375,4389.7998046875,4385.2001953125,4388.2001953125,387.0
2026-09-11 10:00:00+00:00,4388.2998046875,4391.2001953125,4382.7001953125,4391.2001953125,1069.0
2026-09-11 10:05:00+00:00,4391.10009765625,4391.89990234375,4386.89990234375,4387.39990234375,387.0
2026-09-11 10:10:00+00:00,4387.7998046875,4389.89990234375,4385.2998046875,4388.10009765625,515.0
2026-09-11 10:15:00+00:00,4388.2998046875,4392.0,4387.89990234375,4391.5,253.0
2026-09-11 10:20:00+00:00,4391.2998046875,4391.7998046875,4387.7998046875,4390.39990234375,325.0
2026-09-11 10:25:00+00:00,4390.39990234375,4391.89990234375,4389.2001953125,4391.5,254.0
2026-09-11 10:30:00+00:00,4391.5,4391.89990234375,4389.2998046875,4391.10009765625,119.0
2026-09-11 10:35:00+00:00,4390.89990234375,4391.2998046875,4386.2998046875,4388.7001953125,231.0
2026-09-11 10:40:00+00:00,4388.60009765625,4388.7998046875,4385.7998046875,4386.89990234375,409.0
2026-09-11 10:45:00+00:00,4387.39990234375,4387.39990234375,4383.5,4383.5,240.0
2026-09-11 10:50:00+00:00,4383.7998046875,4384.39990234375,4381.7001953125,4382.7001953125,253.0
2026-09-11 10:55:00+00:00,4382.5,4383.0,4378.5,4379.39990234375,576.0
2026-09-11 11:00:00+00:00,4379.2998046875,4384.60009765625,4379.2001953125,4381.39990234375,557.0
2026-09-11 11:05:00+00:00,4382.10009765625,4382.10009765625,4378.7998046875,4379.2001953125,288.0
2026-09-11 11:10:00+00:00,4379.0,4380.39990234375,4376.5,4380.0,476.0
2026-09-11 11:15:00+00:00,4379.7998046875,4381.10009765625,4378.0,4380.2998046875,286.0
2026-09-11 11:20:00+00:00,4380.5,4381.7998046875,4379.0,4380.2998046875,188.0
2026-09-11 11:25:00+00:00,4380.89990234375,4383.89990234375,4378.10009765625,4378.2001953125,541.0
2026-09-11 11:30:00+00:00,4378.60009765625,4379.2998046875,4373.60009765625,4373.60009765625,510.0
2026-09-11 11:35:00+00:00,4373.89990234375,4376.10009765625,4372.2001953125,4374.60009765625,366.0
2026-09-11 11:40:00+00:00,4374.7001953125,4376.60009765625,4372.10009765625,4376.5,394.0
2026-09-11 11:45:00+00:00,4376.60009765625,4378.2998046875,4374.89990234375,4377.60009765625,544.0
2026-09-11 11:50:00+00:00,4376.7001953125,4377.5,4373.5,4373.5,300.0
2026-09-11 11:55:00+00:00,4372.89990234375,4375.60009765625,4372.7001953125,4375.0,362.0
2026-09-11 12:00:00+00:00,4375.2998046875,4376.60009765625,4370.5,4371.2998046875,680.0
2026-09-11 12:05:00+00:00,4371.10009765625,4372.0,4368.10009765625,4369.10009765625,447.0
2026-09-11 12:10:00+00:00,4369.60009765625,4374.2998046875,4366.10009765625,4369.7001953125,1316.0
2026-09-11 12:15:00+00:00,4369.60009765625,4375.89990234375,4368.89990234375,4373.10009765625,537.0
2026-09-11 12:20:00+00:00,4373.0,4375.7001953125,4371.10009765625,4371.10009765625,704.0
2026-09-11 12:25:00+00:00,4371.7001953125,4385.5,4370.2001953125,4382.10009765625,1213.0
2026-09-11 12:30:00+00:00,4383.39990234375,4399.60009765625,4333.0,4370.5,9789.0
2026-09-11 12:35:00+00:00,4370.60009765625,4393.2001953125,4367.2001953125,4391.5,4648.0
2026-09-11 12:40:00+00:00,4391.2001953125,4404.2998046875,4390.5,4395.39990234375,6385.0
2026-09-11 12:45:00+00:00,4395.60009765625,4409.5,4394.10009765625,4403.5,3933.0
2026-09-11 12:50:00+00:00,4403.0,4424.7001953125,4401.60009765625,4419.7998046875,4457.0
2026-09-11 12:55:00+00:00,4419.89990234375,4432.60009765625,4418.7001953125,4430.2998046875,3004.0
2026-09-11 13:00:00+00:00,4430.5,4436.0,4426.7001953125,4432.10009765625,4379.0
2026-09-11 13:05:00+00:00,4432.2998046875,4436.39990234375,4423.5,4424.7998046875,2707.0
2026-09-11 13:10:00+00:00,4424.5,4433.5,4422.60009765625,4431.2001953125,2185.0
2026-09-11 13:15:00+00:00,4431.2998046875,4432.2001953125,4422.7998046875,4428.0,1808.0
2026-09-11 13:20:00+00:00,4428.7001953125,4431.2998046875,4421.89990234375,4424.7001953125,1359.0
2026-09-11 13:25:00+00:00,4424.5,4440.39990234375,4424.0,4431.60009765625,2909.0
2026-09-11 13:30:00+00:00,4432.2998046875,4437.5,4423.2998046875,4437.10009765625,2658.0
2026-09-11 13:35:00+00:00,4437.60009765625,4442.39990234375,4425.7998046875,4432.2998046875,2195.0
2026-09-11 13:40:00+00:00,4432.2001953125,4442.0,4429.10009765625,4436.5,1765.0
2026-09-11 13:45:00+00:00,4436.89990234375,4442.7998046875,4431.89990234375,4434.60009765625,1595.0
2026-09-11 13:50:00+00:00,4434.7998046875,4436.10009765625,4429.10009765625,4431.2998046875,963.0
2026-09-11 13:55:00+00:00,4431.7001953125,4444.89990234375,4429.2001953125,4443.89990234375,1423.0
2026-09-11 14:00:00+00:00,4443.7001953125,4444.89990234375,4423.7998046875,4432.39990234375,2542.0
2026-09-11 14:05:00+00:00,4432.39990234375,4434.2998046875,4427.7998046875,4429.60009765625,1747.0
2026-09-11 14:10:00+00:00,4429.7001953125,4430.39990234375,4424.2001953125,4425.2001953125,936.0
2026-09-11 14:15:00+00:00,4425.0,4427.2998046875,4418.0,4424.7998046875,1588.0
2026-09-11 14:20:00+00:00,4425.0,4427.7001953125,4419.89990234375,4421.10009765625,1221.0
2026-09-11 14:25:00+00:00,4421.39990234375,4421.39990234375,4416.2001953125,4417.0,1533.0
2026-09-11 14:30:00+00:00,4417.2001953125,4417.5,4412.7001953125,4413.39990234375,1150.0
2026-09-11 14:35:00+00:00,4413.2998046875,4414.89990234375,4406.2998046875,4409.60009765625,1723.0
2026-09-11 14:40:00+00:00,4410.0,4413.7998046875,4409.60009765625,4413.10009765625,1267.0
2026-09-11 14:45:00+00:00,4412.89990234375,4426.10009765625,4412.89990234375,4421.2998046875,2645.0
2026-09-11 14:50:00+00:00,4421.10009765625,4426.0,4419.0,4419.39990234375,1027.0
2026-09-11 14:55:00+00:00,4419.7998046875,4420.2998046875,4412.2998046875,4412.5,804.0
2026-09-11 15:00:00+00:00,4412.5,4414.7998046875,4408.2998046875,4412.60009765625,1156.0
2026-09-11 15:05:00+00:00,4412.2998046875,4412.7001953125,4403.39990234375,4405.0,1189.0
2026-09-11 15:10:00+00:00,4404.60009765625,4405.7998046875,4401.0,4404.2998046875,1222.0
2026-09-11 15:15:00+00:00,4404.10009765625,4408.10009765625,4403.39990234375,4404.2001953125,1330.0
2026-09-11 15:20:00+00:00,4404.5,4409.7998046875,4404.10009765625,4407.10009765625,860.0
2026-09-11 15:25:00+00:00,4407.39990234375,4414.0,4406.89990234375,4412.0,1127.0
2026-09-11 15:30:00+00:00,4411.7998046875,4417.2001953125,4410.60009765625,4414.39990234375,777.0
2026-09-11 15:35:00+00:00,4414.60009765625,4418.7001953125,4411.89990234375,4415.2001953125,920.0
2026-09-11 15:40:00+00:00,4415.2998046875,4416.60009765625,4411.7001953125,4414.5,479.0
2026-09-11 15:45:00+00:00,4414.2998046875,4415.0,4409.89990234375,4414.7001953125,444.0
2026-09-11 15:50:00+00:00,4414.7001953125,4415.2998046875,4408.10009765625,4410.5,662.0
2026-09-11 15:55:00+00:00,4410.60009765625,4411.10009765625,4406.7998046875,4408.60009765625,586.0
2026-09-11 16:00:00+00:00,4408.60009765625,4414.2998046875,4408.39990234375,4413.60009765625,505.0
2026-09-11 16:05:00+00:00,4413.39990234375,4414.39990234375,4408.10009765625,4408.60009765625,475.0
2026-09-11 16:10:00+00:00,4409.10009765625,4410.7001953125,4402.7001953125,4403.0,657.0
2026-09-11 16:15:00+00:00,4402.7998046875,4405.7998046875,4400.2001953125,4401.0,768.0
2026-09-11 16:20:00+00:00,4400.7998046875,4402.5,4393.2998046875,4394.39990234375,1875.0
2026-09-11 16:25:00+00:00,4394.39990234375,4404.2998046875,4393.89990234375,4396.2001953125,2311.0
2026-09-11 16:30:00+00:00,4396.5,4407.39990234375,4394.7001953125,4405.7998046875,1413.0
2026-09-11 16:35:00+00:00,4405.7001953125,4406.0,4400.7998046875,4401.2001953125,670.0
2026-09-11 16:40:00+00:00,4401.2001953125,4406.39990234375,4400.7001953125,4405.39990234375,636.0
2026-09-11 16:45:00+00:00,4405.5,4406.89990234375,4402.2998046875,4402.2998046875,408.0
2026-09-11 16:50:00+00:00,4402.5,4403.5,4402.10009765625,4403.0,147.0
2026-09-11 16:55:00+00:00,4403.0,4405.2001953125,4403.0,4403.7998046875,278.0
2026-09-11 17:00:00+00:00,4403.7001953125,4406.0,4402.89990234375,4405.2001953125,467.0
2026-09-11 17:05:00+00:00,4405.2001953125,4411.39990234375,4403.10009765625,4405.89990234375,989.0
2026-09-11 17:10:00+00:00,4406.0,4409.0,4404.2998046875,4407.60009765625,577.0
2026-09-11 17:15:00+00:00,4407.7001953125,4411.0,4405.5,4409.7998046875,532.0
2026-09-11 17:20:00+00:00,4409.89990234375,4411.60009765625,4408.0,4411.10009765625,703.0
2026-09-11 17:25:00+00:00,4411.39990234375,4412.2998046875,4408.10009765625,4409.10009765625,1396.0
2026-09-11 17:30:00+00:00,4409.10009765625,4412.7001953125,4407.39990234375,4411.5,654.0
2026-09-11 17:35:00+00:00,4411.39990234375,4411.7998046875,4404.39990234375,4404.7001953125,721.0
2026-09-11 17:40:00+00:00,4404.7001953125,4405.7998046875,4402.10009765625,4404.39990234375,587.0
2026-09-11 17:45:00+00:00,4404.10009765625,4404.60009765625,4401.39990234375,4404.0,326.0
2026-09-11 17:50:00+00:00,4403.89990234375,4406.2998046875,4403.2001953125,4405.10009765625,444.0
2026-09-11 17:55:00+00:00,4405.2001953125,4405.5,4400.0,4400.60009765625,360.0
2026-09-11 18:00:00+00:00,4400.5,4402.39990234375,4399.5,4402.39990234375,511.0
2026-09-11 18:05:00+00:00,4402.2001953125,4402.39990234375,4396.0,4396.2001953125,528.0
2026-09-11 18:10:00+00:00,4396.10009765625,4398.5,4387.10009765625,4389.0,1505.0
2026-09-11 18:15:00+00:00,4389.0,4394.2001953125,4386.7998046875,4391.7998046875,1230.0
2026-09-11 18:20:00+00:00,4391.7998046875,4392.5,4385.7998046875,4391.39990234375,1081.0
2026-09-11 18:25:00+00:00,4391.10009765625,4395.2998046875,4391.0,4392.89990234375,322.0
2026-09-11 18:30:00+00:00,4392.89990234375,4393.89990234375,4388.0,4390.2998046875,299.0
2026-09-11 18:35:00+00:00,4390.5,4392.2998046875,4389.0,4389.2998046875,276.0
2026-09-11 18:40:00+00:00,4389.10009765625,4391.39990234375,4389.0,4389.2001953125,146.0
2026-09-11 18:45:00+00:00,4389.10009765625,4389.39990234375,4386.2998046875,4387.2001953125,248.0
2026-09-11 18:50:00+00:00,4387.0,4388.60009765625,4386.60009765625,4387.2998046875,306.0
2026-09-11 18:55:00+00:00,4387.10009765625,4389.39990234375,4386.7001953125,4389.10009765625,276.0
2026-09-11 19:00:00+00:00,4389.2998046875,4390.39990234375,4387.39990234375,4389.60009765625,341.0
2026-09-11 19:05:00+00:00,4389.89990234375,4391.39990234375,4386.2998046875,4389.2001953125,405.0
2026-09-11 19:10:00+00:00,4389.5,4394.10009765625,4388.89990234375,4394.10009765625,616.0
2026-09-11 19:15:00+00:00,4393.7998046875,4395.7998046875,4391.2001953125,4391.39990234375,368.0
2026-09-11 19:20:00+00:00,4391.60009765625,4393.7998046875,4391.0,4393.7998046875,289.0
2026-09-11 19:25:00+00:00,4393.7998046875,4395.2998046875,4389.60009765625,4389.60009765625,335.0
2026-09-11 19:30:00+00:00,4389.89990234375,4390.60009765625,4387.5,4389.5,283.0
2026-09-11 19:35:00+00:00,4389.5,4390.39990234375,4388.2001953125,4389.10009765625,205.0
2026-09-11 19:40:00+00:00,4389.10009765625,4390.5,4388.2001953125,4388.89990234375,359.0
2026-09-11 19:45:00+00:00,4388.5,4388.89990234375,4385.39990234375,4385.5,280.0
2026-09-11 19:50:00+00:00,4385.2998046875,4388.2998046875,4384.89990234375,4387.60009765625,516.0
2026-09-11 19:55:00+00:00,4387.39990234375,4391.7998046875,4387.39990234375,4391.0,707.0
2026-09-11 20:00:00+00:00,4391.0,4393.7998046875,4390.2998046875,4391.39990234375,264.0
2026-09-11 20:05:00+00:00,4390.89990234375,4392.89990234375,4390.89990234375,4392.7001953125,85.0
2026-09-11 20:10:00+00:00,4392.60009765625,4392.89990234375,4390.7001953125,4391.10009765625,74.0
2026-09-11 20:15:00+00:00,4390.7998046875,4391.60009765625,4388.60009765625,4391.5,166.0
2026-09-11 20:20:00+00:00,4391.60009765625,4392.7001953125,4391.2998046875,4391.7001953125,61.0
2026-09-11 20:25:00+00:00,4391.60009765625,4392.2998046875,4390.60009765625,4390.7998046875,67.0
2026-09-11 20:30:00+00:00,4390.7998046875,4391.2001953125,4389.10009765625,4390.0,95.0
2026-09-11 20:35:00+00:00,4389.7998046875,4390.89990234375,4389.39990234375,4390.60009765625,58.0
2026-09-11 20:40:00+00:00,4390.7001953125,4390.7001953125,4388.0,4388.7001953125,100.0
2026-09-11 20:45:00+00:00,4388.7998046875,4391.2998046875,4388.39990234375,4389.7001953125,116.0
2026-09-11 20:50:00+00:00,4389.7998046875,4390.60009765625,4387.2998046875,4390.60009765625,278.0
2026-09-11 20:55:00+00:00,4390.10009765625,4408.89990234375,4389.7001953125,4408.89990234375,135.0
2026-09-13 22:10:00+00:00,4371.89990234375,4374.7001953125,4370.7001953125,4372.0,491.0
2026-09-13 22:15:00+00:00,4371.5,4374.2998046875,4369.89990234375,4374.10009765625,311.0
2026-09-13 22:20:00+00:00,4374.2998046875,4375.2998046875,4368.60009765625,4369.39990234375,346.0
2026-09-13 22:25:00+00:00,4369.5,4377.0,4369.5,4376.89990234375,291.0
2026-09-13 22:30:00+00:00,4376.89990234375,4378.7001953125,4375.2001953125,4377.2001953125,175.0
2026-09-13 22:35:00+00:00,4376.89990234375,4377.7001953125,4375.5,4376.39990234375,190.0
2026-09-13 22:40:00+00:00,4376.60009765625,4378.0,4374.5,4377.7001953125,145.0
2026-09-13 22:45:00+00:00,4378.0,4378.39990234375,4376.5,4377.2001953125,189.0
2026-09-13 22:50:00+00:00,4377.10009765625,4380.89990234375,4375.7998046875,4380.10009765625,628.0
2026-09-13 22:55:00+00:00,4380.0,4380.0,4378.2998046875,4378.39990234375,163.0
2026-09-13 23:00:00+00:00,4378.60009765625,4383.0,4378.60009765625,4381.89990234375,266.0
2026-09-13 23:05:00+00:00,4381.7001953125,4382.5,4381.2001953125,4382.10009765625,58.0
2026-09-13 23:10:00+00:00,4382.0,4382.89990234375,4380.10009765625,4380.10009765625,221.0
2026-09-13 23:15:00+00:00,4380.2998046875,4381.2998046875,4378.2001953125,4378.7001953125,116.0
2026-09-13 23:20:00+00:00,4378.39990234375,4379.0,4376.2998046875,4378.89990234375,112.0
2026-09-13 23:25:00+00:00,4378.60009765625,4380.7998046875,4377.7998046875,4379.89990234375,127.0
2026-09-13 23:30:00+00:00,4379.7998046875,4382.89990234375,4379.7998046875,4381.89990234375,83.0
2026-09-13 23:35:00+00:00,4382.39990234375,4382.39990234375,4379.39990234375,4381.2998046875,151.0
2026-09-13 23:40:00+00:00,4381.2001953125,4382.2998046875,4378.39990234375,4379.39990234375,60.0
2026-09-13 23:45:00+00:00,4378.39990234375,4379.0,4372.89990234375,4373.2998046875,242.0
2026-09-13 23:50:00+00:00,4372.60009765625,4375.7001953125,4372.60009765625,4375.0,78.0
2026-09-13 23:55:00+00:00,4374.39990234375,4376.10009765625,4372.7001953125,4373.2998046875,89.0
2026-09-14 00:00:00+00:00,4373.2998046875,4376.60009765625,4370.89990234375,4374.7998046875,350.0
2026-09-14 00:05:00+00:00,4375.5,4387.60009765625,4375.5,4386.7998046875,562.0
2026-09-14 00:10:00+00:00,4386.89990234375,4388.7998046875,4382.7998046875,4384.0,403.0
2026-09-14 00:15:00+00:00,4385.39990234375,4386.2998046875,4381.10009765625,4382.7001953125,253.0
2026-09-14 00:20:00+00:00,4382.2998046875,4382.2998046875,4378.2001953125,4379.5,147.0
2026-09-14 00:25:00+00:00,4380.39990234375,4381.60009765625,4374.2998046875,4378.89990234375,263.0
2026-09-14 00:30:00+00:00,4379.2998046875,4381.7998046875,4377.60009765625,4380.39990234375,197.0
2026-09-14 00:35:00+00:00,4380.39990234375,4381.7998046875,4374.10009765625,4374.10009765625,207.0
2026-09-14 00:40:00+00:00,4374.0,4379.7001953125,4373.39990234375,4379.10009765625,300.0
2026-09-14 00:45:00+00:00,4379.2998046875,4383.7001953125,4378.5,4380.7998046875,277.0
2026-09-14 00:50:00+00:00,4381.0,4383.7998046875,4380.7998046875,4383.7998046875,272.0
2026-09-14 00:55:00+00:00,4384.0,4384.39990234375,4379.2998046875,4379.60009765625,219.0
2026-09-14 01:00:00+00:00,4379.7001953125,4385.89990234375,4371.89990234375,4372.39990234375,1286.0
2026-09-14 01:05:00+00:00,4371.89990234375,4378.2001953125,4370.7001953125,4377.5,628.0
2026-09-14 01:10:00+00:00,4378.0,4378.0,4370.60009765625,4373.0,300.0
2026-09-14 01:15:00+00:00,4372.39990234375,4374.89990234375,4367.5,4368.10009765625,400.0
2026-09-14 01:20:00+00:00,4368.39990234375,4378.7998046875,4367.10009765625,4375.7998046875,566.0
2026-09-14 01:25:00+00:00,4376.2001953125,4379.10009765625,4371.89990234375,4376.7001953125,343.0
2026-09-14 01:30:00+00:00,4376.2998046875,4377.0,4369.2998046875,4372.7998046875,262.0
2026-09-14 01:35:00+00:00,4372.7001953125,4386.2998046875,4372.7001953125,4385.39990234375,767.0
2026-09-14 01:40:00+00:00,4385.2998046875,4387.60009765625,4378.2998046875,4383.2001953125,443.0
2026-09-14 01:45:00+00:00,4384.7001953125,4390.10009765625,4383.7998046875,4387.0,473.0
2026-09-14 01:50:00+00:00,4387.2998046875,4391.5,4383.89990234375,4389.2998046875,343.0
2026-09-14 01:55:00+00:00,4389.60009765625,4396.5,4387.7001953125,4394.5,550.0
2026-09-14 02:00:00+00:00,4394.39990234375,4395.7001953125,4389.7998046875,4390.10009765625,518.0
2026-09-14 02:05:00+00:00,4390.7001953125,4396.2001953125,4390.2998046875,4393.7998046875,405.0
2026-09-14 02:10:00+00:00,4394.2001953125,4395.10009765625,4389.7001953125,4390.5,240.0
2026-09-14 02:15:00+00:00,4390.5,4391.10009765625,4389.2998046875,4391.0,96.0
2026-09-14 02:20:00+00:00,4390.2001953125,4394.7998046875,4390.10009765625,4394.60009765625,122.0
2026-09-14 02:25:00+00:00,4394.60009765625,4395.2998046875,4393.10009765625,4393.2001953125,131.0
2026-09-14 02:30:00+00:00,4393.7001953125,4396.7998046875,4391.7998046875,4396.5,357.0
2026-09-14 02:35:00+00:00,4395.7998046875,4395.89990234375,4388.89990234375,4389.10009765625,293.0
2026-09-14 02:40:00+00:00,4389.0,4389.39990234375,4384.5,4386.60009765625,475.0
2026-09-14 02:45:00+00:00,4386.89990234375,4389.39990234375,4385.89990234375,4385.89990234375,237.0
2026-09-14 02:50:00+00:00,4386.10009765625,4386.2998046875,4378.7998046875,4379.39990234375,443.0
2026-09-14 02:55:00+00:00,4379.39990234375,4379.5,4371.10009765625,4371.7998046875,626.0
2026-09-14 03:00:00+00:00,4371.5,4374.0,4368.2998046875,4373.2001953125,676.0
2026-09-14 03:05:00+00:00,4373.2001953125,4376.89990234375,4372.7001953125,4376.60009765625,339.0
2026-09-14 03:10:00+00:00,4376.60009765625,4376.7001953125,4373.2998046875,4374.2001953125,283.0
2026-09-14 03:15:00+00:00,4374.2001953125,4376.7001953125,4372.5,4376.10009765625,201.0
2026-09-14 03:20:00+00:00,4376.7001953125,4377.10009765625,4374.7001953125,4375.39990234375,94.0
2026-09-14 03:25:00+00:00,4375.60009765625,4376.2001953125,4374.0,4375.10009765625,98.0
2026-09-14 03:30:00+00:00,4375.5,4375.7001953125,4370.5,4370.7998046875,183.0
2026-09-14 03:35:00+00:00,4370.2001953125,4373.39990234375,4368.89990234375,4372.39990234375,315.0
2026-09-14 03:40:00+00:00,4372.10009765625,4372.10009765625,4367.2001953125,4369.39990234375,357.0
2026-09-14 03:45:00+00:00,4369.39990234375,4373.60009765625,4368.7998046875,4373.10009765625,230.0
2026-09-14 03:50:00+00:00,4372.89990234375,4373.7998046875,4370.5,4372.2998046875,283.0
2026-09-14 03:55:00+00:00,4372.60009765625,4373.39990234375,4369.89990234375,4370.60009765625,121.0
2026-09-14 04:00:00+00:00,4370.60009765625,4371.89990234375,4370.0,4371.2001953125,132.0
2026-09-14 04:05:00+00:00,4371.39990234375,4371.60009765625,4369.39990234375,4370.7998046875,84.0
2026-09-14 04:10:00+00:00,4370.60009765625,4371.10009765625,4369.2998046875,4369.39990234375,72.0
2026-09-14 04:15:00+00:00,4369.39990234375,4370.2998046875,4369.0,4369.5,73.0
2026-09-14 04:20:00+00:00,4369.5,4370.60009765625,4369.2998046875,4370.10009765625,53.0
2026-09-14 04:25:00+00:00,4370.5,4371.89990234375,4369.60009765625,4371.7998046875,143.0
2026-09-14 04:30:00+00:00,4371.7998046875,4371.7998046875,4367.89990234375,4368.0,224.0
2026-09-14 04:35:00+00:00,4367.7998046875,4370.0,4364.7998046875,4366.7998046875,675.0
2026-09-14 04:40:00+00:00,4366.5,4366.5,4363.39990234375,4363.5,213.0
2026-09-14 04:45:00+00:00,4363.7998046875,4366.0,4362.10009765625,4365.2998046875,285.0
2026-09-14 04:50:00+00:00,4365.2998046875,4368.39990234375,4363.2998046875,4368.10009765625,392.0
2026-09-14 04:55:00+00:00,4368.39990234375,4371.7998046875,4368.39990234375,4369.60009765625,341.0
2026-09-14 05:00:00+00:00,4369.7998046875,4372.7001953125,4367.0,4372.2998046875,334.0
2026-09-14 05:05:00+00:00,4372.0,4372.5,4369.10009765625,4369.10009765625,258.0
2026-09-14 05:10:00+00:00,4369.0,4371.0,4366.7001953125,4371.0,208.0
2026-09-14 05:15:00+00:00,4370.7001953125,4372.39990234375,4369.7998046875,4370.2001953125,114.0
2026-09-14 05:20:00+00:00,4370.0,4370.39990234375,4366.5,4367.60009765625,131.0
2026-09-14 05:25:00+00:00,4367.39990234375,4369.2001953125,4366.5,4366.5,147.0
2026-09-14 05:30:00+00:00,4366.89990234375,4377.2001953125,4365.39990234375,4373.0,829.0
2026-09-14 05:35:00+00:00,4373.0,4377.39990234375,4372.60009765625,4375.60009765625,322.0
2026-09-14 05:40:00+00:00,4375.7998046875,4375.7998046875,4366.5,4371.39990234375,580.0
2026-09-14 05:45:00+00:00,4371.2998046875,4374.2001953125,4365.5,4366.39990234375,486.0
2026-09-14 05:50:00+00:00,4366.60009765625,4375.10009765625,4363.5,4374.7998046875,510.0
2026-09-14 05:55:00+00:00,4374.7998046875,4378.10009765625,4373.2001953125,4378.10009765625,484.0
2026-09-14 06:00:00+00:00,4377.89990234375,4379.2998046875,4374.89990234375,4375.0,542.0
2026-09-14 06:05:00+00:00,4374.7998046875,4376.7001953125,4371.5,4371.5,331.0
2026-09-14 06:10:00+00:00,4371.2998046875,4374.10009765625,4367.39990234375,4370.5,251.0
2026-09-14 06:15:00+00:00,4370.2001953125,4371.2001953125,4368.2998046875,4370.7001953125,189.0
2026-09-14 06:20:00+00:00,4370.60009765625,4372.0,4367.39990234375,4369.89990234375,235.0
2026-09-14 06:25:00+00:00,4369.7998046875,4373.0,4369.5,4370.89990234375,152.0
2026-09-14 06:30:00+00:00,4370.39990234375,4372.5,4369.60009765625,4370.10009765625,137.0
2026-09-14 06:35:00+00:00,4370.7998046875,4372.89990234375,4368.2001953125,4368.2001953125,281.0
2026-09-14 06:40:00+00:00,4368.2001953125,4368.60009765625,4365.7001953125,4367.7998046875,368.0
2026-09-14 06:45:00+00:00,4368.0,4370.5,4364.39990234375,4364.5,433.0
2026-09-14 06:50:00+00:00,4364.5,4365.7001953125,4362.60009765625,4363.60009765625,288.0
2026-09-14 06:55:00+00:00,4363.5,4363.7001953125,4360.89990234375,4362.5,299.0
2026-09-14 07:00:00+00:00,4362.39990234375,4362.7001953125,4357.89990234375,4361.7998046875,491.0
2026-09-14 07:05:00+00:00,4361.7001953125,4363.7001953125,4359.0,4359.0,418.0
2026-09-14 07:10:00+00:00,4358.89990234375,4364.5,4358.89990234375,4364.5,266.0
2026-09-14 07:15:00+00:00,4364.39990234375,4364.39990234375,4361.60009765625,4364.2998046875,193.0
2026-09-14 07:20:00+00:00,4363.39990234375,4363.7998046875,4359.5,4359.7001953125,299.0
2026-09-14 07:25:00+00:00,4360.60009765625,4362.0,4356.7001953125,4357.2998046875,494.0
2026-09-14 07:30:00+00:00,4357.2001953125,4359.60009765625,4356.2998046875,4356.7998046875,447.0
2026-09-14 07:35:00+00:00,4357.5,4358.10009765625,4355.7001953125,4357.10009765625,320.0
2026-09-14 07:40:00+00:00,4357.2001953125,4359.7998046875,4356.7998046875,4359.2998046875,298.0
2026-09-14 07:45:00+00:00,4359.2998046875,4362.2001953125,4355.7001953125,4358.10009765625,505.0
2026-09-14 07:50:00+00:00,4358.10009765625,4359.39990234375,4350.5,4351.5,828.0
2026-09-14 07:55:00+00:00,4351.39990234375,4352.5,4348.0,4350.7001953125,596.0
2026-09-14 08:00:00+00:00,4350.89990234375,4357.0,4350.7998046875,4354.89990234375,531.0
2026-09-14 08:05:00+00:00,4354.7998046875,4358.39990234375,4353.5,4356.0,385.0
2026-09-14 08:10:00+00:00,4356.39990234375,4356.39990234375,4352.5,4353.2998046875,173.0
2026-09-14 08:15:00+00:00,4353.0,4353.2001953125,4350.2001953125,4351.0,209.0
2026-09-14 08:20:00+00:00,4351.10009765625,4354.60009765625,4351.0,4353.5,384.0
2026-09-14 08:25:00+00:00,4353.2998046875,4353.7998046875,4350.5,4350.7001953125,229.0
2026-09-14 08:30:00+00:00,4350.0,4354.2001953125,4349.5,4352.5,310.0
2026-09-14 08:35:00+00:00,4352.7001953125,4356.10009765625,4351.89990234375,4353.39990234375,328.0
2026-09-14 08:40:00+00:00,4353.2998046875,4354.0,4349.5,4351.89990234375,340.0
2026-09-14 08:45:00+00:00,4352.0,4353.5,4346.7998046875,4349.2998046875,262.0
2026-09-14 08:50:00+00:00,4349.2001953125,4349.2001953125,4345.60009765625,4346.2998046875,323.0
2026-09-14 08:55:00+00:00,4346.5,4347.2001953125,4343.2001953125,4346.60009765625,758.0
2026-09-14 09:00:00+00:00,4346.2998046875,4351.7001953125,4344.7998046875,4349.2998046875,827.0
2026-09-14 09:05:00+00:00,4349.0,4351.7998046875,4348.2001953125,4350.2001953125,321.0
2026-09-14 09:10:00+00:00,4349.60009765625,4350.5,4344.89990234375,4345.60009765625,260.0
2026-09-14 09:15:00+00:00,4345.5,4345.89990234375,4326.39990234375,4332.60009765625,2967.0
2026-09-14 09:20:00+00:00,4332.39990234375,4333.2001953125,4325.5,4327.5,1682.0
2026-09-14 09:25:00+00:00,4327.39990234375,4328.2998046875,4320.10009765625,4327.89990234375,1850.0
2026-09-14 09:30:00+00:00,4327.39990234375,4329.2001953125,4323.2001953125,4327.2998046875,1330.0
2026-09-14 09:35:00+00:00,4327.5,4328.39990234375,4318.60009765625,4322.0,1117.0
2026-09-14 09:40:00+00:00,4322.0,4328.0,4320.2998046875,4321.0,1311.0
2026-09-14 09:45:00+00:00,4321.2998046875,4324.0,4318.60009765625,4321.2998046875,767.0
2026-09-14 09:50:00+00:00,4321.60009765625,4327.60009765625,4317.2998046875,4327.39990234375,890.0
2026-09-14 09:55:00+00:00,4327.39990234375,4328.0,4324.0,4325.2001953125,683.0
2026-09-14 10:00:00+00:00,4325.10009765625,4325.7001953125,4317.7998046875,4321.10009765625,846.0
2026-09-14 10:05:00+00:00,4321.39990234375,4325.7998046875,4321.39990234375,4325.60009765625,460.0
2026-09-14 10:10:00+00:00,4325.60009765625,4329.39990234375,4325.2001953125,4328.2001953125,523.0
2026-09-14 10:15:00+00:00,4327.7998046875,4330.89990234375,4325.7001953125,4329.7001953125,621.0
2026-09-14 10:20:00+00:00,4329.7001953125,4329.89990234375,4325.7998046875,4328.7998046875,317.0
2026-09-14 10:25:00+00:00,4328.7998046875,4332.39990234375,4328.7998046875,4330.89990234375,433.0
2026-09-14 10:30:00+00:00,4331.0,4332.7001953125,4328.89990234375,4331.0,406.0
2026-09-14 10:35:00+00:00,4331.0,4333.7001953125,4330.7001953125,4333.2998046875,354.0
2026-09-14 10:40:00+00:00,4333.2001953125,4334.7998046875,4332.89990234375,4333.5,242.0
2026-09-14 10:45:00+00:00,4333.89990234375,4334.7001953125,4331.7001953125,4332.7001953125,343.0
2026-09-14 10:50:00+00:00,4332.7001953125,4333.2001953125,4330.89990234375,4331.7998046875,328.0
2026-09-14 10:55:00+00:00,4331.39990234375,4336.5,4329.7001953125,4334.39990234375,670.0
2026-09-14 11:00:00+00:00,4334.39990234375,4336.7998046875,4333.2001953125,4336.7998046875,362.0
2026-09-14 11:05:00+00:00,4336.60009765625,4336.7998046875,4333.0,4335.0,453.0
2026-09-14 11:10:00+00:00,4334.7001953125,4334.89990234375,4331.2001953125,4332.2998046875,510.0
2026-09-14 11:15:00+00:00,4332.10009765625,4335.60009765625,4331.10009765625,4335.39990234375,342.0
2026-09-14 11:20:00+00:00,4335.7998046875,4337.10009765625,4334.2001953125,4336.89990234375,182.0
2026-09-14 11:25:00+00:00,4336.7001953125,4336.7998046875,4335.60009765625,4336.2998046875,180.0
2026-09-14 11:30:00+00:00,4336.10009765625,4337.10009765625,4334.2001953125,4334.89990234375,321.0
2026-09-14 11:35:00+00:00,4334.89990234375,4335.10009765625,4332.2001953125,4333.0,357.0
2026-09-14 11:40:00+00:00,4333.2998046875,4334.89990234375,4332.0,4332.5,189.0
2026-09-14 11:45:00+00:00,4332.7001953125,4333.60009765625,4331.39990234375,4333.39990234375,221.0
2026-09-14 11:50:00+00:00,4333.2001953125,4333.2998046875,4326.39990234375,4327.5,777.0
2026-09-14 11:55:00+00:00,4327.60009765625,4328.2998046875,4324.10009765625,4326.89990234375,621.0
2026-09-14 12:00:00+00:00,4327.10009765625,4330.5,4325.10009765625,4327.10009765625,562.0
2026-09-14 12:05:00+00:00,4327.0,4334.2001953125,4326.0,4333.7001953125,483.0
2026-09-14 12:10:00+00:00,4333.39990234375,4336.7998046875,4332.0,4334.60009765625,539.0
2026-09-14 12:15:00+00:00,4334.89990234375,4337.7001953125,4329.5,4330.10009765625,1939.0
2026-09-14 12:20:00+00:00,4330.10009765625,4330.60009765625,4324.5,4325.89990234375,967.0
2026-09-14 12:25:00+00:00,4325.89990234375,4328.10009765625,4322.89990234375,4326.2998046875,640.0
2026-09-14 12:30:00+00:00,4326.2998046875,4329.2998046875,4323.5,4328.2001953125,639.0
2026-09-14 12:35:00+00:00,4328.39990234375,4329.89990234375,4313.0,4318.10009765625,2721.0
2026-09-14 12:40:00+00:00,4317.7998046875,4326.7998046875,4315.89990234375,4323.7998046875,1517.0
2026-09-14 12:45:00+00:00,4323.60009765625,4323.60009765625,4316.2998046875,4318.39990234375,630.0
2026-09-14 12:50:00+00:00,4318.39990234375,4319.10009765625,4307.7998046875,4309.7998046875,1359.0
2026-09-14 12:55:00+00:00,4309.89990234375,4312.10009765625,4305.7001953125,4310.7998046875,1247.0
2026-09-14 13:00:00+00:00,4311.2001953125,4312.89990234375,4305.5,4307.5,1953.0
2026-09-14 13:05:00+00:00,4307.39990234375,4310.39990234375,4293.0,4300.0,3515.0
2026-09-14 13:10:00+00:00,4300.2001953125,4308.5,4299.5,4306.10009765625,1796.0
2026-09-14 13:15:00+00:00,4306.0,4313.0,4303.7998046875,4312.39990234375,1252.0
2026-09-14 13:20:00+00:00,4312.89990234375,4317.5,4311.89990234375,4316.0,981.0
2026-09-14 13:25:00+00:00,4315.89990234375,4317.5,4311.0,4313.7001953125,984.0
2026-09-14 13:30:00+00:00,4313.7001953125,4318.39990234375,4311.7001953125,4312.0,1737.0
2026-09-14 13:35:00+00:00,4312.2001953125,4315.0,4308.39990234375,4308.5,843.0
2026-09-14 13:40:00+00:00,4308.5,4315.0,4306.5,4314.7998046875,807.0
2026-09-14 13:45:00+00:00,4314.7001953125,4321.2001953125,4311.60009765625,4316.5,1326.0
2026-09-14 13:50:00+00:00,4316.39990234375,4321.89990234375,4310.5,4312.89990234375,1409.0
2026-09-14 13:55:00+00:00,4313.0,4315.7001953125,4309.5,4312.2001953125,837.0
2026-09-14 14:00:00+00:00,4312.10009765625,4315.60009765625,4306.0,4307.7001953125,1631.0
2026-09-14 14:05:00+00:00,4307.5,4311.5,4304.7001953125,4311.2998046875,932.0
2026-09-14 14:10:00+00:00,4311.2998046875,4322.5,4311.2998046875,4322.10009765625,1607.0
2026-09-14 14:15:00+00:00,4322.2001953125,4323.39990234375,4313.2001953125,4316.39990234375,1041.0
2026-09-14 14:20:00+00:00,4316.0,4316.2998046875,4303.7001953125,4305.10009765625,1314.0
2026-09-14 14:25:00+00:00,4305.0,4310.39990234375,4304.2998046875,4310.39990234375,1024.0
2026-09-14 14:30:00+00:00,4310.39990234375,4311.60009765625,4306.0,4311.2998046875,922.0
2026-09-14 14:35:00+00:00,4311.60009765625,4312.5,4308.2001953125,4311.89990234375,526.0
2026-09-14 14:40:00+00:00,4311.5,4317.39990234375,4309.10009765625,4317.0,686.0
2026-09-14 14:45:00+00:00,4317.5,4319.60009765625,4316.5,4318.60009765625,832.0
2026-09-14 14:50:00+00:00,4318.7998046875,4319.60009765625,4314.39990234375,4317.0,1003.0
2026-09-14 14:55:00+00:00,4316.7998046875,4320.10009765625,4315.10009765625,4320.10009765625,585.0
2026-09-14 15:00:00+00:00,4320.2001953125,4320.60009765625,4313.10009765625,4313.2001953125,875.0
2026-09-14 15:05:00+00:00,4313.5,4327.7998046875,4313.39990234375,4320.89990234375,3662.0
2026-09-14 15:10:00+00:00,4321.2998046875,4323.7001953125,4317.60009765625,4317.60009765625,581.0
2026-09-14 15:15:00+00:00,4317.5,4319.5,4313.2001953125,4316.89990234375,1077.0
2026-09-14 15:20:00+00:00,4316.5,4320.5,4315.0,4320.10009765625,624.0
2026-09-14 15:25:00+00:00,4319.89990234375,4325.60009765625,4318.89990234375,4324.2998046875,776.0
2026-09-14 15:30:00+00:00,4324.2998046875,4335.2001953125,4323.60009765625,4334.60009765625,2680.0
2026-09-14 15:35:00+00:00,4334.5,4338.60009765625,4330.5,4338.39990234375,1793.0
2026-09-14 15:40:00+00:00,4338.5,4339.39990234375,4333.5,4334.89990234375,1663.0
2026-09-14 15:45:00+00:00,4335.39990234375,4336.2001953125,4328.7998046875,4328.89990234375,1192.0
2026-09-14 15:50:00+00:00,4329.39990234375,4331.39990234375,4327.2001953125,4330.10009765625,923.0
2026-09-14 15:55:00+00:00,4330.5,4332.2998046875,4328.89990234375,4329.10009765625,643.0
2026-09-14 16:00:00+00:00,4329.2998046875,4331.2001953125,4327.2998046875,4327.5,444.0
2026-09-14 16:05:00+00:00,4327.39990234375,4335.60009765625,4327.39990234375,4335.60009765625,874.0
2026-09-14 16:10:00+00:00,4335.7998046875,4338.89990234375,4334.89990234375,4334.89990234375,682.0
2026-09-14 16:15:00+00:00,4335.10009765625,4340.0,4334.89990234375,4339.5,809.0
2026-09-14 16:20:00+00:00,4339.60009765625,4346.2998046875,4338.0,4345.2998046875,1143.0
2026-09-14 16:25:00+00:00,4345.39990234375,4346.39990234375,4340.7001953125,4340.89990234375,881.0
2026-09-14 16:30:00+00:00,4340.7998046875,4346.7001953125,4340.2001953125,4341.7001953125,759.0
2026-09-14 16:35:00+00:00,4341.7001953125,4344.0,4340.7001953125,4343.60009765625,262.0
2026-09-14 16:40:00+00:00,4343.60009765625,4348.89990234375,4343.2001953125,4346.89990234375,668.0
2026-09-14 16:45:00+00:00,4347.0,4356.7998046875,4345.60009765625,4354.5,2717.0
2026-09-14 16:50:00+00:00,4354.7998046875,4358.5,4353.10009765625,4357.7001953125,1401.0
2026-09-14 16:55:00+00:00,4357.89990234375,4358.89990234375,4355.39990234375,4356.5,847.0
2026-09-14 17:00:00+00:00,4356.5,4357.39990234375,4353.0,4355.60009765625,699.0
2026-09-14 17:05:00+00:00,4355.2998046875,4355.2998046875,4352.60009765625,4354.7001953125,605.0
2026-09-14 17:10:00+00:00,4354.10009765625,4356.2998046875,4351.60009765625,4351.89990234375,682.0
2026-09-14 17:15:00+00:00,4351.5,4353.60009765625,4349.7001953125,4350.39990234375,603.0
2026-09-14 17:20:00+00:00,4350.5,4352.60009765625,4350.2998046875,4351.60009765625,403.0
2026-09-14 17:25:00+00:00,4351.7998046875,4354.7001953125,4350.2998046875,4352.2998046875,2295.0
2026-09-14 17:30:00+00:00,4352.2998046875,4354.10009765625,4349.5,4349.7001953125,730.0
2026-09-14 17:35:00+00:00,4349.5,4352.2001953125,4348.2001953125,4351.60009765625,378.0
2026-09-14 17:40:00+00:00,4351.7998046875,4352.7001953125,4349.7998046875,4350.39990234375,303.0
2026-09-14 17:45:00+00:00,4350.2001953125,4351.89990234375,4349.10009765625,4349.5,382.0
2026-09-14 17:50:00+00:00,4349.5,4354.0,4348.89990234375,4352.60009765625,394.0
2026-09-14 17:55:00+00:00,4352.60009765625,4354.2998046875,4351.10009765625,4351.60009765625,521.0
2026-09-14 18:00:00+00:00,4351.7001953125,4356.7001953125,4350.2001953125,4350.5,1114.0
2026-09-14 18:05:00+00:00,4350.60009765625,4351.7998046875,4348.7001953125,4350.7998046875,686.0
2026-09-14 18:10:00+00:00,4350.7998046875,4353.2001953125,4350.60009765625,4353.2001953125,180.0
2026-09-14 18:15:00+00:00,4352.7001953125,4353.0,4351.5,4352.0,213.0
2026-09-14 18:20:00+00:00,4351.7998046875,4352.39990234375,4348.2998046875,4348.5,243.0
2026-09-14 18:25:00+00:00,4348.39990234375,4350.2001953125,4346.60009765625,4350.2001953125,565.0
2026-09-14 18:30:00+00:00,4349.89990234375,4353.60009765625,4348.7001953125,4351.7001953125,439.0
2026-09-14 18:35:00+00:00,4352.2998046875,4353.39990234375,4351.2001953125,4351.2001953125,187.0
2026-09-14 18:40:00+00:00,4351.2001953125,4351.5,4349.5,4349.89990234375,217.0
2026-09-14 18:45:00+00:00,4349.5,4350.10009765625,4347.2998046875,4347.7001953125,355.0
2026-09-14 18:50:00+00:00,4347.60009765625,4347.7998046875,4345.0,4347.0,572.0
2026-09-14 18:55:00+00:00,4346.7001953125,4348.2001953125,4345.7001953125,4347.7998046875,206.0
2026-09-14 19:00:00+00:00,4347.89990234375,4348.2998046875,4344.5,4346.7001953125,594.0
2026-09-14 19:05:00+00:00,4346.7998046875,4346.7998046875,4343.10009765625,4344.10009765625,291.0
2026-09-14 19:10:00+00:00,4344.2998046875,4347.2001953125,4343.89990234375,4346.39990234375,238.0
2026-09-14 19:15:00+00:00,4346.2998046875,4346.2998046875,4340.7001953125,4342.2998046875,450.0
2026-09-14 19:20:00+00:00,4342.2998046875,4342.7998046875,4336.5,4338.0,447.0
2026-09-14 19:25:00+00:00,4337.89990234375,4339.39990234375,4337.0,4337.10009765625,667.0
2026-09-14 19:30:00+00:00,4337.10009765625,4338.0,4333.39990234375,4333.7998046875,564.0
2026-09-14 19:35:00+00:00,4333.89990234375,4335.7001953125,4332.60009765625,4332.7001953125,508.0
2026-09-14 19:40:00+00:00,4332.7001953125,4333.0,4331.2001953125,4332.39990234375,371.0
2026-09-14 19:45:00+00:00,4332.39990234375,4332.39990234375,4328.5,4328.5,447.0
2026-09-14 19:50:00+00:00,4328.2998046875,4328.7998046875,4324.89990234375,4327.0,754.0
2026-09-14 19:55:00+00:00,4326.7001953125,4326.89990234375,4323.2001953125,4324.10009765625,970.0
2026-09-14 20:00:00+00:00,4324.10009765625,4325.39990234375,4322.7998046875,4325.2998046875,416.0
2026-09-14 20:05:00+00:00,4325.2998046875,4327.39990234375,4325.2998046875,4326.5,414.0
2026-09-14 20:10:00+00:00,4326.2998046875,4329.2001953125,4326.2998046875,4328.39990234375,301.0
2026-09-14 20:15:00+00:00,4328.5,4334.2998046875,4328.39990234375,4334.0,422.0
2026-09-14 20:20:00+00:00,4334.10009765625,4336.89990234375,4334.10009765625,4336.5,398.0
2026-09-14 20:25:00+00:00,4336.7001953125,4339.2001953125,4336.7001953125,4337.5,337.0
2026-09-14 20:30:00+00:00,4337.60009765625,4340.39990234375,4337.60009765625,4340.0,178.0
2026-09-14 20:35:00+00:00,4339.89990234375,4339.89990234375,4335.5,4336.89990234375,176.0
2026-09-14 20:40:00+00:00,4336.89990234375,4337.5,4335.2998046875,4335.7001953125,56.0
2026-09-14 20:45:00+00:00,4335.60009765625,4338.0,4335.60009765625,4337.60009765625,132.0
2026-09-14 20:50:00+00:00,4337.39990234375,4338.5,4337.2998046875,4338.5,77.0
2026-09-14 20:55:00+00:00,4338.2998046875,4340.39990234375,4338.2998046875,4340.0,177.0
2026-09-14 22:00:00+00:00,4340.2998046875,4343.60009765625,4339.0,4340.0,0.0
2026-09-14 22:05:00+00:00,4340.2001953125,4340.2001953125,4337.2001953125,4337.7998046875,159.0
2026-09-14 22:10:00+00:00,4337.39990234375,4338.2001953125,4336.89990234375,4337.2001953125,97.0
2026-09-14 22:15:00+00:00,4337.60009765625,4338.0,4336.39990234375,4336.60009765625,190.0
2026-09-14 22:20:00+00:00,4336.89990234375,4338.39990234375,4336.0,4336.5,440.0
2026-09-14 22:25:00+00:00,4336.7001953125,4336.7998046875,4332.60009765625,4336.2001953125,350.0
2026-09-14 22:30:00+00:00,4336.10009765625,4338.2998046875,4335.7998046875,4337.39990234375,119.0
2026-09-14 22:35:00+00:00,4337.5,4339.2001953125,4334.10009765625,4336.39990234375,439.0
2026-09-14 22:40:00+00:00,4336.39990234375,4338.7001953125,4334.0,4336.2001953125,904.0
2026-09-14 22:45:00+00:00,4336.2998046875,4336.7998046875,4335.10009765625,4335.7998046875,98.0
2026-09-14 22:50:00+00:00,4335.89990234375,4338.89990234375,4334.5,4336.7998046875,480.0
2026-09-14 22:55:00+00:00,4336.7998046875,4337.89990234375,4333.7998046875,4335.89990234375,739.0
2026-09-14 23:00:00+00:00,4335.7998046875,4338.10009765625,4333.60009765625,4334.7998046875,446.0
2026-09-14 23:05:00+00:00,4334.2001953125,4335.7001953125,4332.7998046875,4333.7998046875,427.0
2026-09-14 23:10:00+00:00,4333.89990234375,4334.7998046875,4330.7998046875,4332.5,638.0
2026-09-14 23:15:00+00:00,4332.89990234375,4332.89990234375,4329.2998046875,4330.0,353.0
2026-09-14 23:20:00+00:00,4330.10009765625,4331.2001953125,4327.5,4330.7001953125,372.0
2026-09-14 23:25:00+00:00,4330.89990234375,4331.2001953125,4327.5,4330.5,517.0
2026-09-14 23:30:00+00:00,4330.2998046875,4332.2998046875,4328.2001953125,4331.2998046875,340.0
2026-09-14 23:35:00+00:00,4331.10009765625,4331.7998046875,4328.60009765625,4330.0,235.0
2026-09-14 23:40:00+00:00,4329.7998046875,4332.39990234375,4329.0,4329.89990234375,320.0
2026-09-14 23:45:00+00:00,4330.0,4330.0,4327.7998046875,4328.7998046875,167.0
2026-09-14 23:50:00+00:00,4329.5,4329.7001953125,4327.7001953125,4328.39990234375,147.0
2026-09-14 23:55:00+00:00,4328.39990234375,4329.60009765625,4328.10009765625,4329.0,47.0
2026-09-15 00:00:00+00:00,4328.89990234375,4329.7001953125,4327.0,4327.0,234.0
2026-09-15 00:05:00+00:00,4326.7998046875,4329.0,4324.2001953125,4327.2001953125,218.0
2026-09-15 00:10:00+00:00,4327.10009765625,4327.5,4324.5,4327.5,133.0
2026-09-15 00:15:00+00:00,4327.2998046875,4330.7998046875,4325.10009765625,4325.2998046875,359.0
2026-09-15 00:20:00+00:00,4325.5,4328.2001953125,4324.2001953125,4328.0,288.0
2026-09-15 00:25:00+00:00,4328.0,4330.2998046875,4326.39990234375,4328.89990234375,378.0
2026-09-15 00:30:00+00:00,4328.60009765625,4329.7998046875,4323.7998046875,4325.2001953125,266.0
2026-09-15 00:35:00+00:00,4324.89990234375,4331.39990234375,4324.60009765625,4330.89990234375,373.0
2026-09-15 00:40:00+00:00,4330.7998046875,4333.7998046875,4330.2001953125,4333.2998046875,335.0
2026-09-15 00:45:00+00:00,4333.60009765625,4335.2998046875,4332.5,4334.7001953125,178.0
2026-09-15 00:50:00+00:00,4334.7998046875,4337.2998046875,4334.2998046875,4334.89990234375,270.0
2026-09-15 00:55:00+00:00,4334.7998046875,4334.89990234375,4333.2998046875,4333.60009765625,237.0
2026-09-15 01:00:00+00:00,4333.7998046875,4338.7998046875,4328.39990234375,4336.39990234375,1032.0
2026-09-15 01:05:00+00:00,4336.2998046875,4338.89990234375,4333.2001953125,4334.0,412.0
2026-09-15 01:10:00+00:00,4334.2001953125,4340.10009765625,4333.89990234375,4339.7998046875,323.0
2026-09-15 01:15:00+00:00,4339.7001953125,4346.0,4339.2998046875,4344.2001953125,762.0
2026-09-15 01:20:00+00:00,4344.2001953125,4344.7001953125,4341.7001953125,4342.2001953125,348.0
2026-09-15 01:25:00+00:00,4342.10009765625,4343.10009765625,4340.10009765625,4341.7998046875,281.0
2026-09-15 01:30:00+00:00,4342.10009765625,4347.0,4341.60009765625,4342.39990234375,515.0
2026-09-15 01:35:00+00:00,4342.2998046875,4342.60009765625,4335.5,4337.5,549.0
2026-09-15 01:40:00+00:00,4337.7001953125,4339.7001953125,4335.2001953125,4339.10009765625,376.0
2026-09-15 01:45:00+00:00,4338.60009765625,4341.7998046875,4336.39990234375,4340.2001953125,503.0
2026-09-15 01:50:00+00:00,4339.39990234375,4339.7998046875,4333.89990234375,4339.2001953125,389.0
2026-09-15 01:55:00+00:00,4339.39990234375,4344.89990234375,4339.0,4344.10009765625,278.0
2026-09-15 02:00:00+00:00,4344.5,4352.10009765625,4344.39990234375,4347.2001953125,1003.0
2026-09-15 02:05:00+00:00,4346.7998046875,4349.10009765625,4346.2998046875,4347.2001953125,904.0
2026-09-15 02:10:00+00:00,4347.89990234375,4348.2998046875,4345.2001953125,4347.5,279.0
2026-09-15 02:15:00+00:00,4347.5,4347.89990234375,4345.60009765625,4347.0,255.0
2026-09-15 02:20:00+00:00,4347.2001953125,4349.0,4346.2001953125,4348.5,179.0
2026-09-15 02:25:00+00:00,4348.39990234375,4350.5,4348.0,4350.39990234375,254.0
2026-09-15 02:30:00+00:00,4350.89990234375,4352.89990234375,4347.60009765625,4352.2001953125,499.0
2026-09-15 02:35:00+00:00,4352.2001953125,4355.7998046875,4349.60009765625,4355.5,477.0
2026-09-15 02:40:00+00:00,4355.60009765625,4358.2001953125,4351.60009765625,4352.10009765625,583.0
2026-09-15 02:45:00+00:00,4351.89990234375,4357.89990234375,4351.7998046875,4357.39990234375,455.0
2026-09-15 02:50:00+00:00,4357.2998046875,4357.7001953125,4352.0,4352.7998046875,357.0
2026-09-15 02:55:00+00:00,4352.7001953125,4355.10009765625,4352.39990234375,4354.89990234375,207.0
2026-09-15 03:00:00+00:00,4354.7998046875,4355.2001953125,4350.5,4352.7998046875,518.0
2026-09-15 03:05:00+00:00,4352.7998046875,4354.7001953125,4352.0,4354.2001953125,190.0
2026-09-15 03:10:00+00:00,4354.2998046875,4354.60009765625,4351.0,4351.10009765625,126.0
2026-09-15 03:15:00+00:00,4351.2998046875,4353.89990234375,4350.39990234375,4352.39990234375,277.0
2026-09-15 03:20:00+00:00,4352.39990234375,4354.89990234375,4351.0,4351.2998046875,696.0
2026-09-15 03:25:00+00:00,4351.2998046875,4352.60009765625,4350.5,4351.5,269.0
2026-09-15 03:30:00+00:00,4351.5,4353.60009765625,4351.39990234375,4353.39990234375,315.0
2026-09-15 03:35:00+00:00,4353.60009765625,4354.10009765625,4349.7998046875,4350.0,448.0
2026-09-15 03:40:00+00:00,4349.7001953125,4351.0,4348.7001953125,4349.2998046875,576.0
2026-09-15 03:45:00+00:00,4348.89990234375,4350.7001953125,4346.2001953125,4346.2998046875,301.0
2026-09-15 03:50:00+00:00,4346.2001953125,4346.7001953125,4344.2998046875,4344.89990234375,344.0
2026-09-15 03:55:00+00:00,4345.0,4345.7001953125,4343.89990234375,4345.10009765625,329.0
2026-09-15 04:00:00+00:00,4344.0,4344.89990234375,4343.10009765625,4343.60009765625,167.0
2026-09-15 04:05:00+00:00,4343.7998046875,4347.0,4343.2998046875,4346.2998046875,455.0
2026-09-15 04:10:00+00:00,4346.2998046875,4350.39990234375,4345.0,4348.0,760.0
2026-09-15 04:15:00+00:00,4348.2001953125,4349.39990234375,4344.0,4344.7998046875,285.0
2026-09-15 04:20:00+00:00,4344.7998046875,4345.60009765625,4343.39990234375,4343.7001953125,141.0
2026-09-15 04:25:00+00:00,4343.5,4344.7001953125,4343.2001953125,4344.0,135.0
2026-09-15 04:30:00+00:00,4344.2001953125,4345.0,4343.10009765625,4343.39990234375,192.0
2026-09-15 04:35:00+00:00,4343.2998046875,4345.39990234375,4341.2998046875,4345.10009765625,912.0
2026-09-15 04:40:00+00:00,4345.10009765625,4346.5,4343.7998046875,4345.39990234375,223.0
2026-09-15 04:45:00+00:00,4345.2001953125,4347.2998046875,4344.2998046875,4345.7998046875,205.0
2026-09-15 04:50:00+00:00,4345.5,4346.39990234375,4344.60009765625,4345.89990234375,234.0
2026-09-15 04:55:00+00:00,4346.0,4348.10009765625,4344.7001953125,4344.7998046875,200.0
2026-09-15 05:00:00+00:00,4344.89990234375,4347.89990234375,4342.7001953125,4342.89990234375,221.0
2026-09-15 05:05:00+00:00,4343.0,4343.89990234375,4341.5,4342.2001953125,181.0
2026-09-15 05:10:00+00:00,4342.0,4342.5,4340.39990234375,4341.60009765625,187.0
2026-09-15 05:15:00+00:00,4341.7001953125,4341.89990234375,4338.7001953125,4340.2998046875,293.0
2026-09-15 05:20:00+00:00,4340.2998046875,4341.39990234375,4337.0,4337.7001953125,274.0
2026-09-15 05:25:00+00:00,4337.7998046875,4338.39990234375,4336.5,4337.2001953125,218.0
2026-09-15 05:30:00+00:00,4337.0,4340.0,4329.10009765625,4333.39990234375,1099.0
2026-09-15 05:35:00+00:00,4333.5,4334.89990234375,4331.7998046875,4334.39990234375,418.0
2026-09-15 05:40:00+00:00,4334.0,4337.39990234375,4333.89990234375,4336.39990234375,323.0
2026-09-15 05:45:00+00:00,4336.39990234375,4340.10009765625,4334.60009765625,4334.89990234375,297.0
2026-09-15 05:50:00+00:00,4335.10009765625,4338.89990234375,4334.2998046875,4335.39990234375,278.0
2026-09-15 05:55:00+00:00,4335.0,4335.0,4331.0,4331.2001953125,310.0
2026-09-15 06:00:00+00:00,4331.10009765625,4334.7001953125,4330.7998046875,4331.89990234375,483.0
2026-09-15 06:05:00+00:00,4331.7001953125,4331.7001953125,4326.0,4328.7998046875,878.0
2026-09-15 06:10:00+00:00,4329.10009765625,4330.7998046875,4326.2001953125,4330.10009765625,449.0
2026-09-15 06:15:00+00:00,4330.2001953125,4332.60009765625,4329.2998046875,4330.0,278.0
2026-09-15 06:20:00+00:00,4330.39990234375,4331.7998046875,4328.5,4329.89990234375,265.0
2026-09-15 06:25:00+00:00,4329.7001953125,4330.2998046875,4327.2998046875,4329.5,266.0
2026-09-15 06:30:00+00:00,4329.5,4329.7001953125,4325.89990234375,4327.0,271.0
2026-09-15 06:35:00+00:00,4327.2001953125,4331.39990234375,4327.2001953125,4330.89990234375,222.0
2026-09-15 06:40:00+00:00,4331.0,4331.0,4328.5,4330.7001953125,398.0
2026-09-15 06:45:00+00:00,4330.7998046875,4335.2998046875,4330.7001953125,4332.60009765625,987.0
2026-09-15 06:50:00+00:00,4332.60009765625,4334.2001953125,4332.2001953125,4333.0,347.0
2026-09-15 06:55:00+00:00,4332.60009765625,4335.10009765625,4332.10009765625,4333.60009765625,422.0
2026-09-15 07:00:00+00:00,4333.5,4335.7001953125,4329.5,4331.7001953125,997.0
2026-09-15 07:05:00+00:00,4331.5,4332.39990234375,4328.89990234375,4331.0,301.0
2026-09-15 07:10:00+00:00,4331.5,4332.0,4326.89990234375,4328.2998046875,332.0
2026-09-15 07:15:00+00:00,4328.5,4332.2998046875,4328.2998046875,4331.7001953125,211.0
2026-09-15 07:20:00+00:00,4331.7998046875,4331.7998046875,4327.89990234375,4329.0,316.0
2026-09-15 07:25:00+00:00,4329.39990234375,4332.60009765625,4328.0,4332.10009765625,448.0
2026-09-15 07:30:00+00:00,4332.39990234375,4333.2998046875,4330.39990234375,4330.7001953125,180.0
2026-09-15 07:35:00+00:00,4330.39990234375,4330.5,4325.10009765625,4326.0,334.0
2026-09-15 07:40:00+00:00,4326.2001953125,4327.10009765625,4320.60009765625,4324.10009765625,1008.0
2026-09-15 07:45:00+00:00,4324.2001953125,4330.7998046875,4323.7998046875,4325.5,1034.0
2026-09-15 07:50:00+00:00,4325.2998046875,4325.39990234375,4316.7998046875,4318.2998046875,659.0
2026-09-15 07:55:00+00:00,4318.10009765625,4320.89990234375,4316.60009765625,4320.7001953125,495.0
2026-09-15 08:00:00+00:00,4320.7998046875,4320.89990234375,4305.7001953125,4307.10009765625,1551.0
2026-09-15 08:05:00+00:00,4307.39990234375,4309.10009765625,4304.5,4305.5,1048.0
2026-09-15 08:10:00+00:00,4305.5,4308.7001953125,4304.0,4308.2998046875,934.0
2026-09-15 08:15:00+00:00,4308.0,4314.7001953125,4307.2998046875,4314.7001953125,679.0
2026-09-15 08:20:00+00:00,4314.2001953125,4315.5,4312.10009765625,4312.10009765625,434.0
2026-09-15 08:25:00+00:00,4312.2998046875,4316.0,4311.5,4313.7998046875,518.0
2026-09-15 08:30:00+00:00,4313.7998046875,4315.2001953125,4312.10009765625,4313.60009765625,378.0
2026-09-15 08:35:00+00:00,4314.2998046875,4315.2998046875,4310.39990234375,4311.10009765625,360.0
2026-09-15 08:40:00+00:00,4311.2998046875,4311.2998046875,4307.7998046875,4307.89990234375,312.0
2026-09-15 08:45:00+00:00,4308.39990234375,4310.5,4306.5,4307.0,245.0
2026-09-15 08:50:00+00:00,4307.2001953125,4309.0,4306.7998046875,4307.89990234375,375.0
2026-09-15 08:55:00+00:00,4308.0,4309.10009765625,4301.7001953125,4302.7998046875,838.0
2026-09-15 09:00:00+00:00,4303.10009765625,4307.10009765625,4302.2998046875,4306.7001953125,510.0
2026-09-15 09:05:00+00:00,4306.39990234375,4307.7998046875,4305.0,4306.10009765625,494.0
2026-09-15 09:10:00+00:00,4306.10009765625,4307.60009765625,4304.0,4306.0,635.0
2026-09-15 09:15:00+00:00,4305.89990234375,4308.10009765625,4301.60009765625,4302.5,644.0
2026-09-15 09:20:00+00:00,4302.7001953125,4307.0,4302.10009765625,4304.89990234375,794.0
2026-09-15 09:25:00+00:00,4304.7001953125,4309.5,4302.7998046875,4307.10009765625,731.0
2026-09-15 09:30:00+00:00,4306.7998046875,4307.89990234375,4304.89990234375,4306.89990234375,623.0
2026-09-15 09:35:00+00:00,4306.39990234375,4309.39990234375,4305.2001953125,4309.0,658.0
2026-09-15 09:40:00+00:00,4308.7998046875,4312.39990234375,4308.2001953125,4309.5,716.0
2026-09-15 09:45:00+00:00,4309.7001953125,4312.10009765625,4308.39990234375,4310.5,517.0
2026-09-15 09:50:00+00:00,4310.7001953125,4311.5,4308.7998046875,4311.0,312.0
2026-09-15 09:55:00+00:00,4310.7998046875,4310.89990234375,4307.89990234375,4308.7001953125,207.0
2026-09-15 10:00:00+00:00,4308.7998046875,4313.7001953125,4308.7998046875,4312.2998046875,401.0
2026-09-15 10:05:00+00:00,4311.89990234375,4316.2998046875,4311.89990234375,4314.7001953125,498.0
2026-09-15 10:10:00+00:00,4314.39990234375,4318.39990234375,4312.2001953125,4313.39990234375,805.0
2026-09-15 10:15:00+00:00,4313.60009765625,4313.60009765625,4310.2998046875,4312.0,311.0
2026-09-15 10:20:00+00:00,4311.7001953125,4315.10009765625,4310.5,4314.7001953125,358.0
2026-09-15 10:25:00+00:00,4314.60009765625,4314.60009765625,4313.10009765625,4314.39990234375,170.0
2026-09-15 10:30:00+00:00,4314.60009765625,4315.60009765625,4313.7998046875,4315.10009765625,241.0
2026-09-15 10:35:00+00:00,4314.89990234375,4316.2998046875,4313.60009765625,4314.10009765625,304.0
2026-09-15 10:40:00+00:00,4314.2001953125,4317.2998046875,4313.5,4314.7998046875,354.0
2026-09-15 10:45:00+00:00,4315.0,4317.39990234375,4314.39990234375,4317.10009765625,364.0
2026-09-15 10:50:00+00:00,4317.10009765625,4322.7001953125,4317.10009765625,4322.2001953125,862.0
2026-09-15 10:55:00+00:00,4322.0,4324.0,4321.10009765625,4321.7998046875,549.0
2026-09-15 11:00:00+00:00,4321.2001953125,4322.2001953125,4319.89990234375,4320.2001953125,258.0
2026-09-15 11:05:00+00:00,4320.5,4322.39990234375,4318.7998046875,4322.2998046875,395.0
2026-09-15 11:10:00+00:00,4322.39990234375,4324.0,4321.7001953125,4323.7998046875,414.0
2026-09-15 11:15:00+00:00,4323.89990234375,4325.7001953125,4323.2001953125,4323.60009765625,589.0
2026-09-15 11:20:00+00:00,4323.39990234375,4325.39990234375,4322.7998046875,4323.7998046875,427.0
2026-09-15 11:25:00+00:00,4324.0,4324.5,4322.39990234375,4323.2998046875,169.0
2026-09-15 11:30:00+00:00,4323.2001953125,4324.2998046875,4321.39990234375,4324.2998046875,206.0
2026-09-15 11:35:00+00:00,4324.7001953125,4325.2998046875,4320.5,4320.89990234375,336.0
2026-09-15 11:40:00+00:00,4321.0,4323.7998046875,4320.10009765625,4322.5,298.0
2026-09-15 11:45:00+00:00,4322.5,4325.2998046875,4322.5,4323.5,401.0
2026-09-15 11:50:00+00:00,4323.39990234375,4325.10009765625,4322.2998046875,4322.7998046875,300.0
2026-09-15 11:55:00+00:00,4322.7001953125,4326.7001953125,4322.10009765625,4324.39990234375,524.0
2026-09-15 12:00:00+00:00,4324.39990234375,4324.7998046875,4321.2001953125,4324.2998046875,468.0
2026-09-15 12:05:00+00:00,4324.2001953125,4324.5,4317.0,4317.60009765625,580.0
2026-09-15 12:10:00+00:00,4317.39990234375,4318.89990234375,4315.60009765625,4318.5,448.0
2026-09-15 12:15:00+00:00,4318.2998046875,4319.0,4313.2998046875,4314.0,534.0
2026-09-15 12:20:00+00:00,4313.7998046875,4314.5,4311.0,4313.10009765625,878.0
2026-09-15 12:25:00+00:00,4312.7998046875,4318.2998046875,4312.2998046875,4317.60009765625,623.0
2026-09-15 12:30:00+00:00,4317.39990234375,4322.7001953125,4314.2998046875,4322.5,625.0
2026-09-15 12:35:00+00:00,4322.7998046875,4325.7001953125,4318.60009765625,4318.89990234375,1415.0
2026-09-15 12:40:00+00:00,4318.89990234375,4321.2001953125,4317.7998046875,4321.2001953125,462.0
2026-09-15 12:45:00+00:00,4321.0,4331.10009765625,4320.7998046875,4330.39990234375,1572.0
2026-09-15 12:50:00+00:00,4330.2998046875,4334.2998046875,4327.10009765625,4333.2998046875,1012.0
2026-09-15 12:55:00+00:00,4333.7001953125,4336.2998046875,4325.5,4330.60009765625,1930.0
2026-09-15 13:00:00+00:00,4330.2001953125,4334.60009765625,4329.2998046875,4332.7998046875,1187.0
2026-09-15 13:05:00+00:00,4333.0,4333.0,4323.60009765625,4325.2998046875,921.0
2026-09-15 13:10:00+00:00,4325.2998046875,4329.5,4325.10009765625,4326.7998046875,598.0
2026-09-15 13:15:00+00:00,4326.89990234375,4329.89990234375,4325.5,4327.2998046875,528.0
2026-09-15 13:20:00+00:00,4327.39990234375,4332.39990234375,4323.2998046875,4332.2001953125,1086.0
2026-09-15 13:25:00+00:00,4332.39990234375,4333.39990234375,4326.89990234375,4327.39990234375,870.0
2026-09-15 13:30:00+00:00,4327.60009765625,4331.60009765625,4324.0,4326.5,1234.0
2026-09-15 13:35:00+00:00,4326.7998046875,4334.0,4326.10009765625,4326.39990234375,1340.0
2026-09-15 13:40:00+00:00,4326.2001953125,4330.2998046875,4325.0,4329.60009765625,523.0
2026-09-15 13:45:00+00:00,4329.0,4335.60009765625,4328.0,4334.7998046875,1012.0
2026-09-15 13:50:00+00:00,4334.7998046875,4337.89990234375,4331.89990234375,4335.2998046875,1386.0
2026-09-15 13:55:00+00:00,4335.2998046875,4338.5,4334.10009765625,4334.60009765625,763.0
2026-09-15 14:00:00+00:00,4334.60009765625,4339.0,4333.89990234375,4334.7001953125,1259.0
2026-09-15 14:05:00+00:00,4334.7998046875,4340.7001953125,4333.60009765625,4337.7998046875,1189.0
2026-09-15 14:10:00+00:00,4337.7001953125,4338.2998046875,4333.39990234375,4334.5,763.0
2026-09-15 14:15:00+00:00,4334.7001953125,4335.7998046875,4329.7998046875,4334.0,805.0
2026-09-15 14:20:00+00:00,4334.10009765625,4335.10009765625,4325.60009765625,4328.7998046875,1082.0
2026-09-15 14:25:00+00:00,4328.7998046875,4329.7001953125,4322.2998046875,4324.39990234375,923.0
2026-09-15 14:30:00+00:00,4324.2998046875,4325.2001953125,4319.39990234375,4323.89990234375,1128.0
2026-09-15 14:35:00+00:00,4323.7998046875,4326.2001953125,4315.7001953125,4317.60009765625,1378.0
2026-09-15 14:40:00+00:00,4317.7998046875,4319.10009765625,4316.10009765625,4318.10009765625,1029.0
2026-09-15 14:45:00+00:00,4317.89990234375,4322.7998046875,4316.7001953125,4318.10009765625,799.0
2026-09-15 14:50:00+00:00,4318.10009765625,4320.89990234375,4313.0,4320.10009765625,1725.0
2026-09-15 14:55:00+00:00,4320.10009765625,4320.10009765625,4314.5,4316.7998046875,825.0
2026-09-15 15:00:00+00:00,4316.89990234375,4322.89990234375,4316.60009765625,4322.7998046875,772.0
2026-09-15 15:05:00+00:00,4323.0,4324.39990234375,4320.7998046875,4322.5,777.0
2026-09-15 15:10:00+00:00,4322.2001953125,4326.2998046875,4321.5,4325.39990234375,557.0
2026-09-15 15:15:00+00:00,4325.2001953125,4327.89990234375,4323.5,4326.60009765625,738.0
2026-09-15 15:20:00+00:00,4326.5,4327.39990234375,4322.5,4325.5,562.0
2026-09-15 15:25:00+00:00,4325.39990234375,4326.5,4323.60009765625,4324.10009765625,357.0
2026-09-15 15:30:00+00:00,4324.2001953125,4325.89990234375,4321.7001953125,4325.2001953125,690.0
2026-09-15 15:35:00+00:00,4325.39990234375,4328.39990234375,4324.39990234375,4327.89990234375,637.0
2026-09-15 15:40:00+00:00,4327.7998046875,4330.7998046875,4327.2001953125,4328.10009765625,457.0
2026-09-15 15:45:00+00:00,4328.10009765625,4329.10009765625,4325.2998046875,4326.60009765625,552.0
2026-09-15 15:50:00+00:00,4326.7001953125,4332.10009765625,4326.7001953125,4330.2998046875,1359.0
2026-09-15 15:55:00+00:00,4330.2001953125,4335.2001953125,4328.2998046875,4329.89990234375,1340.0
2026-09-15 16:00:00+00:00,4329.60009765625,4331.5,4328.2998046875,4331.39990234375,554.0
2026-09-15 16:05:00+00:00,4331.2998046875,4331.7998046875,4329.10009765625,4330.7001953125,294.0
2026-09-15 16:10:00+00:00,4330.89990234375,4331.10009765625,4326.2001953125,4326.2001953125,570.0
2026-09-15 16:15:00+00:00,4326.2998046875,4328.7001953125,4325.39990234375,4328.7001953125,316.0
2026-09-15 16:20:00+00:00,4328.5,4337.0,4327.89990234375,4336.2001953125,1069.0
2026-09-15 16:25:00+00:00,4336.60009765625,4337.2998046875,4334.60009765625,4335.89990234375,828.0
2026-09-15 16:30:00+00:00,4335.7001953125,4338.2001953125,4333.0,4333.2001953125,753.0
2026-09-15 16:35:00+00:00,4333.2001953125,4336.2001953125,4331.60009765625,4335.60009765625,1147.0
2026-09-15 16:40:00+00:00,4335.0,4337.10009765625,4333.2001953125,4336.7998046875,351.0
2026-09-15 16:45:00+00:00,4336.89990234375,4337.7998046875,4335.2998046875,4335.60009765625,374.0
2026-09-15 16:50:00+00:00,4335.5,4338.39990234375,4335.2998046875,4337.7001953125,528.0
2026-09-15 16:55:00+00:00,4337.89990234375,4337.89990234375,4335.2001953125,4335.60009765625,609.0
2026-09-15 17:00:00+00:00,4335.7998046875,4336.89990234375,4331.2998046875,4331.7001953125,1174.0
2026-09-15 17:05:00+00:00,4331.60009765625,4334.2001953125,4330.5,4332.89990234375,519.0
2026-09-15 17:10:00+00:00,4333.2001953125,4339.7001953125,4332.89990234375,4335.39990234375,1049.0
2026-09-15 17:15:00+00:00,4335.60009765625,4337.10009765625,4334.10009765625,4336.39990234375,717.0
2026-09-15 17:20:00+00:00,4336.39990234375,4336.89990234375,4332.60009765625,4333.39990234375,698.0
2026-09-15 17:25:00+00:00,4333.5,4335.7998046875,4331.89990234375,4333.7001953125,1812.0
2026-09-15 17:30:00+00:00,4333.60009765625,4338.60009765625,4333.39990234375,4337.7998046875,726.0
2026-09-15 17:35:00+00:00,4337.89990234375,4339.7998046875,4336.0,4336.2998046875,1099.0
2026-09-15 17:40:00+00:00,4336.2998046875,4336.5,4332.7001953125,4333.7998046875,364.0
2026-09-15 17:45:00+00:00,4334.0,4336.5,4333.7001953125,4335.60009765625,274.0
2026-09-15 17:50:00+00:00,4335.5,4336.89990234375,4334.5,4335.7001953125,380.0
2026-09-15 17:55:00+00:00,4335.7998046875,4336.2998046875,4334.7001953125,4335.2998046875,313.0
2026-09-15 18:00:00+00:00,4335.5,4336.2998046875,4332.89990234375,4335.2998046875,572.0
2026-09-15 18:05:00+00:00,4335.10009765625,4339.0,4334.89990234375,4336.7998046875,521.0
2026-09-15 18:10:00+00:00,4336.89990234375,4344.7001953125,4336.39990234375,4342.39990234375,1393.0
2026-09-15 18:15:00+00:00,4342.7998046875,4347.2001953125,4342.39990234375,4345.39990234375,1201.0
2026-09-15 18:20:00+00:00,4345.7001953125,4345.7001953125,4343.60009765625,4345.0,484.0
2026-09-15 18:25:00+00:00,4344.7998046875,4346.60009765625,4343.7998046875,4345.0,340.0
2026-09-15 18:30:00+00:00,4344.89990234375,4345.10009765625,4342.0,4343.2001953125,383.0
2026-09-15 18:35:00+00:00,4343.39990234375,4343.89990234375,4341.7998046875,4343.7998046875,167.0
2026-09-15 18:40:00+00:00,4343.5,4348.7998046875,4343.2998046875,4344.89990234375,857.0
2026-09-15 18:45:00+00:00,4345.10009765625,4348.39990234375,4344.2998046875,4347.0,215.0
2026-09-15 18:50:00+00:00,4347.2998046875,4350.60009765625,4347.2001953125,4348.7998046875,485.0
2026-09-15 18:55:00+00:00,4348.7001953125,4348.7998046875,4346.5,4348.7001953125,254.0
2026-09-15 19:00:00+00:00,4348.7001953125,4350.7998046875,4344.7001953125,4344.7001953125,670.0
2026-09-15 19:05:00+00:00,4344.7998046875,4345.2001953125,4342.0,4343.7998046875,338.0
2026-09-15 19:10:00+00:00,4344.0,4344.39990234375,4339.89990234375,4339.89990234375,357.0
2026-09-15 19:15:00+00:00,4339.89990234375,4342.0,4339.10009765625,4339.7001953125,318.0
2026-09-15 19:20:00+00:00,4339.89990234375,4341.39990234375,4337.7998046875,4341.0,321.0
2026-09-15 19:25:00+00:00,4340.7001953125,4341.60009765625,4339.7998046875,4340.89990234375,139.0
2026-09-15 19:30:00+00:00,4340.60009765625,4342.10009765625,4338.2998046875,4339.39990234375,198.0
2026-09-15 19:35:00+00:00,4339.2001953125,4339.5,4337.89990234375,4338.5,165.0
2026-09-15 19:40:00+00:00,4338.10009765625,4338.5,4336.2998046875,4336.39990234375,355.0
2026-09-15 19:45:00+00:00,4336.10009765625,4339.60009765625,4335.89990234375,4338.5,347.0
2026-09-15 19:50:00+00:00,4338.39990234375,4339.2998046875,4335.2998046875,4336.2001953125,343.0
2026-09-15 19:55:00+00:00,4336.10009765625,4337.7001953125,4333.7001953125,4337.2998046875,947.0
2026-09-15 20:00:00+00:00,4337.2998046875,4338.7998046875,4335.89990234375,4336.0,228.0
2026-09-15 20:05:00+00:00,4336.10009765625,4337.89990234375,4335.5,4337.39990234375,442.0
2026-09-15 20:10:00+00:00,4337.7001953125,4338.39990234375,4335.2001953125,4336.10009765625,195.0
2026-09-15 20:15:00+00:00,4336.10009765625,4336.39990234375,4335.10009765625,4335.89990234375,109.0
2026-09-15 20:20:00+00:00,4335.60009765625,4336.7001953125,4334.2998046875,4334.89990234375,212.0
2026-09-15 20:25:00+00:00,4334.7001953125,4335.0,4333.7001953125,4334.10009765625,249.0
2026-09-15 20:30:00+00:00,4334.2998046875,4335.89990234375,4332.0,4332.10009765625,262.0
2026-09-15 20:35:00+00:00,4332.7001953125,4332.89990234375,4331.60009765625,4332.60009765625,116.0
2026-09-15 20:40:00+00:00,4332.39990234375,4333.2998046875,4331.89990234375,4332.7998046875,84.0
2026-09-15 20:45:00+00:00,4332.89990234375,4333.10009765625,4332.2001953125,4332.5,54.0
2026-09-15 20:50:00+00:00,4332.39990234375,4334.2001953125,4331.7998046875,4332.7001953125,204.0
2026-09-15 20:55:00+00:00,4332.5,4334.2998046875,4332.5,4333.39990234375,105.0
2026-09-15 22:00:00+00:00,4333.5,4335.89990234375,4333.2998046875,4335.0,0.0
2026-09-15 22:05:00+00:00,4334.7998046875,4335.2998046875,4334.2001953125,4335.2001953125,160.0
2026-09-15 22:10:00+00:00,4334.7998046875,4335.39990234375,4331.89990234375,4332.60009765625,273.0
2026-09-15 22:15:00+00:00,4332.7001953125,4333.7001953125,4331.39990234375,4331.39990234375,275.0
2026-09-15 22:20:00+00:00,4331.2998046875,4334.60009765625,4330.89990234375,4334.0,661.0
2026-09-15 22:25:00+00:00,4334.0,4339.10009765625,4333.7998046875,4339.0,1098.0
2026-09-15 22:30:00+00:00,4339.10009765625,4339.5,4335.60009765625,4337.7001953125,454.0
2026-09-15 22:35:00+00:00,4337.7001953125,4338.60009765625,4337.5,4338.0,129.0
2026-09-15 22:40:00+00:00,4338.0,4338.0,4334.89990234375,4335.39990234375,130.0
2026-09-15 22:45:00+00:00,4335.2998046875,4335.89990234375,4334.2998046875,4334.39990234375,163.0
2026-09-15 22:50:00+00:00,4334.60009765625,4335.10009765625,4333.39990234375,4333.39990234375,161.0
2026-09-15 22:55:00+00:00,4333.5,4333.7001953125,4329.2001953125,4329.2001953125,1008.0
2026-09-15 23:00:00+00:00,4329.10009765625,4329.7001953125,4324.7998046875,4325.10009765625,587.0
2026-09-15 23:05:00+00:00,4325.39990234375,4327.5,4325.39990234375,4325.89990234375,186.0
2026-09-15 23:10:00+00:00,4326.10009765625,4328.7998046875,4325.39990234375,4326.39990234375,394.0
2026-09-15 23:15:00+00:00,4326.10009765625,4327.2998046875,4325.5,4326.89990234375,174.0
2026-09-15 23:20:00+00:00,4327.10009765625,4327.2998046875,4324.2998046875,4324.89990234375,187.0
2026-09-15 23:25:00+00:00,4325.10009765625,4326.0,4322.0,4324.39990234375,557.0
2026-09-15 23:30:00+00:00,4324.0,4328.10009765625,4322.89990234375,4327.0,797.0
2026-09-15 23:35:00+00:00,4327.10009765625,4328.0,4323.2001953125,4325.60009765625,805.0
2026-09-15 23:40:00+00:00,4325.5,4326.5,4324.2998046875,4325.60009765625,249.0
2026-09-15 23:45:00+00:00,4325.10009765625,4327.0,4324.0,4324.0,162.0
2026-09-15 23:50:00+00:00,4324.10009765625,4325.2998046875,4323.7998046875,4324.2998046875,442.0
2026-09-15 23:55:00+00:00,4324.0,4324.0,4321.2001953125,4323.2998046875,792.0
2026-09-16 00:00:00+00:00,4323.89990234375,4324.10009765625,4320.7001953125,4320.7001953125,223.0
2026-09-16 00:05:00+00:00,4321.10009765625,4325.10009765625,4321.10009765625,4322.0,298.0
2026-09-16 00:10:00+00:00,4321.7998046875,4323.2998046875,4320.89990234375,4322.7998046875,142.0
2026-09-16 00:15:00+00:00,4323.10009765625,4326.0,4322.10009765625,4325.7001953125,187.0
2026-09-16 00:20:00+00:00,4325.7998046875,4326.5,4323.60009765625,4325.7001953125,177.0
2026-09-16 00:25:00+00:00,4325.39990234375,4325.60009765625,4323.60009765625,4324.39990234375,77.0
2026-09-16 00:30:00+00:00,4324.7998046875,4324.89990234375,4319.7001953125,4321.5,215.0
2026-09-16 00:35:00+00:00,4321.7998046875,4321.89990234375,4319.7001953125,4321.39990234375,100.0
2026-09-16 00:40:00+00:00,4321.60009765625,4325.89990234375,4320.7998046875,4323.7001953125,577.0
2026-09-16 00:45:00+00:00,4323.60009765625,4325.2001953125,4322.39990234375,4323.0,348.0
2026-09-16 00:50:00+00:00,4322.89990234375,4322.89990234375,4317.60009765625,4317.89990234375,617.0
2026-09-16 00:55:00+00:00,4318.10009765625,4318.5,4315.2001953125,4317.10009765625,748.0
2026-09-16 01:00:00+00:00,4317.10009765625,4324.7001953125,4316.2998046875,4319.89990234375,1197.0
2026-09-16 01:05:00+00:00,4319.5,4322.2998046875,4318.0,4321.39990234375,603.0
2026-09-16 01:10:00+00:00,4320.7001953125,4327.60009765625,4318.89990234375,4327.0,423.0
2026-09-16 01:15:00+00:00,4327.10009765625,4329.7998046875,4324.10009765625,4327.0,941.0
2026-09-16 01:20:00+00:00,4327.10009765625,4330.7001953125,4327.0,4330.39990234375,542.0
2026-09-16 01:25:00+00:00,4330.5,4333.2998046875,4328.60009765625,4330.10009765625,490.0
2026-09-16 01:30:00+00:00,4330.10009765625,4331.2001953125,4327.5,4328.7998046875,198.0
2026-09-16 01:35:00+00:00,4329.10009765625,4329.60009765625,4325.7001953125,4325.7001953125,295.0
2026-09-16 01:40:00+00:00,4325.60009765625,4330.2998046875,4325.2001953125,4328.10009765625,355.0
2026-09-16 01:45:00+00:00,4327.89990234375,4328.60009765625,4324.60009765625,4327.39990234375,353.0
2026-09-16 01:50:00+00:00,4327.2998046875,4328.5,4323.2998046875,4324.7998046875,484.0
2026-09-16 01:55:00+00:00,4324.60009765625,4326.39990234375,4319.39990234375,4321.7998046875,439.0
2026-09-16 02:00:00+00:00,4322.0,4327.0,4321.39990234375,4327.0,208.0
2026-09-16 02:05:00+00:00,4327.2001953125,4328.89990234375,4323.89990234375,4328.60009765625,319.0
2026-09-16 02:10:00+00:00,4328.7998046875,4334.60009765625,4328.7998046875,4332.0,989.0
2026-09-16 02:15:00+00:00,4331.7998046875,4334.7001953125,4329.7001953125,4331.2001953125,1095.0
2026-09-16 02:20:00+00:00,4331.2001953125,4335.2998046875,4330.39990234375,4335.2998046875,365.0
2026-09-16 02:25:00+00:00,4335.5,4340.5,4334.89990234375,4338.7998046875,586.0
2026-09-16 02:30:00+00:00,4338.89990234375,4351.89990234375,4338.2998046875,4350.5,2033.0
2026-09-16 02:35:00+00:00,4350.60009765625,4356.7001953125,4349.7001953125,4351.7998046875,1538.0
2026-09-16 02:40:00+00:00,4351.89990234375,4354.39990234375,4351.10009765625,4351.2998046875,821.0
2026-09-16 02:45:00+00:00,4351.60009765625,4356.2001953125,4351.2001953125,4355.60009765625,558.0
2026-09-16 02:50:00+00:00,4355.89990234375,4357.39990234375,4354.0,4356.89990234375,1023.0
2026-09-16 02:55:00+00:00,4357.10009765625,4363.89990234375,4356.2001953125,4362.10009765625,1623.0
2026-09-16 03:00:00+00:00,4362.2998046875,4369.7998046875,4361.89990234375,4369.0,1432.0
2026-09-16 03:05:00+00:00,4368.89990234375,4371.39990234375,4366.10009765625,4367.39990234375,1273.0
2026-09-16 03:10:00+00:00,4367.89990234375,4379.7001953125,4367.0,4378.0,1774.0
2026-09-16 03:15:00+00:00,4378.10009765625,4380.7001953125,4376.5,4376.5,855.0
2026-09-16 03:20:00+00:00,4376.7998046875,4381.89990234375,4375.7998046875,4377.2001953125,814.0
2026-09-16 03:25:00+00:00,4377.5,4379.0,4372.60009765625,4372.60009765625,859.0
2026-09-16 03:30:00+00:00,4372.5,4373.39990234375,4369.39990234375,4370.10009765625,647.0
2026-09-16 03:35:00+00:00,4370.2998046875,4370.2998046875,4366.89990234375,4368.0,411.0
2026-09-16 03:40:00+00:00,4368.2998046875,4370.2001953125,4366.7001953125,4367.89990234375,301.0
2026-09-16 03:45:00+00:00,4368.0,4368.89990234375,4363.89990234375,4364.2001953125,558.0
2026-09-16 03:50:00+00:00,4364.2001953125,4367.5,4363.2998046875,4367.5,268.0
2026-09-16 03:55:00+00:00,4366.7998046875,4368.2001953125,4366.0,4367.2001953125,136.0
2026-09-16 04:00:00+00:00,4368.0,4369.2001953125,4367.2001953125,4368.39990234375,200.0
2026-09-16 04:05:00+00:00,4368.2001953125,4368.2001953125,4366.39990234375,4367.10009765625,176.0
2026-09-16 04:10:00+00:00,4367.2001953125,4368.7001953125,4366.2998046875,4367.60009765625,177.0
2026-09-16 04:15:00+00:00,4367.89990234375,4368.2001953125,4364.0,4364.60009765625,186.0
2026-09-16 04:20:00+00:00,4364.7001953125,4369.2001953125,4364.5,4367.39990234375,211.0
2026-09-16 04:25:00+00:00,4367.2998046875,4367.89990234375,4365.7998046875,4366.60009765625,114.0
2026-09-16 04:30:00+00:00,4366.39990234375,4369.10009765625,4365.60009765625,4365.89990234375,157.0
2026-09-16 04:35:00+00:00,4366.10009765625,4366.60009765625,4365.5,4366.60009765625,71.0
2026-09-16 04:40:00+00:00,4366.7998046875,4367.0,4363.5,4363.7998046875,117.0
2026-09-16 04:45:00+00:00,4363.7001953125,4364.39990234375,4361.7001953125,4361.89990234375,245.0
2026-09-16 04:50:00+00:00,4361.89990234375,4362.89990234375,4361.5,4362.2001953125,100.0
2026-09-16 04:55:00+00:00,4362.10009765625,4363.2001953125,4361.7001953125,4362.60009765625,121.0
2026-09-16 05:00:00+00:00,4362.7998046875,4363.60009765625,4361.7001953125,4363.5,145.0
2026-09-16 05:05:00+00:00,4363.7998046875,4365.2998046875,4363.10009765625,4364.10009765625,349.0
2026-09-16 05:10:00+00:00,4364.5,4365.39990234375,4361.89990234375,4362.5,341.0
2026-09-16 05:15:00+00:00,4362.5,4366.7998046875,4362.39990234375,4366.5,202.0
2026-09-16 05:20:00+00:00,4366.39990234375,4367.10009765625,4364.10009765625,4364.2998046875,201.0
2026-09-16 05:25:00+00:00,4364.39990234375,4367.7001953125,4364.0,4365.7001953125,232.0
2026-09-16 05:30:00+00:00,4365.89990234375,4369.89990234375,4365.0,4369.0,548.0
2026-09-16 05:35:00+00:00,4369.2001953125,4371.39990234375,4367.5,4369.2001953125,354.0
2026-09-16 05:40:00+00:00,4369.60009765625,4373.39990234375,4368.60009765625,4373.39990234375,327.0
2026-09-16 05:45:00+00:00,4373.39990234375,4374.2998046875,4368.2998046875,4369.5,381.0
2026-09-16 05:50:00+00:00,4369.5,4372.39990234375,4369.39990234375,4370.2001953125,245.0
2026-09-16 05:55:00+00:00,4369.7998046875,4371.2998046875,4366.89990234375,4366.89990234375,219.0
2026-09-16 06:00:00+00:00,4366.89990234375,4372.39990234375,4362.2998046875,4362.7001953125,898.0
2026-09-16 06:05:00+00:00,4362.7001953125,4365.39990234375,4361.7001953125,4364.39990234375,253.0
2026-09-16 06:10:00+00:00,4364.39990234375,4367.60009765625,4364.2998046875,4366.10009765625,273.0
2026-09-16 06:15:00+00:00,4366.10009765625,4367.10009765625,4365.0,4367.0,229.0
2026-09-16 06:20:00+00:00,4367.2001953125,4370.39990234375,4366.7001953125,4367.89990234375,454.0
2026-09-16 06:25:00+00:00,4368.0,4368.10009765625,4365.7001953125,4367.0,193.0
2026-09-16 06:30:00+00:00,4366.7998046875,4367.5,4364.7998046875,4365.2998046875,283.0
2026-09-16 06:35:00+00:00,4364.89990234375,4366.89990234375,4364.0,4365.7001953125,282.0
2026-09-16 06:40:00+00:00,4365.2001953125,4368.39990234375,4364.5,4368.2001953125,193.0
2026-09-16 06:45:00+00:00,4368.0,4368.5,4365.2001953125,4367.89990234375,282.0
2026-09-16 06:50:00+00:00,4368.0,4370.7001953125,4366.7998046875,4368.5,377.0
2026-09-16 06:55:00+00:00,4368.39990234375,4373.39990234375,4368.39990234375,4373.2001953125,372.0
2026-09-16 07:00:00+00:00,4372.7001953125,4376.2001953125,4372.0,4374.7998046875,564.0
2026-09-16 07:05:00+00:00,4374.7998046875,4374.7998046875,4370.0,4373.5,451.0
2026-09-16 07:10:00+00:00,4373.5,4375.7001953125,4371.60009765625,4375.5,393.0
2026-09-16 07:15:00+00:00,4376.0,4378.0,4373.10009765625,4373.2001953125,441.0
2026-09-16 07:20:00+00:00,4373.2998046875,4376.2998046875,4372.2998046875,4374.7998046875,194.0
2026-09-16 07:25:00+00:00,4374.2998046875,4376.2001953125,4372.60009765625,4375.7998046875,174.0
2026-09-16 07:30:00+00:00,4375.89990234375,4377.39990234375,4374.0,4375.89990234375,261.0
2026-09-16 07:35:00+00:00,4376.0,4378.7998046875,4375.89990234375,4377.89990234375,322.0
2026-09-16 07:40:00+00:00,4378.2998046875,4379.10009765625,4374.5,4375.7998046875,468.0
2026-09-16 07:45:00+00:00,4376.10009765625,4377.7001953125,4373.5,4373.60009765625,462.0
2026-09-16 07:50:00+00:00,4373.7001953125,4373.89990234375,4368.7998046875,4369.10009765625,565.0
2026-09-16 07:55:00+00:00,4368.7998046875,4370.2998046875,4368.2001953125,4369.0,482.0
2026-09-16 08:00:00+00:00,4369.0,4369.2998046875,4364.39990234375,4365.60009765625,937.0
2026-09-16 08:05:00+00:00,4365.7998046875,4366.10009765625,4363.60009765625,4365.0,337.0
2026-09-16 08:10:00+00:00,4364.60009765625,4367.7001953125,4362.60009765625,4367.39990234375,613.0
2026-09-16 08:15:00+00:00,4367.10009765625,4375.5,4366.39990234375,4372.2001953125,1649.0
2026-09-16 08:20:00+00:00,4372.10009765625,4377.7001953125,4371.0,4374.7998046875,1098.0
2026-09-16 08:25:00+00:00,4374.7001953125,4375.10009765625,4373.10009765625,4374.2998046875,361.0
2026-09-16 08:30:00+00:00,4374.39990234375,4374.60009765625,4366.2998046875,4368.7998046875,675.0
2026-09-16 08:35:00+00:00,4368.89990234375,4369.7998046875,4364.7001953125,4365.10009765625,476.0
2026-09-16 08:40:00+00:00,4365.2998046875,4369.2001953125,4363.89990234375,4368.7998046875,254.0
2026-09-16 08:45:00+00:00,4368.89990234375,4369.60009765625,4367.60009765625,4367.7001953125,316.0
2026-09-16 08:50:00+00:00,4367.2998046875,4370.7998046875,4365.2001953125,4369.7998046875,480.0
2026-09-16 08:55:00+00:00,4369.7998046875,4372.2001953125,4369.5,4371.10009765625,376.0
2026-09-16 09:00:00+00:00,4371.2001953125,4373.10009765625,4370.5,4371.5,369.0
2026-09-16 09:05:00+00:00,4372.10009765625,4373.2998046875,4370.60009765625,4372.10009765625,178.0
2026-09-16 09:10:00+00:00,4372.2998046875,4373.5,4371.5,4372.7998046875,485.0
2026-09-16 09:15:00+00:00,4373.0,4375.0,4369.89990234375,4370.89990234375,623.0
2026-09-16 09:20:00+00:00,4370.7001953125,4371.7001953125,4368.2998046875,4368.39990234375,377.0
2026-09-16 09:25:00+00:00,4368.2998046875,4374.5,4368.2998046875,4370.60009765625,1101.0
2026-09-16 09:30:00+00:00,4370.2998046875,4376.2998046875,4370.2998046875,4374.7998046875,826.0
2026-09-16 09:35:00+00:00,4374.89990234375,4377.0,4373.7998046875,4376.0,475.0
2026-09-16 09:40:00+00:00,4375.60009765625,4378.39990234375,4374.89990234375,4376.10009765625,586.0
2026-09-16 09:45:00+00:00,4376.10009765625,4376.5,4372.2001953125,4375.39990234375,368.0
2026-09-16 09:50:00+00:00,4376.10009765625,4376.89990234375,4375.10009765625,4376.39990234375,354.0
2026-09-16 09:55:00+00:00,4376.39990234375,4380.2998046875,4375.7998046875,4379.10009765625,581.0
2026-09-16 10:00:00+00:00,4379.10009765625,4383.0,4379.0,4380.0,979.0
2026-09-16 10:05:00+00:00,4380.2001953125,4386.89990234375,4378.60009765625,4386.39990234375,1223.0
2026-09-16 10:10:00+00:00,4386.5,4390.2001953125,4382.89990234375,4383.7998046875,2365.0
2026-09-16 10:15:00+00:00,4384.0,4385.5,4382.7001953125,4384.2001953125,547.0
2026-09-16 10:20:00+00:00,4383.89990234375,4387.2998046875,4382.7998046875,4383.39990234375,454.0
2026-09-16 10:25:00+00:00,4383.2001953125,4390.0,4382.0,4389.2998046875,1135.0
2026-09-16 10:30:00+00:00,4389.39990234375,4389.7998046875,4386.89990234375,4389.2001953125,441.0
2026-09-16 10:35:00+00:00,4388.89990234375,4390.60009765625,4387.7998046875,4388.89990234375,350.0
2026-09-16 10:40:00+00:00,4389.0,4390.5,4388.60009765625,4390.2001953125,445.0
2026-09-16 10:45:00+00:00,4390.10009765625,4390.60009765625,4389.0,4389.89990234375,315.0
2026-09-16 10:50:00+00:00,4389.7998046875,4389.7998046875,4386.60009765625,4387.10009765625,446.0
2026-09-16 10:55:00+00:00,4387.2998046875,4393.0,4387.0,4391.89990234375,598.0
2026-09-16 11:00:00+00:00,4392.0,4394.5,4389.60009765625,4391.2001953125,1555.0
2026-09-16 11:05:00+00:00,4391.2001953125,4392.39990234375,4389.60009765625,4390.89990234375,664.0
2026-09-16 11:10:00+00:00,4390.5,4392.10009765625,4387.89990234375,4388.10009765625,658.0
2026-09-16 11:15:00+00:00,4388.0,4389.2998046875,4387.39990234375,4388.7998046875,291.0
2026-09-16 11:20:00+00:00,4388.60009765625,4390.10009765625,4387.39990234375,4389.60009765625,491.0
2026-09-16 11:25:00+00:00,4389.60009765625,4394.7998046875,4388.89990234375,4391.7998046875,965.0
2026-09-16 11:30:00+00:00,4391.7001953125,4392.60009765625,4389.7998046875,4392.0,364.0
2026-09-16 11:35:00+00:00,4391.7998046875,4394.2001953125,4389.7001953125,4391.7001953125,510.0
2026-09-16 11:40:00+00:00,4391.7998046875,4392.10009765625,4388.2001953125,4390.89990234375,720.0
2026-09-16 11:45:00+00:00,4391.2998046875,4391.7998046875,4388.0,4388.2001953125,359.0
2026-09-16 11:50:00+00:00,4388.2001953125,4389.10009765625,4386.5,4388.39990234375,451.0
2026-09-16 11:55:00+00:00,4388.5,4389.2998046875,4382.7001953125,4382.7998046875,630.0
2026-09-16 12:00:00+00:00,4382.7998046875,4384.89990234375,4381.60009765625,4384.10009765625,669.0
2026-09-16 12:05:00+00:00,4384.0,4389.2998046875,4383.2998046875,4389.0,1071.0
2026-09-16 12:10:00+00:00,4388.7998046875,4388.89990234375,4384.10009765625,4384.5,734.0
2026-09-16 12:15:00+00:00,4384.2998046875,4386.60009765625,4381.5,4383.2998046875,900.0
2026-09-16 12:20:00+00:00,4383.2001953125,4383.2001953125,4378.60009765625,4379.5,1077.0
2026-09-16 12:25:00+00:00,4379.7001953125,4382.2001953125,4379.2998046875,4381.0,521.0
2026-09-16 12:30:00+00:00,4380.7001953125,4383.2998046875,4375.0,4382.10009765625,1157.0
2026-09-16 12:35:00+00:00,4382.5,4385.39990234375,4379.60009765625,4384.7001953125,658.0
2026-09-16 12:40:00+00:00,4384.5,4386.2001953125,4382.60009765625,4384.60009765625,619.0
2026-09-16 12:45:00+00:00,4384.60009765625,4388.10009765625,4383.7001953125,4387.2001953125,657.0
2026-09-16 12:50:00+00:00,4387.2001953125,4389.0,4383.60009765625,4386.2001953125,860.0
2026-09-16 12:55:00+00:00,4386.10009765625,4390.10009765625,4385.39990234375,4388.39990234375,902.0
2026-09-16 13:00:00+00:00,4388.5,4391.2998046875,4386.89990234375,4387.7998046875,1110.0
2026-09-16 13:05:00+00:00,4387.7001953125,4391.5,4385.0,4389.5,1402.0
2026-09-16 13:10:00+00:00,4389.7001953125,4398.60009765625,4389.10009765625,4397.7001953125,1560.0
2026-09-16 13:15:00+00:00,4398.0,4402.89990234375,4394.39990234375,4394.60009765625,1701.0
2026-09-16 13:20:00+00:00,4394.60009765625,4397.2001953125,4390.60009765625,4395.0,1147.0
2026-09-16 13:25:00+00:00,4395.2001953125,4396.60009765625,4392.7998046875,4393.2001953125,464.0
2026-09-16 13:30:00+00:00,4393.10009765625,4395.5,4389.2998046875,4389.7998046875,1278.0
2026-09-16 13:35:00+00:00,4389.89990234375,4391.5,4386.39990234375,4387.0,1110.0
2026-09-16 13:40:00+00:00,4386.89990234375,4388.39990234375,4381.60009765625,4381.60009765625,1092.0
2026-09-16 13:45:00+00:00,4381.7001953125,4387.10009765625,4381.60009765625,4384.10009765625,976.0
2026-09-16 13:50:00+00:00,4384.10009765625,4386.39990234375,4378.89990234375,4379.7001953125,737.0
2026-09-16 13:55:00+00:00,4379.7001953125,4380.60009765625,4376.2998046875,4379.89990234375,1184.0
2026-09-16 14:00:00+00:00,4379.89990234375,4380.7001953125,4370.0,4370.2001953125,2310.0
2026-09-16 14:05:00+00:00,4370.2001953125,4372.2001953125,4364.5,4371.2001953125,2825.0
2026-09-16 14:10:00+00:00,4371.2001953125,4381.89990234375,4371.0,4381.7001953125,2643.0
2026-09-16 14:15:00+00:00,4381.7001953125,4382.89990234375,4373.7001953125,4374.2001953125,1480.0
2026-09-16 14:20:00+00:00,4374.10009765625,4377.5,4372.39990234375,4374.39990234375,835.0
2026-09-16 14:25:00+00:00,4374.60009765625,4379.89990234375,4373.60009765625,4379.7001953125,754.0
2026-09-16 14:30:00+00:00,4379.60009765625,4380.2001953125,4376.0,4378.5,695.0
2026-09-16 14:35:00+00:00,4378.39990234375,4384.2998046875,4378.39990234375,4382.7001953125,718.0
2026-09-16 14:40:00+00:00,4382.7001953125,4387.89990234375,4381.7998046875,4387.39990234375,846.0
2026-09-16 14:45:00+00:00,4387.5,4392.7001953125,4386.89990234375,4392.2998046875,1431.0
2026-09-16 14:50:00+00:00,4392.39990234375,4396.5,4390.0,4390.2001953125,1514.0
2026-09-16 14:55:00+00:00,4390.39990234375,4398.10009765625,4389.39990234375,4397.2998046875,1076.0
2026-09-16 15:00:00+00:00,4397.2001953125,4399.89990234375,4392.60009765625,4392.7998046875,1249.0
2026-09-16 15:05:00+00:00,4392.89990234375,4400.2001953125,4391.89990234375,4399.2001953125,1570.0
2026-09-16 15:10:00+00:00,4399.2998046875,4400.10009765625,4395.0,4395.2001953125,1008.0
2026-09-16 15:15:00+00:00,4395.39990234375,4397.2998046875,4393.2998046875,4395.7998046875,841.0
2026-09-16 15:20:00+00:00,4395.2998046875,4395.89990234375,4391.60009765625,4391.89990234375,641.0
2026-09-16 15:25:00+00:00,4392.10009765625,4392.10009765625,4385.89990234375,4386.10009765625,1086.0
2026-09-16 15:30:00+00:00,4386.2001953125,4390.60009765625,4384.5,4389.7998046875,1043.0
2026-09-16 15:35:00+00:00,4390.0,4394.60009765625,4389.10009765625,4392.10009765625,635.0
2026-09-16 15:40:00+00:00,4392.2998046875,4393.10009765625,4391.39990234375,4392.5,424.0
2026-09-16 15:45:00+00:00,4392.60009765625,4405.2001953125,4392.0,4395.0,3159.0
2026-09-16 15:50:00+00:00,4395.5,4397.39990234375,4392.2001953125,4393.7001953125,759.0
2026-09-16 15:55:00+00:00,4393.7001953125,4395.7001953125,4392.0,4394.7001953125,447.0
2026-09-16 16:00:00+00:00,4394.89990234375,4395.0,4389.89990234375,4389.89990234375,598.0
2026-09-16 16:05:00+00:00,4390.10009765625,4391.60009765625,4388.5,4391.5,337.0
2026-09-16 16:10:00+00:00,4391.7998046875,4393.2001953125,4390.2001953125,4392.0,445.0
2026-09-16 16:15:00+00:00,4392.0,4394.10009765625,4390.89990234375,4391.5,364.0
2026-09-16 16:20:00+00:00,4391.39990234375,4392.0,4388.60009765625,4389.5,343.0
2026-09-16 16:25:00+00:00,4389.5,4390.2001953125,4386.10009765625,4387.7998046875,741.0
2026-09-16 16:30:00+00:00,4387.7001953125,4390.2998046875,4386.7998046875,4389.89990234375,592.0
2026-09-16 16:35:00+00:00,4389.60009765625,4390.2998046875,4387.2001953125,4388.89990234375,535.0
2026-09-16 16:40:00+00:00,4388.89990234375,4390.2001953125,4388.7001953125,4389.39990234375,266.0
2026-09-16 16:45:00+00:00,4389.2998046875,4390.60009765625,4388.10009765625,4388.10009765625,229.0
2026-09-16 16:50:00+00:00,4387.7001953125,4387.7998046875,4385.2998046875,4387.60009765625,964.0
2026-09-16 16:55:00+00:00,4387.5,4389.2998046875,4387.2998046875,4388.5,306.0
2026-09-16 17:00:00+00:00,4388.2998046875,4388.5,4384.7998046875,4386.7001953125,916.0
2026-09-16 17:05:00+00:00,4386.60009765625,4387.5,4384.7001953125,4385.10009765625,379.0
2026-09-16 17:10:00+00:00,4385.10009765625,4385.5,4383.39990234375,4385.10009765625,377.0
2026-09-16 17:15:00+00:00,4385.10009765625,4386.7001953125,4384.60009765625,4386.2001953125,775.0
2026-09-16 17:20:00+00:00,4386.2998046875,4386.60009765625,4383.89990234375,4385.89990234375,468.0
2026-09-16 17:25:00+00:00,4386.0,4389.0,4385.7001953125,4388.2001953125,1056.0
2026-09-16 17:30:00+00:00,4388.39990234375,4391.60009765625,4387.60009765625,4390.5,680.0
2026-09-16 17:35:00+00:00,4390.5,4390.89990234375,4385.0,4385.39990234375,767.0
2026-09-16 17:40:00+00:00,4385.2998046875,4386.7998046875,4385.0,4385.2998046875,388.0
2026-09-16 17:45:00+00:00,4385.7998046875,4386.89990234375,4384.10009765625,4386.10009765625,554.0
2026-09-16 17:50:00+00:00,4386.10009765625,4391.89990234375,4385.7998046875,4389.89990234375,1472.0
2026-09-16 17:55:00+00:00,4389.7998046875,4413.10009765625,4389.39990234375,4399.0,1403.0
2026-09-16 18:00:00+00:00,4404.2001953125,4412.0,4355.2001953125,4366.5,10866.0
2026-09-16 18:05:00+00:00,4366.39990234375,4387.5,4366.39990234375,4372.89990234375,3819.0
2026-09-16 18:10:00+00:00,4373.39990234375,4376.10009765625,4349.10009765625,4352.0,4622.0
2026-09-16 18:15:00+00:00,4351.7998046875,4363.7001953125,4347.89990234375,4360.2998046875,3591.0
2026-09-16 18:20:00+00:00,4359.7998046875,4365.7998046875,4355.10009765625,4356.39990234375,1883.0
2026-09-16 18:25:00+00:00,4356.60009765625,4364.5,4353.5,4363.89990234375,1376.0
2026-09-16 18:30:00+00:00,4363.5,4365.0,4321.10009765625,4325.39990234375,7157.0
2026-09-16 18:35:00+00:00,4325.10009765625,4332.7001953125,4298.89990234375,4331.89990234375,8268.0
2026-09-16 18:40:00+00:00,4331.39990234375,4351.7998046875,4325.7998046875,4341.60009765625,4725.0
2026-09-16 18:45:00+00:00,4341.60009765625,4347.7998046875,4331.5,4334.2001953125,3013.0
2026-09-16 18:50:00+00:00,4334.2001953125,4337.39990234375,4304.0,4306.39990234375,4417.0
2026-09-16 18:55:00+00:00,4306.39990234375,4313.2998046875,4296.2001953125,4301.2998046875,4191.0
2026-09-16 19:00:00+00:00,4301.0,4326.89990234375,4300.0,4313.2998046875,4344.0
2026-09-16 19:05:00+00:00,4313.0,4313.2998046875,4288.0,4289.7998046875,6211.0
2026-09-16 19:10:00+00:00,4289.7001953125,4291.89990234375,4273.2998046875,4291.7001953125,6239.0
2026-09-16 19:15:00+00:00,4291.7998046875,4296.10009765625,4279.2998046875,4286.89990234375,2504.0
2026-09-16 19:20:00+00:00,4287.10009765625,4291.7998046875,4283.2001953125,4291.60009765625,1394.0
2026-09-16 19:25:00+00:00,4291.60009765625,4296.7998046875,4278.7001953125,4292.60009765625,1687.0
2026-09-16 19:30:00+00:00,4292.89990234375,4302.7998046875,4292.5,4302.60009765625,1876.0
2026-09-16 19:35:00+00:00,4302.7001953125,4305.10009765625,4295.7001953125,4302.7998046875,1194.0
2026-09-16 19:40:00+00:00,4302.5,4310.2001953125,4300.39990234375,4304.10009765625,1271.0
2026-09-16 19:45:00+00:00,4303.5,4310.89990234375,4303.5,4308.5,1104.0
2026-09-16 19:50:00+00:00,4308.89990234375,4315.5,4306.7001953125,4312.2998046875,1631.0
2026-09-16 19:55:00+00:00,4312.39990234375,4313.2001953125,4307.7001953125,4311.39990234375,969.0
2026-09-16 20:00:00+00:00,4311.2001953125,4312.89990234375,4306.7001953125,4309.7998046875,781.0
2026-09-16 20:05:00+00:00,4309.5,4311.2998046875,4305.10009765625,4306.7001953125,421.0
2026-09-16 20:10:00+00:00,4306.89990234375,4307.10009765625,4302.89990234375,4304.2998046875,469.0
2026-09-16 20:15:00+00:00,4304.5,4307.60009765625,4303.0,4305.7998046875,170.0
2026-09-16 20:20:00+00:00,4305.7998046875,4305.7998046875,4300.10009765625,4300.2998046875,261.0
2026-09-16 20:25:00+00:00,4300.2998046875,4300.7998046875,4296.89990234375,4299.7998046875,463.0
2026-09-16 20:30:00+00:00,4299.7001953125,4301.60009765625,4297.60009765625,4301.0,181.0
2026-09-16 20:35:00+00:00,4300.7998046875,4304.10009765625,4298.7998046875,4304.10009765625,317.0
2026-09-16 20:40:00+00:00,4303.7998046875,4304.7001953125,4300.89990234375,4301.60009765625,170.0
2026-09-16 20:45:00+00:00,4301.7998046875,4305.5,4301.7001953125,4304.7001953125,201.0
2026-09-16 20:50:00+00:00,4304.7001953125,4304.89990234375,4299.89990234375,4301.60009765625,161.0
2026-09-16 20:55:00+00:00,4301.5,4303.39990234375,4301.2998046875,4302.5,126.0
2026-09-16 22:00:00+00:00,4301.39990234375,4302.7001953125,4296.60009765625,4297.5,0.0
2026-09-16 22:05:00+00:00,4297.7001953125,4299.7998046875,4296.2998046875,4298.2998046875,271.0
2026-09-16 22:10:00+00:00,4298.10009765625,4299.0,4296.0,4296.10009765625,255.0
2026-09-16 22:15:00+00:00,4296.2998046875,4296.7998046875,4294.5,4296.7001953125,272.0
2026-09-16 22:20:00+00:00,4296.39990234375,4299.2001953125,4296.39990234375,4298.2998046875,171.0
2026-09-16 22:25:00+00:00,4298.10009765625,4300.60009765625,4298.10009765625,4299.10009765625,260.0
2026-09-16 22:30:00+00:00,4299.2998046875,4307.39990234375,4299.0,4306.89990234375,615.0
2026-09-16 22:35:00+00:00,4306.89990234375,4314.0,4306.2001953125,4312.60009765625,1152.0
2026-09-16 22:40:00+00:00,4312.7001953125,4312.7998046875,4310.39990234375,4310.7001953125,101.0
2026-09-16 22:45:00+00:00,4311.2001953125,4311.7001953125,4307.7998046875,4308.0,149.0
2026-09-16 22:50:00+00:00,4307.7998046875,4307.7998046875,4303.2001953125,4305.2998046875,454.0
2026-09-16 22:55:00+00:00,4305.39990234375,4309.7001953125,4304.0,4304.7001953125,498.0
2026-09-16 23:00:00+00:00,4304.0,4306.10009765625,4300.2001953125,4303.2998046875,832.0
2026-09-16 23:05:00+00:00,4303.5,4303.7001953125,4296.7998046875,4302.5,766.0
2026-09-16 23:10:00+00:00,4302.5,4305.0,4299.0,4300.39990234375,507.0
2026-09-16 23:15:00+00:00,4300.7998046875,4308.60009765625,4300.0,4306.2998046875,402.0
2026-09-16 23:20:00+00:00,4307.10009765625,4311.10009765625,4307.10009765625,4308.5,316.0
2026-09-16 23:25:00+00:00,4309.2998046875,4310.10009765625,4307.5,4309.7998046875,206.0
2026-09-16 23:30:00+00:00,4309.89990234375,4311.2998046875,4309.10009765625,4309.2998046875,183.0
2026-09-16 23:35:00+00:00,4308.7001953125,4309.5,4306.39990234375,4309.10009765625,168.0
2026-09-16 23:40:00+00:00,4308.7001953125,4313.0,4307.0,4311.5,704.0
2026-09-16 23:45:00+00:00,4311.7001953125,4313.60009765625,4309.39990234375,4311.60009765625,419.0
2026-09-16 23:50:00+00:00,4311.7001953125,4313.7001953125,4309.2998046875,4310.10009765625,343.0
2026-09-16 23:55:00+00:00,4310.10009765625,4311.60009765625,4309.5,4309.7001953125,176.0
2026-09-17 00:00:00+00:00,4309.7998046875,4310.39990234375,4304.39990234375,4307.39990234375,499.0
2026-09-17 00:05:00+00:00,4307.89990234375,4315.7998046875,4307.60009765625,4315.7998046875,557.0
2026-09-17 00:10:00+00:00,4316.0,4324.7998046875,4316.0,4322.7998046875,1040.0
2026-09-17 00:15:00+00:00,4322.60009765625,4324.5,4319.5,4322.7998046875,488.0
2026-09-17 00:20:00+00:00,4322.5,4327.7001953125,4322.39990234375,4324.2998046875,799.0
2026-09-17 00:25:00+00:00,4324.5,4325.0,4321.5,4322.7998046875,480.0
2026-09-17 00:30:00+00:00,4322.5,4327.10009765625,4320.39990234375,4322.89990234375,341.0
2026-09-17 00:35:00+00:00,4323.2998046875,4327.2001953125,4321.89990234375,4325.89990234375,294.0
2026-09-17 00:40:00+00:00,4326.10009765625,4330.39990234375,4325.60009765625,4327.0,572.0
2026-09-17 00:45:00+00:00,4327.0,4327.39990234375,4322.5,4322.7998046875,207.0
2026-09-17 00:50:00+00:00,4323.0,4323.89990234375,4317.0,4318.0,466.0
2026-09-17 00:55:00+00:00,4318.5,4320.5,4315.2001953125,4318.5,932.0
2026-09-17 01:00:00+00:00,4318.39990234375,4336.7998046875,4318.39990234375,4335.39990234375,2666.0
2026-09-17 01:05:00+00:00,4335.2001953125,4348.7001953125,4334.89990234375,4341.60009765625,1600.0
2026-09-17 01:10:00+00:00,4341.2998046875,4341.39990234375,4332.89990234375,4337.10009765625,996.0
2026-09-17 01:15:00+00:00,4336.7001953125,4345.0,4336.2998046875,4340.7998046875,598.0
2026-09-17 01:20:00+00:00,4340.5,4348.7001953125,4339.60009765625,4348.0,524.0
2026-09-17 01:25:00+00:00,4348.2998046875,4350.89990234375,4346.10009765625,4348.10009765625,826.0
2026-09-17 01:30:00+00:00,4347.39990234375,4353.5,4346.60009765625,4352.0,613.0
2026-09-17 01:35:00+00:00,4352.0,4356.2001953125,4348.7998046875,4349.89990234375,995.0
2026-09-17 01:40:00+00:00,4350.0,4350.89990234375,4346.89990234375,4347.10009765625,742.0
2026-09-17 01:45:00+00:00,4347.0,4349.7998046875,4344.5,4349.0,709.0
2026-09-17 01:50:00+00:00,4348.5,4349.2001953125,4342.89990234375,4343.2998046875,322.0
2026-09-17 01:55:00+00:00,4343.2001953125,4343.7998046875,4335.7998046875,4337.89990234375,635.0
2026-09-17 02:00:00+00:00,4338.2001953125,4338.89990234375,4335.5,4336.60009765625,483.0
2026-09-17 02:05:00+00:00,4336.2001953125,4337.10009765625,4323.0,4325.0,1397.0
2026-09-17 02:10:00+00:00,4325.0,4327.39990234375,4319.0,4325.5,840.0
2026-09-17 02:15:00+00:00,4325.7001953125,4330.7001953125,4325.2998046875,4330.39990234375,547.0
2026-09-17 02:20:00+00:00,4330.5,4331.2998046875,4328.2001953125,4328.7001953125,326.0
2026-09-17 02:25:00+00:00,4328.7998046875,4330.60009765625,4327.7998046875,4330.10009765625,237.0
2026-09-17 02:30:00+00:00,4330.10009765625,4331.10009765625,4323.2001953125,4323.7998046875,584.0
2026-09-17 02:35:00+00:00,4324.2998046875,4325.0,4321.39990234375,4321.89990234375,476.0
2026-09-17 02:40:00+00:00,4321.5,4329.0,4319.7001953125,4326.60009765625,520.0
2026-09-17 02:45:00+00:00,4326.7001953125,4327.7001953125,4320.7001953125,4321.89990234375,396.0
2026-09-17 02:50:00+00:00,4321.60009765625,4322.0,4312.60009765625,4314.39990234375,717.0
2026-09-17 02:55:00+00:00,4314.10009765625,4318.89990234375,4312.0,4315.2001953125,535.0
2026-09-17 03:00:00+00:00,4315.2001953125,4321.0,4315.2001953125,4320.60009765625,480.0
2026-09-17 03:05:00+00:00,4320.5,4324.5,4319.10009765625,4322.89990234375,267.0
2026-09-17 03:10:00+00:00,4322.89990234375,4324.0,4320.10009765625,4322.89990234375,263.0
2026-09-17 03:15:00+00:00,4323.10009765625,4325.0,4321.39990234375,4324.5,178.0
2026-09-17 03:20:00+00:00,4324.60009765625,4324.60009765625,4321.0,4323.60009765625,115.0
2026-09-17 03:25:00+00:00,4324.0,4325.0,4323.0,4323.7998046875,129.0
2026-09-17 03:30:00+00:00,4323.7998046875,4330.2998046875,4323.7998046875,4328.2001953125,475.0
2026-09-17 03:35:00+00:00,4328.60009765625,4331.7998046875,4327.89990234375,4330.2998046875,300.0
2026-09-17 03:40:00+00:00,4330.7001953125,4334.60009765625,4329.89990234375,4334.10009765625,447.0
2026-09-17 03:45:00+00:00,4334.5,4335.10009765625,4332.2001953125,4334.10009765625,405.0
2026-09-17 03:50:00+00:00,4334.0,4335.2001953125,4332.7001953125,4335.0,203.0
2026-09-17 03:55:00+00:00,4334.7998046875,4336.0,4334.0,4335.39990234375,212.0
2026-09-17 04:00:00+00:00,4334.2001953125,4334.60009765625,4332.39990234375,4332.7998046875,183.0
2026-09-17 04:05:00+00:00,4332.60009765625,4335.10009765625,4331.7001953125,4334.7998046875,261.0
2026-09-17 04:10:00+00:00,4334.7001953125,4334.7001953125,4331.2001953125,4332.2001953125,163.0
2026-09-17 04:15:00+00:00,4332.39990234375,4332.60009765625,4330.89990234375,4331.60009765625,125.0
2026-09-17 04:20:00+00:00,4331.5,4334.10009765625,4330.2001953125,4332.10009765625,182.0
2026-09-17 04:25:00+00:00,4332.10009765625,4332.60009765625,4329.39990234375,4330.0,206.0
2026-09-17 04:30:00+00:00,4329.60009765625,4331.5,4328.7001953125,4330.0,161.0
2026-09-17 04:35:00+00:00,4330.2001953125,4335.0,4330.2001953125,4333.5,233.0
2026-09-17 04:40:00+00:00,4333.60009765625,4335.0,4331.60009765625,4334.0,252.0
2026-09-17 04:45:00+00:00,4333.89990234375,4337.5,4333.89990234375,4335.7001953125,324.0
2026-09-17 04:50:00+00:00,4336.0,4337.2998046875,4334.0,4335.89990234375,413.0
2026-09-17 04:55:00+00:00,4335.89990234375,4337.10009765625,4334.39990234375,4336.10009765625,153.0
2026-09-17 05:00:00+00:00,4335.60009765625,4337.60009765625,4335.2998046875,4336.39990234375,162.0
2026-09-17 05:05:00+00:00,4336.10009765625,4336.7001953125,4335.39990234375,4335.89990234375,94.0
2026-09-17 05:10:00+00:00,4335.89990234375,4335.89990234375,4332.60009765625,4332.7998046875,143.0
2026-09-17 05:15:00+00:00,4332.39990234375,4332.39990234375,4327.0,4327.10009765625,376.0
2026-09-17 05:20:00+00:00,4326.60009765625,4326.60009765625,4323.7001953125,4325.5,323.0
2026-09-17 05:25:00+00:00,4325.60009765625,4326.5,4324.60009765625,4324.7998046875,168.0
2026-09-17 05:30:00+00:00,4324.89990234375,4335.2998046875,4324.60009765625,4333.10009765625,537.0
2026-09-17 05:35:00+00:00,4333.5,4335.60009765625,4330.89990234375,4335.2001953125,284.0
2026-09-17 05:40:00+00:00,4335.5,4336.5,4332.7998046875,4335.5,182.0
2026-09-17 05:45:00+00:00,4335.60009765625,4337.60009765625,4334.2998046875,4336.0,246.0
2026-09-17 05:50:00+00:00,4336.60009765625,4341.89990234375,4336.60009765625,4341.39990234375,373.0
2026-09-17 05:55:00+00:00,4341.2998046875,4343.7001953125,4340.39990234375,4342.60009765625,371.0
2026-09-17 06:00:00+00:00,4342.5,4347.10009765625,4342.2998046875,4344.5,810.0
2026-09-17 06:05:00+00:00,4344.89990234375,4349.2001953125,4344.2001953125,4348.7001953125,548.0
2026-09-17 06:10:00+00:00,4348.39990234375,4351.0,4347.2998046875,4350.5,460.0
2026-09-17 06:15:00+00:00,4350.89990234375,4351.0,4343.2001953125,4346.10009765625,479.0
2026-09-17 06:20:00+00:00,4345.60009765625,4347.0,4344.10009765625,4345.7001953125,263.0
2026-09-17 06:25:00+00:00,4346.0,4351.60009765625,4345.5,4350.7001953125,288.0
2026-09-17 06:30:00+00:00,4350.39990234375,4353.7998046875,4349.7998046875,4351.39990234375,482.0
2026-09-17 06:35:00+00:00,4351.2001953125,4351.5,4344.2998046875,4344.89990234375,396.0
2026-09-17 06:40:00+00:00,4344.60009765625,4348.2998046875,4344.60009765625,4347.7998046875,306.0
2026-09-17 06:45:00+00:00,4348.0,4350.2998046875,4345.7001953125,4349.10009765625,458.0
2026-09-17 06:50:00+00:00,4348.7998046875,4349.7998046875,4345.2998046875,4348.60009765625,385.0
2026-09-17 06:55:00+00:00,4349.0,4350.10009765625,4347.39990234375,4349.5,237.0
2026-09-17 07:00:00+00:00,4349.39990234375,4352.39990234375,4347.7998046875,4350.5,465.0
2026-09-17 07:05:00+00:00,4350.5,4354.89990234375,4350.5,4353.60009765625,440.0
2026-09-17 07:10:00+00:00,4354.0,4362.10009765625,4354.0,4361.60009765625,1326.0
2026-09-17 07:15:00+00:00,4361.7998046875,4368.2998046875,4361.60009765625,4362.7001953125,1165.0
2026-09-17 07:20:00+00:00,4363.0,4364.2998046875,4358.0,4363.7998046875,726.0
2026-09-17 07:25:00+00:00,4363.89990234375,4368.7998046875,4363.10009765625,4368.2001953125,757.0
2026-09-17 07:30:00+00:00,4368.2998046875,4373.60009765625,4368.2998046875,4371.60009765625,792.0
2026-09-17 07:35:00+00:00,4371.2998046875,4373.2998046875,4368.5,4373.2998046875,613.0
2026-09-17 07:40:00+00:00,4373.2001953125,4373.89990234375,4368.0,4370.39990234375,602.0
2026-09-17 07:45:00+00:00,4370.5,4374.39990234375,4368.7998046875,4371.5,976.0
2026-09-17 07:50:00+00:00,4371.10009765625,4371.2001953125,4366.39990234375,4366.60009765625,759.0
2026-09-17 07:55:00+00:00,4366.5,4367.2001953125,4362.7001953125,4366.10009765625,527.0
2026-09-17 08:00:00+00:00,4366.39990234375,4367.2001953125,4364.7001953125,4366.2998046875,284.0
2026-09-17 08:05:00+00:00,4366.0,4366.89990234375,4365.2001953125,4365.89990234375,271.0
2026-09-17 08:10:00+00:00,4365.60009765625,4366.39990234375,4356.89990234375,4359.10009765625,1170.0
2026-09-17 08:15:00+00:00,4359.10009765625,4361.10009765625,4355.10009765625,4355.89990234375,473.0
2026-09-17 08:20:00+00:00,4356.10009765625,4357.0,4353.7001953125,4355.39990234375,806.0
2026-09-17 08:25:00+00:00,4355.5,4356.60009765625,4354.10009765625,4355.10009765625,476.0
2026-09-17 08:30:00+00:00,4355.2001953125,4356.7001953125,4351.2998046875,4356.7001953125,593.0
2026-09-17 08:35:00+00:00,4356.89990234375,4359.0,4355.5,4358.10009765625,444.0
2026-09-17 08:40:00+00:00,4358.0,4358.5,4352.5,4353.0,349.0
2026-09-17 08:45:00+00:00,4352.7998046875,4352.7998046875,4349.2001953125,4351.0,387.0
2026-09-17 08:50:00+00:00,4350.89990234375,4353.2001953125,4349.5,4352.2001953125,278.0
2026-09-17 08:55:00+00:00,4352.0,4352.60009765625,4349.7001953125,4350.7001953125,350.0
2026-09-17 09:00:00+00:00,4351.2998046875,4354.7998046875,4351.2001953125,4353.60009765625,397.0
2026-09-17 09:05:00+00:00,4353.89990234375,4356.2998046875,4353.39990234375,4355.89990234375,280.0
2026-09-17 09:10:00+00:00,4355.89990234375,4358.5,4354.39990234375,4355.10009765625,601.0
2026-09-17 09:15:00+00:00,4354.89990234375,4355.60009765625,4350.60009765625,4350.89990234375,493.0
2026-09-17 09:20:00+00:00,4350.5,4352.5,4349.60009765625,4350.7001953125,297.0
2026-09-17 09:25:00+00:00,4350.2998046875,4351.39990234375,4344.7998046875,4345.39990234375,618.0
2026-09-17 09:30:00+00:00,4345.2998046875,4347.89990234375,4343.89990234375,4346.7001953125,672.0
2026-09-17 09:35:00+00:00,4346.0,4349.0,4345.7001953125,4348.10009765625,366.0
2026-09-17 09:40:00+00:00,4348.0,4350.2001953125,4347.7001953125,4348.5,386.0
2026-09-17 09:45:00+00:00,4348.10009765625,4348.7001953125,4345.7001953125,4348.7001953125,200.0
2026-09-17 09:50:00+00:00,4348.7001953125,4350.39990234375,4348.0,4350.0,310.0
2026-09-17 09:55:00+00:00,4350.0,4350.10009765625,4344.60009765625,4345.10009765625,286.0
2026-09-17 10:00:00+00:00,4345.2998046875,4347.60009765625,4343.7998046875,4346.7998046875,240.0
2026-09-17 10:05:00+00:00,4346.7998046875,4350.7001953125,4346.5,4348.0,333.0
2026-09-17 10:10:00+00:00,4348.39990234375,4352.7998046875,4348.39990234375,4349.2001953125,232.0
2026-09-17 10:15:00+00:00,4349.2001953125,4349.7998046875,4345.89990234375,4345.89990234375,207.0
2026-09-17 10:20:00+00:00,4346.2998046875,4352.39990234375,4346.2998046875,4352.2998046875,261.0
2026-09-17 10:25:00+00:00,4352.5,4355.10009765625,4352.2001953125,4352.7998046875,290.0
2026-09-17 10:30:00+00:00,4353.0,4354.7001953125,4351.60009765625,4354.10009765625,332.0
2026-09-17 10:35:00+00:00,4354.2001953125,4358.10009765625,4354.2001953125,4356.0,492.0
2026-09-17 10:40:00+00:00,4356.10009765625,4357.0,4354.2001953125,4356.0,153.0
2026-09-17 10:45:00+00:00,4355.7001953125,4358.2998046875,4355.60009765625,4357.7001953125,133.0
2026-09-17 10:50:00+00:00,4358.2998046875,4363.10009765625,4358.10009765625,4361.39990234375,625.0
2026-09-17 10:55:00+00:00,4361.60009765625,4364.7001953125,4360.7998046875,4363.7001953125,469.0
2026-09-17 11:00:00+00:00,4363.89990234375,4370.2998046875,4363.2001953125,4370.0,1083.0
2026-09-17 11:05:00+00:00,4369.7998046875,4376.5,4368.60009765625,4375.7001953125,1499.0
2026-09-17 11:10:00+00:00,4375.7001953125,4379.7001953125,4370.2001953125,4371.89990234375,1252.0
2026-09-17 11:15:00+00:00,4371.89990234375,4374.5,4366.39990234375,4366.39990234375,785.0
2026-09-17 11:20:00+00:00,4366.5,4372.89990234375,4366.39990234375,4368.7998046875,664.0
2026-09-17 11:25:00+00:00,4368.39990234375,4369.0,4366.0,4368.0,355.0
2026-09-17 11:30:00+00:00,4368.10009765625,4368.5,4364.7001953125,4365.89990234375,503.0
2026-09-17 11:35:00+00:00,4365.7998046875,4367.2001953125,4363.60009765625,4365.5,434.0
2026-09-17 11:40:00+00:00,4365.2998046875,4366.7998046875,4362.89990234375,4364.60009765625,460.0
2026-09-17 11:45:00+00:00,4364.5,4372.5,4364.2001953125,4372.39990234375,671.0
2026-09-17 11:50:00+00:00,4372.2001953125,4381.7001953125,4371.10009765625,4380.2001953125,984.0
2026-09-17 11:55:00+00:00,4380.5,4393.5,4379.5,4390.0,3079.0
2026-09-17 12:00:00+00:00,4390.0,4393.89990234375,4383.7998046875,4385.89990234375,2929.0
2026-09-17 12:05:00+00:00,4386.2998046875,4394.7001953125,4385.2998046875,4393.2001953125,1511.0
2026-09-17 12:10:00+00:00,4393.39990234375,4395.60009765625,4391.5,4394.89990234375,1181.0
2026-09-17 12:15:00+00:00,4395.10009765625,4406.7001953125,4393.60009765625,4405.89990234375,2223.0
2026-09-17 12:20:00+00:00,4406.10009765625,4415.2001953125,4403.5,4409.10009765625,3265.0
2026-09-17 12:25:00+00:00,4409.5,4423.2998046875,4407.60009765625,4421.2998046875,2529.0
2026-09-17 12:30:00+00:00,4421.0,4421.0,4408.39990234375,4410.7998046875,2437.0
2026-09-17 12:35:00+00:00,4410.89990234375,4412.10009765625,4404.2001953125,4410.2998046875,1394.0
2026-09-17 12:40:00+00:00,4410.2001953125,4410.89990234375,4400.7001953125,4400.89990234375,1309.0
2026-09-17 12:45:00+00:00,4401.10009765625,4407.7001953125,4399.39990234375,4406.89990234375,1330.0
2026-09-17 12:50:00+00:00,4407.0,4415.2998046875,4407.0,4414.5,1248.0
2026-09-17 12:55:00+00:00,4414.5,4414.7001953125,4410.7998046875,4413.7998046875,1035.0
2026-09-17 13:00:00+00:00,4413.7998046875,4415.0,4405.60009765625,4406.5,1981.0
2026-09-17 13:05:00+00:00,4406.39990234375,4412.0,4404.5,4406.60009765625,911.0
2026-09-17 13:10:00+00:00,4406.7001953125,4406.89990234375,4400.60009765625,4406.5,847.0
2026-09-17 13:15:00+00:00,4406.7998046875,4415.60009765625,4406.2001953125,4413.0,1104.0
2026-09-17 13:20:00+00:00,4413.2001953125,4415.7998046875,4406.5,4407.5,790.0
2026-09-17 13:25:00+00:00,4407.5,4409.0,4405.5,4407.39990234375,385.0
2026-09-17 13:30:00+00:00,4407.60009765625,4412.60009765625,4403.60009765625,4412.5,1749.0
2026-09-17 13:35:00+00:00,4412.60009765625,4415.0,4401.7998046875,4401.89990234375,1627.0
2026-09-17 13:40:00+00:00,4401.89990234375,4403.89990234375,4396.7998046875,4398.89990234375,1783.0
2026-09-17 13:45:00+00:00,4398.7998046875,4409.7998046875,4395.89990234375,4408.10009765625,1648.0
2026-09-17 13:50:00+00:00,4408.0,4412.5,4406.7001953125,4407.10009765625,1423.0
2026-09-17 13:55:00+00:00,4407.10009765625,4410.60009765625,4405.0,4407.39990234375,890.0
2026-09-17 14:00:00+00:00,4407.2998046875,4411.0,4405.2001953125,4409.89990234375,1033.0
2026-09-17 14:05:00+00:00,4409.89990234375,4420.89990234375,4407.2001953125,4417.89990234375,2039.0
2026-09-17 14:10:00+00:00,4417.89990234375,4420.89990234375,4409.5,4412.39990234375,1266.0
2026-09-17 14:15:00+00:00,4412.7001953125,4413.0,4406.60009765625,4409.7998046875,794.0
2026-09-17 14:20:00+00:00,4410.0,4411.2001953125,4406.10009765625,4410.5,650.0
2026-09-17 14:25:00+00:00,4410.5,4413.60009765625,4407.10009765625,4407.5,752.0
2026-09-17 14:30:00+00:00,4407.89990234375,4408.5,4402.39990234375,4406.89990234375,1159.0
2026-09-17 14:35:00+00:00,4407.7998046875,4408.5,4401.60009765625,4401.89990234375,822.0
2026-09-17 14:40:00+00:00,4401.7001953125,4405.2998046875,4400.2001953125,4401.7001953125,948.0
2026-09-17 14:45:00+00:00,4401.89990234375,4405.39990234375,4398.7998046875,4401.7998046875,1304.0
2026-09-17 14:50:00+00:00,4402.2001953125,4402.7998046875,4396.2998046875,4397.7001953125,953.0
2026-09-17 14:55:00+00:00,4397.7001953125,4398.0,4392.2001953125,4394.5,991.0
2026-09-17 15:00:00+00:00,4394.60009765625,4397.7998046875,4391.7998046875,4396.10009765625,954.0
2026-09-17 15:05:00+00:00,4396.2998046875,4399.60009765625,4395.89990234375,4396.89990234375,481.0
2026-09-17 15:10:00+00:00,4396.60009765625,4402.7001953125,4393.89990234375,4402.39990234375,772.0
2026-09-17 15:15:00+00:00,4402.2998046875,4405.2001953125,4400.60009765625,4403.7001953125,726.0
2026-09-17 15:20:00+00:00,4403.7998046875,4403.89990234375,4399.39990234375,4400.2998046875,646.0
2026-09-17 15:25:00+00:00,4400.10009765625,4403.39990234375,4397.0,4398.2998046875,599.0
2026-09-17 15:30:00+00:00,4399.10009765625,4400.10009765625,4396.0,4399.5,617.0
2026-09-17 15:35:00+00:00,4399.2998046875,4404.10009765625,4398.2998046875,4402.7998046875,631.0
2026-09-17 15:40:00+00:00,4402.89990234375,4407.39990234375,4402.60009765625,4405.89990234375,655.0
2026-09-17 15:45:00+00:00,4405.89990234375,4407.89990234375,4403.60009765625,4405.7001953125,917.0
2026-09-17 15:50:00+00:00,4405.5,4407.7001953125,4404.10009765625,4406.89990234375,499.0
2026-09-17 15:55:00+00:00,4406.2998046875,4410.2001953125,4405.2998046875,4409.7998046875,513.0
2026-09-17 16:00:00+00:00,4410.10009765625,4412.7001953125,4408.7001953125,4409.7001953125,910.0
2026-09-17 16:05:00+00:00,4409.7998046875,4411.39990234375,4407.2998046875,4409.5,702.0
2026-09-17 16:10:00+00:00,4410.0,4410.2001953125,4406.7998046875,4407.60009765625,725.0
2026-09-17 16:15:00+00:00,4407.7998046875,4408.60009765625,4405.5,4406.89990234375,443.0
2026-09-17 16:20:00+00:00,4406.89990234375,4408.10009765625,4405.60009765625,4407.5,403.0
2026-09-17 16:25:00+00:00,4407.39990234375,4408.0,4403.2998046875,4407.2998046875,623.0
2026-09-17 16:30:00+00:00,4407.2001953125,4407.39990234375,4397.10009765625,4398.2998046875,967.0
2026-09-17 16:35:00+00:00,4398.5,4400.7001953125,4397.5,4399.7001953125,650.0
2026-09-17 16:40:00+00:00,4399.7998046875,4400.2001953125,4397.2001953125,4399.7001953125,429.0
2026-09-17 16:45:00+00:00,4399.60009765625,4401.2998046875,4397.5,4398.0,410.0
2026-09-17 16:50:00+00:00,4397.5,4400.7001953125,4395.7001953125,4399.7998046875,480.0
2026-09-17 16:55:00+00:00,4399.89990234375,4402.10009765625,4395.2998046875,4401.89990234375,1413.0
2026-09-17 17:00:00+00:00,4402.10009765625,4404.39990234375,4398.2001953125,4402.2998046875,852.0
2026-09-17 17:05:00+00:00,4402.39990234375,4405.7001953125,4401.7998046875,4403.7001953125,466.0
2026-09-17 17:10:00+00:00,4403.5,4404.0,4400.5,4401.7001953125,301.0
2026-09-17 17:15:00+00:00,4401.89990234375,4403.0,4399.10009765625,4400.2001953125,449.0
2026-09-17 17:20:00+00:00,4400.2001953125,4401.7998046875,4397.60009765625,4399.89990234375,523.0
2026-09-17 17:25:00+00:00,4399.89990234375,4402.39990234375,4398.7998046875,4400.2001953125,1378.0
2026-09-17 17:30:00+00:00,4400.2998046875,4402.2001953125,4400.10009765625,4402.0,311.0
2026-09-17 17:35:00+00:00,4401.89990234375,4403.7001953125,4397.2998046875,4397.7001953125,431.0
2026-09-17 17:40:00+00:00,4397.7001953125,4400.7001953125,4397.7001953125,4400.2001953125,207.0
2026-09-17 17:45:00+00:00,4400.2001953125,4400.7001953125,4398.60009765625,4399.10009765625,163.0
2026-09-17 17:50:00+00:00,4399.2001953125,4401.2998046875,4399.2001953125,4399.89990234375,176.0
2026-09-17 17:55:00+00:00,4400.0,4401.39990234375,4399.89990234375,4400.2998046875,188.0
2026-09-17 18:00:00+00:00,4401.2001953125,4403.0,4400.10009765625,4403.0,164.0
2026-09-17 18:05:00+00:00,4402.89990234375,4404.39990234375,4400.60009765625,4402.10009765625,317.0
2026-09-17 18:10:00+00:00,4401.89990234375,4405.5,4401.2001953125,4404.7001953125,224.0
2026-09-17 18:15:00+00:00,4404.7998046875,4405.60009765625,4400.39990234375,4400.7998046875,267.0
2026-09-17 18:20:00+00:00,4400.7998046875,4401.2998046875,4396.89990234375,4397.7001953125,351.0
2026-09-17 18:25:00+00:00,4397.7001953125,4399.0,4395.7998046875,4396.0,291.0
2026-09-17 18:30:00+00:00,4396.2998046875,4396.5,4389.2998046875,4389.2998046875,822.0
2026-09-17 18:35:00+00:00,4389.39990234375,4391.7001953125,4388.10009765625,4391.2001953125,660.0
2026-09-17 18:40:00+00:00,4390.89990234375,4392.7001953125,4390.2998046875,4391.5,333.0
2026-09-17 18:45:00+00:00,4391.60009765625,4392.2001953125,4389.7001953125,4391.5,472.0
2026-09-17 18:50:00+00:00,4391.39990234375,4391.60009765625,4388.7001953125,4390.0,270.0
2026-09-17 18:55:00+00:00,4390.2998046875,4391.39990234375,4389.5,4390.89990234375,243.0
2026-09-17 19:00:00+00:00,4391.2001953125,4395.10009765625,4390.7001953125,4393.7001953125,348.0
2026-09-17 19:05:00+00:00,4393.7998046875,4395.39990234375,4393.0,4394.10009765625,253.0
2026-09-17 19:10:00+00:00,4394.10009765625,4395.2001953125,4392.7998046875,4394.10009765625,178.0
2026-09-17 19:15:00+00:00,4394.0,4394.2001953125,4388.2998046875,4391.2001953125,398.0
2026-09-17 19:20:00+00:00,4391.39990234375,4391.39990234375,4386.60009765625,4386.7998046875,434.0
2026-09-17 19:25:00+00:00,4386.89990234375,4389.10009765625,4382.39990234375,4382.39990234375,708.0
2026-09-17 19:30:00+00:00,4382.5,4386.0,4381.60009765625,4383.10009765625,362.0
2026-09-17 19:35:00+00:00,4382.89990234375,4384.0,4382.10009765625,4383.60009765625,205.0
2026-09-17 19:40:00+00:00,4383.5,4385.0,4383.5,4384.60009765625,225.0
2026-09-17 19:45:00+00:00,4384.5,4386.7998046875,4383.2001953125,4384.2001953125,478.0
2026-09-17 19:50:00+00:00,4384.7001953125,4388.7998046875,4384.2001953125,4387.39990234375,463.0
2026-09-17 19:55:00+00:00,4387.2001953125,4388.2998046875,4385.10009765625,4385.2001953125,447.0
2026-09-17 20:00:00+00:00,4385.60009765625,4386.2001953125,4383.39990234375,4383.60009765625,313.0
2026-09-17 20:05:00+00:00,4383.60009765625,4385.2001953125,4382.5,4384.2998046875,157.0
2026-09-17 20:10:00+00:00,4384.2001953125,4384.2001953125,4381.7001953125,4382.2998046875,89.0
2026-09-17 20:15:00+00:00,4382.60009765625,4384.2998046875,4381.39990234375,4382.2001953125,160.0
2026-09-17 20:20:00+00:00,4382.7001953125,4384.10009765625,4382.0,4383.39990234375,75.0
2026-09-17 20:25:00+00:00,4383.2001953125,4384.7001953125,4381.5,4381.7001953125,141.0
2026-09-17 20:30:00+00:00,4381.7998046875,4382.2998046875,4380.5,4381.0,181.0
2026-09-17 20:35:00+00:00,4381.0,4382.10009765625,4380.2998046875,4381.7998046875,181.0
2026-09-17 20:40:00+00:00,4381.7001953125,4383.39990234375,4380.7001953125,4380.89990234375,167.0
2026-09-17 20:45:00+00:00,4380.7001953125,4382.10009765625,4380.39990234375,4381.7998046875,151.0
2026-09-17 20:50:00+00:00,4381.60009765625,4382.0,4380.2998046875,4381.10009765625,78.0
2026-09-17 20:55:00+00:00,4381.2001953125,4381.89990234375,4380.2998046875,4380.60009765625,119.0
2026-09-17 22:00:00+00:00,4381.60009765625,4384.10009765625,4380.89990234375,4382.2001953125,0.0
2026-09-17 22:05:00+00:00,4382.10009765625,4382.2998046875,4380.7001953125,4381.7001953125,48.0
2026-09-17 22:10:00+00:00,4381.7998046875,4383.89990234375,4380.7998046875,4383.39990234375,173.0
2026-09-17 22:15:00+00:00,4383.5,4384.0,4381.0,4381.0,244.0
2026-09-17 22:20:00+00:00,4380.7998046875,4382.60009765625,4380.5,4381.60009765625,196.0
2026-09-17 22:25:00+00:00,4381.39990234375,4383.7998046875,4380.60009765625,4383.7001953125,484.0
2026-09-17 22:30:00+00:00,4383.7998046875,4387.10009765625,4383.39990234375,4385.7998046875,620.0
2026-09-17 22:35:00+00:00,4385.7998046875,4388.5,4385.7001953125,4387.89990234375,428.0
2026-09-17 22:40:00+00:00,4387.5,4387.89990234375,4383.2001953125,4383.2001953125,228.0
2026-09-17 22:45:00+00:00,4383.2998046875,4384.2001953125,4380.5,4381.2998046875,408.0
2026-09-17 22:50:00+00:00,4381.10009765625,4383.60009765625,4380.10009765625,4383.5,727.0
2026-09-17 22:55:00+00:00,4383.2998046875,4385.0,4380.60009765625,4383.0,567.0
2026-09-17 23:00:00+00:00,4383.2001953125,4383.5,4380.60009765625,4382.2998046875,191.0
2026-09-17 23:05:00+00:00,4382.7001953125,4383.7001953125,4378.2998046875,4383.2998046875,546.0
2026-09-17 23:10:00+00:00,4382.60009765625,4385.2001953125,4382.60009765625,4383.89990234375,144.0
2026-09-17 23:15:00+00:00,4383.7998046875,4384.5,4380.39990234375,4383.39990234375,312.0
2026-09-17 23:20:00+00:00,4383.7001953125,4386.7001953125,4383.39990234375,4385.39990234375,482.0
2026-09-17 23:25:00+00:00,4385.2998046875,4386.5,4381.0,4383.2001953125,391.0
2026-09-17 23:30:00+00:00,4383.0,4383.7998046875,4382.7998046875,4383.39990234375,82.0
2026-09-17 23:35:00+00:00,4383.2998046875,4383.7998046875,4382.5,4382.89990234375,49.0
2026-09-17 23:40:00+00:00,4382.7998046875,4383.5,4382.0,4383.10009765625,69.0
2026-09-17 23:45:00+00:00,4383.0,4384.7001953125,4382.10009765625,4383.60009765625,147.0
2026-09-17 23:50:00+00:00,4383.60009765625,4386.7001953125,4383.39990234375,4386.2998046875,62.0
2026-09-17 23:55:00+00:00,4386.10009765625,4387.10009765625,4384.2998046875,4385.0,87.0
2026-09-18 00:00:00+00:00,4384.39990234375,4385.2998046875,4380.7001953125,4383.5,265.0
2026-09-18 00:05:00+00:00,4383.7998046875,4385.7998046875,4382.5,4385.7998046875,112.0
2026-09-18 00:10:00+00:00,4385.89990234375,4393.60009765625,4385.2998046875,4393.2998046875,522.0
2026-09-18 00:15:00+00:00,4393.0,4394.0,4391.39990234375,4391.60009765625,275.0
2026-09-18 00:20:00+00:00,4391.7001953125,4396.2998046875,4389.60009765625,4395.0,399.0
2026-09-18 00:25:00+00:00,4394.39990234375,4394.5,4389.89990234375,4392.5,294.0
2026-09-18 00:30:00+00:00,4392.0,4399.5,4391.89990234375,4397.10009765625,422.0
2026-09-18 00:35:00+00:00,4396.89990234375,4398.89990234375,4396.39990234375,4397.39990234375,177.0
2026-09-18 00:40:00+00:00,4396.7001953125,4398.39990234375,4396.39990234375,4397.7001953125,124.0
2026-09-18 00:45:00+00:00,4397.7998046875,4398.39990234375,4391.39990234375,4392.7001953125,285.0
2026-09-18 00:50:00+00:00,4392.2998046875,4394.2998046875,4391.2998046875,4392.39990234375,211.0
2026-09-18 00:55:00+00:00,4392.2998046875,4396.60009765625,4391.5,4394.89990234375,258.0
2026-09-18 01:00:00+00:00,4395.5,4402.7998046875,4395.5,4401.2001953125,1045.0
2026-09-18 01:05:00+00:00,4401.39990234375,4404.60009765625,4400.0,4400.2001953125,457.0
2026-09-18 01:10:00+00:00,4400.2001953125,4401.0,4396.0,4397.0,323.0
2026-09-18 01:15:00+00:00,4396.7998046875,4401.0,4393.60009765625,4399.2998046875,538.0
2026-09-18 01:20:00+00:00,4399.10009765625,4403.2998046875,4399.0,4400.89990234375,524.0
2026-09-18 01:25:00+00:00,4400.7998046875,4402.0,4397.10009765625,4398.5,180.0
2026-09-18 01:30:00+00:00,4398.60009765625,4398.7001953125,4390.5,4390.7001953125,387.0
2026-09-18 01:35:00+00:00,4390.2998046875,4393.7998046875,4389.10009765625,4389.89990234375,460.0
2026-09-18 01:40:00+00:00,4389.2998046875,4389.7001953125,4385.89990234375,4386.0,363.0
2026-09-18 01:45:00+00:00,4386.0,4389.2998046875,4384.10009765625,4387.0,416.0
2026-09-18 01:50:00+00:00,4387.10009765625,4389.2001953125,4382.60009765625,4388.2001953125,378.0
2026-09-18 01:55:00+00:00,4388.10009765625,4389.0,4386.89990234375,4387.0,198.0
2026-09-18 02:00:00+00:00,4387.0,4388.0,4384.89990234375,4387.2998046875,267.0
2026-09-18 02:05:00+00:00,4387.10009765625,4390.7001953125,4387.0,4388.10009765625,279.0
2026-09-18 02:10:00+00:00,4387.7998046875,4390.0,4385.7001953125,4389.2001953125,303.0
2026-09-18 02:15:00+00:00,4389.10009765625,4391.60009765625,4387.2998046875,4387.5,316.0
2026-09-18 02:20:00+00:00,4387.7998046875,4391.10009765625,4386.7001953125,4390.5,170.0
2026-09-18 02:25:00+00:00,4390.7998046875,4392.5,4390.60009765625,4391.5,185.0
2026-09-18 02:30:00+00:00,4392.10009765625,4395.10009765625,4389.7998046875,4394.2998046875,404.0
2026-09-18 02:35:00+00:00,4394.60009765625,4395.10009765625,4389.0,4390.60009765625,247.0
2026-09-18 02:40:00+00:00,4390.7001953125,4391.89990234375,4388.7998046875,4390.2998046875,243.0
2026-09-18 02:45:00+00:00,4390.2998046875,4394.39990234375,4388.60009765625,4393.10009765625,186.0
2026-09-18 02:50:00+00:00,4392.89990234375,4394.10009765625,4387.10009765625,4387.10009765625,393.0
2026-09-18 02:55:00+00:00,4387.2001953125,4387.2998046875,4381.7998046875,4385.39990234375,513.0
2026-09-18 03:00:00+00:00,4384.7998046875,4388.0,4383.39990234375,4387.60009765625,470.0
2026-09-18 03:05:00+00:00,4387.89990234375,4390.39990234375,4383.7998046875,4384.2998046875,475.0
2026-09-18 03:10:00+00:00,4384.2998046875,4386.60009765625,4382.7001953125,4383.2001953125,241.0
2026-09-18 03:15:00+00:00,4383.2998046875,4383.2998046875,4375.10009765625,4375.89990234375,1237.0
2026-09-18 03:20:00+00:00,4375.60009765625,4379.2998046875,4372.60009765625,4374.2001953125,793.0
2026-09-18 03:25:00+00:00,4374.0,4379.39990234375,4372.2001953125,4379.2998046875,774.0
2026-09-18 03:30:00+00:00,4379.0,4389.2001953125,4378.7998046875,4388.5,656.0
2026-09-18 03:35:00+00:00,4388.7001953125,4391.89990234375,4387.89990234375,4391.10009765625,588.0
2026-09-18 03:40:00+00:00,4391.2998046875,4397.10009765625,4390.2998046875,4395.7001953125,628.0
2026-09-18 03:45:00+00:00,4395.60009765625,4399.10009765625,4395.60009765625,4397.10009765625,538.0
2026-09-18 03:50:00+00:00,4397.2998046875,4398.0,4395.2998046875,4397.5,485.0
2026-09-18 03:55:00+00:00,4397.2998046875,4399.5,4396.2001953125,4396.60009765625,222.0
2026-09-18 04:00:00+00:00,4397.60009765625,4400.60009765625,4396.5,4399.7998046875,246.0
2026-09-18 04:05:00+00:00,4399.89990234375,4400.2001953125,4398.2998046875,4398.2998046875,180.0
2026-09-18 04:10:00+00:00,4398.39990234375,4399.39990234375,4395.5,4395.5,268.0
2026-09-18 04:15:00+00:00,4396.0,4396.2001953125,4392.39990234375,4392.89990234375,321.0
2026-09-18 04:20:00+00:00,4392.2998046875,4395.5,4391.7998046875,4394.7001953125,177.0
2026-09-18 04:25:00+00:00,4394.60009765625,4397.5,4394.10009765625,4397.5,120.0
2026-09-18 04:30:00+00:00,4397.2001953125,4400.2998046875,4396.10009765625,4397.60009765625,319.0
2026-09-18 04:35:00+00:00,4397.39990234375,4399.5,4397.39990234375,4398.7001953125,105.0
2026-09-18 04:40:00+00:00,4399.10009765625,4405.0,4398.5,4403.7998046875,423.0
2026-09-18 04:45:00+00:00,4404.10009765625,4405.89990234375,4403.2998046875,4404.89990234375,506.0
2026-09-18 04:50:00+00:00,4404.7998046875,4406.7001953125,4400.5,4401.0,378.0
2026-09-18 04:55:00+00:00,4401.39990234375,4406.89990234375,4400.5,4406.39990234375,392.0
2026-09-18 05:00:00+00:00,4406.7001953125,4407.39990234375,4403.7998046875,4406.0,387.0
2026-09-18 05:05:00+00:00,4405.60009765625,4409.2001953125,4403.60009765625,4407.7001953125,449.0
2026-09-18 05:10:00+00:00,4407.7998046875,4408.0,4405.10009765625,4405.39990234375,236.0
2026-09-18 05:15:00+00:00,4405.2998046875,4409.2998046875,4404.89990234375,4408.39990234375,224.0
2026-09-18 05:20:00+00:00,4408.39990234375,4408.89990234375,4405.7998046875,4406.5,121.0
2026-09-18 05:25:00+00:00,4406.5,4406.7001953125,4403.60009765625,4404.2001953125,282.0
2026-09-18 05:30:00+00:00,4404.39990234375,4406.0,4399.7998046875,4402.39990234375,964.0
2026-09-18 05:35:00+00:00,4402.60009765625,4413.0,4402.60009765625,4412.2998046875,905.0
2026-09-18 05:40:00+00:00,4412.0,4418.10009765625,4410.0,4416.7001953125,876.0
2026-09-18 05:45:00+00:00,4416.60009765625,4417.7001953125,4410.60009765625,4410.60009765625,742.0
2026-09-18 05:50:00+00:00,4410.2998046875,4414.60009765625,4410.10009765625,4413.2001953125,515.0
2026-09-18 05:55:00+00:00,4413.2001953125,4417.60009765625,4410.5,4416.89990234375,433.0
2026-09-18 06:00:00+00:00,4417.0,4427.0,4416.7001953125,4421.7998046875,1971.0
2026-09-18 06:05:00+00:00,4421.60009765625,4427.89990234375,4418.89990234375,4426.7998046875,829.0
2026-09-18 06:10:00+00:00,4427.0,4430.2001953125,4426.0,4428.39990234375,554.0
2026-09-18 06:15:00+00:00,4428.5,4428.60009765625,4421.5,4424.2998046875,530.0
2026-09-18 06:20:00+00:00,4424.60009765625,4431.60009765625,4424.10009765625,4431.0,437.0
2026-09-18 06:25:00+00:00,4431.2001953125,4433.7001953125,4430.7001953125,4432.10009765625,574.0
2026-09-18 06:30:00+00:00,4432.0,4433.60009765625,4430.2998046875,4432.2998046875,382.0
2026-09-18 06:35:00+00:00,4432.60009765625,4434.2998046875,4431.60009765625,4434.2998046875,319.0
2026-09-18 06:40:00+00:00,4433.7998046875,4436.60009765625,4433.2001953125,4436.0,483.0
2026-09-18 06:45:00+00:00,4435.5,4437.10009765625,4434.2001953125,4435.0,459.0
2026-09-18 06:50:00+00:00,4435.2001953125,4435.2001953125,4430.2001953125,4431.0,701.0
2026-09-18 06:55:00+00:00,4430.7998046875,4434.0,4429.39990234375,4433.5,366.0
2026-09-18 07:00:00+00:00,4433.2001953125,4435.60009765625,4430.60009765625,4431.2998046875,466.0
2026-09-18 07:05:00+00:00,4431.39990234375,4435.5,4430.89990234375,4433.60009765625,417.0
2026-09-18 07:10:00+00:00,4433.5,4433.60009765625,4429.0,4430.2001953125,340.0
2026-09-18 07:15:00+00:00,4430.60009765625,4433.89990234375,4429.5,4432.7001953125,445.0
2026-09-18 07:20:00+00:00,4433.2998046875,4434.60009765625,4431.5,4433.10009765625,407.0
2026-09-18 07:25:00+00:00,4433.2001953125,4435.89990234375,4432.10009765625,4435.5,291.0
2026-09-18 07:30:00+00:00,4435.5,4437.39990234375,4431.89990234375,4433.2001953125,495.0
2026-09-18 07:35:00+00:00,4433.0,4436.89990234375,4431.89990234375,4433.89990234375,459.0
2026-09-18 07:40:00+00:00,4433.89990234375,4435.2001953125,4431.10009765625,4433.7001953125,519.0
2026-09-18 07:45:00+00:00,4433.60009765625,4437.39990234375,4433.60009765625,4436.7998046875,448.0
2026-09-18 07:50:00+00:00,4437.2001953125,4439.7998046875,4435.10009765625,4437.2001953125,1056.0
2026-09-18 07:55:00+00:00,4437.0,4437.7001953125,4432.5,4433.2998046875,432.0
2026-09-18 08:00:00+00:00,4433.2001953125,4438.2001953125,4432.7998046875,4437.60009765625,420.0
2026-09-18 08:05:00+00:00,4437.89990234375,4438.2998046875,4434.0,4434.7001953125,337.0
2026-09-18 08:10:00+00:00,4434.60009765625,4435.0,4430.2001953125,4430.5,357.0
2026-09-18 08:15:00+00:00,4430.5,4432.5,4429.5,4431.39990234375,191.0
2026-09-18 08:20:00+00:00,4431.39990234375,4434.0,4429.39990234375,4430.0,707.0
2026-09-18 08:25:00+00:00,4430.10009765625,4430.39990234375,4427.39990234375,4427.7001953125,412.0
2026-09-18 08:30:00+00:00,4428.2001953125,4429.0,4426.10009765625,4427.7001953125,416.0
2026-09-18 08:35:00+00:00,4427.89990234375,4429.5,4425.89990234375,4426.5,297.0
2026-09-18 08:40:00+00:00,4426.7998046875,4427.10009765625,4424.89990234375,4426.5,343.0
2026-09-18 08:45:00+00:00,4426.5,4428.89990234375,4425.89990234375,4426.7998046875,232.0
2026-09-18 08:50:00+00:00,4426.7001953125,4433.0,4426.7001953125,4432.10009765625,532.0
2026-09-18 08:55:00+00:00,4432.0,4434.2001953125,4431.7001953125,4432.10009765625,292.0
2026-09-18 09:00:00+00:00,4432.2998046875,4435.39990234375,4431.5,4435.0,257.0
2026-09-18 09:05:00+00:00,4435.0,4437.2001953125,4434.2998046875,4436.10009765625,307.0
2026-09-18 09:10:00+00:00,4436.2998046875,4438.2998046875,4434.2001953125,4434.60009765625,420.0
2026-09-18 09:15:00+00:00,4434.7001953125,4435.2998046875,4432.60009765625,4433.0,243.0
2026-09-18 09:20:00+00:00,4433.10009765625,4435.0,4431.0,4431.2001953125,247.0
2026-09-18 09:25:00+00:00,4431.0,4431.2001953125,4425.89990234375,4428.0,658.0
2026-09-18 09:30:00+00:00,4427.7001953125,4429.0,4425.7001953125,4426.0,582.0
2026-09-18 09:35:00+00:00,4425.89990234375,4426.60009765625,4421.10009765625,4421.60009765625,502.0
2026-09-18 09:40:00+00:00,4421.60009765625,4422.10009765625,4416.60009765625,4416.60009765625,845.0
2026-09-18 09:45:00+00:00,4416.5,4417.0,4413.10009765625,4414.60009765625,905.0
2026-09-18 09:50:00+00:00,4414.7001953125,4418.2001953125,4414.2998046875,4418.10009765625,431.0
2026-09-18 09:55:00+00:00,4418.2998046875,4418.2998046875,4415.7998046875,4416.10009765625,283.0
2026-09-18 10:00:00+00:00,4416.39990234375,4419.2001953125,4415.5,4416.7001953125,434.0
2026-09-18 10:05:00+00:00,4416.60009765625,4419.7001953125,4415.89990234375,4418.89990234375,264.0
2026-09-18 10:10:00+00:00,4418.89990234375,4419.89990234375,4417.89990234375,4418.7998046875,171.0
2026-09-18 10:15:00+00:00,4419.0,4419.89990234375,4417.2001953125,4419.60009765625,132.0
2026-09-18 10:20:00+00:00,4419.2998046875,4420.7998046875,4417.89990234375,4420.0,190.0
2026-09-18 10:25:00+00:00,4419.60009765625,4421.39990234375,4418.7998046875,4421.39990234375,177.0
2026-09-18 10:30:00+00:00,4421.2998046875,4422.10009765625,4418.10009765625,4420.7998046875,404.0
2026-09-18 10:35:00+00:00,4420.7998046875,4422.2001953125,4419.89990234375,4420.5,188.0
2026-09-18 10:40:00+00:00,4420.2001953125,4421.2001953125,4418.7998046875,4421.10009765625,215.0
2026-09-18 10:45:00+00:00,4420.89990234375,4421.10009765625,4417.0,4418.39990234375,182.0
2026-09-18 10:50:00+00:00,4418.60009765625,4418.89990234375,4415.7998046875,4417.2001953125,271.0
2026-09-18 10:55:00+00:00,4416.7998046875,4421.60009765625,4416.7001953125,4421.2998046875,209.0
2026-09-18 11:00:00+00:00,4421.2001953125,4426.39990234375,4420.60009765625,4424.7998046875,548.0
2026-09-18 11:05:00+00:00,4424.7001953125,4425.60009765625,4416.7998046875,4425.2001953125,998.0
2026-09-18 11:10:00+00:00,4425.2001953125,4428.10009765625,4424.60009765625,4427.7998046875,339.0
2026-09-18 11:15:00+00:00,4427.39990234375,4427.89990234375,4420.39990234375,4421.10009765625,343.0
2026-09-18 11:20:00+00:00,4421.10009765625,4423.0,4420.5,4421.0,192.0
2026-09-18 11:25:00+00:00,4421.0,4422.5,4416.89990234375,4416.89990234375,308.0
2026-09-18 11:30:00+00:00,4417.2998046875,4420.7001953125,4416.60009765625,4419.60009765625,316.0
2026-09-18 11:35:00+00:00,4420.0,4422.0,4417.7001953125,4418.5,277.0
2026-09-18 11:40:00+00:00,4418.10009765625,4418.89990234375,4413.7998046875,4414.7998046875,434.0
2026-09-18 11:45:00+00:00,4415.0,4416.7998046875,4413.7001953125,4415.39990234375,313.0
2026-09-18 11:50:00+00:00,4415.2998046875,4415.60009765625,4411.39990234375,4412.39990234375,826.0
2026-09-18 11:55:00+00:00,4412.5,4421.10009765625,4411.89990234375,4420.7998046875,629.0
2026-09-18 12:00:00+00:00,4420.89990234375,4421.89990234375,4412.7001953125,4419.0,1197.0
2026-09-18 12:05:00+00:00,4419.10009765625,4420.7998046875,4410.5,4413.7001953125,988.0
2026-09-18 12:10:00+00:00,4413.7001953125,4414.0,4409.39990234375,4412.0,453.0
2026-09-18 12:15:00+00:00,4412.5,4415.89990234375,4409.60009765625,4410.10009765625,598.0
2026-09-18 12:20:00+00:00,4410.0,4410.0,4395.39990234375,4395.7998046875,2246.0
2026-09-18 12:25:00+00:00,4395.7001953125,4399.2001953125,4392.39990234375,4397.0,1619.0
2026-09-18 12:30:00+00:00,4397.0,4409.89990234375,4396.7001953125,4409.60009765625,1377.0
2026-09-18 12:35:00+00:00,4409.5,4412.2001953125,4407.10009765625,4407.2998046875,980.0
2026-09-18 12:40:00+00:00,4407.7001953125,4409.60009765625,4405.5,4407.89990234375,396.0
2026-09-18 12:45:00+00:00,4408.2001953125,4409.7001953125,4405.2998046875,4407.60009765625,462.0
2026-09-18 12:50:00+00:00,4407.2001953125,4409.10009765625,4405.2001953125,4407.2001953125,388.0
2026-09-18 12:55:00+00:00,4407.39990234375,4408.7001953125,4405.10009765625,4407.60009765625,356.0
2026-09-18 13:00:00+00:00,4408.0,4412.7998046875,4402.5,4410.0,1697.0
2026-09-18 13:05:00+00:00,4410.2001953125,4414.5,4409.39990234375,4411.39990234375,579.0
2026-09-18 13:10:00+00:00,4411.2998046875,4412.10009765625,4409.0,4410.60009765625,439.0
2026-09-18 13:15:00+00:00,4410.7001953125,4413.39990234375,4410.2001953125,4410.7998046875,546.0
2026-09-18 13:20:00+00:00,4411.2001953125,4411.5,4403.39990234375,4404.0,818.0
2026-09-18 13:25:00+00:00,4403.89990234375,4406.39990234375,4401.7001953125,4406.10009765625,897.0
2026-09-18 13:30:00+00:00,4406.0,4406.60009765625,4396.7001953125,4397.10009765625,1066.0
2026-09-18 13:35:00+00:00,4396.7998046875,4399.0,4390.7998046875,4397.60009765625,1830.0
2026-09-18 13:40:00+00:00,4397.60009765625,4397.60009765625,4390.7001953125,4392.10009765625,949.0
2026-09-18 13:45:00+00:00,4392.0,4397.10009765625,4390.5,4393.39990234375,770.0
2026-09-18 13:50:00+00:00,4392.7001953125,4395.7998046875,4386.2001953125,4388.10009765625,1495.0
2026-09-18 13:55:00+00:00,4388.2001953125,4391.10009765625,4385.60009765625,4387.60009765625,892.0
2026-09-18 14:00:00+00:00,4387.5,4394.7998046875,4386.10009765625,4394.60009765625,1335.0
2026-09-18 14:05:00+00:00,4394.7001953125,4394.89990234375,4388.2001953125,4390.39990234375,922.0
2026-09-18 14:10:00+00:00,4390.60009765625,4394.60009765625,4389.89990234375,4389.89990234375,561.0
2026-09-18 14:15:00+00:00,4390.2001953125,4393.60009765625,4385.7001953125,4386.5,776.0
2026-09-18 14:20:00+00:00,4386.60009765625,4391.5,4381.7998046875,4390.7001953125,1253.0
2026-09-18 14:25:00+00:00,4390.7001953125,4392.39990234375,4381.2998046875,4381.5,840.0
2026-09-18 14:30:00+00:00,4381.2001953125,4385.89990234375,4381.0,4385.5,671.0
2026-09-18 14:35:00+00:00,4385.2001953125,4392.7998046875,4382.39990234375,4392.0,1243.0
2026-09-18 14:40:00+00:00,4391.2998046875,4393.2998046875,4388.89990234375,4391.7998046875,779.0
2026-09-18 14:45:00+00:00,4391.2001953125,4394.10009765625,4390.0,4393.0,458.0
2026-09-18 14:50:00+00:00,4393.0,4400.10009765625,4392.5,4396.60009765625,1820.0
2026-09-18 14:55:00+00:00,4396.60009765625,4398.5,4390.60009765625,4391.5,953.0
2026-09-18 15:00:00+00:00,4391.2001953125,4394.10009765625,4390.39990234375,4392.0,527.0
2026-09-18 15:05:00+00:00,4392.0,4394.7001953125,4388.39990234375,4388.39990234375,985.0
2026-09-18 15:10:00+00:00,4388.7001953125,4391.10009765625,4386.10009765625,4390.5,665.0
2026-09-18 15:15:00+00:00,4390.5,4393.7998046875,4389.89990234375,4393.7998046875,573.0
2026-09-18 15:20:00+00:00,4393.5,4393.7001953125,4389.89990234375,4392.2998046875,389.0
2026-09-18 15:25:00+00:00,4392.7001953125,4395.39990234375,4392.0,4394.5,456.0
2026-09-18 15:30:00+00:00,4394.60009765625,4395.39990234375,4391.5,4394.10009765625,553.0
2026-09-18 15:35:00+00:00,4394.2001953125,4395.7998046875,4389.60009765625,4389.7001953125,586.0
2026-09-18 15:40:00+00:00,4389.39990234375,4394.7001953125,4387.10009765625,4393.0,1070.0
2026-09-18 15:45:00+00:00,4393.39990234375,4396.60009765625,4392.7001953125,4395.5,577.0
2026-09-18 15:50:00+00:00,4395.2001953125,4396.39990234375,4390.7001953125,4391.89990234375,426.0
2026-09-18 15:55:00+00:00,4392.0,4395.5,4391.7998046875,4395.0,306.0
2026-09-18 16:00:00+00:00,4395.2001953125,4395.60009765625,4393.39990234375,4395.10009765625,337.0
2026-09-18 16:05:00+00:00,4395.39990234375,4398.60009765625,4395.39990234375,4398.2998046875,537.0
2026-09-18 16:10:00+00:00,4398.60009765625,4403.39990234375,4397.7998046875,4400.0,969.0
2026-09-18 16:15:00+00:00,4400.0,4404.7001953125,4398.2998046875,4404.60009765625,545.0
2026-09-18 16:20:00+00:00,4404.7001953125,4409.7998046875,4404.2998046875,4407.7001953125,1010.0
2026-09-18 16:25:00+00:00,4407.7001953125,4416.89990234375,4405.60009765625,4416.2001953125,1542.0
2026-09-18 16:30:00+00:00,4416.2998046875,4422.60009765625,4413.0,4418.5,1618.0
2026-09-18 16:35:00+00:00,4418.5,4419.39990234375,4415.89990234375,4419.10009765625,723.0
2026-09-18 16:40:00+00:00,4419.10009765625,4419.60009765625,4415.89990234375,4416.7001953125,480.0
2026-09-18 16:45:00+00:00,4416.7001953125,4419.2998046875,4415.39990234375,4417.7001953125,778.0
2026-09-18 16:50:00+00:00,4417.39990234375,4419.89990234375,4416.7001953125,4419.5,385.0
2026-09-18 16:55:00+00:00,4419.60009765625,4422.2001953125,4419.0,4421.10009765625,606.0
2026-09-18 17:00:00+00:00,4421.2001953125,4425.2001953125,4419.89990234375,4422.7001953125,858.0
2026-09-18 17:05:00+00:00,4422.89990234375,4425.60009765625,4422.89990234375,4424.7998046875,797.0
2026-09-18 17:10:00+00:00,4425.0,4425.7998046875,4421.5,4424.0,650.0
2026-09-18 17:15:00+00:00,4424.0,4427.60009765625,4424.0,4424.2001953125,621.0
2026-09-18 17:20:00+00:00,4424.2998046875,4424.5,4421.2001953125,4422.10009765625,571.0
2026-09-18 17:25:00+00:00,4422.2998046875,4425.89990234375,4421.0,4425.2998046875,1394.0
2026-09-18 17:30:00+00:00,4425.2998046875,4431.39990234375,4423.7001953125,4431.39990234375,1058.0
2026-09-18 17:35:00+00:00,4431.5,4434.7001953125,4430.39990234375,4432.10009765625,956.0
2026-09-18 17:40:00+00:00,4432.10009765625,4435.0,4430.2998046875,4431.2001953125,863.0
2026-09-18 17:45:00+00:00,4430.7998046875,4434.39990234375,4430.10009765625,4433.2001953125,385.0
2026-09-18 17:50:00+00:00,4433.2001953125,4435.2001953125,4431.2001953125,4431.2998046875,401.0
2026-09-18 17:55:00+00:00,4431.60009765625,4433.2998046875,4431.2001953125,4431.2998046875,284.0
2026-09-18 18:00:00+00:00,4431.39990234375,4432.39990234375,4430.0,4430.7998046875,267.0
2026-09-18 18:05:00+00:00,4431.0,4432.89990234375,4427.39990234375,4428.7998046875,795.0
2026-09-18 18:10:00+00:00,4429.0,4431.7998046875,4427.7998046875,4430.7998046875,557.0
2026-09-18 18:15:00+00:00,4431.10009765625,4431.2998046875,4427.60009765625,4428.89990234375,213.0
2026-09-18 18:20:00+00:00,4428.89990234375,4429.89990234375,4427.7998046875,4428.60009765625,173.0
2026-09-18 18:25:00+00:00,4428.39990234375,4429.60009765625,4428.2001953125,4429.2001953125,205.0
2026-09-18 18:30:00+00:00,4429.2001953125,4429.2001953125,4425.60009765625,4426.2001953125,265.0
2026-09-18 18:35:00+00:00,4426.39990234375,4426.7998046875,4423.5,4423.5,330.0
2026-09-18 18:40:00+00:00,4423.60009765625,4423.7001953125,4419.2001953125,4419.2998046875,614.0
2026-09-18 18:45:00+00:00,4419.2998046875,4422.5,4418.89990234375,4421.89990234375,492.0
2026-09-18 18:50:00+00:00,4422.0,4422.60009765625,4419.0,4419.2001953125,599.0
2026-09-18 18:55:00+00:00,4419.0,4420.89990234375,4418.2001953125,4420.7998046875,305.0
2026-09-18 19:00:00+00:00,4420.7001953125,4421.5,4418.0,4420.7998046875,338.0
2026-09-18 19:05:00+00:00,4420.7001953125,4423.39990234375,4420.0,4422.7998046875,282.0
2026-09-18 19:10:00+00:00,4422.7998046875,4424.2998046875,4421.5,4422.7001953125,344.0
2026-09-18 19:15:00+00:00,4422.7998046875,4423.39990234375,4420.0,4420.2001953125,548.0
2026-09-18 19:20:00+00:00,4420.2998046875,4421.7001953125,4420.0,4420.7998046875,332.0
2026-09-18 19:25:00+00:00,4420.7001953125,4420.7998046875,4417.10009765625,4418.7001953125,317.0
2026-09-18 19:30:00+00:00,4418.7001953125,4420.39990234375,4418.2001953125,4418.2998046875,220.0
2026-09-18 19:35:00+00:00,4418.2001953125,4420.39990234375,4417.7998046875,4419.7001953125,159.0
2026-09-18 19:40:00+00:00,4419.2998046875,4420.60009765625,4419.2001953125,4419.39990234375,142.0
2026-09-18 19:45:00+00:00,4419.2998046875,4421.5,4418.89990234375,4420.7001953125,230.0
2026-09-18 19:50:00+00:00,4420.5,4421.2001953125,4415.39990234375,4416.0,391.0
2026-09-18 19:55:00+00:00,4416.10009765625,4417.7998046875,4413.5,4415.60009765625,881.0
2026-09-18 20:00:00+00:00,4415.60009765625,4417.7001953125,4414.39990234375,4416.7998046875,401.0
2026-09-18 20:05:00+00:00,4415.39990234375,4417.39990234375,4415.2001953125,4416.7001953125,186.0
2026-09-18 20:10:00+00:00,4416.7001953125,4421.5,4416.7001953125,4419.89990234375,299.0
2026-09-18 20:15:00+00:00,4419.39990234375,4420.2001953125,4417.2001953125,4417.89990234375,157.0
2026-09-18 20:20:00+00:00,4417.89990234375,4421.39990234375,4417.89990234375,4420.89990234375,119.0
2026-09-18 20:25:00+00:00,4420.7998046875,4421.2998046875,4419.2998046875,4419.2998046875,60.0
2026-09-18 20:30:00+00:00,4419.2998046875,4421.0,4419.2001953125,4420.2001953125,69.0
2026-09-18 20:35:00+00:00,4420.39990234375,4420.39990234375,4418.2001953125,4418.2998046875,90.0
2026-09-18 20:40:00+00:00,4418.2998046875,4419.5,4417.5,4419.0,109.0
2026-09-18 20:45:00+00:00,4419.0,4419.0,4415.0,4416.2998046875,182.0
2026-09-18 20:50:00+00:00,4416.0,4416.60009765625,4414.5,4416.39990234375,223.0
2026-09-18 20:55:00+00:00,4416.60009765625,4424.89990234375,4415.60009765625,4424.89990234375,277.0
2026-09-20 22:10:00+00:00,4415.0,4417.5,4415.0,4417.0,151.0
2026-09-20 22:15:00+00:00,4417.5,4417.7998046875,4416.2001953125,4416.39990234375,128.0
2026-09-20 22:20:00+00:00,4416.2998046875,4416.2998046875,4412.7998046875,4413.0,181.0
2026-09-20 22:25:00+00:00,4412.89990234375,4415.39990234375,4412.89990234375,4414.10009765625,150.0
2026-09-20 22:30:00+00:00,4414.0,4415.5,4413.60009765625,4414.5,92.0
2026-09-20 22:35:00+00:00,4414.5,4416.2001953125,4414.10009765625,4414.89990234375,123.0
2026-09-20 22:40:00+00:00,4415.2998046875,4416.10009765625,4412.7001953125,4412.7001953125,159.0
2026-09-20 22:45:00+00:00,4413.0,4414.10009765625,4412.0,4412.7001953125,127.0
2026-09-20 22:50:00+00:00,4412.7001953125,4414.0,4412.2001953125,4413.7998046875,75.0
2026-09-20 22:55:00+00:00,4413.89990234375,4415.2001953125,4412.0,4412.10009765625,145.0
2026-09-20 23:00:00+00:00,4412.2001953125,4412.89990234375,4411.5,4412.5,84.0
2026-09-20 23:05:00+00:00,4412.2001953125,4412.2998046875,4409.7001953125,4411.60009765625,290.0
2026-09-20 23:10:00+00:00,4411.5,4411.7998046875,4409.2998046875,4411.5,106.0
2026-09-20 23:15:00+00:00,4411.60009765625,4412.2998046875,4410.0,4412.10009765625,94.0
2026-09-20 23:20:00+00:00,4411.89990234375,4413.2001953125,4410.89990234375,4411.39990234375,133.0
2026-09-20 23:25:00+00:00,4411.2001953125,4413.0,4410.2001953125,4412.7998046875,85.0
2026-09-20 23:30:00+00:00,4412.5,4414.60009765625,4411.7001953125,4414.0,99.0
2026-09-20 23:35:00+00:00,4413.60009765625,4414.7998046875,4411.7998046875,4413.60009765625,146.0
2026-09-20 23:40:00+00:00,4413.0,4413.0,4409.39990234375,4409.60009765625,69.0
2026-09-20 23:45:00+00:00,4409.60009765625,4410.7001953125,4406.89990234375,4410.2998046875,221.0
2026-09-20 23:50:00+00:00,4410.2998046875,4412.0,4408.39990234375,4409.10009765625,139.0
2026-09-20 23:55:00+00:00,4409.10009765625,4411.60009765625,4409.0,4411.60009765625,71.0
2026-09-21 00:00:00+00:00,4411.5,4411.5,4405.39990234375,4407.2001953125,384.0
2026-09-21 00:05:00+00:00,4407.39990234375,4410.89990234375,4405.2001953125,4405.5,341.0
2026-09-21 00:10:00+00:00,4405.89990234375,4406.0,4402.10009765625,4403.0,395.0
2026-09-21 00:15:00+00:00,4403.10009765625,4403.2001953125,4398.0,4399.10009765625,595.0
2026-09-21 00:20:00+00:00,4399.39990234375,4404.5,4396.39990234375,4404.10009765625,659.0
2026-09-21 00:25:00+00:00,4404.2001953125,4407.89990234375,4403.7998046875,4406.10009765625,318.0
2026-09-21 00:30:00+00:00,4406.0,4408.39990234375,4404.0,4407.89990234375,323.0
2026-09-21 00:35:00+00:00,4408.10009765625,4412.60009765625,4407.60009765625,4412.0,290.0
2026-09-21 00:40:00+00:00,4411.7998046875,4414.2998046875,4406.2998046875,4407.10009765625,342.0
2026-09-21 00:45:00+00:00,4407.60009765625,4409.0,4403.0,4403.10009765625,186.0
2026-09-21 00:50:00+00:00,4403.0,4405.7001953125,4400.5,4403.60009765625,542.0
2026-09-21 00:55:00+00:00,4404.2001953125,4407.60009765625,4402.39990234375,4404.7998046875,396.0
2026-09-21 01:00:00+00:00,4404.7998046875,4414.2001953125,4404.7998046875,4409.7998046875,1104.0
2026-09-21 01:05:00+00:00,4409.7998046875,4418.89990234375,4409.2001953125,4418.7001953125,577.0
2026-09-21 01:10:00+00:00,4418.5,4419.39990234375,4414.89990234375,4419.10009765625,489.0
2026-09-21 01:15:00+00:00,4419.39990234375,4422.10009765625,4415.0,4416.2001953125,985.0
2026-09-21 01:20:00+00:00,4416.2998046875,4417.7001953125,4413.5,4416.39990234375,388.0
2026-09-21 01:25:00+00:00,4416.10009765625,4418.7998046875,4412.89990234375,4413.2998046875,418.0
2026-09-21 01:30:00+00:00,4413.10009765625,4418.2998046875,4412.10009765625,4416.7998046875,430.0
2026-09-21 01:35:00+00:00,4417.10009765625,4417.7998046875,4413.89990234375,4416.10009765625,201.0
2026-09-21 01:40:00+00:00,4415.89990234375,4419.2001953125,4414.89990234375,4417.89990234375,274.0
2026-09-21 01:45:00+00:00,4417.7998046875,4421.60009765625,4417.7001953125,4418.0,433.0
2026-09-21 01:50:00+00:00,4418.2001953125,4419.60009765625,4414.7001953125,4417.0,396.0
2026-09-21 01:55:00+00:00,4417.0,4417.39990234375,4414.0,4415.7001953125,305.0
2026-09-21 02:00:00+00:00,4416.0,4416.2001953125,4411.39990234375,4414.60009765625,342.0
2026-09-21 02:05:00+00:00,4414.5,4414.5,4410.60009765625,4413.39990234375,280.0
2026-09-21 02:10:00+00:00,4413.89990234375,4414.0,4406.39990234375,4406.7998046875,511.0
2026-09-21 02:15:00+00:00,4406.89990234375,4407.60009765625,4403.60009765625,4404.2001953125,383.0
2026-09-21 02:20:00+00:00,4404.10009765625,4404.5,4399.0,4401.60009765625,437.0
2026-09-21 02:25:00+00:00,4401.60009765625,4407.60009765625,4401.2001953125,4407.5,437.0
2026-09-21 02:30:00+00:00,4407.60009765625,4410.39990234375,4404.7001953125,4405.5,498.0
2026-09-21 02:35:00+00:00,4405.10009765625,4408.39990234375,4404.5,4406.0,233.0
2026-09-21 02:40:00+00:00,4406.10009765625,4407.7001953125,4402.0,4404.2001953125,438.0
2026-09-21 02:45:00+00:00,4404.39990234375,4408.0,4404.2998046875,4406.2001953125,183.0
2026-09-21 02:50:00+00:00,4406.10009765625,4407.0,4403.2998046875,4403.39990234375,220.0
2026-09-21 02:55:00+00:00,4402.89990234375,4404.89990234375,4400.5,4401.5,483.0
2026-09-21 03:00:00+00:00,4401.7001953125,4404.60009765625,4396.7998046875,4404.5,706.0
2026-09-21 03:05:00+00:00,4404.2001953125,4404.5,4396.89990234375,4398.7001953125,579.0
2026-09-21 03:10:00+00:00,4398.7001953125,4401.10009765625,4398.39990234375,4400.7998046875,240.0
2026-09-21 03:15:00+00:00,4400.89990234375,4403.39990234375,4399.0,4401.7001953125,418.0
2026-09-21 03:20:00+00:00,4401.5,4401.60009765625,4398.5,4400.10009765625,194.0
2026-09-21 03:25:00+00:00,4399.7998046875,4400.2998046875,4396.7001953125,4397.7998046875,187.0
2026-09-21 03:30:00+00:00,4397.5,4403.2001953125,4397.2001953125,4402.89990234375,331.0
2026-09-21 03:35:00+00:00,4403.0,4405.60009765625,4401.7998046875,4403.7001953125,363.0
2026-09-21 03:40:00+00:00,4403.5,4405.7998046875,4402.89990234375,4405.10009765625,200.0
2026-09-21 03:45:00+00:00,4405.2001953125,4406.0,4401.0,4401.0,213.0
2026-09-21 03:50:00+00:00,4400.7001953125,4401.2998046875,4395.7998046875,4396.89990234375,328.0
2026-09-21 03:55:00+00:00,4397.0,4397.2998046875,4395.39990234375,4395.7998046875,116.0
2026-09-21 04:00:00+00:00,4396.7998046875,4398.5,4395.2001953125,4395.7001953125,103.0
2026-09-21 04:05:00+00:00,4395.89990234375,4396.39990234375,4393.39990234375,4395.7001953125,288.0
2026-09-21 04:10:00+00:00,4395.89990234375,4398.7001953125,4395.7998046875,4397.2998046875,176.0
2026-09-21 04:15:00+00:00,4397.2998046875,4401.7001953125,4396.7001953125,4401.7001953125,188.0
2026-09-21 04:20:00+00:00,4401.7998046875,4402.89990234375,4401.0,4401.2998046875,123.0
2026-09-21 04:25:00+00:00,4401.10009765625,4402.7001953125,4399.0,4399.2001953125,154.0
2026-09-21 04:30:00+00:00,4399.2001953125,4399.39990234375,4395.60009765625,4399.0,512.0
2026-09-21 04:35:00+00:00,4399.0,4400.2998046875,4398.10009765625,4398.7001953125,79.0
2026-09-21 04:40:00+00:00,4398.7001953125,4400.7001953125,4398.5,4399.10009765625,167.0
2026-09-21 04:45:00+00:00,4398.89990234375,4399.7001953125,4396.89990234375,4398.0,152.0
2026-09-21 04:50:00+00:00,4397.60009765625,4397.60009765625,4394.5,4394.60009765625,135.0
2026-09-21 04:55:00+00:00,4394.60009765625,4397.10009765625,4392.2001953125,4393.10009765625,272.0
2026-09-21 05:00:00+00:00,4392.89990234375,4394.60009765625,4391.0,4392.7998046875,296.0
2026-09-21 05:05:00+00:00,4392.7001953125,4393.5,4391.5,4392.2001953125,244.0
2026-09-21 05:10:00+00:00,4391.7998046875,4393.2998046875,4389.7001953125,4393.0,299.0
2026-09-21 05:15:00+00:00,4393.39990234375,4393.60009765625,4391.0,4392.2001953125,186.0
2026-09-21 05:20:00+00:00,4392.39990234375,4398.2998046875,4392.2001953125,4397.10009765625,357.0
2026-09-21 05:25:00+00:00,4396.89990234375,4398.2998046875,4394.5,4394.60009765625,407.0
2026-09-21 05:30:00+00:00,4394.5,4399.2998046875,4391.2001953125,4392.2998046875,705.0
2026-09-21 05:35:00+00:00,4392.2998046875,4394.7001953125,4389.2001953125,4393.7998046875,463.0
2026-09-21 05:40:00+00:00,4394.2998046875,4395.2998046875,4391.39990234375,4392.2001953125,256.0
2026-09-21 05:45:00+00:00,4391.60009765625,4391.60009765625,4387.5,4387.7001953125,513.0
2026-09-21 05:50:00+00:00,4387.7998046875,4393.2001953125,4386.2998046875,4391.5,475.0
2026-09-21 05:55:00+00:00,4391.2001953125,4392.5,4388.0,4388.0,221.0
2026-09-21 06:00:00+00:00,4387.89990234375,4391.0,4386.5,4389.2998046875,460.0
2026-09-21 06:05:00+00:00,4389.0,4392.7998046875,4388.7001953125,4391.60009765625,421.0
2026-09-21 06:10:00+00:00,4392.2998046875,4393.10009765625,4388.7001953125,4390.39990234375,254.0
2026-09-21 06:15:00+00:00,4390.39990234375,4392.0,4385.7001953125,4386.10009765625,402.0
2026-09-21 06:20:00+00:00,4386.0,4388.39990234375,4384.10009765625,4384.39990234375,538.0
2026-09-21 06:25:00+00:00,4384.5,4386.2998046875,4383.5,4384.39990234375,235.0
2026-09-21 06:30:00+00:00,4384.60009765625,4387.60009765625,4384.60009765625,4387.2001953125,257.0
2026-09-21 06:35:00+00:00,4387.10009765625,4389.2001953125,4386.60009765625,4388.89990234375,244.0
2026-09-21 06:40:00+00:00,4388.89990234375,4391.5,4388.5,4389.60009765625,294.0
2026-09-21 06:45:00+00:00,4389.5,4392.2998046875,4389.5,4391.7001953125,265.0
2026-09-21 06:50:00+00:00,4391.7998046875,4391.7998046875,4387.7001953125,4389.60009765625,421.0
2026-09-21 06:55:00+00:00,4389.7001953125,4392.0,4388.7998046875,4390.7001953125,313.0
2026-09-21 07:00:00+00:00,4390.7998046875,4393.60009765625,4383.10009765625,4392.5,1091.0
2026-09-21 07:05:00+00:00,4392.7001953125,4393.7001953125,4388.5,4389.89990234375,415.0
2026-09-21 07:10:00+00:00,4389.60009765625,4391.10009765625,4383.5,4390.39990234375,539.0
2026-09-21 07:15:00+00:00,4390.2998046875,4393.0,4388.2998046875,4391.5,430.0
2026-09-21 07:20:00+00:00,4391.2001953125,4391.60009765625,4388.0,4388.39990234375,189.0
2026-09-21 07:25:00+00:00,4388.7998046875,4389.39990234375,4384.2998046875,4387.89990234375,340.0
2026-09-21 07:30:00+00:00,4388.39990234375,4390.2001953125,4386.39990234375,4390.0,116.0
2026-09-21 07:35:00+00:00,4389.5,4392.7001953125,4387.2001953125,4387.60009765625,590.0
2026-09-21 07:40:00+00:00,4387.7001953125,4388.0,4379.0,4384.39990234375,1648.0
2026-09-21 07:45:00+00:00,4384.2998046875,4387.2998046875,4382.7998046875,4384.39990234375,433.0
2026-09-21 07:50:00+00:00,4383.7998046875,4386.7998046875,4383.7998046875,4385.7998046875,314.0
2026-09-21 07:55:00+00:00,4385.89990234375,4386.2998046875,4381.5,4381.60009765625,273.0
2026-09-21 08:00:00+00:00,4381.5,4386.2001953125,4380.7998046875,4385.89990234375,484.0
2026-09-21 08:05:00+00:00,4386.0,4388.7998046875,4383.2001953125,4384.39990234375,460.0
2026-09-21 08:10:00+00:00,4384.2998046875,4390.7001953125,4383.7001953125,4388.2001953125,387.0
2026-09-21 08:15:00+00:00,4387.60009765625,4392.60009765625,4387.2998046875,4391.5,358.0
2026-09-21 08:20:00+00:00,4391.5,4392.89990234375,4390.0,4392.60009765625,287.0
2026-09-21 08:25:00+00:00,4392.39990234375,4393.0,4390.60009765625,4390.7998046875,266.0
2026-09-21 08:30:00+00:00,4390.5,4393.5,4388.39990234375,4392.5,451.0
2026-09-21 08:35:00+00:00,4392.39990234375,4394.5,4391.10009765625,4392.7001953125,468.0
2026-09-21 08:40:00+00:00,4392.7001953125,4395.2001953125,4390.7001953125,4395.10009765625,339.0
2026-09-21 08:45:00+00:00,4395.10009765625,4395.10009765625,4391.2001953125,4393.5,272.0
2026-09-21 08:50:00+00:00,4393.2998046875,4393.2998046875,4388.2001953125,4388.2001953125,224.0
2026-09-21 08:55:00+00:00,4388.7001953125,4391.0,4387.2998046875,4390.7001953125,273.0
2026-09-21 09:00:00+00:00,4390.7001953125,4391.39990234375,4386.7998046875,4387.89990234375,341.0
2026-09-21 09:05:00+00:00,4387.7001953125,4391.2998046875,4387.7001953125,4390.60009765625,160.0
2026-09-21 09:10:00+00:00,4390.7001953125,4391.5,4389.5,4391.39990234375,100.0
2026-09-21 09:15:00+00:00,4391.10009765625,4392.39990234375,4388.7001953125,4388.89990234375,254.0
2026-09-21 09:20:00+00:00,4389.10009765625,4391.39990234375,4387.60009765625,4388.0,387.0
2026-09-21 09:25:00+00:00,4388.2001953125,4388.2998046875,4383.7001953125,4383.7001953125,516.0
2026-09-21 09:30:00+00:00,4383.7001953125,4383.7998046875,4377.5,4379.7998046875,1646.0
2026-09-21 09:35:00+00:00,4379.7001953125,4382.60009765625,4377.7001953125,4382.0,681.0
2026-09-21 09:40:00+00:00,4381.7001953125,4385.7001953125,4380.2998046875,4385.39990234375,380.0
2026-09-21 09:45:00+00:00,4385.2998046875,4386.2998046875,4381.39990234375,4381.89990234375,283.0
2026-09-21 09:50:00+00:00,4381.7001953125,4385.0,4381.7001953125,4384.7998046875,280.0
2026-09-21 09:55:00+00:00,4384.89990234375,4384.89990234375,4381.2998046875,4383.60009765625,241.0
2026-09-21 10:00:00+00:00,4383.39990234375,4387.60009765625,4383.2001953125,4387.39990234375,205.0
2026-09-21 10:05:00+00:00,4387.5,4390.10009765625,4386.5,4388.7998046875,500.0
2026-09-21 10:10:00+00:00,4388.7001953125,4391.0,4387.89990234375,4391.0,264.0
2026-09-21 10:15:00+00:00,4391.5,4394.60009765625,4390.5,4390.89990234375,511.0
2026-09-21 10:20:00+00:00,4390.7998046875,4390.7998046875,4388.39990234375,4389.0,220.0
2026-09-21 10:25:00+00:00,4388.89990234375,4390.2998046875,4387.7998046875,4388.7001953125,231.0
2026-09-21 10:30:00+00:00,4388.60009765625,4389.5,4387.60009765625,4388.60009765625,127.0
2026-09-21 10:35:00+00:00,4388.60009765625,4390.2001953125,4385.7001953125,4386.2001953125,224.0
2026-09-21 10:40:00+00:00,4386.2001953125,4387.2001953125,4385.5,4386.10009765625,225.0
2026-09-21 10:45:00+00:00,4385.7001953125,4388.5,4385.5,4385.7998046875,123.0
2026-09-21 10:50:00+00:00,4386.0,4387.39990234375,4384.7998046875,4385.2001953125,116.0
2026-09-21 10:55:00+00:00,4385.10009765625,4385.89990234375,4380.10009765625,4380.39990234375,253.0
2026-09-21 11:00:00+00:00,4380.2001953125,4382.60009765625,4379.5,4382.60009765625,375.0
2026-09-21 11:05:00+00:00,4382.60009765625,4383.89990234375,4381.2998046875,4383.0,223.0
2026-09-21 11:10:00+00:00,4383.2998046875,4386.0,4382.2998046875,4385.60009765625,185.0
2026-09-21 11:15:00+00:00,4386.10009765625,4392.7001953125,4386.10009765625,4392.7001953125,412.0
2026-09-21 11:20:00+00:00,4392.89990234375,4393.0,4389.89990234375,4390.2001953125,206.0
2026-09-21 11:25:00+00:00,4390.39990234375,4391.5,4389.7001953125,4391.5,132.0
2026-09-21 11:30:00+00:00,4391.10009765625,4396.2998046875,4389.7001953125,4395.60009765625,440.0
2026-09-21 11:35:00+00:00,4395.7001953125,4401.0,4395.2998046875,4399.0,679.0
2026-09-21 11:40:00+00:00,4399.0,4405.39990234375,4397.89990234375,4404.39990234375,918.0
2026-09-21 11:45:00+00:00,4404.60009765625,4406.0,4402.60009765625,4405.0,460.0
2026-09-21 11:50:00+00:00,4405.0,4409.0,4403.2998046875,4408.89990234375,792.0
2026-09-21 11:55:00+00:00,4408.7001953125,4409.39990234375,4404.39990234375,4407.2998046875,580.0
2026-09-21 12:00:00+00:00,4407.10009765625,4408.60009765625,4400.10009765625,4408.5,949.0
2026-09-21 12:05:00+00:00,4408.7001953125,4413.0,4405.2001953125,4405.2001953125,939.0
2026-09-21 12:10:00+00:00,4405.2001953125,4408.10009765625,4404.7001953125,4407.39990234375,349.0
2026-09-21 12:15:00+00:00,4407.7001953125,4409.2001953125,4405.2998046875,4405.2998046875,396.0
2026-09-21 12:20:00+00:00,4405.60009765625,4405.7001953125,4392.5,4392.60009765625,1552.0
2026-09-21 12:25:00+00:00,4392.2998046875,4394.7001953125,4388.7998046875,4393.0,920.0
2026-09-21 12:30:00+00:00,4393.0,4397.2998046875,4391.7001953125,4395.5,1132.0
2026-09-21 12:35:00+00:00,4395.39990234375,4395.7998046875,4388.7001953125,4394.7998046875,723.0
2026-09-21 12:40:00+00:00,4394.5,4401.39990234375,4393.2001953125,4401.0,1118.0
2026-09-21 12:45:00+00:00,4400.7998046875,4401.7001953125,4393.0,4395.39990234375,711.0
2026-09-21 12:50:00+00:00,4395.7001953125,4397.10009765625,4393.89990234375,4394.60009765625,361.0
2026-09-21 12:55:00+00:00,4394.39990234375,4399.2998046875,4391.60009765625,4397.39990234375,543.0
2026-09-21 13:00:00+00:00,4397.2001953125,4398.7998046875,4393.7001953125,4395.0,690.0
2026-09-21 13:05:00+00:00,4395.2998046875,4401.89990234375,4394.5,4399.7998046875,705.0
2026-09-21 13:10:00+00:00,4399.89990234375,4402.2998046875,4398.7998046875,4400.7998046875,315.0
2026-09-21 13:15:00+00:00,4401.10009765625,4402.2001953125,4398.39990234375,4400.5,367.0
2026-09-21 13:20:00+00:00,4400.2998046875,4404.2001953125,4398.7001953125,4403.2001953125,517.0
2026-09-21 13:25:00+00:00,4403.2001953125,4407.7998046875,4401.10009765625,4402.2998046875,972.0
2026-09-21 13:30:00+00:00,4402.2998046875,4402.5,4390.0,4391.10009765625,1692.0
2026-09-21 13:35:00+00:00,4391.10009765625,4394.2998046875,4389.39990234375,4391.7001953125,1068.0
2026-09-21 13:40:00+00:00,4391.39990234375,4394.0,4386.7998046875,4390.60009765625,1179.0
2026-09-21 13:45:00+00:00,4390.5,4393.7001953125,4387.10009765625,4393.5,720.0
2026-09-21 13:50:00+00:00,4393.89990234375,4393.89990234375,4386.10009765625,4386.2001953125,759.0
2026-09-21 13:55:00+00:00,4386.10009765625,4388.10009765625,4383.60009765625,4383.7998046875,969.0
2026-09-21 14:00:00+00:00,4383.7001953125,4384.7998046875,4363.2998046875,4365.0,6428.0
2026-09-21 14:05:00+00:00,4365.2001953125,4375.2001953125,4360.2998046875,4375.2001953125,3076.0
2026-09-21 14:10:00+00:00,4375.2001953125,4379.10009765625,4372.7998046875,4378.39990234375,1556.0
2026-09-21 14:15:00+00:00,4378.2001953125,4379.5,4374.2001953125,4375.7001953125,1059.0
2026-09-21 14:20:00+00:00,4375.89990234375,4376.7998046875,4372.0,4375.7001953125,1070.0
2026-09-21 14:25:00+00:00,4375.7998046875,4381.2001953125,4374.5,4379.60009765625,1204.0
2026-09-21 14:30:00+00:00,4379.60009765625,4382.0,4373.89990234375,4374.0,1322.0
2026-09-21 14:35:00+00:00,4374.0,4378.0,4373.0,4373.2001953125,628.0
2026-09-21 14:40:00+00:00,4373.0,4379.2998046875,4370.0,4370.2998046875,918.0
2026-09-21 14:45:00+00:00,4370.2001953125,4379.5,4370.2001953125,4374.5,1040.0
2026-09-21 14:50:00+00:00,4374.89990234375,4380.89990234375,4374.2998046875,4380.2001953125,640.0
2026-09-21 14:55:00+00:00,4380.10009765625,4380.2001953125,4373.7001953125,4376.89990234375,692.0
2026-09-21 15:00:00+00:00,4377.10009765625,4384.7001953125,4377.0,4384.39990234375,891.0
2026-09-21 15:05:00+00:00,4384.60009765625,4388.0,4383.5,4388.0,1007.0
2026-09-21 15:10:00+00:00,4388.5,4388.60009765625,4385.2001953125,4387.39990234375,801.0
2026-09-21 15:15:00+00:00,4387.7001953125,4389.7998046875,4386.7998046875,4388.2998046875,549.0
2026-09-21 15:20:00+00:00,4388.39990234375,4390.7998046875,4387.0,4389.7998046875,657.0
2026-09-21 15:25:00+00:00,4389.89990234375,4392.39990234375,4388.10009765625,4389.2001953125,848.0
2026-09-21 15:30:00+00:00,4389.5,4392.7998046875,4388.2001953125,4392.7001953125,588.0
2026-09-21 15:35:00+00:00,4392.5,4394.60009765625,4388.2001953125,4388.2001953125,886.0
2026-09-21 15:40:00+00:00,4388.39990234375,4389.2001953125,4386.5,4388.10009765625,487.0
2026-09-21 15:45:00+00:00,4388.2998046875,4389.10009765625,4385.7001953125,4386.39990234375,648.0
2026-09-21 15:50:00+00:00,4386.7001953125,4392.89990234375,4384.60009765625,4386.10009765625,1305.0
2026-09-21 15:55:00+00:00,4386.0,4388.2001953125,4385.0,4386.2998046875,378.0
2026-09-21 16:00:00+00:00,4386.5,4389.5,4383.0,4388.89990234375,681.0
2026-09-21 16:05:00+00:00,4388.39990234375,4394.10009765625,4387.2998046875,4392.5,1671.0
2026-09-21 16:10:00+00:00,4392.7001953125,4394.2001953125,4388.39990234375,4390.0,822.0
2026-09-21 16:15:00+00:00,4390.2001953125,4395.7001953125,4390.0,4394.89990234375,941.0
2026-09-21 16:20:00+00:00,4395.0,4395.2998046875,4388.60009765625,4389.10009765625,877.0
2026-09-21 16:25:00+00:00,4389.2998046875,4390.0,4387.2001953125,4389.2001953125,423.0
2026-09-21 16:30:00+00:00,4389.2001953125,4391.0,4387.7998046875,4389.5,296.0
2026-09-21 16:35:00+00:00,4389.5,4389.5,4387.2001953125,4387.7001953125,269.0
2026-09-21 16:40:00+00:00,4387.60009765625,4388.2001953125,4381.60009765625,4382.2001953125,595.0
2026-09-21 16:45:00+00:00,4381.89990234375,4384.39990234375,4381.39990234375,4384.0,440.0
2026-09-21 16:50:00+00:00,4384.2998046875,4384.89990234375,4381.10009765625,4382.10009765625,624.0
2026-09-21 16:55:00+00:00,4382.0,4383.2998046875,4381.0,4381.39990234375,257.0
2026-09-21 17:00:00+00:00,4381.5,4382.7001953125,4379.89990234375,4382.10009765625,467.0
2026-09-21 17:05:00+00:00,4382.2001953125,4384.10009765625,4381.89990234375,4383.89990234375,343.0
2026-09-21 17:10:00+00:00,4384.0,4385.2998046875,4383.2001953125,4384.2001953125,316.0
2026-09-21 17:15:00+00:00,4384.2998046875,4384.7001953125,4382.39990234375,4382.39990234375,0.0
