time,Open,High,Low,Close,Volume
2026-07-28 04:00:00+00:00,57.59000015258789,57.61000061035156,57.42499923706055,57.47999954223633,199.0
2026-07-28 04:30:00+00:00,57.46500015258789,57.525001525878906,57.3849983215332,57.400001525878906,217.0
2026-07-28 05:00:00+00:00,57.39500045776367,57.40999984741211,57.10499954223633,57.22999954223633,429.0
2026-07-28 05:30:00+00:00,57.224998474121094,57.380001068115234,56.900001525878906,57.32500076293945,1301.0
2026-07-28 06:00:00+00:00,57.31999969482422,57.64500045776367,57.31999969482422,57.6150016784668,828.0
2026-07-28 06:30:00+00:00,57.595001220703125,57.790000915527344,57.54999923706055,57.63999938964844,469.0
2026-07-28 07:00:00+00:00,57.64500045776367,57.77000045776367,57.540000915527344,57.720001220703125,402.0
2026-07-28 07:30:00+00:00,57.67499923706055,57.779998779296875,57.584999084472656,57.70000076293945,386.0
2026-07-28 08:00:00+00:00,57.69499969482422,57.900001525878906,57.59000015258789,57.8650016784668,466.0
2026-07-28 08:30:00+00:00,57.8650016784668,57.875,57.650001525878906,57.77000045776367,202.0
2026-07-28 09:00:00+00:00,57.775001525878906,57.81999969482422,57.70500183105469,57.709999084472656,152.0
2026-07-28 09:30:00+00:00,57.70500183105469,57.70500183105469,57.36000061035156,57.400001525878906,668.0
2026-07-28 10:00:00+00:00,57.380001068115234,57.525001525878906,57.220001220703125,57.334999084472656,610.0
2026-07-28 10:30:00+00:00,57.314998626708984,57.5099983215332,57.29999923706055,57.3849983215332,431.0
2026-07-28 11:00:00+00:00,57.39500045776367,57.59000015258789,57.30500030517578,57.470001220703125,590.0
2026-07-28 11:30:00+00:00,57.47999954223633,57.630001068115234,57.43000030517578,57.54999923706055,501.0
2026-07-28 12:00:00+00:00,57.57500076293945,57.67499923706055,57.47999954223633,57.540000915527344,480.0
2026-07-28 12:30:00+00:00,57.55500030517578,57.744998931884766,57.39500045776367,57.53499984741211,1247.0
2026-07-28 13:00:00+00:00,57.540000915527344,57.650001525878906,57.29999923706055,57.32500076293945,1244.0
2026-07-28 13:30:00+00:00,57.310001373291016,57.415000915527344,56.935001373291016,57.08000183105469,2207.0
2026-07-28 14:00:00+00:00,57.05500030517578,57.525001525878906,56.8650016784668,57.20500183105469,2484.0
2026-07-28 14:30:00+00:00,57.20000076293945,57.38999938964844,57.084999084472656,57.244998931884766,1637.0
2026-07-28 15:00:00+00:00,57.25,57.59000015258789,57.150001525878906,57.439998626708984,1993.0
2026-07-28 15:30:00+00:00,57.40999984741211,57.665000915527344,57.3849983215332,57.65999984741211,876.0
2026-07-28 16:00:00+00:00,57.665000915527344,57.779998779296875,57.61000061035156,57.66999816894531,1065.0
2026-07-28 16:30:00+00:00,57.66999816894531,57.70500183105469,57.494998931884766,57.560001373291016,896.0
2026-07-28 17:00:00+00:00,57.55500030517578,57.70500183105469,57.470001220703125,57.58000183105469,2169.0
2026-07-28 17:30:00+00:00,57.584999084472656,57.599998474121094,57.25,57.349998474121094,910.0
2026-07-28 18:00:00+00:00,57.345001220703125,57.41999816894531,57.314998626708984,57.35499954223633,379.0
2026-07-28 18:30:00+00:00,57.349998474121094,57.38999938964844,57.279998779296875,57.34000015258789,237.0
2026-07-28 19:00:00+00:00,57.34000015258789,57.48500061035156,57.334999084472656,57.435001373291016,199.0
2026-07-28 19:30:00+00:00,57.45000076293945,57.529998779296875,57.39500045776367,57.404998779296875,296.0
2026-07-28 20:00:00+00:00,57.400001525878906,57.400001525878906,57.29999923706055,57.380001068115234,110.0
2026-07-28 20:30:00+00:00,57.380001068115234,57.38999938964844,57.279998779296875,57.334999084472656,205.0
2026-07-28 22:00:00+00:00,57.3849983215332,57.43000030517578,57.220001220703125,57.28499984741211,137.0
2026-07-28 22:30:00+00:00,57.29499816894531,57.29499816894531,57.09000015258789,57.189998626708984,258.0
2026-07-28 23:00:00+00:00,57.14500045776367,57.25,57.095001220703125,57.23500061035156,212.0
2026-07-28 23:30:00+00:00,57.2400016784668,57.474998474121094,57.20500183105469,57.45500183105469,218.0
2026-07-29 00:00:00+00:00,57.47999954223633,57.6349983215332,57.31999969482422,57.41999816894531,243.0
2026-07-29 00:30:00+00:00,57.44499969482422,57.525001525878906,57.36000061035156,57.3849983215332,85.0
2026-07-29 01:00:00+00:00,57.375,57.529998779296875,57.165000915527344,57.505001068115234,291.0
2026-07-29 01:30:00+00:00,57.474998474121094,57.900001525878906,57.3849983215332,57.70000076293945,578.0
2026-07-29 02:00:00+00:00,57.73500061035156,57.970001220703125,57.595001220703125,57.92499923706055,319.0
2026-07-29 02:30:00+00:00,57.939998626708984,58.220001220703125,57.8650016784668,57.869998931884766,472.0
2026-07-29 03:00:00+00:00,57.8849983215332,57.93000030517578,57.650001525878906,57.689998626708984,320.0
2026-07-29 03:30:00+00:00,57.654998779296875,57.720001220703125,57.57500076293945,57.584999084472656,154.0
2026-07-29 04:00:00+00:00,57.560001373291016,57.65999984741211,57.53499984741211,57.56999969482422,133.0
2026-07-29 04:30:00+00:00,57.59000015258789,57.724998474121094,57.59000015258789,57.689998626708984,78.0
2026-07-29 05:00:00+00:00,57.709999084472656,57.98500061035156,57.69499969482422,57.974998474121094,192.0
2026-07-29 05:30:00+00:00,57.98500061035156,58.2599983215332,57.935001373291016,57.9900016784668,480.0
2026-07-29 06:00:00+00:00,57.97999954223633,58.20000076293945,57.974998474121094,58.119998931884766,310.0
2026-07-29 06:30:00+00:00,58.13999938964844,58.3650016784668,58.13999938964844,58.36000061035156,777.0
2026-07-29 07:00:00+00:00,58.36000061035156,58.45000076293945,58.29499816894531,58.44499969482422,498.0
2026-07-29 07:30:00+00:00,58.44499969482422,58.459999084472656,58.290000915527344,58.32500076293945,356.0
2026-07-29 08:00:00+00:00,58.31999969482422,58.334999084472656,57.97999954223633,58.04999923706055,329.0
2026-07-29 08:30:00+00:00,58.029998779296875,58.185001373291016,57.98500061035156,58.125,204.0
2026-07-29 09:00:00+00:00,58.125,58.14500045776367,58.060001373291016,58.060001373291016,144.0
2026-07-29 09:30:00+00:00,58.060001373291016,58.10499954223633,57.91999816894531,57.95500183105469,220.0
2026-07-29 10:00:00+00:00,57.959999084472656,57.970001220703125,57.7400016784668,57.79499816894531,511.0
2026-07-29 10:30:00+00:00,57.79999923706055,57.82500076293945,57.599998474121094,57.630001068115234,359.0
2026-07-29 11:00:00+00:00,57.630001068115234,57.94499969482422,57.57500076293945,57.93000030517578,907.0
2026-07-29 11:30:00+00:00,57.91999816894531,57.98500061035156,57.845001220703125,57.849998474121094,169.0
2026-07-29 12:00:00+00:00,57.900001525878906,57.94499969482422,57.165000915527344,57.17499923706055,1447.0
2026-07-29 12:30:00+00:00,57.18000030517578,57.564998626708984,57.06999969482422,57.494998931884766,917.0
2026-07-29 13:00:00+00:00,57.52000045776367,57.724998474121094,57.30500030517578,57.45500183105469,1722.0
2026-07-29 13:30:00+00:00,57.45500183105469,57.5,57.04999923706055,57.185001373291016,1365.0
2026-07-29 14:00:00+00:00,57.20000076293945,57.459999084472656,57.064998626708984,57.29499816894531,1448.0
2026-07-29 14:30:00+00:00,57.26499938964844,57.36000061035156,56.92499923706055,57.20500183105469,1819.0
2026-07-29 15:00:00+00:00,57.209999084472656,57.29999923706055,57.06999969482422,57.244998931884766,1062.0
2026-07-29 15:30:00+00:00,57.244998931884766,57.314998626708984,57.130001068115234,57.220001220703125,1114.0
2026-07-29 16:00:00+00:00,57.224998474121094,57.334999084472656,57.03499984741211,57.290000915527344,1041.0
2026-07-29 16:30:00+00:00,57.29499816894531,58.2400016784668,57.22999954223633,57.94499969482422,2427.0
2026-07-29 17:00:00+00:00,57.935001373291016,58.35499954223633,57.92499923706055,57.95500183105469,3633.0
2026-07-29 17:30:00+00:00,57.95500183105469,58.22999954223633,57.869998931884766,58.154998779296875,777.0
2026-07-29 18:00:00+00:00,58.150001525878906,59.20000076293945,58.150001525878906,58.41999816894531,4334.0
2026-07-29 18:30:00+00:00,58.415000915527344,59.38999938964844,58.099998474121094,59.31999969482422,2815.0
2026-07-29 19:00:00+00:00,59.32500076293945,59.540000915527344,58.59000015258789,58.69499969482422,2051.0
2026-07-29 19:30:00+00:00,58.70500183105469,58.77000045776367,57.5,57.525001525878906,1995.0
2026-07-29 20:00:00+00:00,57.53499984741211,57.689998626708984,57.279998779296875,57.56999969482422,914.0
2026-07-29 20:30:00+00:00,57.54499816894531,57.93000030517578,57.494998931884766,57.900001525878906,420.0
2026-07-29 22:00:00+00:00,57.974998474121094,58.4900016784668,57.79999923706055,58.345001220703125,308.0
2026-07-29 22:30:00+00:00,58.334999084472656,58.55500030517578,58.28499984741211,58.5099983215332,155.0
2026-07-29 23:00:00+00:00,58.54499816894531,58.7599983215332,58.5,58.560001373291016,194.0
2026-07-29 23:30:00+00:00,58.58000183105469,58.63999938964844,58.439998626708984,58.439998626708984,132.0
2026-07-30 00:00:00+00:00,58.43000030517578,58.494998931884766,58.119998931884766,58.255001068115234,468.0
2026-07-30 00:30:00+00:00,58.23500061035156,58.2400016784668,57.96500015258789,58.165000915527344,584.0
2026-07-30 01:00:00+00:00,58.185001373291016,58.880001068115234,58.1349983215332,58.77000045776367,1346.0
2026-07-30 01:30:00+00:00,58.79999923706055,58.88999938964844,58.619998931884766,58.619998931884766,362.0
2026-07-30 02:00:00+00:00,58.70500183105469,58.76499938964844,58.39500045776367,58.42499923706055,283.0
2026-07-30 02:30:00+00:00,58.459999084472656,58.46500015258789,57.91999816894531,57.95500183105469,609.0
2026-07-30 03:00:00+00:00,57.935001373291016,58.14500045776367,57.56999969482422,57.6150016784668,472.0
2026-07-30 03:30:00+00:00,57.68000030517578,57.79499816894531,57.57500076293945,57.72999954223633,232.0
2026-07-30 04:00:00+00:00,57.77000045776367,57.790000915527344,57.560001373291016,57.685001373291016,152.0
2026-07-30 04:30:00+00:00,57.65999984741211,57.685001373291016,57.31999969482422,57.40999984741211,295.0
2026-07-30 05:00:00+00:00,57.400001525878906,57.529998779296875,57.19499969482422,57.525001525878906,439.0
2026-07-30 05:30:00+00:00,57.52000045776367,57.71500015258789,57.15999984741211,57.275001525878906,791.0
2026-07-30 06:00:00+00:00,57.290000915527344,57.51499938964844,57.25,57.36000061035156,473.0
2026-07-30 06:30:00+00:00,57.36000061035156,57.54499816894531,57.314998626708984,57.3849983215332,470.0
2026-07-30 07:00:00+00:00,57.3849983215332,57.76499938964844,57.3650016784668,57.5099983215332,381.0
2026-07-30 07:30:00+00:00,57.45000076293945,57.5099983215332,57.14500045776367,57.16999816894531,294.0
2026-07-30 08:00:00+00:00,57.154998779296875,58.02000045776367,57.119998931884766,57.94499969482422,763.0
2026-07-30 08:30:00+00:00,57.96500015258789,58.08000183105469,57.724998474121094,57.83000183105469,315.0
2026-07-30 09:00:00+00:00,57.845001220703125,58.11000061035156,57.84000015258789,57.994998931884766,331.0
2026-07-30 09:30:00+00:00,57.98500061035156,58.20500183105469,57.904998779296875,57.97999954223633,390.0
2026-07-30 10:00:00+00:00,57.96500015258789,58.3650016784668,57.935001373291016,58.32500076293945,299.0
2026-07-30 10:30:00+00:00,58.32500076293945,58.494998931884766,58.2599983215332,58.28499984741211,520.0
2026-07-30 11:00:00+00:00,58.290000915527344,58.369998931884766,58.18000030517578,58.275001525878906,477.0
2026-07-30 11:30:00+00:00,58.290000915527344,58.375,58.22999954223633,58.34000015258789,222.0
2026-07-30 12:00:00+00:00,58.334999084472656,58.560001373291016,58.22999954223633,58.38999938964844,838.0
2026-07-30 12:30:00+00:00,58.400001525878906,58.540000915527344,58.10499954223633,58.23500061035156,1139.0
2026-07-30 13:00:00+00:00,58.244998931884766,58.34000015258789,58.025001525878906,58.15999984741211,1361.0
2026-07-30 13:30:00+00:00,58.185001373291016,58.790000915527344,58.005001068115234,58.77000045776367,2640.0
2026-07-30 14:00:00+00:00,58.75,58.8650016784668,58.150001525878906,58.3650016784668,2303.0
2026-07-30 14:30:00+00:00,58.35499954223633,58.70500183105469,58.32500076293945,58.59000015258789,1291.0
2026-07-30 15:00:00+00:00,58.56999969482422,58.779998779296875,58.310001373291016,58.64500045776367,1132.0
2026-07-30 15:30:00+00:00,58.625,58.900001525878906,58.560001373291016,58.845001220703125,1061.0
2026-07-30 16:00:00+00:00,58.845001220703125,59.20000076293945,58.845001220703125,59.095001220703125,1579.0
2026-07-30 16:30:00+00:00,59.099998474121094,59.11000061035156,58.81999969482422,58.959999084472656,753.0
2026-07-30 17:00:00+00:00,58.95500183105469,59.05500030517578,58.775001525878906,58.91999816894531,2098.0
2026-07-30 17:30:00+00:00,58.904998779296875,59.11000061035156,58.880001068115234,59.0,649.0
2026-07-30 18:00:00+00:00,59.0099983215332,59.16999816894531,59.0099983215332,59.130001068115234,466.0
2026-07-30 18:30:00+00:00,59.1150016784668,59.22999954223633,59.05500030517578,59.084999084472656,262.0
2026-07-30 19:00:00+00:00,59.084999084472656,59.494998931884766,59.06999969482422,59.435001373291016,687.0
2026-07-30 19:30:00+00:00,59.42499923706055,59.5,59.345001220703125,59.45000076293945,507.0
2026-07-30 20:00:00+00:00,59.44499969482422,59.56999969482422,59.400001525878906,59.415000915527344,859.0
2026-07-30 20:30:00+00:00,59.43000030517578,59.43000030517578,59.150001525878906,59.26499938964844,419.0
2026-07-30 22:00:00+00:00,59.2599983215332,59.380001068115234,59.25,59.279998779296875,50.0
2026-07-30 22:30:00+00:00,59.30500030517578,59.334999084472656,59.26499938964844,59.29999923706055,68.0
2026-07-30 23:00:00+00:00,59.29999923706055,59.36000061035156,59.209999084472656,59.26499938964844,64.0
2026-07-30 23:30:00+00:00,59.290000915527344,59.404998779296875,59.290000915527344,59.31999969482422,53.0
2026-07-31 00:00:00+00:00,59.334999084472656,59.3849983215332,59.21500015258789,59.220001220703125,103.0
2026-07-31 00:30:00+00:00,59.23500061035156,59.26499938964844,59.029998779296875,59.130001068115234,250.0
2026-07-31 01:00:00+00:00,59.095001220703125,59.380001068115234,58.92499923706055,59.02000045776367,481.0
2026-07-31 01:30:00+00:00,59.0099983215332,59.03499984741211,58.86000061035156,58.93000030517578,228.0
2026-07-31 02:00:00+00:00,58.93000030517578,59.09000015258789,58.83000183105469,58.86000061035156,253.0
2026-07-31 02:30:00+00:00,58.84000015258789,58.95500183105469,58.66999816894531,58.7400016784668,503.0
2026-07-31 03:00:00+00:00,58.73500061035156,58.7400016784668,58.53499984741211,58.625,319.0
2026-07-31 03:30:00+00:00,58.630001068115234,58.69499969482422,58.584999084472656,58.6150016784668,99.0
2026-07-31 04:00:00+00:00,58.599998474121094,58.7599983215332,58.584999084472656,58.755001068115234,161.0
2026-07-31 04:30:00+00:00,58.744998931884766,58.875,58.744998931884766,58.875,175.0
2026-07-31 05:00:00+00:00,58.880001068115234,58.9900016784668,58.82500076293945,58.85499954223633,179.0
2026-07-31 05:30:00+00:00,58.869998931884766,58.88999938964844,58.47999954223633,58.57500076293945,456.0
2026-07-31 06:00:00+00:00,58.58000183105469,58.81999969482422,58.4900016784668,58.78499984741211,306.0
2026-07-31 06:30:00+00:00,58.78499984741211,58.790000915527344,58.459999084472656,58.5099983215332,514.0
2026-07-31 07:00:00+00:00,58.4900016784668,58.5,58.2599983215332,58.39500045776367,621.0
2026-07-31 07:30:00+00:00,58.369998931884766,58.619998931884766,58.3650016784668,58.45000076293945,477.0
2026-07-31 08:00:00+00:00,58.470001220703125,58.529998779296875,58.290000915527344,58.29499816894531,396.0
2026-07-31 08:30:00+00:00,58.279998779296875,58.41999816894531,58.20000076293945,58.415000915527344,315.0
2026-07-31 09:00:00+00:00,58.3849983215332,58.43000030517578,58.19499969482422,58.25,572.0
2026-07-31 09:30:00+00:00,58.244998931884766,58.275001525878906,58.1150016784668,58.185001373291016,314.0
2026-07-31 10:00:00+00:00,58.185001373291016,58.275001525878906,58.150001525878906,58.17499923706055,173.0
2026-07-31 10:30:00+00:00,58.15999984741211,58.28499984741211,58.03499984741211,58.095001220703125,222.0
2026-07-31 11:00:00+00:00,58.099998474121094,58.290000915527344,57.95500183105469,58.209999084472656,803.0
2026-07-31 11:30:00+00:00,58.20500183105469,58.20500183105469,57.875,58.04999923706055,544.0
2026-07-31 12:00:00+00:00,58.060001373291016,58.13999938964844,57.84000015258789,57.84000015258789,827.0
2026-07-31 12:30:00+00:00,57.845001220703125,58.01499938964844,57.665000915527344,57.86000061035156,1012.0
2026-07-31 13:00:00+00:00,57.849998474121094,57.91999816894531,57.404998779296875,57.72999954223633,2282.0
2026-07-31 13:30:00+00:00,57.70500183105469,57.7400016784668,57.275001525878906,57.400001525878906,1944.0
2026-07-31 14:00:00+00:00,57.404998779296875,57.60499954223633,57.220001220703125,57.54499816894531,1493.0
2026-07-31 14:30:00+00:00,57.53499984741211,57.8849983215332,57.505001068115234,57.70500183105469,1971.0
2026-07-31 15:00:00+00:00,57.70500183105469,57.8849983215332,57.53499984741211,57.55500030517578,1540.0
2026-07-31 15:30:00+00:00,57.54499816894531,57.720001220703125,57.459999084472656,57.689998626708984,969.0
2026-07-31 16:00:00+00:00,57.66999816894531,57.73500061035156,57.540000915527344,57.70500183105469,597.0
2026-07-31 16:30:00+00:00,57.71500015258789,57.84000015258789,57.625,57.665000915527344,761.0
2026-07-31 17:00:00+00:00,57.67499923706055,58.01499938964844,57.584999084472656,57.959999084472656,2122.0
2026-07-31 17:30:00+00:00,57.96500015258789,58.119998931884766,57.935001373291016,58.08000183105469,789.0
2026-07-31 18:00:00+00:00,58.08000183105469,58.130001068115234,57.970001220703125,58.064998626708984,542.0
2026-07-31 18:30:00+00:00,58.06999969482422,58.14500045776367,58.0099983215332,58.1349983215332,292.0
2026-07-31 19:00:00+00:00,58.14500045776367,58.19499969482422,58.06999969482422,58.14500045776367,255.0
2026-07-31 19:30:00+00:00,58.13999938964844,58.19499969482422,58.025001525878906,58.13999938964844,525.0
2026-07-31 20:00:00+00:00,58.125,58.165000915527344,57.92499923706055,58.0,230.0
2026-07-31 20:30:00+00:00,58.0,58.125,57.755001068115234,57.7859992980957,378.0
2026-08-02 22:00:00+00:00,58.65999984741211,58.68000030517578,58.48500061035156,58.6150016784668,177.0
2026-08-02 22:30:00+00:00,58.599998474121094,58.689998626708984,58.55500030517578,58.55500030517578,170.0
2026-08-02 23:00:00+00:00,58.55500030517578,58.560001373291016,58.380001068115234,58.529998779296875,197.0
2026-08-02 23:30:00+00:00,58.540000915527344,58.540000915527344,58.400001525878906,58.52000045776367,106.0
2026-08-03 00:00:00+00:00,58.505001068115234,58.60499954223633,58.130001068115234,58.23500061035156,296.0
2026-08-03 00:30:00+00:00,58.28499984741211,58.36000061035156,58.08000183105469,58.165000915527344,233.0
2026-08-03 01:00:00+00:00,58.130001068115234,58.540000915527344,58.01499938964844,58.380001068115234,429.0
2026-08-03 01:30:00+00:00,58.400001525878906,58.459999084472656,58.25,58.40999984741211,229.0
2026-08-03 02:00:00+00:00,58.43000030517578,58.48500061035156,58.2400016784668,58.345001220703125,145.0
2026-08-03 02:30:00+00:00,58.349998474121094,58.400001525878906,58.13999938964844,58.345001220703125,235.0
2026-08-03 03:00:00+00:00,58.32500076293945,58.47999954223633,58.290000915527344,58.334999084472656,235.0
2026-08-03 03:30:00+00:00,58.369998931884766,58.439998626708984,58.310001373291016,58.404998779296875,76.0
2026-08-03 04:00:00+00:00,58.435001373291016,58.59000015258789,58.415000915527344,58.564998626708984,178.0
2026-08-03 04:30:00+00:00,58.58000183105469,58.775001525878906,58.47999954223633,58.494998931884766,263.0
2026-08-03 05:00:00+00:00,58.5,58.525001525878906,58.275001525878906,58.334999084472656,199.0
2026-08-03 05:30:00+00:00,58.310001373291016,58.3650016784668,57.96500015258789,58.345001220703125,619.0
2026-08-03 06:00:00+00:00,58.349998474121094,58.79999923706055,58.29499816894531,58.564998626708984,799.0
2026-08-03 06:30:00+00:00,58.55500030517578,58.58000183105469,58.290000915527344,58.310001373291016,344.0
2026-08-03 07:00:00+00:00,58.314998626708984,58.35499954223633,57.98500061035156,58.2400016784668,488.0
2026-08-03 07:30:00+00:00,58.220001220703125,58.55500030517578,58.21500015258789,58.48500061035156,304.0
2026-08-03 08:00:00+00:00,58.47999954223633,58.47999954223633,58.3650016784668,58.38999938964844,273.0
2026-08-03 08:30:00+00:00,58.400001525878906,58.58000183105469,58.369998931884766,58.53499984741211,194.0
2026-08-03 09:00:00+00:00,58.560001373291016,58.599998474121094,58.380001068115234,58.380001068115234,231.0
2026-08-03 09:30:00+00:00,58.400001525878906,58.45000076293945,58.275001525878906,58.40999984741211,252.0
2026-08-03 10:00:00+00:00,58.400001525878906,58.400001525878906,58.2400016784668,58.275001525878906,184.0
2026-08-03 10:30:00+00:00,58.25,58.25,58.07500076293945,58.15999984741211,270.0
2026-08-03 11:00:00+00:00,58.150001525878906,58.189998626708984,57.9900016784668,58.08000183105469,455.0
2026-08-03 11:30:00+00:00,58.060001373291016,58.25,57.935001373291016,58.189998626708984,444.0
2026-08-03 12:00:00+00:00,58.17499923706055,58.2400016784668,57.81999969482422,57.83000183105469,644.0
2026-08-03 12:30:00+00:00,57.84000015258789,57.900001525878906,57.599998474121094,57.64500045776367,926.0
2026-08-03 13:00:00+00:00,57.63999938964844,57.875,56.77000045776367,56.880001068115234,4406.0
2026-08-03 13:30:00+00:00,56.869998931884766,57.34000015258789,56.70500183105469,57.29499816894531,2920.0
2026-08-03 14:00:00+00:00,57.290000915527344,57.45500183105469,57.20500183105469,57.275001525878906,1681.0
2026-08-03 14:30:00+00:00,57.2599983215332,57.5099983215332,57.244998931884766,57.47999954223633,1279.0
2026-08-03 15:00:00+00:00,57.47999954223633,57.654998779296875,57.369998931884766,57.43000030517578,1673.0
2026-08-03 15:30:00+00:00,57.41999816894531,57.69499969482422,57.369998931884766,57.625,784.0
2026-08-03 16:00:00+00:00,57.6349983215332,57.720001220703125,57.560001373291016,57.654998779296875,667.0
2026-08-03 16:30:00+00:00,57.654998779296875,57.95500183105469,57.63999938964844,57.845001220703125,1228.0
2026-08-03 17:00:00+00:00,57.8650016784668,57.96500015258789,57.7400016784668,57.845001220703125,2554.0
2026-08-03 17:30:00+00:00,57.85499954223633,57.994998931884766,57.82500076293945,57.82500076293945,503.0
2026-08-03 18:00:00+00:00,57.83000183105469,58.119998931884766,57.80500030517578,58.07500076293945,683.0
2026-08-03 18:30:00+00:00,58.07500076293945,58.14500045776367,58.03499984741211,58.11000061035156,329.0
2026-08-03 19:00:00+00:00,58.099998474121094,58.38999938964844,58.099998474121094,58.31999969482422,636.0
2026-08-03 19:30:00+00:00,58.33000183105469,58.415000915527344,58.22999954223633,58.27000045776367,666.0
2026-08-03 20:00:00+00:00,58.26499938964844,58.32500076293945,58.185001373291016,58.314998626708984,186.0
2026-08-03 20:30:00+00:00,58.32500076293945,58.415000915527344,58.32500076293945,58.39500045776367,240.0
2026-08-03 22:00:00+00:00,58.380001068115234,58.439998626708984,58.209999084472656,58.310001373291016,116.0
2026-08-03 22:30:00+00:00,58.29999923706055,58.369998931884766,58.29999923706055,58.349998474121094,70.0
2026-08-03 23:00:00+00:00,58.34000015258789,58.3650016784668,58.29499816894531,58.29999923706055,82.0
2026-08-03 23:30:00+00:00,58.29499816894531,58.474998474121094,58.290000915527344,58.459999084472656,171.0
2026-08-04 00:00:00+00:00,58.46500015258789,58.78499984741211,58.435001373291016,58.540000915527344,556.0
2026-08-04 00:30:00+00:00,58.54499816894531,58.57500076293945,58.31999969482422,58.34000015258789,255.0
2026-08-04 01:00:00+00:00,58.345001220703125,58.55500030517578,58.185001373291016,58.54999923706055,623.0
2026-08-04 01:30:00+00:00,58.564998626708984,59.04999923706055,58.54499816894531,58.88999938964844,1296.0
2026-08-04 02:00:00+00:00,58.869998931884766,58.96500015258789,58.77000045776367,58.8849983215332,297.0
2026-08-04 02:30:00+00:00,58.904998779296875,59.040000915527344,58.814998626708984,58.869998931884766,525.0
2026-08-04 03:00:00+00:00,58.8650016784668,59.04499816894531,58.814998626708984,58.97999954223633,648.0
2026-08-04 03:30:00+00:00,58.959999084472656,58.9900016784668,58.834999084472656,58.90999984741211,299.0
2026-08-04 04:00:00+00:00,58.8849983215332,59.13999938964844,58.875,59.125,253.0
2026-08-04 04:30:00+00:00,59.14500045776367,59.255001068115234,59.119998931884766,59.189998626708984,475.0
2026-08-04 05:00:00+00:00,59.189998626708984,59.19499969482422,58.959999084472656,59.154998779296875,412.0
2026-08-04 05:30:00+00:00,59.154998779296875,59.26499938964844,59.03499984741211,59.20500183105469,475.0
2026-08-04 06:00:00+00:00,59.220001220703125,59.39500045776367,59.125,59.14500045776367,886.0
2026-08-04 06:30:00+00:00,59.13999938964844,59.15999984741211,59.02000045776367,59.150001525878906,370.0
2026-08-04 07:00:00+00:00,59.154998779296875,59.29499816894531,59.13999938964844,59.244998931884766,431.0
2026-08-04 07:30:00+00:00,59.220001220703125,59.334999084472656,59.1150016784668,59.20500183105469,414.0
2026-08-04 08:00:00+00:00,59.209999084472656,59.38999938964844,59.1150016784668,59.154998779296875,460.0
2026-08-04 08:30:00+00:00,59.16999816894531,59.21500015258789,58.95500183105469,58.974998474121094,924.0
2026-08-04 09:00:00+00:00,58.974998474121094,59.01499938964844,58.79999923706055,58.939998626708984,633.0
2026-08-04 09:30:00+00:00,58.94499969482422,59.02000045776367,58.875,58.96500015258789,229.0
2026-08-04 10:00:00+00:00,58.959999084472656,58.974998474121094,58.834999084472656,58.880001068115234,210.0
2026-08-04 10:30:00+00:00,58.88999938964844,59.2599983215332,58.779998779296875,59.005001068115234,1131.0
2026-08-04 11:00:00+00:00,59.005001068115234,59.290000915527344,58.959999084472656,59.275001525878906,491.0
2026-08-04 11:30:00+00:00,59.29999923706055,59.71500015258789,59.20000076293945,59.68000030517578,2148.0
2026-08-04 12:00:00+00:00,59.67499923706055,59.79999923706055,59.35499954223633,59.79999923706055,1545.0
2026-08-04 12:30:00+00:00,59.80500030517578,60.189998626708984,59.80500030517578,60.09000015258789,2800.0
2026-08-04 13:00:00+00:00,60.095001220703125,60.11000061035156,59.560001373291016,59.94499969482422,2508.0
2026-08-04 13:30:00+00:00,59.95000076293945,60.2400016784668,59.810001373291016,59.93000030517578,3055.0
2026-08-04 14:00:00+00:00,59.939998626708984,60.095001220703125,59.69499969482422,59.775001525878906,1667.0
2026-08-04 14:30:00+00:00,59.75,59.779998779296875,59.52000045776367,59.755001068115234,1966.0
2026-08-04 15:00:00+00:00,59.76499938964844,59.84000015258789,59.54499816894531,59.6349983215332,958.0
2026-08-04 15:30:00+00:00,59.625,60.029998779296875,59.6150016784668,59.94499969482422,1587.0
2026-08-04 16:00:00+00:00,59.95000076293945,60.119998931884766,59.834999084472656,60.04499816894531,877.0
2026-08-04 16:30:00+00:00,60.03499984741211,60.1150016784668,59.959999084472656,60.060001373291016,718.0
2026-08-04 17:00:00+00:00,60.04999923706055,60.28499984741211,59.994998931884766,60.1150016784668,4075.0
2026-08-04 17:30:00+00:00,60.10499954223633,60.185001373291016,60.02000045776367,60.029998779296875,886.0
2026-08-04 18:00:00+00:00,60.029998779296875,60.060001373291016,59.91999816894531,59.970001220703125,782.0
2026-08-04 18:30:00+00:00,59.959999084472656,59.97999954223633,59.76499938964844,59.84000015258789,502.0
2026-08-04 19:00:00+00:00,59.81999969482422,59.94499969482422,59.80500030517578,59.80500030517578,282.0
2026-08-04 19:30:00+00:00,59.834999084472656,59.935001373291016,59.744998931884766,59.790000915527344,637.0
2026-08-04 20:00:00+00:00,59.790000915527344,59.834999084472656,59.689998626708984,59.720001220703125,236.0
2026-08-04 20:30:00+00:00,59.720001220703125,59.790000915527344,59.70500183105469,59.75,258.0
2026-08-04 22:00:00+00:00,59.78499984741211,59.83000183105469,59.71500015258789,59.77000045776367,38.0
2026-08-04 22:30:00+00:00,59.76499938964844,59.82500076293945,59.70500183105469,59.70500183105469,103.0
2026-08-04 23:00:00+00:00,59.724998474121094,59.73500061035156,59.619998931884766,59.665000915527344,159.0
2026-08-04 23:30:00+00:00,59.65999984741211,59.69499969482422,59.619998931884766,59.66999816894531,77.0
2026-08-05 00:00:00+00:00,59.665000915527344,59.849998474121094,59.63999938964844,59.83000183105469,162.0
2026-08-05 00:30:00+00:00,59.834999084472656,59.94499969482422,59.79999923706055,59.939998626708984,205.0
2026-08-05 01:00:00+00:00,59.90999984741211,60.02000045776367,59.755001068115234,59.779998779296875,417.0
2026-08-05 01:30:00+00:00,59.834999084472656,60.150001525878906,59.75,60.125,314.0
2026-08-05 02:00:00+00:00,60.119998931884766,60.16999816894531,60.02000045776367,60.125,196.0
2026-08-05 02:30:00+00:00,60.14500045776367,61.099998474121094,60.06999969482422,60.92499923706055,2718.0
2026-08-05 03:00:00+00:00,60.95000076293945,61.209999084472656,60.880001068115234,61.04999923706055,989.0
2026-08-05 03:30:00+00:00,61.04999923706055,61.07500076293945,60.96500015258789,61.029998779296875,300.0
2026-08-05 04:00:00+00:00,61.0099983215332,61.1349983215332,60.98500061035156,61.084999084472656,419.0
2026-08-05 04:30:00+00:00,61.084999084472656,61.130001068115234,60.939998626708984,61.03499984741211,206.0
2026-08-05 05:00:00+00:00,61.02000045776367,61.220001220703125,61.0,61.20500183105469,228.0
2026-08-05 05:30:00+00:00,61.220001220703125,61.88999938964844,61.209999084472656,61.69499969482422,2499.0
2026-08-05 06:00:00+00:00,61.69499969482422,61.83000183105469,61.630001068115234,61.7599983215332,763.0
2026-08-05 06:30:00+00:00,61.755001068115234,62.18000030517578,61.7400016784668,62.095001220703125,1152.0
2026-08-05 07:00:00+00:00,62.10499954223633,62.18000030517578,61.849998474121094,61.875,1693.0
2026-08-05 07:30:00+00:00,61.8849983215332,62.130001068115234,61.83000183105469,62.119998931884766,556.0
2026-08-05 08:00:00+00:00,62.10499954223633,62.1349983215332,61.709999084472656,61.814998626708984,837.0
2026-08-05 08:30:00+00:00,61.78499984741211,61.939998626708984,61.65999984741211,61.709999084472656,601.0
2026-08-05 09:00:00+00:00,61.724998474121094,61.915000915527344,61.65999984741211,61.67499923706055,546.0
2026-08-05 09:30:00+00:00,61.70000076293945,61.84000015258789,61.6349983215332,61.70500183105469,367.0
2026-08-05 10:00:00+00:00,61.685001373291016,61.71500015258789,61.45000076293945,61.470001220703125,500.0
2026-08-05 10:30:00+00:00,61.459999084472656,61.529998779296875,61.34000015258789,61.51499938964844,302.0
2026-08-05 11:00:00+00:00,61.52000045776367,62.060001373291016,61.48500061035156,61.98500061035156,1049.0
2026-08-05 11:30:00+00:00,61.98500061035156,62.290000915527344,61.939998626708984,62.224998474121094,846.0
2026-08-05 12:00:00+00:00,62.2400016784668,62.7599983215332,62.23500061035156,62.4900016784668,2305.0
2026-08-05 12:30:00+00:00,62.51499938964844,62.58000183105469,61.70500183105469,61.73500061035156,2425.0
2026-08-05 13:00:00+00:00,61.724998474121094,62.375,61.724998474121094,62.34000015258789,2475.0
2026-08-05 13:30:00+00:00,62.33000183105469,62.630001068115234,62.09000015258789,62.6150016784668,2541.0
2026-08-05 14:00:00+00:00,62.60499954223633,63.02000045776367,62.54999923706055,62.66999816894531,3286.0
2026-08-05 14:30:00+00:00,62.66999816894531,62.755001068115234,62.36000061035156,62.5099983215332,2534.0
2026-08-05 15:00:00+00:00,62.505001068115234,62.84000015258789,62.459999084472656,62.67499923706055,1965.0
2026-08-05 15:30:00+00:00,62.66999816894531,62.77000045776367,62.0,62.13999938964844,2388.0
2026-08-05 16:00:00+00:00,62.150001525878906,62.38999938964844,61.970001220703125,62.38999938964844,1906.0
2026-08-05 16:30:00+00:00,62.39500045776367,62.5,62.255001068115234,62.314998626708984,1106.0
2026-08-05 17:00:00+00:00,62.31999969482422,62.349998474121094,62.15999984741211,62.33000183105469,2850.0
2026-08-05 17:30:00+00:00,62.310001373291016,62.470001220703125,62.27000045776367,62.40999984741211,871.0
2026-08-05 18:00:00+00:00,62.400001525878906,62.61000061035156,62.32500076293945,62.53499984741211,936.0
2026-08-05 18:30:00+00:00,62.53499984741211,62.540000915527344,62.3849983215332,62.439998626708984,317.0
2026-08-05 19:00:00+00:00,62.435001373291016,62.53499984741211,62.345001220703125,62.349998474121094,516.0
2026-08-05 19:30:00+00:00,62.349998474121094,62.3650016784668,62.224998474121094,62.255001068115234,721.0
2026-08-05 20:00:00+00:00,62.255001068115234,62.29999923706055,62.17499923706055,62.185001373291016,295.0
2026-08-05 20:30:00+00:00,62.20000076293945,62.28499984741211,62.185001373291016,62.255001068115234,109.0
2026-08-05 22:00:00+00:00,62.20000076293945,62.369998931884766,62.20000076293945,62.34000015258789,90.0
2026-08-05 22:30:00+00:00,62.36000061035156,62.369998931884766,62.220001220703125,62.2400016784668,254.0
2026-08-05 23:00:00+00:00,62.2599983215332,62.369998931884766,62.25,62.345001220703125,185.0
2026-08-05 23:30:00+00:00,62.34000015258789,62.54999923706055,62.29999923706055,62.415000915527344,577.0
2026-08-06 00:00:00+00:00,62.404998779296875,62.54499816894531,62.255001068115234,62.38999938964844,342.0
2026-08-06 00:30:00+00:00,62.439998626708984,62.96500015258789,62.41999816894531,62.8849983215332,1131.0
2026-08-06 01:00:00+00:00,62.88999938964844,63.31999969482422,62.22999954223633,62.290000915527344,2742.0
2026-08-06 01:30:00+00:00,62.275001525878906,62.63999938964844,62.26499938964844,62.46500015258789,503.0
2026-08-06 02:00:00+00:00,62.46500015258789,62.76499938964844,62.43000030517578,62.599998474121094,314.0
2026-08-06 02:30:00+00:00,62.58000183105469,62.65999984741211,62.334999084472656,62.52000045776367,394.0
2026-08-06 03:00:00+00:00,62.505001068115234,62.584999084472656,62.15999984741211,62.22999954223633,563.0
2026-08-06 03:30:00+00:00,62.25,62.310001373291016,62.165000915527344,62.310001373291016,170.0
2026-08-06 04:00:00+00:00,62.33000183105469,62.40999984741211,62.22999954223633,62.244998931884766,148.0
2026-08-06 04:30:00+00:00,62.29499816894531,62.380001068115234,62.279998779296875,62.35499954223633,81.0
2026-08-06 05:00:00+00:00,62.314998626708984,62.404998779296875,62.029998779296875,62.029998779296875,385.0
2026-08-06 05:30:00+00:00,62.025001525878906,62.404998779296875,61.790000915527344,62.36000061035156,891.0
2026-08-06 06:00:00+00:00,62.369998931884766,62.369998931884766,62.05500030517578,62.1349983215332,510.0
2026-08-06 06:30:00+00:00,62.1349983215332,62.1349983215332,61.720001220703125,61.8650016784668,924.0
2026-08-06 07:00:00+00:00,61.8650016784668,62.17499923706055,61.845001220703125,62.09000015258789,748.0
2026-08-06 07:30:00+00:00,62.095001220703125,62.165000915527344,61.845001220703125,62.14500045776367,264.0
2026-08-06 08:00:00+00:00,62.02000045776367,62.21500015258789,62.0,62.10499954223633,270.0
2026-08-06 08:30:00+00:00,62.125,62.345001220703125,62.060001373291016,62.33000183105469,486.0
2026-08-06 09:00:00+00:00,62.34000015258789,62.48500061035156,62.125,62.28499984741211,513.0
2026-08-06 09:30:00+00:00,62.310001373291016,62.310001373291016,62.040000915527344,62.14500045776367,426.0
2026-08-06 10:00:00+00:00,62.14500045776367,62.154998779296875,62.0,62.1349983215332,229.0
2026-08-06 10:30:00+00:00,62.119998931884766,62.17499923706055,61.97999954223633,62.0,297.0
2026-08-06 11:00:00+00:00,62.0099983215332,62.08000183105469,61.880001068115234,62.060001373291016,662.0
2026-08-06 11:30:00+00:00,62.060001373291016,62.119998931884766,61.869998931884766,62.07500076293945,556.0
2026-08-06 12:00:00+00:00,62.099998474121094,62.099998474121094,61.73500061035156,61.900001525878906,896.0
2026-08-06 12:30:00+00:00,61.869998931884766,62.095001220703125,61.474998474121094,61.5,1675.0
2026-08-06 13:00:00+00:00,61.5,61.810001373291016,61.28499984741211,61.63999938964844,2905.0
2026-08-06 13:30:00+00:00,61.63999938964844,62.04999923706055,61.595001220703125,61.86000061035156,2171.0
2026-08-06 14:00:00+00:00,61.8650016784668,61.9900016784668,61.69499969482422,61.790000915527344,1124.0
2026-08-06 14:30:00+00:00,61.78499984741211,62.0099983215332,61.75,61.91999816894531,788.0
2026-08-06 15:00:00+00:00,61.95500183105469,61.959999084472656,61.44499969482422,61.63999938964844,1304.0
2026-08-06 15:30:00+00:00,61.650001525878906,61.650001525878906,61.21500015258789,61.33000183105469,1572.0
2026-08-06 16:00:00+00:00,61.334999084472656,61.55500030517578,61.119998931884766,61.275001525878906,1313.0
2026-08-06 16:30:00+00:00,61.275001525878906,61.619998931884766,61.275001525878906,61.57500076293945,812.0
2026-08-06 17:00:00+00:00,61.584999084472656,61.67499923706055,61.54499816894531,61.56999969482422,1879.0
2026-08-06 17:30:00+00:00,61.564998626708984,61.78499984741211,61.5099983215332,61.720001220703125,477.0
2026-08-06 18:00:00+00:00,61.73500061035156,61.78499984741211,61.65999984741211,61.744998931884766,312.0
2026-08-06 18:30:00+00:00,61.7400016784668,61.80500030517578,61.68000030517578,61.72999954223633,315.0
2026-08-06 19:00:00+00:00,61.75,62.025001525878906,61.720001220703125,61.755001068115234,560.0
2026-08-06 19:30:00+00:00,61.76499938964844,62.07500076293945,61.685001373291016,62.029998779296875,692.0
2026-08-06 20:00:00+00:00,62.025001525878906,62.13999938964844,61.790000915527344,61.814998626708984,873.0
2026-08-06 20:30:00+00:00,61.834999084472656,61.86000061035156,61.73500061035156,61.78499984741211,222.0
2026-08-06 22:00:00+00:00,61.85499954223633,61.8849983215332,61.69499969482422,61.79999923706055,201.0
2026-08-06 22:30:00+00:00,61.80500030517578,61.81999969482422,61.7599983215332,61.7599983215332,302.0
2026-08-06 23:00:00+00:00,61.755001068115234,61.8650016784668,61.744998931884766,61.80500030517578,392.0
2026-08-06 23:30:00+00:00,61.845001220703125,61.959999084472656,61.845001220703125,61.93000030517578,167.0
2026-08-07 00:00:00+00:00,61.915000915527344,61.93000030517578,61.654998779296875,61.70000076293945,167.0
2026-08-07 00:30:00+00:00,61.685001373291016,61.7400016784668,61.41999816894531,61.470001220703125,418.0
2026-08-07 01:00:00+00:00,61.48500061035156,62.08000183105469,61.439998626708984,62.04499816894531,941.0
2026-08-07 01:30:00+00:00,62.04499816894531,62.38999938964844,61.95500183105469,62.36000061035156,823.0
2026-08-07 02:00:00+00:00,62.369998931884766,62.57500076293945,62.34000015258789,62.55500030517578,832.0
2026-08-07 02:30:00+00:00,62.560001373291016,62.57500076293945,62.165000915527344,62.279998779296875,455.0
2026-08-07 03:00:00+00:00,62.28499984741211,62.5099983215332,62.28499984741211,62.45000076293945,176.0
2026-08-07 03:30:00+00:00,62.459999084472656,62.6150016784668,62.41999816894531,62.58000183105469,216.0
2026-08-07 04:00:00+00:00,62.58000183105469,62.650001525878906,62.46500015258789,62.5,194.0
2026-08-07 04:30:00+00:00,62.47999954223633,62.595001220703125,62.459999084472656,62.525001525878906,80.0
2026-08-07 05:00:00+00:00,62.525001525878906,62.595001220703125,62.439998626708984,62.52000045776367,268.0
2026-08-07 05:30:00+00:00,62.525001525878906,63.04499816894531,62.4900016784668,62.95000076293945,1442.0
2026-08-07 06:00:00+00:00,62.96500015258789,63.88999938964844,62.8650016784668,63.58000183105469,4387.0
2026-08-07 06:30:00+00:00,63.60499954223633,64.16500091552734,63.51499938964844,64.0250015258789,2698.0
2026-08-07 07:00:00+00:00,64.01000213623047,64.02999877929688,63.76499938964844,63.89500045776367,1225.0
2026-08-07 07:30:00+00:00,63.900001525878906,64.16999816894531,63.900001525878906,64.13999938964844,1026.0
2026-08-07 08:00:00+00:00,64.1449966430664,64.68000030517578,64.12000274658203,64.375,1670.0
2026-08-07 08:30:00+00:00,64.37000274658203,64.74500274658203,64.3550033569336,64.61000061035156,1108.0
2026-08-07 09:00:00+00:00,64.625,64.7249984741211,64.55999755859375,64.6449966430664,860.0
2026-08-07 09:30:00+00:00,64.65499877929688,64.95999908447266,64.56999969482422,64.75,1440.0
2026-08-07 10:00:00+00:00,64.73999786376953,64.74500274658203,64.53500366210938,64.61000061035156,952.0
2026-08-07 10:30:00+00:00,64.61499786376953,64.7699966430664,64.58999633789062,64.61499786376953,633.0
2026-08-07 11:00:00+00:00,64.625,64.73500061035156,64.29499816894531,64.44999694824219,1569.0
2026-08-07 11:30:00+00:00,64.44999694824219,64.57499694824219,64.28500366210938,64.41000366210938,1210.0
2026-08-07 12:00:00+00:00,64.42500305175781,64.54000091552734,64.12999725341797,64.2750015258789,1737.0
2026-08-07 12:30:00+00:00,64.2750015258789,65.4800033569336,64.2750015258789,65.04000091552734,5759.0
2026-08-07 13:00:00+00:00,65.04000091552734,65.12000274658203,64.08999633789062,64.45500183105469,3811.0
2026-08-07 13:30:00+00:00,64.45500183105469,64.63500213623047,64.00499725341797,64.15499877929688,3520.0
2026-08-07 14:00:00+00:00,64.16500091552734,64.18499755859375,63.55500030517578,63.994998931884766,3484.0
2026-08-07 14:30:00+00:00,63.9900016784668,64.04000091552734,63.564998626708984,63.595001220703125,1937.0
2026-08-07 15:00:00+00:00,63.60499954223633,63.9900016784668,63.595001220703125,63.724998474121094,1589.0
2026-08-07 15:30:00+00:00,63.71500015258789,63.81999969482422,63.525001525878906,63.55500030517578,1245.0
2026-08-07 16:00:00+00:00,63.56999969482422,63.814998626708984,63.334999084472656,63.55500030517578,1790.0
2026-08-07 16:30:00+00:00,63.54499816894531,63.59000015258789,63.33000183105469,63.380001068115234,2059.0
2026-08-07 17:00:00+00:00,63.3650016784668,63.57500076293945,63.290000915527344,63.53499984741211,4661.0
2026-08-07 17:30:00+00:00,63.54999923706055,63.654998779296875,63.375,63.58000183105469,1024.0
2026-08-07 18:00:00+00:00,63.57500076293945,63.6349983215332,63.369998931884766,63.415000915527344,1310.0
2026-08-07 18:30:00+00:00,63.404998779296875,63.61000061035156,63.400001525878906,63.53499984741211,744.0
2026-08-07 19:00:00+00:00,63.54999923706055,63.92499923706055,63.540000915527344,63.845001220703125,1056.0
2026-08-07 19:30:00+00:00,63.85499954223633,63.92499923706055,63.720001220703125,63.834999084472656,727.0
2026-08-07 20:00:00+00:00,63.845001220703125,63.845001220703125,63.64500045776367,63.650001525878906,307.0
2026-08-07 20:30:00+00:00,63.650001525878906,63.79999923706055,63.499000549316406,63.499000549316406,461.0
2026-08-09 22:00:00+00:00,63.8849983215332,64.05500030517578,63.71500015258789,63.88999938964844,244.0
2026-08-09 22:30:00+00:00,63.88999938964844,63.91999816894531,63.810001373291016,63.845001220703125,90.0
2026-08-09 23:00:00+00:00,63.79999923706055,64.13500213623047,63.78499984741211,64.11000061035156,219.0
2026-08-09 23:30:00+00:00,64.11000061035156,64.13500213623047,63.689998626708984,63.73500061035156,227.0
2026-08-10 00:00:00+00:00,63.724998474121094,64.23999786376953,63.689998626708984,63.86000061035156,513.0
2026-08-10 00:30:00+00:00,63.834999084472656,63.845001220703125,63.52000045776367,63.60499954223633,500.0
2026-08-10 01:00:00+00:00,63.60499954223633,63.91999816894531,63.20500183105469,63.2400016784668,1633.0
2026-08-10 01:30:00+00:00,63.21500015258789,63.685001373291016,63.19499969482422,63.64500045776367,582.0
2026-08-10 02:00:00+00:00,63.650001525878906,63.88999938964844,63.540000915527344,63.8849983215332,383.0
2026-08-10 02:30:00+00:00,63.85499954223633,63.89500045776367,63.48500061035156,63.58000183105469,343.0
2026-08-10 03:00:00+00:00,63.584999084472656,63.73500061035156,63.45500183105469,63.70000076293945,149.0
2026-08-10 03:30:00+00:00,63.689998626708984,63.88999938964844,63.68000030517578,63.814998626708984,202.0
2026-08-10 04:00:00+00:00,63.81999969482422,64.11499786376953,63.755001068115234,64.0,439.0
2026-08-10 04:30:00+00:00,63.98500061035156,64.08499908447266,63.94499969482422,64.04499816894531,188.0
2026-08-10 05:00:00+00:00,64.04000091552734,64.05500030517578,63.89500045776367,63.93000030517578,138.0
2026-08-10 05:30:00+00:00,63.92499923706055,64.5250015258789,63.814998626708984,64.34500122070312,1513.0
2026-08-10 06:00:00+00:00,64.33999633789062,64.4800033569336,64.23500061035156,64.4000015258789,688.0
2026-08-10 06:30:00+00:00,64.4000015258789,64.45999908447266,64.25499725341797,64.44000244140625,486.0
2026-08-10 07:00:00+00:00,64.44499969482422,64.61000061035156,64.2699966430664,64.5250015258789,622.0
2026-08-10 07:30:00+00:00,64.5199966430664,64.62999725341797,64.44499969482422,64.50499725341797,347.0
2026-08-10 08:00:00+00:00,64.51000213623047,64.58499908447266,64.375,64.55500030517578,334.0
2026-08-10 08:30:00+00:00,64.56500244140625,64.5999984741211,64.2699966430664,64.3499984741211,371.0
2026-08-10 09:00:00+00:00,64.38500213623047,64.47000122070312,64.3550033569336,64.41000366210938,130.0
2026-08-10 09:30:00+00:00,64.41500091552734,64.41500091552734,64.26000213623047,64.26499938964844,617.0
2026-08-10 10:00:00+00:00,64.24500274658203,64.2699966430664,64.1500015258789,64.23999786376953,478.0
2026-08-10 10:30:00+00:00,64.24500274658203,64.26000213623047,64.08499908447266,64.11000061035156,543.0
2026-08-10 11:00:00+00:00,64.125,64.24500274658203,64.0,64.22000122070312,822.0
2026-08-10 11:30:00+00:00,64.21499633789062,64.30000305175781,64.12999725341797,64.25,412.0
2026-08-10 12:00:00+00:00,64.25,64.31999969482422,63.95500183105469,64.07499694824219,806.0
2026-08-10 12:30:00+00:00,64.05999755859375,64.19999694824219,63.98500061035156,64.05500030517578,1004.0
2026-08-10 13:00:00+00:00,64.05500030517578,64.23500061035156,63.78499984741211,64.16500091552734,1564.0
2026-08-10 13:30:00+00:00,64.16500091552734,64.3499984741211,63.81999969482422,63.845001220703125,1927.0
2026-08-10 14:00:00+00:00,63.849998474121094,64.80500030517578,63.834999084472656,64.69999694824219,3074.0
2026-08-10 14:30:00+00:00,64.70500183105469,65.07499694824219,64.66999816894531,64.94499969482422,2685.0
2026-08-10 15:00:00+00:00,64.95999908447266,65.04499816894531,64.74500274658203,64.79000091552734,1986.0
2026-08-10 15:30:00+00:00,64.79499816894531,65.375,64.76499938964844,65.26499938964844,1772.0
2026-08-10 16:00:00+00:00,65.25499725341797,65.51000213623047,65.23500061035156,65.38999938964844,1756.0
2026-08-10 16:30:00+00:00,65.37999725341797,65.41000366210938,64.96499633789062,65.125,2176.0
2026-08-10 17:00:00+00:00,65.12999725341797,65.37000274658203,65.01499938964844,65.33499908447266,2923.0
2026-08-10 17:30:00+00:00,65.33499908447266,65.42500305175781,65.23999786376953,65.30500030517578,1186.0
2026-08-10 18:00:00+00:00,65.31500244140625,65.36000061035156,65.20999908447266,65.29499816894531,467.0
2026-08-10 18:30:00+00:00,65.30000305175781,65.93499755859375,65.27999877929688,65.80000305175781,1634.0
2026-08-10 19:00:00+00:00,65.80000305175781,66.25,65.80000305175781,66.11499786376953,1296.0
2026-08-10 19:30:00+00:00,66.12000274658203,66.22000122070312,65.87000274658203,65.91000366210938,1133.0
2026-08-10 20:00:00+00:00,65.91500091552734,66.02999877929688,65.8550033569336,66.0199966430664,341.0
2026-08-10 20:30:00+00:00,66.01499938964844,66.03500366210938,65.86000061035156,65.87999725341797,203.0
2026-08-10 22:00:00+00:00,65.94499969482422,65.94499969482422,65.82499694824219,65.92500305175781,122.0
2026-08-10 22:30:00+00:00,65.92500305175781,66.04000091552734,65.88500213623047,66.00499725341797,140.0
2026-08-10 23:00:00+00:00,66.02999877929688,66.06999969482422,65.87999725341797,65.90499877929688,111.0
2026-08-10 23:30:00+00:00,65.91999816894531,65.98999786376953,65.87999725341797,65.98999786376953,91.0
2026-08-11 00:00:00+00:00,65.99500274658203,66.4000015258789,65.93000030517578,66.36499786376953,579.0
2026-08-11 00:30:00+00:00,66.37000274658203,66.37000274658203,65.875,65.98500061035156,687.0
2026-08-11 01:00:00+00:00,65.98500061035156,66.27999877929688,65.59500122070312,66.20500183105469,1729.0
2026-08-11 01:30:00+00:00,66.20999908447266,66.68499755859375,66.01499938964844,66.48500061035156,1730.0
2026-08-11 02:00:00+00:00,66.50499725341797,66.5250015258789,66.24500274658203,66.48500061035156,803.0
2026-08-11 02:30:00+00:00,66.48999786376953,66.5,65.75,65.88500213623047,978.0
2026-08-11 03:00:00+00:00,65.93499755859375,66.06999969482422,65.88500213623047,65.9800033569336,211.0
2026-08-11 03:30:00+00:00,65.99500274658203,66.12000274658203,65.94000244140625,65.95999908447266,178.0
2026-08-11 04:00:00+00:00,65.95500183105469,66.03500366210938,65.86000061035156,65.91000366210938,268.0
2026-08-11 04:30:00+00:00,65.9000015258789,66.01499938964844,65.58000183105469,65.76000213623047,695.0
2026-08-11 05:00:00+00:00,65.73500061035156,65.73500061035156,65.2750015258789,65.29499816894531,1040.0
2026-08-11 05:30:00+00:00,65.2750015258789,65.30000305175781,64.70500183105469,65.01000213623047,2479.0
2026-08-11 06:00:00+00:00,65.0,65.20999908447266,64.56500244140625,64.59500122070312,1555.0
2026-08-11 06:30:00+00:00,64.58999633789062,64.78500366210938,64.47000122070312,64.70999908447266,1039.0
2026-08-11 07:00:00+00:00,64.70999908447266,64.81500244140625,64.55999755859375,64.625,611.0
2026-08-11 07:30:00+00:00,64.63500213623047,64.76000213623047,64.54499816894531,64.63500213623047,448.0
2026-08-11 08:00:00+00:00,64.66999816894531,64.94000244140625,64.66500091552734,64.9000015258789,781.0
2026-08-11 08:30:00+00:00,64.9000015258789,65.1050033569336,64.86499786376953,64.88500213623047,808.0
2026-08-11 09:00:00+00:00,64.86000061035156,65.08999633789062,64.81999969482422,65.00499725341797,688.0
2026-08-11 09:30:00+00:00,65.03500366210938,65.15499877929688,64.98999786376953,65.08499908447266,188.0
2026-08-11 10:00:00+00:00,65.0999984741211,65.33499908447266,65.00499725341797,65.25,585.0
2026-08-11 10:30:00+00:00,65.25,65.30999755859375,65.16000366210938,65.28500366210938,450.0
2026-08-11 11:00:00+00:00,65.29499816894531,65.51499938964844,65.23500061035156,65.43000030517578,1014.0
2026-08-11 11:30:00+00:00,65.43499755859375,65.4749984741211,65.30999755859375,65.36499786376953,493.0
2026-08-11 12:00:00+00:00,65.3550033569336,65.51499938964844,65.05500030517578,65.12000274658203,1635.0
2026-08-11 12:30:00+00:00,65.125,65.2750015258789,65.0,65.01499938964844,1052.0
2026-08-11 13:00:00+00:00,65.0199966430664,65.33999633789062,64.97000122070312,65.0999984741211,1707.0
2026-08-11 13:30:00+00:00,65.0999984741211,65.44999694824219,64.87999725341797,65.05000305175781,2545.0
2026-08-11 14:00:00+00:00,65.04499816894531,65.20500183105469,64.93499755859375,65.01000213623047,1527.0
2026-08-11 14:30:00+00:00,65.0199966430664,65.29000091552734,65.0,65.16500091552734,939.0
2026-08-11 15:00:00+00:00,65.19000244140625,65.31999969482422,64.90499877929688,65.0199966430664,1536.0
2026-08-11 15:30:00+00:00,65.0,65.125,64.5199966430664,65.125,2674.0
2026-08-11 16:00:00+00:00,65.11000061035156,65.27999877929688,65.0250015258789,65.20999908447266,1360.0
2026-08-11 16:30:00+00:00,65.19999694824219,65.24500274658203,65.03500366210938,65.08000183105469,1225.0
2026-08-11 17:00:00+00:00,65.0999984741211,65.13999938964844,64.86000061035156,64.93499755859375,3089.0
2026-08-11 17:30:00+00:00,64.92500305175781,65.01000213623047,64.70999908447266,64.7249984741211,1480.0
2026-08-11 18:00:00+00:00,64.72000122070312,64.7699966430664,64.56999969482422,64.63500213623047,916.0
2026-08-11 18:30:00+00:00,64.625,64.94000244140625,64.61499786376953,64.88500213623047,387.0
2026-08-11 19:00:00+00:00,64.88999938964844,64.91500091552734,64.67500305175781,64.8949966430664,380.0
2026-08-11 19:30:00+00:00,64.91000366210938,64.99500274658203,64.7699966430664,64.93000030517578,682.0
2026-08-11 20:00:00+00:00,64.94999694824219,64.94999694824219,64.80500030517578,64.86499786376953,284.0
2026-08-11 20:30:00+00:00,64.87999725341797,64.87999725341797,64.80500030517578,64.84500122070312,137.0
2026-08-11 21:00:00+00:00,64.86000061035156,64.86000061035156,64.86000061035156,64.86000061035156,1.0
2026-08-11 22:00:00+00:00,64.875,65.05000305175781,64.80999755859375,65.02999877929688,126.0
2026-08-11 22:30:00+00:00,65.04000091552734,65.06500244140625,64.91999816894531,64.93499755859375,113.0
2026-08-11 23:00:00+00:00,64.94000244140625,65.01000213623047,64.9000015258789,64.9749984741211,90.0
2026-08-11 23:30:00+00:00,64.98500061035156,64.98500061035156,64.87999725341797,64.94000244140625,63.0
2026-08-12 00:00:00+00:00,64.94000244140625,65.11499786376953,64.87999725341797,65.08499908447266,121.0
2026-08-12 00:30:00+00:00,65.12999725341797,65.19999694824219,64.95999908447266,65.06999969482422,221.0
2026-08-12 01:00:00+00:00,65.08000183105469,65.37000274658203,64.95500183105469,65.18000030517578,530.0
2026-08-12 01:30:00+00:00,65.18499755859375,65.31500244140625,65.01499938964844,65.30000305175781,301.0
2026-08-12 02:00:00+00:00,65.30500030517578,65.40499877929688,65.19499969482422,65.29499816894531,377.0
2026-08-12 02:30:00+00:00,65.33999633789062,65.7300033569336,65.19999694824219,65.5999984741211,1881.0
2026-08-12 03:00:00+00:00,65.625,65.95500183105469,65.61499786376953,65.69000244140625,1067.0
2026-08-12 03:30:00+00:00,65.68000030517578,65.69999694824219,65.55000305175781,65.55500030517578,306.0
2026-08-12 04:00:00+00:00,65.55500030517578,65.55500030517578,65.27999877929688,65.40499877929688,388.0
2026-08-12 04:30:00+00:00,65.40499877929688,65.56500244140625,65.3550033569336,65.5199966430664,174.0
2026-08-12 05:00:00+00:00,65.53500366210938,65.55999755859375,65.22000122070312,65.29000091552734,314.0
2026-08-12 05:30:00+00:00,65.27999877929688,65.51000213623047,65.12000274658203,65.4749984741211,884.0
2026-08-12 06:00:00+00:00,65.45500183105469,65.62000274658203,65.31500244140625,65.55500030517578,507.0
2026-08-12 06:30:00+00:00,65.56999969482422,66.21499633789062,65.54000091552734,66.12000274658203,1399.0
2026-08-12 07:00:00+00:00,66.13500213623047,66.29000091552734,66.0250015258789,66.16000366210938,850.0
2026-08-12 07:30:00+00:00,66.16500091552734,66.37999725341797,66.12000274658203,66.2300033569336,674.0
2026-08-12 08:00:00+00:00,66.26000213623047,66.4800033569336,66.25,66.4800033569336,707.0
2026-08-12 08:30:00+00:00,66.4800033569336,66.55000305175781,66.30500030517578,66.31500244140625,807.0
2026-08-12 09:00:00+00:00,66.31999969482422,66.9800033569336,66.31500244140625,66.67500305175781,1561.0
2026-08-12 09:30:00+00:00,66.67500305175781,66.71499633789062,66.5199966430664,66.61000061035156,769.0
2026-08-12 10:00:00+00:00,66.6050033569336,66.62000274658203,66.50499725341797,66.55500030517578,400.0
2026-08-12 10:30:00+00:00,66.54499816894531,66.55500030517578,66.2750015258789,66.44999694824219,695.0
2026-08-12 11:00:00+00:00,66.47000122070312,66.58000183105469,66.33999633789062,66.54499816894531,786.0
2026-08-12 11:30:00+00:00,66.54499816894531,66.55999755859375,66.44999694824219,66.51000213623047,357.0
2026-08-12 12:00:00+00:00,66.49500274658203,66.76000213623047,66.11000061035156,66.66000366210938,1325.0
2026-08-12 12:30:00+00:00,66.68000030517578,66.9000015258789,65.80000305175781,66.73999786376953,4164.0
2026-08-12 13:00:00+00:00,66.73500061035156,66.87999725341797,65.94999694824219,66.05000305175781,3152.0
2026-08-12 13:30:00+00:00,66.05999755859375,66.3949966430664,65.79000091552734,66.30999755859375,3911.0
2026-08-12 14:00:00+00:00,66.32499694824219,66.5250015258789,66.06500244140625,66.29499816894531,1831.0
2026-08-12 14:30:00+00:00,66.29000091552734,66.46499633789062,66.0,66.06500244140625,1935.0
2026-08-12 15:00:00+00:00,66.05500030517578,66.20999908447266,65.8499984741211,66.0,1506.0
2026-08-12 15:30:00+00:00,66.00499725341797,66.08999633789062,65.68000030517578,65.96499633789062,1744.0
2026-08-12 16:00:00+00:00,65.95500183105469,66.06500244140625,65.74500274658203,65.78500366210938,1857.0
2026-08-12 16:30:00+00:00,65.77999877929688,65.79000091552734,65.2699966430664,65.43499755859375,3428.0
2026-08-12 17:00:00+00:00,65.41000366210938,65.74500274658203,65.37000274658203,65.71499633789062,3839.0
2026-08-12 17:30:00+00:00,65.7249984741211,65.7750015258789,65.55500030517578,65.56500244140625,1215.0
2026-08-12 18:00:00+00:00,65.55500030517578,65.76499938964844,65.43499755859375,65.69999694824219,960.0
2026-08-12 18:30:00+00:00,65.69999694824219,65.83999633789062,65.66500091552734,65.69000244140625,430.0
2026-08-12 19:00:00+00:00,65.70500183105469,65.76499938964844,65.63500213623047,65.63500213623047,268.0
2026-08-12 19:30:00+00:00,65.63999938964844,65.63999938964844,65.45500183105469,65.55000305175781,661.0
2026-08-12 20:00:00+00:00,65.54499816894531,65.57499694824219,65.40499877929688,65.44499969482422,167.0
2026-08-12 20:30:00+00:00,65.44499969482422,65.52999877929688,65.41999816894531,65.52999877929688,189.0
2026-08-12 21:00:00+00:00,65.52999877929688,65.52999877929688,65.52999877929688,65.52999877929688,1.0
2026-08-12 22:00:00+00:00,65.45500183105469,65.56999969482422,65.23999786376953,65.26499938964844,280.0
2026-08-12 22:30:00+00:00,65.26499938964844,65.33999633789062,65.22000122070312,65.25,160.0
2026-08-12 23:00:00+00:00,65.23999786376953,65.42500305175781,65.23999786376953,65.3949966430664,208.0
2026-08-12 23:30:00+00:00,65.41000366210938,65.45999908447266,65.37000274658203,65.45999908447266,132.0
2026-08-13 00:00:00+00:00,65.4749984741211,66.29000091552734,65.42500305175781,66.05999755859375,1487.0
2026-08-13 00:30:00+00:00,66.08499908447266,66.44999694824219,65.8949966430664,65.94499969482422,1343.0
2026-08-13 01:00:00+00:00,65.98500061035156,66.20999908447266,65.73999786376953,65.79000091552734,1167.0
2026-08-13 01:30:00+00:00,65.79000091552734,66.08999633789062,65.44999694824219,65.58499908447266,1278.0
2026-08-13 02:00:00+00:00,65.58499908447266,65.79499816894531,65.54000091552734,65.69499969482422,460.0
2026-08-13 02:30:00+00:00,65.68499755859375,65.68499755859375,65.08000183105469,65.57499694824219,1577.0
2026-08-13 03:00:00+00:00,65.56999969482422,65.76000213623047,65.45999908447266,65.59500122070312,254.0
2026-08-13 03:30:00+00:00,65.625,65.68000030517578,65.44499969482422,65.4749984741211,110.0
2026-08-13 04:00:00+00:00,65.48500061035156,65.51000213623047,65.24500274658203,65.45500183105469,456.0
2026-08-13 04:30:00+00:00,65.45999908447266,65.55999755859375,65.43000030517578,65.54499816894531,190.0
2026-08-13 05:00:00+00:00,65.54499816894531,65.81999969482422,65.45999908447266,65.80000305175781,382.0
2026-08-13 05:30:00+00:00,65.80500030517578,65.81999969482422,65.03500366210938,65.18000030517578,1734.0
2026-08-13 06:00:00+00:00,65.17500305175781,65.30000305175781,64.96499633789062,65.06999969482422,1086.0
2026-08-13 06:30:00+00:00,65.08000183105469,65.125,64.78500366210938,64.9749984741211,1167.0
2026-08-13 07:00:00+00:00,64.97000122070312,64.99500274658203,64.77999877929688,64.8499984741211,676.0
2026-08-13 07:30:00+00:00,64.80500030517578,64.94999694824219,64.625,64.7300033569336,872.0
2026-08-13 08:00:00+00:00,64.7249984741211,64.77999877929688,64.31500244140625,64.68499755859375,1172.0
2026-08-13 08:30:00+00:00,64.67500305175781,64.76000213623047,64.55000305175781,64.6050033569336,509.0
2026-08-13 09:00:00+00:00,64.63500213623047,64.79499816894531,64.46499633789062,64.7249984741211,537.0
2026-08-13 09:30:00+00:00,64.7249984741211,64.86000061035156,64.72000122070312,64.81999969482422,400.0
2026-08-13 10:00:00+00:00,64.81999969482422,65.05999755859375,64.80500030517578,65.05000305175781,551.0
2026-08-13 10:30:00+00:00,65.06500244140625,65.21499633789062,65.00499725341797,65.1500015258789,526.0
2026-08-13 11:00:00+00:00,65.13999938964844,65.21499633789062,65.05999755859375,65.05999755859375,824.0
2026-08-13 11:30:00+00:00,65.06500244140625,65.2300033569336,65.0250015258789,65.2300033569336,808.0
2026-08-13 12:00:00+00:00,65.2249984741211,65.32499694824219,64.99500274658203,65.19999694824219,1015.0
2026-08-13 12:30:00+00:00,65.16500091552734,65.55999755859375,64.96499633789062,65.55999755859375,1795.0
2026-08-13 13:00:00+00:00,65.55000305175781,65.59500122070312,65.23500061035156,65.31500244140625,1883.0
2026-08-13 13:30:00+00:00,65.28500366210938,65.3499984741211,64.86000061035156,64.95500183105469,2312.0
2026-08-13 14:00:00+00:00,64.96499633789062,65.07499694824219,64.69499969482422,64.7699966430664,3323.0
2026-08-13 14:30:00+00:00,64.74500274658203,65.27999877929688,64.56999969482422,65.16000366210938,1990.0
2026-08-13 15:00:00+00:00,65.17500305175781,65.23500061035156,64.70999908447266,64.71499633789062,1722.0
2026-08-13 15:30:00+00:00,64.69999694824219,64.97000122070312,64.55000305175781,64.83000183105469,1402.0
2026-08-13 16:00:00+00:00,64.81999969482422,64.87999725341797,64.5999984741211,64.82499694824219,1597.0
2026-08-13 16:30:00+00:00,64.83000183105469,65.00499725341797,64.83000183105469,64.94999694824219,1800.0
2026-08-13 17:00:00+00:00,64.95500183105469,65.1449966430664,64.88500213623047,64.91500091552734,3721.0
2026-08-13 17:30:00+00:00,64.91999816894531,64.94999694824219,64.83000183105469,64.83000183105469,978.0
2026-08-13 18:00:00+00:00,64.83499908447266,65.01000213623047,64.80999755859375,64.83999633789062,395.0
2026-08-13 18:30:00+00:00,64.82499694824219,64.95500183105469,64.68000030517578,64.73999786376953,402.0
2026-08-13 19:00:00+00:00,64.73500061035156,64.7750015258789,64.37999725341797,64.56500244140625,914.0
2026-08-13 19:30:00+00:00,64.56500244140625,64.63999938964844,64.45999908447266,64.54000091552734,541.0
2026-08-13 20:00:00+00:00,64.54499816894531,64.6449966430664,64.4749984741211,64.5999984741211,198.0
2026-08-13 20:30:00+00:00,64.61000061035156,64.63500213623047,64.54499816894531,64.58499908447266,200.0
2026-08-13 22:00:00+00:00,64.62999725341797,64.6500015258789,64.51499938964844,64.62999725341797,120.0
2026-08-13 22:30:00+00:00,64.625,64.71499633789062,64.61000061035156,64.63500213623047,147.0
2026-08-13 23:00:00+00:00,64.6500015258789,64.79000091552734,64.55999755859375,64.77999877929688,186.0
2026-08-13 23:30:00+00:00,64.80999755859375,64.82499694824219,64.71499633789062,64.71499633789062,132.0
2026-08-14 00:00:00+00:00,64.70500183105469,64.87999725341797,64.4800033569336,64.5,321.0
2026-08-14 00:30:00+00:00,64.5,64.56999969482422,63.845001220703125,64.3550033569336,1209.0
2026-08-14 01:00:00+00:00,64.33499908447266,64.33499908447266,63.880001068115234,64.15499877929688,1310.0
2026-08-14 01:30:00+00:00,64.1449966430664,64.20999908447266,63.91999816894531,63.970001220703125,404.0
2026-08-14 02:00:00+00:00,63.970001220703125,64.11499786376953,63.8650016784668,63.8849983215332,682.0
2026-08-14 02:30:00+00:00,63.8849983215332,64.26499938964844,63.845001220703125,63.95000076293945,734.0
2026-08-14 03:00:00+00:00,63.94499969482422,64.2750015258789,63.915000915527344,64.2750015258789,477.0
2026-08-14 03:30:00+00:00,64.2750015258789,64.3550033569336,64.13500213623047,64.18000030517578,194.0
2026-08-14 04:00:00+00:00,64.13500213623047,64.18000030517578,64.08000183105469,64.12999725341797,113.0
2026-08-14 04:30:00+00:00,64.125,64.1449966430664,64.05000305175781,64.1449966430664,90.0
2026-08-14 05:00:00+00:00,64.13999938964844,64.13999938964844,63.89500045776367,63.959999084472656,348.0
2026-08-14 05:30:00+00:00,63.939998626708984,64.44499969482422,63.64500045776367,64.41000366210938,1538.0
2026-08-14 06:00:00+00:00,64.41999816894531,64.56500244140625,64.27999877929688,64.3949966430664,822.0
2026-08-14 06:30:00+00:00,64.3949966430664,64.55000305175781,64.3550033569336,64.5250015258789,372.0
2026-08-14 07:00:00+00:00,64.52999877929688,64.56500244140625,64.40499877929688,64.40499877929688,341.0
2026-08-14 07:30:00+00:00,64.41500091552734,64.86499786376953,64.4000015258789,64.7699966430664,608.0
2026-08-14 08:00:00+00:00,64.76000213623047,64.86499786376953,64.66999816894531,64.70999908447266,748.0
2026-08-14 08:30:00+00:00,64.73500061035156,64.90499877929688,64.66000366210938,64.87999725341797,491.0
2026-08-14 09:00:00+00:00,64.86499786376953,64.96499633789062,64.81500244140625,64.8550033569336,431.0
2026-08-14 09:30:00+00:00,64.87999725341797,65.07499694824219,64.80000305175781,65.05500030517578,477.0
2026-08-14 10:00:00+00:00,65.05000305175781,65.07499694824219,64.86000061035156,64.87000274658203,383.0
2026-08-14 10:30:00+00:00,64.88999938964844,64.88999938964844,64.7699966430664,64.81999969482422,281.0
2026-08-14 11:00:00+00:00,64.83000183105469,65.0250015258789,64.76499938964844,64.91999816894531,578.0
2026-08-14 11:30:00+00:00,64.91999816894531,65.19000244140625,64.8949966430664,65.16999816894531,866.0
2026-08-14 12:00:00+00:00,65.16000366210938,65.2249984741211,64.94999694824219,65.22000122070312,961.0
2026-08-14 12:30:00+00:00,65.2249984741211,65.29000091552734,65.05500030517578,65.24500274658203,994.0
2026-08-14 13:00:00+00:00,65.25,65.42500305175781,65.09500122070312,65.27999877929688,1204.0
2026-08-14 13:30:00+00:00,65.30000305175781,65.6449966430664,65.2699966430664,65.55000305175781,2207.0
2026-08-14 14:00:00+00:00,65.54499816894531,65.88500213623047,65.54000091552734,65.7249984741211,2016.0
2026-08-14 14:30:00+00:00,65.7300033569336,65.75499725341797,65.32499694824219,65.4000015258789,1458.0
2026-08-14 15:00:00+00:00,65.375,65.55000305175781,65.16500091552734,65.25499725341797,1341.0
2026-08-14 15:30:00+00:00,65.25,65.36499786376953,65.16999816894531,65.20500183105469,876.0
2026-08-14 16:00:00+00:00,65.21499633789062,65.29499816894531,65.05500030517578,65.0999984741211,1294.0
2026-08-14 16:30:00+00:00,65.09500122070312,65.1500015258789,64.9000015258789,65.12999725341797,1079.0
2026-08-14 17:00:00+00:00,65.12999725341797,65.16500091552734,64.99500274658203,65.05999755859375,1338.0
2026-08-14 17:30:00+00:00,65.05999755859375,65.11499786376953,64.88500213623047,64.98500061035156,642.0
2026-08-14 18:00:00+00:00,64.96499633789062,65.04000091552734,64.90499877929688,64.95999908447266,478.0
2026-08-14 18:30:00+00:00,64.95500183105469,65.01499938964844,64.8499984741211,64.9000015258789,454.0
2026-08-14 19:00:00+00:00,64.91000366210938,64.9800033569336,64.81999969482422,64.94000244140625,242.0
2026-08-14 19:30:00+00:00,64.94000244140625,64.97000122070312,64.8550033569336,64.87999725341797,382.0
2026-08-14 20:00:00+00:00,64.875,64.87999725341797,64.78500366210938,64.80999755859375,293.0
2026-08-14 20:30:00+00:00,64.80999755859375,65.10800170898438,64.78500366210938,65.10800170898438,172.0
2026-08-16 22:00:00+00:00,64.92500305175781,65.05500030517578,64.9000015258789,65.04499816894531,115.0
2026-08-16 22:30:00+00:00,65.05999755859375,65.38999938964844,65.04499816894531,65.37999725341797,609.0
2026-08-16 23:00:00+00:00,65.36499786376953,65.37999725341797,65.13999938964844,65.16999816894531,286.0
2026-08-16 23:30:00+00:00,65.18000030517578,65.18499755859375,64.91000366210938,64.96499633789062,427.0
2026-08-17 00:00:00+00:00,64.98999786376953,65.38999938964844,64.96499633789062,65.34500122070312,268.0
2026-08-17 00:30:00+00:00,65.32499694824219,65.66999816894531,65.31500244140625,65.66999816894531,723.0
2026-08-17 01:00:00+00:00,65.65499877929688,66.3949966430664,65.61000061035156,66.05500030517578,2168.0
2026-08-17 01:30:00+00:00,66.05500030517578,66.06500244140625,65.79000091552734,65.84500122070312,635.0
2026-08-17 02:00:00+00:00,65.875,65.99500274658203,65.82499694824219,65.8949966430664,298.0
2026-08-17 02:30:00+00:00,65.90499877929688,66.0199966430664,65.61499786376953,65.80000305175781,510.0
2026-08-17 03:00:00+00:00,65.80000305175781,65.87000274658203,65.62999725341797,65.69999694824219,211.0
2026-08-17 03:30:00+00:00,65.75499725341797,65.80500030517578,65.62999725341797,65.69499969482422,225.0
2026-08-17 04:00:00+00:00,65.7249984741211,65.74500274658203,65.55000305175781,65.59500122070312,269.0
2026-08-17 04:30:00+00:00,65.56999969482422,65.79000091552734,65.55999755859375,65.59500122070312,231.0
2026-08-17 05:00:00+00:00,65.5999984741211,65.92500305175781,65.5999984741211,65.92500305175781,301.0
2026-08-17 05:30:00+00:00,65.91999816894531,66.02999877929688,65.8550033569336,65.93000030517578,454.0
2026-08-17 06:00:00+00:00,65.94000244140625,66.12000274658203,65.82499694824219,66.0,651.0
2026-08-17 06:30:00+00:00,65.96499633789062,66.12000274658203,65.83000183105469,66.05999755859375,635.0
2026-08-17 07:00:00+00:00,66.06500244140625,66.06999969482422,65.75,65.95500183105469,641.0
2026-08-17 07:30:00+00:00,65.95500183105469,66.125,65.8499984741211,65.86000061035156,629.0
2026-08-17 08:00:00+00:00,65.83000183105469,65.83000183105469,65.6449966430664,65.7249984741211,415.0
2026-08-17 08:30:00+00:00,65.70999908447266,65.7750015258789,65.58499908447266,65.62000274658203,434.0
2026-08-17 09:00:00+00:00,65.6500015258789,65.73500061035156,65.58999633789062,65.63999938964844,311.0
2026-08-17 09:30:00+00:00,65.63999938964844,65.70999908447266,65.59500122070312,65.625,241.0
2026-08-17 10:00:00+00:00,65.625,65.9749984741211,65.55999755859375,65.96499633789062,808.0
2026-08-17 10:30:00+00:00,65.94499969482422,65.9800033569336,65.69499969482422,65.7300033569336,479.0
2026-08-17 11:00:00+00:00,65.73500061035156,65.93000030517578,65.69499969482422,65.9000015258789,562.0
2026-08-17 11:30:00+00:00,65.90499877929688,65.9800033569336,65.79000091552734,65.80999755859375,422.0
2026-08-17 12:00:00+00:00,65.80000305175781,65.88999938964844,65.51000213623047,65.62999725341797,1000.0
2026-08-17 12:30:00+00:00,65.63500213623047,65.75,65.29499816894531,65.38500213623047,1758.0
2026-08-17 13:00:00+00:00,65.4000015258789,65.58999633789062,65.2249984741211,65.44499969482422,1774.0
2026-08-17 13:30:00+00:00,65.45500183105469,65.90499877929688,65.38500213623047,65.81999969482422,1618.0
2026-08-17 14:00:00+00:00,65.83499908447266,66.45999908447266,65.7699966430664,66.12999725341797,3294.0
2026-08-17 14:30:00+00:00,66.11499786376953,66.55999755859375,66.11499786376953,66.38500213623047,2504.0
2026-08-17 15:00:00+00:00,66.4000015258789,66.73500061035156,66.28500366210938,66.72000122070312,2011.0
2026-08-17 15:30:00+00:00,66.71499633789062,66.73500061035156,66.42500305175781,66.61000061035156,1276.0
2026-08-17 16:00:00+00:00,66.62000274658203,66.63999938964844,66.44999694824219,66.4749984741211,1543.0
2026-08-17 16:30:00+00:00,66.48999786376953,66.58499908447266,66.43499755859375,66.54000091552734,1317.0
2026-08-17 17:00:00+00:00,66.54499816894531,66.58999633789062,66.13500213623047,66.17500305175781,2637.0
2026-08-17 17:30:00+00:00,66.16500091552734,66.28500366210938,66.04000091552734,66.08000183105469,1496.0
2026-08-17 18:00:00+00:00,66.08499908447266,66.16500091552734,65.94000244140625,66.04000091552734,1185.0
2026-08-17 18:30:00+00:00,66.01000213623047,66.01000213623047,65.8499984741211,65.95500183105469,585.0
2026-08-17 19:00:00+00:00,65.94999694824219,66.12000274658203,65.81500244140625,66.06999969482422,662.0
2026-08-17 19:30:00+00:00,66.07499694824219,66.125,65.97000122070312,66.05500030517578,416.0
2026-08-17 20:00:00+00:00,66.04499816894531,66.07499694824219,65.90499877929688,65.91500091552734,406.0
2026-08-17 20:30:00+00:00,65.91999816894531,65.94499969482422,65.87000274658203,65.90499877929688,248.0
2026-08-17 22:00:00+00:00,65.8949966430664,65.9800033569336,65.76000213623047,65.81500244140625,259.0
2026-08-17 22:30:00+00:00,65.81500244140625,65.9000015258789,65.77999877929688,65.80000305175781,104.0
2026-08-17 23:00:00+00:00,65.77999877929688,66.01499938964844,65.76499938964844,65.97000122070312,210.0
2026-08-17 23:30:00+00:00,65.95500183105469,66.08999633789062,65.95500183105469,66.08499908447266,282.0
2026-08-18 00:00:00+00:00,66.09500122070312,66.56500244140625,65.98500061035156,66.5,558.0
2026-08-18 00:30:00+00:00,66.51000213623047,66.59500122070312,66.3550033569336,66.54499816894531,506.0
2026-08-18 01:00:00+00:00,66.55500030517578,66.68499755859375,66.3550033569336,66.55999755859375,1025.0
2026-08-18 01:30:00+00:00,66.56500244140625,66.56500244140625,65.55500030517578,65.76499938964844,1526.0
2026-08-18 02:00:00+00:00,65.75,65.75,65.46499633789062,65.56999969482422,647.0
2026-08-18 02:30:00+00:00,65.55500030517578,65.56500244140625,65.2750015258789,65.4749984741211,979.0
2026-08-18 03:00:00+00:00,65.4800033569336,65.6050033569336,65.29000091552734,65.37999725341797,736.0
2026-08-18 03:30:00+00:00,65.375,65.41000366210938,65.27999877929688,65.30500030517578,491.0
2026-08-18 04:00:00+00:00,65.30000305175781,65.3499984741211,65.20999908447266,65.27999877929688,475.0
2026-08-18 04:30:00+00:00,65.30500030517578,65.34500122070312,65.19499969482422,65.2699966430664,312.0
2026-08-18 05:00:00+00:00,65.25499725341797,65.30999755859375,65.13999938964844,65.13999938964844,432.0
2026-08-18 05:30:00+00:00,65.13999938964844,65.36000061035156,64.84500122070312,65.29000091552734,1633.0
2026-08-18 06:00:00+00:00,65.26000213623047,65.52999877929688,65.05500030517578,65.48500061035156,1171.0
2026-08-18 06:30:00+00:00,65.4800033569336,65.48500061035156,65.30999755859375,65.37000274658203,556.0
2026-08-18 07:00:00+00:00,65.37000274658203,65.40499877929688,65.2750015258789,65.38999938964844,500.0
2026-08-18 07:30:00+00:00,65.4000015258789,65.4000015258789,65.11000061035156,65.11000061035156,510.0
2026-08-18 08:00:00+00:00,65.11499786376953,65.12999725341797,64.94000244140625,65.04000091552734,636.0
2026-08-18 08:30:00+00:00,65.05500030517578,65.20999908447266,65.00499725341797,65.09500122070312,452.0
2026-08-18 09:00:00+00:00,65.0999984741211,65.1449966430664,64.98500061035156,65.05000305175781,398.0
2026-08-18 09:30:00+00:00,65.05500030517578,65.20500183105469,64.99500274658203,65.19499969482422,192.0
2026-08-18 10:00:00+00:00,65.18499755859375,65.23999786376953,65.05999755859375,65.11499786376953,437.0
2026-08-18 10:30:00+00:00,65.12999725341797,65.2699966430664,65.12999725341797,65.23500061035156,267.0
2026-08-18 11:00:00+00:00,65.23999786376953,65.2750015258789,65.06999969482422,65.06999969482422,699.0
2026-08-18 11:30:00+00:00,65.07499694824219,65.2750015258789,65.0250015258789,65.26499938964844,532.0
2026-08-18 12:00:00+00:00,65.26000213623047,65.3550033569336,65.05000305175781,65.2750015258789,1106.0
2026-08-18 12:30:00+00:00,65.26499938964844,65.33000183105469,65.15499877929688,65.23999786376953,639.0
2026-08-18 13:00:00+00:00,65.2300033569336,65.34500122070312,64.94499969482422,64.97000122070312,2201.0
2026-08-18 13:30:00+00:00,64.9749984741211,65.41500091552734,64.62999725341797,65.0,3670.0
2026-08-18 14:00:00+00:00,64.98999786376953,65.09500122070312,64.62999725341797,64.83499908447266,2482.0
2026-08-18 14:30:00+00:00,64.82499694824219,64.87000274658203,64.22000122070312,64.2699966430664,3641.0
2026-08-18 15:00:00+00:00,64.2699966430664,64.44000244140625,63.599998474121094,63.755001068115234,5348.0
2026-08-18 15:30:00+00:00,63.75,64.11000061035156,63.665000915527344,64.08000183105469,2120.0
2026-08-18 16:00:00+00:00,64.08000183105469,64.2249984741211,63.95000076293945,63.96500015258789,1515.0
2026-08-18 16:30:00+00:00,63.97999954223633,64.08999633789062,63.92499923706055,63.974998474121094,1000.0
2026-08-18 17:00:00+00:00,63.959999084472656,64.1050033569336,63.939998626708984,64.06500244140625,2510.0
2026-08-18 17:30:00+00:00,64.06500244140625,64.08999633789062,63.88999938964844,63.939998626708984,918.0
2026-08-18 18:00:00+00:00,63.92499923706055,63.970001220703125,63.79999923706055,63.915000915527344,797.0
2026-08-18 18:30:00+00:00,63.93000030517578,63.98500061035156,63.849998474121094,63.8650016784668,296.0
2026-08-18 19:00:00+00:00,63.875,63.959999084472656,63.83000183105469,63.93000030517578,348.0
2026-08-18 19:30:00+00:00,63.904998779296875,63.95500183105469,63.42499923706055,63.66999816894531,1553.0
2026-08-18 20:00:00+00:00,63.65999984741211,63.689998626708984,63.435001373291016,63.57500076293945,701.0
2026-08-18 20:30:00+00:00,63.584999084472656,63.60499954223633,63.27000045776367,63.41999816894531,956.0
2026-08-18 22:00:00+00:00,63.42499923706055,63.52000045776367,63.29499816894531,63.375,440.0
2026-08-18 22:30:00+00:00,63.345001220703125,63.345001220703125,63.22999954223633,63.26499938964844,231.0
2026-08-18 23:00:00+00:00,63.275001525878906,63.36000061035156,62.94499969482422,62.95000076293945,1509.0
2026-08-18 23:30:00+00:00,62.96500015258789,63.060001373291016,62.834999084472656,63.04499816894531,967.0
2026-08-19 00:00:00+00:00,63.04999923706055,63.2400016784668,62.95000076293945,63.11000061035156,797.0
2026-08-19 00:30:00+00:00,63.125,63.25,62.994998931884766,63.04499816894531,924.0
2026-08-19 01:00:00+00:00,63.03499984741211,63.189998626708984,62.45000076293945,63.040000915527344,2721.0
2026-08-19 01:30:00+00:00,63.064998626708984,63.43000030517578,63.029998779296875,63.27000045776367,1322.0
2026-08-19 02:00:00+00:00,63.279998779296875,63.349998474121094,63.10499954223633,63.2400016784668,523.0
2026-08-19 02:30:00+00:00,63.255001068115234,63.29999923706055,63.029998779296875,63.1349983215332,543.0
2026-08-19 03:00:00+00:00,63.13999938964844,63.209999084472656,62.95500183105469,63.150001525878906,352.0
2026-08-19 03:30:00+00:00,63.154998779296875,63.27000045776367,63.1150016784668,63.1349983215332,275.0
2026-08-19 04:00:00+00:00,63.130001068115234,63.154998779296875,62.86000061035156,62.8849983215332,404.0
2026-08-19 04:30:00+00:00,62.900001525878906,62.95000076293945,62.81999969482422,62.93000030517578,287.0
2026-08-19 05:00:00+00:00,62.95500183105469,62.96500015258789,62.63999938964844,62.939998626708984,458.0
2026-08-19 05:30:00+00:00,62.95000076293945,62.95000076293945,62.70000076293945,62.744998931884766,853.0
2026-08-19 06:00:00+00:00,62.7599983215332,63.10499954223633,62.70000076293945,62.959999084472656,1112.0
2026-08-19 06:30:00+00:00,62.959999084472656,63.20500183105469,62.81999969482422,63.20000076293945,1207.0
2026-08-19 07:00:00+00:00,63.20500183105469,63.29999923706055,63.150001525878906,63.26499938964844,897.0
2026-08-19 07:30:00+00:00,63.28499984741211,63.3650016784668,63.099998474121094,63.154998779296875,709.0
2026-08-19 08:00:00+00:00,63.1349983215332,63.34000015258789,63.11000061035156,63.29999923706055,592.0
2026-08-19 08:30:00+00:00,63.28499984741211,63.3650016784668,63.13999938964844,63.14500045776367,536.0
2026-08-19 09:00:00+00:00,63.13999938964844,63.22999954223633,63.099998474121094,63.19499969482422,462.0
2026-08-19 09:30:00+00:00,63.19499969482422,63.31999969482422,63.15999984741211,63.31999969482422,395.0
2026-08-19 10:00:00+00:00,63.31999969482422,63.45000076293945,63.220001220703125,63.439998626708984,487.0
2026-08-19 10:30:00+00:00,63.435001373291016,63.474998474121094,63.35499954223633,63.42499923706055,409.0
2026-08-19 11:00:00+00:00,63.43000030517578,63.69499969482422,63.35499954223633,63.63999938964844,1165.0
2026-08-19 11:30:00+00:00,63.63999938964844,63.7400016784668,63.494998931884766,63.619998931884766,827.0
2026-08-19 12:00:00+00:00,63.625,63.98500061035156,63.57500076293945,63.849998474121094,1203.0
2026-08-19 12:30:00+00:00,63.84000015258789,65.2300033569336,63.79499816894531,65.0,8498.0
2026-08-19 13:00:00+00:00,64.98500061035156,65.30999755859375,64.59500122070312,65.26000213623047,5686.0
2026-08-19 13:30:00+00:00,65.2699966430664,65.55500030517578,64.91500091552734,65.18000030517578,5099.0
2026-08-19 14:00:00+00:00,65.18499755859375,65.6500015258789,65.0999984741211,65.58999633789062,4003.0
2026-08-19 14:30:00+00:00,65.58000183105469,66.0250015258789,65.51000213623047,65.70999908447266,4007.0
2026-08-19 15:00:00+00:00,65.70999908447266,65.79000091552734,65.51499938964844,65.5999984741211,2248.0
2026-08-19 15:30:00+00:00,65.6050033569336,66.0199966430664,65.58000183105469,65.9749984741211,1949.0
2026-08-19 16:00:00+00:00,65.98999786376953,66.16000366210938,65.92500305175781,65.95500183105469,2356.0
2026-08-19 16:30:00+00:00,65.95500183105469,66.04000091552734,65.8949966430664,65.9000015258789,1472.0
2026-08-19 17:00:00+00:00,65.9000015258789,66.03500366210938,65.70999908447266,65.77999877929688,3678.0
2026-08-19 17:30:00+00:00,65.78500366210938,65.91000366210938,65.7300033569336,65.80999755859375,795.0
2026-08-19 18:00:00+00:00,65.80500030517578,66.05999755859375,65.59500122070312,65.6449966430664,1516.0
2026-08-19 18:30:00+00:00,65.6500015258789,66.18000030517578,65.61000061035156,66.16999816894531,1308.0
2026-08-19 19:00:00+00:00,66.18000030517578,66.54000091552734,66.16500091552734,66.48999786376953,1553.0
2026-08-19 19:30:00+00:00,66.50499725341797,66.54499816894531,66.3550033569336,66.50499725341797,921.0
2026-08-19 20:00:00+00:00,66.51000213623047,66.7300033569336,66.41999816894531,66.66000366210938,716.0
2026-08-19 20:30:00+00:00,66.65499877929688,67.28500366210938,66.65499877929688,67.12999725341797,1855.0
2026-08-19 22:00:00+00:00,67.08000183105469,67.36000061035156,66.93499755859375,67.11499786376953,429.0
2026-08-19 22:30:00+00:00,67.0999984741211,67.0999984741211,66.94000244140625,67.03500366210938,323.0
2026-08-19 23:00:00+00:00,66.98500061035156,67.20500183105469,66.98500061035156,67.1449966430664,317.0
2026-08-19 23:30:00+00:00,67.13500213623047,67.23999786376953,67.05999755859375,67.0999984741211,550.0
2026-08-20 00:00:00+00:00,67.07499694824219,67.41999816894531,67.04000091552734,67.13999938964844,681.0
2026-08-20 00:30:00+00:00,67.11499786376953,67.20999908447266,66.80000305175781,66.86499786376953,704.0
2026-08-20 01:00:00+00:00,66.8949966430664,67.01499938964844,66.50499725341797,66.91999816894531,2521.0
2026-08-20 01:30:00+00:00,66.94499969482422,67.05500030517578,66.72000122070312,66.86000061035156,1006.0
2026-08-20 02:00:00+00:00,66.86000061035156,67.46499633789062,66.86000061035156,67.11499786376953,2183.0
2026-08-20 02:30:00+00:00,67.12000274658203,67.30999755859375,67.06500244140625,67.16999816894531,472.0
2026-08-20 03:00:00+00:00,67.19000244140625,67.33499908447266,67.0999984741211,67.26000213623047,296.0
2026-08-20 03:30:00+00:00,67.23500061035156,67.37999725341797,67.13999938964844,67.27999877929688,419.0
2026-08-20 04:00:00+00:00,67.30000305175781,67.31500244140625,67.125,67.13500213623047,347.0
2026-08-20 04:30:00+00:00,67.12999725341797,67.29499816894531,66.98500061035156,67.19000244140625,744.0
2026-08-20 05:00:00+00:00,67.20500183105469,67.41999816894531,67.0,67.00499725341797,608.0
2026-08-20 05:30:00+00:00,66.98999786376953,67.12999725341797,66.74500274658203,66.92500305175781,1118.0
2026-08-20 06:00:00+00:00,66.91999816894531,67.27999877929688,66.83999633789062,67.16999816894531,928.0
2026-08-20 06:30:00+00:00,67.1449966430664,67.26000213623047,67.05999755859375,67.1449966430664,572.0
2026-08-20 07:00:00+00:00,67.13999938964844,67.15499877929688,66.66000366210938,66.66000366210938,1150.0
2026-08-20 07:30:00+00:00,66.66500091552734,66.8499984741211,66.58499908447266,66.70999908447266,837.0
2026-08-20 08:00:00+00:00,66.71499633789062,66.98999786376953,66.70999908447266,66.80500030517578,714.0
2026-08-20 08:30:00+00:00,66.80500030517578,66.8949966430664,66.66500091552734,66.79499816894531,591.0
2026-08-20 09:00:00+00:00,66.80000305175781,66.90499877929688,66.7300033569336,66.82499694824219,314.0
2026-08-20 09:30:00+00:00,66.80000305175781,66.88999938964844,66.7300033569336,66.79499816894531,174.0
2026-08-20 10:00:00+00:00,66.80500030517578,67.09500122070312,66.74500274658203,67.05500030517578,716.0
2026-08-20 10:30:00+00:00,67.05500030517578,67.08499908447266,66.91000366210938,66.99500274658203,321.0
2026-08-20 11:00:00+00:00,67.0,67.01499938964844,66.72000122070312,66.81500244140625,1286.0
2026-08-20 11:30:00+00:00,66.80999755859375,66.87000274658203,66.26000213623047,66.26499938964844,1603.0
2026-08-20 12:00:00+00:00,66.29000091552734,66.30999755859375,65.75499725341797,66.23999786376953,3521.0
2026-08-20 12:30:00+00:00,66.20999908447266,66.73500061035156,66.01000213623047,66.63999938964844,2950.0
2026-08-20 13:00:00+00:00,66.66500091552734,66.92500305175781,66.6050033569336,66.83999633789062,2470.0
2026-08-20 13:30:00+00:00,66.83499908447266,67.62999725341797,66.83499908447266,67.2750015258789,4419.0
2026-08-20 14:00:00+00:00,67.27999877929688,67.66500091552734,67.19999694824219,67.56500244140625,3458.0
2026-08-20 14:30:00+00:00,67.58499908447266,68.48999786376953,67.56500244140625,68.45999908447266,5585.0
2026-08-20 15:00:00+00:00,68.46499633789062,69.04499816894531,68.3949966430664,68.80500030517578,8430.0
2026-08-20 15:30:00+00:00,68.80999755859375,68.83000183105469,68.20999908447266,68.37999725341797,3751.0
2026-08-20 16:00:00+00:00,68.38999938964844,68.5,67.98999786376953,68.09500122070312,2267.0
2026-08-20 16:30:00+00:00,68.08000183105469,68.34500122070312,67.9800033569336,68.27999877929688,1825.0
2026-08-20 17:00:00+00:00,68.29499816894531,68.375,68.05500030517578,68.17500305175781,2776.0
2026-08-20 17:30:00+00:00,68.17500305175781,68.31500244140625,68.13999938964844,68.23999786376953,691.0
2026-08-20 18:00:00+00:00,68.25,68.2699966430664,67.82499694824219,68.0999984741211,1342.0
2026-08-20 18:30:00+00:00,68.08000183105469,68.12999725341797,67.9800033569336,67.99500274658203,477.0
2026-08-20 19:00:00+00:00,67.9800033569336,68.33499908447266,67.93000030517578,68.16999816894531,691.0
2026-08-20 19:30:00+00:00,68.15499877929688,68.44000244140625,68.12999725341797,68.33999633789062,838.0
2026-08-20 20:00:00+00:00,68.31999969482422,68.36499786376953,68.13999938964844,68.15499877929688,560.0
2026-08-20 20:30:00+00:00,68.16000366210938,68.2249984741211,68.11499786376953,68.12999725341797,317.0
2026-08-20 22:00:00+00:00,68.29000091552734,68.3550033569336,68.13999938964844,68.18499755859375,160.0
2026-08-20 22:30:00+00:00,68.16999816894531,68.32499694824219,68.16500091552734,68.31500244140625,120.0
2026-08-20 23:00:00+00:00,68.28500366210938,68.44999694824219,68.28500366210938,68.34500122070312,514.0
2026-08-20 23:30:00+00:00,68.375,68.3949966430664,68.23999786376953,68.27999877929688,214.0
2026-08-21 00:00:00+00:00,68.25499725341797,68.30000305175781,68.04499816894531,68.06999969482422,462.0
2026-08-21 00:30:00+00:00,68.0999984741211,68.16999816894531,67.98999786376953,68.01499938964844,532.0
2026-08-21 01:00:00+00:00,68.04000091552734,68.71499633789062,67.95999908447266,68.59500122070312,1534.0
2026-08-21 01:30:00+00:00,68.55500030517578,68.7699966430664,68.36499786376953,68.61000061035156,754.0
2026-08-21 02:00:00+00:00,68.61000061035156,68.75,68.40499877929688,68.68000030517578,611.0
2026-08-21 02:30:00+00:00,68.69499969482422,69.0999984741211,68.56500244140625,68.79499816894531,1330.0
2026-08-21 03:00:00+00:00,68.79000091552734,69.04499816894531,68.7699966430664,68.80000305175781,570.0
2026-08-21 03:30:00+00:00,68.80000305175781,68.95999908447266,68.77999877929688,68.94000244140625,298.0
2026-08-21 04:00:00+00:00,68.94499969482422,69.23500061035156,68.94499969482422,69.21499633789062,616.0
2026-08-21 04:30:00+00:00,69.21499633789062,69.21499633789062,69.01000213623047,69.0250015258789,173.0
2026-08-21 05:00:00+00:00,69.03500366210938,69.04000091552734,68.81500244140625,68.84500122070312,336.0
2026-08-21 05:30:00+00:00,68.83499908447266,69.25,68.7750015258789,69.2249984741211,923.0
2026-08-21 06:00:00+00:00,69.22000122070312,69.24500274658203,68.83999633789062,68.91000366210938,965.0
2026-08-21 06:30:00+00:00,68.88999938964844,69.18499755859375,68.86000061035156,68.88500213623047,1414.0
2026-08-21 07:00:00+00:00,68.87000274658203,69.1500015258789,68.84500122070312,68.9749984741211,1048.0
2026-08-21 07:30:00+00:00,68.9749984741211,69.48500061035156,68.93000030517578,69.36000061035156,1769.0
2026-08-21 08:00:00+00:00,69.37999725341797,69.74500274658203,69.17500305175781,69.73999786376953,1468.0
2026-08-21 08:30:00+00:00,69.73999786376953,69.96499633789062,69.71499633789062,69.87999725341797,1646.0
2026-08-21 09:00:00+00:00,69.875,70.04499816894531,69.51000213623047,69.54000091552734,2055.0
2026-08-21 09:30:00+00:00,69.55000305175781,69.70999908447266,69.47000122070312,69.4749984741211,1030.0
2026-08-21 10:00:00+00:00,69.4800033569336,69.57499694824219,69.2300033569336,69.44999694824219,1250.0
2026-08-21 10:30:00+00:00,69.45500183105469,69.6050033569336,69.4000015258789,69.54000091552734,923.0
2026-08-21 11:00:00+00:00,69.54000091552734,70.08000183105469,69.4749984741211,70.02999877929688,2228.0
2026-08-21 11:30:00+00:00,70.02999877929688,70.07499694824219,69.75,69.75,2040.0
2026-08-21 12:00:00+00:00,69.76499938964844,69.80000305175781,69.36499786376953,69.5199966430664,1758.0
2026-08-21 12:30:00+00:00,69.51000213623047,69.52999877929688,69.11499786376953,69.4800033569336,2387.0
2026-08-21 13:00:00+00:00,69.4749984741211,69.7249984741211,69.3499984741211,69.62999725341797,2428.0
2026-08-21 13:30:00+00:00,69.62999725341797,69.9000015258789,69.29499816894531,69.3949966430664,3660.0
2026-08-21 14:00:00+00:00,69.38999938964844,69.84500122070312,69.36000061035156,69.76000213623047,3149.0
2026-08-21 14:30:00+00:00,69.76499938964844,69.7699966430664,68.92500305175781,69.19499969482422,3982.0
2026-08-21 15:00:00+00:00,69.19999694824219,69.63500213623047,69.05999755859375,69.5,2009.0
2026-08-21 15:30:00+00:00,69.51000213623047,69.75499725341797,69.37999725341797,69.58000183105469,2502.0
2026-08-21 16:00:00+00:00,69.58499908447266,69.77999877929688,69.3949966430664,69.61499786376953,2657.0
2026-08-21 16:30:00+00:00,69.62000274658203,70.0199966430664,69.58999633789062,69.95500183105469,1969.0
2026-08-21 17:00:00+00:00,69.97000122070312,70.00499725341797,69.44000244140625,69.65499877929688,3704.0
2026-08-21 17:30:00+00:00,69.65499877929688,69.73500061035156,69.4800033569336,69.56500244140625,1222.0
2026-08-21 18:00:00+00:00,69.55500030517578,69.78500366210938,69.54499816894531,69.68000030517578,608.0
2026-08-21 18:30:00+00:00,69.68000030517578,69.68000030517578,69.52999877929688,69.6449966430664,511.0
2026-08-21 19:00:00+00:00,69.61000061035156,69.61499786376953,69.45999908447266,69.45999908447266,520.0
2026-08-21 19:30:00+00:00,69.47000122070312,69.5199966430664,69.31500244140625,69.44000244140625,796.0
2026-08-21 20:00:00+00:00,69.42500305175781,69.42500305175781,69.01499938964844,69.04000091552734,1072.0
2026-08-21 20:30:00+00:00,69.05000305175781,69.52999877929688,68.86499786376953,69.52999877929688,684.0
2026-08-23 22:00:00+00:00,69.41999816894531,69.48999786376953,69.18499755859375,69.19999694824219,395.0
2026-08-23 22:30:00+00:00,69.17500305175781,69.25499725341797,68.94999694824219,68.95999908447266,322.0
2026-08-23 23:00:00+00:00,68.95999908447266,69.17500305175781,68.88500213623047,69.1500015258789,200.0
2026-08-23 23:30:00+00:00,69.15499877929688,69.3949966430664,69.07499694824219,69.36499786376953,242.0
2026-08-24 00:00:00+00:00,69.3949966430664,69.66500091552734,68.80000305175781,68.98999786376953,1085.0
2026-08-24 00:30:00+00:00,68.98999786376953,69.3550033569336,68.71499633789062,69.33000183105469,742.0
2026-08-24 01:00:00+00:00,69.33999633789062,69.54499816894531,68.59500122070312,68.61499786376953,1284.0
2026-08-24 01:30:00+00:00,68.61000061035156,68.94999694824219,68.41999816894531,68.8499984741211,1544.0
2026-08-24 02:00:00+00:00,68.79000091552734,69.3499984741211,68.76499938964844,69.29000091552734,1173.0
2026-08-24 02:30:00+00:00,69.29499816894531,69.3550033569336,68.66999816894531,68.94999694824219,1017.0
2026-08-24 03:00:00+00:00,68.95999908447266,69.06999969482422,68.80500030517578,68.9749984741211,454.0
2026-08-24 03:30:00+00:00,68.9749984741211,69.20999908447266,68.92500305175781,68.95999908447266,406.0
2026-08-24 04:00:00+00:00,68.95999908447266,69.0199966430664,68.83000183105469,68.95500183105469,306.0
2026-08-24 04:30:00+00:00,68.94000244140625,68.94000244140625,68.83000183105469,68.87000274658203,266.0
2026-08-24 05:00:00+00:00,68.91999816894531,69.04499816894531,68.77999877929688,68.77999877929688,335.0
2026-08-24 05:30:00+00:00,68.7750015258789,68.98500061035156,68.62999725341797,68.96499633789062,682.0
2026-08-24 06:00:00+00:00,68.98999786376953,69.42500305175781,68.94499969482422,69.01499938964844,1245.0
2026-08-24 06:30:00+00:00,69.0199966430664,69.20999908447266,68.99500274658203,69.12999725341797,798.0
2026-08-24 07:00:00+00:00,69.12999725341797,69.24500274658203,68.9749984741211,69.01000213623047,923.0
2026-08-24 07:30:00+00:00,68.99500274658203,69.08999633789062,68.75,68.86499786376953,733.0
2026-08-24 08:00:00+00:00,68.875,69.08999633789062,68.63999938964844,68.6449966430664,1185.0
2026-08-24 08:30:00+00:00,68.6449966430664,68.95999908447266,68.6050033569336,68.69499969482422,699.0
2026-08-24 09:00:00+00:00,68.69499969482422,68.81999969482422,68.62000274658203,68.63999938964844,680.0
2026-08-24 09:30:00+00:00,68.6449966430664,68.83999633789062,68.62000274658203,68.82499694824219,399.0
2026-08-24 10:00:00+00:00,68.81999969482422,69.0,68.81999969482422,68.88500213623047,738.0
2026-08-24 10:30:00+00:00,68.88500213623047,69.0,68.73999786376953,68.79000091552734,464.0
2026-08-24 11:00:00+00:00,68.80999755859375,68.93499755859375,68.69000244140625,68.93000030517578,914.0
2026-08-24 11:30:00+00:00,68.91999816894531,69.51499938964844,68.83999633789062,69.26499938964844,2063.0
2026-08-24 12:00:00+00:00,69.26499938964844,69.36000061035156,69.1050033569336,69.33000183105469,1375.0
2026-08-24 12:30:00+00:00,69.31500244140625,69.4800033569336,68.9000015258789,69.18000030517578,2528.0
2026-08-24 13:00:00+00:00,69.18000030517578,69.92500305175781,69.15499877929688,69.54000091552734,3627.0
2026-08-24 13:30:00+00:00,69.48999786376953,69.74500274658203,68.80000305175781,68.99500274658203,4839.0
2026-08-24 14:00:00+00:00,68.99500274658203,69.13999938964844,68.625,69.08999633789062,3568.0
2026-08-24 14:30:00+00:00,69.08000183105469,69.28500366210938,68.67500305175781,68.93499755859375,2642.0
2026-08-24 15:00:00+00:00,68.94000244140625,69.29499816894531,68.8949966430664,69.20999908447266,1938.0
2026-08-24 15:30:00+00:00,69.22000122070312,69.25499725341797,68.33499908447266,68.54499816894531,3992.0
2026-08-24 16:00:00+00:00,68.55500030517578,68.87999725341797,68.5199966430664,68.86499786376953,2533.0
2026-08-24 16:30:00+00:00,68.8550033569336,68.87999725341797,68.6449966430664,68.68000030517578,1358.0
2026-08-24 17:00:00+00:00,68.68499755859375,68.91500091552734,68.3949966430664,68.5199966430664,3215.0
2026-08-24 17:30:00+00:00,68.5250015258789,68.6050033569336,68.34500122070312,68.48999786376953,1475.0
2026-08-24 18:00:00+00:00,68.4800033569336,68.74500274658203,68.30999755859375,68.6449966430664,1461.0
2026-08-24 18:30:00+00:00,68.66999816894531,68.66999816894531,68.33999633789062,68.51499938964844,460.0
2026-08-24 19:00:00+00:00,68.5250015258789,68.70999908447266,68.49500274658203,68.56999969482422,538.0
2026-08-24 19:30:00+00:00,68.58000183105469,68.8550033569336,68.5199966430664,68.82499694824219,777.0
2026-08-24 20:00:00+00:00,68.8499984741211,68.8949966430664,68.80999755859375,68.82499694824219,511.0
2026-08-24 20:30:00+00:00,68.83999633789062,68.98999786376953,68.83000183105469,68.96499633789062,279.0
2026-08-24 22:00:00+00:00,68.96499633789062,69.16500091552734,68.94000244140625,68.9749984741211,268.0
2026-08-24 22:30:00+00:00,69.0,69.26000213623047,69.0,69.21499633789062,282.0
2026-08-24 23:00:00+00:00,69.24500274658203,69.38500213623047,69.18000030517578,69.30999755859375,227.0
2026-08-24 23:30:00+00:00,69.30500030517578,69.78500366210938,69.29499816894531,69.72000122070312,659.0
2026-08-25 00:00:00+00:00,69.75,69.98500061035156,69.33999633789062,69.42500305175781,820.0
2026-08-25 00:30:00+00:00,69.41999816894531,69.72000122070312,69.40499877929688,69.4800033569336,555.0
2026-08-25 01:00:00+00:00,69.45500183105469,69.53500366210938,69.08999633789062,69.17500305175781,766.0
2026-08-25 01:30:00+00:00,69.15499877929688,69.29000091552734,68.76000213623047,68.76000213623047,704.0
2026-08-25 02:00:00+00:00,68.76000213623047,68.8550033569336,67.83999633789062,68.37000274658203,2826.0
2026-08-25 02:30:00+00:00,68.375,68.38500213623047,67.5,67.75,2550.0
2026-08-25 03:00:00+00:00,67.74500274658203,67.92500305175781,67.66000366210938,67.91500091552734,801.0
2026-08-25 03:30:00+00:00,67.88999938964844,68.06999969482422,67.87999725341797,67.93000030517578,315.0
2026-08-25 04:00:00+00:00,67.95500183105469,68.01499938964844,67.81500244140625,67.8499984741211,282.0
2026-08-25 04:30:00+00:00,67.88999938964844,67.88999938964844,67.70500183105469,67.77999877929688,264.0
2026-08-25 05:00:00+00:00,67.7750015258789,68.2750015258789,67.7300033569336,68.24500274658203,524.0
2026-08-25 05:30:00+00:00,68.27999877929688,68.27999877929688,67.81500244140625,68.0199966430664,1132.0
2026-08-25 06:00:00+00:00,68.01499938964844,68.5999984741211,67.95999908447266,68.45999908447266,1224.0
2026-08-25 06:30:00+00:00,68.46499633789062,68.625,68.31999969482422,68.36000061035156,855.0
2026-08-25 07:00:00+00:00,68.36499786376953,68.41000366210938,68.1050033569336,68.11499786376953,992.0
2026-08-25 07:30:00+00:00,68.125,68.2699966430664,68.01000213623047,68.01499938964844,760.0
2026-08-25 08:00:00+00:00,68.01499938964844,68.20999908447266,67.68499755859375,67.98999786376953,1712.0
2026-08-25 08:30:00+00:00,68.00499725341797,68.03500366210938,67.71499633789062,67.8499984741211,769.0
2026-08-25 09:00:00+00:00,67.83999633789062,67.93000030517578,67.52999877929688,67.75,1110.0
2026-08-25 09:30:00+00:00,67.75,68.19000244140625,67.68000030517578,68.0250015258789,1004.0
2026-08-25 10:00:00+00:00,68.0199966430664,68.06500244140625,67.83499908447266,67.86499786376953,621.0
2026-08-25 10:30:00+00:00,67.875,67.94000244140625,67.77999877929688,67.86499786376953,568.0
2026-08-25 11:00:00+00:00,67.8499984741211,68.59400177001953,67.76499938964844,68.01000213623047,861.0
2026-08-25 11:30:00+00:00,68.04000091552734,68.20999908447266,68.0199966430664,68.06999969482422,878.0
2026-08-25 12:00:00+00:00,68.08000183105469,68.08000183105469,67.86000061035156,67.92500305175781,954.0
2026-08-25 12:30:00+00:00,67.96499633789062,68.20999908447266,67.75,68.19999694824219,1541.0
2026-08-25 13:00:00+00:00,68.20500183105469,68.2300033569336,67.44499969482422,67.45999908447266,3315.0
2026-08-25 13:30:00+00:00,67.45500183105469,67.78500366210938,67.38500213623047,67.66500091552734,2821.0
2026-08-25 14:00:00+00:00,67.6500015258789,68.01000213623047,67.6500015258789,67.91999816894531,2617.0
2026-08-25 14:30:00+00:00,67.91999816894531,68.19999694824219,67.66000366210938,68.1050033569336,1733.0
2026-08-25 15:00:00+00:00,68.13999938964844,68.43000030517578,67.98999786376953,68.30500030517578,1377.0
2026-08-25 15:30:00+00:00,68.30500030517578,68.87999725341797,68.30500030517578,68.82499694824219,2714.0
2026-08-25 16:00:00+00:00,68.83000183105469,68.8499984741211,68.51000213623047,68.62999725341797,1605.0
2026-08-25 16:30:00+00:00,68.65499877929688,68.82499694824219,68.52999877929688,68.69000244140625,1506.0
2026-08-25 17:00:00+00:00,68.69000244140625,68.8550033569336,68.5999984741211,68.69499969482422,1511.0
2026-08-25 17:30:00+00:00,68.71499633789062,68.95999908447266,68.69000244140625,68.875,880.0
2026-08-25 18:00:00+00:00,68.88500213623047,68.93000030517578,68.78500366210938,68.87999725341797,450.0
2026-08-25 18:30:00+00:00,68.88999938964844,68.90499877929688,68.76000213623047,68.8949966430664,386.0
2026-08-25 19:00:00+00:00,68.92500305175781,69.27999877929688,68.92500305175781,69.05000305175781,1500.0
2026-08-25 19:30:00+00:00,69.05000305175781,69.07499694824219,68.875,68.94000244140625,1478.0
2026-08-25 20:00:00+00:00,68.94999694824219,68.9800033569336,68.84500122070312,68.86000061035156,336.0
2026-08-25 20:30:00+00:00,68.875,68.88500213623047,68.58499908447266,68.62999725341797,430.0
2026-08-25 22:00:00+00:00,68.62999725341797,68.91999816894531,68.62999725341797,68.91999816894531,220.0
2026-08-25 22:30:00+00:00,68.92500305175781,69.09500122070312,68.8949966430664,69.05000305175781,209.0
2026-08-25 23:00:00+00:00,69.05999755859375,69.08000183105469,68.84500122070312,68.84500122070312,114.0
2026-08-25 23:30:00+00:00,68.83499908447266,68.84500122070312,68.69999694824219,68.74500274658203,183.0
2026-08-26 00:00:00+00:00,68.7300033569336,68.83999633789062,68.51499938964844,68.55500030517578,333.0
2026-08-26 00:30:00+00:00,68.56500244140625,68.68000030517578,68.38500213623047,68.4000015258789,528.0
2026-08-26 01:00:00+00:00,68.40499877929688,68.7750015258789,68.19000244140625,68.58000183105469,1656.0
2026-08-26 01:30:00+00:00,68.57499694824219,69.4749984741211,68.44499969482422,69.31999969482422,1453.0
2026-08-26 02:00:00+00:00,69.33999633789062,69.5,69.2300033569336,69.3550033569336,703.0
2026-08-26 02:30:00+00:00,69.34500122070312,69.75,69.29499816894531,69.46499633789062,1256.0
2026-08-26 03:00:00+00:00,69.42500305175781,69.43000030517578,69.12999725341797,69.37000274658203,681.0
2026-08-26 03:30:00+00:00,69.3550033569336,69.48999786376953,69.19999694824219,69.26000213623047,656.0
2026-08-26 04:00:00+00:00,69.22000122070312,69.2750015258789,69.0999984741211,69.1500015258789,409.0
2026-08-26 04:30:00+00:00,69.16000366210938,69.18000030517578,68.97000122070312,68.99500274658203,436.0
2026-08-26 05:00:00+00:00,69.00499725341797,69.23500061035156,69.00499725341797,69.18000030517578,555.0
2026-08-26 05:30:00+00:00,69.18499755859375,69.42500305175781,69.01000213623047,69.2249984741211,1189.0
2026-08-26 06:00:00+00:00,69.21499633789062,69.21499633789062,68.62000274658203,68.66000366210938,979.0
2026-08-26 06:30:00+00:00,68.66000366210938,68.8499984741211,68.61000061035156,68.74500274658203,732.0
2026-08-26 07:00:00+00:00,68.77999877929688,68.93000030517578,68.73999786376953,68.73999786376953,951.0
2026-08-26 07:30:00+00:00,68.77999877929688,68.92500305175781,68.61000061035156,68.66999816894531,1394.0
2026-08-26 08:00:00+00:00,68.6500015258789,68.70500183105469,68.4749984741211,68.5999984741211,865.0
2026-08-26 08:30:00+00:00,68.5999984741211,68.68499755859375,68.4749984741211,68.61000061035156,550.0
2026-08-26 09:00:00+00:00,68.61000061035156,68.68000030517578,68.42500305175781,68.44999694824219,767.0
2026-08-26 09:30:00+00:00,68.46499633789062,68.68499755859375,68.43000030517578,68.65499877929688,613.0
2026-08-26 10:00:00+00:00,68.62000274658203,68.63500213623047,68.43000030517578,68.45500183105469,493.0
2026-08-26 10:30:00+00:00,68.43499755859375,68.5999984741211,68.43000030517578,68.44000244140625,681.0
2026-08-26 11:00:00+00:00,68.44999694824219,68.56500244140625,68.36499786376953,68.4800033569336,1170.0
2026-08-26 11:30:00+00:00,68.48500061035156,68.63500213623047,68.42500305175781,68.62000274658203,984.0
2026-08-26 12:00:00+00:00,68.63999938964844,68.8949966430664,68.62999725341797,68.88999938964844,1050.0
2026-08-26 12:30:00+00:00,68.91999816894531,68.95999908447266,68.30000305175781,68.31999969482422,2826.0
2026-08-26 13:00:00+00:00,68.30999755859375,68.49500274658203,67.83000183105469,68.16999816894531,3619.0
2026-08-26 13:30:00+00:00,68.16999816894531,68.4749984741211,68.16999816894531,68.44499969482422,2318.0
2026-08-26 14:00:00+00:00,68.44000244140625,68.56999969482422,68.19000244140625,68.2300033569336,2408.0
2026-08-26 14:30:00+00:00,68.22000122070312,68.41999816894531,67.87999725341797,67.87999725341797,2207.0
2026-08-26 15:00:00+00:00,67.875,68.0,67.48500061035156,67.90499877929688,4648.0
2026-08-26 15:30:00+00:00,67.88999938964844,68.11499786376953,67.87000274658203,67.9000015258789,2778.0
2026-08-26 16:00:00+00:00,67.90499877929688,68.00499725341797,67.80000305175781,67.94499969482422,1134.0
2026-08-26 16:30:00+00:00,67.94000244140625,68.05000305175781,67.81500244140625,67.97000122070312,936.0
2026-08-26 17:00:00+00:00,67.9749984741211,68.125,67.94999694824219,68.0999984741211,1716.0
2026-08-26 17:30:00+00:00,68.0999984741211,68.11499786376953,67.87999725341797,67.95500183105469,773.0
2026-08-26 18:00:00+00:00,67.93000030517578,68.19499969482422,67.93000030517578,68.08999633789062,831.0
2026-08-26 18:30:00+00:00,68.08000183105469,68.23500061035156,68.04499816894531,68.1449966430664,587.0
2026-08-26 19:00:00+00:00,68.13999938964844,68.26000213623047,68.05000305175781,68.2249984741211,574.0
2026-08-26 19:30:00+00:00,68.2249984741211,68.26499938964844,68.08499908447266,68.12999725341797,825.0
2026-08-26 20:00:00+00:00,68.12999725341797,68.1500015258789,67.87000274658203,68.04499816894531,285.0
2026-08-26 20:30:00+00:00,68.04000091552734,68.1050033569336,67.95500183105469,68.08499908447266,337.0
2026-08-26 22:00:00+00:00,68.08999633789062,68.75,68.08999633789062,68.69000244140625,187.0
2026-08-26 22:30:00+00:00,68.66000366210938,68.80000305175781,68.66000366210938,68.68000030517578,217.0
2026-08-26 23:00:00+00:00,68.70999908447266,68.95500183105469,68.67500305175781,68.87999725341797,304.0
2026-08-26 23:30:00+00:00,68.875,68.97000122070312,68.83000183105469,68.875,233.0
2026-08-27 00:00:00+00:00,68.8949966430664,68.96499633789062,68.63500213623047,68.79000091552734,188.0
2026-08-27 00:30:00+00:00,68.75,68.75,68.41000366210938,68.41000366210938,104.0
2026-08-27 01:00:00+00:00,68.46499633789062,69.19999694824219,68.38999938964844,69.0,407.0
2026-08-27 01:30:00+00:00,68.96499633789062,69.55000305175781,68.96499633789062,69.5250015258789,589.0
2026-08-27 02:00:00+00:00,69.5199966430664,69.55000305175781,69.37000274658203,69.37000274658203,272.0
2026-08-27 02:30:00+00:00,69.33999633789062,69.3499984741211,68.9749984741211,69.15499877929688,415.0
2026-08-27 03:00:00+00:00,69.1449966430664,69.41999816894531,69.1449966430664,69.3499984741211,240.0
2026-08-27 03:30:00+00:00,69.26499938964844,69.2699966430664,68.9800033569336,68.9800033569336,103.0
2026-08-27 04:00:00+00:00,69.0,69.04499816894531,68.9000015258789,68.92500305175781,64.0
2026-08-27 04:30:00+00:00,68.88500213623047,68.99500274658203,68.80500030517578,68.91999816894531,337.0
2026-08-27 05:00:00+00:00,68.91999816894531,69.02999877929688,68.8499984741211,68.88999938964844,317.0
2026-08-27 05:30:00+00:00,68.88999938964844,68.93499755859375,68.30500030517578,68.5999984741211,462.0
2026-08-27 06:00:00+00:00,68.625,68.79000091552734,68.44499969482422,68.68499755859375,768.0
2026-08-27 06:30:00+00:00,68.69999694824219,68.72000122070312,68.55000305175781,68.55000305175781,507.0
2026-08-27 07:00:00+00:00,68.51000213623047,68.58499908447266,68.30500030517578,68.38999938964844,789.0
2026-08-27 07:30:00+00:00,68.45999908447266,69.30000305175781,68.45999908447266,69.19000244140625,8124.0
2026-08-27 08:00:00+00:00,69.18499755859375,69.31500244140625,69.18000030517578,69.2249984741211,519.0
2026-08-27 08:30:00+00:00,69.23999786376953,69.28500366210938,69.0999984741211,69.26499938964844,439.0
2026-08-27 09:00:00+00:00,69.2699966430664,69.30000305175781,69.05500030517578,69.16999816894531,474.0
2026-08-27 09:30:00+00:00,69.19999694824219,69.21499633789062,68.87999725341797,68.91000366210938,648.0
2026-08-27 10:00:00+00:00,68.90499877929688,69.0,68.70500183105469,68.96499633789062,990.0
2026-08-27 10:30:00+00:00,68.96499633789062,69.23500061035156,68.88999938964844,69.20999908447266,728.0
2026-08-27 11:00:00+00:00,69.20500183105469,69.2300033569336,69.03500366210938,69.1449966430664,638.0
2026-08-27 11:30:00+00:00,69.16500091552734,69.27999877929688,69.0,69.05000305175781,974.0
2026-08-27 12:00:00+00:00,69.03500366210938,69.19000244140625,68.8949966430664,69.1449966430664,1042.0
2026-08-27 12:30:00+00:00,69.1500015258789,69.18000030517578,68.62000274658203,68.74500274658203,1728.0
2026-08-27 13:00:00+00:00,68.75499725341797,69.1449966430664,68.4000015258789,69.04499816894531,3517.0
2026-08-27 13:30:00+00:00,69.03500366210938,69.1500015258789,68.33000183105469,68.69000244140625,4061.0
2026-08-27 14:00:00+00:00,68.70500183105469,69.19499969482422,68.66000366210938,69.06999969482422,2216.0
2026-08-27 14:30:00+00:00,69.08000183105469,69.58999633789062,69.07499694824219,69.48999786376953,3087.0
2026-08-27 15:00:00+00:00,69.48999786376953,69.62999725341797,69.33499908447266,69.42500305175781,2230.0
2026-08-27 15:30:00+00:00,69.43499755859375,70.25,69.41999816894531,70.21499633789062,3257.0
2026-08-27 16:00:00+00:00,70.2249984741211,70.3550033569336,69.93000030517578,70.02999877929688,2493.0
2026-08-27 16:30:00+00:00,70.04499816894531,70.40499877929688,69.97000122070312,70.37999725341797,2510.0
2026-08-27 17:00:00+00:00,70.375,70.52999877929688,70.17500305175781,70.2750015258789,2762.0
2026-08-27 17:30:00+00:00,70.26000213623047,70.4000015258789,70.05000305175781,70.08499908447266,1370.0
2026-08-27 18:00:00+00:00,70.08000183105469,70.08999633789062,69.87999725341797,69.87999725341797,1029.0
2026-08-27 18:30:00+00:00,69.87000274658203,70.05000305175781,69.80000305175781,70.01000213623047,447.0
2026-08-27 19:00:00+00:00,70.0199966430664,70.34500122070312,70.01000213623047,70.04499816894531,652.0
2026-08-27 19:30:00+00:00,70.04000091552734,70.31999969482422,70.0199966430664,70.25499725341797,600.0
2026-08-27 20:00:00+00:00,70.25,70.25499725341797,70.04499816894531,70.05500030517578,182.0
2026-08-27 20:30:00+00:00,70.07499694824219,70.19999694824219,69.9800033569336,70.06500244140625,398.0
2026-08-27 22:00:00+00:00,70.04499816894531,70.2750015258789,69.97000122070312,70.20500183105469,153.0
2026-08-27 22:30:00+00:00,70.22000122070312,70.23500061035156,70.16999816894531,70.22000122070312,88.0
2026-08-27 23:00:00+00:00,70.22000122070312,70.22000122070312,70.01499938964844,70.06999969482422,221.0
2026-08-27 23:30:00+00:00,70.08499908447266,70.125,69.91999816894531,69.93000030517578,262.0
2026-08-28 00:00:00+00:00,69.93000030517578,70.19499969482422,69.90499877929688,70.0,244.0
2026-08-28 00:30:00+00:00,70.01000213623047,70.01000213623047,69.71499633789062,69.80000305175781,384.0
2026-08-28 01:00:00+00:00,69.80999755859375,70.47000122070312,69.6500015258789,69.72000122070312,1987.0
2026-08-28 01:30:00+00:00,69.72000122070312,69.80500030517578,69.21499633789062,69.34500122070312,1413.0
2026-08-28 02:00:00+00:00,69.3550033569336,69.69999694824219,69.34500122070312,69.66000366210938,633.0
2026-08-28 02:30:00+00:00,69.68000030517578,69.86499786376953,69.58000183105469,69.78500366210938,519.0
2026-08-28 03:00:00+00:00,69.7699966430664,69.88500213623047,69.66000366210938,69.7750015258789,383.0
2026-08-28 03:30:00+00:00,69.7750015258789,69.80500030517578,69.55000305175781,69.56500244140625,377.0
2026-08-28 04:00:00+00:00,69.58999633789062,69.74500274658203,69.5199966430664,69.69999694824219,347.0
2026-08-28 04:30:00+00:00,69.66000366210938,69.74500274658203,69.55500030517578,69.70500183105469,150.0
2026-08-28 05:00:00+00:00,69.72000122070312,69.7300033569336,69.5199966430664,69.62000274658203,222.0
2026-08-28 05:30:00+00:00,69.6050033569336,69.66999816894531,69.40499877929688,69.5,495.0
2026-08-28 06:00:00+00:00,69.5,70.06999969482422,69.47000122070312,69.9800033569336,892.0
2026-08-28 06:30:00+00:00,69.94999694824219,71.25499725341797,69.84500122070312,71.23500061035156,3298.0
2026-08-28 07:00:00+00:00,71.2300033569336,71.43499755859375,70.93000030517578,71.36000061035156,2202.0
2026-08-28 07:30:00+00:00,71.37000274658203,71.7750015258789,71.37000274658203,71.5199966430664,1246.0
2026-08-28 08:00:00+00:00,71.51000213623047,71.6050033569336,71.375,71.40499877929688,751.0
2026-08-28 08:30:00+00:00,71.41999816894531,71.4800033569336,71.05000305175781,71.19499969482422,635.0
2026-08-28 09:00:00+00:00,71.25499725341797,71.33000183105469,71.18499755859375,71.24500274658203,472.0
2026-08-28 09:30:00+00:00,71.23500061035156,71.41000366210938,71.22000122070312,71.33499908447266,407.0
2026-08-28 10:00:00+00:00,71.33999633789062,71.47000122070312,71.25499725341797,71.33499908447266,512.0
2026-08-28 10:30:00+00:00,71.34500122070312,71.41500091552734,71.08499908447266,71.23500061035156,744.0
2026-08-28 11:00:00+00:00,71.2300033569336,71.2750015258789,71.00499725341797,71.07499694824219,957.0
2026-08-28 11:30:00+00:00,71.08499908447266,71.22000122070312,70.94000244140625,71.0199966430664,951.0
2026-08-28 12:00:00+00:00,71.00499725341797,71.54499816894531,70.9800033569336,71.43000030517578,1374.0
2026-08-28 12:30:00+00:00,71.43499755859375,71.59500122070312,71.16500091552734,71.5250015258789,1558.0
2026-08-28 13:00:00+00:00,71.52999877929688,71.71499633789062,71.22000122070312,71.625,3059.0
2026-08-28 13:30:00+00:00,71.62999725341797,71.96499633789062,71.18499755859375,71.51499938964844,3801.0
2026-08-28 14:00:00+00:00,71.5199966430664,72.05000305175781,68.93000030517578,69.55500030517578,14470.0
2026-08-28 14:30:00+00:00,69.55999755859375,70.83000183105469,69.55999755859375,70.67500305175781,5754.0
2026-08-28 15:00:00+00:00,70.69000244140625,70.81999969482422,69.91500091552734,70.05000305175781,3042.0
2026-08-28 15:30:00+00:00,70.05000305175781,70.08499908447266,68.69000244140625,68.81500244140625,6068.0
2026-08-28 16:00:00+00:00,68.83499908447266,68.94999694824219,67.2699966430664,67.58499908447266,9486.0
2026-08-28 16:30:00+00:00,67.58999633789062,67.9000015258789,67.13999938964844,67.69999694824219,4961.0
2026-08-28 17:00:00+00:00,67.71499633789062,67.98999786376953,67.51000213623047,67.7249984741211,3156.0
2026-08-28 17:30:00+00:00,67.76000213623047,67.8499984741211,67.3550033569336,67.58000183105469,1320.0
2026-08-28 18:00:00+00:00,67.57499694824219,67.62000274658203,67.00499725341797,67.05999755859375,2299.0
2026-08-28 18:30:00+00:00,67.05999755859375,67.17500305175781,66.83000183105469,67.04000091552734,1456.0
2026-08-28 19:00:00+00:00,67.01499938964844,67.2750015258789,66.95999908447266,67.2300033569336,1020.0
2026-08-28 19:30:00+00:00,67.20500183105469,67.33000183105469,66.98999786376953,67.18499755859375,907.0
2026-08-28 20:00:00+00:00,67.17500305175781,67.21499633789062,66.98999786376953,67.08499908447266,443.0
2026-08-28 20:30:00+00:00,67.1050033569336,67.78600311279297,66.98999786376953,67.78600311279297,430.0
2026-08-30 22:00:00+00:00,66.95999908447266,67.19000244140625,66.93000030517578,67.125,527.0
2026-08-30 22:30:00+00:00,67.08999633789062,67.3499984741211,66.96499633789062,67.26000213623047,570.0
2026-08-30 23:00:00+00:00,67.24500274658203,67.38500213623047,67.11499786376953,67.16000366210938,514.0
2026-08-30 23:30:00+00:00,67.1449966430664,67.20500183105469,66.69499969482422,67.18499755859375,1058.0
2026-08-31 00:00:00+00:00,67.16999816894531,67.37000274658203,67.01499938964844,67.19999694824219,417.0
2026-08-31 00:30:00+00:00,67.25,67.55500030517578,67.12999725341797,67.13500213623047,625.0
2026-08-31 01:00:00+00:00,67.13999938964844,67.5,66.75,66.87000274658203,1390.0
2026-08-31 01:30:00+00:00,66.8499984741211,67.16999816894531,66.73500061035156,66.9749984741211,926.0
2026-08-31 02:00:00+00:00,66.91000366210938,66.91000366210938,66.51499938964844,66.55999755859375,642.0
2026-08-31 02:30:00+00:00,66.55000305175781,66.82499694824219,66.36499786376953,66.80999755859375,1038.0
2026-08-31 03:00:00+00:00,66.83000183105469,67.05000305175781,66.80000305175781,66.86000061035156,390.0
2026-08-31 03:30:00+00:00,66.86000061035156,66.91999816894531,66.78500366210938,66.83999633789062,135.0
2026-08-31 04:00:00+00:00,66.84500122070312,66.96499633789062,66.80000305175781,66.86499786376953,145.0
2026-08-31 04:30:00+00:00,66.86000061035156,67.11499786376953,66.82499694824219,67.05999755859375,291.0
2026-08-31 05:00:00+00:00,67.06500244140625,67.51000213623047,67.05000305175781,67.4749984741211,515.0
2026-08-31 05:30:00+00:00,67.5,67.55999755859375,67.18000030517578,67.43000030517578,835.0
2026-08-31 06:00:00+00:00,67.43000030517578,67.43499755859375,67.11000061035156,67.32499694824219,664.0
2026-08-31 06:30:00+00:00,67.31999969482422,67.55000305175781,67.19999694824219,67.37999725341797,498.0
2026-08-31 07:00:00+00:00,67.37000274658203,67.63999938964844,67.3499984741211,67.61000061035156,698.0
2026-08-31 07:30:00+00:00,67.6050033569336,67.76000213623047,67.53500366210938,67.66000366210938,785.0
2026-08-31 08:00:00+00:00,67.65499877929688,67.8499984741211,67.61000061035156,67.75499725341797,722.0
2026-08-31 08:30:00+00:00,67.7300033569336,67.73500061035156,67.55999755859375,67.66000366210938,219.0
2026-08-31 09:00:00+00:00,67.65499877929688,67.80999755859375,67.6500015258789,67.70999908447266,284.0
2026-08-31 09:30:00+00:00,67.69999694824219,67.76000213623047,67.63999938964844,67.71499633789062,194.0
2026-08-31 10:00:00+00:00,67.72000122070312,67.79000091552734,67.6449966430664,67.70999908447266,298.0
2026-08-31 10:30:00+00:00,67.70999908447266,67.97000122070312,67.70999908447266,67.91500091552734,423.0
2026-08-31 11:00:00+00:00,67.90499877929688,68.13999938964844,67.88999938964844,68.13500213623047,509.0
2026-08-31 11:30:00+00:00,68.13500213623047,68.1500015258789,67.90499877929688,67.98999786376953,514.0
2026-08-31 12:00:00+00:00,67.96499633789062,68.18000030517578,67.7249984741211,67.73500061035156,1523.0
2026-08-31 12:30:00+00:00,67.7249984741211,67.86000061035156,67.3499984741211,67.3499984741211,1749.0
2026-08-31 13:00:00+00:00,67.3499984741211,67.63500213623047,67.20999908447266,67.55000305175781,1708.0
2026-08-31 13:30:00+00:00,67.56500244140625,67.58499908447266,66.96499633789062,67.125,2005.0
2026-08-31 14:00:00+00:00,67.1500015258789,67.25499725341797,66.7750015258789,66.8499984741211,1656.0
2026-08-31 14:30:00+00:00,66.8499984741211,67.22000122070312,66.81500244140625,66.98999786376953,1679.0
2026-08-31 15:00:00+00:00,66.9800033569336,67.13500213623047,66.83499908447266,67.0,1257.0
2026-08-31 15:30:00+00:00,66.99500274658203,67.08499908447266,66.7300033569336,66.81999969482422,1220.0
2026-08-31 16:00:00+00:00,66.80000305175781,67.16500091552734,66.73999786376953,67.15499877929688,869.0
2026-08-31 16:30:00+00:00,67.16000366210938,67.19999694824219,66.94999694824219,66.9800033569336,1155.0
2026-08-31 17:00:00+00:00,66.9749984741211,67.04499816894531,66.87999725341797,66.91500091552734,1356.0
2026-08-31 17:30:00+00:00,66.91000366210938,67.18499755859375,66.88500213623047,67.04499816894531,634.0
2026-08-31 18:00:00+00:00,67.04000091552734,67.05999755859375,66.83499908447266,66.87000274658203,531.0
2026-08-31 18:30:00+00:00,66.86000061035156,66.91500091552734,66.7300033569336,66.80999755859375,449.0
2026-08-31 19:00:00+00:00,66.80000305175781,67.16999816894531,66.75,67.13999938964844,687.0
2026-08-31 19:30:00+00:00,67.1500015258789,67.33499908447266,67.08000183105469,67.2699966430664,754.0
2026-08-31 20:00:00+00:00,67.2750015258789,67.4000015258789,67.16000366210938,67.16999816894531,376.0
2026-08-31 20:30:00+00:00,67.16500091552734,67.25,67.15499877929688,67.20500183105469,125.0
2026-08-31 22:00:00+00:00,67.2750015258789,67.3499984741211,67.22000122070312,67.24500274658203,186.0
2026-08-31 22:30:00+00:00,67.26000213623047,67.2699966430664,67.16999816894531,67.18499755859375,117.0
2026-08-31 23:00:00+00:00,67.18000030517578,67.19999694824219,67.0999984741211,67.125,131.0
2026-08-31 23:30:00+00:00,67.12999725341797,67.29499816894531,67.12999725341797,67.28500366210938,210.0
2026-09-01 00:00:00+00:00,67.29000091552734,67.625,67.2249984741211,67.59500122070312,675.0
2026-09-01 00:30:00+00:00,67.5999984741211,67.6050033569336,67.38500213623047,67.50499725341797,525.0
2026-09-01 01:00:00+00:00,67.51000213623047,67.58499908447266,67.11499786376953,67.20999908447266,1135.0
2026-09-01 01:30:00+00:00,67.22000122070312,67.46499633789062,67.12000274658203,67.3949966430664,568.0
2026-09-01 02:00:00+00:00,67.4000015258789,67.53500366210938,67.31500244140625,67.31500244140625,275.0
2026-09-01 02:30:00+00:00,67.30000305175781,67.375,66.73500061035156,67.37000274658203,1317.0
2026-09-01 03:00:00+00:00,67.37999725341797,67.43499755859375,67.12999725341797,67.20999908447266,459.0
2026-09-01 03:30:00+00:00,67.19999694824219,67.55000305175781,67.19999694824219,67.41000366210938,252.0
2026-09-01 04:00:00+00:00,67.3949966430664,67.41999816894531,67.11000061035156,67.11000061035156,269.0
2026-09-01 04:30:00+00:00,67.0999984741211,67.1449966430664,67.01000213623047,67.02999877929688,323.0
2026-09-01 05:00:00+00:00,67.03500366210938,67.18000030517578,66.9000015258789,66.94000244140625,358.0
2026-09-01 05:30:00+00:00,66.92500305175781,67.72000122070312,66.84500122070312,67.3550033569336,1113.0
2026-09-01 06:00:00+00:00,67.36000061035156,67.44000244140625,67.11499786376953,67.15499877929688,412.0
2026-09-01 06:30:00+00:00,67.1449966430664,67.30000305175781,67.06999969482422,67.0999984741211,363.0
2026-09-01 07:00:00+00:00,67.0999984741211,67.30000305175781,67.08999633789062,67.11000061035156,304.0
2026-09-01 07:30:00+00:00,67.0999984741211,67.19000244140625,66.5999984741211,67.05999755859375,1031.0
2026-09-01 08:00:00+00:00,67.05500030517578,67.11000061035156,65.80000305175781,65.8499984741211,2992.0
2026-09-01 08:30:00+00:00,65.86000061035156,65.88999938964844,65.31999969482422,65.33000183105469,3003.0
2026-09-01 09:00:00+00:00,65.33499908447266,65.4000015258789,65.17500305175781,65.3550033569336,1573.0
2026-09-01 09:30:00+00:00,65.33999633789062,65.44000244140625,65.06999969482422,65.11499786376953,1159.0
2026-09-01 10:00:00+00:00,65.11499786376953,65.73999786376953,65.0999984741211,65.73999786376953,1002.0
2026-09-01 10:30:00+00:00,65.73999786376953,65.73999786376953,65.3550033569336,65.4000015258789,688.0
2026-09-01 11:00:00+00:00,65.41000366210938,65.5,65.27999877929688,65.44000244140625,974.0
2026-09-01 11:30:00+00:00,65.41500091552734,65.69000244140625,65.30000305175781,65.38500213623047,763.0
2026-09-01 12:00:00+00:00,65.3949966430664,65.66000366210938,65.19999694824219,65.55000305175781,1272.0
2026-09-01 12:30:00+00:00,65.54499816894531,65.75,65.19000244140625,65.32499694824219,2176.0
2026-09-01 13:00:00+00:00,65.31999969482422,65.48500061035156,64.83000183105469,65.24500274658203,3633.0
2026-09-01 13:30:00+00:00,65.23999786376953,65.54000091552734,65.0999984741211,65.4800033569336,2403.0
2026-09-01 14:00:00+00:00,65.45999908447266,65.7750015258789,65.16999816894531,65.54000091552734,2410.0
2026-09-01 14:30:00+00:00,65.53500366210938,65.69999694824219,65.30000305175781,65.38999938964844,1604.0
2026-09-01 15:00:00+00:00,65.40499877929688,65.58499908447266,65.27999877929688,65.58000183105469,1065.0
2026-09-01 15:30:00+00:00,65.58499908447266,65.90499877929688,65.52999877929688,65.83999633789062,1398.0
2026-09-01 16:00:00+00:00,65.84500122070312,65.9749984741211,65.47000122070312,65.5250015258789,1694.0
2026-09-01 16:30:00+00:00,65.5,65.6050033569336,65.36000061035156,65.43000030517578,1323.0
2026-09-01 17:00:00+00:00,65.43499755859375,65.47000122070312,65.27999877929688,65.47000122070312,2841.0
2026-09-01 17:30:00+00:00,65.47000122070312,65.4800033569336,65.17500305175781,65.19999694824219,914.0
2026-09-01 18:00:00+00:00,65.2249984741211,65.26000213623047,64.88500213623047,65.05000305175781,1155.0
2026-09-01 18:30:00+00:00,65.05000305175781,65.05000305175781,64.73500061035156,64.79000091552734,907.0
2026-09-01 19:00:00+00:00,64.78500366210938,64.94499969482422,64.68000030517578,64.8550033569336,734.0
2026-09-01 19:30:00+00:00,64.8499984741211,64.86000061035156,64.61499786376953,64.69499969482422,933.0
2026-09-01 20:00:00+00:00,64.68499755859375,64.7300033569336,64.61000061035156,64.6449966430664,515.0
2026-09-01 20:30:00+00:00,64.6500015258789,64.76499938964844,64.61000061035156,64.66000366210938,317.0
2026-09-01 22:00:00+00:00,64.69499969482422,64.82499694824219,64.6050033569336,64.63500213623047,168.0
2026-09-01 22:30:00+00:00,64.63999938964844,64.70500183105469,64.54499816894531,64.65499877929688,346.0
2026-09-01 23:00:00+00:00,64.6500015258789,64.75499725341797,64.59500122070312,64.70999908447266,328.0
2026-09-01 23:30:00+00:00,64.71499633789062,64.86000061035156,64.62000274658203,64.68499755859375,538.0
2026-09-02 00:00:00+00:00,64.69499969482422,64.96499633789062,64.61000061035156,64.66999816894531,744.0
2026-09-02 00:30:00+00:00,64.70500183105469,64.81999969482422,64.36499786376953,64.46499633789062,577.0
2026-09-02 01:00:00+00:00,64.44499969482422,64.75,64.33999633789062,64.5250015258789,1497.0
2026-09-02 01:30:00+00:00,64.54000091552734,64.55500030517578,63.91999816894531,63.959999084472656,1576.0
2026-09-02 02:00:00+00:00,63.96500015258789,64.5,63.880001068115234,64.4000015258789,1147.0
2026-09-02 02:30:00+00:00,64.4000015258789,64.5199966430664,64.21499633789062,64.30000305175781,732.0
2026-09-02 03:00:00+00:00,64.28500366210938,64.41500091552734,64.19999694824219,64.29000091552734,317.0
2026-09-02 03:30:00+00:00,64.27999877929688,64.27999877929688,64.00499725341797,64.24500274658203,617.0
2026-09-02 04:00:00+00:00,64.26499938964844,64.31999969482422,64.22000122070312,64.23999786376953,163.0
2026-09-02 04:30:00+00:00,64.23999786376953,64.3550033569336,64.2300033569336,64.34500122070312,169.0
2026-09-02 05:00:00+00:00,64.33000183105469,64.53500366210938,64.22000122070312,64.5250015258789,348.0
2026-09-02 05:30:00+00:00,64.5250015258789,64.76499938964844,64.46499633789062,64.56500244140625,614.0
2026-09-02 06:00:00+00:00,64.58999633789062,64.75,64.48500061035156,64.5199966430664,486.0
2026-09-02 06:30:00+00:00,64.50499725341797,64.6500015258789,64.41500091552734,64.55000305175781,486.0
2026-09-02 07:00:00+00:00,64.56999969482422,64.80000305175781,64.51499938964844,64.61000061035156,583.0
2026-09-02 07:30:00+00:00,64.58999633789062,64.66500091552734,64.5,64.58000183105469,308.0
2026-09-02 08:00:00+00:00,64.58499908447266,64.7699966430664,64.54499816894531,64.62000274658203,354.0
2026-09-02 08:30:00+00:00,64.61000061035156,64.69000244140625,64.32499694824219,64.34500122070312,522.0
2026-09-02 09:00:00+00:00,64.33499908447266,64.56500244140625,64.2300033569336,64.27999877929688,495.0
2026-09-02 09:30:00+00:00,64.29000091552734,64.30000305175781,64.19499969482422,64.24500274658203,366.0
2026-09-02 10:00:00+00:00,64.25,64.3949966430664,64.15499877929688,64.31999969482422,479.0
2026-09-02 10:30:00+00:00,64.31999969482422,64.33999633789062,64.1500015258789,64.25499725341797,292.0
2026-09-02 11:00:00+00:00,64.24500274658203,64.68000030517578,64.21499633789062,64.62999725341797,983.0
2026-09-02 11:30:00+00:00,64.61499786376953,64.97000122070312,64.61499786376953,64.90499877929688,942.0
2026-09-02 12:00:00+00:00,64.91000366210938,65.18000030517578,64.84500122070312,65.04499816894531,1776.0
2026-09-02 12:30:00+00:00,65.04000091552734,65.09500122070312,64.79000091552734,64.82499694824219,925.0
2026-09-02 13:00:00+00:00,64.81500244140625,65.62000274658203,64.78500366210938,65.58999633789062,2447.0
2026-09-02 13:30:00+00:00,65.58499908447266,66.1050033569336,65.57499694824219,66.0999984741211,3868.0
2026-09-02 14:00:00+00:00,66.08999633789062,66.17500305175781,65.83000183105469,65.86000061035156,2146.0
2026-09-02 14:30:00+00:00,65.86499786376953,65.90499877929688,65.63500213623047,65.68499755859375,1811.0
2026-09-02 15:00:00+00:00,65.68499755859375,65.81999969482422,65.49500274658203,65.68499755859375,1620.0
2026-09-02 15:30:00+00:00,65.68499755859375,65.73500061035156,65.53500366210938,65.69000244140625,997.0
2026-09-02 16:00:00+00:00,65.68499755859375,65.72000122070312,65.58000183105469,65.62000274658203,1024.0
2026-09-02 16:30:00+00:00,65.61499786376953,65.65499877929688,65.45500183105469,65.55500030517578,775.0
2026-09-02 17:00:00+00:00,65.56500244140625,65.5999984741211,65.41999816894531,65.55000305175781,1392.0
2026-09-02 17:30:00+00:00,65.54499816894531,65.7300033569336,65.48999786376953,65.65499877929688,953.0
2026-09-02 18:00:00+00:00,65.66000366210938,65.76499938964844,65.54000091552734,65.61499786376953,933.0
2026-09-02 18:30:00+00:00,65.625,65.7750015258789,65.625,65.66999816894531,422.0
2026-09-02 19:00:00+00:00,65.69999694824219,65.81500244140625,65.625,65.76499938964844,357.0
2026-09-02 19:30:00+00:00,65.7750015258789,65.95999908447266,65.76499938964844,65.95999908447266,537.0
2026-09-02 20:00:00+00:00,65.94999694824219,65.95500183105469,65.84500122070312,65.90499877929688,333.0
2026-09-02 20:30:00+00:00,65.9000015258789,65.95999908447266,65.88999938964844,65.92500305175781,219.0
2026-09-02 21:00:00+00:00,65.93000030517578,65.93000030517578,65.93000030517578,65.93000030517578,1.0
2026-09-02 22:00:00+00:00,66.16999816894531,66.16999816894531,65.93499755859375,66.01499938964844,102.0
2026-09-02 22:30:00+00:00,65.99500274658203,66.01499938964844,65.86000061035156,65.88500213623047,186.0
2026-09-02 23:00:00+00:00,65.8949966430664,65.95500183105469,65.81999969482422,65.86000061035156,167.0
2026-09-02 23:30:00+00:00,65.8550033569336,66.0,65.8499984741211,65.93000030517578,278.0
2026-09-03 00:00:00+00:00,65.92500305175781,65.95500183105469,65.7750015258789,65.91999816894531,272.0
2026-09-03 00:30:00+00:00,65.91999816894531,66.0199966430664,65.79000091552734,65.93499755859375,259.0
2026-09-03 01:00:00+00:00,65.93000030517578,66.38500213623047,65.87000274658203,66.2750015258789,1331.0
2026-09-03 01:30:00+00:00,66.28500366210938,66.4000015258789,66.13999938964844,66.29499816894531,325.0
2026-09-03 02:00:00+00:00,66.27999877929688,66.40499877929688,66.23999786376953,66.30999755859375,201.0
2026-09-03 02:30:00+00:00,66.29000091552734,66.45999908447266,66.18000030517578,66.31500244140625,394.0
2026-09-03 03:00:00+00:00,66.28500366210938,66.62999725341797,66.24500274658203,66.45500183105469,726.0
2026-09-03 03:30:00+00:00,66.46499633789062,66.70500183105469,66.44999694824219,66.67500305175781,429.0
2026-09-03 04:00:00+00:00,66.63999938964844,66.7300033569336,66.51000213623047,66.70500183105469,475.0
2026-09-03 04:30:00+00:00,66.71499633789062,66.77999877929688,66.66000366210938,66.7249984741211,449.0
2026-09-03 05:00:00+00:00,66.7300033569336,66.79000091552734,66.22000122070312,66.24500274658203,928.0
2026-09-03 05:30:00+00:00,66.23999786376953,66.44999694824219,66.17500305175781,66.375,868.0
2026-09-03 06:00:00+00:00,66.37999725341797,66.69000244140625,66.29499816894531,66.36000061035156,1009.0
2026-09-03 06:30:00+00:00,66.3550033569336,66.42500305175781,66.17500305175781,66.19999694824219,355.0
2026-09-03 07:00:00+00:00,66.19000244140625,66.55000305175781,66.17500305175781,66.3949966430664,534.0
2026-09-03 07:30:00+00:00,66.43000030517578,66.59500122070312,66.3499984741211,66.47000122070312,459.0
2026-09-03 08:00:00+00:00,66.46499633789062,66.79499816894531,66.4000015258789,66.6050033569336,1023.0
2026-09-03 08:30:00+00:00,66.59500122070312,66.69000244140625,66.44999694824219,66.48999786376953,673.0
2026-09-03 09:00:00+00:00,66.4749984741211,66.58000183105469,66.3499984741211,66.36000061035156,280.0
2026-09-03 09:30:00+00:00,66.36000061035156,66.38999938964844,66.19999694824219,66.25,338.0
2026-09-03 10:00:00+00:00,66.25499725341797,66.26000213623047,65.97000122070312,66.04000091552734,761.0
2026-09-03 10:30:00+00:00,66.03500366210938,66.2300033569336,65.9749984741211,66.13500213623047,397.0
2026-09-03 11:00:00+00:00,66.13999938964844,66.4800033569336,66.12000274658203,66.37999725341797,732.0
2026-09-03 11:30:00+00:00,66.38500213623047,66.41000366210938,66.16999816894531,66.375,804.0
2026-09-03 12:00:00+00:00,66.37000274658203,66.45500183105469,66.16999816894531,66.44000244140625,1236.0
2026-09-03 12:30:00+00:00,66.42500305175781,67.36499786376953,66.42500305175781,67.26000213623047,4403.0
2026-09-03 13:00:00+00:00,67.24500274658203,67.3499984741211,66.93499755859375,67.04499816894531,2211.0
2026-09-03 13:30:00+00:00,67.02999877929688,67.08499908447266,66.56999969482422,67.0,1942.0
2026-09-03 14:00:00+00:00,66.98999786376953,67.2249984741211,66.7249984741211,67.09500122070312,1792.0
2026-09-03 14:30:00+00:00,67.1050033569336,67.33999633789062,66.88500213623047,67.33000183105469,1647.0
2026-09-03 15:00:00+00:00,67.34500122070312,68.05999755859375,67.34500122070312,68.03500366210938,4144.0
2026-09-03 15:30:00+00:00,68.03500366210938,68.08000183105469,67.50499725341797,67.69499969482422,1749.0
2026-09-03 16:00:00+00:00,67.69999694824219,67.80999755859375,67.56500244140625,67.7300033569336,841.0
2026-09-03 16:30:00+00:00,67.73999786376953,67.83999633789062,67.6050033569336,67.61000061035156,789.0
2026-09-03 17:00:00+00:00,67.62000274658203,67.78500366210938,67.59500122070312,67.7699966430664,2028.0
2026-09-03 17:30:00+00:00,67.7699966430664,67.8550033569336,67.70500183105469,67.73999786376953,525.0
2026-09-03 18:00:00+00:00,67.75,67.78500366210938,67.55999755859375,67.6500015258789,708.0
2026-09-03 18:30:00+00:00,67.63999938964844,67.6449966430664,67.45500183105469,67.4749984741211,316.0
2026-09-03 19:00:00+00:00,67.4749984741211,67.55000305175781,67.44999694824219,67.54000091552734,354.0
2026-09-03 19:30:00+00:00,67.55999755859375,67.69000244140625,67.55000305175781,67.6449966430664,444.0
2026-09-03 20:00:00+00:00,67.6449966430664,67.6449966430664,67.51000213623047,67.54499816894531,211.0
2026-09-03 20:30:00+00:00,67.54499816894531,67.62999725341797,67.54000091552734,67.58000183105469,180.0
2026-09-03 21:00:00+00:00,67.58499908447266,67.58499908447266,67.58499908447266,67.58499908447266,1.0
2026-09-03 22:00:00+00:00,67.62999725341797,67.69000244140625,67.55500030517578,67.57499694824219,102.0
2026-09-03 22:30:00+00:00,67.57499694824219,67.63999938964844,67.55000305175781,67.58499908447266,148.0
2026-09-03 23:00:00+00:00,67.58499908447266,67.625,67.51000213623047,67.56999969482422,133.0
2026-09-03 23:30:00+00:00,67.58999633789062,67.61499786376953,67.52999877929688,67.59500122070312,127.0
2026-09-04 00:00:00+00:00,67.58499908447266,67.61000061035156,67.45500183105469,67.45500183105469,330.0
2026-09-04 00:30:00+00:00,67.44999694824219,67.76499938964844,67.41500091552734,67.72000122070312,405.0
2026-09-04 01:00:00+00:00,67.7249984741211,67.80999755859375,67.17500305175781,67.26499938964844,1455.0
2026-09-04 01:30:00+00:00,67.25499725341797,67.50499725341797,67.19999694824219,67.45999908447266,374.0
2026-09-04 02:00:00+00:00,67.4749984741211,67.55000305175781,67.30000305175781,67.33999633789062,253.0
2026-09-04 02:30:00+00:00,67.31999969482422,67.51000213623047,67.20500183105469,67.42500305175781,609.0
2026-09-04 03:00:00+00:00,67.41999816894531,67.41999816894531,67.2249984741211,67.31500244140625,205.0
2026-09-04 03:30:00+00:00,67.33000183105469,67.4000015258789,67.19999694824219,67.21499633789062,155.0
2026-09-04 04:00:00+00:00,67.19499969482422,67.27999877929688,67.16000366210938,67.2699966430664,244.0
2026-09-04 04:30:00+00:00,67.2750015258789,67.375,67.2750015258789,67.36000061035156,109.0
2026-09-04 05:00:00+00:00,67.38500213623047,67.38999938964844,67.12999725341797,67.12999725341797,174.0
2026-09-04 05:30:00+00:00,67.125,67.48500061035156,67.11499786376953,67.26499938964844,563.0
2026-09-04 06:00:00+00:00,67.26000213623047,67.30999755859375,67.12999725341797,67.18499755859375,538.0
2026-09-04 06:30:00+00:00,67.19000244140625,67.19999694824219,66.87999725341797,67.16500091552734,775.0
2026-09-04 07:00:00+00:00,67.1449966430664,67.42500305175781,67.125,67.41500091552734,450.0
2026-09-04 07:30:00+00:00,67.42500305175781,67.63500213623047,67.41999816894531,67.58000183105469,547.0
2026-09-04 08:00:00+00:00,67.56999969482422,67.76000213623047,67.56999969482422,67.70500183105469,520.0
2026-09-04 08:30:00+00:00,67.71499633789062,67.76000213623047,67.56999969482422,67.63999938964844,269.0
2026-09-04 09:00:00+00:00,67.6500015258789,67.66000366210938,67.20500183105469,67.26499938964844,439.0
2026-09-04 09:30:00+00:00,67.2699966430664,67.36499786376953,67.23999786376953,67.26000213623047,412.0
2026-09-04 10:00:00+00:00,67.26499938964844,67.48999786376953,67.25499725341797,67.40499877929688,508.0
2026-09-04 10:30:00+00:00,67.40499877929688,67.49500274658203,67.33999633789062,67.4000015258789,235.0
2026-09-04 11:00:00+00:00,67.38999938964844,67.46499633789062,67.33999633789062,67.36499786376953,518.0
2026-09-04 11:30:00+00:00,67.37000274658203,67.6050033569336,67.31500244140625,67.5,469.0
2026-09-04 12:00:00+00:00,67.51000213623047,67.79499816894531,67.34500122070312,67.70500183105469,1096.0
2026-09-04 12:30:00+00:00,67.66000366210938,67.80000305175781,65.67500305175781,66.11000061035156,7849.0
2026-09-04 13:00:00+00:00,66.09500122070312,66.12999725341797,65.33499908447266,66.08499908447266,4674.0
2026-09-04 13:30:00+00:00,66.08000183105469,66.68499755859375,66.04000091552734,66.18499755859375,3540.0
2026-09-04 14:00:00+00:00,66.18499755859375,66.83999633789062,66.12999725341797,66.66000366210938,2394.0
2026-09-04 14:30:00+00:00,66.66000366210938,66.86000061035156,66.20999908447266,66.4749984741211,1791.0
2026-09-04 15:00:00+00:00,66.4749984741211,66.88500213623047,66.41000366210938,66.69499969482422,1458.0
2026-09-04 15:30:00+00:00,66.69999694824219,66.9800033569336,66.69000244140625,66.76499938964844,1008.0
2026-09-04 16:00:00+00:00,66.76499938964844,66.86499786376953,66.6449966430664,66.68000030517578,846.0
2026-09-04 16:30:00+00:00,66.67500305175781,66.81999969482422,66.66000366210938,66.71499633789062,526.0
2026-09-04 17:00:00+00:00,66.71499633789062,66.87000274658203,66.57499694824219,66.68000030517578,1436.0
2026-09-04 17:30:00+00:00,66.66999816894531,66.67500305175781,66.38999938964844,66.49500274658203,821.0
2026-09-04 18:00:00+00:00,66.4749984741211,66.62000274658203,66.36000061035156,66.61499786376953,448.0
2026-09-04 18:30:00+00:00,66.5999984741211,66.65499877929688,66.54000091552734,66.61000061035156,282.0
2026-09-04 19:00:00+00:00,66.6050033569336,66.86499786376953,66.58000183105469,66.83999633789062,302.0
2026-09-04 19:30:00+00:00,66.83499908447266,66.90499877929688,66.79000091552734,66.83499908447266,431.0
2026-09-04 20:00:00+00:00,66.83000183105469,66.84500122070312,66.73999786376953,66.76499938964844,168.0
2026-09-04 20:30:00+00:00,66.74500274658203,66.81999969482422,66.74500274658203,66.74800109863281,216.0
2026-09-08 04:00:00+00:00,67.6449966430664,67.76499938964844,67.58499908447266,67.58499908447266,290.0
2026-09-08 04:30:00+00:00,67.58999633789062,67.73999786376953,67.58999633789062,67.66500091552734,131.0
2026-09-08 05:00:00+00:00,67.67500305175781,67.71499633789062,67.16000366210938,67.16500091552734,553.0
2026-09-08 05:30:00+00:00,67.16999816894531,67.44499969482422,67.08999633789062,67.19999694824219,664.0
2026-09-08 06:00:00+00:00,67.19999694824219,67.20500183105469,66.61000061035156,66.63999938964844,1298.0
2026-09-08 06:30:00+00:00,66.63500213623047,66.91999816894531,66.58000183105469,66.81500244140625,925.0
2026-09-08 07:00:00+00:00,66.80500030517578,67.09500122070312,66.79000091552734,66.92500305175781,395.0
2026-09-08 07:30:00+00:00,66.91999816894531,66.98500061035156,66.45999908447266,66.55500030517578,691.0
2026-09-08 08:00:00+00:00,66.56999969482422,66.58000183105469,66.31500244140625,66.41500091552734,641.0
2026-09-08 08:30:00+00:00,66.41500091552734,66.61000061035156,66.375,66.4749984741211,314.0
2026-09-08 09:00:00+00:00,66.4749984741211,66.63999938964844,66.45500183105469,66.5199966430664,299.0
2026-09-08 09:30:00+00:00,66.5250015258789,66.77999877929688,66.48999786376953,66.75499725341797,314.0
2026-09-08 10:00:00+00:00,66.73500061035156,66.90499877929688,66.53500366210938,66.68499755859375,706.0
2026-09-08 10:30:00+00:00,66.68499755859375,66.69999694824219,66.50499725341797,66.50499725341797,353.0
2026-09-08 11:00:00+00:00,66.51000213623047,66.75499725341797,66.47000122070312,66.73500061035156,776.0
2026-09-08 11:30:00+00:00,66.7300033569336,66.92500305175781,66.67500305175781,66.8949966430664,822.0
2026-09-08 12:00:00+00:00,66.88999938964844,66.8949966430664,66.38500213623047,66.7249984741211,1898.0
2026-09-08 12:30:00+00:00,66.7300033569336,67.11000061035156,66.66999816894531,67.08999633789062,2046.0
2026-09-08 13:00:00+00:00,67.08000183105469,67.29499816894531,66.84500122070312,66.88999938964844,1717.0
2026-09-08 13:30:00+00:00,66.88999938964844,67.0250015258789,66.4800033569336,66.81999969482422,2545.0
2026-09-08 14:00:00+00:00,66.83000183105469,66.88999938964844,66.45999908447266,66.58999633789062,1234.0
2026-09-08 14:30:00+00:00,66.58999633789062,66.80500030517578,66.5250015258789,66.80000305175781,871.0
2026-09-08 15:00:00+00:00,66.80500030517578,67.13999938964844,66.78500366210938,66.94000244140625,1728.0
2026-09-08 15:30:00+00:00,66.95500183105469,67.05000305175781,66.83499908447266,66.83499908447266,613.0
2026-09-08 16:00:00+00:00,66.82499694824219,66.93499755859375,66.46499633789062,66.91000366210938,1382.0
2026-09-08 16:30:00+00:00,66.9000015258789,67.04499816894531,66.83999633789062,66.94499969482422,847.0
2026-09-08 17:00:00+00:00,66.94499969482422,67.21499633789062,66.93499755859375,67.05999755859375,1918.0
2026-09-08 17:30:00+00:00,67.05500030517578,67.06500244140625,66.8499984741211,66.95500183105469,539.0
2026-09-08 18:00:00+00:00,66.95999908447266,67.0250015258789,66.93499755859375,66.9800033569336,412.0
2026-09-08 18:30:00+00:00,66.99500274658203,66.99500274658203,66.13999938964844,66.68000030517578,2604.0
2026-09-08 19:00:00+00:00,66.66999816894531,66.75499725341797,66.48500061035156,66.57499694824219,505.0
2026-09-08 19:30:00+00:00,66.54000091552734,66.57499694824219,66.32499694824219,66.37000274658203,673.0
2026-09-08 20:00:00+00:00,66.36000061035156,66.47000122070312,66.2750015258789,66.29000091552734,508.0
2026-09-08 20:30:00+00:00,66.29000091552734,66.3949966430664,66.19999694824219,66.375,355.0
2026-09-08 22:00:00+00:00,66.44000244140625,66.44000244140625,66.20999908447266,66.20999908447266,112.0
2026-09-08 22:30:00+00:00,66.21499633789062,66.26000213623047,66.12999725341797,66.22000122070312,126.0
2026-09-08 23:00:00+00:00,66.2249984741211,66.32499694824219,66.17500305175781,66.30000305175781,214.0
2026-09-08 23:30:00+00:00,66.31500244140625,66.375,66.16999816894531,66.19999694824219,240.0
2026-09-09 00:00:00+00:00,66.20999908447266,66.48500061035156,66.19999694824219,66.28500366210938,307.0
2026-09-09 00:30:00+00:00,66.36000061035156,66.76499938964844,66.33000183105469,66.74500274658203,339.0
2026-09-09 01:00:00+00:00,66.73999786376953,66.7750015258789,66.29499816894531,66.7699966430664,790.0
2026-09-09 01:30:00+00:00,66.7249984741211,66.90499877929688,66.62000274658203,66.70500183105469,437.0
2026-09-09 02:00:00+00:00,66.69499969482422,66.7300033569336,66.61499786376953,66.65499877929688,135.0
2026-09-09 02:30:00+00:00,66.66000366210938,67.30999755859375,66.50499725341797,67.11000061035156,1102.0
2026-09-09 03:00:00+00:00,67.12000274658203,67.13999938964844,66.82499694824219,66.93000030517578,332.0
2026-09-09 03:30:00+00:00,66.93000030517578,66.96499633789062,66.8499984741211,66.875,124.0
2026-09-09 04:00:00+00:00,66.8499984741211,66.88999938964844,66.70500183105469,66.87000274658203,184.0
2026-09-09 04:30:00+00:00,66.8499984741211,66.97000122070312,66.83000183105469,66.95999908447266,82.0
2026-09-09 05:00:00+00:00,66.94000244140625,67.19000244140625,66.91500091552734,67.02999877929688,678.0
2026-09-09 05:30:00+00:00,67.02999877929688,67.38500213623047,66.97000122070312,67.33499908447266,864.0
2026-09-09 06:00:00+00:00,67.33999633789062,67.48999786376953,67.20500183105469,67.24500274658203,672.0
2026-09-09 06:30:00+00:00,67.23999786376953,67.36499786376953,67.21499633789062,67.29000091552734,258.0
2026-09-09 07:00:00+00:00,67.29000091552734,67.63999938964844,67.25499725341797,67.61499786376953,741.0
2026-09-09 07:30:00+00:00,67.625,67.6449966430664,67.46499633789062,67.49500274658203,422.0
2026-09-09 08:00:00+00:00,67.5,67.50499725341797,67.22000122070312,67.26499938964844,384.0
2026-09-09 08:30:00+00:00,67.2750015258789,67.33499908447266,67.19499969482422,67.26000213623047,321.0
2026-09-09 09:00:00+00:00,67.2699966430664,67.33000183105469,67.16000366210938,67.18499755859375,286.0
2026-09-09 09:30:00+00:00,67.19999694824219,67.23999786376953,66.81500244140625,66.86499786376953,694.0
2026-09-09 10:00:00+00:00,66.875,66.98999786376953,66.68499755859375,66.92500305175781,737.0
2026-09-09 10:30:00+00:00,66.91999816894531,66.98999786376953,66.83000183105469,66.86000061035156,335.0
2026-09-09 11:00:00+00:00,66.86000061035156,67.18499755859375,66.86000061035156,67.13500213623047,621.0
2026-09-09 11:30:00+00:00,67.1449966430664,67.25499725341797,66.93000030517578,66.93499755859375,861.0
2026-09-09 12:00:00+00:00,66.92500305175781,67.0,66.65499877929688,66.72000122070312,980.0
2026-09-09 12:30:00+00:00,66.68000030517578,67.13999938964844,66.61499786376953,67.0250015258789,1435.0
2026-09-09 13:00:00+00:00,67.02999877929688,68.3949966430664,66.98999786376953,68.375,5608.0
2026-09-09 13:30:00+00:00,68.36499786376953,68.51000213623047,67.81999969482422,67.98500061035156,4503.0
2026-09-09 14:00:00+00:00,67.9800033569336,68.93499755859375,67.9800033569336,68.93499755859375,4704.0
2026-09-09 14:30:00+00:00,68.93499755859375,68.94499969482422,68.59500122070312,68.6449966430664,2337.0
2026-09-09 15:00:00+00:00,68.6449966430664,68.95999908447266,67.2249984741211,67.76499938964844,7595.0
2026-09-09 15:30:00+00:00,67.76000213623047,68.13999938964844,67.66000366210938,67.91999816894531,2528.0
2026-09-09 16:00:00+00:00,67.92500305175781,68.1449966430664,67.79499816894531,68.09500122070312,1841.0
2026-09-09 16:30:00+00:00,68.1050033569336,68.54499816894531,68.03500366210938,68.51499938964844,1791.0
2026-09-09 17:00:00+00:00,68.51499938964844,68.9800033569336,68.49500274658203,68.58499908447266,3701.0
2026-09-09 17:30:00+00:00,68.58999633789062,68.62000274658203,68.49500274658203,68.55000305175781,635.0
2026-09-09 18:00:00+00:00,68.56500244140625,68.6500015258789,68.46499633789062,68.55999755859375,694.0
2026-09-09 18:30:00+00:00,68.55999755859375,68.55999755859375,68.06999969482422,68.08000183105469,820.0
2026-09-09 19:00:00+00:00,68.08499908447266,68.2249984741211,67.9000015258789,68.05999755859375,721.0
2026-09-09 19:30:00+00:00,68.03500366210938,68.05000305175781,67.81999969482422,67.87999725341797,620.0
2026-09-09 20:00:00+00:00,67.875,67.88999938964844,67.75499725341797,67.80500030517578,265.0
2026-09-09 20:30:00+00:00,67.81500244140625,67.94000244140625,67.81500244140625,67.92500305175781,487.0
2026-09-09 22:00:00+00:00,67.94499969482422,68.04499816894531,67.88500213623047,67.97000122070312,138.0
2026-09-09 22:30:00+00:00,67.94499969482422,67.97000122070312,67.86499786376953,67.88999938964844,89.0
2026-09-09 23:00:00+00:00,67.90499877929688,67.95999908447266,67.86000061035156,67.86499786376953,124.0
2026-09-09 23:30:00+00:00,67.875,67.8949966430664,67.77999877929688,67.82499694824219,246.0
2026-09-10 00:00:00+00:00,67.81999969482422,67.97000122070312,67.80500030517578,67.875,288.0
2026-09-10 00:30:00+00:00,67.87999725341797,67.99500274658203,67.81999969482422,67.93499755859375,405.0
2026-09-10 01:00:00+00:00,67.93000030517578,68.30000305175781,67.91999816894531,68.0250015258789,1237.0
2026-09-10 01:30:00+00:00,68.0250015258789,68.05500030517578,67.8550033569336,67.97000122070312,458.0
2026-09-10 02:00:00+00:00,67.95500183105469,68.1449966430664,67.87999725341797,68.1449966430664,293.0
2026-09-10 02:30:00+00:00,68.1500015258789,68.29000091552734,67.9749984741211,68.2300033569336,584.0
2026-09-10 03:00:00+00:00,68.2300033569336,68.25499725341797,67.97000122070312,68.02999877929688,355.0
2026-09-10 03:30:00+00:00,68.01499938964844,68.09500122070312,67.96499633789062,67.99500274658203,166.0
2026-09-10 04:00:00+00:00,68.00499725341797,68.15499877929688,68.00499725341797,68.0999984741211,109.0
2026-09-10 04:30:00+00:00,68.11000061035156,68.1449966430664,67.99500274658203,68.06999969482422,117.0
2026-09-10 05:00:00+00:00,68.06999969482422,68.32499694824219,68.05000305175781,68.30500030517578,294.0
2026-09-10 05:30:00+00:00,68.33000183105469,68.52999877929688,68.26499938964844,68.52999877929688,861.0
2026-09-10 06:00:00+00:00,68.52999877929688,68.58499908447266,68.13500213623047,68.2750015258789,831.0
2026-09-10 06:30:00+00:00,68.26499938964844,68.31999969482422,68.13500213623047,68.18499755859375,499.0
2026-09-10 07:00:00+00:00,68.18499755859375,68.19000244140625,67.8949966430664,67.8949966430664,638.0
2026-09-10 07:30:00+00:00,67.8949966430664,67.98500061035156,67.70999908447266,67.94000244140625,630.0
2026-09-10 08:00:00+00:00,67.93499755859375,67.98999786376953,67.5999984741211,67.70999908447266,1003.0
2026-09-10 08:30:00+00:00,67.68499755859375,67.69000244140625,67.29499816894531,67.33499908447266,865.0
2026-09-10 09:00:00+00:00,67.33499908447266,67.38999938964844,67.19999694824219,67.21499633789062,603.0
2026-09-10 09:30:00+00:00,67.20999908447266,67.26499938964844,67.01499938964844,67.20999908447266,862.0
2026-09-10 10:00:00+00:00,67.18499755859375,67.32499694824219,66.80999755859375,66.98999786376953,1717.0
2026-09-10 10:30:00+00:00,67.0,67.01499938964844,66.24500274658203,66.28500366210938,2661.0
2026-09-10 11:00:00+00:00,66.29000091552734,66.4749984741211,66.08499908447266,66.41500091552734,2634.0
2026-09-10 11:30:00+00:00,66.3949966430664,66.53500366210938,66.09500122070312,66.13999938964844,1540.0
2026-09-10 12:00:00+00:00,66.13999938964844,66.33000183105469,65.54499816894531,65.6050033569336,3685.0
2026-09-10 12:30:00+00:00,65.6050033569336,65.92500305175781,64.45500183105469,64.57499694824219,9305.0
2026-09-10 13:00:00+00:00,64.58999633789062,65.27999877929688,64.55999755859375,65.19499969482422,6025.0
2026-09-10 13:30:00+00:00,65.19999694824219,65.56500244140625,64.8550033569336,65.08499908447266,5662.0
2026-09-10 14:00:00+00:00,65.09500122070312,65.40499877929688,64.81500244140625,65.0999984741211,4012.0
2026-09-10 14:30:00+00:00,65.08999633789062,65.25499725341797,64.71499633789062,64.98999786376953,2747.0
2026-09-10 15:00:00+00:00,65.0,65.1500015258789,64.84500122070312,64.98500061035156,1753.0
2026-09-10 15:30:00+00:00,64.98500061035156,65.0250015258789,64.80000305175781,64.875,1276.0
2026-09-10 16:00:00+00:00,64.87000274658203,64.97000122070312,64.51499938964844,64.78500366210938,2025.0
2026-09-10 16:30:00+00:00,64.77999877929688,64.91000366210938,64.66999816894531,64.81999969482422,1650.0
2026-09-10 17:00:00+00:00,64.82499694824219,65.00499725341797,64.75499725341797,64.97000122070312,3040.0
2026-09-10 17:30:00+00:00,64.97000122070312,64.9800033569336,64.68000030517578,64.73999786376953,950.0
2026-09-10 18:00:00+00:00,64.74500274658203,64.79499816894531,64.1500015258789,64.41999816894531,2825.0
2026-09-10 18:30:00+00:00,64.41000366210938,64.52999877929688,64.23999786376953,64.3949966430664,1183.0
2026-09-10 19:00:00+00:00,64.37999725341797,64.38500213623047,64.05000305175781,64.26000213623047,1249.0
2026-09-10 19:30:00+00:00,64.2699966430664,64.27999877929688,64.05999755859375,64.18000030517578,680.0
2026-09-10 20:00:00+00:00,64.18499755859375,64.19000244140625,64.01499938964844,64.11000061035156,435.0
2026-09-10 20:30:00+00:00,64.1050033569336,64.16500091552734,64.08999633789062,64.08999633789062,268.0
2026-09-10 22:00:00+00:00,64.1449966430664,64.19499969482422,64.05000305175781,64.08000183105469,103.0
2026-09-10 22:30:00+00:00,64.05500030517578,64.05500030517578,63.7599983215332,64.0199966430664,610.0
2026-09-10 23:00:00+00:00,64.02999877929688,64.1050033569336,64.0199966430664,64.05999755859375,166.0
2026-09-10 23:30:00+00:00,64.05500030517578,64.08000183105469,63.8849983215332,63.94499969482422,203.0
2026-09-11 00:00:00+00:00,63.939998626708984,64.1449966430664,63.91999816894531,64.125,312.0
2026-09-11 00:30:00+00:00,64.12999725341797,64.25499725341797,63.970001220703125,64.18499755859375,399.0
2026-09-11 01:00:00+00:00,64.16999816894531,64.31999969482422,63.915000915527344,64.06999969482422,1423.0
2026-09-11 01:30:00+00:00,64.09500122070312,64.19999694824219,63.709999084472656,63.970001220703125,1266.0
2026-09-11 02:00:00+00:00,63.96500015258789,64.0,63.779998779296875,63.814998626708984,454.0
2026-09-11 02:30:00+00:00,63.80500030517578,63.92499923706055,63.625,63.85499954223633,990.0
2026-09-11 03:00:00+00:00,63.849998474121094,63.974998474121094,63.529998779296875,63.599998474121094,1012.0
2026-09-11 03:30:00+00:00,63.625,63.7400016784668,63.5099983215332,63.56999969482422,288.0
2026-09-11 04:00:00+00:00,63.564998626708984,64.00499725341797,63.52000045776367,64.0,499.0
2026-09-11 04:30:00+00:00,64.00499725341797,64.20999908447266,63.939998626708984,64.02999877929688,617.0
2026-09-11 05:00:00+00:00,64.04000091552734,64.2699966430664,64.03500366210938,64.16000366210938,516.0
2026-09-11 05:30:00+00:00,64.16999816894531,64.61499786376953,64.09500122070312,64.45500183105469,1396.0
2026-09-11 06:00:00+00:00,64.45500183105469,64.69499969482422,64.42500305175781,64.43000030517578,1138.0
2026-09-11 06:30:00+00:00,64.42500305175781,64.48999786376953,64.31999969482422,64.46499633789062,728.0
2026-09-11 07:00:00+00:00,64.44499969482422,64.59500122070312,64.4000015258789,64.4000015258789,505.0
2026-09-11 07:30:00+00:00,64.40499877929688,64.54499816894531,64.3499984741211,64.4749984741211,618.0
2026-09-11 08:00:00+00:00,64.48500061035156,64.8499984741211,64.30999755859375,64.67500305175781,1430.0
2026-09-11 08:30:00+00:00,64.66500091552734,64.80500030517578,64.55000305175781,64.58499908447266,646.0
2026-09-11 09:00:00+00:00,64.59500122070312,64.7300033569336,64.47000122070312,64.50499725341797,404.0
2026-09-11 09:30:00+00:00,64.49500274658203,64.5250015258789,64.3949966430664,64.51499938964844,299.0
2026-09-11 10:00:00+00:00,64.49500274658203,64.58999633789062,64.37999725341797,64.54499816894531,732.0
2026-09-11 10:30:00+00:00,64.50499725341797,64.54000091552734,64.30500030517578,64.33000183105469,411.0
2026-09-11 11:00:00+00:00,64.33000183105469,64.45500183105469,64.26000213623047,64.36000061035156,1067.0
2026-09-11 11:30:00+00:00,64.36000061035156,64.41000366210938,64.2249984741211,64.31500244140625,450.0
2026-09-11 12:00:00+00:00,64.34500122070312,64.83499908447266,64.32499694824219,64.72000122070312,2059.0
2026-09-11 12:30:00+00:00,64.69000244140625,65.73500061035156,63.150001525878906,65.68000030517578,8588.0
2026-09-11 13:00:00+00:00,65.67500305175781,65.72000122070312,65.20999908447266,65.53500366210938,4097.0
2026-09-11 13:30:00+00:00,65.54499816894531,65.81999969482422,65.28500366210938,65.78500366210938,3758.0
2026-09-11 14:00:00+00:00,65.79000091552734,65.80500030517578,65.25499725341797,65.2750015258789,2705.0
2026-09-11 14:30:00+00:00,65.2750015258789,65.4800033569336,65.04000091552734,65.05999755859375,2520.0
2026-09-11 15:00:00+00:00,65.05500030517578,65.08499908447266,64.7750015258789,64.99500274658203,1570.0
2026-09-11 15:30:00+00:00,64.97000122070312,65.1050033569336,64.91500091552734,64.98500061035156,895.0
2026-09-11 16:00:00+00:00,64.99500274658203,65.12999725341797,64.61000061035156,64.80999755859375,1829.0
2026-09-11 16:30:00+00:00,64.80999755859375,65.03500366210938,64.7699966430664,64.96499633789062,867.0
2026-09-11 17:00:00+00:00,64.95999908447266,65.23500061035156,64.95999908447266,65.16500091552734,1482.0
2026-09-11 17:30:00+00:00,65.17500305175781,65.19999694824219,64.9749984741211,65.00499725341797,560.0
2026-09-11 18:00:00+00:00,65.01000213623047,65.05000305175781,64.78500366210938,64.91500091552734,875.0
2026-09-11 18:30:00+00:00,64.91000366210938,64.91999816894531,64.75,64.80000305175781,419.0
2026-09-11 19:00:00+00:00,64.80000305175781,64.99500274658203,64.76499938964844,64.91999816894531,632.0
2026-09-11 19:30:00+00:00,64.91500091552734,64.94499969482422,64.83999633789062,64.91000366210938,494.0
2026-09-11 20:00:00+00:00,64.91500091552734,64.97000122070312,64.86499786376953,64.92500305175781,204.0
2026-09-11 20:30:00+00:00,64.93000030517578,65.18800354003906,64.8949966430664,65.18800354003906,270.0
2026-09-13 22:00:00+00:00,64.3499984741211,64.55000305175781,64.30000305175781,64.55000305175781,318.0
2026-09-13 22:30:00+00:00,64.5250015258789,64.57499694824219,64.5,64.55500030517578,202.0
2026-09-13 23:00:00+00:00,64.57499694824219,64.67500305175781,64.47000122070312,64.59500122070312,149.0
2026-09-13 23:30:00+00:00,64.59500122070312,64.61499786376953,64.36499786376953,64.4749984741211,130.0
2026-09-14 00:00:00+00:00,64.40499877929688,64.81999969482422,64.38500213623047,64.46499633789062,410.0
2026-09-14 00:30:00+00:00,64.4800033569336,64.72000122070312,64.3550033569336,64.5250015258789,380.0
2026-09-14 01:00:00+00:00,64.5250015258789,64.69499969482422,64.21499633789062,64.5999984741211,1079.0
2026-09-14 01:30:00+00:00,64.5999984741211,64.80500030517578,64.41999816894531,64.74500274658203,363.0
2026-09-14 02:00:00+00:00,64.75499725341797,64.87999725341797,64.66999816894531,64.83999633789062,234.0
2026-09-14 02:30:00+00:00,64.8550033569336,64.9800033569336,64.41000366210938,64.43000030517578,624.0
2026-09-14 03:00:00+00:00,64.41500091552734,64.5999984741211,64.36499786376953,64.55500030517578,344.0
2026-09-14 03:30:00+00:00,64.58000183105469,64.58000183105469,64.34500122070312,64.41000366210938,216.0
2026-09-14 04:00:00+00:00,64.41999816894531,64.47000122070312,64.38999938964844,64.43499755859375,244.0
2026-09-14 04:30:00+00:00,64.44499969482422,64.48999786376953,64.31999969482422,64.44499969482422,210.0
2026-09-14 05:00:00+00:00,64.44999694824219,64.49500274658203,64.2750015258789,64.27999877929688,330.0
2026-09-14 05:30:00+00:00,64.28500366210938,64.625,64.18499755859375,64.54000091552734,911.0
2026-09-14 06:00:00+00:00,64.5250015258789,64.57499694824219,64.30999755859375,64.33999633789062,453.0
2026-09-14 06:30:00+00:00,64.34500122070312,64.37999725341797,64.1050033569336,64.13999938964844,619.0
2026-09-14 07:00:00+00:00,64.1449966430664,64.20999908447266,64.0199966430664,64.0250015258789,712.0
2026-09-14 07:30:00+00:00,64.0199966430664,64.13999938964844,63.69499969482422,63.80500030517578,889.0
2026-09-14 08:00:00+00:00,63.810001373291016,63.94499969482422,63.70500183105469,63.71500015258789,678.0
2026-09-14 08:30:00+00:00,63.70500183105469,63.915000915527344,63.650001525878906,63.75,569.0
2026-09-14 09:00:00+00:00,63.72999954223633,63.810001373291016,62.8650016784668,63.05500030517578,2341.0
2026-09-14 09:30:00+00:00,63.04999923706055,63.185001373291016,62.79999923706055,63.1150016784668,1674.0
2026-09-14 10:00:00+00:00,63.095001220703125,63.38999938964844,62.97999954223633,63.36000061035156,850.0
2026-09-14 10:30:00+00:00,63.3650016784668,63.380001068115234,63.22999954223633,63.26499938964844,536.0
2026-09-14 11:00:00+00:00,63.27000045776367,63.584999084472656,63.2400016784668,63.54499816894531,859.0
2026-09-14 11:30:00+00:00,63.54999923706055,63.58000183105469,63.275001525878906,63.38999938964844,845.0
2026-09-14 12:00:00+00:00,63.38999938964844,63.665000915527344,63.30500030517578,63.404998779296875,1427.0
2026-09-14 12:30:00+00:00,63.40999984741211,63.6150016784668,63.09000015258789,63.15999984741211,2049.0
2026-09-14 13:00:00+00:00,63.165000915527344,63.560001373291016,62.959999084472656,63.42499923706055,2367.0
2026-09-14 13:30:00+00:00,63.42499923706055,63.595001220703125,63.255001068115234,63.314998626708984,2800.0
2026-09-14 14:00:00+00:00,63.314998626708984,63.7400016784668,63.20000076293945,63.28499984741211,2189.0
2026-09-14 14:30:00+00:00,63.29999923706055,63.54999923706055,63.22999954223633,63.46500015258789,1281.0
2026-09-14 15:00:00+00:00,63.47999954223633,63.755001068115234,63.345001220703125,63.70500183105469,2291.0
2026-09-14 15:30:00+00:00,63.689998626708984,64.1050033569336,63.650001525878906,63.779998779296875,2706.0
2026-09-14 16:00:00+00:00,63.78499984741211,64.01499938964844,63.70500183105469,63.900001525878906,1106.0
2026-09-14 16:30:00+00:00,63.89500045776367,64.3550033569336,63.88999938964844,64.21499633789062,1624.0
2026-09-14 17:00:00+00:00,64.22000122070312,64.2699966430664,64.1050033569336,64.22000122070312,1324.0
2026-09-14 17:30:00+00:00,64.20500183105469,64.28500366210938,64.11000061035156,64.22000122070312,598.0
2026-09-14 18:00:00+00:00,64.2249984741211,64.33999633789062,64.12999725341797,64.19999694824219,499.0
2026-09-14 18:30:00+00:00,64.19499969482422,64.27999877929688,64.13500213623047,64.19000244140625,334.0
2026-09-14 19:00:00+00:00,64.17500305175781,64.18000030517578,63.869998931884766,63.88999938964844,514.0
2026-09-14 19:30:00+00:00,63.89500045776367,63.900001525878906,63.459999084472656,63.474998474121094,1192.0
2026-09-14 20:00:00+00:00,63.474998474121094,63.7400016784668,63.45000076293945,63.69499969482422,332.0
2026-09-14 20:30:00+00:00,63.70500183105469,63.77000045776367,63.66999816894531,63.755001068115234,219.0
2026-09-14 22:00:00+00:00,63.7599983215332,63.900001525878906,63.66999816894531,63.724998474121094,187.0
2026-09-14 22:30:00+00:00,63.724998474121094,63.775001525878906,63.70000076293945,63.73500061035156,179.0
2026-09-14 23:00:00+00:00,63.73500061035156,63.755001068115234,63.619998931884766,63.65999984741211,147.0
2026-09-14 23:30:00+00:00,63.66999816894531,63.68000030517578,63.61000061035156,63.64500045776367,89.0
2026-09-15 00:00:00+00:00,63.654998779296875,63.66999816894531,63.44499969482422,63.474998474121094,345.0
2026-09-15 00:30:00+00:00,63.435001373291016,63.665000915527344,63.38999938964844,63.6349983215332,252.0
2026-09-15 01:00:00+00:00,63.654998779296875,64.08000183105469,63.54999923706055,63.915000915527344,1080.0
2026-09-15 01:30:00+00:00,63.92499923706055,63.974998474121094,63.6349983215332,63.880001068115234,443.0
2026-09-15 02:00:00+00:00,63.8849983215332,64.0250015258789,63.85499954223633,64.0250015258789,608.0
2026-09-15 02:30:00+00:00,64.0250015258789,64.06999969482422,63.90999984741211,64.04000091552734,414.0
2026-09-15 03:00:00+00:00,64.05000305175781,64.08000183105469,63.915000915527344,63.95000076293945,250.0
2026-09-15 03:30:00+00:00,63.959999084472656,64.03500366210938,63.84000015258789,63.86000061035156,157.0
2026-09-15 04:00:00+00:00,63.83000183105469,63.90999984741211,63.790000915527344,63.79999923706055,133.0
2026-09-15 04:30:00+00:00,63.81999969482422,63.90999984741211,63.775001525878906,63.83000183105469,105.0
2026-09-15 05:00:00+00:00,63.81999969482422,63.86000061035156,63.599998474121094,63.6349983215332,255.0
2026-09-15 05:30:00+00:00,63.630001068115234,63.834999084472656,63.494998931884766,63.69499969482422,576.0
2026-09-15 06:00:00+00:00,63.720001220703125,63.744998931884766,63.51499938964844,63.69499969482422,445.0
2026-09-15 06:30:00+00:00,63.685001373291016,63.709999084472656,63.564998626708984,63.64500045776367,389.0
2026-09-15 07:00:00+00:00,63.625,63.68000030517578,63.44499969482422,63.599998474121094,355.0
2026-09-15 07:30:00+00:00,63.54499816894531,63.6349983215332,63.21500015258789,63.29999923706055,588.0
2026-09-15 08:00:00+00:00,63.29499816894531,63.3849983215332,63.03499984741211,63.345001220703125,636.0
2026-09-15 08:30:00+00:00,63.33000183105469,63.3650016784668,63.2400016784668,63.2599983215332,272.0
2026-09-15 09:00:00+00:00,63.279998779296875,63.36000061035156,63.20000076293945,63.314998626708984,362.0
2026-09-15 09:30:00+00:00,63.29999923706055,63.560001373291016,63.290000915527344,63.540000915527344,615.0
2026-09-15 10:00:00+00:00,63.54999923706055,63.72999954223633,63.53499984741211,63.564998626708984,514.0
2026-09-15 10:30:00+00:00,63.560001373291016,63.70000076293945,63.51499938964844,63.63999938964844,368.0
2026-09-15 11:00:00+00:00,63.64500045776367,63.70500183105469,63.56999969482422,63.63999938964844,682.0
2026-09-15 11:30:00+00:00,63.66999816894531,63.80500030517578,63.63999938964844,63.76499938964844,347.0
2026-09-15 12:00:00+00:00,63.75,63.78499984741211,63.60499954223633,63.7599983215332,474.0
2026-09-15 12:30:00+00:00,63.755001068115234,64.43499755859375,63.7400016784668,64.27999877929688,2201.0
2026-09-15 13:00:00+00:00,64.26499938964844,64.44000244140625,64.08000183105469,64.1449966430664,1684.0
2026-09-15 13:30:00+00:00,64.15499877929688,64.43499755859375,64.03500366210938,64.31500244140625,1779.0
2026-09-15 14:00:00+00:00,64.31500244140625,64.34500122070312,63.79999923706055,63.8650016784668,1600.0
2026-09-15 14:30:00+00:00,63.834999084472656,63.8849983215332,63.57500076293945,63.654998779296875,1577.0
2026-09-15 15:00:00+00:00,63.65999984741211,63.779998779296875,63.59000015258789,63.67499923706055,919.0
2026-09-15 15:30:00+00:00,63.69499969482422,63.974998474121094,63.68000030517578,63.79499816894531,1199.0
2026-09-15 16:00:00+00:00,63.779998779296875,63.97999954223633,63.63999938964844,63.91999816894531,754.0
2026-09-15 16:30:00+00:00,63.915000915527344,63.9900016784668,63.834999084472656,63.95000076293945,601.0
2026-09-15 17:00:00+00:00,63.959999084472656,64.01000213623047,63.79499816894531,63.869998931884766,1438.0
2026-09-15 17:30:00+00:00,63.875,64.01000213623047,63.86000061035156,63.994998931884766,518.0
2026-09-15 18:00:00+00:00,64.01000213623047,64.42500305175781,63.94499969482422,64.3499984741211,1135.0
2026-09-15 18:30:00+00:00,64.33000183105469,64.40499877929688,64.16999816894531,64.37999725341797,728.0
2026-09-15 19:00:00+00:00,64.38500213623047,64.46499633789062,64.23999786376953,64.28500366210938,637.0
2026-09-15 19:30:00+00:00,64.27999877929688,64.32499694824219,64.1500015258789,64.19000244140625,404.0
2026-09-15 20:00:00+00:00,64.19499969482422,64.2249984741211,64.0999984741211,64.11499786376953,240.0
2026-09-15 20:30:00+00:00,64.12000274658203,64.20500183105469,64.07499694824219,64.18499755859375,226.0
2026-09-15 22:00:00+00:00,64.18499755859375,64.33000183105469,64.18499755859375,64.32499694824219,100.0
2026-09-15 22:30:00+00:00,64.33499908447266,64.33999633789062,64.25,64.25,97.0
2026-09-15 23:00:00+00:00,64.25499725341797,64.26000213623047,64.16500091552734,64.17500305175781,182.0
2026-09-15 23:30:00+00:00,64.19000244140625,64.26000213623047,64.16000366210938,64.18499755859375,101.0
2026-09-16 00:00:00+00:00,64.18499755859375,64.26499938964844,64.1500015258789,64.21499633789062,144.0
2026-09-16 00:30:00+00:00,64.2300033569336,64.2300033569336,63.939998626708984,63.959999084472656,342.0
2026-09-16 01:00:00+00:00,63.97999954223633,64.4800033569336,63.96500015258789,64.36000061035156,860.0
2026-09-16 01:30:00+00:00,64.3550033569336,64.37999725341797,64.01499938964844,64.08000183105469,384.0
2026-09-16 02:00:00+00:00,64.0999984741211,64.66000366210938,64.0999984741211,64.5999984741211,544.0
2026-09-16 02:30:00+00:00,64.61499786376953,65.31999969482422,64.5199966430664,65.26499938964844,2266.0
2026-09-16 03:00:00+00:00,65.25499725341797,65.3949966430664,65.07499694824219,65.17500305175781,1259.0
2026-09-16 03:30:00+00:00,65.16999816894531,65.18000030517578,65.0,65.11000061035156,607.0
2026-09-16 04:00:00+00:00,65.125,65.18000030517578,65.08000183105469,65.12000274658203,238.0
2026-09-16 04:30:00+00:00,65.12999725341797,65.18000030517578,65.05999755859375,65.0999984741211,96.0
2026-09-16 05:00:00+00:00,65.0999984741211,65.23999786376953,65.04000091552734,65.18499755859375,402.0
2026-09-16 05:30:00+00:00,65.19000244140625,65.31999969482422,65.1050033569336,65.1449966430664,569.0
2026-09-16 06:00:00+00:00,65.13500213623047,65.24500274658203,64.93000030517578,65.13999938964844,599.0
2026-09-16 06:30:00+00:00,65.125,65.26000213623047,65.08000183105469,65.25499725341797,444.0
2026-09-16 07:00:00+00:00,65.25499725341797,65.41000366210938,65.2300033569336,65.33999633789062,542.0
2026-09-16 07:30:00+00:00,65.34500122070312,65.41500091552734,65.02999877929688,65.05000305175781,362.0
2026-09-16 08:00:00+00:00,65.03500366210938,65.125,64.7750015258789,65.05500030517578,1273.0
2026-09-16 08:30:00+00:00,65.05000305175781,65.06500244140625,64.81999969482422,65.06500244140625,362.0
2026-09-16 09:00:00+00:00,65.06999969482422,65.07499694824219,64.88500213623047,64.92500305175781,415.0
2026-09-16 09:30:00+00:00,64.93000030517578,65.06999969482422,64.92500305175781,65.02999877929688,298.0
2026-09-16 10:00:00+00:00,65.02999877929688,65.16500091552734,64.94499969482422,65.0999984741211,506.0
2026-09-16 10:30:00+00:00,65.11000061035156,65.2750015258789,65.06500244140625,65.2699966430664,397.0
2026-09-16 11:00:00+00:00,65.28500366210938,65.44000244140625,65.2300033569336,65.37000274658203,1138.0
2026-09-16 11:30:00+00:00,65.37000274658203,65.46499633789062,65.25,65.26000213623047,982.0
2026-09-16 12:00:00+00:00,65.2699966430664,65.33499908447266,65.01499938964844,65.15499877929688,1225.0
2026-09-16 12:30:00+00:00,65.1449966430664,65.33499908447266,64.94999694824219,65.27999877929688,1360.0
2026-09-16 13:00:00+00:00,65.28500366210938,65.33499908447266,64.97000122070312,65.16999816894531,1890.0
2026-09-16 13:30:00+00:00,65.16000366210938,65.19000244140625,64.87999725341797,64.91999816894531,1814.0
2026-09-16 14:00:00+00:00,64.91500091552734,64.94000244140625,64.61499786376953,64.81500244140625,1669.0
2026-09-16 14:30:00+00:00,64.80000305175781,65.2300033569336,64.71499633789062,65.19999694824219,1466.0
2026-09-16 15:00:00+00:00,65.20500183105469,65.38500213623047,65.0199966430664,65.02999877929688,2244.0
2026-09-16 15:30:00+00:00,65.05000305175781,65.37999725341797,64.98500061035156,65.05500030517578,1385.0
2026-09-16 16:00:00+00:00,65.05999755859375,65.12999725341797,64.9749984741211,65.05999755859375,636.0
2026-09-16 16:30:00+00:00,65.06999969482422,65.08000183105469,64.90499877929688,64.99500274658203,558.0
2026-09-16 17:00:00+00:00,64.98999786376953,65.01499938964844,64.80000305175781,65.01000213623047,1313.0
2026-09-16 17:30:00+00:00,65.01499938964844,65.41000366210938,64.78500366210938,65.41000366210938,1221.0
2026-09-16 18:00:00+00:00,65.30999755859375,65.43000030517578,64.03500366210938,64.43499755859375,6497.0
2026-09-16 18:30:00+00:00,64.44499969482422,64.71499633789062,63.45000076293945,63.540000915527344,6754.0
2026-09-16 19:00:00+00:00,63.525001525878906,64.125,62.75,63.130001068115234,5253.0
2026-09-16 19:30:00+00:00,63.119998931884766,63.6349983215332,63.09000015258789,63.625,1709.0
2026-09-16 20:00:00+00:00,63.60499954223633,63.650001525878906,63.314998626708984,63.375,629.0
2026-09-16 20:30:00+00:00,63.375,63.5,63.31999969482422,63.41999816894531,321.0
2026-09-16 22:00:00+00:00,63.42499923706055,63.494998931884766,63.279998779296875,63.380001068115234,221.0
2026-09-16 22:30:00+00:00,63.380001068115234,63.5099983215332,63.345001220703125,63.36000061035156,214.0
2026-09-16 23:00:00+00:00,63.36000061035156,63.61000061035156,63.290000915527344,63.584999084472656,278.0
2026-09-16 23:30:00+00:00,63.599998474121094,63.75,63.5,63.685001373291016,571.0
2026-09-17 00:00:00+00:00,63.685001373291016,63.86000061035156,63.584999084472656,63.81999969482422,392.0
2026-09-17 00:30:00+00:00,63.84000015258789,63.94499969482422,63.560001373291016,63.64500045776367,603.0
2026-09-17 01:00:00+00:00,63.64500045776367,64.45999908447266,63.64500045776367,64.36000061035156,1723.0
2026-09-17 01:30:00+00:00,64.36499786376953,64.61000061035156,63.880001068115234,63.95000076293945,1426.0
2026-09-17 02:00:00+00:00,63.935001373291016,64.00499725341797,63.494998931884766,63.81999969482422,1469.0
2026-09-17 02:30:00+00:00,63.81999969482422,63.93000030517578,63.564998626708984,63.625,795.0
2026-09-17 03:00:00+00:00,63.619998931884766,63.92499923706055,63.619998931884766,63.849998474121094,319.0
2026-09-17 03:30:00+00:00,63.86000061035156,64.19999694824219,63.86000061035156,64.19999694824219,498.0
2026-09-17 04:00:00+00:00,64.16000366210938,64.16999816894531,64.06999969482422,64.08000183105469,176.0
2026-09-17 04:30:00+00:00,64.06500244140625,64.23999786376953,64.04000091552734,64.17500305175781,155.0
2026-09-17 05:00:00+00:00,64.19000244140625,64.20999908447266,63.915000915527344,63.91999816894531,211.0
2026-09-17 05:30:00+00:00,63.91999816894531,64.25,63.88999938964844,64.20999908447266,620.0
2026-09-17 06:00:00+00:00,64.19499969482422,64.33000183105469,64.1449966430664,64.30000305175781,706.0
2026-09-17 06:30:00+00:00,64.29499816894531,64.36499786376953,64.16500091552734,64.25499725341797,858.0
2026-09-17 07:00:00+00:00,64.2750015258789,64.77999877929688,64.23999786376953,64.76000213623047,1242.0
2026-09-17 07:30:00+00:00,64.75,64.91000366210938,64.625,64.79000091552734,1462.0
2026-09-17 08:00:00+00:00,64.79499816894531,64.80500030517578,64.51000213623047,64.5250015258789,460.0
2026-09-17 08:30:00+00:00,64.54000091552734,64.54000091552734,64.26000213623047,64.31500244140625,470.0
2026-09-17 09:00:00+00:00,64.33499908447266,64.51499938964844,64.33499908447266,64.36499786376953,300.0
2026-09-17 09:30:00+00:00,64.37999725341797,64.45999908447266,64.3550033569336,64.38500213623047,250.0
2026-09-17 10:00:00+00:00,64.38500213623047,64.45500183105469,64.31999969482422,64.3949966430664,276.0
2026-09-17 10:30:00+00:00,64.40499877929688,64.625,64.32499694824219,64.57499694824219,526.0
2026-09-17 11:00:00+00:00,64.58000183105469,64.80999755859375,64.54499816894531,64.69499969482422,1017.0
2026-09-17 11:30:00+00:00,64.69000244140625,65.26000213623047,64.55999755859375,65.25499725341797,1956.0
2026-09-17 12:00:00+00:00,65.25,66.12000274658203,65.07499694824219,66.12000274658203,5035.0
2026-09-17 12:30:00+00:00,66.06999969482422,66.06999969482422,65.66000366210938,66.0,2160.0
2026-09-17 13:00:00+00:00,65.99500274658203,66.25,65.79499816894531,65.86499786376953,3196.0
2026-09-17 13:30:00+00:00,65.87999725341797,66.2699966430664,65.75499725341797,66.2300033569336,2636.0
2026-09-17 14:00:00+00:00,66.24500274658203,66.66999816894531,66.12999725341797,66.37999725341797,3833.0
2026-09-17 14:30:00+00:00,66.38500213623047,66.50499725341797,66.01000213623047,66.05999755859375,1758.0
2026-09-17 15:00:00+00:00,66.06500244140625,66.38500213623047,66.05000305175781,66.30500030517578,1201.0
2026-09-17 15:30:00+00:00,66.30000305175781,66.42500305175781,66.22000122070312,66.41000366210938,838.0
2026-09-17 16:00:00+00:00,66.40499877929688,66.45999908447266,66.23999786376953,66.29000091552734,734.0
2026-09-17 16:30:00+00:00,66.28500366210938,66.29499816894531,66.0250015258789,66.19999694824219,1184.0
2026-09-17 17:00:00+00:00,66.21499633789062,66.3949966430664,66.06999969482422,66.1050033569336,1739.0
2026-09-17 17:30:00+00:00,66.11000061035156,66.1500015258789,66.05500030517578,66.08499908447266,540.0
2026-09-17 18:00:00+00:00,66.08999633789062,66.22000122070312,65.91999816894531,65.9749984741211,774.0
2026-09-17 18:30:00+00:00,65.9800033569336,65.98500061035156,65.81999969482422,65.8499984741211,498.0
2026-09-17 19:00:00+00:00,65.8499984741211,65.94999694824219,65.73999786376953,65.73999786376953,489.0
2026-09-17 19:30:00+00:00,65.73999786376953,65.91999816894531,65.7300033569336,65.80999755859375,779.0
2026-09-17 20:00:00+00:00,65.81500244140625,65.83499908447266,65.73999786376953,65.73999786376953,202.0
2026-09-17 20:30:00+00:00,65.75,65.75499725341797,65.68000030517578,65.71499633789062,282.0
2026-09-17 22:00:00+00:00,65.76499938964844,65.93000030517578,65.73999786376953,65.82499694824219,192.0
2026-09-17 22:30:00+00:00,65.81999969482422,65.9000015258789,65.77999877929688,65.81999969482422,138.0
2026-09-17 23:00:00+00:00,65.81500244140625,65.93000030517578,65.7699966430664,65.875,325.0
2026-09-17 23:30:00+00:00,65.8550033569336,65.96499633789062,65.8499984741211,65.91000366210938,148.0
2026-09-18 00:00:00+00:00,65.91000366210938,66.20999908447266,65.8499984741211,66.04499816894531,423.0
2026-09-18 00:30:00+00:00,66.07499694824219,66.27999877929688,66.07499694824219,66.26499938964844,282.0
2026-09-18 01:00:00+00:00,66.27999877929688,66.48500061035156,66.1500015258789,66.31999969482422,811.0
2026-09-18 01:30:00+00:00,66.32499694824219,66.3550033569336,66.05500030517578,66.26499938964844,614.0
2026-09-18 02:00:00+00:00,66.2750015258789,66.33999633789062,66.19000244140625,66.31999969482422,243.0
2026-09-18 02:30:00+00:00,66.31999969482422,66.44999694824219,66.08999633789062,66.16000366210938,629.0
2026-09-18 03:00:00+00:00,66.16000366210938,66.45500183105469,66.03500366210938,66.22000122070312,634.0
2026-09-18 03:30:00+00:00,66.22000122070312,66.63500213623047,66.21499633789062,66.58000183105469,659.0
2026-09-18 04:00:00+00:00,66.61000061035156,66.62000274658203,66.36499786376953,66.44999694824219,258.0
2026-09-18 04:30:00+00:00,66.47000122070312,66.66000366210938,66.44000244140625,66.66000366210938,323.0
2026-09-18 05:00:00+00:00,66.65499877929688,66.88500213623047,66.57499694824219,66.81999969482422,1309.0
2026-09-18 05:30:00+00:00,66.81500244140625,67.18000030517578,66.66000366210938,67.16999816894531,2112.0
2026-09-18 06:00:00+00:00,67.15499877929688,67.30000305175781,67.08999633789062,67.25499725341797,970.0
2026-09-18 06:30:00+00:00,67.25499725341797,67.33499908447266,67.18499755859375,67.30500030517578,831.0
2026-09-18 07:00:00+00:00,67.31500244140625,67.54499816894531,67.28500366210938,67.53500366210938,1189.0
2026-09-18 07:30:00+00:00,67.54499816894531,67.68499755859375,67.51000213623047,67.53500366210938,1198.0
2026-09-18 08:00:00+00:00,67.53500366210938,67.66500091552734,67.48999786376953,67.53500366210938,820.0
2026-09-18 08:30:00+00:00,67.54499816894531,67.84500122070312,67.5,67.79000091552734,986.0
2026-09-18 09:00:00+00:00,67.80500030517578,67.8949966430664,67.62000274658203,67.70500183105469,585.0
2026-09-18 09:30:00+00:00,67.70500183105469,67.7300033569336,67.48999786376953,67.56999969482422,558.0
2026-09-18 10:00:00+00:00,67.56500244140625,67.59500122070312,67.44999694824219,67.52999877929688,491.0
2026-09-18 10:30:00+00:00,67.51499938964844,67.59500122070312,67.44000244140625,67.59500122070312,349.0
2026-09-18 11:00:00+00:00,67.6050033569336,67.7249984741211,67.4800033569336,67.55000305175781,1126.0
2026-09-18 11:30:00+00:00,67.55000305175781,67.70500183105469,67.26000213623047,67.48500061035156,1020.0
2026-09-18 12:00:00+00:00,67.4800033569336,67.5,66.76499938964844,66.93000030517578,2710.0
2026-09-18 12:30:00+00:00,66.91000366210938,67.32499694824219,66.90499877929688,67.1449966430664,1952.0
2026-09-18 13:00:00+00:00,67.1500015258789,67.30500030517578,66.96499633789062,67.06500244140625,1776.0
2026-09-18 13:30:00+00:00,67.07499694824219,67.08499908447266,66.72000122070312,66.75499725341797,2184.0
2026-09-18 14:00:00+00:00,66.75499725341797,66.8949966430664,66.50499725341797,66.57499694824219,1912.0
2026-09-18 14:30:00+00:00,66.56500244140625,66.93000030517578,66.55500030517578,66.87000274658203,1591.0
2026-09-18 15:00:00+00:00,66.87000274658203,66.9749984741211,66.75,66.91500091552734,930.0
2026-09-18 15:30:00+00:00,66.91000366210938,66.92500305175781,66.73500061035156,66.87999725341797,1008.0
2026-09-18 16:00:00+00:00,66.87000274658203,67.1449966430664,66.75,67.11499786376953,2106.0
2026-09-18 16:30:00+00:00,67.11000061035156,67.32499694824219,67.06999969482422,67.11499786376953,1367.0
2026-09-18 17:00:00+00:00,67.11499786376953,67.2750015258789,67.06500244140625,67.18000030517578,1310.0
2026-09-18 17:30:00+00:00,67.18000030517578,67.33999633789062,67.15499877929688,67.26499938964844,1023.0
2026-09-18 18:00:00+00:00,67.26499938964844,67.37999725341797,67.17500305175781,67.3550033569336,1084.0
2026-09-18 18:30:00+00:00,67.33999633789062,67.33999633789062,66.9749984741211,67.01000213623047,648.0
2026-09-18 19:00:00+00:00,67.0,67.1449966430664,66.91500091552734,66.95500183105469,782.0
2026-09-18 19:30:00+00:00,66.94499969482422,67.0,66.76499938964844,66.86499786376953,787.0
2026-09-18 20:00:00+00:00,66.86499786376953,66.9800033569336,66.8499984741211,66.91000366210938,327.0
2026-09-18 20:30:00+00:00,66.93000030517578,67.14900207519531,66.69499969482422,67.14900207519531,410.0
