time,Open,High,Low,Close,Volume
2026-02-15 23:00:00+00:00,77.96399688720703,77.96399688720703,75.69999694824219,76.27999877929688,423.0
2026-02-16 00:00:00+00:00,76.26499938964844,76.93000030517578,75.87000274658203,76.75499725341797,434.0
2026-02-16 01:00:00+00:00,76.65499877929688,77.44000244140625,76.41000366210938,77.20500183105469,723.0
2026-02-16 02:00:00+00:00,77.25,77.3550033569336,75.68000030517578,75.68000030517578,807.0
2026-02-16 03:00:00+00:00,75.7249984741211,75.78500366210938,74.69000244140625,75.18000030517578,882.0
2026-02-16 04:00:00+00:00,75.21499633789062,75.33999633789062,74.69999694824219,75.08999633789062,419.0
2026-02-17 05:00:00+00:00,75.01499938964844,75.125,72.50499725341797,73.7249984741211,3216.0
2026-02-17 06:00:00+00:00,73.76499938964844,74.72000122070312,73.76499938964844,74.46499633789062,1080.0
2026-02-17 07:00:00+00:00,74.54000091552734,75.01000213623047,74.07499694824219,74.87000274658203,841.0
2026-02-17 08:00:00+00:00,74.82499694824219,75.33000183105469,74.70999908447266,74.8499984741211,874.0
2026-02-17 09:00:00+00:00,74.79499816894531,74.93499755859375,73.86499786376953,74.43499755859375,1400.0
2026-02-17 10:00:00+00:00,74.43499755859375,74.84500122070312,73.51499938964844,73.80999755859375,1406.0
2026-02-17 11:00:00+00:00,73.81999969482422,74.75,73.81999969482422,74.56500244140625,1099.0
2026-02-17 12:00:00+00:00,74.55500030517578,75.1449966430664,74.37000274658203,74.48500061035156,1529.0
2026-02-17 13:00:00+00:00,74.44999694824219,74.51499938964844,72.80000305175781,72.82499694824219,3748.0
2026-02-17 14:00:00+00:00,72.83000183105469,74.68000030517578,72.05000305175781,72.19499969482422,8827.0
2026-02-17 15:00:00+00:00,72.19499969482422,73.3499984741211,71.81500244140625,73.12000274658203,5742.0
2026-02-17 16:00:00+00:00,73.15499877929688,73.88500213623047,73.0999984741211,73.1449966430664,4268.0
2026-02-17 17:00:00+00:00,73.1050033569336,73.16500091552734,72.0,72.69000244140625,4369.0
2026-02-17 18:00:00+00:00,72.66500091552734,74.12000274658203,72.57499694824219,73.80500030517578,5948.0
2026-02-17 19:00:00+00:00,73.80500030517578,74.04499816894531,73.47000122070312,73.54499816894531,1432.0
2026-02-17 20:00:00+00:00,73.5199966430664,73.62000274658203,73.06999969482422,73.28500366210938,1022.0
2026-02-17 21:00:00+00:00,73.2699966430664,73.66500091552734,73.25499725341797,73.55000305175781,336.0
2026-02-17 23:00:00+00:00,73.58000183105469,73.79499816894531,72.25,72.44999694824219,0.0
2026-02-18 00:00:00+00:00,72.38500213623047,72.95999908447266,72.30000305175781,72.4749984741211,1008.0
2026-02-18 01:00:00+00:00,72.5250015258789,73.48999786376953,72.5250015258789,73.43499755859375,1006.0
2026-02-18 02:00:00+00:00,73.37999725341797,73.80000305175781,73.20999908447266,73.48500061035156,659.0
2026-02-18 03:00:00+00:00,73.55999755859375,74.68499755859375,73.48500061035156,74.6449966430664,944.0
2026-02-18 04:00:00+00:00,74.59500122070312,75.7699966430664,74.45999908447266,75.63500213623047,1165.0
2026-02-18 05:00:00+00:00,75.86000061035156,76.18000030517578,75.43000030517578,75.6050033569336,963.0
2026-02-18 06:00:00+00:00,75.56999969482422,75.73999786376953,75.1050033569336,75.49500274658203,789.0
2026-02-18 07:00:00+00:00,75.48999786376953,76.04499816894531,75.42500305175781,75.69499969482422,688.0
2026-02-18 08:00:00+00:00,75.70500183105469,76.04499816894531,75.4800033569336,75.80500030517578,1748.0
2026-02-18 09:00:00+00:00,75.80000305175781,76.08000183105469,75.6449966430664,75.66000366210938,834.0
2026-02-18 10:00:00+00:00,75.72000122070312,76.27999877929688,75.41500091552734,75.70500183105469,949.0
2026-02-18 11:00:00+00:00,75.68000030517578,75.83499908447266,75.20999908447266,75.41999816894531,776.0
2026-02-18 12:00:00+00:00,75.3949966430664,75.8499984741211,75.25499725341797,75.65499877929688,1443.0
2026-02-18 13:00:00+00:00,75.68499755859375,76.93499755859375,75.55500030517578,76.6500015258789,3609.0
2026-02-18 14:00:00+00:00,76.66000366210938,77.75,76.61499786376953,77.62000274658203,5177.0
2026-02-18 15:00:00+00:00,77.63500213623047,78.25499725341797,77.49500274658203,77.5999984741211,5037.0
2026-02-18 16:00:00+00:00,77.68000030517578,78.21499633789062,77.58999633789062,77.76499938964844,3260.0
2026-02-18 17:00:00+00:00,77.7750015258789,78.31999969482422,77.6500015258789,78.1500015258789,3370.0
2026-02-18 18:00:00+00:00,78.19999694824219,78.30500030517578,76.83000183105469,77.24500274658203,5891.0
2026-02-18 19:00:00+00:00,77.19499969482422,77.41500091552734,76.2300033569336,76.62999725341797,2407.0
2026-02-18 20:00:00+00:00,76.625,77.3499984741211,76.4749984741211,77.30000305175781,1373.0
2026-02-18 21:00:00+00:00,77.30999755859375,77.30999755859375,77.0,77.12999725341797,444.0
2026-02-18 23:00:00+00:00,77.1449966430664,77.6050033569336,76.61000061035156,77.08000183105469,0.0
2026-02-19 00:00:00+00:00,77.05999755859375,77.1050033569336,76.30000305175781,76.38500213623047,670.0
2026-02-19 01:00:00+00:00,76.38500213623047,77.18000030517578,76.3550033569336,77.16999816894531,682.0
2026-02-19 02:00:00+00:00,77.18000030517578,77.34500122070312,76.87999725341797,77.07499694824219,600.0
2026-02-19 03:00:00+00:00,77.02999877929688,77.94499969482422,76.94999694824219,77.87000274658203,742.0
2026-02-19 04:00:00+00:00,77.8550033569336,78.13500213623047,77.56500244140625,77.80000305175781,567.0
2026-02-19 05:00:00+00:00,77.80999755859375,78.01499938964844,77.7699966430664,77.84500122070312,345.0
2026-02-19 06:00:00+00:00,77.83999633789062,78.8550033569336,77.80500030517578,78.73999786376953,898.0
2026-02-19 07:00:00+00:00,78.7750015258789,79.1500015258789,78.69499969482422,78.77999877929688,835.0
2026-02-19 08:00:00+00:00,78.76000213623047,79.40499877929688,78.53500366210938,79.05999755859375,1556.0
2026-02-19 09:00:00+00:00,79.11000061035156,79.19000244140625,78.26000213623047,78.48999786376953,1178.0
2026-02-19 10:00:00+00:00,78.44999694824219,78.50499725341797,78.0,78.375,1171.0
2026-02-19 11:00:00+00:00,78.33499908447266,78.50499725341797,77.17500305175781,77.80999755859375,1969.0
2026-02-19 12:00:00+00:00,77.80000305175781,78.1500015258789,77.24500274658203,77.95999908447266,1832.0
2026-02-19 13:00:00+00:00,77.94499969482422,78.33499908447266,77.43499755859375,78.24500274658203,2790.0
2026-02-19 14:00:00+00:00,78.2300033569336,78.2300033569336,76.8949966430664,77.86000061035156,4383.0
2026-02-19 15:00:00+00:00,77.93499755859375,79.08499908447266,77.83999633789062,78.56999969482422,5518.0
2026-02-19 16:00:00+00:00,78.55500030517578,78.58999633789062,77.26000213623047,77.4800033569336,4033.0
2026-02-19 17:00:00+00:00,77.48500061035156,78.01000213623047,77.31500244140625,77.4800033569336,2469.0
2026-02-19 18:00:00+00:00,77.49500274658203,77.86000061035156,77.37999725341797,77.7300033569336,2932.0
2026-02-19 19:00:00+00:00,77.7249984741211,78.04499816894531,77.44499969482422,77.66999816894531,1511.0
2026-02-19 20:00:00+00:00,77.71499633789062,78.44999694824219,77.68499755859375,78.30000305175781,785.0
2026-02-19 21:00:00+00:00,78.33999633789062,78.5,78.08999633789062,78.44000244140625,0.0
2026-02-19 23:00:00+00:00,78.4749984741211,78.66500091552734,77.83499908447266,77.87000274658203,772.0
2026-02-20 00:00:00+00:00,77.91000366210938,78.58000183105469,77.75499725341797,78.58000183105469,513.0
2026-02-20 01:00:00+00:00,78.56500244140625,78.65499877929688,78.02999877929688,78.30000305175781,678.0
2026-02-20 02:00:00+00:00,78.20500183105469,78.56999969482422,77.80000305175781,78.0,532.0
2026-02-20 03:00:00+00:00,78.01499938964844,78.5250015258789,77.28500366210938,77.54499816894531,1085.0
2026-02-20 04:00:00+00:00,77.55999755859375,78.18000030517578,77.55999755859375,78.0,316.0
2026-02-20 05:00:00+00:00,78.0999984741211,78.53500366210938,78.0999984741211,78.5250015258789,403.0
2026-02-20 06:00:00+00:00,78.5250015258789,78.86499786376953,78.375,78.62999725341797,675.0
2026-02-20 07:00:00+00:00,78.67500305175781,78.94999694824219,78.52999877929688,78.625,724.0
2026-02-20 08:00:00+00:00,78.65499877929688,79.87999725341797,78.59500122070312,79.80000305175781,1521.0
2026-02-20 09:00:00+00:00,79.78500366210938,81.0999984741211,79.73999786376953,80.29499816894531,2942.0
2026-02-20 10:00:00+00:00,80.30999755859375,80.93499755859375,80.13999938964844,80.71499633789062,1226.0
2026-02-20 11:00:00+00:00,80.71499633789062,80.93499755859375,80.08000183105469,80.42500305175781,1530.0
2026-02-20 12:00:00+00:00,80.40499877929688,80.67500305175781,79.93000030517578,80.52999877929688,1367.0
2026-02-20 13:00:00+00:00,80.55500030517578,80.88500213623047,80.08499908447266,80.76499938964844,2858.0
2026-02-20 14:00:00+00:00,80.75,81.98999786376953,80.47000122070312,81.66999816894531,5475.0
2026-02-20 15:00:00+00:00,81.73999786376953,82.54000091552734,79.75,81.7750015258789,12072.0
2026-02-20 16:00:00+00:00,81.80500030517578,82.58499908447266,81.41999816894531,82.43000030517578,3809.0
2026-02-20 17:00:00+00:00,82.48999786376953,82.94999694824219,81.87000274658203,82.76000213623047,4689.0
2026-02-20 18:00:00+00:00,82.7750015258789,82.95999908447266,82.23999786376953,82.93000030517578,4520.0
2026-02-20 19:00:00+00:00,82.91500091552734,83.43000030517578,82.76000213623047,83.34500122070312,2425.0
2026-02-20 20:00:00+00:00,83.33000183105469,84.58999633789062,83.29499816894531,84.43000030517578,3650.0
2026-02-20 21:00:00+00:00,84.42500305175781,84.6449966430664,82.34300231933594,82.34300231933594,1613.0
2026-02-22 23:00:00+00:00,85.80999755859375,87.16000366210938,85.79000091552734,86.88999938964844,2952.0
2026-02-23 00:00:00+00:00,86.87999725341797,87.01000213623047,85.83499908447266,86.17500305175781,2212.0
2026-02-23 01:00:00+00:00,86.17500305175781,87.5,85.80500030517578,86.69499969482422,2067.0
2026-02-23 02:00:00+00:00,86.76499938964844,87.68499755859375,86.625,87.3949966430664,1325.0
2026-02-23 03:00:00+00:00,87.47000122070312,87.51000213623047,86.94999694824219,87.02999877929688,956.0
2026-02-23 04:00:00+00:00,87.03500366210938,87.42500305175781,86.87999725341797,87.00499725341797,715.0
2026-02-23 05:00:00+00:00,86.9800033569336,87.125,86.63999938964844,86.83000183105469,606.0
2026-02-23 06:00:00+00:00,86.8550033569336,86.9749984741211,86.1449966430664,86.30000305175781,1023.0
2026-02-23 07:00:00+00:00,86.25499725341797,86.51000213623047,85.05000305175781,85.67500305175781,3237.0
2026-02-23 08:00:00+00:00,85.66000366210938,86.25,85.48500061035156,86.18499755859375,2305.0
2026-02-23 09:00:00+00:00,86.16999816894531,86.6449966430664,86.1050033569336,86.51499938964844,1086.0
2026-02-23 10:00:00+00:00,86.53500366210938,86.88999938964844,86.45999908447266,86.80500030517578,1252.0
2026-02-23 11:00:00+00:00,86.80000305175781,86.81999969482422,86.06500244140625,86.33499908447266,1780.0
2026-02-23 12:00:00+00:00,86.33499908447266,86.95999908447266,86.17500305175781,86.8949966430664,1284.0
2026-02-23 13:00:00+00:00,86.88999938964844,86.94499969482422,85.4800033569336,85.48999786376953,4417.0
2026-02-23 14:00:00+00:00,85.5,87.84500122070312,85.44999694824219,87.09500122070312,7035.0
2026-02-23 15:00:00+00:00,87.1050033569336,87.375,86.12000274658203,86.46499633789062,6696.0
2026-02-23 16:00:00+00:00,86.41999816894531,87.25,85.72000122070312,86.49500274658203,5045.0
2026-02-23 17:00:00+00:00,86.50499725341797,86.81500244140625,86.08499908447266,86.69499969482422,5550.0
2026-02-23 18:00:00+00:00,86.69999694824219,87.54000091552734,86.45999908447266,87.47000122070312,4345.0
2026-02-23 19:00:00+00:00,87.44000244140625,87.66999816894531,87.25,87.51499938964844,1542.0
2026-02-23 20:00:00+00:00,87.51499938964844,88.86000061035156,87.49500274658203,88.69499969482422,2343.0
2026-02-23 21:00:00+00:00,88.68000030517578,88.70500183105469,87.75499725341797,88.0,1227.0
2026-02-23 23:00:00+00:00,88.04000091552734,88.75,87.87999725341797,87.94499969482422,0.0
2026-02-24 00:00:00+00:00,87.94499969482422,88.08000183105469,87.13999938964844,87.49500274658203,1639.0
2026-02-24 01:00:00+00:00,87.5,87.5,84.6050033569336,86.32499694824219,5891.0
2026-02-24 02:00:00+00:00,86.33000183105469,87.4000015258789,86.1500015258789,87.30000305175781,1658.0
2026-02-24 03:00:00+00:00,87.31500244140625,87.48999786376953,86.74500274658203,86.79499816894531,941.0
2026-02-24 04:00:00+00:00,86.74500274658203,86.94000244140625,86.5250015258789,86.67500305175781,529.0
2026-02-24 05:00:00+00:00,86.67500305175781,88.08499908447266,86.55500030517578,87.91999816894531,1346.0
2026-02-24 06:00:00+00:00,87.96499633789062,88.7249984741211,87.62999725341797,87.96499633789062,2453.0
2026-02-24 07:00:00+00:00,87.9000015258789,88.21499633789062,87.68499755859375,87.72000122070312,1025.0
2026-02-24 08:00:00+00:00,87.69000244140625,88.12999725341797,87.45500183105469,87.94000244140625,1439.0
2026-02-24 09:00:00+00:00,88.01499938964844,88.19000244140625,87.7249984741211,87.91000366210938,2192.0
2026-02-24 10:00:00+00:00,87.94000244140625,88.47000122070312,87.68499755859375,87.92500305175781,1745.0
2026-02-24 11:00:00+00:00,87.91000366210938,88.17500305175781,87.6500015258789,87.95500183105469,1108.0
2026-02-24 12:00:00+00:00,87.88500213623047,88.05999755859375,87.125,87.59500122070312,2395.0
2026-02-24 13:00:00+00:00,87.59500122070312,88.11000061035156,85.86499786376953,85.98999786376953,6361.0
2026-02-24 14:00:00+00:00,86.0,87.3949966430664,85.19999694824219,87.02999877929688,9679.0
2026-02-24 15:00:00+00:00,86.9800033569336,87.94999694824219,86.80999755859375,87.7249984741211,5556.0
2026-02-24 16:00:00+00:00,87.66999816894531,88.12999725341797,86.8949966430664,87.2699966430664,4621.0
2026-02-24 17:00:00+00:00,87.29000091552734,88.04000091552734,87.29000091552734,87.95999908447266,4090.0
2026-02-24 18:00:00+00:00,87.95999908447266,88.2249984741211,87.0199966430664,87.19499969482422,5852.0
2026-02-24 19:00:00+00:00,87.19499969482422,87.29499816894531,86.5199966430664,86.91500091552734,2197.0
2026-02-24 20:00:00+00:00,86.90499877929688,87.66000366210938,86.59500122070312,87.26000213623047,1476.0
2026-02-24 21:00:00+00:00,87.27999877929688,87.37000274658203,86.95999908447266,87.06999969482422,0.0
2026-02-24 23:00:00+00:00,87.16500091552734,87.4000015258789,86.50499725341797,87.19999694824219,718.0
2026-02-25 00:00:00+00:00,87.18000030517578,87.44000244140625,86.73500061035156,87.375,533.0
2026-02-25 01:00:00+00:00,87.3949966430664,88.75,87.31999969482422,88.30999755859375,1455.0
2026-02-25 02:00:00+00:00,88.31999969482422,89.70999908447266,88.31999969482422,89.41000366210938,1178.0
2026-02-25 03:00:00+00:00,89.44499969482422,89.8499984741211,88.75,89.54499816894531,988.0
2026-02-25 04:00:00+00:00,89.5199966430664,89.54499816894531,89.13500213623047,89.42500305175781,371.0
2026-02-25 05:00:00+00:00,89.41000366210938,91.18000030517578,89.41000366210938,90.72000122070312,1083.0
2026-02-25 06:00:00+00:00,90.70999908447266,90.72000122070312,90.01000213623047,90.48500061035156,861.0
2026-02-25 07:00:00+00:00,90.45999908447266,90.52999877929688,90.22000122070312,90.33000183105469,737.0
2026-02-25 08:00:00+00:00,90.25499725341797,91.6500015258789,90.25,91.51000213623047,8506.0
2026-02-25 09:00:00+00:00,91.44499969482422,91.56999969482422,90.9749984741211,91.30500030517578,2496.0
2026-02-25 10:00:00+00:00,91.3550033569336,91.47000122070312,90.9000015258789,91.08499908447266,2113.0
2026-02-25 11:00:00+00:00,91.05500030517578,91.05500030517578,90.04000091552734,91.04000091552734,2977.0
2026-02-25 12:00:00+00:00,91.05500030517578,91.25,90.6500015258789,91.08999633789062,2821.0
2026-02-25 13:00:00+00:00,91.1500015258789,91.56500244140625,90.80000305175781,91.12000274658203,4966.0
2026-02-25 14:00:00+00:00,91.09500122070312,91.42500305175781,89.93499755859375,91.16999816894531,10672.0
2026-02-25 15:00:00+00:00,91.17500305175781,91.37000274658203,90.38999938964844,91.25,6126.0
2026-02-25 16:00:00+00:00,91.2300033569336,91.5999984741211,90.93000030517578,91.43499755859375,3977.0
2026-02-25 17:00:00+00:00,91.44999694824219,91.74500274658203,91.19499969482422,91.66000366210938,3628.0
2026-02-25 18:00:00+00:00,91.6500015258789,91.6500015258789,91.6500015258789,91.6500015258789,1.0
2026-02-25 19:00:00+00:00,91.6500015258789,91.98500061035156,91.31999969482422,91.7699966430664,1698.0
2026-02-25 20:00:00+00:00,91.79000091552734,91.86499786376953,88.83499908447266,89.02999877929688,6246.0
2026-02-25 21:00:00+00:00,89.01000213623047,90.29499816894531,88.95999908447266,89.86000061035156,2607.0
2026-02-25 23:00:00+00:00,89.55999755859375,90.25499725341797,87.80000305175781,88.19000244140625,0.0
2026-02-26 00:00:00+00:00,88.19000244140625,90.1500015258789,88.1050033569336,89.93000030517578,2626.0
2026-02-26 01:00:00+00:00,89.98500061035156,90.98999786376953,89.75,90.20999908447266,2771.0
2026-02-26 02:00:00+00:00,90.21499633789062,90.40499877929688,88.42500305175781,89.38999938964844,1821.0
2026-02-26 03:00:00+00:00,89.45500183105469,89.88999938964844,89.20999908447266,89.88500213623047,783.0
2026-02-26 04:00:00+00:00,89.86000061035156,90.29000091552734,89.70999908447266,89.7699966430664,609.0
2026-02-26 05:00:00+00:00,89.87000274658203,90.55500030517578,89.70500183105469,89.9800033569336,1147.0
2026-02-26 06:00:00+00:00,89.9800033569336,90.19499969482422,89.19000244140625,89.63999938964844,1104.0
2026-02-26 07:00:00+00:00,89.72000122070312,89.82499694824219,88.5999984741211,88.9749984741211,2146.0
2026-02-26 08:00:00+00:00,88.99500274658203,89.06500244140625,86.69999694824219,87.93499755859375,4697.0
2026-02-26 09:00:00+00:00,87.9000015258789,88.26499938964844,87.6500015258789,88.01499938964844,987.0
2026-02-26 10:00:00+00:00,87.98500061035156,88.18000030517578,87.11499786376953,87.28500366210938,1321.0
2026-02-26 11:00:00+00:00,87.26000213623047,88.12999725341797,87.26000213623047,87.56500244140625,1346.0
2026-02-26 12:00:00+00:00,87.59500122070312,87.80000305175781,86.30999755859375,87.66000366210938,3417.0
2026-02-26 13:00:00+00:00,87.66000366210938,88.0,86.91999816894531,87.625,3342.0
2026-02-26 14:00:00+00:00,87.63500213623047,87.63999938964844,86.12000274658203,87.08499908447266,5830.0
2026-02-26 15:00:00+00:00,87.08999633789062,88.09500122070312,85.54499816894531,87.94999694824219,7292.0
2026-02-26 16:00:00+00:00,87.98500061035156,88.0250015258789,87.08999633789062,87.19999694824219,2435.0
2026-02-26 17:00:00+00:00,87.21499633789062,87.8499984741211,86.79499816894531,87.16500091552734,1928.0
2026-02-26 18:00:00+00:00,87.18000030517578,88.08999633789062,86.83499908447266,87.94499969482422,3442.0
2026-02-26 19:00:00+00:00,87.91500091552734,88.95999908447266,87.91000366210938,88.81999969482422,1995.0
2026-02-26 20:00:00+00:00,88.80999755859375,89.51000213623047,88.78500366210938,89.4000015258789,2063.0
2026-02-26 21:00:00+00:00,89.41000366210938,89.50499725341797,88.7750015258789,88.86499786376953,760.0
2026-02-26 23:00:00+00:00,89.07499694824219,89.17500305175781,88.49500274658203,88.75499725341797,0.0
2026-02-27 00:00:00+00:00,88.7750015258789,89.47000122070312,88.62000274658203,88.94999694824219,1475.0
2026-02-27 01:00:00+00:00,88.9749984741211,90.04499816894531,88.30500030517578,90.0199966430664,1868.0
2026-02-27 02:00:00+00:00,90.05500030517578,90.61499786376953,89.79499816894531,90.41000366210938,1684.0
2026-02-27 03:00:00+00:00,90.41500091552734,90.53500366210938,89.9000015258789,89.94999694824219,984.0
2026-02-27 04:00:00+00:00,89.94499969482422,90.4000015258789,89.88999938964844,90.13500213623047,315.0
2026-02-27 05:00:00+00:00,90.1050033569336,90.7300033569336,90.05999755859375,90.63999938964844,731.0
2026-02-27 06:00:00+00:00,90.6500015258789,91.16500091552734,90.56500244140625,90.76000213623047,1418.0
2026-02-27 07:00:00+00:00,90.7750015258789,90.88999938964844,90.3949966430664,90.73999786376953,1156.0
2026-02-27 08:00:00+00:00,90.7699966430664,90.93000030517578,90.0999984741211,90.15499877929688,919.0
2026-02-27 09:00:00+00:00,90.16000366210938,90.61499786376953,90.0199966430664,90.25,940.0
2026-02-27 10:00:00+00:00,90.25,90.375,89.63999938964844,90.27999877929688,1045.0
2026-02-27 11:00:00+00:00,90.30000305175781,90.6449966430664,90.19000244140625,90.56999969482422,670.0
2026-02-27 12:00:00+00:00,90.56500244140625,90.71499633789062,90.0250015258789,90.36499786376953,1150.0
2026-02-27 13:00:00+00:00,90.34500122070312,93.33499908447266,90.27999877929688,92.76499938964844,7804.0
2026-02-27 14:00:00+00:00,92.73500061035156,92.92500305175781,91.5,92.23999786376953,5015.0
2026-02-27 15:00:00+00:00,92.18499755859375,94.45500183105469,92.13999938964844,94.16000366210938,6581.0
2026-02-27 16:00:00+00:00,94.18499755859375,94.76000213623047,93.68499755859375,93.82499694824219,5232.0
2026-02-27 17:00:00+00:00,93.84500122070312,94.5250015258789,93.58000183105469,94.25499725341797,3302.0
2026-02-27 18:00:00+00:00,94.2699966430664,94.46499633789062,92.91999816894531,93.7750015258789,5415.0
2026-02-27 19:00:00+00:00,93.7699966430664,94.12000274658203,93.41000366210938,93.80500030517578,1205.0
2026-02-27 20:00:00+00:00,93.80999755859375,94.4800033569336,93.6449966430664,94.41500091552734,1355.0
2026-02-27 21:00:00+00:00,94.41000366210938,94.5,94.19499969482422,94.3499984741211,1129.0
2026-03-01 23:00:00+00:00,95.68499755859375,96.82499694824219,95.0,96.18000030517578,2768.0
2026-03-02 00:00:00+00:00,96.1500015258789,96.21499633789062,94.51499938964844,94.62999725341797,2233.0
2026-03-02 01:00:00+00:00,94.57499694824219,95.11499786376953,92.30999755859375,92.63999938964844,5817.0
2026-03-02 02:00:00+00:00,92.5999984741211,94.58999633789062,92.58499908447266,94.36499786376953,2048.0
2026-03-02 03:00:00+00:00,94.3499984741211,94.98500061035156,94.13999938964844,94.7300033569336,1010.0
2026-03-02 04:00:00+00:00,94.76499938964844,94.81999969482422,93.59500122070312,94.08000183105469,782.0
2026-03-02 05:00:00+00:00,94.07499694824219,94.7699966430664,93.77999877929688,94.45500183105469,754.0
2026-03-02 06:00:00+00:00,94.43499755859375,95.69999694824219,94.3949966430664,95.33999633789062,1533.0
2026-03-02 07:00:00+00:00,95.23999786376953,96.48999786376953,95.19999694824219,96.48999786376953,1728.0
2026-03-02 08:00:00+00:00,96.41500091552734,96.55000305175781,95.72000122070312,95.77999877929688,1460.0
2026-03-02 09:00:00+00:00,95.83499908447266,96.1449966430664,95.38500213623047,95.73500061035156,1016.0
2026-03-02 10:00:00+00:00,95.71499633789062,96.00499725341797,95.44000244140625,95.6050033569336,963.0
2026-03-02 11:00:00+00:00,95.6449966430664,95.77999877929688,94.66500091552734,94.97000122070312,1477.0
2026-03-02 12:00:00+00:00,94.98500061035156,95.65499877929688,94.61000061035156,95.44499969482422,1919.0
2026-03-02 13:00:00+00:00,95.40499877929688,95.5,93.33999633789062,94.21499633789062,4641.0
2026-03-02 14:00:00+00:00,94.20500183105469,94.22000122070312,88.61000061035156,90.26499938964844,15835.0
2026-03-02 15:00:00+00:00,90.3550033569336,91.19499969482422,88.5999984741211,88.93499755859375,6783.0
2026-03-02 16:00:00+00:00,88.92500305175781,88.92500305175781,86.7249984741211,87.26499938964844,9550.0
2026-03-02 17:00:00+00:00,87.30000305175781,88.48500061035156,87.125,88.16999816894531,3459.0
2026-03-02 18:00:00+00:00,88.18499755859375,89.18499755859375,87.72000122070312,89.08499908447266,4354.0
2026-03-02 19:00:00+00:00,89.05500030517578,90.00499725341797,89.01499938964844,89.625,1858.0
2026-03-02 20:00:00+00:00,89.63500213623047,91.08499908447266,89.49500274658203,90.29000091552734,2967.0
2026-03-02 21:00:00+00:00,90.30500030517578,90.41999816894531,89.57499694824219,89.61000061035156,0.0
2026-03-02 23:00:00+00:00,89.69000244140625,90.56999969482422,89.69000244140625,90.30000305175781,1117.0
2026-03-03 00:00:00+00:00,90.30500030517578,91.6050033569336,90.04000091552734,90.86000061035156,1262.0
2026-03-03 01:00:00+00:00,90.86000061035156,91.55000305175781,88.68499755859375,88.94999694824219,3238.0
2026-03-03 02:00:00+00:00,88.93000030517578,90.51499938964844,88.46499633789062,90.33499908447266,2127.0
2026-03-03 03:00:00+00:00,90.3499984741211,90.54000091552734,89.92500305175781,90.40499877929688,776.0
2026-03-03 04:00:00+00:00,90.42500305175781,90.51499938964844,89.69999694824219,89.88500213623047,407.0
2026-03-03 05:00:00+00:00,89.83000183105469,90.32499694824219,86.15499877929688,87.01499938964844,3583.0
2026-03-03 06:00:00+00:00,87.05500030517578,87.56999969482422,83.00499725341797,85.19999694824219,9633.0
2026-03-03 07:00:00+00:00,85.1500015258789,87.55999755859375,84.81999969482422,87.28500366210938,4985.0
2026-03-03 08:00:00+00:00,87.2750015258789,87.86000061035156,85.00499725341797,85.11000061035156,3750.0
2026-03-03 09:00:00+00:00,85.16500091552734,85.63500213623047,83.11499786376953,84.47000122070312,4395.0
2026-03-03 10:00:00+00:00,84.48500061035156,84.87999725341797,81.66000366210938,82.08999633789062,5016.0
2026-03-03 11:00:00+00:00,81.94499969482422,82.6449966430664,78.05999755859375,81.36000061035156,12220.0
2026-03-03 12:00:00+00:00,81.42500305175781,83.66999816894531,81.08000183105469,83.45999908447266,4403.0
2026-03-03 13:00:00+00:00,83.45500183105469,83.45500183105469,81.58999633789062,82.47000122070312,5483.0
2026-03-03 14:00:00+00:00,82.42500305175781,83.1050033569336,79.30000305175781,79.73999786376953,8873.0
2026-03-03 15:00:00+00:00,79.66500091552734,82.83999633789062,79.6449966430664,82.77999877929688,6872.0
2026-03-03 16:00:00+00:00,82.80000305175781,83.9800033569336,82.34500122070312,82.80000305175781,4716.0
2026-03-03 17:00:00+00:00,82.79000091552734,83.33999633789062,81.88999938964844,82.44000244140625,3732.0
2026-03-03 18:00:00+00:00,82.45500183105469,84.375,82.41500091552734,83.81500244140625,5287.0
2026-03-03 19:00:00+00:00,83.8499984741211,84.1449966430664,82.44499969482422,83.27999877929688,2871.0
2026-03-03 20:00:00+00:00,83.33999633789062,83.78500366210938,82.25499725341797,82.76499938964844,1638.0
2026-03-03 21:00:00+00:00,82.78500366210938,82.81999969482422,82.15499877929688,82.30000305175781,734.0
2026-03-03 23:00:00+00:00,82.4000015258789,83.37999725341797,81.73999786376953,83.2249984741211,0.0
2026-03-04 00:00:00+00:00,83.25,83.58999633789062,82.0999984741211,83.44000244140625,891.0
2026-03-04 01:00:00+00:00,83.5,84.62000274658203,82.44000244140625,84.52999877929688,2237.0
2026-03-04 02:00:00+00:00,84.55999755859375,85.7249984741211,84.13999938964844,84.20500183105469,2149.0
2026-03-04 03:00:00+00:00,84.17500305175781,85.18000030517578,83.46499633789062,85.13999938964844,1125.0
2026-03-04 04:00:00+00:00,85.11499786376953,85.58000183105469,84.58000183105469,84.70500183105469,877.0
2026-03-04 05:00:00+00:00,84.74500274658203,85.15499877929688,84.3550033569336,84.73500061035156,691.0
2026-03-04 06:00:00+00:00,84.61000061035156,85.03500366210938,83.80999755859375,85.0250015258789,1145.0
2026-03-04 07:00:00+00:00,84.95500183105469,85.37000274658203,84.9000015258789,85.02999877929688,721.0
2026-03-04 08:00:00+00:00,84.95500183105469,85.9800033569336,84.5199966430664,85.4749984741211,1244.0
2026-03-04 09:00:00+00:00,85.44999694824219,86.5,85.23500061035156,86.42500305175781,1233.0
2026-03-04 10:00:00+00:00,86.44499969482422,86.87000274658203,85.79000091552734,86.16999816894531,1951.0
2026-03-04 11:00:00+00:00,86.1500015258789,86.72000122070312,86.11000061035156,86.41000366210938,1304.0
2026-03-04 12:00:00+00:00,86.3949966430664,87.06999969482422,85.05000305175781,85.52999877929688,3023.0
2026-03-04 13:00:00+00:00,85.5999984741211,86.4000015258789,84.59500122070312,84.91500091552734,2668.0
2026-03-04 14:00:00+00:00,84.88500213623047,85.45999908447266,83.33000183105469,83.7699966430664,6099.0
2026-03-04 15:00:00+00:00,83.55000305175781,84.83499908447266,83.2699966430664,84.3949966430664,3887.0
2026-03-04 16:00:00+00:00,84.43499755859375,84.81999969482422,83.44000244140625,83.76000213623047,2438.0
2026-03-04 17:00:00+00:00,83.7699966430664,84.125,83.16999816894531,83.74500274658203,1989.0
2026-03-04 18:00:00+00:00,83.7300033569336,83.81999969482422,82.32499694824219,83.50499725341797,5714.0
2026-03-04 19:00:00+00:00,83.50499725341797,83.94499969482422,83.2249984741211,83.75,936.0
2026-03-04 20:00:00+00:00,83.73500061035156,83.94999694824219,83.04000091552734,83.36499786376953,924.0
2026-03-04 21:00:00+00:00,83.37000274658203,83.7699966430664,83.33499908447266,83.76499938964844,303.0
2026-03-04 23:00:00+00:00,83.8949966430664,84.19000244140625,83.45500183105469,84.16999816894531,0.0
2026-03-05 00:00:00+00:00,84.19999694824219,84.5199966430664,84.07499694824219,84.28500366210938,514.0
2026-03-05 01:00:00+00:00,84.3499984741211,85.47000122070312,84.3499984741211,84.45999908447266,1617.0
2026-03-05 02:00:00+00:00,84.52999877929688,85.3499984741211,84.50499725341797,85.3499984741211,940.0
2026-03-05 03:00:00+00:00,85.33999633789062,85.75,84.7750015258789,85.0199966430664,738.0
2026-03-05 04:00:00+00:00,85.05500030517578,85.2249984741211,84.4000015258789,84.7750015258789,538.0
2026-03-05 05:00:00+00:00,84.80999755859375,84.95999908447266,82.56500244140625,82.56500244140625,941.0
2026-03-05 06:00:00+00:00,82.44999694824219,83.7300033569336,80.56500244140625,83.53500366210938,4864.0
2026-03-05 07:00:00+00:00,83.5,83.93499755859375,83.22000122070312,83.74500274658203,951.0
2026-03-05 08:00:00+00:00,83.7249984741211,84.08000183105469,82.91000366210938,84.06999969482422,1479.0
2026-03-05 09:00:00+00:00,83.9749984741211,85.15499877929688,83.69999694824219,84.36000061035156,2525.0
2026-03-05 10:00:00+00:00,84.28500366210938,84.7249984741211,83.8499984741211,84.51499938964844,811.0
2026-03-05 11:00:00+00:00,84.48999786376953,84.76000213623047,84.25,84.30000305175781,507.0
2026-03-05 12:00:00+00:00,84.33499908447266,84.94499969482422,84.125,84.1500015258789,1222.0
2026-03-05 13:00:00+00:00,84.20999908447266,84.31999969482422,81.70500183105469,82.74500274658203,6487.0
2026-03-05 14:00:00+00:00,82.7300033569336,83.50499725341797,82.04000091552734,82.83499908447266,4953.0
2026-03-05 15:00:00+00:00,82.81999969482422,83.66999816894531,81.5250015258789,82.53500366210938,5881.0
2026-03-05 16:00:00+00:00,82.56500244140625,82.56500244140625,81.31500244140625,81.95500183105469,3442.0
2026-03-05 17:00:00+00:00,81.94999694824219,82.62000274658203,81.51499938964844,81.69999694824219,2321.0
2026-03-05 18:00:00+00:00,81.65499877929688,82.68499755859375,81.4749984741211,81.80000305175781,3109.0
2026-03-05 19:00:00+00:00,81.75499725341797,82.20999908447266,80.7699966430664,81.16500091552734,1665.0
2026-03-05 20:00:00+00:00,81.19000244140625,82.56500244140625,80.91000366210938,82.2300033569336,1724.0
2026-03-05 21:00:00+00:00,82.25499725341797,82.62000274658203,82.11000061035156,82.5199966430664,547.0
2026-03-05 23:00:00+00:00,82.55500030517578,83.52999877929688,82.34500122070312,83.00499725341797,0.0
2026-03-06 00:00:00+00:00,82.95999908447266,83.58499908447266,82.5199966430664,82.54499816894531,905.0
2026-03-06 01:00:00+00:00,82.5,84.68000030517578,82.0199966430664,84.33499908447266,2088.0
2026-03-06 02:00:00+00:00,84.34500122070312,84.36499786376953,83.5999984741211,84.05999755859375,928.0
2026-03-06 03:00:00+00:00,84.06999969482422,84.9000015258789,84.05500030517578,84.61499786376953,1059.0
2026-03-06 04:00:00+00:00,84.61499786376953,84.79499816894531,84.33000183105469,84.45500183105469,352.0
2026-03-06 05:00:00+00:00,84.41500091552734,84.5999984741211,83.62999725341797,83.95999908447266,1132.0
2026-03-06 06:00:00+00:00,83.91500091552734,84.79499816894531,83.75499725341797,84.58999633789062,1129.0
2026-03-06 07:00:00+00:00,84.56500244140625,84.95500183105469,84.18499755859375,84.93499755859375,714.0
2026-03-06 08:00:00+00:00,84.91999816894531,85.08499908447266,83.98999786376953,84.45999908447266,1302.0
2026-03-06 09:00:00+00:00,84.38500213623047,84.48999786376953,82.59500122070312,82.96499633789062,1844.0
2026-03-06 10:00:00+00:00,82.99500274658203,83.45999908447266,82.55000305175781,83.16999816894531,1206.0
2026-03-06 11:00:00+00:00,83.16999816894531,83.68499755859375,82.03500366210938,82.43499755859375,1785.0
2026-03-06 12:00:00+00:00,82.4749984741211,82.98999786376953,82.2750015258789,82.53500366210938,1686.0
2026-03-06 13:00:00+00:00,82.4749984741211,84.45999908447266,81.78500366210938,82.74500274658203,5790.0
2026-03-06 14:00:00+00:00,82.71499633789062,83.9800033569336,82.48999786376953,83.9800033569336,3332.0
2026-03-06 15:00:00+00:00,83.9800033569336,85.33499908447266,83.94999694824219,84.43499755859375,5598.0
2026-03-06 16:00:00+00:00,84.44000244140625,85.12999725341797,83.82499694824219,84.18499755859375,2022.0
2026-03-06 17:00:00+00:00,84.23999786376953,84.54000091552734,83.76000213623047,84.2750015258789,1538.0
2026-03-06 18:00:00+00:00,84.2750015258789,84.9000015258789,83.97000122070312,84.69999694824219,2341.0
2026-03-06 19:00:00+00:00,84.69000244140625,85.03500366210938,84.51000213623047,84.69999694824219,748.0
2026-03-06 20:00:00+00:00,84.67500305175781,84.75499725341797,83.86000061035156,84.1500015258789,1201.0
2026-03-06 21:00:00+00:00,84.15499877929688,84.74500274658203,84.08999633789062,84.31099700927734,603.0
2026-03-08 22:00:00+00:00,82.8499984741211,84.2249984741211,82.56999969482422,83.44499969482422,1431.0
2026-03-08 23:00:00+00:00,83.5,83.75,81.06500244140625,82.05000305175781,2848.0
2026-03-09 00:00:00+00:00,82.03500366210938,82.5,80.84500122070312,81.51499938964844,1992.0
2026-03-09 01:00:00+00:00,81.48999786376953,81.55000305175781,79.63999938964844,81.05500030517578,4046.0
2026-03-09 02:00:00+00:00,81.09500122070312,83.08000183105469,80.6500015258789,82.81500244140625,2625.0
2026-03-09 03:00:00+00:00,82.79499816894531,83.49500274658203,82.43499755859375,83.0999984741211,1136.0
2026-03-09 04:00:00+00:00,83.12000274658203,83.59500122070312,82.58999633789062,82.66999816894531,702.0
2026-03-09 05:00:00+00:00,82.62999725341797,84.83000183105469,82.45500183105469,84.31500244140625,2157.0
2026-03-09 06:00:00+00:00,84.37000274658203,85.03500366210938,83.80999755859375,83.86499786376953,2182.0
2026-03-09 07:00:00+00:00,83.87000274658203,83.91500091552734,83.22000122070312,83.66999816894531,1276.0
2026-03-09 08:00:00+00:00,83.69499969482422,84.04000091552734,83.375,83.92500305175781,766.0
2026-03-09 09:00:00+00:00,83.91500091552734,84.7300033569336,83.7300033569336,84.16500091552734,1118.0
2026-03-09 10:00:00+00:00,84.19499969482422,84.43499755859375,83.19499969482422,83.32499694824219,1210.0
2026-03-09 11:00:00+00:00,83.41500091552734,83.67500305175781,82.94499969482422,83.34500122070312,969.0
2026-03-09 12:00:00+00:00,83.40499877929688,84.25,83.4000015258789,83.83499908447266,1506.0
2026-03-09 13:00:00+00:00,83.87000274658203,85.43499755859375,83.6449966430664,83.76000213623047,4361.0
2026-03-09 14:00:00+00:00,83.69999694824219,84.79499816894531,83.31500244140625,84.58499908447266,2110.0
2026-03-09 15:00:00+00:00,84.5999984741211,84.91500091552734,84.33499908447266,84.70999908447266,1724.0
2026-03-09 16:00:00+00:00,84.70500183105469,85.09500122070312,84.5250015258789,84.95999908447266,1717.0
2026-03-09 17:00:00+00:00,84.96499633789062,85.125,84.13500213623047,84.63999938964844,2121.0
2026-03-09 18:00:00+00:00,84.58999633789062,86.41999816894531,84.33999633789062,86.12999725341797,2979.0
2026-03-09 19:00:00+00:00,86.13999938964844,87.05500030517578,86.00499725341797,86.72000122070312,2191.0
2026-03-09 20:00:00+00:00,86.73500061035156,87.40499877929688,86.67500305175781,87.34500122070312,1072.0
2026-03-09 22:00:00+00:00,87.2750015258789,87.92500305175781,86.80500030517578,87.875,0.0
2026-03-09 23:00:00+00:00,87.87999725341797,88.48999786376953,87.36000061035156,87.69999694824219,1193.0
2026-03-10 00:00:00+00:00,87.68000030517578,88.0199966430664,87.2249984741211,87.25499725341797,928.0
2026-03-10 01:00:00+00:00,87.29000091552734,89.91999816894531,86.91999816894531,89.8550033569336,3540.0
2026-03-10 02:00:00+00:00,89.86000061035156,90.38500213623047,89.1050033569336,89.17500305175781,1709.0
2026-03-10 03:00:00+00:00,89.20999908447266,89.68499755859375,88.06999969482422,88.4749984741211,1298.0
2026-03-10 04:00:00+00:00,88.43000030517578,88.86000061035156,88.2699966430664,88.7249984741211,429.0
2026-03-10 05:00:00+00:00,88.76499938964844,89.55500030517578,88.75499725341797,89.53500366210938,704.0
2026-03-10 06:00:00+00:00,89.49500274658203,89.53500366210938,88.94499969482422,89.25499725341797,651.0
2026-03-10 07:00:00+00:00,89.22000122070312,89.52999877929688,88.70999908447266,89.48500061035156,1341.0
2026-03-10 08:00:00+00:00,89.51000213623047,89.66999816894531,89.13500213623047,89.28500366210938,1017.0
2026-03-10 09:00:00+00:00,89.34500122070312,89.75,89.2750015258789,89.41999816894531,425.0
2026-03-10 10:00:00+00:00,89.40499877929688,89.41000366210938,88.08000183105469,88.6449966430664,1459.0
2026-03-10 11:00:00+00:00,88.66999816894531,89.20999908447266,88.27999877929688,88.62000274658203,1052.0
2026-03-10 12:00:00+00:00,88.62000274658203,89.09500122070312,88.15499877929688,88.87999725341797,2292.0
2026-03-10 13:00:00+00:00,88.88500213623047,89.9749984741211,88.69499969482422,89.1050033569336,4276.0
2026-03-10 14:00:00+00:00,89.0999984741211,89.63999938964844,88.625,89.4749984741211,2957.0
2026-03-10 15:00:00+00:00,89.50499725341797,90.09500122070312,89.38999938964844,89.83000183105469,2752.0
2026-03-10 16:00:00+00:00,89.8499984741211,90.09500122070312,89.32499694824219,89.81500244140625,2141.0
2026-03-10 17:00:00+00:00,89.83499908447266,89.9749984741211,89.26000213623047,89.34500122070312,3421.0
2026-03-10 18:00:00+00:00,89.36499786376953,89.4749984741211,87.19999694824219,88.19999694824219,4089.0
2026-03-10 19:00:00+00:00,88.1500015258789,88.95999908447266,88.0,88.69499969482422,936.0
2026-03-10 20:00:00+00:00,88.68000030517578,88.91999816894531,88.5250015258789,88.56999969482422,487.0
2026-03-10 22:00:00+00:00,88.50499725341797,89.21499633789062,88.5,88.54499816894531,0.0
2026-03-10 23:00:00+00:00,88.61000061035156,88.83499908447266,88.31500244140625,88.70500183105469,251.0
2026-03-11 00:00:00+00:00,88.75,89.53500366210938,88.02999877929688,89.53500366210938,912.0
2026-03-11 01:00:00+00:00,89.51499938964844,89.70500183105469,88.68000030517578,88.76000213623047,890.0
2026-03-11 02:00:00+00:00,88.7699966430664,89.30000305175781,88.06999969482422,89.0199966430664,1068.0
2026-03-11 03:00:00+00:00,89.05999755859375,89.12000274658203,88.2699966430664,88.38500213623047,214.0
2026-03-11 04:00:00+00:00,88.43000030517578,88.69000244140625,88.26499938964844,88.48500061035156,182.0
2026-03-11 05:00:00+00:00,88.48500061035156,88.58499908447266,87.16000366210938,87.88500213623047,1901.0
2026-03-11 06:00:00+00:00,87.87999725341797,88.27999877929688,87.43499755859375,87.52999877929688,852.0
2026-03-11 07:00:00+00:00,87.51000213623047,87.75,86.55500030517578,87.18499755859375,1879.0
2026-03-11 08:00:00+00:00,87.19499969482422,87.48999786376953,86.625,87.36000061035156,1169.0
2026-03-11 09:00:00+00:00,87.30999755859375,87.58000183105469,86.5999984741211,86.80000305175781,1046.0
2026-03-11 10:00:00+00:00,86.81500244140625,87.34500122070312,86.6050033569336,86.73999786376953,1268.0
2026-03-11 11:00:00+00:00,86.75,87.2249984741211,86.13500213623047,86.44499969482422,1926.0
2026-03-11 12:00:00+00:00,86.41000366210938,86.94499969482422,85.37000274658203,85.41999816894531,3575.0
2026-03-11 13:00:00+00:00,85.41999816894531,86.38500213623047,84.55500030517578,85.40499877929688,6051.0
2026-03-11 14:00:00+00:00,85.38500213623047,86.12000274658203,85.375,85.68000030517578,4004.0
2026-03-11 15:00:00+00:00,85.73500061035156,85.87999725341797,84.80500030517578,84.99500274658203,2656.0
2026-03-11 16:00:00+00:00,84.9749984741211,85.56999969482422,84.56500244140625,85.47000122070312,2418.0
2026-03-11 17:00:00+00:00,85.48999786376953,85.76499938964844,84.9000015258789,85.43000030517578,3058.0
2026-03-11 18:00:00+00:00,85.48500061035156,86.11499786376953,85.42500305175781,85.6500015258789,1159.0
2026-03-11 19:00:00+00:00,85.625,86.2300033569336,85.56999969482422,86.19499969482422,717.0
2026-03-11 20:00:00+00:00,86.19000244140625,86.26000213623047,85.80500030517578,85.91000366210938,350.0
2026-03-11 22:00:00+00:00,86.06500244140625,86.06500244140625,84.75,85.05999755859375,0.0
2026-03-11 23:00:00+00:00,85.05000305175781,85.375,84.71499633789062,84.71499633789062,465.0
2026-03-12 00:00:00+00:00,84.75499725341797,85.81999969482422,84.05999755859375,85.77999877929688,1266.0
2026-03-12 01:00:00+00:00,85.70500183105469,86.05000305175781,85.05500030517578,85.63500213623047,693.0
2026-03-12 02:00:00+00:00,85.62000274658203,85.87999725341797,84.4749984741211,84.66500091552734,845.0
2026-03-12 03:00:00+00:00,84.6500015258789,85.1449966430664,84.5250015258789,85.05999755859375,862.0
2026-03-12 04:00:00+00:00,84.90499877929688,85.05500030517578,84.49500274658203,84.51499938964844,324.0
2026-03-12 05:00:00+00:00,84.5250015258789,85.59500122070312,84.5250015258789,85.4749984741211,691.0
2026-03-12 06:00:00+00:00,85.49500274658203,86.70500183105469,85.25499725341797,86.36499786376953,1244.0
2026-03-12 07:00:00+00:00,86.36000061035156,87.25,86.0,87.2249984741211,1197.0
2026-03-12 08:00:00+00:00,87.23999786376953,87.38500213623047,86.68000030517578,86.94000244140625,934.0
2026-03-12 09:00:00+00:00,86.9749984741211,87.33000183105469,86.88500213623047,87.31999969482422,666.0
2026-03-12 10:00:00+00:00,87.26000213623047,87.44499969482422,86.99500274658203,87.43499755859375,1170.0
2026-03-12 11:00:00+00:00,87.42500305175781,87.47000122070312,86.97000122070312,87.1500015258789,778.0
2026-03-12 12:00:00+00:00,87.16000366210938,87.63500213623047,86.7699966430664,87.5199966430664,2285.0
2026-03-12 13:00:00+00:00,87.51499938964844,87.69499969482422,85.80000305175781,86.07499694824219,4309.0
2026-03-12 14:00:00+00:00,86.05000305175781,86.6449966430664,85.31999969482422,85.75,3243.0
2026-03-12 15:00:00+00:00,85.76000213623047,85.80500030517578,84.625,85.38999938964844,3032.0
2026-03-12 16:00:00+00:00,85.38500213623047,85.79000091552734,85.0199966430664,85.26000213623047,1817.0
2026-03-12 17:00:00+00:00,85.29000091552734,85.5999984741211,84.86499786376953,84.95999908447266,2134.0
2026-03-12 18:00:00+00:00,85.0,85.36000061035156,84.83999633789062,84.95500183105469,822.0
2026-03-12 19:00:00+00:00,84.91999816894531,85.16999816894531,84.52999877929688,84.69499969482422,1119.0
2026-03-12 20:00:00+00:00,84.66500091552734,84.77999877929688,83.12000274658203,83.95500183105469,0.0
2026-03-12 22:00:00+00:00,83.91000366210938,84.49500274658203,83.50499725341797,84.49500274658203,482.0
2026-03-12 23:00:00+00:00,84.4800033569336,84.51499938964844,84.12999725341797,84.12999725341797,280.0
2026-03-13 00:00:00+00:00,84.12999725341797,85.23500061035156,84.06500244140625,85.19000244140625,649.0
2026-03-13 01:00:00+00:00,85.25,85.62000274658203,84.12000274658203,84.95500183105469,1272.0
2026-03-13 02:00:00+00:00,85.04499816894531,85.37999725341797,84.5,84.59500122070312,724.0
2026-03-13 03:00:00+00:00,84.50499725341797,84.8949966430664,84.23999786376953,84.88500213623047,624.0
2026-03-13 04:00:00+00:00,84.80500030517578,84.8499984741211,84.30000305175781,84.44499969482422,421.0
2026-03-13 05:00:00+00:00,84.44499969482422,84.625,83.25,83.77999877929688,1478.0
2026-03-13 06:00:00+00:00,83.7300033569336,83.97000122070312,82.25,82.5250015258789,3022.0
2026-03-13 07:00:00+00:00,82.56999969482422,82.9800033569336,81.51499938964844,82.4749984741211,2095.0
2026-03-13 08:00:00+00:00,82.4749984741211,83.00499725341797,81.66500091552734,82.80000305175781,2210.0
2026-03-13 09:00:00+00:00,82.80999755859375,83.25,82.44999694824219,83.13500213623047,1021.0
2026-03-13 10:00:00+00:00,83.1449966430664,83.66500091552734,82.83999633789062,83.375,619.0
2026-03-13 11:00:00+00:00,83.31500244140625,83.93499755859375,83.05500030517578,83.81999969482422,952.0
2026-03-13 12:00:00+00:00,83.83499908447266,84.63500213623047,83.79499816894531,84.44000244140625,2097.0
2026-03-13 13:00:00+00:00,84.44000244140625,84.6500015258789,83.50499725341797,83.73500061035156,3563.0
2026-03-13 14:00:00+00:00,83.69999694824219,83.80000305175781,80.73999786376953,80.75,6825.0
2026-03-13 15:00:00+00:00,80.73500061035156,81.72000122070312,80.25,80.34500122070312,6031.0
2026-03-13 16:00:00+00:00,80.33999633789062,80.66000366210938,79.5199966430664,80.42500305175781,5322.0
2026-03-13 17:00:00+00:00,80.46499633789062,81.46499633789062,80.41999816894531,81.04499816894531,3644.0
2026-03-13 18:00:00+00:00,81.04000091552734,81.33000183105469,80.81500244140625,81.05000305175781,1228.0
2026-03-13 19:00:00+00:00,81.12000274658203,81.16999816894531,79.95999908447266,80.36499786376953,1567.0
2026-03-13 20:00:00+00:00,80.37000274658203,80.73500061035156,80.0,80.6449966430664,858.0
2026-03-15 22:00:00+00:00,80.31500244140625,80.66999816894531,79.4800033569336,80.57499694824219,857.0
2026-03-15 23:00:00+00:00,80.56999969482422,80.63500213623047,79.32499694824219,80.15499877929688,1033.0
2026-03-16 00:00:00+00:00,80.21499633789062,81.66000366210938,80.21499633789062,81.58999633789062,1243.0
2026-03-16 01:00:00+00:00,81.61000061035156,81.6500015258789,78.53500366210938,80.46499633789062,3799.0
2026-03-16 02:00:00+00:00,80.42500305175781,80.50499725341797,79.2300033569336,79.37999725341797,949.0
2026-03-16 03:00:00+00:00,79.44999694824219,80.37000274658203,78.92500305175781,80.27999877929688,686.0
2026-03-16 04:00:00+00:00,80.29000091552734,80.73500061035156,80.13500213623047,80.1449966430664,368.0
2026-03-16 05:00:00+00:00,80.15499877929688,80.54000091552734,79.51499938964844,80.3499984741211,657.0
2026-03-16 06:00:00+00:00,80.375,80.86000061035156,79.67500305175781,80.18499755859375,975.0
2026-03-16 07:00:00+00:00,80.20999908447266,80.46499633789062,79.01000213623047,79.19999694824219,1128.0
2026-03-16 08:00:00+00:00,79.16999816894531,79.6050033569336,78.7300033569336,79.19999694824219,1331.0
2026-03-16 09:00:00+00:00,79.22000122070312,79.25499725341797,77.57499694824219,77.91500091552734,2181.0
2026-03-16 10:00:00+00:00,77.8949966430664,79.12999725341797,77.125,79.0199966430664,3854.0
2026-03-16 11:00:00+00:00,79.0,79.53500366210938,78.77999877929688,79.03500366210938,1503.0
2026-03-16 12:00:00+00:00,79.03500366210938,80.41500091552734,78.94999694824219,80.4000015258789,2500.0
2026-03-16 13:00:00+00:00,80.375,81.81999969482422,79.88500213623047,81.45500183105469,4265.0
2026-03-16 14:00:00+00:00,81.48500061035156,81.75,80.22000122070312,80.83499908447266,4458.0
2026-03-16 15:00:00+00:00,80.83999633789062,81.2699966430664,80.4000015258789,80.48999786376953,2078.0
2026-03-16 16:00:00+00:00,80.4749984741211,80.94999694824219,79.70999908447266,80.44000244140625,2910.0
2026-03-16 17:00:00+00:00,80.44999694824219,80.92500305175781,80.31999969482422,80.4800033569336,1821.0
2026-03-16 18:00:00+00:00,80.4749984741211,81.625,80.32499694824219,81.23999786376953,1479.0
2026-03-16 19:00:00+00:00,81.32499694824219,81.62999725341797,80.95999908447266,81.12000274658203,906.0
2026-03-16 20:00:00+00:00,81.13500213623047,81.30000305175781,80.91999816894531,81.0,428.0
2026-03-16 22:00:00+00:00,80.91999816894531,81.4000015258789,80.83499908447266,81.0,0.0
2026-03-16 23:00:00+00:00,81.06999969482422,81.38500213623047,81.05000305175781,81.37000274658203,217.0
2026-03-17 00:00:00+00:00,81.33999633789062,81.36000061035156,80.42500305175781,80.61000061035156,653.0
2026-03-17 01:00:00+00:00,80.57499694824219,81.70999908447266,80.05000305175781,81.6500015258789,1027.0
2026-03-17 02:00:00+00:00,81.6050033569336,81.76000213623047,81.29000091552734,81.33000183105469,374.0
2026-03-17 03:00:00+00:00,81.31500244140625,81.78500366210938,81.09500122070312,81.52999877929688,366.0
2026-03-17 04:00:00+00:00,81.56999969482422,82.76000213623047,81.48999786376953,82.62999725341797,845.0
2026-03-17 05:00:00+00:00,82.62000274658203,82.69499969482422,81.22000122070312,81.25499725341797,831.0
2026-03-17 06:00:00+00:00,81.25499725341797,81.38999938964844,80.55999755859375,80.7249984741211,1490.0
2026-03-17 07:00:00+00:00,80.76499938964844,81.49500274658203,80.76499938964844,81.12999725341797,642.0
2026-03-17 08:00:00+00:00,81.11000061035156,81.31500244140625,80.66000366210938,81.02999877929688,817.0
2026-03-17 09:00:00+00:00,81.0250015258789,81.12999725341797,80.65499877929688,80.98500061035156,728.0
2026-03-17 10:00:00+00:00,80.94999694824219,81.0999984741211,79.91999816894531,80.32499694824219,1371.0
2026-03-17 11:00:00+00:00,80.31999969482422,80.87000274658203,80.18000030517578,80.3949966430664,670.0
2026-03-17 12:00:00+00:00,80.37999725341797,81.19499969482422,80.12999725341797,80.83499908447266,1588.0
2026-03-17 13:00:00+00:00,80.81999969482422,81.59500122070312,80.69999694824219,81.42500305175781,2667.0
2026-03-17 14:00:00+00:00,81.45500183105469,81.54499816894531,80.29000091552734,80.32499694824219,2206.0
2026-03-17 15:00:00+00:00,80.33000183105469,80.625,78.375,79.30000305175781,5013.0
2026-03-17 16:00:00+00:00,79.33000183105469,79.70999908447266,78.87999725341797,79.4749984741211,2366.0
2026-03-17 17:00:00+00:00,79.52999877929688,80.07499694824219,79.48500061035156,79.62000274658203,1596.0
2026-03-17 18:00:00+00:00,79.66000366210938,79.95500183105469,79.5199966430664,79.58000183105469,628.0
2026-03-17 19:00:00+00:00,79.56500244140625,79.57499694824219,79.11499786376953,79.30500030517578,673.0
2026-03-17 20:00:00+00:00,79.31500244140625,79.45999908447266,79.21499633789062,79.45999908447266,361.0
2026-03-17 22:00:00+00:00,79.38999938964844,79.48999786376953,78.83499908447266,79.12999725341797,0.0
2026-03-17 23:00:00+00:00,79.13999938964844,79.34500122070312,79.13999938964844,79.33000183105469,112.0
2026-03-18 00:00:00+00:00,79.37999725341797,80.02999877929688,79.33999633789062,79.58499908447266,741.0
2026-03-18 01:00:00+00:00,79.56500244140625,80.21499633789062,78.91500091552734,79.28500366210938,1333.0
2026-03-18 02:00:00+00:00,79.31999969482422,79.55000305175781,78.26499938964844,78.4800033569336,961.0
2026-03-18 03:00:00+00:00,78.44999694824219,79.06500244140625,78.22000122070312,78.69499969482422,969.0
2026-03-18 04:00:00+00:00,78.82499694824219,78.91000366210938,78.34500122070312,78.66500091552734,494.0
2026-03-18 05:00:00+00:00,78.69999694824219,79.7249984741211,78.63999938964844,79.11000061035156,1107.0
2026-03-18 06:00:00+00:00,79.15499877929688,80.25499725341797,79.13500213623047,79.94499969482422,1332.0
2026-03-18 07:00:00+00:00,79.98500061035156,80.31999969482422,79.4000015258789,79.86000061035156,829.0
2026-03-18 08:00:00+00:00,79.86000061035156,79.90499877929688,79.05500030517578,79.4749984741211,1245.0
2026-03-18 09:00:00+00:00,79.4800033569336,80.16000366210938,79.4800033569336,80.04499816894531,802.0
2026-03-18 10:00:00+00:00,80.07499694824219,80.18000030517578,79.05000305175781,79.17500305175781,1202.0
2026-03-18 11:00:00+00:00,79.19000244140625,79.75,78.45500183105469,78.69999694824219,2454.0
2026-03-18 12:00:00+00:00,78.7249984741211,79.125,77.46499633789062,77.6500015258789,4776.0
2026-03-18 13:00:00+00:00,77.61000061035156,77.70500183105469,75.63500213623047,77.56500244140625,9535.0
2026-03-18 14:00:00+00:00,77.63500213623047,78.05500030517578,76.30000305175781,76.91000366210938,5389.0
2026-03-18 15:00:00+00:00,76.93499755859375,77.24500274658203,76.65499877929688,76.71499633789062,1940.0
2026-03-18 16:00:00+00:00,76.72000122070312,77.5,76.63500213623047,77.25,2289.0
2026-03-18 17:00:00+00:00,77.26000213623047,77.67500305175781,77.06500244140625,77.1500015258789,2478.0
2026-03-18 18:00:00+00:00,77.16000366210938,77.625,76.09500122070312,76.13500213623047,2540.0
2026-03-18 19:00:00+00:00,76.09500122070312,76.62999725341797,75.92500305175781,76.04000091552734,2344.0
2026-03-18 20:00:00+00:00,76.0199966430664,76.11000061035156,75.01499938964844,75.41999816894531,1656.0
2026-03-18 22:00:00+00:00,75.36499786376953,75.8499984741211,75.04000091552734,75.75,0.0
2026-03-18 23:00:00+00:00,75.72000122070312,76.32499694824219,75.69000244140625,75.94999694824219,587.0
2026-03-19 00:00:00+00:00,75.95999908447266,76.7249984741211,75.95999908447266,76.45500183105469,873.0
2026-03-19 01:00:00+00:00,76.49500274658203,76.75499725341797,75.5,76.18000030517578,1638.0
2026-03-19 02:00:00+00:00,76.20500183105469,76.7300033569336,75.86499786376953,76.44999694824219,665.0
2026-03-19 03:00:00+00:00,76.4749984741211,76.63500213623047,75.88999938964844,75.94000244140625,407.0
2026-03-19 04:00:00+00:00,75.86499786376953,75.86499786376953,75.5,75.75,487.0
2026-03-19 05:00:00+00:00,75.78500366210938,76.08499908447266,74.36000061035156,74.36000061035156,2037.0
2026-03-19 06:00:00+00:00,74.36000061035156,74.97000122070312,71.80999755859375,72.5,5785.0
2026-03-19 07:00:00+00:00,72.4749984741211,72.91500091552734,71.19999694824219,71.30500030517578,2987.0
2026-03-19 08:00:00+00:00,71.31500244140625,71.92500305175781,70.06999969482422,71.45999908447266,5048.0
2026-03-19 09:00:00+00:00,71.51000213623047,72.0,71.29499816894531,71.63999938964844,2047.0
2026-03-19 10:00:00+00:00,71.66000366210938,72.08999633789062,70.58499908447266,70.91500091552734,2275.0
2026-03-19 11:00:00+00:00,70.91999816894531,71.42500305175781,70.37000274658203,70.375,2558.0
2026-03-19 12:00:00+00:00,70.3499984741211,70.36499786376953,66.55999755859375,67.44999694824219,10946.0
2026-03-19 13:00:00+00:00,67.42500305175781,69.75,65.55000305175781,69.69000244140625,13356.0
2026-03-19 14:00:00+00:00,69.7300033569336,70.58999633789062,69.12000274658203,70.125,7091.0
2026-03-19 15:00:00+00:00,70.1050033569336,71.125,69.1449966430664,70.18499755859375,4428.0
2026-03-19 16:00:00+00:00,70.16000366210938,71.19999694824219,69.84500122070312,70.19499969482422,3693.0
2026-03-19 17:00:00+00:00,70.15499877929688,72.04000091552734,70.125,71.43499755859375,6522.0
2026-03-19 18:00:00+00:00,71.4000015258789,71.73500061035156,71.0,71.69499969482422,1389.0
2026-03-19 19:00:00+00:00,71.71499633789062,72.69499969482422,71.69499969482422,72.58499908447266,2875.0
2026-03-19 20:00:00+00:00,72.58000183105469,72.94000244140625,72.56999969482422,72.80999755859375,869.0
2026-03-19 22:00:00+00:00,72.83000183105469,73.5,72.25499725341797,72.25499725341797,0.0
2026-03-19 23:00:00+00:00,72.2750015258789,72.72000122070312,72.0,72.5999984741211,423.0
2026-03-20 00:00:00+00:00,72.6500015258789,73.30500030517578,72.50499725341797,72.50499725341797,639.0
2026-03-20 01:00:00+00:00,72.5250015258789,74.62000274658203,72.32499694824219,73.8550033569336,2060.0
2026-03-20 02:00:00+00:00,73.92500305175781,74.22000122070312,73.55000305175781,73.94000244140625,698.0
2026-03-20 03:00:00+00:00,73.99500274658203,74.53500366210938,73.86499786376953,74.19999694824219,588.0
2026-03-20 04:00:00+00:00,74.20500183105469,74.25,73.68499755859375,73.9000015258789,498.0
2026-03-20 05:00:00+00:00,73.88999938964844,73.91999816894531,72.38500213623047,72.56999969482422,1602.0
2026-03-20 06:00:00+00:00,72.63999938964844,73.21499633789062,71.29000091552734,71.6500015258789,2074.0
2026-03-20 07:00:00+00:00,71.66500091552734,73.1050033569336,71.48999786376953,73.0999984741211,1683.0
2026-03-20 08:00:00+00:00,73.0999984741211,73.77999877929688,72.77999877929688,73.19499969482422,1669.0
2026-03-20 09:00:00+00:00,73.18000030517578,73.37000274658203,71.70999908447266,71.83499908447266,1419.0
2026-03-20 10:00:00+00:00,71.81500244140625,72.12000274658203,71.29000091552734,71.70999908447266,1803.0
2026-03-20 11:00:00+00:00,71.69499969482422,72.45500183105469,71.56500244140625,72.2699966430664,1083.0
2026-03-20 12:00:00+00:00,72.2750015258789,72.55500030517578,71.44999694824219,71.93000030517578,2268.0
2026-03-20 13:00:00+00:00,71.94499969482422,72.31500244140625,70.02999877929688,70.30500030517578,4909.0
2026-03-20 14:00:00+00:00,70.28500366210938,70.5,68.5,69.53500366210938,7169.0
2026-03-20 15:00:00+00:00,69.5250015258789,70.36000061035156,68.9000015258789,69.33999633789062,4401.0
2026-03-20 16:00:00+00:00,69.30500030517578,70.47000122070312,69.26000213623047,69.76499938964844,3027.0
2026-03-20 17:00:00+00:00,69.79000091552734,70.23500061035156,69.08000183105469,69.69499969482422,3719.0
2026-03-20 18:00:00+00:00,69.75,69.80500030517578,67.84500122070312,68.12999725341797,2876.0
2026-03-20 19:00:00+00:00,68.17500305175781,68.56500244140625,67.73999786376953,68.02999877929688,2421.0
2026-03-20 20:00:00+00:00,68.04499816894531,69.66400146484375,67.80999755859375,69.66400146484375,0.0
2026-03-22 22:00:00+00:00,68.16500091552734,69.72000122070312,67.80500030517578,68.91000366210938,2783.0
2026-03-22 23:00:00+00:00,68.87000274658203,69.17500305175781,67.66999816894531,68.22000122070312,1124.0
2026-03-23 00:00:00+00:00,68.26000213623047,68.5199966430664,64.83000183105469,66.54000091552734,5341.0
2026-03-23 01:00:00+00:00,66.55500030517578,68.0999984741211,65.58999633789062,66.26000213623047,3665.0
2026-03-23 02:00:00+00:00,66.2699966430664,67.34500122070312,64.80000305175781,65.33499908447266,2803.0
2026-03-23 03:00:00+00:00,65.3499984741211,65.82499694824219,64.66999816894531,65.40499877929688,1856.0
2026-03-23 04:00:00+00:00,65.41000366210938,66.22000122070312,65.29499816894531,66.19999694824219,1298.0
2026-03-23 05:00:00+00:00,66.18000030517578,66.68000030517578,63.53499984741211,63.97999954223633,3098.0
2026-03-23 06:00:00+00:00,63.974998474121094,64.32499694824219,61.63999938964844,63.02000045776367,7057.0
2026-03-23 07:00:00+00:00,63.03499984741211,64.08000183105469,61.209999084472656,64.08000183105469,5281.0
2026-03-23 08:00:00+00:00,64.04499816894531,65.28500366210938,64.0250015258789,64.58999633789062,3618.0
2026-03-23 09:00:00+00:00,64.61000061035156,65.0,63.38999938964844,63.709999084472656,2794.0
2026-03-23 10:00:00+00:00,63.720001220703125,64.44499969482422,63.525001525878906,64.26000213623047,1625.0
2026-03-23 11:00:00+00:00,64.26499938964844,69.5,64.26499938964844,67.45500183105469,9813.0
2026-03-23 12:00:00+00:00,67.42500305175781,69.9800033569336,66.8550033569336,69.63500213623047,5762.0
2026-03-23 13:00:00+00:00,69.68000030517578,69.7699966430664,67.58000183105469,69.19000244140625,6930.0
2026-03-23 14:00:00+00:00,69.16000366210938,71.02999877929688,69.16000366210938,70.24500274658203,7080.0
2026-03-23 15:00:00+00:00,70.26000213623047,70.79499816894531,67.56500244140625,68.04499816894531,5228.0
2026-03-23 16:00:00+00:00,68.06500244140625,69.3949966430664,68.0,69.0199966430664,3080.0
2026-03-23 17:00:00+00:00,69.04499816894531,69.96499633789062,68.97000122070312,69.77999877929688,3168.0
2026-03-23 18:00:00+00:00,69.79499816894531,70.41500091552734,69.2699966430664,70.05999755859375,1449.0
2026-03-23 19:00:00+00:00,69.9749984741211,70.0250015258789,69.08499908447266,69.11499786376953,1325.0
2026-03-23 20:00:00+00:00,69.13500213623047,69.5,68.81999969482422,69.31999969482422,736.0
2026-03-23 22:00:00+00:00,69.37000274658203,69.9000015258789,68.53500366210938,69.83000183105469,0.0
2026-03-23 23:00:00+00:00,69.82499694824219,70.36499786376953,69.6500015258789,69.94999694824219,720.0
2026-03-24 00:00:00+00:00,69.98500061035156,70.16000366210938,67.82499694824219,68.44499969482422,1711.0
2026-03-24 01:00:00+00:00,68.36000061035156,68.82499694824219,66.6500015258789,66.99500274658203,2883.0
2026-03-24 02:00:00+00:00,66.9749984741211,68.25499725341797,66.5199966430664,67.63999938964844,1485.0
2026-03-24 03:00:00+00:00,67.66000366210938,67.77999877929688,66.72000122070312,67.0199966430664,566.0
2026-03-24 04:00:00+00:00,67.15499877929688,67.43000030517578,66.63500213623047,66.87999725341797,397.0
2026-03-24 05:00:00+00:00,66.93000030517578,67.875,66.11499786376953,67.63500213623047,1872.0
2026-03-24 06:00:00+00:00,67.56999969482422,69.5,67.5250015258789,69.2750015258789,1797.0
2026-03-24 07:00:00+00:00,69.23999786376953,70.73999786376953,69.23999786376953,70.2699966430664,2342.0
2026-03-24 08:00:00+00:00,70.22000122070312,70.25,69.2300033569336,69.86499786376953,1367.0
2026-03-24 09:00:00+00:00,69.9000015258789,70.3499984741211,69.25499725341797,70.31999969482422,890.0
2026-03-24 10:00:00+00:00,70.30999755859375,70.51000213623047,69.8550033569336,70.4749984741211,899.0
2026-03-24 11:00:00+00:00,70.45999908447266,70.5199966430664,68.71499633789062,70.22000122070312,2709.0
2026-03-24 12:00:00+00:00,70.23999786376953,70.3550033569336,68.375,68.58999633789062,3601.0
2026-03-24 13:00:00+00:00,68.5199966430664,69.09500122070312,67.76000213623047,68.52999877929688,4904.0
2026-03-24 14:00:00+00:00,68.5250015258789,70.4000015258789,68.49500274658203,69.86499786376953,4587.0
2026-03-24 15:00:00+00:00,69.8949966430664,70.55000305175781,69.7300033569336,69.76499938964844,3112.0
2026-03-24 16:00:00+00:00,69.7750015258789,70.25499725341797,69.5,69.98500061035156,1660.0
2026-03-24 17:00:00+00:00,70.0,70.13999938964844,68.8949966430664,69.52999877929688,3932.0
2026-03-24 18:00:00+00:00,69.51499938964844,70.22000122070312,69.42500305175781,69.56999969482422,1426.0
2026-03-24 19:00:00+00:00,69.53500366210938,70.2249984741211,69.53500366210938,69.73500061035156,850.0
2026-03-24 20:00:00+00:00,69.70999908447266,71.49500274658203,69.52999877929688,71.44499969482422,2255.0
2026-03-24 22:00:00+00:00,71.4800033569336,71.99500274658203,71.30999755859375,71.94000244140625,0.0
2026-03-24 23:00:00+00:00,71.91999816894531,73.30000305175781,71.6050033569336,73.13999938964844,2206.0
2026-03-25 00:00:00+00:00,73.13500213623047,74.55000305175781,72.81999969482422,73.96499633789062,2798.0
2026-03-25 01:00:00+00:00,73.94000244140625,74.80000305175781,73.75,74.0999984741211,2572.0
2026-03-25 02:00:00+00:00,74.07499694824219,74.31500244140625,73.54000091552734,73.66500091552734,1659.0
2026-03-25 03:00:00+00:00,73.63999938964844,73.83499908447266,73.27999877929688,73.54499816894531,1025.0
2026-03-25 04:00:00+00:00,73.5250015258789,73.87999725341797,73.45999908447266,73.62000274658203,370.0
2026-03-25 05:00:00+00:00,73.625,73.69499969482422,72.91500091552734,73.26499938964844,1168.0
2026-03-25 06:00:00+00:00,73.25499725341797,73.61000061035156,72.6050033569336,73.20999908447266,1320.0
2026-03-25 07:00:00+00:00,73.29499816894531,73.56500244140625,73.01000213623047,73.08499908447266,591.0
2026-03-25 08:00:00+00:00,73.1050033569336,73.87999725341797,73.04499816894531,73.24500274658203,1636.0
2026-03-25 09:00:00+00:00,73.22000122070312,73.54000091552734,72.09500122070312,72.8550033569336,2211.0
2026-03-25 10:00:00+00:00,72.87000274658203,73.23999786376953,72.55999755859375,73.12999725341797,1024.0
2026-03-25 11:00:00+00:00,73.11499786376953,73.625,73.0199966430664,73.31500244140625,987.0
2026-03-25 12:00:00+00:00,73.32499694824219,73.53500366210938,72.36499786376953,72.87999725341797,2508.0
2026-03-25 13:00:00+00:00,72.8949966430664,73.45999908447266,72.2249984741211,72.38999938964844,3210.0
2026-03-25 14:00:00+00:00,72.41000366210938,73.55000305175781,72.05000305175781,73.2249984741211,3200.0
2026-03-25 15:00:00+00:00,73.23999786376953,73.4000015258789,71.8949966430664,72.7750015258789,2796.0
2026-03-25 16:00:00+00:00,72.75499725341797,73.05999755859375,72.58000183105469,72.81500244140625,1763.0
2026-03-25 17:00:00+00:00,72.83000183105469,72.8949966430664,72.46499633789062,72.55999755859375,3221.0
2026-03-25 18:00:00+00:00,72.55999755859375,72.92500305175781,71.90499877929688,72.20999908447266,1326.0
2026-03-25 19:00:00+00:00,72.19499969482422,72.23999786376953,71.41999816894531,72.23500061035156,1435.0
2026-03-25 20:00:00+00:00,72.23500061035156,72.3949966430664,71.06999969482422,71.44499969482422,1243.0
2026-03-25 22:00:00+00:00,71.50499725341797,71.9000015258789,71.1449966430664,71.33499908447266,0.0
2026-03-25 23:00:00+00:00,71.34500122070312,71.34500122070312,70.51499938964844,70.83000183105469,864.0
2026-03-26 00:00:00+00:00,70.79499816894531,72.21499633789062,70.77999877929688,72.16999816894531,1117.0
2026-03-26 01:00:00+00:00,72.13500213623047,72.31500244140625,71.23500061035156,72.05000305175781,1504.0
2026-03-26 02:00:00+00:00,72.08000183105469,72.38500213623047,71.28500366210938,71.5,872.0
2026-03-26 03:00:00+00:00,71.45500183105469,72.04499816894531,71.3550033569336,71.81999969482422,447.0
2026-03-26 04:00:00+00:00,71.93000030517578,72.16000366210938,71.76499938964844,71.91999816894531,245.0
2026-03-26 05:00:00+00:00,71.88500213623047,71.90499877929688,69.48999786376953,69.51499938964844,2265.0
2026-03-26 06:00:00+00:00,69.50499725341797,70.21499633789062,69.08000183105469,70.12999725341797,2538.0
2026-03-26 07:00:00+00:00,70.1500015258789,70.20500183105469,69.18499755859375,69.46499633789062,1411.0
2026-03-26 08:00:00+00:00,69.4800033569336,69.7249984741211,67.88500213623047,68.31500244140625,3473.0
2026-03-26 09:00:00+00:00,68.32499694824219,68.375,67.75,68.19000244140625,1495.0
2026-03-26 10:00:00+00:00,68.18000030517578,68.62999725341797,67.81500244140625,68.22000122070312,1728.0
2026-03-26 11:00:00+00:00,68.25499725341797,68.55500030517578,67.06500244140625,67.43000030517578,3367.0
2026-03-26 12:00:00+00:00,67.42500305175781,68.23999786376953,67.23500061035156,67.56500244140625,2499.0
2026-03-26 13:00:00+00:00,67.58999633789062,69.47000122070312,67.44499969482422,69.375,5662.0
2026-03-26 14:00:00+00:00,69.38500213623047,69.83000183105469,68.68000030517578,69.2699966430664,3324.0
2026-03-26 15:00:00+00:00,69.27999877929688,69.44000244140625,68.42500305175781,68.6500015258789,2514.0
2026-03-26 16:00:00+00:00,68.5999984741211,68.69999694824219,67.16999816894531,67.8499984741211,5566.0
2026-03-26 17:00:00+00:00,67.83000183105469,68.26000213623047,67.26000213623047,67.38500213623047,5895.0
2026-03-26 18:00:00+00:00,67.37999725341797,67.83499908447266,66.70500183105469,67.68000030517578,2492.0
2026-03-26 19:00:00+00:00,67.75499725341797,67.88999938964844,67.06500244140625,67.28500366210938,1634.0
2026-03-26 20:00:00+00:00,67.25499725341797,69.1449966430664,67.13500213623047,68.125,3265.0
2026-03-26 22:00:00+00:00,68.36499786376953,69.1050033569336,68.28500366210938,68.99500274658203,0.0
2026-03-26 23:00:00+00:00,68.98500061035156,69.04499816894531,68.41500091552734,68.70999908447266,635.0
2026-03-27 00:00:00+00:00,68.69999694824219,69.16000366210938,67.44000244140625,67.59500122070312,970.0
2026-03-27 01:00:00+00:00,67.61000061035156,68.7750015258789,67.44999694824219,68.69999694824219,1152.0
2026-03-27 02:00:00+00:00,68.7249984741211,69.11000061035156,68.56999969482422,68.62999725341797,1145.0
2026-03-27 03:00:00+00:00,68.66500091552734,69.68000030517578,68.41999816894531,69.3949966430664,1279.0
2026-03-27 04:00:00+00:00,69.45500183105469,69.79499816894531,69.2249984741211,69.69999694824219,304.0
2026-03-27 05:00:00+00:00,69.69000244140625,70.43000030517578,69.4749984741211,69.55000305175781,1464.0
2026-03-27 06:00:00+00:00,69.52999877929688,70.19000244140625,69.40499877929688,69.87000274658203,1165.0
2026-03-27 07:00:00+00:00,69.8499984741211,69.94000244140625,69.5250015258789,69.59500122070312,945.0
2026-03-27 08:00:00+00:00,69.56999969482422,69.62999725341797,68.80999755859375,68.80999755859375,1143.0
2026-03-27 09:00:00+00:00,68.83000183105469,69.19999694824219,68.62000274658203,68.63999938964844,764.0
2026-03-27 10:00:00+00:00,68.6500015258789,68.9749984741211,68.15499877929688,68.19999694824219,838.0
2026-03-27 11:00:00+00:00,68.19999694824219,68.44499969482422,67.74500274658203,67.92500305175781,1153.0
2026-03-27 12:00:00+00:00,67.93000030517578,68.22000122070312,67.56500244140625,68.05500030517578,2197.0
2026-03-27 13:00:00+00:00,68.08000183105469,68.625,67.57499694824219,68.06999969482422,4238.0
2026-03-27 14:00:00+00:00,68.0,70.75,68.0,70.45999908447266,5587.0
2026-03-27 15:00:00+00:00,70.5,71.7750015258789,70.33999633789062,70.8949966430664,5514.0
2026-03-27 16:00:00+00:00,70.92500305175781,71.12999725341797,70.2300033569336,70.5,2964.0
2026-03-27 17:00:00+00:00,70.4749984741211,70.6050033569336,69.51000213623047,69.63500213623047,3730.0
2026-03-27 18:00:00+00:00,69.62000274658203,70.65499877929688,69.62000274658203,70.30000305175781,2103.0
2026-03-27 19:00:00+00:00,70.30999755859375,70.55999755859375,69.69000244140625,70.11000061035156,2045.0
2026-03-27 20:00:00+00:00,70.125,70.19999694824219,69.69499969482422,69.76000213623047,615.0
2026-03-29 22:00:00+00:00,68.55000305175781,69.30999755859375,68.38999938964844,68.7249984741211,1089.0
2026-03-29 23:00:00+00:00,68.69999694824219,68.9000015258789,67.69999694824219,68.19499969482422,1058.0
2026-03-30 00:00:00+00:00,68.19999694824219,69.0,67.80000305175781,68.38500213623047,1115.0
2026-03-30 01:00:00+00:00,68.41000366210938,69.41500091552734,68.25,68.81999969482422,1721.0
2026-03-30 02:00:00+00:00,68.80999755859375,69.45999908447266,68.5999984741211,69.18000030517578,731.0
2026-03-30 03:00:00+00:00,69.1500015258789,70.57499694824219,69.1500015258789,69.94999694824219,1084.0
2026-03-30 04:00:00+00:00,69.94499969482422,70.20500183105469,69.84500122070312,70.19499969482422,271.0
2026-03-30 05:00:00+00:00,70.15499877929688,70.79000091552734,70.08999633789062,70.63500213623047,748.0
2026-03-30 06:00:00+00:00,70.59500122070312,70.91000366210938,70.41999816894531,70.45999908447266,914.0
2026-03-30 07:00:00+00:00,70.42500305175781,70.63999938964844,70.05000305175781,70.63999938964844,689.0
2026-03-30 08:00:00+00:00,70.61000061035156,71.12000274658203,70.3550033569336,70.97000122070312,789.0
2026-03-30 09:00:00+00:00,70.98500061035156,71.32499694824219,70.63999938964844,71.13999938964844,754.0
2026-03-30 10:00:00+00:00,71.09500122070312,71.13500213623047,70.7249984741211,70.79499816894531,630.0
2026-03-30 11:00:00+00:00,70.80999755859375,71.83000183105469,70.66999816894531,71.3949966430664,1996.0
2026-03-30 12:00:00+00:00,71.41999816894531,71.73500061035156,71.04000091552734,71.4800033569336,1625.0
2026-03-30 13:00:00+00:00,71.5,72.0250015258789,70.16999816894531,70.33000183105469,3562.0
2026-03-30 14:00:00+00:00,70.38500213623047,71.11499786376953,70.34500122070312,71.09500122070312,2042.0
2026-03-30 15:00:00+00:00,71.0999984741211,71.375,70.76499938964844,71.16999816894531,1607.0
2026-03-30 16:00:00+00:00,71.16500091552734,71.16500091552734,70.65499877929688,70.67500305175781,1480.0
2026-03-30 17:00:00+00:00,70.69000244140625,70.81500244140625,70.38500213623047,70.55500030517578,2547.0
2026-03-30 18:00:00+00:00,70.58000183105469,70.70999908447266,69.94999694824219,70.0199966430664,1257.0
2026-03-30 19:00:00+00:00,70.0,70.4000015258789,69.69499969482422,70.28500366210938,904.0
2026-03-30 20:00:00+00:00,70.30000305175781,70.32499694824219,69.98999786376953,70.18000030517578,720.0
2026-03-30 22:00:00+00:00,70.24500274658203,70.55000305175781,69.98500061035156,70.06999969482422,0.0
2026-03-30 23:00:00+00:00,70.0,70.11000061035156,69.63500213623047,70.03500366210938,493.0
2026-03-31 00:00:00+00:00,70.01499938964844,70.82499694824219,69.0999984741211,70.79499816894531,1559.0
2026-03-31 01:00:00+00:00,70.84500122070312,73.70999908447266,70.58000183105469,73.13999938964844,5574.0
2026-03-31 02:00:00+00:00,73.13500213623047,73.15499877929688,72.0999984741211,72.16500091552734,1613.0
2026-03-31 03:00:00+00:00,72.16999816894531,72.63999938964844,72.07499694824219,72.18000030517578,616.0
2026-03-31 04:00:00+00:00,72.22000122070312,72.48999786376953,72.18499755859375,72.40499877929688,255.0
2026-03-31 05:00:00+00:00,72.38999938964844,72.73500061035156,71.69000244140625,72.33999633789062,730.0
2026-03-31 06:00:00+00:00,72.30500030517578,72.37999725341797,71.96499633789062,72.2249984741211,739.0
2026-03-31 07:00:00+00:00,72.26000213623047,73.30000305175781,71.79000091552734,73.26499938964844,1685.0
2026-03-31 08:00:00+00:00,73.25499725341797,73.48999786376953,73.05999755859375,73.31500244140625,1507.0
2026-03-31 09:00:00+00:00,73.2699966430664,73.55999755859375,72.88999938964844,73.0,953.0
2026-03-31 10:00:00+00:00,72.98500061035156,73.33000183105469,72.46499633789062,72.8550033569336,794.0
2026-03-31 11:00:00+00:00,72.87999725341797,73.5250015258789,72.69000244140625,73.31999969482422,1663.0
2026-03-31 12:00:00+00:00,73.3499984741211,73.75,72.80000305175781,73.0,2488.0
2026-03-31 13:00:00+00:00,73.0199966430664,73.75499725341797,72.68499755859375,73.55999755859375,2657.0
2026-03-31 14:00:00+00:00,73.56999969482422,74.41000366210938,73.16500091552734,73.34500122070312,4432.0
2026-03-31 15:00:00+00:00,73.3550033569336,74.18499755859375,73.3550033569336,73.87999725341797,2207.0
2026-03-31 16:00:00+00:00,73.86000061035156,75.3550033569336,73.80000305175781,74.82499694824219,4747.0
2026-03-31 17:00:00+00:00,74.83000183105469,75.40499877929688,74.66999816894531,75.04000091552734,4445.0
2026-03-31 18:00:00+00:00,75.08000183105469,75.44499969482422,75.0250015258789,75.19999694824219,1652.0
2026-03-31 19:00:00+00:00,75.19999694824219,75.56500244140625,75.01499938964844,75.54000091552734,1339.0
2026-03-31 20:00:00+00:00,75.54499816894531,75.625,75.27999877929688,75.34500122070312,595.0
2026-03-31 22:00:00+00:00,75.4800033569336,75.87000274658203,75.31999969482422,75.48999786376953,0.0
2026-03-31 23:00:00+00:00,75.5199966430664,75.53500366210938,75.0999984741211,75.19499969482422,699.0
2026-04-01 00:00:00+00:00,75.1500015258789,75.5250015258789,74.93499755859375,75.43499755859375,842.0
2026-04-01 01:00:00+00:00,75.44999694824219,75.95500183105469,74.51499938964844,74.83000183105469,2127.0
2026-04-01 02:00:00+00:00,74.8499984741211,75.0999984741211,74.18000030517578,74.2750015258789,1059.0
2026-04-01 03:00:00+00:00,74.23999786376953,74.5199966430664,74.23999786376953,74.23999786376953,461.0
2026-04-01 04:00:00+00:00,74.2699966430664,74.58499908447266,74.0,74.4000015258789,824.0
2026-04-01 05:00:00+00:00,74.40499877929688,75.01000213623047,74.18499755859375,74.33000183105469,1161.0
2026-04-01 06:00:00+00:00,74.28500366210938,75.5999984741211,74.28500366210938,75.54499816894531,1780.0
2026-04-01 07:00:00+00:00,75.55999755859375,75.56999969482422,74.06999969482422,74.19000244140625,1607.0
2026-04-01 08:00:00+00:00,74.20500183105469,74.86499786376953,74.125,74.625,1125.0
2026-04-01 09:00:00+00:00,74.6050033569336,74.80500030517578,74.33999633789062,74.63999938964844,537.0
2026-04-01 10:00:00+00:00,74.6500015258789,75.1050033569336,74.51000213623047,75.05000305175781,612.0
2026-04-01 11:00:00+00:00,75.0250015258789,75.63999938964844,74.94000244140625,75.33000183105469,1037.0
2026-04-01 12:00:00+00:00,75.36499786376953,75.71499633789062,74.80000305175781,74.83499908447266,2331.0
2026-04-01 13:00:00+00:00,74.83499908447266,75.5999984741211,74.56500244140625,74.86499786376953,2898.0
2026-04-01 14:00:00+00:00,74.80000305175781,75.69000244140625,74.5999984741211,75.58499908447266,3919.0
2026-04-01 15:00:00+00:00,75.57499694824219,75.98500061035156,75.43499755859375,75.8499984741211,2699.0
2026-04-01 16:00:00+00:00,75.875,76.0,75.56500244140625,75.99500274658203,1600.0
2026-04-01 17:00:00+00:00,76.0,76.26499938964844,75.88999938964844,76.01499938964844,3619.0
2026-04-01 18:00:00+00:00,76.0,76.0250015258789,75.05000305175781,75.30000305175781,1829.0
2026-04-01 19:00:00+00:00,75.33000183105469,75.79499816894531,75.24500274658203,75.33999633789062,848.0
2026-04-01 20:00:00+00:00,75.3550033569336,75.5,75.08999633789062,75.19999694824219,647.0
2026-04-01 22:00:00+00:00,75.1500015258789,75.58499908447266,74.4000015258789,75.41500091552734,0.0
2026-04-01 23:00:00+00:00,75.40499877929688,75.91999816894531,75.36000061035156,75.40499877929688,467.0
2026-04-02 00:00:00+00:00,75.34500122070312,75.98500061035156,75.32499694824219,75.59500122070312,728.0
2026-04-02 01:00:00+00:00,75.59500122070312,75.66000366210938,72.31500244140625,73.05999755859375,6631.0
2026-04-02 02:00:00+00:00,73.07499694824219,73.1500015258789,71.55500030517578,72.34500122070312,3150.0
2026-04-02 03:00:00+00:00,72.28500366210938,72.5,72.00499725341797,72.30000305175781,714.0
2026-04-02 04:00:00+00:00,72.28500366210938,72.30000305175781,71.61499786376953,72.05500030517578,828.0
2026-04-02 05:00:00+00:00,72.04499816894531,72.08999633789062,70.30500030517578,70.7699966430664,2437.0
2026-04-02 06:00:00+00:00,70.78500366210938,70.91500091552734,69.66000366210938,70.72000122070312,3452.0
2026-04-02 07:00:00+00:00,70.76000213623047,71.6449966430664,70.66500091552734,71.625,1712.0
2026-04-02 08:00:00+00:00,71.5999984741211,71.79000091552734,71.23999786376953,71.26000213623047,1230.0
2026-04-02 09:00:00+00:00,71.23999786376953,71.5999984741211,71.06999969482422,71.08499908447266,684.0
2026-04-02 10:00:00+00:00,71.06999969482422,71.37999725341797,70.66500091552734,71.00499725341797,1141.0
2026-04-02 11:00:00+00:00,71.0199966430664,71.2300033569336,70.33499908447266,70.73500061035156,1873.0
2026-04-02 12:00:00+00:00,70.76499938964844,71.08999633789062,70.1449966430664,70.18499755859375,2245.0
2026-04-02 13:00:00+00:00,70.19499969482422,71.55500030517578,69.61000061035156,71.44999694824219,6115.0
2026-04-02 14:00:00+00:00,71.4800033569336,73.20999908447266,71.18000030517578,72.71499633789062,6372.0
2026-04-02 15:00:00+00:00,72.76000213623047,72.82499694824219,71.69499969482422,71.9800033569336,3076.0
2026-04-02 16:00:00+00:00,71.98999786376953,72.7249984741211,71.7750015258789,72.45500183105469,2057.0
2026-04-02 17:00:00+00:00,72.47000122070312,73.02999877929688,72.33499908447266,72.4000015258789,3658.0
2026-04-02 18:00:00+00:00,72.42500305175781,72.92500305175781,72.38999938964844,72.83499908447266,728.0
2026-04-02 19:00:00+00:00,72.87999725341797,73.06999969482422,72.4800033569336,72.7750015258789,947.0
2026-04-02 20:00:00+00:00,72.74500274658203,73.19499969482422,72.73500061035156,73.16999816894531,437.0
2026-04-05 22:00:00+00:00,72.72000122070312,72.9000015258789,71.33499908447266,72.19999694824219,1441.0
2026-04-05 23:00:00+00:00,72.19999694824219,72.33999633789062,71.6449966430664,71.80000305175781,476.0
2026-04-06 00:00:00+00:00,71.76000213623047,72.63999938964844,71.71499633789062,72.3949966430664,490.0
2026-04-06 01:00:00+00:00,72.40499877929688,72.63500213623047,71.97000122070312,72.03500366210938,537.0
2026-04-06 02:00:00+00:00,72.0199966430664,73.30500030517578,71.86000061035156,72.4749984741211,935.0
2026-04-06 03:00:00+00:00,72.44499969482422,72.44499969482422,71.86000061035156,72.0999984741211,476.0
2026-04-06 04:00:00+00:00,72.09500122070312,72.58000183105469,72.09500122070312,72.58000183105469,170.0
2026-04-06 05:00:00+00:00,72.5999984741211,72.875,72.33999633789062,72.33999633789062,268.0
2026-04-06 06:00:00+00:00,72.31500244140625,72.66500091552734,72.05999755859375,72.6449966430664,340.0
2026-04-06 07:00:00+00:00,72.66000366210938,72.79499816894531,71.8550033569336,72.6449966430664,645.0
2026-04-06 08:00:00+00:00,72.6449966430664,73.3550033569336,72.58499908447266,73.30000305175781,643.0
2026-04-06 09:00:00+00:00,73.31999969482422,73.73500061035156,73.16000366210938,73.27999877929688,893.0
2026-04-06 10:00:00+00:00,73.21499633789062,73.4800033569336,73.08499908447266,73.40499877929688,401.0
2026-04-06 11:00:00+00:00,73.40499877929688,73.69000244140625,73.27999877929688,73.42500305175781,641.0
2026-04-06 12:00:00+00:00,73.43499755859375,73.73500061035156,72.9749984741211,73.22000122070312,995.0
2026-04-06 13:00:00+00:00,73.2300033569336,73.29499816894531,72.36000061035156,72.81999969482422,1706.0
2026-04-06 14:00:00+00:00,72.83000183105469,73.11000061035156,72.26000213623047,72.86499786376953,1582.0
2026-04-06 15:00:00+00:00,72.875,72.875,72.01499938964844,72.67500305175781,1426.0
2026-04-06 16:00:00+00:00,72.69000244140625,72.87000274658203,72.61499786376953,72.66000366210938,792.0
2026-04-06 17:00:00+00:00,72.625,73.11499786376953,72.20999908447266,72.75499725341797,2335.0
2026-04-06 18:00:00+00:00,72.73999786376953,73.26499938964844,72.625,73.26499938964844,595.0
2026-04-06 19:00:00+00:00,73.2750015258789,73.30999755859375,72.98500061035156,73.125,356.0
2026-04-06 20:00:00+00:00,73.11499786376953,73.16000366210938,72.81500244140625,72.81500244140625,372.0
2026-04-06 22:00:00+00:00,72.86000061035156,73.51000213623047,72.8499984741211,73.01499938964844,0.0
2026-04-06 23:00:00+00:00,73.04499816894531,73.19999694824219,72.82499694824219,72.9749984741211,100.0
2026-04-07 00:00:00+00:00,72.93499755859375,73.2249984741211,72.69000244140625,72.72000122070312,362.0
2026-04-07 01:00:00+00:00,72.67500305175781,73.2699966430664,71.66999816894531,72.21499633789062,2364.0
2026-04-07 02:00:00+00:00,72.20500183105469,72.76000213623047,71.91999816894531,72.70500183105469,669.0
2026-04-07 03:00:00+00:00,72.72000122070312,72.87000274658203,72.24500274658203,72.80500030517578,330.0
2026-04-07 04:00:00+00:00,72.83499908447266,73.61000061035156,72.68000030517578,73.23500061035156,772.0
2026-04-07 05:00:00+00:00,73.2699966430664,73.2699966430664,71.9000015258789,72.33000183105469,1294.0
2026-04-07 06:00:00+00:00,72.3949966430664,72.61000061035156,72.2750015258789,72.43499755859375,443.0
2026-04-07 07:00:00+00:00,72.84700012207031,72.84700012207031,71.9800033569336,72.38500213623047,703.0
2026-04-07 08:00:00+00:00,72.3550033569336,73.1449966430664,72.3550033569336,73.0199966430664,1201.0
2026-04-07 09:00:00+00:00,73.04000091552734,73.31500244140625,72.55500030517578,72.91999816894531,1066.0
2026-04-07 10:00:00+00:00,72.84500122070312,72.9800033569336,72.05000305175781,72.2249984741211,1636.0
2026-04-07 11:00:00+00:00,72.22000122070312,72.33499908447266,71.80000305175781,72.24500274658203,1330.0
2026-04-07 12:00:00+00:00,72.25499725341797,72.55000305175781,71.55000305175781,71.98500061035156,2573.0
2026-04-07 13:00:00+00:00,71.95500183105469,72.4000015258789,71.26000213623047,71.31999969482422,2654.0
2026-04-07 14:00:00+00:00,71.30500030517578,71.34500122070312,69.77999877929688,70.625,6286.0
2026-04-07 15:00:00+00:00,70.61499786376953,71.55500030517578,70.4000015258789,71.5199966430664,3451.0
2026-04-07 16:00:00+00:00,71.54000091552734,71.91999816894531,71.41000366210938,71.69999694824219,2215.0
2026-04-07 17:00:00+00:00,71.66500091552734,72.48500061035156,71.6500015258789,72.20500183105469,3391.0
2026-04-07 18:00:00+00:00,72.23500061035156,72.33000183105469,71.43499755859375,71.48999786376953,1479.0
2026-04-07 19:00:00+00:00,71.51499938964844,73.23500061035156,71.43499755859375,73.0,2865.0
2026-04-07 20:00:00+00:00,73.04499816894531,73.27999877929688,72.87999725341797,73.11000061035156,1071.0
2026-04-07 22:00:00+00:00,73.44999694824219,76.53500366210938,73.34500122070312,76.51000213623047,0.0
2026-04-07 23:00:00+00:00,76.51499938964844,77.19000244140625,76.22000122070312,76.80000305175781,3218.0
2026-04-08 00:00:00+00:00,76.77999877929688,77.44499969482422,76.23999786376953,76.86000061035156,2695.0
2026-04-08 01:00:00+00:00,76.82499694824219,77.19999694824219,76.15499877929688,76.70500183105469,2028.0
2026-04-08 02:00:00+00:00,76.7300033569336,76.88999938964844,76.43000030517578,76.55000305175781,774.0
2026-04-08 03:00:00+00:00,76.54499816894531,76.58499908447266,76.24500274658203,76.45500183105469,382.0
2026-04-08 04:00:00+00:00,76.51499938964844,76.83000183105469,76.4749984741211,76.81999969482422,406.0
2026-04-08 05:00:00+00:00,76.78500366210938,77.68000030517578,76.71499633789062,77.44999694824219,1558.0
2026-04-08 06:00:00+00:00,77.4800033569336,77.7699966430664,77.22000122070312,77.30999755859375,1686.0
2026-04-08 07:00:00+00:00,77.30000305175781,77.31999969482422,77.05500030517578,77.08499908447266,1063.0
2026-04-08 08:00:00+00:00,77.06500244140625,77.12999725341797,76.63999938964844,77.0250015258789,1191.0
2026-04-08 09:00:00+00:00,77.0,77.31500244140625,76.75,76.80000305175781,1068.0
2026-04-08 10:00:00+00:00,76.80000305175781,77.1050033569336,76.71499633789062,76.93499755859375,624.0
2026-04-08 11:00:00+00:00,76.8949966430664,77.58499908447266,76.82499694824219,77.41999816894531,1751.0
2026-04-08 12:00:00+00:00,77.44000244140625,77.6500015258789,76.57499694824219,77.63500213623047,3666.0
2026-04-08 13:00:00+00:00,77.59500122070312,77.80000305175781,76.4000015258789,76.61000061035156,4843.0
2026-04-08 14:00:00+00:00,76.5999984741211,76.80500030517578,74.80500030517578,74.94999694824219,6234.0
2026-04-08 15:00:00+00:00,74.98500061035156,75.7699966430664,74.93000030517578,75.6050033569336,2662.0
2026-04-08 16:00:00+00:00,75.625,75.875,75.26499938964844,75.63500213623047,2443.0
2026-04-08 17:00:00+00:00,75.62000274658203,75.66000366210938,75.22000122070312,75.26000213623047,6544.0
2026-04-08 18:00:00+00:00,75.2750015258789,75.4800033569336,73.66500091552734,73.69999694824219,3794.0
2026-04-08 19:00:00+00:00,73.6500015258789,74.6449966430664,73.56999969482422,74.63500213623047,1385.0
2026-04-08 20:00:00+00:00,74.62000274658203,74.7300033569336,74.12999725341797,74.24500274658203,649.0
2026-04-08 22:00:00+00:00,74.30000305175781,74.38999938964844,73.55500030517578,74.19499969482422,0.0
2026-04-08 23:00:00+00:00,74.19999694824219,74.20999908447266,73.54499816894531,73.79000091552734,640.0
2026-04-09 00:00:00+00:00,73.78500366210938,74.05999755859375,73.42500305175781,73.58999633789062,756.0
2026-04-09 01:00:00+00:00,73.55999755859375,73.94000244140625,72.92500305175781,73.90499877929688,1974.0
2026-04-09 02:00:00+00:00,73.93499755859375,74.51499938964844,73.77999877929688,73.83999633789062,1041.0
2026-04-09 03:00:00+00:00,73.80500030517578,74.12000274658203,73.70999908447266,74.06999969482422,344.0
2026-04-09 04:00:00+00:00,74.05999755859375,74.29000091552734,73.99500274658203,74.125,379.0
2026-04-09 05:00:00+00:00,74.11000061035156,74.23500061035156,73.78500366210938,74.07499694824219,485.0
2026-04-09 06:00:00+00:00,74.0,74.19499969482422,73.7699966430664,74.0250015258789,592.0
2026-04-09 07:00:00+00:00,74.02999877929688,74.34500122070312,73.6500015258789,74.15499877929688,1442.0
2026-04-09 08:00:00+00:00,74.19000244140625,74.30999755859375,73.94499969482422,74.1500015258789,650.0
2026-04-09 09:00:00+00:00,74.125,74.23500061035156,73.88999938964844,74.11499786376953,779.0
2026-04-09 10:00:00+00:00,74.1449966430664,74.31999969482422,73.94000244140625,74.0999984741211,394.0
2026-04-09 11:00:00+00:00,74.08499908447266,74.72000122070312,74.08000183105469,74.69499969482422,1255.0
2026-04-09 12:00:00+00:00,74.68000030517578,74.8499984741211,74.23500061035156,74.48999786376953,1623.0
2026-04-09 13:00:00+00:00,74.48999786376953,75.4749984741211,74.27999877929688,75.125,3764.0
2026-04-09 14:00:00+00:00,75.1500015258789,75.44999694824219,74.3499984741211,74.9749984741211,3800.0
2026-04-09 15:00:00+00:00,74.96499633789062,76.13500213623047,74.74500274658203,75.96499633789062,5055.0
2026-04-09 16:00:00+00:00,75.94999694824219,76.42500305175781,75.94999694824219,76.125,3483.0
2026-04-09 17:00:00+00:00,76.12000274658203,76.83999633789062,76.12000274658203,76.69499969482422,6213.0
2026-04-09 18:00:00+00:00,76.66000366210938,76.69499969482422,75.75499725341797,75.91500091552734,2373.0
2026-04-09 19:00:00+00:00,75.9000015258789,76.19999694824219,75.6500015258789,75.72000122070312,873.0
2026-04-09 20:00:00+00:00,75.73500061035156,75.87000274658203,75.3550033569336,75.4749984741211,0.0
2026-04-09 22:00:00+00:00,75.5,75.88999938964844,75.31500244140625,75.50499725341797,451.0
2026-04-09 23:00:00+00:00,75.4749984741211,75.61499786376953,75.30999755859375,75.52999877929688,221.0
2026-04-10 00:00:00+00:00,75.5,75.61000061035156,75.07499694824219,75.58999633789062,397.0
2026-04-10 01:00:00+00:00,75.56500244140625,76.12000274658203,75.55999755859375,75.62999725341797,1383.0
2026-04-10 02:00:00+00:00,75.66999816894531,75.74500274658203,75.0,75.69499969482422,786.0
2026-04-10 03:00:00+00:00,75.69999694824219,76.05500030517578,75.68499755859375,75.94999694824219,500.0
2026-04-10 04:00:00+00:00,76.0,76.05000305175781,75.84500122070312,75.88999938964844,231.0
2026-04-10 05:00:00+00:00,75.91000366210938,76.30500030517578,75.91000366210938,76.0999984741211,652.0
2026-04-10 06:00:00+00:00,76.06500244140625,76.06500244140625,75.43000030517578,75.44499969482422,625.0
2026-04-10 07:00:00+00:00,75.43000030517578,75.77999877929688,75.3550033569336,75.41000366210938,429.0
2026-04-10 08:00:00+00:00,75.43499755859375,75.49500274658203,74.87999725341797,74.98500061035156,729.0
2026-04-10 09:00:00+00:00,75.0199966430664,75.625,75.0199966430664,75.5199966430664,668.0
2026-04-10 10:00:00+00:00,75.49500274658203,75.74500274658203,75.26000213623047,75.68499755859375,479.0
2026-04-10 11:00:00+00:00,75.69499969482422,75.82499694824219,75.53500366210938,75.79499816894531,797.0
2026-04-10 12:00:00+00:00,75.81999969482422,76.3499984741211,75.62999725341797,76.06999969482422,2648.0
2026-04-10 13:00:00+00:00,76.04499816894531,76.63999938964844,75.95500183105469,76.48500061035156,3509.0
2026-04-10 14:00:00+00:00,76.48500061035156,77.00499725341797,76.16000366210938,76.45500183105469,3535.0
2026-04-10 15:00:00+00:00,76.44999694824219,76.8499984741211,75.9800033569336,76.0999984741211,3137.0
2026-04-10 16:00:00+00:00,76.1050033569336,76.4000015258789,75.8499984741211,76.36000061035156,1789.0
2026-04-10 17:00:00+00:00,76.37000274658203,76.55999755859375,76.20999908447266,76.3550033569336,5909.0
2026-04-10 18:00:00+00:00,76.36000061035156,76.66000366210938,76.125,76.53500366210938,1559.0
2026-04-10 19:00:00+00:00,76.54499816894531,76.6449966430664,76.43000030517578,76.54499816894531,743.0
2026-04-10 20:00:00+00:00,76.5199966430664,76.54499816894531,75.94999694824219,76.4800033569336,856.0
2026-04-12 22:00:00+00:00,73.7699966430664,73.7699966430664,72.54499816894531,73.54499816894531,2593.0
2026-04-12 23:00:00+00:00,73.51000213623047,73.95500183105469,72.8499984741211,73.81999969482422,1231.0
2026-04-13 00:00:00+00:00,73.83999633789062,74.5999984741211,73.72000122070312,74.5250015258789,1031.0
2026-04-13 01:00:00+00:00,74.55000305175781,74.80000305175781,74.25,74.43000030517578,1949.0
2026-04-13 02:00:00+00:00,74.41999816894531,74.57499694824219,74.04499816894531,74.36499786376953,595.0
2026-04-13 03:00:00+00:00,74.41999816894531,74.58999633789062,74.13999938964844,74.4749984741211,413.0
2026-04-13 04:00:00+00:00,74.51499938964844,74.56999969482422,74.2249984741211,74.5199966430664,249.0
2026-04-13 05:00:00+00:00,74.58000183105469,74.75499725341797,74.28500366210938,74.75499725341797,390.0
2026-04-13 06:00:00+00:00,74.79000091552734,74.81999969482422,74.44999694824219,74.52999877929688,760.0
2026-04-13 07:00:00+00:00,74.54000091552734,74.93000030517578,74.43000030517578,74.84500122070312,844.0
2026-04-13 08:00:00+00:00,74.86000061035156,75.0199966430664,74.45999908447266,74.50499725341797,504.0
2026-04-13 09:00:00+00:00,74.51000213623047,74.6500015258789,74.32499694824219,74.46499633789062,480.0
2026-04-13 10:00:00+00:00,74.46499633789062,74.5199966430664,74.22000122070312,74.48999786376953,414.0
2026-04-13 11:00:00+00:00,74.5,74.62999725341797,74.06999969482422,74.12999725341797,913.0
2026-04-13 12:00:00+00:00,74.125,74.40499877929688,73.7249984741211,73.98500061035156,1810.0
2026-04-13 13:00:00+00:00,73.9800033569336,74.55999755859375,73.6500015258789,74.375,3891.0
2026-04-13 14:00:00+00:00,74.30999755859375,74.42500305175781,73.86000061035156,74.16999816894531,3070.0
2026-04-13 15:00:00+00:00,74.16999816894531,74.2750015258789,73.78500366210938,74.16500091552734,1686.0
2026-04-13 16:00:00+00:00,74.16999816894531,76.0,74.08999633789062,75.47000122070312,5734.0
2026-04-13 17:00:00+00:00,75.47000122070312,75.76000213623047,75.2750015258789,75.33000183105469,5005.0
2026-04-13 18:00:00+00:00,75.33499908447266,75.73999786376953,75.04499816894531,75.6449966430664,1713.0
2026-04-13 19:00:00+00:00,75.6449966430664,75.79499816894531,75.45500183105469,75.61000061035156,915.0
2026-04-13 20:00:00+00:00,75.61000061035156,75.78500366210938,75.58000183105469,75.73999786376953,519.0
2026-04-13 22:00:00+00:00,75.65499877929688,76.04499816894531,75.65499877929688,76.0199966430664,0.0
2026-04-13 23:00:00+00:00,76.06999969482422,76.18499755859375,75.86499786376953,75.93499755859375,478.0
2026-04-14 00:00:00+00:00,75.91500091552734,76.3550033569336,75.6050033569336,76.16500091552734,1134.0
2026-04-14 01:00:00+00:00,76.15499877929688,76.53500366210938,75.9000015258789,75.9800033569336,1361.0
2026-04-14 02:00:00+00:00,76.01000213623047,76.88500213623047,75.94999694824219,76.81999969482422,1178.0
2026-04-14 03:00:00+00:00,76.81500244140625,77.16000366210938,76.69000244140625,77.06999969482422,734.0
2026-04-14 04:00:00+00:00,77.01000213623047,77.2699966430664,76.95999908447266,77.23500061035156,284.0
2026-04-14 05:00:00+00:00,77.2300033569336,77.27999877929688,76.57499694824219,76.75,995.0
2026-04-14 06:00:00+00:00,76.81999969482422,77.68000030517578,76.81999969482422,77.66999816894531,1601.0
2026-04-14 07:00:00+00:00,77.66999816894531,78.12000274658203,77.54499816894531,77.90499877929688,2173.0
2026-04-14 08:00:00+00:00,77.86000061035156,78.23999786376953,77.72000122070312,78.2300033569336,1299.0
2026-04-14 09:00:00+00:00,78.24500274658203,78.28500366210938,77.76000213623047,77.8949966430664,602.0
2026-04-14 10:00:00+00:00,77.88500213623047,78.04000091552734,77.44499969482422,77.61499786376953,1046.0
2026-04-14 11:00:00+00:00,77.62000274658203,77.86000061035156,77.41999816894531,77.7249984741211,1597.0
2026-04-14 12:00:00+00:00,77.7249984741211,77.94000244140625,77.30999755859375,77.67500305175781,2454.0
2026-04-14 13:00:00+00:00,77.66000366210938,78.57499694824219,77.62999725341797,78.51499938964844,5146.0
2026-04-14 14:00:00+00:00,78.51499938964844,79.53500366210938,78.49500274658203,79.26000213623047,6369.0
2026-04-14 15:00:00+00:00,79.25499725341797,79.49500274658203,78.73999786376953,79.29499816894531,3593.0
2026-04-14 16:00:00+00:00,79.29000091552734,79.70500183105469,79.17500305175781,79.20999908447266,3641.0
2026-04-14 17:00:00+00:00,79.20999908447266,79.80000305175781,79.16000366210938,79.49500274658203,7269.0
2026-04-14 18:00:00+00:00,79.50499725341797,79.50499725341797,79.1050033569336,79.40499877929688,2088.0
2026-04-14 19:00:00+00:00,79.41500091552734,79.70500183105469,79.34500122070312,79.66000366210938,1733.0
2026-04-14 20:00:00+00:00,79.66000366210938,79.79000091552734,79.625,79.625,601.0
2026-04-14 22:00:00+00:00,79.70500183105469,79.81500244140625,79.3949966430664,79.44999694824219,0.0
2026-04-14 23:00:00+00:00,79.43499755859375,79.8550033569336,79.43000030517578,79.63500213623047,677.0
2026-04-15 00:00:00+00:00,79.62999725341797,79.83499908447266,79.42500305175781,79.80000305175781,449.0
2026-04-15 01:00:00+00:00,79.81500244140625,80.87999725341797,79.51000213623047,80.6449966430664,2983.0
2026-04-15 02:00:00+00:00,80.61000061035156,81.15499877929688,79.91000366210938,79.95500183105469,2605.0
2026-04-15 03:00:00+00:00,79.98999786376953,80.26000213623047,79.80999755859375,79.92500305175781,583.0
2026-04-15 04:00:00+00:00,79.93000030517578,80.05999755859375,79.76000213623047,79.92500305175781,465.0
2026-04-15 05:00:00+00:00,79.8949966430664,80.04499816894531,79.0999984741211,79.50499725341797,1510.0
2026-04-15 06:00:00+00:00,79.52999877929688,79.69999694824219,79.25,79.2750015258789,1104.0
2026-04-15 07:00:00+00:00,79.30500030517578,79.57499694824219,79.1500015258789,79.31500244140625,1025.0
2026-04-15 08:00:00+00:00,79.31500244140625,79.44499969482422,79.1050033569336,79.41500091552734,727.0
2026-04-15 09:00:00+00:00,79.41500091552734,79.45500183105469,78.30500030517578,78.58499908447266,2588.0
2026-04-15 10:00:00+00:00,78.58000183105469,78.98500061035156,78.44999694824219,78.87999725341797,1237.0
2026-04-15 11:00:00+00:00,78.875,79.22000122070312,78.62999725341797,79.19000244140625,1766.0
2026-04-15 12:00:00+00:00,79.15499877929688,79.2249984741211,78.6500015258789,78.69999694824219,1766.0
2026-04-15 13:00:00+00:00,78.72000122070312,80.15499877929688,78.70999908447266,80.1500015258789,4561.0
2026-04-15 14:00:00+00:00,80.16000366210938,80.69000244140625,80.01000213623047,80.13999938964844,4374.0
2026-04-15 15:00:00+00:00,80.1050033569336,80.125,78.87999725341797,79.45999908447266,4400.0
2026-04-15 16:00:00+00:00,79.44499969482422,79.82499694824219,79.2699966430664,79.48500061035156,1782.0
2026-04-15 17:00:00+00:00,79.45999908447266,79.71499633789062,79.19000244140625,79.2249984741211,3168.0
2026-04-15 18:00:00+00:00,79.25499725341797,79.55000305175781,79.16000366210938,79.48500061035156,738.0
2026-04-15 19:00:00+00:00,79.45999908447266,79.67500305175781,79.38500213623047,79.52999877929688,499.0
2026-04-15 20:00:00+00:00,79.50499725341797,79.50499725341797,79.0,79.11000061035156,637.0
2026-04-15 22:00:00+00:00,79.19499969482422,79.54000091552734,79.1050033569336,79.50499725341797,0.0
2026-04-15 23:00:00+00:00,79.46499633789062,79.75,79.46499633789062,79.6500015258789,386.0
2026-04-16 00:00:00+00:00,79.6500015258789,80.4749984741211,79.6500015258789,80.30000305175781,1393.0
2026-04-16 01:00:00+00:00,80.30000305175781,80.69999694824219,80.09500122070312,80.23999786376953,1048.0
2026-04-16 02:00:00+00:00,80.33499908447266,80.55999755859375,80.06500244140625,80.4749984741211,1001.0
2026-04-16 03:00:00+00:00,80.47000122070312,80.73500061035156,80.41500091552734,80.61000061035156,604.0
2026-04-16 04:00:00+00:00,80.48999786376953,80.82499694824219,80.44000244140625,80.82499694824219,389.0
2026-04-16 05:00:00+00:00,80.83999633789062,81.03500366210938,80.47000122070312,80.55500030517578,755.0
2026-04-16 06:00:00+00:00,80.58999633789062,80.76499938964844,80.33499908447266,80.4749984741211,781.0
2026-04-16 07:00:00+00:00,80.46499633789062,80.58999633789062,80.13999938964844,80.23500061035156,710.0
2026-04-16 08:00:00+00:00,80.25499725341797,80.2699966430664,79.68499755859375,79.87000274658203,1213.0
2026-04-16 09:00:00+00:00,79.86499786376953,79.98999786376953,79.55500030517578,79.68499755859375,934.0
2026-04-16 10:00:00+00:00,79.69999694824219,79.98500061035156,79.51499938964844,79.94000244140625,664.0
2026-04-16 11:00:00+00:00,79.94499969482422,79.95999908447266,79.58499908447266,79.83499908447266,1108.0
2026-04-16 12:00:00+00:00,79.83999633789062,79.87999725341797,79.11000061035156,79.37999725341797,2506.0
2026-04-16 13:00:00+00:00,79.37999725341797,79.91999816894531,78.3499984741211,78.7750015258789,5500.0
2026-04-16 14:00:00+00:00,78.76000213623047,79.04000091552734,78.16000366210938,78.63999938964844,4577.0
2026-04-16 15:00:00+00:00,78.63999938964844,79.2750015258789,78.6050033569336,79.01499938964844,3056.0
2026-04-16 16:00:00+00:00,79.00499725341797,79.12000274658203,78.40499877929688,78.69499969482422,2027.0
2026-04-16 17:00:00+00:00,78.69499969482422,78.82499694824219,78.2699966430664,78.41000366210938,2169.0
2026-04-16 18:00:00+00:00,78.40499877929688,78.67500305175781,78.36499786376953,78.55999755859375,858.0
2026-04-16 19:00:00+00:00,78.58499908447266,78.86000061035156,78.58499908447266,78.79000091552734,1384.0
2026-04-16 20:00:00+00:00,78.7699966430664,78.7699966430664,78.43499755859375,78.45999908447266,389.0
2026-04-16 22:00:00+00:00,78.66500091552734,78.93000030517578,78.4000015258789,78.88500213623047,0.0
2026-04-16 23:00:00+00:00,78.8550033569336,78.91999816894531,78.7699966430664,78.77999877929688,208.0
2026-04-17 00:00:00+00:00,78.75499725341797,78.9749984741211,78.52999877929688,78.80999755859375,311.0
2026-04-17 01:00:00+00:00,78.80500030517578,78.86499786376953,77.7699966430664,78.52999877929688,1806.0
2026-04-17 02:00:00+00:00,78.5250015258789,78.69999694824219,78.37000274658203,78.40499877929688,554.0
2026-04-17 03:00:00+00:00,78.44999694824219,79.33499908447266,78.44999694824219,78.98999786376953,1023.0
2026-04-17 04:00:00+00:00,78.91500091552734,79.30000305175781,78.9000015258789,79.17500305175781,447.0
2026-04-17 05:00:00+00:00,79.15499877929688,79.23999786376953,78.91000366210938,78.9749984741211,541.0
2026-04-17 06:00:00+00:00,78.9800033569336,79.07499694824219,78.55000305175781,78.69499969482422,654.0
2026-04-17 07:00:00+00:00,78.71499633789062,79.0,78.66999816894531,78.99500274658203,454.0
2026-04-17 08:00:00+00:00,78.9749984741211,79.5999984741211,78.96499633789062,79.5999984741211,822.0
2026-04-17 09:00:00+00:00,79.5999984741211,79.90499877929688,79.58499908447266,79.68499755859375,1169.0
2026-04-17 10:00:00+00:00,79.68499755859375,79.71499633789062,79.33000183105469,79.44999694824219,759.0
2026-04-17 11:00:00+00:00,79.44999694824219,79.7750015258789,79.19999694824219,79.75,1485.0
2026-04-17 12:00:00+00:00,79.75499725341797,81.80000305175781,79.7300033569336,81.73500061035156,6519.0
2026-04-17 13:00:00+00:00,81.76000213623047,82.62000274658203,81.25499725341797,82.5250015258789,9641.0
2026-04-17 14:00:00+00:00,82.55000305175781,83.24500274658203,82.16999816894531,82.86499786376953,5124.0
2026-04-17 15:00:00+00:00,82.88500213623047,83.06500244140625,82.16999816894531,82.44000244140625,4731.0
2026-04-17 16:00:00+00:00,82.43000030517578,82.75,82.30000305175781,82.37999725341797,2306.0
2026-04-17 17:00:00+00:00,82.38500213623047,82.50499725341797,81.5199966430664,81.96499633789062,4701.0
2026-04-17 18:00:00+00:00,81.97000122070312,82.23500061035156,81.61000061035156,81.66000366210938,1174.0
2026-04-17 19:00:00+00:00,81.68499755859375,81.68499755859375,81.26499938964844,81.49500274658203,1493.0
2026-04-17 20:00:00+00:00,81.48500061035156,81.5250015258789,80.86000061035156,80.93000030517578,912.0
2026-04-19 22:00:00+00:00,79.76499938964844,79.88500213623047,79.51000213623047,79.66999816894531,885.0
2026-04-19 23:00:00+00:00,79.62000274658203,79.74500274658203,78.71499633789062,79.08000183105469,1343.0
2026-04-20 00:00:00+00:00,79.07499694824219,79.96499633789062,78.7699966430664,79.93499755859375,1532.0
2026-04-20 01:00:00+00:00,79.91500091552734,80.75499725341797,79.82499694824219,80.61000061035156,3224.0
2026-04-20 02:00:00+00:00,80.62000274658203,80.7249984741211,80.30999755859375,80.30999755859375,1494.0
2026-04-20 09:00:00+00:00,81.84200286865234,81.84200286865234,79.25,79.31999969482422,7374.0
2026-04-20 10:00:00+00:00,79.31999969482422,81.84200286865234,79.30999755859375,79.33999633789062,821.0
2026-04-20 11:00:00+00:00,79.33999633789062,81.84200286865234,79.1449966430664,79.86000061035156,1487.0
2026-04-20 12:00:00+00:00,79.87999725341797,80.0250015258789,79.4800033569336,79.69499969482422,2123.0
2026-04-20 13:00:00+00:00,79.69499969482422,80.5250015258789,79.6449966430664,80.32499694824219,5095.0
2026-04-20 14:00:00+00:00,80.3550033569336,80.45500183105469,79.45500183105469,79.7699966430664,4113.0
2026-04-20 15:00:00+00:00,79.84500122070312,80.0250015258789,79.50499725341797,79.91999816894531,2373.0
2026-04-20 16:00:00+00:00,79.90499877929688,80.04499816894531,79.73500061035156,79.9749984741211,1550.0
2026-04-20 17:00:00+00:00,79.9749984741211,80.19000244140625,79.66500091552734,79.7300033569336,3282.0
2026-04-20 18:00:00+00:00,79.75499725341797,80.0999984741211,79.75499725341797,79.96499633789062,938.0
2026-04-20 19:00:00+00:00,80.01000213623047,80.18499755859375,79.73500061035156,79.87999725341797,884.0
2026-04-20 20:00:00+00:00,79.875,79.93499755859375,79.75,79.87000274658203,524.0
2026-04-20 22:00:00+00:00,79.84500122070312,80.37999725341797,79.77999877929688,80.21499633789062,0.0
2026-04-20 23:00:00+00:00,80.19999694824219,80.26499938964844,79.94499969482422,80.0199966430664,265.0
2026-04-21 00:00:00+00:00,79.99500274658203,80.1500015258789,79.57499694824219,80.0,629.0
2026-04-21 01:00:00+00:00,80.0,80.06999969482422,79.16500091552734,79.48999786376953,1361.0
2026-04-21 02:00:00+00:00,79.47000122070312,79.54000091552734,79.07499694824219,79.30999755859375,704.0
2026-04-21 03:00:00+00:00,79.31999969482422,79.32499694824219,78.58999633789062,78.95500183105469,1198.0
2026-04-21 04:00:00+00:00,78.9800033569336,79.05500030517578,78.8550033569336,78.94999694824219,347.0
2026-04-21 05:00:00+00:00,78.91999816894531,79.36499786376953,78.88500213623047,78.93000030517578,778.0
2026-04-21 06:00:00+00:00,78.9000015258789,80.03800201416016,78.70999908447266,78.94499969482422,817.0
2026-04-21 07:00:00+00:00,78.92500305175781,79.3949966430664,78.6500015258789,79.08000183105469,984.0
2026-04-21 08:00:00+00:00,79.06999969482422,79.17500305175781,78.56500244140625,78.91999816894531,1248.0
2026-04-21 09:00:00+00:00,78.91000366210938,79.06500244140625,78.69999694824219,79.00499725341797,888.0
2026-04-21 10:00:00+00:00,78.98500061035156,79.1449966430664,78.93000030517578,79.08000183105469,315.0
2026-04-21 11:00:00+00:00,79.09500122070312,79.36499786376953,78.625,79.26000213623047,1315.0
2026-04-21 12:00:00+00:00,79.2699966430664,79.31500244140625,78.4000015258789,78.83000183105469,3493.0
2026-04-21 13:00:00+00:00,78.83999633789062,79.11000061035156,78.16999816894531,78.80500030517578,5494.0
2026-04-21 14:00:00+00:00,78.80500030517578,78.94499969482422,76.76499938964844,76.88500213623047,8759.0
2026-04-21 15:00:00+00:00,76.94999694824219,77.45500183105469,76.69999694824219,77.00499725341797,5076.0
2026-04-21 16:00:00+00:00,77.08000183105469,77.30500030517578,76.08499908447266,76.36000061035156,4591.0
2026-04-21 17:00:00+00:00,76.3550033569336,76.98500061035156,76.19499969482422,76.78500366210938,4975.0
2026-04-21 18:00:00+00:00,76.79000091552734,76.91000366210938,76.41000366210938,76.81999969482422,1783.0
2026-04-21 19:00:00+00:00,76.82499694824219,77.12000274658203,75.53500366210938,75.74500274658203,4244.0
2026-04-21 20:00:00+00:00,75.73500061035156,76.83499908447266,75.37999725341797,76.66500091552734,2224.0
2026-04-21 22:00:00+00:00,76.83999633789062,77.06999969482422,76.61499786376953,76.76499938964844,0.0
2026-04-21 23:00:00+00:00,76.76000213623047,77.38999938964844,76.76000213623047,77.31500244140625,813.0
2026-04-22 00:00:00+00:00,77.34500122070312,77.69499969482422,77.33000183105469,77.43000030517578,1084.0
2026-04-22 01:00:00+00:00,77.43000030517578,77.8949966430664,77.33999633789062,77.56500244140625,1323.0
2026-04-22 02:00:00+00:00,77.59500122070312,77.93000030517578,77.52999877929688,77.84500122070312,914.0
2026-04-22 03:00:00+00:00,77.7699966430664,78.23999786376953,77.76000213623047,78.08499908447266,951.0
2026-04-22 04:00:00+00:00,78.0199966430664,78.08499908447266,77.80500030517578,77.97000122070312,525.0
2026-04-22 05:00:00+00:00,77.95500183105469,78.62999725341797,77.91999816894531,78.47000122070312,1303.0
2026-04-22 06:00:00+00:00,78.44999694824219,78.55999755859375,78.2249984741211,78.54499816894531,713.0
2026-04-22 07:00:00+00:00,78.52999877929688,78.59500122070312,78.29000091552734,78.30000305175781,1152.0
2026-04-22 08:00:00+00:00,78.30500030517578,78.33000183105469,77.9749984741211,78.15499877929688,1287.0
2026-04-22 09:00:00+00:00,78.13500213623047,78.30000305175781,77.87999725341797,77.94000244140625,932.0
2026-04-22 10:00:00+00:00,77.9800033569336,78.13500213623047,77.69499969482422,78.08000183105469,1097.0
2026-04-22 11:00:00+00:00,78.08499908447266,78.24500274658203,77.97000122070312,78.06500244140625,795.0
2026-04-22 12:00:00+00:00,78.08499908447266,78.31999969482422,77.59500122070312,77.72000122070312,2266.0
2026-04-22 13:00:00+00:00,77.70999908447266,78.33999633789062,77.41999816894531,78.21499633789062,4366.0
2026-04-22 14:00:00+00:00,78.19999694824219,78.47000122070312,77.74500274658203,77.83000183105469,3179.0
2026-04-22 15:00:00+00:00,77.8550033569336,78.18499755859375,77.70999908447266,77.8499984741211,2356.0
2026-04-22 16:00:00+00:00,77.86000061035156,78.00499725341797,77.58499908447266,77.69499969482422,1664.0
2026-04-22 17:00:00+00:00,77.69000244140625,78.08999633789062,77.69000244140625,77.91999816894531,3220.0
2026-04-22 18:00:00+00:00,77.88500213623047,78.03500366210938,77.72000122070312,77.90499877929688,671.0
2026-04-22 19:00:00+00:00,77.83999633789062,77.83999633789062,77.66000366210938,77.77999877929688,568.0
2026-04-22 20:00:00+00:00,77.76499938964844,77.80999755859375,77.57499694824219,77.68499755859375,354.0
2026-04-22 22:00:00+00:00,77.83999633789062,77.8949966430664,77.41500091552734,77.4800033569336,0.0
2026-04-22 23:00:00+00:00,77.48999786376953,77.59500122070312,77.38999938964844,77.5250015258789,275.0
2026-04-23 00:00:00+00:00,77.53500366210938,78.40499877929688,76.375,78.20999908447266,3408.0
2026-04-23 01:00:00+00:00,78.20500183105469,78.3499984741211,77.0,77.04000091552734,1840.0
2026-04-23 02:00:00+00:00,77.02999877929688,77.04499816894531,75.75,75.7699966430664,2868.0
2026-04-23 03:00:00+00:00,75.7699966430664,76.30000305175781,75.5999984741211,76.06999969482422,1787.0
2026-04-23 04:00:00+00:00,76.06999969482422,76.25,75.92500305175781,76.16000366210938,663.0
2026-04-23 05:00:00+00:00,76.16000366210938,76.30000305175781,75.54000091552734,76.19999694824219,1395.0
2026-04-23 06:00:00+00:00,76.2249984741211,76.26499938964844,75.75499725341797,76.08499908447266,1922.0
2026-04-23 07:00:00+00:00,76.08499908447266,76.33499908447266,75.70999908447266,76.16999816894531,1584.0
2026-04-23 08:00:00+00:00,76.21499633789062,76.2699966430664,75.44000244140625,75.61499786376953,1476.0
2026-04-23 09:00:00+00:00,75.58499908447266,75.6050033569336,75.07499694824219,75.40499877929688,2289.0
2026-04-23 10:00:00+00:00,75.40499877929688,75.4749984741211,74.2300033569336,74.58499908447266,4056.0
2026-04-23 11:00:00+00:00,74.5999984741211,75.65499877929688,74.48999786376953,75.53500366210938,2852.0
2026-04-23 12:00:00+00:00,75.50499725341797,77.07499694824219,75.49500274658203,76.88999938964844,7404.0
2026-04-23 13:00:00+00:00,76.91000366210938,77.00499725341797,75.77999877929688,75.94000244140625,6371.0
2026-04-23 14:00:00+00:00,75.94999694824219,76.4000015258789,75.5250015258789,76.21499633789062,3814.0
2026-04-23 15:00:00+00:00,76.27999877929688,76.51499938964844,75.79000091552734,76.05999755859375,2662.0
2026-04-23 16:00:00+00:00,76.04499816894531,76.5199966430664,75.93000030517578,76.37000274658203,2135.0
2026-04-23 17:00:00+00:00,76.36499786376953,76.41500091552734,74.58499908447266,75.66000366210938,9574.0
2026-04-23 18:00:00+00:00,75.68000030517578,76.1500015258789,75.51000213623047,75.56500244140625,2387.0
2026-04-23 19:00:00+00:00,75.56999969482422,75.82499694824219,75.38999938964844,75.55500030517578,1168.0
2026-04-23 20:00:00+00:00,75.54499816894531,75.59500122070312,75.23500061035156,75.45999908447266,402.0
2026-04-23 22:00:00+00:00,75.55500030517578,75.80000305175781,75.31500244140625,75.41500091552734,0.0
2026-04-23 23:00:00+00:00,75.42500305175781,75.69499969482422,75.23999786376953,75.45500183105469,201.0
2026-04-24 00:00:00+00:00,75.58000183105469,75.94000244140625,75.41999816894531,75.7750015258789,431.0
2026-04-24 01:00:00+00:00,75.7750015258789,75.88999938964844,75.05000305175781,75.59500122070312,1126.0
2026-04-24 02:00:00+00:00,75.5999984741211,75.5999984741211,74.8499984741211,74.98999786376953,708.0
2026-04-24 03:00:00+00:00,74.98999786376953,75.11499786376953,74.66500091552734,74.80999755859375,512.0
2026-04-24 04:00:00+00:00,74.7699966430664,75.02999877929688,74.6449966430664,75.02999877929688,447.0
2026-04-24 05:00:00+00:00,75.0199966430664,75.19000244140625,74.80000305175781,75.07499694824219,671.0
2026-04-24 06:00:00+00:00,75.08000183105469,75.0999984741211,73.84500122070312,74.24500274658203,3342.0
2026-04-24 07:00:00+00:00,74.23500061035156,74.88500213623047,74.19000244140625,74.87000274658203,1990.0
2026-04-24 08:00:00+00:00,74.83999633789062,74.94499969482422,74.51000213623047,74.80000305175781,2043.0
2026-04-24 09:00:00+00:00,74.80500030517578,74.93000030517578,74.53500366210938,74.63999938964844,1620.0
2026-04-24 10:00:00+00:00,74.62999725341797,74.875,74.62999725341797,74.78500366210938,677.0
2026-04-24 11:00:00+00:00,74.79000091552734,76.2300033569336,74.7750015258789,75.94000244140625,3929.0
2026-04-24 12:00:00+00:00,75.94999694824219,76.19999694824219,75.43499755859375,75.55500030517578,3253.0
2026-04-24 13:00:00+00:00,75.56999969482422,76.06500244140625,75.17500305175781,75.74500274658203,4321.0
2026-04-24 14:00:00+00:00,75.7249984741211,76.22000122070312,75.5999984741211,75.86499786376953,3889.0
2026-04-24 15:00:00+00:00,75.87000274658203,76.56500244140625,75.59500122070312,76.34500122070312,4559.0
2026-04-24 16:00:00+00:00,76.33499908447266,76.40499877929688,76.06500244140625,76.375,2089.0
2026-04-24 17:00:00+00:00,76.36499786376953,76.66500091552734,76.24500274658203,76.48999786376953,4039.0
2026-04-24 18:00:00+00:00,76.49500274658203,76.52999877929688,76.29000091552734,76.44000244140625,565.0
2026-04-24 19:00:00+00:00,76.44999694824219,76.52999877929688,75.95500183105469,75.97000122070312,1652.0
2026-04-24 20:00:00+00:00,75.94999694824219,76.41400146484375,75.625,76.41400146484375,548.0
2026-04-26 22:00:00+00:00,75.19999694824219,75.2699966430664,74.91000366210938,75.125,744.0
2026-04-26 23:00:00+00:00,75.04499816894531,75.09500122070312,74.69000244140625,74.87000274658203,406.0
2026-04-27 00:00:00+00:00,74.88500213623047,75.67500305175781,74.80000305175781,75.63999938964844,908.0
2026-04-27 01:00:00+00:00,75.6449966430664,76.0,75.2699966430664,75.37999725341797,2307.0
2026-04-27 02:00:00+00:00,75.41500091552734,76.16999816894531,75.01000213623047,75.99500274658203,1326.0
2026-04-27 03:00:00+00:00,76.0199966430664,76.55500030517578,75.90499877929688,76.36000061035156,774.0
2026-04-27 04:00:00+00:00,76.36499786376953,76.53500366210938,76.32499694824219,76.43499755859375,427.0
2026-04-27 05:00:00+00:00,76.43499755859375,76.43499755859375,75.57499694824219,75.6050033569336,1495.0
2026-04-27 06:00:00+00:00,75.65499877929688,76.00499725341797,75.61000061035156,75.81999969482422,924.0
2026-04-27 07:00:00+00:00,75.81999969482422,75.97000122070312,75.69499969482422,75.69999694824219,1648.0
2026-04-27 08:00:00+00:00,75.68499755859375,75.76499938964844,75.45999908447266,75.55000305175781,1636.0
2026-04-27 09:00:00+00:00,75.58000183105469,75.69999694824219,75.41000366210938,75.63999938964844,1162.0
2026-04-27 10:00:00+00:00,75.65499877929688,75.91500091552734,75.58000183105469,75.88500213623047,734.0
2026-04-27 11:00:00+00:00,75.87999725341797,75.8949966430664,75.4800033569336,75.6449966430664,1259.0
2026-04-27 12:00:00+00:00,75.66000366210938,75.93000030517578,75.18499755859375,75.48999786376953,2420.0
2026-04-27 13:00:00+00:00,75.48999786376953,75.56999969482422,74.95500183105469,75.50499725341797,4596.0
2026-04-27 14:00:00+00:00,75.48500061035156,75.56999969482422,74.81999969482422,74.94000244140625,2831.0
2026-04-27 15:00:00+00:00,74.97000122070312,75.2750015258789,74.58999633789062,74.92500305175781,3542.0
2026-04-27 16:00:00+00:00,74.92500305175781,75.26000213623047,74.7750015258789,75.13500213623047,1881.0
2026-04-27 17:00:00+00:00,75.1500015258789,75.31999969482422,74.9000015258789,75.30500030517578,3259.0
2026-04-27 18:00:00+00:00,75.2699966430664,75.70500183105469,75.16000366210938,75.62999725341797,1293.0
2026-04-27 19:00:00+00:00,75.5999984741211,75.5999984741211,75.36499786376953,75.46499633789062,876.0
2026-04-27 20:00:00+00:00,75.46499633789062,75.5199966430664,75.30500030517578,75.45999908447266,0.0
2026-04-27 22:00:00+00:00,75.45999908447266,75.93000030517578,75.44499969482422,75.9000015258789,463.0
2026-04-27 23:00:00+00:00,75.9000015258789,75.98999786376953,75.83999633789062,75.94499969482422,255.0
2026-04-28 00:00:00+00:00,75.92500305175781,76.15499877929688,75.7300033569336,75.73999786376953,521.0
2026-04-28 01:00:00+00:00,75.66999816894531,75.76499938964844,74.57499694824219,74.59500122070312,874.0
2026-04-28 02:00:00+00:00,74.55500030517578,74.9000015258789,74.15499877929688,74.25,1089.0
2026-04-28 03:00:00+00:00,74.32499694824219,74.7750015258789,74.32499694824219,74.63500213623047,179.0
2026-04-28 04:00:00+00:00,74.55500030517578,74.58999633789062,74.44499969482422,74.44499969482422,156.0
2026-04-28 05:00:00+00:00,74.3499984741211,74.3499984741211,73.09500122070312,73.37000274658203,1181.0
2026-04-28 06:00:00+00:00,73.37000274658203,73.63999938964844,72.78500366210938,73.18499755859375,1448.0
2026-04-28 07:00:00+00:00,73.08999633789062,73.8949966430664,73.08999633789062,73.77999877929688,10141.0
2026-04-28 08:00:00+00:00,73.81500244140625,74.16000366210938,73.03500366210938,73.98500061035156,2672.0
2026-04-28 09:00:00+00:00,73.98999786376953,73.99500274658203,73.26000213623047,73.41000366210938,1458.0
2026-04-28 10:00:00+00:00,73.3949966430664,73.94000244140625,73.3949966430664,73.66500091552734,1217.0
2026-04-28 11:00:00+00:00,73.6500015258789,73.76000213623047,72.43499755859375,72.6449966430664,3990.0
2026-04-28 12:00:00+00:00,72.70999908447266,74.16500091552734,72.5199966430664,73.93499755859375,6135.0
2026-04-28 13:00:00+00:00,73.92500305175781,73.92500305175781,72.81999969482422,73.37000274658203,7875.0
2026-04-28 14:00:00+00:00,73.3499984741211,73.38999938964844,72.66999816894531,73.37999725341797,5146.0
2026-04-28 15:00:00+00:00,73.4000015258789,73.68000030517578,73.05500030517578,73.68000030517578,4301.0
2026-04-28 16:00:00+00:00,73.66500091552734,73.80999755859375,73.4000015258789,73.69000244140625,3054.0
2026-04-28 17:00:00+00:00,73.69999694824219,74.01000213623047,73.43499755859375,73.74500274658203,3408.0
2026-04-28 18:00:00+00:00,73.76499938964844,73.90499877929688,73.6449966430664,73.6449966430664,877.0
2026-04-28 19:00:00+00:00,73.65499877929688,73.78500366210938,73.56999969482422,73.63500213623047,1047.0
2026-04-28 20:00:00+00:00,73.625,73.71499633789062,73.50499725341797,73.55000305175781,427.0
2026-04-28 22:00:00+00:00,73.50499725341797,73.69999694824219,73.48999786376953,73.625,0.0
2026-04-28 23:00:00+00:00,73.63999938964844,73.80000305175781,73.51499938964844,73.80000305175781,297.0
2026-04-29 00:00:00+00:00,73.7750015258789,74.36000061035156,73.58999633789062,73.70500183105469,898.0
2026-04-29 01:00:00+00:00,73.68000030517578,73.91999816894531,73.26499938964844,73.69000244140625,1492.0
2026-04-29 02:00:00+00:00,73.78500366210938,74.29499816894531,73.78500366210938,74.00499725341797,612.0
2026-04-29 03:00:00+00:00,74.02999877929688,74.34500122070312,74.02999877929688,74.0999984741211,273.0
2026-04-29 04:00:00+00:00,74.08000183105469,74.3499984741211,74.07499694824219,74.30000305175781,213.0
2026-04-29 05:00:00+00:00,74.30000305175781,74.42500305175781,74.03500366210938,74.07499694824219,317.0
2026-04-29 06:00:00+00:00,74.06999969482422,74.3499984741211,73.79000091552734,73.87000274658203,823.0
2026-04-29 07:00:00+00:00,73.88500213623047,74.01499938964844,73.41999816894531,73.44000244140625,932.0
2026-04-29 08:00:00+00:00,73.44000244140625,73.61499786376953,72.95500183105469,73.29000091552734,1602.0
2026-04-29 09:00:00+00:00,73.28500366210938,73.40499877929688,72.99500274658203,73.04499816894531,901.0
2026-04-29 10:00:00+00:00,73.04499816894531,73.53500366210938,73.0250015258789,73.37000274658203,1032.0
2026-04-29 11:00:00+00:00,73.37999725341797,73.42500305175781,72.93499755859375,73.00499725341797,1642.0
2026-04-29 12:00:00+00:00,72.95999908447266,73.23999786376953,72.3550033569336,72.48999786376953,2454.0
2026-04-29 13:00:00+00:00,72.49500274658203,72.8949966430664,71.71499633789062,72.04499816894531,5659.0
2026-04-29 14:00:00+00:00,72.02999877929688,72.56500244140625,71.94499969482422,72.29499816894531,3146.0
2026-04-29 15:00:00+00:00,72.28500366210938,72.51000213623047,71.87999725341797,71.97000122070312,3280.0
2026-04-29 16:00:00+00:00,71.9800033569336,72.33999633789062,71.92500305175781,71.96499633789062,3088.0
2026-04-29 17:00:00+00:00,71.95500183105469,72.16999816894531,71.77999877929688,71.95500183105469,2482.0
2026-04-29 18:00:00+00:00,71.95999908447266,72.07499694824219,71.30999755859375,71.94499969482422,2431.0
2026-04-29 19:00:00+00:00,71.97000122070312,72.33499908447266,71.8949966430664,72.18000030517578,1060.0
2026-04-29 20:00:00+00:00,72.16500091552734,72.2300033569336,71.70999908447266,71.78500366210938,733.0
2026-04-29 22:00:00+00:00,71.76000213623047,72.05500030517578,71.6500015258789,72.02999877929688,0.0
2026-04-29 23:00:00+00:00,72.0250015258789,72.30000305175781,72.00499725341797,72.2750015258789,223.0
2026-04-30 00:00:00+00:00,72.29000091552734,72.79499816894531,72.2750015258789,72.5199966430664,799.0
2026-04-30 01:00:00+00:00,72.5199966430664,73.42500305175781,72.5199966430664,73.3499984741211,1327.0
2026-04-30 02:00:00+00:00,73.34500122070312,73.47000122070312,72.61000061035156,72.73500061035156,1238.0
2026-04-30 03:00:00+00:00,72.71499633789062,72.90499877929688,72.41999816894531,72.45999908447266,638.0
2026-04-30 04:00:00+00:00,72.46499633789062,72.55000305175781,72.02999877929688,72.03500366210938,486.0
2026-04-30 05:00:00+00:00,72.04000091552734,72.80500030517578,72.04000091552734,72.62999725341797,588.0
2026-04-30 06:00:00+00:00,72.69000244140625,73.49500274658203,72.58000183105469,73.41500091552734,1472.0
2026-04-30 07:00:00+00:00,73.42500305175781,73.73999786376953,73.1449966430664,73.57499694824219,1324.0
2026-04-30 08:00:00+00:00,73.56999969482422,74.1050033569336,73.54499816894531,73.79499816894531,1398.0
2026-04-30 09:00:00+00:00,73.82499694824219,74.13999938964844,73.61499786376953,73.95500183105469,1363.0
2026-04-30 10:00:00+00:00,73.9000015258789,74.26499938964844,73.9000015258789,74.15499877929688,875.0
2026-04-30 11:00:00+00:00,74.16500091552734,74.4000015258789,73.93000030517578,74.01499938964844,1641.0
2026-04-30 12:00:00+00:00,74.01000213623047,74.29499816894531,73.82499694824219,73.9800033569336,1689.0
2026-04-30 13:00:00+00:00,74.00499725341797,74.2249984741211,73.32499694824219,73.41000366210938,3030.0
2026-04-30 14:00:00+00:00,73.43000030517578,73.87000274658203,73.2750015258789,73.63500213623047,2192.0
2026-04-30 15:00:00+00:00,73.62000274658203,73.88500213623047,73.45999908447266,73.62999725341797,1244.0
2026-04-30 16:00:00+00:00,73.6500015258789,73.87999725341797,73.47000122070312,73.77999877929688,1311.0
2026-04-30 17:00:00+00:00,73.78500366210938,74.25,73.76499938964844,74.13500213623047,3308.0
2026-04-30 18:00:00+00:00,74.13999938964844,74.32499694824219,74.0250015258789,74.19499969482422,799.0
2026-04-30 19:00:00+00:00,74.19000244140625,74.30999755859375,74.00499725341797,74.12999725341797,621.0
2026-04-30 20:00:00+00:00,74.12999725341797,74.27999877929688,74.08000183105469,74.2300033569336,321.0
2026-04-30 22:00:00+00:00,74.31500244140625,75.79499816894531,74.31500244140625,74.65499877929688,0.0
2026-04-30 23:00:00+00:00,74.65499877929688,75.00499725341797,74.5999984741211,74.82499694824219,496.0
2026-05-01 00:00:00+00:00,74.8550033569336,75.05999755859375,74.65499877929688,74.66000366210938,425.0
2026-05-01 01:00:00+00:00,74.66500091552734,74.7300033569336,74.5250015258789,74.71499633789062,244.0
2026-05-01 02:00:00+00:00,74.67500305175781,75.1050033569336,74.55999755859375,74.66000366210938,400.0
2026-05-01 03:00:00+00:00,74.66500091552734,74.99500274658203,74.6050033569336,74.80000305175781,317.0
2026-05-01 04:00:00+00:00,74.78500366210938,74.83999633789062,74.24500274658203,74.36000061035156,383.0
2026-05-01 05:00:00+00:00,74.33499908447266,74.54499816894531,74.24500274658203,74.28500366210938,248.0
2026-05-01 06:00:00+00:00,74.33499908447266,74.37999725341797,73.81999969482422,73.94999694824219,910.0
2026-05-01 07:00:00+00:00,73.94499969482422,74.1449966430664,73.53500366210938,73.63999938964844,931.0
2026-05-01 08:00:00+00:00,73.6449966430664,73.77999877929688,73.5,73.6050033569336,467.0
2026-05-01 09:00:00+00:00,73.59500122070312,73.79000091552734,73.43499755859375,73.58999633789062,455.0
2026-05-01 10:00:00+00:00,73.5999984741211,73.86000061035156,73.5999984741211,73.77999877929688,318.0
2026-05-01 11:00:00+00:00,73.79000091552734,74.21499633789062,73.62000274658203,74.19499969482422,926.0
2026-05-01 12:00:00+00:00,74.19999694824219,75.76000213623047,74.17500305175781,74.69499969482422,4658.0
2026-05-01 13:00:00+00:00,74.69499969482422,76.93000030517578,74.66500091552734,76.80500030517578,4888.0
2026-05-01 14:00:00+00:00,76.83000183105469,77.5250015258789,76.18000030517578,76.2750015258789,5695.0
2026-05-01 15:00:00+00:00,76.2300033569336,76.86499786376953,75.80000305175781,76.6050033569336,3868.0
2026-05-01 16:00:00+00:00,76.625,76.77999877929688,76.16000366210938,76.55500030517578,2236.0
2026-05-01 17:00:00+00:00,76.54000091552734,76.71499633789062,76.3550033569336,76.52999877929688,2204.0
2026-05-01 18:00:00+00:00,76.51499938964844,76.52999877929688,76.12999725341797,76.32499694824219,1025.0
2026-05-01 19:00:00+00:00,76.33499908447266,76.41000366210938,75.9000015258789,75.94499969482422,917.0
2026-05-01 20:00:00+00:00,75.96499633789062,76.43099975585938,75.80000305175781,76.43099975585938,505.0
2026-05-03 22:00:00+00:00,76.23999786376953,76.5,75.94000244140625,76.26000213623047,490.0
2026-05-03 23:00:00+00:00,76.30000305175781,76.52999877929688,76.13999938964844,76.22000122070312,553.0
2026-05-04 00:00:00+00:00,76.16999816894531,76.32499694824219,75.83000183105469,76.08999633789062,413.0
2026-05-04 01:00:00+00:00,76.13999938964844,76.28500366210938,75.5250015258789,76.25,580.0
2026-05-04 02:00:00+00:00,76.23999786376953,76.32499694824219,75.6500015258789,76.1050033569336,455.0
2026-05-04 03:00:00+00:00,76.09500122070312,76.30500030517578,75.98500061035156,76.29000091552734,229.0
2026-05-04 04:00:00+00:00,76.23500061035156,76.23500061035156,75.875,75.91000366210938,195.0
2026-05-04 05:00:00+00:00,75.87000274658203,76.08000183105469,75.58000183105469,75.7750015258789,469.0
2026-05-04 06:00:00+00:00,75.79499816894531,75.81999969482422,75.2699966430664,75.46499633789062,750.0
2026-05-04 07:00:00+00:00,75.41000366210938,75.48500061035156,74.91500091552734,74.91999816894531,731.0
2026-05-04 08:00:00+00:00,74.93000030517578,74.96499633789062,74.63999938964844,74.84500122070312,909.0
2026-05-04 09:00:00+00:00,74.83499908447266,75.04499816894531,74.76000213623047,74.7750015258789,546.0
2026-05-04 10:00:00+00:00,74.79000091552734,74.79000091552734,72.5999984741211,73.80999755859375,5993.0
2026-05-04 11:00:00+00:00,73.81500244140625,74.1449966430664,73.44499969482422,73.8499984741211,1547.0
2026-05-04 12:00:00+00:00,73.8550033569336,74.75499725341797,73.77999877929688,74.20999908447266,2579.0
2026-05-04 13:00:00+00:00,74.18499755859375,74.48999786376953,73.70999908447266,74.33999633789062,2676.0
2026-05-04 14:00:00+00:00,74.31999969482422,75.13500213623047,74.08000183105469,74.32499694824219,3261.0
2026-05-04 15:00:00+00:00,74.33999633789062,74.49500274658203,73.02999877929688,73.36000061035156,5577.0
2026-05-04 16:00:00+00:00,73.33999633789062,73.76000213623047,73.0250015258789,73.17500305175781,2914.0
2026-05-04 17:00:00+00:00,73.2249984741211,73.7249984741211,73.19999694824219,73.30999755859375,2972.0
2026-05-04 18:00:00+00:00,73.30500030517578,73.43000030517578,72.9000015258789,73.16999816894531,889.0
2026-05-04 19:00:00+00:00,73.18000030517578,73.5199966430664,73.09500122070312,73.29000091552734,1161.0
2026-05-04 20:00:00+00:00,73.2750015258789,73.2750015258789,73.08999633789062,73.16000366210938,239.0
2026-05-04 22:00:00+00:00,73.16999816894531,73.30000305175781,73.01000213623047,73.0199966430664,0.0
2026-05-04 23:00:00+00:00,73.04000091552734,73.15499877929688,72.93000030517578,73.04499816894531,505.0
2026-05-05 00:00:00+00:00,73.05500030517578,73.30999755859375,72.80500030517578,73.19999694824219,538.0
2026-05-05 01:00:00+00:00,73.20999908447266,73.44000244140625,73.01499938964844,73.28500366210938,348.0
2026-05-05 02:00:00+00:00,73.32499694824219,73.66999816894531,73.24500274658203,73.52999877929688,458.0
2026-05-05 03:00:00+00:00,73.5,73.6050033569336,73.06500244140625,73.12000274658203,325.0
2026-05-05 04:00:00+00:00,73.16000366210938,73.31500244140625,73.12000274658203,73.17500305175781,185.0
2026-05-05 05:00:00+00:00,73.11499786376953,73.79000091552734,73.0999984741211,73.57499694824219,436.0
2026-05-05 06:00:00+00:00,73.57499694824219,73.86000061035156,73.03500366210938,73.58999633789062,749.0
2026-05-05 07:00:00+00:00,73.58999633789062,74.21499633789062,73.57499694824219,73.7750015258789,829.0
2026-05-05 08:00:00+00:00,73.7750015258789,74.2300033569336,73.75,74.17500305175781,684.0
2026-05-05 09:00:00+00:00,74.18499755859375,74.25499725341797,73.98500061035156,74.16000366210938,531.0
2026-05-05 10:00:00+00:00,74.19999694824219,74.20500183105469,73.81500244140625,73.8550033569336,489.0
2026-05-05 11:00:00+00:00,73.8550033569336,74.23999786376953,73.69999694824219,74.16500091552734,1020.0
2026-05-05 12:00:00+00:00,74.17500305175781,74.4749984741211,73.79499816894531,73.88500213623047,1976.0
2026-05-05 13:00:00+00:00,73.9000015258789,74.6449966430664,73.82499694824219,74.19000244140625,2497.0
2026-05-05 14:00:00+00:00,74.19999694824219,74.48999786376953,73.72000122070312,74.20999908447266,2941.0
2026-05-05 15:00:00+00:00,74.2300033569336,74.30500030517578,73.87999725341797,73.94999694824219,1120.0
2026-05-05 16:00:00+00:00,73.95999908447266,73.95999908447266,73.28500366210938,73.58000183105469,1518.0
2026-05-05 17:00:00+00:00,73.58000183105469,73.78500366210938,73.37999725341797,73.5250015258789,1769.0
2026-05-05 18:00:00+00:00,73.5250015258789,73.69999694824219,73.38500213623047,73.40499877929688,606.0
2026-05-05 19:00:00+00:00,73.41000366210938,73.43499755859375,73.2300033569336,73.27999877929688,555.0
2026-05-05 20:00:00+00:00,73.31500244140625,73.44999694824219,73.19999694824219,73.26499938964844,454.0
2026-05-05 22:00:00+00:00,73.30000305175781,74.03500366210938,73.05000305175781,73.69499969482422,0.0
2026-05-05 23:00:00+00:00,73.69999694824219,74.54499816894531,73.6449966430664,74.34500122070312,1136.0
2026-05-06 00:00:00+00:00,74.34500122070312,74.9800033569336,74.04499816894531,74.93499755859375,1050.0
2026-05-06 01:00:00+00:00,74.91000366210938,75.54000091552734,74.68000030517578,75.20999908447266,1601.0
2026-05-06 02:00:00+00:00,75.29499816894531,75.78500366210938,75.08000183105469,75.69000244140625,1118.0
2026-05-06 03:00:00+00:00,75.71499633789062,76.19999694824219,75.68000030517578,75.98500061035156,1296.0
2026-05-06 04:00:00+00:00,75.9800033569336,76.30999755859375,75.9749984741211,76.12000274658203,564.0
2026-05-06 05:00:00+00:00,76.11000061035156,76.4800033569336,75.91999816894531,76.43000030517578,1176.0
2026-05-06 06:00:00+00:00,76.41999816894531,76.48500061035156,76.13500213623047,76.3949966430664,1395.0
2026-05-06 07:00:00+00:00,76.38999938964844,76.83000183105469,76.19999694824219,76.83000183105469,1201.0
2026-05-06 08:00:00+00:00,76.80999755859375,77.7249984741211,76.4800033569336,77.47000122070312,2684.0
2026-05-06 09:00:00+00:00,77.44999694824219,77.7750015258789,77.13500213623047,77.73500061035156,2403.0
2026-05-06 10:00:00+00:00,77.75499725341797,78.33499908447266,77.67500305175781,78.11000061035156,2778.0
2026-05-06 11:00:00+00:00,78.06999969482422,78.30000305175781,77.30999755859375,77.38500213623047,2829.0
2026-05-06 12:00:00+00:00,77.375,77.43499755859375,76.25499725341797,77.36000061035156,4457.0
2026-05-06 13:00:00+00:00,77.36000061035156,77.97000122070312,76.91500091552734,77.83000183105469,4614.0
2026-05-06 14:00:00+00:00,77.83000183105469,78.30999755859375,77.5199966430664,77.9800033569336,3974.0
2026-05-06 15:00:00+00:00,78.0,78.1050033569336,77.52999877929688,77.54000091552734,2735.0
2026-05-06 16:00:00+00:00,77.54000091552734,77.76000213623047,77.25499725341797,77.3499984741211,2379.0
2026-05-06 17:00:00+00:00,77.33999633789062,77.625,77.2300033569336,77.625,3187.0
2026-05-06 18:00:00+00:00,77.62000274658203,77.80999755859375,77.53500366210938,77.56500244140625,887.0
2026-05-06 19:00:00+00:00,77.57499694824219,78.02999877929688,77.57499694824219,77.94499969482422,1149.0
2026-05-06 20:00:00+00:00,77.94999694824219,78.0999984741211,77.76000213623047,77.82499694824219,597.0
2026-05-06 22:00:00+00:00,77.83000183105469,78.08000183105469,77.75499725341797,77.88999938964844,0.0
2026-05-06 23:00:00+00:00,77.90499877929688,78.29000091552734,77.86499786376953,78.02999877929688,427.0
2026-05-07 00:00:00+00:00,78.04000091552734,78.08000183105469,77.58000183105469,77.6500015258789,476.0
2026-05-07 01:00:00+00:00,77.6500015258789,78.80999755859375,77.45500183105469,78.59500122070312,2124.0
2026-05-07 02:00:00+00:00,78.56999969482422,78.80500030517578,78.06500244140625,78.38999938964844,862.0
2026-05-07 03:00:00+00:00,78.36000061035156,78.46499633789062,78.11499786376953,78.16000366210938,320.0
2026-05-07 04:00:00+00:00,78.08499908447266,78.2300033569336,77.9800033569336,78.20500183105469,427.0
2026-05-07 05:00:00+00:00,78.19000244140625,78.50499725341797,78.04499816894531,78.23999786376953,1059.0
2026-05-07 06:00:00+00:00,78.2300033569336,79.4749984741211,78.2300033569336,79.33999633789062,3068.0
2026-05-07 07:00:00+00:00,79.31500244140625,80.26000213623047,79.17500305175781,80.19999694824219,3005.0
2026-05-07 08:00:00+00:00,80.2249984741211,80.37999725341797,80.01499938964844,80.12000274658203,1411.0
2026-05-07 09:00:00+00:00,80.11499786376953,80.77999877929688,79.93499755859375,80.69999694824219,2132.0
2026-05-07 10:00:00+00:00,80.68499755859375,81.08999633789062,80.6500015258789,80.82499694824219,1748.0
2026-05-07 11:00:00+00:00,80.84500122070312,81.5199966430664,80.80000305175781,81.45999908447266,3233.0
2026-05-07 12:00:00+00:00,81.45999908447266,82.23999786376953,81.44499969482422,82.00499725341797,5564.0
2026-05-07 13:00:00+00:00,82.0199966430664,82.0250015258789,81.36499786376953,81.81500244140625,5757.0
2026-05-07 14:00:00+00:00,81.83499908447266,82.67500305175781,81.76000213623047,82.55000305175781,4989.0
2026-05-07 15:00:00+00:00,82.54499816894531,82.55999755859375,77.3030014038086,80.9749984741211,4846.0
2026-05-07 16:00:00+00:00,80.96499633789062,81.04499816894531,79.90499877929688,80.41999816894531,5819.0
2026-05-07 17:00:00+00:00,80.40499877929688,80.55500030517578,79.34500122070312,80.27999877929688,5854.0
2026-05-07 18:00:00+00:00,80.28500366210938,80.30999755859375,79.1500015258789,79.75499725341797,2225.0
2026-05-07 19:00:00+00:00,79.76000213623047,79.87999725341797,79.2699966430664,79.63500213623047,1670.0
2026-05-07 20:00:00+00:00,79.63999938964844,80.3550033569336,78.8499984741211,78.91500091552734,1931.0
2026-05-07 22:00:00+00:00,78.80000305175781,79.40499877929688,78.58000183105469,79.04000091552734,0.0
2026-05-07 23:00:00+00:00,79.05000305175781,79.77999877929688,79.05000305175781,79.74500274658203,558.0
2026-05-08 00:00:00+00:00,79.75,79.9749984741211,79.31500244140625,79.61000061035156,771.0
2026-05-08 01:00:00+00:00,79.6050033569336,80.75,79.57499694824219,80.47000122070312,1762.0
2026-05-08 02:00:00+00:00,80.48500061035156,80.69499969482422,79.9000015258789,80.19499969482422,1018.0
2026-05-08 03:00:00+00:00,80.20999908447266,80.68499755859375,80.0999984741211,80.41500091552734,684.0
2026-05-08 04:00:00+00:00,80.43000030517578,80.49500274658203,79.81999969482422,80.11000061035156,576.0
2026-05-08 05:00:00+00:00,80.17500305175781,81.07499694824219,80.16999816894531,80.97000122070312,822.0
2026-05-08 06:00:00+00:00,80.99500274658203,81.25,80.61000061035156,80.8499984741211,1530.0
2026-05-08 07:00:00+00:00,80.80999755859375,80.87000274658203,79.86000061035156,80.42500305175781,1633.0
2026-05-08 08:00:00+00:00,80.43000030517578,80.87999725341797,80.34500122070312,80.68499755859375,863.0
2026-05-08 09:00:00+00:00,80.69999694824219,81.13500213623047,80.56999969482422,80.73999786376953,953.0
2026-05-08 10:00:00+00:00,80.75499725341797,81.41000366210938,80.75499725341797,81.16500091552734,1022.0
2026-05-08 11:00:00+00:00,81.18499755859375,81.33499908447266,81.00499725341797,81.29000091552734,1310.0
2026-05-08 12:00:00+00:00,81.30000305175781,82.06500244140625,80.90499877929688,81.7300033569336,4235.0
2026-05-08 13:00:00+00:00,81.70999908447266,82.16000366210938,81.11000061035156,82.07499694824219,4548.0
2026-05-08 14:00:00+00:00,82.07499694824219,82.125,81.04000091552734,81.19000244140625,3597.0
2026-05-08 15:00:00+00:00,81.12999725341797,81.37999725341797,80.43000030517578,80.4749984741211,3010.0
2026-05-08 16:00:00+00:00,80.47000122070312,81.08499908447266,80.42500305175781,80.63500213623047,1669.0
2026-05-08 17:00:00+00:00,80.625,81.05000305175781,80.58000183105469,80.91500091552734,2275.0
2026-05-08 18:00:00+00:00,80.92500305175781,81.44000244140625,80.90499877929688,81.01499938964844,1311.0
2026-05-08 19:00:00+00:00,81.00499725341797,81.30000305175781,80.95500183105469,81.19000244140625,985.0
2026-05-08 20:00:00+00:00,81.19000244140625,81.19000244140625,80.80500030517578,80.86499786376953,618.0
2026-05-10 22:00:00+00:00,79.92500305175781,80.52999877929688,79.75499725341797,80.44999694824219,587.0
2026-05-10 23:00:00+00:00,80.44000244140625,80.80999755859375,80.41500091552734,80.48999786376953,520.0
2026-05-11 00:00:00+00:00,80.45999908447266,81.03500366210938,80.11000061035156,80.55500030517578,1109.0
2026-05-11 01:00:00+00:00,80.50499725341797,81.40499877929688,80.05500030517578,81.30000305175781,2043.0
2026-05-11 02:00:00+00:00,81.34500122070312,82.20500183105469,81.22000122070312,81.5250015258789,1802.0
2026-05-11 03:00:00+00:00,81.50499725341797,81.69000244140625,81.11499786376953,81.19999694824219,727.0
2026-05-11 04:00:00+00:00,81.1500015258789,81.2300033569336,80.75,80.83499908447266,501.0
2026-05-11 05:00:00+00:00,80.86000061035156,81.21499633789062,80.2750015258789,80.3949966430664,1329.0
2026-05-11 06:00:00+00:00,80.43000030517578,81.29000091552734,80.4000015258789,81.16000366210938,1016.0
2026-05-11 07:00:00+00:00,81.1500015258789,81.2300033569336,80.72000122070312,80.83499908447266,594.0
2026-05-11 08:00:00+00:00,80.8550033569336,81.23500061035156,80.75499725341797,80.81999969482422,668.0
2026-05-11 09:00:00+00:00,80.81999969482422,80.95500183105469,80.56999969482422,80.71499633789062,519.0
2026-05-11 10:00:00+00:00,80.69000244140625,81.12999725341797,80.69000244140625,80.96499633789062,464.0
2026-05-11 11:00:00+00:00,80.94499969482422,81.9800033569336,80.91999816894531,81.93000030517578,2039.0
2026-05-11 12:00:00+00:00,81.95500183105469,84.66000366210938,81.66999816894531,84.43499755859375,10360.0
2026-05-11 13:00:00+00:00,84.45500183105469,86.68499755859375,84.30999755859375,86.37000274658203,13615.0
2026-05-11 14:00:00+00:00,86.36000061035156,86.41999816894531,84.9749984741211,85.69999694824219,7280.0
2026-05-11 15:00:00+00:00,85.68000030517578,86.80000305175781,85.62000274658203,86.7249984741211,4360.0
2026-05-11 16:00:00+00:00,86.74500274658203,86.79499816894531,85.7300033569336,85.94000244140625,2934.0
2026-05-11 17:00:00+00:00,85.95999908447266,86.3949966430664,85.75,86.3949966430664,4128.0
2026-05-11 18:00:00+00:00,86.3949966430664,86.83000183105469,86.2249984741211,86.55999755859375,1731.0
2026-05-11 19:00:00+00:00,86.55000305175781,86.8949966430664,86.51499938964844,86.83499908447266,1883.0
2026-05-11 20:00:00+00:00,86.87000274658203,86.9749984741211,86.33999633789062,86.80500030517578,881.0
2026-05-11 22:00:00+00:00,86.73999786376953,87.79499816894531,86.73999786376953,87.66000366210938,0.0
2026-05-11 23:00:00+00:00,87.69999694824219,88.0,86.83499908447266,87.93000030517578,2269.0
2026-05-12 00:00:00+00:00,87.91000366210938,87.91000366210938,86.72000122070312,86.7699966430664,1172.0
2026-05-12 01:00:00+00:00,86.76000213623047,87.76499938964844,86.17500305175781,86.69999694824219,2967.0
2026-05-12 02:00:00+00:00,86.73999786376953,87.18499755859375,86.2249984741211,86.96499633789062,1551.0
2026-05-12 03:00:00+00:00,86.99500274658203,87.12000274658203,86.56500244140625,86.76499938964844,755.0
2026-05-12 04:00:00+00:00,86.77999877929688,87.18000030517578,86.57499694824219,86.72000122070312,675.0
2026-05-12 05:00:00+00:00,86.63500213623047,86.88500213623047,85.87999725341797,86.20999908447266,1810.0
2026-05-12 06:00:00+00:00,86.21499633789062,86.21499633789062,84.45999908447266,84.91000366210938,4402.0
2026-05-12 07:00:00+00:00,84.875,85.40499877929688,84.1500015258789,85.16000366210938,2667.0
2026-05-12 08:00:00+00:00,85.16000366210938,85.41000366210938,84.62999725341797,84.9749984741211,1307.0
2026-05-12 09:00:00+00:00,84.9749984741211,85.11000061035156,84.54499816894531,84.69999694824219,1128.0
2026-05-12 10:00:00+00:00,84.68000030517578,85.1449966430664,84.25,84.44499969482422,1755.0
2026-05-12 11:00:00+00:00,84.4800033569336,84.90499877929688,83.81999969482422,84.87000274658203,2472.0
2026-05-12 12:00:00+00:00,84.87000274658203,85.58000183105469,84.04000091552734,85.23500061035156,4250.0
2026-05-12 13:00:00+00:00,85.20500183105469,86.05000305175781,84.66999816894531,85.17500305175781,6468.0
2026-05-12 14:00:00+00:00,85.18499755859375,86.12999725341797,84.90499877929688,85.0199966430664,5728.0
2026-05-12 15:00:00+00:00,85.01000213623047,85.13500213623047,83.66999816894531,84.7699966430664,6053.0
2026-05-12 16:00:00+00:00,84.80500030517578,85.36000061035156,84.69999694824219,85.27999877929688,3198.0
2026-05-12 17:00:00+00:00,85.30000305175781,85.9800033569336,85.30000305175781,85.72000122070312,3257.0
2026-05-12 18:00:00+00:00,85.72000122070312,86.86000061035156,85.53500366210938,86.73500061035156,2368.0
2026-05-12 19:00:00+00:00,86.75499725341797,87.45999908447266,86.6449966430664,87.375,2400.0
2026-05-12 20:00:00+00:00,87.375,87.45500183105469,87.11499786376953,87.20500183105469,736.0
2026-05-12 22:00:00+00:00,87.31999969482422,87.7249984741211,87.26499938964844,87.46499633789062,0.0
2026-05-12 23:00:00+00:00,87.46499633789062,88.0199966430664,87.31999969482422,87.8949966430664,824.0
2026-05-13 00:00:00+00:00,87.86000061035156,88.44000244140625,87.69999694824219,87.94000244140625,2074.0
2026-05-13 01:00:00+00:00,87.96499633789062,88.58000183105469,87.30500030517578,87.55500030517578,3058.0
2026-05-13 02:00:00+00:00,87.52999877929688,87.9800033569336,86.66000366210938,86.90499877929688,1735.0
2026-05-13 03:00:00+00:00,86.97000122070312,87.70999908447266,86.78500366210938,87.2750015258789,1081.0
2026-05-13 04:00:00+00:00,87.33999633789062,87.5,87.06500244140625,87.125,554.0
2026-05-13 05:00:00+00:00,87.06999969482422,87.44499969482422,86.33000183105469,87.13500213623047,1293.0
2026-05-13 06:00:00+00:00,87.1500015258789,87.65499877929688,87.0199966430664,87.34500122070312,1524.0
2026-05-13 07:00:00+00:00,87.31500244140625,87.66999816894531,87.02999877929688,87.2300033569336,1096.0
2026-05-13 08:00:00+00:00,87.23500061035156,87.29499816894531,86.8949966430664,87.18499755859375,731.0
2026-05-13 09:00:00+00:00,87.16500091552734,87.62000274658203,86.875,87.52999877929688,955.0
2026-05-13 10:00:00+00:00,87.53500366210938,88.23500061035156,87.3550033569336,87.3949966430664,1381.0
2026-05-13 11:00:00+00:00,87.3949966430664,88.38500213623047,87.33000183105469,87.86499786376953,1725.0
2026-05-13 12:00:00+00:00,87.8499984741211,88.05000305175781,86.69000244140625,87.09500122070312,4510.0
2026-05-13 13:00:00+00:00,87.09500122070312,88.08000183105469,87.08999633789062,87.82499694824219,4940.0
2026-05-13 14:00:00+00:00,87.80000305175781,88.9800033569336,87.56999969482422,88.59500122070312,5359.0
2026-05-13 15:00:00+00:00,88.58499908447266,89.56500244140625,88.5250015258789,89.55500030517578,3840.0
2026-05-13 16:00:00+00:00,89.55999755859375,90.1050033569336,89.33000183105469,89.36499786376953,6618.0
2026-05-13 17:00:00+00:00,89.375,89.83999633789062,88.51499938964844,88.58999633789062,4361.0
2026-05-13 18:00:00+00:00,88.54000091552734,88.99500274658203,87.94000244140625,88.2249984741211,2594.0
2026-05-13 19:00:00+00:00,88.25499725341797,88.62000274658203,88.22000122070312,88.31500244140625,1069.0
2026-05-13 20:00:00+00:00,88.31500244140625,88.45999908447266,88.07499694824219,88.15499877929688,732.0
2026-05-13 22:00:00+00:00,88.125,88.63500213623047,88.125,88.51499938964844,0.0
2026-05-13 23:00:00+00:00,88.53500366210938,88.58999633789062,88.0999984741211,88.41500091552734,572.0
2026-05-14 00:00:00+00:00,88.4000015258789,88.81999969482422,88.02999877929688,88.74500274658203,2092.0
2026-05-14 01:00:00+00:00,88.75,89.16500091552734,87.62999725341797,87.90499877929688,3074.0
2026-05-14 02:00:00+00:00,87.94999694824219,88.375,87.375,87.62999725341797,1461.0
2026-05-14 03:00:00+00:00,87.625,87.91000366210938,86.91000366210938,87.0250015258789,2229.0
2026-05-14 04:00:00+00:00,86.95500183105469,87.91500091552734,86.80000305175781,87.5,1439.0
2026-05-14 05:00:00+00:00,87.48500061035156,88.05999755859375,87.40499877929688,87.51000213623047,1425.0
2026-05-14 06:00:00+00:00,87.5,87.98999786376953,87.4749984741211,87.76000213623047,873.0
2026-05-14 07:00:00+00:00,87.69999694824219,88.16500091552734,87.19999694824219,87.58499908447266,1350.0
2026-05-14 08:00:00+00:00,87.55999755859375,88.16000366210938,87.51000213623047,87.58000183105469,638.0
2026-05-14 09:00:00+00:00,87.57499694824219,88.03500366210938,87.25,87.7300033569336,1293.0
2026-05-14 10:00:00+00:00,87.74500274658203,87.83499908447266,87.3550033569336,87.70999908447266,1992.0
2026-05-14 11:00:00+00:00,87.70999908447266,87.81999969482422,87.04000091552734,87.29000091552734,1518.0
2026-05-14 12:00:00+00:00,87.23999786376953,87.62999725341797,86.66999816894531,87.125,3325.0
2026-05-14 13:00:00+00:00,87.12000274658203,87.33499908447266,84.375,84.48500061035156,10325.0
2026-05-14 14:00:00+00:00,84.47000122070312,85.6050033569336,84.36000061035156,85.0199966430664,5228.0
2026-05-14 15:00:00+00:00,85.01000213623047,85.80500030517578,84.97000122070312,85.43499755859375,2773.0
2026-05-14 16:00:00+00:00,85.44499969482422,85.54000091552734,84.81999969482422,85.28500366210938,2448.0
2026-05-14 17:00:00+00:00,85.30000305175781,85.51000213623047,85.11000061035156,85.33499908447266,2635.0
2026-05-14 18:00:00+00:00,85.33499908447266,85.33499908447266,84.66000366210938,85.02999877929688,1500.0
2026-05-14 19:00:00+00:00,85.03500366210938,85.03500366210938,83.87000274658203,84.04499816894531,2995.0
2026-05-14 20:00:00+00:00,84.05000305175781,84.20500183105469,83.625,84.01000213623047,1182.0
2026-05-14 22:00:00+00:00,84.0,84.37999725341797,83.84500122070312,84.28500366210938,0.0
2026-05-14 23:00:00+00:00,84.28500366210938,84.34500122070312,83.31500244140625,83.98500061035156,1252.0
2026-05-15 00:00:00+00:00,83.95999908447266,84.18000030517578,82.25,82.94999694824219,3104.0
2026-05-15 01:00:00+00:00,82.97000122070312,83.01000213623047,81.01499938964844,81.21499633789062,4299.0
2026-05-15 02:00:00+00:00,81.23500061035156,82.08999633789062,81.08000183105469,81.81999969482422,1420.0
2026-05-15 03:00:00+00:00,81.84500122070312,82.06999969482422,81.26499938964844,81.81999969482422,1172.0
2026-05-15 04:00:00+00:00,81.82499694824219,81.93499755859375,81.3499984741211,81.3949966430664,605.0
2026-05-15 05:00:00+00:00,81.37999725341797,81.38999938964844,78.0999984741211,78.3550033569336,7588.0
2026-05-15 06:00:00+00:00,78.3550033569336,79.19000244140625,77.95500183105469,78.76499938964844,3795.0
2026-05-15 07:00:00+00:00,78.80000305175781,79.78500366210938,78.51499938964844,79.36000061035156,3063.0
2026-05-15 08:00:00+00:00,79.375,79.44000244140625,78.29000091552734,78.57499694824219,2596.0
2026-05-15 09:00:00+00:00,78.62000274658203,78.94999694824219,77.19999694824219,77.8550033569336,4198.0
2026-05-15 10:00:00+00:00,77.88500213623047,79.55000305175781,77.80999755859375,79.33999633789062,3633.0
2026-05-15 11:00:00+00:00,79.30999755859375,79.4800033569336,78.62000274658203,78.79000091552734,1932.0
2026-05-15 12:00:00+00:00,78.76499938964844,79.04000091552734,77.59500122070312,77.6449966430664,3690.0
2026-05-15 13:00:00+00:00,77.62000274658203,77.76499938964844,76.17500305175781,76.83000183105469,10253.0
2026-05-15 14:00:00+00:00,76.83499908447266,77.51000213623047,76.44000244140625,77.25499725341797,6294.0
2026-05-15 15:00:00+00:00,77.26499938964844,77.36499786376953,76.4000015258789,76.5999984741211,3593.0
2026-05-15 16:00:00+00:00,76.6050033569336,76.86000061035156,76.27999877929688,76.69000244140625,2387.0
2026-05-15 17:00:00+00:00,76.66999816894531,77.80500030517578,76.6050033569336,77.51499938964844,4957.0
2026-05-15 18:00:00+00:00,77.5199966430664,77.61000061035156,77.1050033569336,77.31999969482422,1450.0
2026-05-15 19:00:00+00:00,77.31500244140625,77.31500244140625,76.6500015258789,76.68000030517578,1615.0
2026-05-15 20:00:00+00:00,76.65499877929688,77.5469970703125,76.08999633789062,77.5469970703125,1472.0
2026-05-17 22:00:00+00:00,76.7300033569336,77.24500274658203,76.33999633789062,77.0999984741211,995.0
2026-05-17 23:00:00+00:00,77.15499877929688,77.2249984741211,76.38999938964844,76.95500183105469,947.0
2026-05-18 00:00:00+00:00,76.98500061035156,77.2249984741211,74.30500030517578,75.7249984741211,4147.0
2026-05-18 01:00:00+00:00,75.73999786376953,75.82499694824219,74.11000061035156,75.19000244140625,3600.0
2026-05-18 02:00:00+00:00,75.18000030517578,75.79000091552734,74.91000366210938,75.2750015258789,1327.0
2026-05-18 03:00:00+00:00,75.29499816894531,75.58999633789062,74.66000366210938,75.55500030517578,1655.0
2026-05-18 04:00:00+00:00,75.54499816894531,76.01000213623047,75.3499984741211,75.69999694824219,1083.0
2026-05-18 05:00:00+00:00,75.73500061035156,75.96499633789062,75.15499877929688,75.20999908447266,1174.0
2026-05-18 06:00:00+00:00,75.18499755859375,76.5199966430664,75.1449966430664,76.49500274658203,1920.0
2026-05-18 07:00:00+00:00,76.5199966430664,76.66500091552734,75.91500091552734,76.29499816894531,1842.0
2026-05-18 08:00:00+00:00,76.29499816894531,76.69499969482422,76.125,76.5199966430664,1141.0
2026-05-18 09:00:00+00:00,76.5250015258789,76.58000183105469,75.94999694824219,76.16000366210938,940.0
2026-05-18 10:00:00+00:00,76.16999816894531,76.55999755859375,75.75499725341797,76.08000183105469,1077.0
2026-05-18 11:00:00+00:00,76.08000183105469,77.4800033569336,75.73500061035156,76.76499938964844,3028.0
2026-05-18 12:00:00+00:00,76.7750015258789,77.94000244140625,76.66000366210938,77.875,3740.0
2026-05-18 13:00:00+00:00,77.875,78.62000274658203,77.6449966430664,78.25499725341797,5478.0
2026-05-18 14:00:00+00:00,78.25,78.31999969482422,76.58000183105469,77.04499816894531,5584.0
2026-05-18 15:00:00+00:00,77.05500030517578,77.29499816894531,76.4800033569336,77.2300033569336,2857.0
2026-05-18 16:00:00+00:00,77.21499633789062,77.46499633789062,76.6449966430664,77.30999755859375,2750.0
2026-05-18 17:00:00+00:00,77.29000091552734,77.61000061035156,77.20999908447266,77.34500122070312,1893.0
2026-05-18 18:00:00+00:00,77.33499908447266,77.3499984741211,76.80500030517578,76.91000366210938,999.0
2026-05-18 19:00:00+00:00,76.93000030517578,78.01499938964844,76.87999725341797,77.74500274658203,2500.0
2026-05-18 20:00:00+00:00,77.76499938964844,78.13999938964844,77.74500274658203,78.12000274658203,770.0
2026-05-18 22:00:00+00:00,78.05000305175781,78.71499633789062,78.05000305175781,78.6449966430664,0.0
2026-05-18 23:00:00+00:00,78.69499969482422,79.4000015258789,78.69499969482422,79.18000030517578,1045.0
2026-05-19 00:00:00+00:00,79.18000030517578,79.36499786376953,77.96499633789062,78.0,1206.0
2026-05-19 01:00:00+00:00,77.98500061035156,78.23999786376953,77.33999633789062,77.58499908447266,1716.0
2026-05-19 02:00:00+00:00,77.56500244140625,77.625,76.62999725341797,76.78500366210938,1689.0
2026-05-19 03:00:00+00:00,76.76499938964844,77.07499694824219,76.52999877929688,76.6500015258789,893.0
2026-05-19 04:00:00+00:00,76.58000183105469,76.66999816894531,76.33999633789062,76.6500015258789,579.0
2026-05-19 05:00:00+00:00,76.63999938964844,76.83999633789062,76.04499816894531,76.68499755859375,1797.0
2026-05-19 06:00:00+00:00,76.71499633789062,77.06500244140625,76.45999908447266,76.69499969482422,1266.0
2026-05-19 07:00:00+00:00,76.72000122070312,76.88999938964844,76.18000030517578,76.87000274658203,932.0
2026-05-19 08:00:00+00:00,76.91000366210938,76.9749984741211,76.21499633789062,76.38999938964844,669.0
2026-05-19 09:00:00+00:00,76.33499908447266,76.40499877929688,75.83999633789062,76.18000030517578,828.0
2026-05-19 10:00:00+00:00,76.13999938964844,76.44999694824219,75.81999969482422,76.44999694824219,850.0
2026-05-19 11:00:00+00:00,76.48500061035156,76.66999816894531,76.12000274658203,76.12000274658203,780.0
2026-05-19 12:00:00+00:00,76.0999984741211,76.75,76.0250015258789,76.4000015258789,1399.0
2026-05-19 13:00:00+00:00,76.41000366210938,76.41000366210938,73.34500122070312,74.70999908447266,13049.0
2026-05-19 14:00:00+00:00,74.70500183105469,75.2249984741211,73.9749984741211,74.38999938964844,4458.0
2026-05-19 15:00:00+00:00,74.41000366210938,74.88500213623047,74.09500122070312,74.80999755859375,2475.0
2026-05-19 16:00:00+00:00,74.81500244140625,75.06999969482422,74.54499816894531,74.99500274658203,1628.0
2026-05-19 17:00:00+00:00,74.98500061035156,75.27999877929688,74.76000213623047,74.82499694824219,2445.0
2026-05-19 18:00:00+00:00,74.83999633789062,74.9000015258789,74.38500213623047,74.48500061035156,1208.0
2026-05-19 19:00:00+00:00,74.49500274658203,74.58499908447266,74.13999938964844,74.24500274658203,1321.0
2026-05-19 20:00:00+00:00,74.23999786376953,74.23999786376953,73.91500091552734,73.97000122070312,607.0
2026-05-19 22:00:00+00:00,74.08000183105469,74.375,73.97000122070312,74.31999969482422,0.0
2026-05-19 23:00:00+00:00,74.30999755859375,74.7300033569336,74.2300033569336,74.49500274658203,424.0
2026-05-20 00:00:00+00:00,74.48500061035156,74.94000244140625,74.16000366210938,74.93000030517578,725.0
2026-05-20 01:00:00+00:00,74.91999816894531,75.2300033569336,73.69499969482422,74.54000091552734,1840.0
2026-05-20 02:00:00+00:00,74.55000305175781,74.6449966430664,73.38999938964844,73.7300033569336,1120.0
2026-05-20 03:00:00+00:00,73.70999908447266,74.18499755859375,73.41999816894531,73.84500122070312,808.0
2026-05-20 04:00:00+00:00,73.91999816894531,74.1500015258789,73.7300033569336,73.80999755859375,268.0
2026-05-20 05:00:00+00:00,73.91500091552734,74.8550033569336,73.91500091552734,74.55000305175781,1051.0
2026-05-20 06:00:00+00:00,74.45999908447266,75.73999786376953,74.45999908447266,75.51499938964844,1827.0
2026-05-20 07:00:00+00:00,75.5,75.75,75.12000274658203,75.26000213623047,791.0
2026-05-20 08:00:00+00:00,75.2750015258789,75.87000274658203,75.20999908447266,75.69000244140625,1000.0
2026-05-20 09:00:00+00:00,75.63999938964844,75.91500091552734,75.44999694824219,75.75,708.0
2026-05-20 10:00:00+00:00,75.73999786376953,76.0250015258789,75.67500305175781,76.01499938964844,934.0
2026-05-20 11:00:00+00:00,76.03500366210938,76.13999938964844,75.79499816894531,76.08000183105469,995.0
2026-05-20 12:00:00+00:00,76.06500244140625,76.13500213623047,75.70500183105469,75.81999969482422,1653.0
2026-05-20 13:00:00+00:00,75.84500122070312,76.13999938964844,74.9000015258789,75.16000366210938,3728.0
2026-05-20 14:00:00+00:00,75.15499877929688,76.99500274658203,74.72000122070312,76.43499755859375,7747.0
2026-05-20 15:00:00+00:00,76.42500305175781,76.90499877929688,75.94499969482422,76.08499908447266,4492.0
2026-05-20 16:00:00+00:00,76.05999755859375,76.33499908447266,75.88999938964844,76.27999877929688,1675.0
2026-05-20 17:00:00+00:00,76.29000091552734,76.52999877929688,76.09500122070312,76.16500091552734,2550.0
2026-05-20 18:00:00+00:00,76.17500305175781,76.74500274658203,76.08499908447266,76.54000091552734,856.0
2026-05-20 19:00:00+00:00,76.56999969482422,76.66000366210938,76.2699966430664,76.30000305175781,952.0
2026-05-20 20:00:00+00:00,76.30999755859375,76.44000244140625,76.11499786376953,76.20500183105469,399.0
2026-05-20 22:00:00+00:00,76.19000244140625,76.2300033569336,75.57499694824219,76.04000091552734,0.0
2026-05-20 23:00:00+00:00,76.04499816894531,76.36000061035156,75.73999786376953,76.25,294.0
2026-05-21 00:00:00+00:00,76.25499725341797,76.48500061035156,75.69000244140625,76.40499877929688,653.0
2026-05-21 01:00:00+00:00,76.44000244140625,77.30500030517578,76.0999984741211,76.68499755859375,1797.0
2026-05-21 02:00:00+00:00,76.73999786376953,76.9000015258789,75.5199966430664,75.70999908447266,1416.0
2026-05-21 03:00:00+00:00,75.69000244140625,76.0199966430664,75.62999725341797,75.71499633789062,516.0
2026-05-21 04:00:00+00:00,75.61000061035156,76.08999633789062,75.58499908447266,76.08999633789062,331.0
2026-05-21 05:00:00+00:00,76.04000091552734,76.1050033569336,75.24500274658203,75.78500366210938,994.0
2026-05-21 06:00:00+00:00,75.69000244140625,75.91000366210938,75.04000091552734,75.18000030517578,1599.0
2026-05-21 07:00:00+00:00,75.19000244140625,75.4749984741211,75.08499908447266,75.08499908447266,688.0
2026-05-21 08:00:00+00:00,75.09500122070312,75.88999938964844,74.95999908447266,75.83999633789062,1234.0
2026-05-21 09:00:00+00:00,75.81500244140625,76.13999938964844,75.625,75.74500274658203,746.0
2026-05-21 10:00:00+00:00,75.72000122070312,75.875,74.83999633789062,75.0199966430664,1698.0
2026-05-21 11:00:00+00:00,74.9800033569336,75.42500305175781,74.9749984741211,75.27999877929688,954.0
2026-05-21 12:00:00+00:00,75.30999755859375,75.45999908447266,74.94000244140625,75.01499938964844,1572.0
2026-05-21 13:00:00+00:00,74.95999908447266,76.0250015258789,74.69499969482422,75.74500274658203,4509.0
2026-05-21 14:00:00+00:00,75.74500274658203,75.7699966430664,75.16500091552734,75.44999694824219,2083.0
2026-05-21 15:00:00+00:00,75.46499633789062,75.94499969482422,75.23999786376953,75.88500213623047,1741.0
2026-05-21 16:00:00+00:00,75.91000366210938,76.38999938964844,75.91000366210938,76.34500122070312,1652.0
2026-05-21 17:00:00+00:00,76.36499786376953,77.4800033569336,76.25,77.13500213623047,5089.0
2026-05-21 18:00:00+00:00,77.125,77.3550033569336,76.3949966430664,76.63500213623047,1625.0
2026-05-21 19:00:00+00:00,76.63999938964844,77.20999908447266,76.55999755859375,77.09500122070312,1143.0
2026-05-21 20:00:00+00:00,77.11499786376953,77.11499786376953,76.93000030517578,77.01499938964844,392.0
2026-05-21 22:00:00+00:00,77.01499938964844,77.19999694824219,76.91999816894531,77.0999984741211,0.0
2026-05-21 23:00:00+00:00,77.11000061035156,77.16000366210938,76.83000183105469,76.98500061035156,231.0
2026-05-22 00:00:00+00:00,77.0,77.0,76.54499816894531,76.54499816894531,453.0
2026-05-22 01:00:00+00:00,76.55999755859375,77.02999877929688,76.33000183105469,76.74500274658203,865.0
2026-05-22 02:00:00+00:00,76.7699966430664,76.81500244140625,76.22000122070312,76.63500213623047,509.0
2026-05-22 03:00:00+00:00,76.6500015258789,76.7699966430664,76.31999969482422,76.74500274658203,237.0
2026-05-22 04:00:00+00:00,76.81999969482422,77.0,76.78500366210938,76.88500213623047,211.0
2026-05-22 05:00:00+00:00,76.88500213623047,77.41500091552734,76.125,76.19000244140625,1279.0
2026-05-22 06:00:00+00:00,76.20500183105469,76.9000015258789,76.04499816894531,76.625,991.0
2026-05-22 07:00:00+00:00,76.58000183105469,76.58499908447266,76.08999633789062,76.34500122070312,642.0
2026-05-22 08:00:00+00:00,76.33999633789062,76.55000305175781,76.01499938964844,76.25,678.0
2026-05-22 09:00:00+00:00,76.2300033569336,76.45500183105469,75.88500213623047,76.36499786376953,504.0
2026-05-22 10:00:00+00:00,76.36499786376953,76.54000091552734,76.04000091552734,76.16000366210938,474.0
2026-05-22 11:00:00+00:00,76.17500305175781,76.32499694824219,75.9800033569336,76.12999725341797,771.0
2026-05-22 12:00:00+00:00,76.1050033569336,76.72000122070312,75.7249984741211,76.5,3210.0
2026-05-22 13:00:00+00:00,76.50499725341797,76.83000183105469,75.9800033569336,76.33499908447266,2730.0
2026-05-22 14:00:00+00:00,76.30000305175781,76.31500244140625,75.26499938964844,75.58000183105469,3174.0
2026-05-22 15:00:00+00:00,75.61000061035156,76.3499984741211,75.56500244140625,76.33000183105469,1510.0
2026-05-22 16:00:00+00:00,76.33499908447266,76.6500015258789,76.06999969482422,76.23500061035156,1713.0
2026-05-22 17:00:00+00:00,76.25,76.69999694824219,76.125,76.31500244140625,2671.0
2026-05-22 18:00:00+00:00,76.31999969482422,76.46499633789062,76.12999725341797,76.2750015258789,1018.0
2026-05-22 19:00:00+00:00,76.30500030517578,76.31999969482422,75.75,75.95999908447266,1013.0
2026-05-22 20:00:00+00:00,75.96499633789062,76.1989974975586,75.76000213623047,76.1989974975586,485.0
2026-05-26 04:00:00+00:00,77.19499969482422,77.21499633789062,76.69000244140625,76.70500183105469,280.0
2026-05-26 05:00:00+00:00,76.71499633789062,77.11000061035156,76.56999969482422,76.7750015258789,583.0
2026-05-26 06:00:00+00:00,76.75,76.9749984741211,76.65499877929688,76.84500122070312,751.0
2026-05-26 07:00:00+00:00,76.87999725341797,76.94499969482422,76.18000030517578,76.69499969482422,948.0
2026-05-26 08:00:00+00:00,76.73999786376953,76.75499725341797,76.26499938964844,76.34500122070312,597.0
2026-05-26 09:00:00+00:00,76.3550033569336,76.50499725341797,75.91999816894531,76.25,1117.0
2026-05-26 10:00:00+00:00,76.26499938964844,76.91500091552734,76.16000366210938,76.66500091552734,930.0
2026-05-26 11:00:00+00:00,76.66500091552734,76.68000030517578,76.16500091552734,76.29000091552734,952.0
2026-05-26 12:00:00+00:00,76.29000091552734,76.54000091552734,75.76000213623047,76.53500366210938,2509.0
2026-05-26 13:00:00+00:00,76.5250015258789,76.9749984741211,76.21499633789062,76.33499908447266,2744.0
2026-05-26 14:00:00+00:00,76.25,76.88999938964844,76.12999725341797,76.62000274658203,2387.0
2026-05-26 15:00:00+00:00,76.63999938964844,76.63999938964844,76.1449966430664,76.26000213623047,1613.0
2026-05-26 16:00:00+00:00,76.25499725341797,76.67500305175781,76.20999908447266,76.44999694824219,1341.0
2026-05-26 17:00:00+00:00,76.45500183105469,76.66000366210938,76.24500274658203,76.2750015258789,2142.0
2026-05-26 18:00:00+00:00,76.25499725341797,76.80000305175781,76.11000061035156,76.7699966430664,913.0
2026-05-26 19:00:00+00:00,76.78500366210938,77.40499877929688,76.75499725341797,77.3499984741211,1148.0
2026-05-26 20:00:00+00:00,77.3949966430664,77.3949966430664,77.19999694824219,77.2699966430664,516.0
2026-05-26 22:00:00+00:00,77.33000183105469,77.59500122070312,77.29000091552734,77.58499908447266,0.0
2026-05-26 23:00:00+00:00,77.58499908447266,77.8499984741211,77.43000030517578,77.69000244140625,593.0
2026-05-27 00:00:00+00:00,77.69999694824219,77.9000015258789,77.48500061035156,77.5250015258789,546.0
2026-05-27 01:00:00+00:00,77.51000213623047,77.80999755859375,77.03500366210938,77.125,1166.0
2026-05-27 02:00:00+00:00,77.15499877929688,77.25,76.81500244140625,77.1500015258789,532.0
2026-05-27 03:00:00+00:00,77.11499786376953,77.30000305175781,76.87999725341797,76.93000030517578,327.0
2026-05-27 04:00:00+00:00,76.8949966430664,77.34500122070312,76.8550033569336,77.16500091552734,243.0
2026-05-27 05:00:00+00:00,77.1500015258789,77.2750015258789,75.84500122070312,75.94000244140625,1586.0
2026-05-27 06:00:00+00:00,75.9800033569336,76.1050033569336,74.95500183105469,75.43000030517578,2458.0
2026-05-27 07:00:00+00:00,75.4749984741211,75.61000061035156,74.9000015258789,75.2699966430664,1331.0
2026-05-27 08:00:00+00:00,75.26499938964844,75.81999969482422,75.2300033569336,75.76000213623047,830.0
2026-05-27 09:00:00+00:00,75.75499725341797,75.86000061035156,75.54499816894531,75.75499725341797,641.0
2026-05-27 10:00:00+00:00,75.75499725341797,75.80999755859375,74.36000061035156,74.56999969482422,2578.0
2026-05-27 11:00:00+00:00,74.57499694824219,74.86000061035156,73.72000122070312,74.05999755859375,3601.0
2026-05-27 12:00:00+00:00,74.06999969482422,75.48999786376953,74.00499725341797,74.625,4240.0
2026-05-27 13:00:00+00:00,74.625,74.9800033569336,74.13500213623047,74.77999877929688,4579.0
2026-05-27 14:00:00+00:00,74.82499694824219,75.33499908447266,74.5250015258789,74.57499694824219,3855.0
2026-05-27 15:00:00+00:00,74.55999755859375,74.92500305175781,74.43000030517578,74.7699966430664,2012.0
2026-05-27 16:00:00+00:00,74.76000213623047,75.11499786376953,74.68000030517578,74.98500061035156,1572.0
2026-05-27 17:00:00+00:00,74.9800033569336,75.0,74.71499633789062,74.73500061035156,2659.0
2026-05-27 18:00:00+00:00,74.71499633789062,75.26000213623047,74.66000366210938,75.05500030517578,952.0
2026-05-27 19:00:00+00:00,75.05999755859375,75.05999755859375,74.80999755859375,74.9000015258789,598.0
2026-05-27 20:00:00+00:00,74.88500213623047,75.00499725341797,74.83000183105469,74.88500213623047,299.0
2026-05-27 22:00:00+00:00,74.93000030517578,75.2300033569336,74.83499908447266,74.8949966430664,0.0
2026-05-27 23:00:00+00:00,74.8949966430664,74.94999694824219,74.61000061035156,74.75,207.0
2026-05-28 00:00:00+00:00,74.73500061035156,75.19000244140625,74.67500305175781,75.16999816894531,324.0
2026-05-28 01:00:00+00:00,75.18000030517578,75.20500183105469,73.20999908447266,73.37999725341797,2563.0
2026-05-28 02:00:00+00:00,73.38500213623047,73.75499725341797,73.19999694824219,73.28500366210938,1199.0
2026-05-28 03:00:00+00:00,73.30000305175781,73.4800033569336,72.40499877929688,72.5199966430664,2175.0
2026-05-28 04:00:00+00:00,72.49500274658203,72.69000244140625,72.05000305175781,72.2249984741211,1084.0
2026-05-28 05:00:00+00:00,72.23999786376953,73.55000305175781,72.0,73.31999969482422,1948.0
2026-05-28 06:00:00+00:00,73.375,73.45500183105469,72.86000061035156,73.3949966430664,1186.0
2026-05-28 07:00:00+00:00,73.44499969482422,73.79000091552734,73.44499969482422,73.72000122070312,830.0
2026-05-28 08:00:00+00:00,73.7249984741211,73.86499786376953,73.41500091552734,73.45999908447266,533.0
2026-05-28 09:00:00+00:00,73.47000122070312,73.87999725341797,73.47000122070312,73.77999877929688,412.0
2026-05-28 10:00:00+00:00,73.80000305175781,73.83000183105469,72.95999908447266,73.2750015258789,1077.0
2026-05-28 11:00:00+00:00,73.2249984741211,73.4800033569336,72.95999908447266,73.25499725341797,882.0
2026-05-28 12:00:00+00:00,73.2750015258789,74.44000244140625,73.02999877929688,74.41500091552734,2483.0
2026-05-28 13:00:00+00:00,74.41999816894531,74.46499633789062,73.43000030517578,73.61000061035156,4321.0
2026-05-28 14:00:00+00:00,73.5999984741211,75.11000061035156,73.38500213623047,74.875,7027.0
2026-05-28 15:00:00+00:00,74.9000015258789,75.3499984741211,74.74500274658203,75.34500122070312,2489.0
2026-05-28 16:00:00+00:00,75.3499984741211,76.1050033569336,75.09500122070312,76.05999755859375,3428.0
2026-05-28 17:00:00+00:00,76.08000183105469,76.2750015258789,75.81999969482422,76.18000030517578,3055.0
2026-05-28 18:00:00+00:00,76.16500091552734,76.30000305175781,75.86499786376953,75.93000030517578,1261.0
2026-05-28 19:00:00+00:00,75.94000244140625,75.9749984741211,75.80000305175781,75.8499984741211,551.0
2026-05-28 20:00:00+00:00,75.83999633789062,76.01000213623047,75.83000183105469,75.91500091552734,385.0
2026-05-28 22:00:00+00:00,76.0250015258789,76.0999984741211,75.8550033569336,75.8550033569336,0.0
2026-05-28 23:00:00+00:00,75.875,76.08999633789062,75.81999969482422,75.96499633789062,353.0
2026-05-29 00:00:00+00:00,75.98500061035156,76.42500305175781,75.8499984741211,75.91500091552734,1235.0
2026-05-29 01:00:00+00:00,75.92500305175781,76.7249984741211,75.88500213623047,76.27999877929688,1944.0
2026-05-29 02:00:00+00:00,76.25,76.46499633789062,75.8949966430664,76.0250015258789,729.0
2026-05-29 03:00:00+00:00,76.02999877929688,76.04000091552734,75.58499908447266,75.74500274658203,879.0
2026-05-29 04:00:00+00:00,75.78500366210938,76.26000213623047,75.78500366210938,76.20500183105469,489.0
2026-05-29 05:00:00+00:00,76.19999694824219,76.2249984741211,75.58000183105469,75.87000274658203,672.0
2026-05-29 06:00:00+00:00,75.88500213623047,76.1500015258789,75.69000244140625,76.12999725341797,668.0
2026-05-29 07:00:00+00:00,76.12000274658203,76.1449966430664,75.47000122070312,75.84500122070312,1206.0
2026-05-29 08:00:00+00:00,75.81999969482422,75.81999969482422,75.21499633789062,75.33499908447266,1173.0
2026-05-29 09:00:00+00:00,75.3499984741211,76.0,75.28500366210938,75.8499984741211,770.0
2026-05-29 10:00:00+00:00,75.86000061035156,76.05500030517578,75.65499877929688,76.0250015258789,603.0
2026-05-29 11:00:00+00:00,76.01000213623047,76.06500244140625,75.61000061035156,76.0,872.0
2026-05-29 12:00:00+00:00,76.0,76.00499725341797,75.33999633789062,75.91999816894531,1634.0
2026-05-29 13:00:00+00:00,75.93499755859375,76.11000061035156,75.44000244140625,75.68000030517578,2522.0
2026-05-29 14:00:00+00:00,75.7300033569336,76.03500366210938,74.81500244140625,75.91000366210938,5456.0
2026-05-29 15:00:00+00:00,75.91000366210938,76.95999908447266,75.76499938964844,76.01499938964844,5262.0
2026-05-29 16:00:00+00:00,76.02999877929688,76.2699966430664,75.69499969482422,76.125,2487.0
2026-05-29 17:00:00+00:00,76.125,76.21499633789062,75.59500122070312,75.68499755859375,2429.0
2026-05-29 18:00:00+00:00,75.68499755859375,76.05000305175781,75.63500213623047,75.76499938964844,842.0
2026-05-29 19:00:00+00:00,75.77999877929688,76.12000274658203,75.75499725341797,75.83499908447266,940.0
2026-05-29 20:00:00+00:00,75.8550033569336,75.96499633789062,75.55000305175781,75.875,604.0
2026-05-31 22:00:00+00:00,74.97000122070312,75.49500274658203,74.875,75.3499984741211,502.0
2026-05-31 23:00:00+00:00,75.37000274658203,76.00499725341797,75.31999969482422,75.9000015258789,773.0
2026-06-01 00:00:00+00:00,75.8499984741211,76.06500244140625,75.75,75.86000061035156,416.0
2026-06-01 01:00:00+00:00,75.8550033569336,76.05999755859375,75.0999984741211,75.86000061035156,1246.0
2026-06-01 02:00:00+00:00,75.83999633789062,76.29499816894531,75.82499694824219,75.87000274658203,771.0
2026-06-01 03:00:00+00:00,75.87000274658203,76.08999633789062,75.41999816894531,75.62999725341797,785.0
2026-06-01 04:00:00+00:00,75.68000030517578,75.84500122070312,75.61000061035156,75.83000183105469,416.0
2026-06-01 05:00:00+00:00,75.83999633789062,76.25499725341797,75.7750015258789,76.09500122070312,841.0
2026-06-01 06:00:00+00:00,76.06999969482422,76.125,75.54000091552734,75.68000030517578,905.0
2026-06-01 07:00:00+00:00,75.6449966430664,76.1500015258789,75.54499816894531,76.05999755859375,1162.0
2026-06-01 08:00:00+00:00,76.0999984741211,76.19999694824219,75.58999633789062,75.96499633789062,1165.0
2026-06-01 09:00:00+00:00,75.98999786376953,76.56500244140625,75.90499877929688,75.94000244140625,1320.0
2026-06-01 10:00:00+00:00,75.93000030517578,76.26499938964844,75.93000030517578,75.9800033569336,603.0
2026-06-01 11:00:00+00:00,75.98500061035156,76.21499633789062,75.82499694824219,76.00499725341797,1251.0
2026-06-01 12:00:00+00:00,75.98999786376953,76.20500183105469,75.56999969482422,76.09500122070312,2416.0
2026-06-01 13:00:00+00:00,76.07499694824219,76.18000030517578,74.12000274658203,74.19499969482422,6940.0
2026-06-01 14:00:00+00:00,74.13999938964844,74.80000305175781,74.05500030517578,74.55999755859375,3243.0
2026-06-01 15:00:00+00:00,74.58000183105469,75.52999877929688,74.45999908447266,75.17500305175781,2765.0
2026-06-01 16:00:00+00:00,75.16999816894531,75.37000274658203,74.8499984741211,75.26000213623047,1749.0
2026-06-01 17:00:00+00:00,75.26499938964844,75.73999786376953,75.15499877929688,75.63500213623047,3250.0
2026-06-01 18:00:00+00:00,75.63999938964844,75.66500091552734,75.36499786376953,75.5250015258789,532.0
2026-06-01 19:00:00+00:00,75.5199966430664,75.5250015258789,75.05000305175781,75.11499786376953,576.0
2026-06-01 20:00:00+00:00,75.11000061035156,75.23999786376953,75.08000183105469,75.1500015258789,251.0
2026-06-01 22:00:00+00:00,75.15499877929688,75.23500061035156,75.00499725341797,75.2300033569336,0.0
2026-06-01 23:00:00+00:00,75.2249984741211,75.41999816894531,75.16999816894531,75.30999755859375,238.0
2026-06-02 00:00:00+00:00,75.30000305175781,75.58999633789062,75.08999633789062,75.20500183105469,439.0
2026-06-02 01:00:00+00:00,75.2300033569336,76.22000122070312,74.7699966430664,75.13500213623047,1861.0
2026-06-02 02:00:00+00:00,75.11000061035156,75.625,75.1050033569336,75.61000061035156,467.0
2026-06-02 03:00:00+00:00,75.5999984741211,75.80500030517578,75.43499755859375,75.5250015258789,324.0
2026-06-02 04:00:00+00:00,75.55999755859375,76.20500183105469,75.55000305175781,76.08499908447266,534.0
2026-06-02 05:00:00+00:00,76.06999969482422,77.23500061035156,76.04499816894531,76.7249984741211,2133.0
2026-06-02 06:00:00+00:00,76.75499725341797,77.15499877929688,76.72000122070312,77.09500122070312,1286.0
2026-06-02 07:00:00+00:00,77.0999984741211,77.2699966430664,76.91500091552734,77.26000213623047,1216.0
2026-06-02 08:00:00+00:00,77.25499725341797,77.3550033569336,76.69999694824219,76.76499938964844,1023.0
2026-06-02 09:00:00+00:00,76.76000213623047,76.87999725341797,76.4800033569336,76.5999984741211,1041.0
2026-06-02 10:00:00+00:00,76.5999984741211,76.7249984741211,76.46499633789062,76.72000122070312,478.0
2026-06-02 11:00:00+00:00,76.71499633789062,76.80000305175781,76.54000091552734,76.62000274658203,1010.0
2026-06-02 12:00:00+00:00,76.61000061035156,77.04000091552734,76.31500244140625,76.4000015258789,1741.0
2026-06-02 13:00:00+00:00,76.41999816894531,76.87999725341797,76.11000061035156,76.17500305175781,3387.0
2026-06-02 14:00:00+00:00,76.18499755859375,76.30000305175781,75.55000305175781,76.03500366210938,3814.0
2026-06-02 15:00:00+00:00,76.03500366210938,76.37000274658203,76.0199966430664,76.09500122070312,1820.0
2026-06-02 16:00:00+00:00,76.1050033569336,76.12000274658203,75.62000274658203,75.7300033569336,2082.0
2026-06-02 17:00:00+00:00,75.7300033569336,75.83499908447266,75.31500244140625,75.4000015258789,3037.0
2026-06-02 18:00:00+00:00,75.42500305175781,75.58499908447266,75.04499816894531,75.4800033569336,1382.0
2026-06-02 19:00:00+00:00,75.46499633789062,75.55000305175781,75.29499816894531,75.45500183105469,586.0
2026-06-02 20:00:00+00:00,75.44499969482422,75.55999755859375,75.37999725341797,75.44000244140625,288.0
2026-06-02 22:00:00+00:00,75.49500274658203,75.59500122070312,75.16500091552734,75.2300033569336,0.0
2026-06-02 23:00:00+00:00,75.2300033569336,75.29000091552734,74.55500030517578,75.1050033569336,1114.0
2026-06-03 00:00:00+00:00,75.12999725341797,75.625,75.01000213623047,75.42500305175781,583.0
2026-06-03 01:00:00+00:00,75.44999694824219,75.49500274658203,74.1050033569336,75.0,1548.0
2026-06-03 02:00:00+00:00,74.98500061035156,75.26499938964844,74.80000305175781,75.22000122070312,516.0
2026-06-03 03:00:00+00:00,75.20500183105469,75.49500274658203,75.19000244140625,75.42500305175781,273.0
2026-06-03 04:00:00+00:00,75.41500091552734,75.48500061035156,74.94499969482422,74.94499969482422,263.0
2026-06-03 05:00:00+00:00,74.94499969482422,75.16000366210938,74.625,74.66000366210938,744.0
2026-06-03 06:00:00+00:00,74.69000244140625,74.95999908447266,74.26000213623047,74.62000274658203,1276.0
2026-06-03 07:00:00+00:00,74.63999938964844,74.8499984741211,74.32499694824219,74.33000183105469,724.0
2026-06-03 08:00:00+00:00,74.33499908447266,74.66000366210938,74.25499725341797,74.36499786376953,800.0
2026-06-03 09:00:00+00:00,74.34500122070312,74.73500061035156,74.20999908447266,74.2249984741211,594.0
2026-06-03 10:00:00+00:00,74.2300033569336,75.12000274658203,74.20500183105469,74.61000061035156,1051.0
2026-06-03 11:00:00+00:00,74.62999725341797,74.86000061035156,74.55500030517578,74.79000091552734,921.0
2026-06-03 12:00:00+00:00,74.80999755859375,74.83999633789062,74.16500091552734,74.47000122070312,2565.0
2026-06-03 13:00:00+00:00,74.45500183105469,74.76499938964844,73.3949966430664,74.04499816894531,5151.0
2026-06-03 14:00:00+00:00,74.0250015258789,74.26499938964844,73.75499725341797,74.17500305175781,2964.0
2026-06-03 15:00:00+00:00,74.17500305175781,74.24500274658203,73.43499755859375,73.6449966430664,2941.0
2026-06-03 16:00:00+00:00,73.6449966430664,73.77999877929688,73.3550033569336,73.65499877929688,2417.0
2026-06-03 17:00:00+00:00,73.69000244140625,73.93499755859375,73.31999969482422,73.48999786376953,3328.0
2026-06-03 18:00:00+00:00,73.48500061035156,73.5999984741211,73.30999755859375,73.4800033569336,805.0
2026-06-03 19:00:00+00:00,73.48999786376953,73.7300033569336,73.4000015258789,73.43499755859375,768.0
2026-06-03 20:00:00+00:00,73.43499755859375,73.45500183105469,72.83499908447266,72.9800033569336,1427.0
2026-06-03 22:00:00+00:00,73.08000183105469,73.45999908447266,72.56999969482422,73.36000061035156,0.0
2026-06-03 23:00:00+00:00,73.37000274658203,73.625,73.21499633789062,73.4000015258789,510.0
2026-06-04 00:00:00+00:00,73.40499877929688,73.58999633789062,73.23500061035156,73.46499633789062,376.0
2026-06-04 01:00:00+00:00,73.45999908447266,74.05000305175781,72.9749984741211,73.2750015258789,1428.0
2026-06-04 02:00:00+00:00,73.33000183105469,73.91999816894531,73.13999938964844,73.80000305175781,902.0
2026-06-04 03:00:00+00:00,73.83999633789062,73.91999816894531,73.44999694824219,73.6500015258789,329.0
2026-06-04 04:00:00+00:00,73.69499969482422,74.16999816894531,73.6500015258789,73.91999816894531,483.0
2026-06-04 05:00:00+00:00,73.94000244140625,73.94000244140625,73.29000091552734,73.40499877929688,570.0
2026-06-04 06:00:00+00:00,73.3550033569336,73.69499969482422,73.0999984741211,73.37999725341797,1121.0
2026-06-04 07:00:00+00:00,73.37999725341797,73.51499938964844,73.18499755859375,73.43000030517578,580.0
2026-06-04 08:00:00+00:00,73.44000244140625,73.72000122070312,73.3550033569336,73.47000122070312,694.0
2026-06-04 09:00:00+00:00,73.42500305175781,73.87999725341797,73.42500305175781,73.70500183105469,622.0
2026-06-04 10:00:00+00:00,73.71499633789062,73.78500366210938,73.54499816894531,73.67500305175781,515.0
2026-06-04 11:00:00+00:00,73.68499755859375,74.91500091552734,73.58999633789062,74.8949966430664,2478.0
2026-06-04 12:00:00+00:00,74.8550033569336,74.93000030517578,74.26499938964844,74.7699966430664,2676.0
2026-06-04 13:00:00+00:00,74.78500366210938,75.33499908447266,74.55999755859375,74.55999755859375,3833.0
2026-06-04 14:00:00+00:00,74.57499694824219,74.69999694824219,73.4000015258789,73.73500061035156,3996.0
2026-06-04 15:00:00+00:00,73.7249984741211,74.12000274658203,73.67500305175781,74.08000183105469,1631.0
2026-06-04 16:00:00+00:00,74.08999633789062,74.22000122070312,74.01000213623047,74.08499908447266,1585.0
2026-06-04 17:00:00+00:00,74.06999969482422,74.33000183105469,73.86000061035156,74.16500091552734,3315.0
2026-06-04 18:00:00+00:00,74.16500091552734,74.36000061035156,74.05999755859375,74.23500061035156,962.0
2026-06-04 19:00:00+00:00,74.23999786376953,74.4000015258789,74.15499877929688,74.31500244140625,512.0
2026-06-04 20:00:00+00:00,74.33999633789062,74.33999633789062,74.12000274658203,74.125,245.0
2026-06-04 22:00:00+00:00,74.18499755859375,74.26499938964844,74.11499786376953,74.12999725341797,0.0
2026-06-04 23:00:00+00:00,74.16999816894531,74.37999725341797,74.03500366210938,74.05000305175781,411.0
2026-06-05 00:00:00+00:00,74.05000305175781,74.05999755859375,73.5250015258789,73.55000305175781,706.0
2026-06-05 01:00:00+00:00,73.51499938964844,73.54499816894531,72.69999694824219,72.83499908447266,2047.0
2026-06-05 02:00:00+00:00,72.84500122070312,73.16999816894531,72.54000091552734,72.7750015258789,1582.0
2026-06-05 03:00:00+00:00,72.7699966430664,72.92500305175781,72.5199966430664,72.8949966430664,808.0
2026-06-05 04:00:00+00:00,72.90499877929688,73.04499816894531,72.71499633789062,73.0,372.0
2026-06-05 05:00:00+00:00,72.98999786376953,73.03500366210938,72.3550033569336,72.45500183105469,1135.0
2026-06-05 06:00:00+00:00,72.43499755859375,72.80500030517578,71.44000244140625,72.76000213623047,4462.0
2026-06-05 07:00:00+00:00,72.76000213623047,72.91999816894531,72.59500122070312,72.7699966430664,1208.0
2026-06-05 08:00:00+00:00,72.7750015258789,72.95999908447266,72.58499908447266,72.76000213623047,1258.0
2026-06-05 09:00:00+00:00,72.7300033569336,73.11000061035156,72.67500305175781,72.94499969482422,1427.0
2026-06-05 10:00:00+00:00,72.93000030517578,73.08999633789062,72.83999633789062,73.03500366210938,828.0
2026-06-05 11:00:00+00:00,73.02999877929688,73.2249984741211,72.62000274658203,73.16999816894531,3471.0
2026-06-05 12:00:00+00:00,73.16999816894531,73.69999694824219,71.51499938964844,71.6449966430664,5874.0
2026-06-05 13:00:00+00:00,71.6500015258789,71.66500091552734,69.74500274658203,69.77999877929688,13066.0
2026-06-05 14:00:00+00:00,69.79499816894531,70.12000274658203,68.91999816894531,69.58499908447266,11512.0
2026-06-05 15:00:00+00:00,69.58999633789062,69.66000366210938,68.62999725341797,68.88999938964844,6332.0
2026-06-05 16:00:00+00:00,68.90499877929688,69.37999725341797,68.61000061035156,69.3499984741211,5475.0
2026-06-05 17:00:00+00:00,69.37000274658203,69.47000122070312,68.87999725341797,69.04000091552734,7743.0
2026-06-05 18:00:00+00:00,69.04499816894531,69.07499694824219,68.12000274658203,68.44000244140625,3620.0
2026-06-05 19:00:00+00:00,68.4000015258789,68.41500091552734,67.96499633789062,68.16000366210938,1977.0
2026-06-05 20:00:00+00:00,68.15499877929688,69.10299682617188,67.69999694824219,69.10299682617188,1504.0
2026-06-07 22:00:00+00:00,67.26499938964844,67.9000015258789,67.0250015258789,67.41999816894531,1304.0
2026-06-07 23:00:00+00:00,67.46499633789062,68.33499908447266,67.46499633789062,68.30500030517578,1001.0
2026-06-08 00:00:00+00:00,68.30500030517578,68.5999984741211,68.11499786376953,68.44000244140625,903.0
2026-06-08 01:00:00+00:00,68.43000030517578,68.58000183105469,67.0199966430664,67.95500183105469,3361.0
2026-06-08 02:00:00+00:00,67.96499633789062,68.15499877929688,67.48999786376953,67.61499786376953,1085.0
2026-06-08 03:00:00+00:00,67.69000244140625,67.92500305175781,67.38500213623047,67.92500305175781,450.0
2026-06-08 04:00:00+00:00,68.01000213623047,68.13500213623047,67.73500061035156,67.9000015258789,523.0
2026-06-08 05:00:00+00:00,67.9000015258789,67.98999786376953,66.30500030517578,66.76000213623047,3007.0
2026-06-08 06:00:00+00:00,66.7699966430664,67.51499938964844,66.74500274658203,67.25499725341797,1676.0
2026-06-08 07:00:00+00:00,67.26000213623047,67.72000122070312,67.01499938964844,67.08000183105469,1433.0
2026-06-08 08:00:00+00:00,67.125,67.26000213623047,66.93499755859375,67.17500305175781,1282.0
2026-06-08 09:00:00+00:00,67.19999694824219,67.48500061035156,66.7249984741211,67.20500183105469,1261.0
2026-06-08 10:00:00+00:00,67.23999786376953,67.62999725341797,66.94000244140625,67.30500030517578,1231.0
2026-06-08 11:00:00+00:00,67.29499816894531,68.71499633789062,67.2300033569336,68.5999984741211,3928.0
2026-06-08 12:00:00+00:00,68.58999633789062,69.08499908447266,68.23999786376953,69.01499938964844,3904.0
2026-06-08 13:00:00+00:00,69.0199966430664,69.09500122070312,68.05000305175781,68.08499908447266,5338.0
2026-06-08 14:00:00+00:00,68.0999984741211,68.59500122070312,67.8499984741211,68.56500244140625,4153.0
2026-06-08 15:00:00+00:00,68.58000183105469,69.0199966430664,68.36000061035156,68.81500244140625,3678.0
2026-06-08 16:00:00+00:00,68.83000183105469,68.94000244140625,68.70500183105469,68.76000213623047,2927.0
2026-06-08 17:00:00+00:00,68.76000213623047,68.80500030517578,68.36000061035156,68.57499694824219,5102.0
2026-06-08 18:00:00+00:00,68.58999633789062,68.78500366210938,68.3949966430664,68.44000244140625,1350.0
2026-06-08 19:00:00+00:00,68.42500305175781,68.56500244140625,68.19000244140625,68.23999786376953,1425.0
2026-06-08 20:00:00+00:00,68.25499725341797,68.36499786376953,68.12000274658203,68.32499694824219,1171.0
2026-06-08 22:00:00+00:00,68.31999969482422,68.58499908447266,68.17500305175781,68.30000305175781,0.0
2026-06-08 23:00:00+00:00,68.2750015258789,68.30000305175781,67.94000244140625,67.99500274658203,225.0
2026-06-09 00:00:00+00:00,68.01000213623047,68.1050033569336,67.53500366210938,67.8550033569336,680.0
2026-06-09 01:00:00+00:00,67.8550033569336,68.41500091552734,67.6449966430664,68.18000030517578,1362.0
2026-06-09 02:00:00+00:00,68.1050033569336,68.13999938964844,67.76000213623047,67.76000213623047,540.0
2026-06-09 03:00:00+00:00,67.7699966430664,68.25499725341797,67.62999725341797,68.08499908447266,607.0
2026-06-09 04:00:00+00:00,68.0999984741211,68.1500015258789,67.88500213623047,67.99500274658203,227.0
2026-06-09 05:00:00+00:00,68.08999633789062,68.75,67.93499755859375,68.48999786376953,638.0
2026-06-09 06:00:00+00:00,68.48999786376953,68.78500366210938,68.41000366210938,68.46499633789062,1049.0
2026-06-09 07:00:00+00:00,68.44000244140625,68.63999938964844,68.23999786376953,68.4800033569336,1037.0
2026-06-09 08:00:00+00:00,68.45500183105469,68.98500061035156,68.29000091552734,68.53500366210938,1234.0
2026-06-09 09:00:00+00:00,68.54499816894531,68.68000030517578,68.33000183105469,68.50499725341797,567.0
2026-06-09 10:00:00+00:00,68.48999786376953,68.75,68.29499816894531,68.7249984741211,1016.0
2026-06-09 11:00:00+00:00,68.72000122070312,68.83499908447266,68.58999633789062,68.69000244140625,904.0
2026-06-09 12:00:00+00:00,68.70999908447266,68.80000305175781,68.43000030517578,68.77999877929688,2008.0
2026-06-09 13:00:00+00:00,68.78500366210938,69.18000030517578,67.98500061035156,68.1449966430664,5797.0
2026-06-09 14:00:00+00:00,68.12999725341797,68.25,65.3499984741211,66.17500305175781,12554.0
2026-06-09 15:00:00+00:00,66.19499969482422,66.41500091552734,65.24500274658203,65.38999938964844,6980.0
2026-06-09 16:00:00+00:00,65.37999725341797,65.69000244140625,64.45999908447266,65.00499725341797,7422.0
2026-06-09 17:00:00+00:00,65.0199966430664,65.4749984741211,64.98500061035156,65.2249984741211,6126.0
2026-06-09 18:00:00+00:00,65.25499725341797,65.86499786376953,65.16500091552734,65.80999755859375,2038.0
2026-06-09 19:00:00+00:00,65.81500244140625,65.93000030517578,65.11499786376953,65.3550033569336,1844.0
2026-06-09 20:00:00+00:00,65.36000061035156,65.55500030517578,65.30999755859375,65.45999908447266,437.0
2026-06-09 22:00:00+00:00,65.19999694824219,65.4800033569336,64.92500305175781,65.04000091552734,0.0
2026-06-09 23:00:00+00:00,65.05000305175781,65.2750015258789,64.7750015258789,65.02999877929688,570.0
2026-06-10 00:00:00+00:00,65.01000213623047,65.23999786376953,64.375,64.76000213623047,1015.0
2026-06-10 01:00:00+00:00,64.79000091552734,65.16500091552734,63.900001525878906,64.75,2312.0
2026-06-10 02:00:00+00:00,64.79499816894531,64.87000274658203,63.814998626708984,63.915000915527344,1667.0
2026-06-10 03:00:00+00:00,63.900001525878906,64.34500122070312,63.7599983215332,64.23999786376953,856.0
2026-06-10 04:00:00+00:00,64.28500366210938,64.32499694824219,63.57500076293945,63.650001525878906,798.0
2026-06-10 05:00:00+00:00,63.625,64.81999969482422,63.54499816894531,64.66500091552734,1434.0
2026-06-10 06:00:00+00:00,64.69000244140625,65.38500213623047,64.66000366210938,65.05500030517578,2121.0
2026-06-10 07:00:00+00:00,65.04499816894531,65.06999969482422,64.45999908447266,64.4800033569336,1153.0
2026-06-10 08:00:00+00:00,64.49500274658203,64.49500274658203,63.665000915527344,63.915000915527344,2897.0
2026-06-10 09:00:00+00:00,63.93000030517578,64.37000274658203,63.83000183105469,64.09500122070312,1469.0
2026-06-10 10:00:00+00:00,64.09500122070312,64.62999725341797,63.974998474121094,64.53500366210938,1255.0
2026-06-10 11:00:00+00:00,64.55000305175781,64.61000061035156,63.849998474121094,63.89500045776367,2505.0
2026-06-10 12:00:00+00:00,63.89500045776367,65.20500183105469,63.46500015258789,64.4000015258789,7297.0
2026-06-10 13:00:00+00:00,64.37999725341797,65.88999938964844,64.16500091552734,65.73500061035156,7222.0
2026-06-10 14:00:00+00:00,65.74500274658203,65.80500030517578,64.45999908447266,64.6449966430664,5715.0
2026-06-10 15:00:00+00:00,64.63999938964844,65.2300033569336,64.3499984741211,65.03500366210938,5229.0
2026-06-10 16:00:00+00:00,65.05000305175781,65.31500244140625,64.83499908447266,65.05999755859375,2677.0
2026-06-10 17:00:00+00:00,65.08000183105469,65.33000183105469,64.56999969482422,64.9800033569336,7255.0
2026-06-10 18:00:00+00:00,65.01499938964844,65.30500030517578,64.61000061035156,64.75,1290.0
2026-06-10 19:00:00+00:00,64.73999786376953,64.73999786376953,63.82500076293945,63.8849983215332,2168.0
2026-06-10 20:00:00+00:00,63.8849983215332,63.8849983215332,63.42499923706055,63.5,1083.0
2026-06-10 22:00:00+00:00,63.525001525878906,63.59000015258789,62.525001525878906,62.76499938964844,0.0
2026-06-10 23:00:00+00:00,62.80500030517578,62.95000076293945,61.595001220703125,62.4900016784668,2534.0
2026-06-11 00:00:00+00:00,62.35499954223633,63.845001220703125,62.14500045776367,63.720001220703125,1690.0
2026-06-11 01:00:00+00:00,63.689998626708984,64.6500015258789,63.369998931884766,64.19999694824219,3267.0
2026-06-11 02:00:00+00:00,64.13500213623047,64.22000122070312,63.040000915527344,63.40999984741211,2103.0
2026-06-11 03:00:00+00:00,63.415000915527344,63.7599983215332,63.084999084472656,63.70500183105469,1266.0
2026-06-11 04:00:00+00:00,63.724998474121094,64.27999877929688,63.540000915527344,64.08499908447266,660.0
2026-06-11 05:00:00+00:00,64.12000274658203,64.48500061035156,63.685001373291016,64.05500030517578,1042.0
2026-06-11 06:00:00+00:00,64.05500030517578,64.26000213623047,63.65999984741211,64.20500183105469,998.0
2026-06-11 07:00:00+00:00,64.19999694824219,64.68000030517578,64.01000213623047,64.54499816894531,1351.0
2026-06-11 08:00:00+00:00,64.53500366210938,64.82499694824219,64.33000183105469,64.42500305175781,1233.0
2026-06-11 09:00:00+00:00,64.4000015258789,64.44499969482422,64.08499908447266,64.16000366210938,625.0
2026-06-11 10:00:00+00:00,64.20500183105469,64.31999969482422,63.9900016784668,64.05000305175781,783.0
2026-06-11 11:00:00+00:00,64.03500366210938,64.18499755859375,63.6150016784668,63.89500045776367,1819.0
2026-06-11 12:00:00+00:00,63.89500045776367,64.01499938964844,62.89500045776367,63.540000915527344,4443.0
2026-06-11 13:00:00+00:00,63.564998626708984,64.4000015258789,63.470001220703125,64.16000366210938,5059.0
2026-06-11 14:00:00+00:00,64.16999816894531,64.375,63.584999084472656,64.06500244140625,4902.0
2026-06-11 15:00:00+00:00,64.02999877929688,64.3949966430664,63.834999084472656,64.125,3984.0
2026-06-11 16:00:00+00:00,64.125,64.73999786376953,63.8650016784668,63.95000076293945,3200.0
2026-06-11 17:00:00+00:00,63.95000076293945,66.7249984741211,63.7400016784668,66.0,13369.0
2026-06-11 18:00:00+00:00,66.01000213623047,66.4800033569336,65.41999816894531,66.2300033569336,4869.0
2026-06-11 19:00:00+00:00,66.2750015258789,67.69499969482422,66.2750015258789,67.375,4794.0
2026-06-11 20:00:00+00:00,67.40499877929688,67.54499816894531,67.20500183105469,67.48999786376953,1194.0
2026-06-11 22:00:00+00:00,67.49500274658203,68.08000183105469,67.33499908447266,67.94999694824219,0.0
2026-06-11 23:00:00+00:00,67.98500061035156,68.0,67.45500183105469,67.56500244140625,962.0
2026-06-12 00:00:00+00:00,67.62999725341797,67.88999938964844,67.2699966430664,67.44499969482422,663.0
2026-06-12 01:00:00+00:00,67.4800033569336,67.52999877929688,66.58000183105469,67.00499725341797,2221.0
2026-06-12 02:00:00+00:00,66.96499633789062,67.27999877929688,66.81500244140625,67.19999694824219,735.0
2026-06-12 03:00:00+00:00,67.19999694824219,67.6500015258789,67.1500015258789,67.27999877929688,819.0
2026-06-12 04:00:00+00:00,67.19999694824219,67.26499938964844,67.0,67.01499938964844,272.0
2026-06-12 05:00:00+00:00,67.05000305175781,67.09500122070312,66.56999969482422,66.6449966430664,763.0
2026-06-12 06:00:00+00:00,66.66000366210938,67.0,66.47000122070312,66.75,918.0
2026-06-12 07:00:00+00:00,66.75499725341797,66.76499938964844,65.96499633789062,66.45999908447266,1597.0
2026-06-12 08:00:00+00:00,66.47000122070312,67.43499755859375,66.4000015258789,67.01499938964844,1687.0
2026-06-12 09:00:00+00:00,67.01499938964844,67.66000366210938,67.01499938964844,67.33999633789062,1266.0
2026-06-12 10:00:00+00:00,67.31500244140625,67.44000244140625,66.82499694824219,67.11499786376953,1054.0
2026-06-12 11:00:00+00:00,67.16000366210938,67.53500366210938,66.94000244140625,67.2750015258789,871.0
2026-06-12 12:00:00+00:00,67.2750015258789,67.31500244140625,66.52999877929688,66.56999969482422,2011.0
2026-06-12 13:00:00+00:00,66.58000183105469,67.1449966430664,66.28500366210938,66.3499984741211,4295.0
2026-06-12 14:00:00+00:00,66.38500213623047,67.22000122070312,66.31500244140625,67.16000366210938,4651.0
2026-06-12 15:00:00+00:00,67.13999938964844,68.18000030517578,66.96499633789062,67.59500122070312,5182.0
2026-06-12 16:00:00+00:00,67.57499694824219,68.16999816894531,67.43000030517578,67.83999633789062,4083.0
2026-06-12 17:00:00+00:00,67.83999633789062,68.2750015258789,67.73999786376953,68.13500213623047,4779.0
2026-06-12 18:00:00+00:00,68.13999938964844,68.44499969482422,67.9800033569336,68.00499725341797,1424.0
2026-06-12 19:00:00+00:00,68.01000213623047,68.16000366210938,67.68000030517578,67.875,1267.0
2026-06-12 20:00:00+00:00,67.8949966430664,68.16999816894531,67.87000274658203,67.9739990234375,493.0
2026-06-14 22:00:00+00:00,69.90499877929688,70.38500213623047,69.7750015258789,70.16000366210938,1476.0
2026-06-14 23:00:00+00:00,70.13500213623047,70.44999694824219,69.875,70.3949966430664,969.0
2026-06-15 00:00:00+00:00,70.4000015258789,70.6500015258789,70.0250015258789,70.13999938964844,1166.0
2026-06-15 01:00:00+00:00,70.1500015258789,70.6050033569336,69.94999694824219,70.31999969482422,1648.0
2026-06-15 02:00:00+00:00,70.30500030517578,70.90499877929688,70.30500030517578,70.68000030517578,1076.0
2026-06-15 03:00:00+00:00,70.63999938964844,70.69000244140625,70.31999969482422,70.41999816894531,576.0
2026-06-15 04:00:00+00:00,70.45999908447266,70.58999633789062,70.33499908447266,70.56500244140625,272.0
2026-06-15 05:00:00+00:00,70.57499694824219,70.625,69.95500183105469,70.06999969482422,1273.0
2026-06-15 06:00:00+00:00,70.0999984741211,70.30500030517578,69.9800033569336,70.17500305175781,889.0
2026-06-15 07:00:00+00:00,70.18499755859375,70.45999908447266,70.0199966430664,70.30500030517578,1658.0
2026-06-15 08:00:00+00:00,70.29499816894531,70.77999877929688,70.26000213623047,70.55000305175781,1447.0
2026-06-15 09:00:00+00:00,70.58000183105469,70.87000274658203,70.58000183105469,70.77999877929688,783.0
2026-06-15 10:00:00+00:00,70.77999877929688,70.93499755859375,70.69499969482422,70.7750015258789,1322.0
2026-06-15 11:00:00+00:00,70.77999877929688,71.11000061035156,70.6500015258789,70.83499908447266,2283.0
2026-06-15 12:00:00+00:00,70.83499908447266,71.29499816894531,70.69499969482422,71.26000213623047,2991.0
2026-06-15 13:00:00+00:00,71.25499725341797,71.4000015258789,70.83999633789062,71.1050033569336,4275.0
2026-06-15 14:00:00+00:00,71.1050033569336,71.36000061035156,70.73999786376953,70.77999877929688,4246.0
2026-06-15 15:00:00+00:00,70.79499816894531,70.91999816894531,70.46499633789062,70.74500274658203,3382.0
2026-06-15 16:00:00+00:00,70.7249984741211,70.78500366210938,70.18499755859375,70.38500213623047,3186.0
2026-06-15 17:00:00+00:00,70.37999725341797,70.37999725341797,70.0199966430664,70.18000030517578,3348.0
2026-06-15 18:00:00+00:00,70.16000366210938,70.33000183105469,69.93499755859375,70.23500061035156,1091.0
2026-06-15 19:00:00+00:00,70.26000213623047,70.28500366210938,70.04499816894531,70.26499938964844,810.0
2026-06-15 20:00:00+00:00,70.26000213623047,70.30500030517578,69.9800033569336,70.05999755859375,0.0
2026-06-15 22:00:00+00:00,69.94999694824219,70.19000244140625,69.875,69.99500274658203,621.0
2026-06-15 23:00:00+00:00,70.03500366210938,70.06999969482422,69.87000274658203,69.98999786376953,195.0
2026-06-16 00:00:00+00:00,69.9749984741211,70.01000213623047,69.69999694824219,69.94499969482422,483.0
2026-06-16 01:00:00+00:00,69.91000366210938,70.04000091552734,69.30999755859375,69.3949966430664,1326.0
2026-06-16 02:00:00+00:00,69.40499877929688,69.66000366210938,69.0999984741211,69.58999633789062,894.0
2026-06-16 03:00:00+00:00,69.58000183105469,69.94999694824219,69.51000213623047,69.8949966430664,527.0
2026-06-16 04:00:00+00:00,69.88999938964844,69.91000366210938,69.73500061035156,69.76499938964844,350.0
2026-06-16 05:00:00+00:00,69.79000091552734,70.0,69.29499816894531,69.34500122070312,1006.0
2026-06-16 06:00:00+00:00,69.38500213623047,69.82499694824219,69.30500030517578,69.79499816894531,1022.0
2026-06-16 07:00:00+00:00,69.80000305175781,70.22000122070312,69.7699966430664,70.20500183105469,959.0
2026-06-16 08:00:00+00:00,70.20999908447266,70.67500305175781,70.08499908447266,70.63999938964844,1235.0
2026-06-16 09:00:00+00:00,70.625,70.75,70.50499725341797,70.51000213623047,715.0
2026-06-16 10:00:00+00:00,70.51000213623047,70.69000244140625,70.47000122070312,70.625,498.0
2026-06-16 11:00:00+00:00,70.61499786376953,70.66500091552734,70.34500122070312,70.66500091552734,1025.0
2026-06-16 12:00:00+00:00,70.6449966430664,71.28500366210938,70.45999908447266,71.25,2565.0
2026-06-16 13:00:00+00:00,71.2699966430664,71.30999755859375,70.2300033569336,70.29000091552734,4130.0
2026-06-16 14:00:00+00:00,70.29000091552734,70.5,69.5,69.87000274658203,5997.0
2026-06-16 15:00:00+00:00,69.875,70.37999725341797,69.69000244140625,70.13500213623047,2942.0
2026-06-16 16:00:00+00:00,70.13999938964844,70.41999816894531,70.125,70.16000366210938,1741.0
2026-06-16 17:00:00+00:00,70.18000030517578,70.33999633789062,69.81999969482422,70.33999633789062,2613.0
2026-06-16 18:00:00+00:00,70.33000183105469,70.54499816894531,70.28500366210938,70.41500091552734,819.0
2026-06-16 19:00:00+00:00,70.3949966430664,70.49500274658203,70.125,70.20500183105469,839.0
2026-06-16 20:00:00+00:00,70.20500183105469,70.22000122070312,70.08000183105469,70.125,315.0
2026-06-16 22:00:00+00:00,70.13500213623047,70.22000122070312,70.0199966430664,70.22000122070312,0.0
2026-06-16 23:00:00+00:00,70.21499633789062,70.26499938964844,69.86000061035156,69.94499969482422,247.0
2026-06-17 00:00:00+00:00,69.97000122070312,70.3949966430664,69.95500183105469,70.2750015258789,383.0
2026-06-17 01:00:00+00:00,70.26499938964844,70.61499786376953,70.0999984741211,70.55000305175781,1079.0
2026-06-17 02:00:00+00:00,70.55000305175781,70.62000274658203,70.19999694824219,70.26499938964844,590.0
2026-06-17 03:00:00+00:00,70.2750015258789,70.375,70.12000274658203,70.22000122070312,395.0
2026-06-17 04:00:00+00:00,70.22000122070312,70.22000122070312,69.95999908447266,70.17500305175781,284.0
2026-06-17 05:00:00+00:00,70.19999694824219,70.55500030517578,69.9800033569336,70.44499969482422,702.0
2026-06-17 06:00:00+00:00,70.44499969482422,70.50499725341797,70.23999786376953,70.41999816894531,846.0
2026-06-17 07:00:00+00:00,70.40499877929688,70.4749984741211,70.04000091552734,70.04499816894531,789.0
2026-06-17 08:00:00+00:00,70.03500366210938,70.1500015258789,69.56999969482422,69.81500244140625,1278.0
2026-06-17 09:00:00+00:00,69.81500244140625,70.19000244140625,69.70999908447266,70.01000213623047,1014.0
2026-06-17 10:00:00+00:00,70.0199966430664,70.16999816894531,69.91999816894531,70.04000091552734,525.0
2026-06-17 11:00:00+00:00,70.05500030517578,70.06999969482422,69.69999694824219,69.82499694824219,951.0
2026-06-17 12:00:00+00:00,69.8499984741211,70.05999755859375,69.7300033569336,70.03500366210938,2128.0
2026-06-17 13:00:00+00:00,70.02999877929688,70.54499816894531,69.61000061035156,70.2249984741211,3205.0
2026-06-17 14:00:00+00:00,70.22000122070312,70.98999786376953,70.03500366210938,70.37999725341797,4569.0
2026-06-17 15:00:00+00:00,70.375,70.86499786376953,70.28500366210938,70.79499816894531,1769.0
2026-06-17 16:00:00+00:00,70.80500030517578,70.88999938964844,70.5199966430664,70.68000030517578,1349.0
2026-06-17 17:00:00+00:00,70.69000244140625,71.6500015258789,70.58499908447266,71.40499877929688,5219.0
2026-06-17 18:00:00+00:00,71.37999725341797,71.37999725341797,68.65499877929688,69.19999694824219,13070.0
2026-06-17 19:00:00+00:00,69.19999694824219,69.38999938964844,66.8499984741211,67.0999984741211,8815.0
2026-06-17 20:00:00+00:00,67.12000274658203,68.22000122070312,67.0999984741211,67.95999908447266,2467.0
2026-06-17 22:00:00+00:00,68.04000091552734,68.17500305175781,67.91999816894531,68.04000091552734,0.0
2026-06-17 23:00:00+00:00,68.04000091552734,68.48500061035156,68.0,68.44999694824219,465.0
2026-06-18 00:00:00+00:00,68.4749984741211,69.44999694824219,68.47000122070312,69.23500061035156,1427.0
2026-06-18 01:00:00+00:00,69.17500305175781,69.91999816894531,69.11000061035156,69.45999908447266,1883.0
2026-06-18 02:00:00+00:00,69.41999816894531,69.74500274658203,68.87000274658203,68.91000366210938,1064.0
2026-06-18 03:00:00+00:00,68.9000015258789,69.31999969482422,68.79499816894531,69.27999877929688,647.0
2026-06-18 04:00:00+00:00,69.27999877929688,69.36000061035156,68.83999633789062,69.05500030517578,566.0
2026-06-18 05:00:00+00:00,69.06500244140625,69.33000183105469,68.52999877929688,68.875,972.0
2026-06-18 06:00:00+00:00,68.95999908447266,69.04000091552734,68.6050033569336,68.93499755859375,1132.0
2026-06-18 07:00:00+00:00,68.93000030517578,69.08499908447266,68.5250015258789,68.5250015258789,1447.0
2026-06-18 08:00:00+00:00,68.57499694824219,68.63999938964844,68.12000274658203,68.12000274658203,1065.0
2026-06-18 09:00:00+00:00,68.13500213623047,68.55500030517578,68.0199966430664,68.48999786376953,1058.0
2026-06-18 10:00:00+00:00,68.51499938964844,68.57499694824219,67.76499938964844,67.83499908447266,1273.0
2026-06-18 11:00:00+00:00,67.81500244140625,67.83999633789062,66.63500213623047,66.875,3328.0
2026-06-18 12:00:00+00:00,66.9000015258789,67.41999816894531,66.4000015258789,66.55500030517578,4255.0
2026-06-18 13:00:00+00:00,66.54000091552734,67.6500015258789,66.5199966430664,67.0199966430664,4915.0
2026-06-18 14:00:00+00:00,67.01000213623047,67.07499694824219,66.12999725341797,66.58000183105469,4129.0
2026-06-18 15:00:00+00:00,66.57499694824219,66.63999938964844,66.0,66.17500305175781,2703.0
2026-06-18 16:00:00+00:00,66.18000030517578,66.36499786376953,65.93000030517578,66.20500183105469,2389.0
2026-06-18 17:00:00+00:00,66.21499633789062,66.47000122070312,65.84500122070312,66.2249984741211,5084.0
2026-06-18 18:00:00+00:00,66.22000122070312,66.28500366210938,65.91999816894531,65.95500183105469,874.0
2026-06-18 19:00:00+00:00,65.95999908447266,65.97000122070312,65.18499755859375,65.86499786376953,2272.0
2026-06-18 20:00:00+00:00,65.87000274658203,66.04499816894531,65.74500274658203,65.7750015258789,481.0
2026-06-18 22:00:00+00:00,65.78500366210938,65.94000244140625,65.6050033569336,65.74500274658203,0.0
2026-06-18 23:00:00+00:00,65.73999786376953,65.73999786376953,65.31500244140625,65.33999633789062,184.0
2026-06-19 00:00:00+00:00,65.4000015258789,65.58999633789062,65.1050033569336,65.41500091552734,342.0
2026-06-19 01:00:00+00:00,65.41000366210938,65.4800033569336,65.01499938964844,65.08000183105469,332.0
2026-06-19 02:00:00+00:00,65.08499908447266,65.12000274658203,64.51000213623047,64.66000366210938,842.0
2026-06-19 03:00:00+00:00,64.6500015258789,64.65499877929688,64.07499694824219,64.08999633789062,706.0
2026-06-21 22:00:00+00:00,63.849998474121094,64.93000030517578,63.630001068115234,64.86499786376953,1101.0
2026-06-21 23:00:00+00:00,64.875,65.125,64.30500030517578,64.48500061035156,495.0
2026-06-22 00:00:00+00:00,64.48999786376953,66.4000015258789,64.45999908447266,66.38500213623047,1490.0
2026-06-22 01:00:00+00:00,66.3949966430664,67.2300033569336,64.91000366210938,65.97000122070312,3639.0
2026-06-22 02:00:00+00:00,65.95500183105469,66.2699966430664,64.91000366210938,65.7699966430664,1328.0
2026-06-22 03:00:00+00:00,65.82499694824219,65.86000061035156,64.91000366210938,65.5999984741211,523.0
2026-06-22 04:00:00+00:00,65.5999984741211,65.79000091552734,64.91000366210938,65.61499786376953,381.0
2026-06-22 05:00:00+00:00,65.61499786376953,66.63500213623047,64.91000366210938,66.44999694824219,1477.0
2026-06-22 06:00:00+00:00,66.45999908447266,66.87000274658203,64.91000366210938,66.66000366210938,1434.0
2026-06-22 07:00:00+00:00,66.68499755859375,66.7750015258789,64.91000366210938,66.2750015258789,938.0
2026-06-22 08:00:00+00:00,66.26499938964844,66.30999755859375,64.91000366210938,66.28500366210938,1126.0
2026-06-22 09:00:00+00:00,66.30000305175781,66.6500015258789,64.91000366210938,66.4749984741211,655.0
2026-06-22 10:00:00+00:00,66.48999786376953,66.70500183105469,64.91000366210938,66.4749984741211,577.0
2026-06-22 11:00:00+00:00,66.47000122070312,66.8550033569336,64.91000366210938,66.55500030517578,1130.0
2026-06-22 12:00:00+00:00,66.58499908447266,66.69000244140625,64.91000366210938,66.31999969482422,1782.0
2026-06-22 13:00:00+00:00,66.32499694824219,66.94999694824219,64.91000366210938,66.6050033569336,5021.0
2026-06-22 14:00:00+00:00,66.5999984741211,66.80999755859375,64.91000366210938,66.13999938964844,4645.0
2026-06-22 15:00:00+00:00,66.12999725341797,66.2249984741211,64.91000366210938,65.55000305175781,4409.0
2026-06-22 16:00:00+00:00,65.54000091552734,65.83000183105469,64.91000366210938,65.70500183105469,3140.0
2026-06-22 17:00:00+00:00,65.71499633789062,65.71499633789062,64.91000366210938,65.33999633789062,3037.0
2026-06-22 18:00:00+00:00,65.36000061035156,65.58499908447266,64.91000366210938,65.5250015258789,1130.0
2026-06-22 19:00:00+00:00,65.54499816894531,65.58499908447266,64.91000366210938,65.26000213623047,1070.0
2026-06-22 20:00:00+00:00,65.2699966430664,65.32499694824219,64.91000366210938,64.91000366210938,294.0
2026-06-22 22:00:00+00:00,65.21499633789062,65.31500244140625,64.8949966430664,65.12000274658203,0.0
2026-06-22 23:00:00+00:00,65.11000061035156,65.22000122070312,64.97000122070312,65.01000213623047,395.0
2026-06-23 00:00:00+00:00,65.0,65.0999984741211,64.44499969482422,65.0199966430664,1221.0
2026-06-23 01:00:00+00:00,65.0250015258789,65.26499938964844,63.875,64.16500091552734,2706.0
2026-06-23 02:00:00+00:00,64.16999816894531,64.20999908447266,63.279998779296875,63.35499954223633,2183.0
2026-06-23 03:00:00+00:00,63.36000061035156,63.44499969482422,62.720001220703125,63.2400016784668,2768.0
2026-06-23 04:00:00+00:00,63.224998474121094,63.27000045776367,62.54999923706055,62.599998474121094,944.0
2026-06-23 05:00:00+00:00,62.619998931884766,63.08000183105469,62.400001525878906,62.595001220703125,2580.0
2026-06-23 06:00:00+00:00,62.60499954223633,62.85499954223633,62.220001220703125,62.26499938964844,3337.0
2026-06-23 07:00:00+00:00,62.275001525878906,62.70000076293945,61.85499954223633,61.94499969482422,2638.0
2026-06-23 08:00:00+00:00,61.94499969482422,62.21500015258789,61.849998474121094,62.125,1856.0
2026-06-23 09:00:00+00:00,62.125,62.56999969482422,62.099998474121094,62.560001373291016,1617.0
2026-06-23 10:00:00+00:00,62.564998626708984,62.724998474121094,62.255001068115234,62.29499816894531,1440.0
2026-06-23 11:00:00+00:00,62.279998779296875,62.400001525878906,61.86000061035156,62.130001068115234,2509.0
2026-06-23 12:00:00+00:00,62.125,62.32500076293945,61.744998931884766,61.96500015258789,2768.0
2026-06-23 13:00:00+00:00,61.970001220703125,62.53499984741211,61.70500183105469,62.439998626708984,5798.0
2026-06-23 14:00:00+00:00,62.439998626708984,62.53499984741211,61.53499984741211,62.09000015258789,6759.0
2026-06-23 15:00:00+00:00,62.11000061035156,62.369998931884766,61.8650016784668,62.32500076293945,3295.0
2026-06-23 16:00:00+00:00,62.33000183105469,62.38999938964844,62.025001525878906,62.10499954223633,2937.0
2026-06-23 17:00:00+00:00,62.084999084472656,62.26499938964844,61.834999084472656,61.85499954223633,5630.0
2026-06-23 18:00:00+00:00,61.875,61.939998626708984,61.369998931884766,61.5099983215332,2112.0
2026-06-23 19:00:00+00:00,61.52000045776367,61.834999084472656,61.5,61.63999938964844,1466.0
2026-06-23 20:00:00+00:00,61.64500045776367,61.70500183105469,61.474998474121094,61.630001068115234,627.0
2026-06-23 22:00:00+00:00,61.630001068115234,61.80500030517578,61.415000915527344,61.505001068115234,0.0
2026-06-23 23:00:00+00:00,61.5,61.70000076293945,60.83000183105469,61.68000030517578,1563.0
2026-06-24 00:00:00+00:00,61.71500015258789,61.95500183105469,61.32500076293945,61.54499816894531,1048.0
2026-06-24 01:00:00+00:00,61.59000015258789,62.09000015258789,60.75,61.77000045776367,4749.0
2026-06-24 02:00:00+00:00,61.709999084472656,61.880001068115234,61.09000015258789,61.20000076293945,1149.0
2026-06-24 03:00:00+00:00,61.220001220703125,61.689998626708984,61.095001220703125,61.404998779296875,1188.0
2026-06-24 04:00:00+00:00,61.40999984741211,61.435001373291016,60.93000030517578,61.18000030517578,620.0
2026-06-24 05:00:00+00:00,61.20500183105469,61.900001525878906,61.04999923706055,61.70000076293945,1741.0
2026-06-24 06:00:00+00:00,61.71500015258789,62.435001373291016,61.689998626708984,61.91999816894531,3196.0
2026-06-24 07:00:00+00:00,61.90999984741211,61.98500061035156,61.52000045776367,61.564998626708984,1716.0
2026-06-24 08:00:00+00:00,61.56999969482422,61.70000076293945,61.28499984741211,61.310001373291016,1504.0
2026-06-24 09:00:00+00:00,61.33000183105469,61.415000915527344,61.084999084472656,61.125,1344.0
2026-06-24 10:00:00+00:00,61.125,61.154998779296875,60.60499954223633,60.67499923706055,2749.0
2026-06-24 11:00:00+00:00,60.66999816894531,60.77000045776367,59.44499969482422,59.505001068115234,7659.0
2026-06-24 12:00:00+00:00,59.494998931884766,59.61000061035156,58.185001373291016,58.224998474121094,8261.0
2026-06-24 13:00:00+00:00,58.22999954223633,59.67499923706055,58.09000015258789,59.57500076293945,11600.0
2026-06-24 14:00:00+00:00,59.57500076293945,59.625,58.81999969482422,58.97999954223633,5339.0
2026-06-24 15:00:00+00:00,58.95500183105469,59.19499969482422,58.71500015258789,58.7599983215332,4614.0
2026-06-24 16:00:00+00:00,58.76499938964844,58.974998474121094,58.54999923706055,58.63999938964844,3644.0
2026-06-24 17:00:00+00:00,58.65999984741211,58.71500015258789,56.61000061035156,56.625,10241.0
2026-06-24 18:00:00+00:00,56.650001525878906,57.29999923706055,55.75,56.79499816894531,10009.0
2026-06-24 19:00:00+00:00,56.810001373291016,57.43000030517578,56.60499954223633,57.314998626708984,2328.0
2026-06-24 20:00:00+00:00,57.310001373291016,57.775001525878906,57.165000915527344,57.48500061035156,1636.0
2026-06-24 22:00:00+00:00,57.595001220703125,57.8650016784668,57.53499984741211,57.55500030517578,0.0
2026-06-24 23:00:00+00:00,57.584999084472656,57.959999084472656,57.400001525878906,57.72999954223633,810.0
2026-06-25 00:00:00+00:00,57.779998779296875,57.904998779296875,57.11000061035156,57.31999969482422,955.0
2026-06-25 01:00:00+00:00,57.33000183105469,57.8650016784668,56.76499938964844,56.91999816894531,2197.0
2026-06-25 02:00:00+00:00,56.935001373291016,57.154998779296875,56.400001525878906,57.01499938964844,2778.0
2026-06-25 03:00:00+00:00,56.92499923706055,57.540000915527344,56.59000015258789,57.52000045776367,2027.0
2026-06-25 04:00:00+00:00,57.540000915527344,57.630001068115234,57.2400016784668,57.630001068115234,942.0
2026-06-25 05:00:00+00:00,57.6150016784668,57.709999084472656,57.04999923706055,57.189998626708984,1913.0
2026-06-25 06:00:00+00:00,57.165000915527344,57.310001373291016,56.72999954223633,56.82500076293945,1871.0
2026-06-25 07:00:00+00:00,56.83000183105469,57.345001220703125,56.57500076293945,57.33000183105469,3097.0
2026-06-25 08:00:00+00:00,57.32500076293945,57.744998931884766,57.31999969482422,57.470001220703125,2044.0
2026-06-25 09:00:00+00:00,57.505001068115234,57.689998626708984,57.400001525878906,57.5,1099.0
2026-06-25 10:00:00+00:00,57.45500183105469,57.54999923706055,57.2400016784668,57.34000015258789,1450.0
2026-06-25 11:00:00+00:00,57.345001220703125,57.41999816894531,56.974998474121094,57.165000915527344,1854.0
2026-06-25 12:00:00+00:00,57.18000030517578,58.43000030517578,56.70000076293945,58.209999084472656,6797.0
2026-06-25 13:00:00+00:00,58.21500015258789,59.04999923706055,57.01499938964844,57.04499816894531,7954.0
2026-06-25 14:00:00+00:00,57.05500030517578,58.17499923706055,57.05500030517578,57.95000076293945,6268.0
2026-06-25 15:00:00+00:00,57.95500183105469,58.845001220703125,57.619998931884766,58.810001373291016,5559.0
2026-06-25 16:00:00+00:00,58.79499816894531,58.849998474121094,58.18000030517578,58.32500076293945,3567.0
2026-06-25 17:00:00+00:00,58.33000183105469,58.54499816894531,58.08000183105469,58.334999084472656,4023.0
2026-06-25 18:00:00+00:00,58.35499954223633,58.505001068115234,58.0,58.21500015258789,2565.0
2026-06-25 19:00:00+00:00,58.23500061035156,58.275001525878906,57.70000076293945,57.915000915527344,1792.0
2026-06-25 20:00:00+00:00,57.900001525878906,58.08000183105469,57.80500030517578,57.88999938964844,905.0
2026-06-25 22:00:00+00:00,58.025001525878906,58.060001373291016,57.60499954223633,57.84000015258789,0.0
2026-06-25 23:00:00+00:00,57.814998626708984,58.07500076293945,57.60499954223633,57.650001525878906,175.0
2026-06-26 00:00:00+00:00,57.599998474121094,57.880001068115234,57.310001373291016,57.650001525878906,384.0
2026-06-26 01:00:00+00:00,57.67499923706055,57.994998931884766,56.89500045776367,57.13999938964844,991.0
2026-06-26 02:00:00+00:00,57.20000076293945,57.27000045776367,55.69499969482422,55.9900016784668,1370.0
2026-06-26 03:00:00+00:00,55.9900016784668,56.70000076293945,55.970001220703125,56.630001068115234,681.0
2026-06-26 04:00:00+00:00,56.60499954223633,56.709999084472656,56.314998626708984,56.47999954223633,508.0
2026-06-26 05:00:00+00:00,56.36000061035156,56.89500045776367,56.275001525878906,56.599998474121094,633.0
2026-06-26 06:00:00+00:00,56.64500045776367,58.334999084472656,56.439998626708984,58.290000915527344,1429.0
2026-06-26 07:00:00+00:00,58.165000915527344,58.560001373291016,57.8650016784668,58.290000915527344,11774.0
2026-06-26 08:00:00+00:00,58.28499984741211,58.41999816894531,58.084999084472656,58.1349983215332,1819.0
2026-06-26 09:00:00+00:00,58.1349983215332,58.875,58.08000183105469,58.63999938964844,3269.0
2026-06-26 10:00:00+00:00,58.64500045776367,58.92499923706055,58.46500015258789,58.900001525878906,1715.0
2026-06-26 11:00:00+00:00,58.915000915527344,58.93000030517578,58.5,58.599998474121094,2175.0
2026-06-26 12:00:00+00:00,58.59000015258789,59.400001525878906,58.439998626708984,59.33000183105469,3612.0
2026-06-26 13:00:00+00:00,59.349998474121094,59.584999084472656,58.39500045776367,59.36000061035156,7313.0
2026-06-26 14:00:00+00:00,59.36000061035156,59.95000076293945,59.165000915527344,59.58000183105469,5557.0
2026-06-26 15:00:00+00:00,59.6150016784668,60.0,59.375,59.79999923706055,3894.0
2026-06-26 16:00:00+00:00,59.810001373291016,59.875,59.56999969482422,59.73500061035156,2051.0
2026-06-26 17:00:00+00:00,59.7400016784668,59.775001525878906,59.404998779296875,59.42499923706055,3095.0
2026-06-26 18:00:00+00:00,59.43000030517578,59.595001220703125,59.27000045776367,59.32500076293945,1441.0
2026-06-26 19:00:00+00:00,59.314998626708984,59.494998931884766,59.255001068115234,59.36000061035156,1671.0
2026-06-26 20:00:00+00:00,59.36000061035156,59.689998626708984,58.95500183105469,59.67399978637695,1768.0
2026-06-28 22:00:00+00:00,59.540000915527344,59.564998626708984,58.91999816894531,59.20500183105469,624.0
2026-06-28 23:00:00+00:00,59.21500015258789,59.404998779296875,59.01499938964844,59.11000061035156,254.0
2026-06-29 00:00:00+00:00,59.10499954223633,59.20500183105469,58.48500061035156,59.09000015258789,866.0
2026-06-29 01:00:00+00:00,59.08000183105469,59.27000045776367,58.595001220703125,58.73500061035156,1034.0
2026-06-29 02:00:00+00:00,58.75,59.310001373291016,58.65999984741211,59.119998931884766,795.0
2026-06-29 03:00:00+00:00,59.099998474121094,59.584999084472656,58.974998474121094,59.04999923706055,657.0
2026-06-29 04:00:00+00:00,59.064998626708984,59.08000183105469,58.584999084472656,58.619998931884766,428.0
2026-06-29 05:00:00+00:00,58.6349983215332,59.08000183105469,58.15999984741211,59.0099983215332,1661.0
2026-06-29 06:00:00+00:00,59.01499938964844,59.369998931884766,59.0,59.08000183105469,1110.0
2026-06-29 07:00:00+00:00,59.09000015258789,59.09000015258789,58.755001068115234,58.76499938964844,817.0
2026-06-29 08:00:00+00:00,58.779998779296875,58.970001220703125,58.334999084472656,58.470001220703125,1161.0
2026-06-29 09:00:00+00:00,58.459999084472656,58.6349983215332,57.84000015258789,58.13999938964844,1958.0
2026-06-29 10:00:00+00:00,58.16999816894531,58.314998626708984,57.974998474121094,58.290000915527344,1221.0
2026-06-29 11:00:00+00:00,58.279998779296875,58.70000076293945,58.099998474121094,58.654998779296875,1475.0
2026-06-29 12:00:00+00:00,58.665000915527344,59.005001068115234,58.46500015258789,58.834999084472656,2257.0
2026-06-29 13:00:00+00:00,58.84000015258789,59.21500015258789,58.52000045776367,58.61000061035156,2579.0
2026-06-29 14:00:00+00:00,58.584999084472656,58.71500015258789,57.8650016784668,58.459999084472656,3725.0
2026-06-29 15:00:00+00:00,58.45500183105469,58.6349983215332,58.1349983215332,58.53499984741211,1981.0
2026-06-29 16:00:00+00:00,58.540000915527344,58.70000076293945,58.36000061035156,58.58000183105469,1474.0
2026-06-29 17:00:00+00:00,58.59000015258789,58.8650016784668,58.48500061035156,58.67499923706055,1983.0
2026-06-29 18:00:00+00:00,58.685001373291016,58.84000015258789,58.56999969482422,58.6349983215332,695.0
2026-06-29 19:00:00+00:00,58.625,58.79999923706055,58.3849983215332,58.689998626708984,826.0
2026-06-29 20:00:00+00:00,58.67499923706055,58.81999969482422,58.650001525878906,58.755001068115234,174.0
2026-06-29 22:00:00+00:00,58.77000045776367,58.915000915527344,58.68000030517578,58.7400016784668,0.0
2026-06-29 23:00:00+00:00,58.75,59.029998779296875,58.724998474121094,58.91999816894531,288.0
2026-06-30 00:00:00+00:00,58.875,58.89500045776367,57.650001525878906,57.97999954223633,1169.0
2026-06-30 01:00:00+00:00,57.95500183105469,58.220001220703125,57.064998626708984,57.82500076293945,3876.0
2026-06-30 02:00:00+00:00,57.880001068115234,58.150001525878906,57.5099983215332,57.755001068115234,1527.0
2026-06-30 03:00:00+00:00,57.834999084472656,58.185001373291016,57.58000183105469,57.69499969482422,648.0
2026-06-30 04:00:00+00:00,57.70000076293945,58.470001220703125,57.70000076293945,58.154998779296875,614.0
2026-06-30 05:00:00+00:00,58.125,58.150001525878906,57.529998779296875,57.70500183105469,868.0
2026-06-30 06:00:00+00:00,57.77000045776367,60.084999084472656,57.77000045776367,59.474998474121094,4503.0
2026-06-30 07:00:00+00:00,59.47999954223633,59.584999084472656,59.17499923706055,59.45000076293945,1531.0
2026-06-30 08:00:00+00:00,59.474998474121094,59.599998474121094,58.84000015258789,58.939998626708984,1188.0
2026-06-30 09:00:00+00:00,58.92499923706055,59.2599983215332,58.88999938964844,59.21500015258789,569.0
2026-06-30 10:00:00+00:00,59.27000045776367,59.529998779296875,59.189998626708984,59.46500015258789,866.0
2026-06-30 11:00:00+00:00,59.46500015258789,59.63999938964844,59.220001220703125,59.5,1549.0
2026-06-30 12:00:00+00:00,59.52000045776367,59.529998779296875,58.665000915527344,58.77000045776367,2692.0
2026-06-30 13:00:00+00:00,58.775001525878906,59.83000183105469,58.775001525878906,59.71500015258789,4917.0
2026-06-30 14:00:00+00:00,59.689998626708984,60.90999984741211,59.5,60.32500076293945,6551.0
2026-06-30 15:00:00+00:00,60.33000183105469,60.474998474121094,59.994998931884766,60.04499816894531,2517.0
2026-06-30 16:00:00+00:00,60.03499984741211,60.29499816894531,59.88999938964844,59.90999984741211,1812.0
2026-06-30 17:00:00+00:00,59.90999984741211,60.165000915527344,59.810001373291016,60.099998474121094,2012.0
2026-06-30 18:00:00+00:00,60.095001220703125,60.345001220703125,60.04499816894531,60.22999954223633,787.0
2026-06-30 19:00:00+00:00,60.224998474121094,60.244998931884766,59.584999084472656,59.630001068115234,1342.0
2026-06-30 20:00:00+00:00,59.630001068115234,59.76499938964844,59.029998779296875,59.04499816894531,1489.0
2026-06-30 22:00:00+00:00,59.25,59.34000015258789,59.09000015258789,59.165000915527344,0.0
2026-06-30 23:00:00+00:00,59.17499923706055,59.29499816894531,58.79499816894531,58.8650016784668,554.0
2026-07-01 00:00:00+00:00,58.85499954223633,59.040000915527344,58.689998626708984,58.93000030517578,993.0
2026-07-01 01:00:00+00:00,58.935001373291016,59.154998779296875,57.95000076293945,58.14500045776367,2457.0
2026-07-01 02:00:00+00:00,58.16999816894531,58.375,57.91999816894531,58.18000030517578,927.0
2026-07-01 03:00:00+00:00,58.189998626708984,58.48500061035156,58.14500045776367,58.25,525.0
2026-07-01 04:00:00+00:00,58.279998779296875,58.31999969482422,58.02000045776367,58.1150016784668,343.0
2026-07-01 05:00:00+00:00,58.119998931884766,58.18000030517578,57.85499954223633,57.9900016784668,919.0
2026-07-01 06:00:00+00:00,58.0,58.099998474121094,57.55500030517578,57.8650016784668,1853.0
2026-07-01 07:00:00+00:00,57.880001068115234,58.150001525878906,57.65999984741211,58.130001068115234,1289.0
2026-07-01 08:00:00+00:00,58.1349983215332,58.334999084472656,57.959999084472656,58.15999984741211,889.0
2026-07-01 09:00:00+00:00,58.1349983215332,58.525001525878906,58.060001373291016,58.47999954223633,1063.0
2026-07-01 10:00:00+00:00,58.474998474121094,58.72999954223633,58.34000015258789,58.709999084472656,659.0
2026-07-01 11:00:00+00:00,58.70500183105469,59.61000061035156,58.67499923706055,59.404998779296875,1928.0
2026-07-01 12:00:00+00:00,59.3849983215332,59.494998931884766,59.099998474121094,59.279998779296875,3497.0
2026-07-01 13:00:00+00:00,59.28499984741211,61.20000076293945,58.78499984741211,60.775001525878906,8274.0
2026-07-01 14:00:00+00:00,60.810001373291016,61.54499816894531,60.619998931884766,60.849998474121094,5521.0
2026-07-01 15:00:00+00:00,60.86000061035156,60.880001068115234,60.54499816894531,60.69499969482422,2118.0
2026-07-01 16:00:00+00:00,60.70500183105469,60.915000915527344,60.54999923706055,60.56999969482422,1463.0
2026-07-01 17:00:00+00:00,60.57500076293945,60.66999816894531,60.349998474121094,60.3650016784668,1788.0
2026-07-01 18:00:00+00:00,60.3650016784668,60.505001068115234,60.1150016784668,60.25,729.0
2026-07-01 19:00:00+00:00,60.2400016784668,60.43000030517578,59.724998474121094,59.78499984741211,3251.0
2026-07-01 20:00:00+00:00,59.77000045776367,59.77000045776367,59.564998626708984,59.60499954223633,744.0
2026-07-01 22:00:00+00:00,59.75,59.91999816894531,59.720001220703125,59.8650016784668,0.0
2026-07-01 23:00:00+00:00,59.89500045776367,59.89500045776367,59.57500076293945,59.599998474121094,215.0
2026-07-02 00:00:00+00:00,59.595001220703125,59.994998931884766,59.415000915527344,59.95500183105469,911.0
2026-07-02 01:00:00+00:00,59.935001373291016,60.625,59.900001525878906,60.209999084472656,1697.0
2026-07-02 02:00:00+00:00,60.244998931884766,60.599998474121094,60.09000015258789,60.51499938964844,470.0
2026-07-02 03:00:00+00:00,60.505001068115234,60.85499954223633,60.404998779296875,60.775001525878906,562.0
2026-07-02 04:00:00+00:00,60.75,60.8650016784668,60.439998626708984,60.53499984741211,479.0
2026-07-02 05:00:00+00:00,60.540000915527344,60.540000915527344,59.86000061035156,60.275001525878906,1102.0
2026-07-02 06:00:00+00:00,60.275001525878906,60.70000076293945,60.23500061035156,60.42499923706055,1108.0
2026-07-02 07:00:00+00:00,60.39500045776367,60.42499923706055,59.814998626708984,59.834999084472656,1075.0
2026-07-02 08:00:00+00:00,59.84000015258789,60.77000045776367,59.7400016784668,60.584999084472656,1084.0
2026-07-02 09:00:00+00:00,60.595001220703125,60.66999816894531,60.26499938964844,60.27000045776367,628.0
2026-07-02 10:00:00+00:00,60.279998779296875,60.39500045776367,60.19499969482422,60.2599983215332,397.0
2026-07-02 11:00:00+00:00,60.27000045776367,60.53499984741211,59.90999984741211,60.2599983215332,1120.0
2026-07-02 12:00:00+00:00,60.25,62.20000076293945,60.119998931884766,61.625,6639.0
2026-07-02 13:00:00+00:00,61.654998779296875,62.58000183105469,61.33000183105469,62.35499954223633,6080.0
2026-07-02 14:00:00+00:00,62.39500045776367,62.39500045776367,61.560001373291016,61.86000061035156,3177.0
2026-07-02 15:00:00+00:00,61.83000183105469,61.88999938964844,61.2599983215332,61.599998474121094,2355.0
2026-07-02 16:00:00+00:00,61.6150016784668,61.630001068115234,60.94499969482422,61.345001220703125,2069.0
2026-07-02 17:00:00+00:00,61.345001220703125,61.39500045776367,60.915000915527344,60.95500183105469,2868.0
2026-07-02 18:00:00+00:00,60.959999084472656,61.42499923706055,60.935001373291016,61.26499938964844,1168.0
2026-07-02 19:00:00+00:00,61.279998779296875,61.40999984741211,60.85499954223633,61.34000015258789,847.0
2026-07-02 20:00:00+00:00,61.334999084472656,61.47999954223633,61.2599983215332,61.439998626708984,0.0
2026-07-02 22:00:00+00:00,61.5,61.58000183105469,61.3849983215332,61.494998931884766,211.0
2026-07-02 23:00:00+00:00,61.51499938964844,61.64500045776367,61.435001373291016,61.55500030517578,161.0
2026-07-03 00:00:00+00:00,61.58000183105469,61.994998931884766,61.494998931884766,61.91999816894531,665.0
2026-07-03 01:00:00+00:00,61.93000030517578,62.95000076293945,61.790000915527344,62.69499969482422,2702.0
2026-07-03 02:00:00+00:00,62.665000915527344,63.095001220703125,62.625,62.869998931884766,1032.0
2026-07-03 03:00:00+00:00,62.8650016784668,62.93000030517578,62.65999984741211,62.720001220703125,461.0
2026-07-05 22:00:00+00:00,62.92499923706055,63.63999938964844,62.814998626708984,63.58000183105469,1506.0
2026-07-05 23:00:00+00:00,63.560001373291016,63.72999954223633,62.814998626708984,63.25,829.0
2026-07-06 00:00:00+00:00,63.275001525878906,63.349998474121094,62.814998626708984,63.165000915527344,807.0
2026-07-06 01:00:00+00:00,63.14500045776367,63.56999969482422,62.80500030517578,62.8650016784668,1242.0
2026-07-06 02:00:00+00:00,62.875,62.88999938964844,62.35499954223633,62.459999084472656,881.0
2026-07-06 03:00:00+00:00,62.474998474121094,62.814998626708984,62.19499969482422,62.29999923706055,782.0
2026-07-06 04:00:00+00:00,62.279998779296875,62.814998626708984,62.154998779296875,62.31999969482422,234.0
2026-07-06 05:00:00+00:00,62.29499816894531,62.814998626708984,62.02000045776367,62.084999084472656,664.0
2026-07-06 06:00:00+00:00,62.125,62.814998626708984,62.040000915527344,62.14500045776367,857.0
2026-07-06 07:00:00+00:00,62.14500045776367,62.814998626708984,62.064998626708984,62.779998779296875,671.0
2026-07-06 08:00:00+00:00,62.80500030517578,62.814998626708984,62.30500030517578,62.43000030517578,632.0
2026-07-06 09:00:00+00:00,62.415000915527344,62.814998626708984,62.26499938964844,62.40999984741211,468.0
2026-07-06 10:00:00+00:00,62.400001525878906,62.814998626708984,62.28499984741211,62.525001525878906,381.0
2026-07-06 11:00:00+00:00,62.53499984741211,62.814998626708984,62.435001373291016,62.630001068115234,634.0
2026-07-06 12:00:00+00:00,62.630001068115234,62.814998626708984,61.8849983215332,62.040000915527344,2256.0
2026-07-06 13:00:00+00:00,62.04999923706055,62.814998626708984,61.77000045776367,62.29499816894531,2615.0
2026-07-06 14:00:00+00:00,62.27000045776367,62.814998626708984,61.95000076293945,62.154998779296875,1894.0
2026-07-06 15:00:00+00:00,62.18000030517578,62.814998626708984,62.08000183105469,62.2400016784668,1287.0
2026-07-06 16:00:00+00:00,62.220001220703125,62.814998626708984,61.95000076293945,62.244998931884766,1443.0
2026-07-06 17:00:00+00:00,62.2400016784668,62.814998626708984,62.125,62.41999816894531,2493.0
2026-07-06 18:00:00+00:00,62.44499969482422,62.814998626708984,62.29999923706055,62.619998931884766,598.0
2026-07-06 19:00:00+00:00,62.630001068115234,62.814998626708984,62.439998626708984,62.5099983215332,514.0
2026-07-06 20:00:00+00:00,62.505001068115234,62.814998626708984,62.41999816894531,62.814998626708984,190.0
2026-07-06 22:00:00+00:00,62.52000045776367,62.59000015258789,62.415000915527344,62.459999084472656,0.0
2026-07-06 23:00:00+00:00,62.45500183105469,62.5099983215332,62.185001373291016,62.20000076293945,324.0
2026-07-07 00:00:00+00:00,62.154998779296875,62.45000076293945,61.869998931884766,61.91999816894531,377.0
2026-07-07 01:00:00+00:00,61.88999938964844,62.02000045776367,61.2599983215332,61.95000076293945,1838.0
2026-07-07 02:00:00+00:00,61.974998474121094,62.1150016784668,61.6150016784668,61.69499969482422,733.0
2026-07-07 03:00:00+00:00,61.66999816894531,61.80500030517578,61.30500030517578,61.5,573.0
2026-07-07 04:00:00+00:00,61.5099983215332,61.709999084472656,61.23500061035156,61.27000045776367,392.0
2026-07-07 05:00:00+00:00,61.22999954223633,61.36000061035156,60.709999084472656,60.96500015258789,1645.0
2026-07-07 06:00:00+00:00,60.96500015258789,61.70500183105469,60.96500015258789,61.564998626708984,1457.0
2026-07-07 07:00:00+00:00,61.560001373291016,61.58000183105469,61.2400016784668,61.244998931884766,440.0
2026-07-07 08:00:00+00:00,61.26499938964844,61.70000076293945,61.22999954223633,61.36000061035156,771.0
2026-07-07 09:00:00+00:00,61.3849983215332,61.45500183105469,61.18000030517578,61.334999084472656,377.0
2026-07-07 10:00:00+00:00,61.310001373291016,61.54999923706055,61.189998626708984,61.22999954223633,502.0
2026-07-07 11:00:00+00:00,61.224998474121094,61.84000015258789,61.084999084472656,61.810001373291016,1238.0
2026-07-07 12:00:00+00:00,61.82500076293945,62.189998626708984,61.775001525878906,62.084999084472656,2143.0
2026-07-07 13:00:00+00:00,62.099998474121094,62.314998626708984,61.54999923706055,61.76499938964844,3038.0
2026-07-07 14:00:00+00:00,61.77000045776367,61.86000061035156,61.09000015258789,61.35499954223633,2693.0
2026-07-07 15:00:00+00:00,61.345001220703125,61.435001373291016,60.900001525878906,61.060001373291016,1428.0
2026-07-07 16:00:00+00:00,61.08000183105469,61.435001373291016,61.04999923706055,61.35499954223633,1186.0
2026-07-07 17:00:00+00:00,61.35499954223633,61.505001068115234,61.16999816894531,61.435001373291016,1934.0
2026-07-07 18:00:00+00:00,61.44499969482422,61.45500183105469,60.834999084472656,60.86000061035156,882.0
2026-07-07 19:00:00+00:00,60.8650016784668,60.900001525878906,59.849998474121094,60.685001373291016,2952.0
2026-07-07 20:00:00+00:00,60.65999984741211,60.76499938964844,60.31999969482422,60.404998779296875,874.0
2026-07-07 22:00:00+00:00,60.310001373291016,60.41999816894531,60.029998779296875,60.19499969482422,0.0
2026-07-07 23:00:00+00:00,60.20000076293945,60.400001525878906,60.0099983215332,60.095001220703125,582.0
2026-07-08 00:00:00+00:00,60.08000183105469,60.720001220703125,60.04999923706055,60.525001525878906,764.0
2026-07-08 01:00:00+00:00,60.525001525878906,60.720001220703125,60.02000045776367,60.41999816894531,1596.0
2026-07-08 02:00:00+00:00,60.439998626708984,60.564998626708984,60.310001373291016,60.404998779296875,482.0
2026-07-08 03:00:00+00:00,60.45000076293945,61.16999816894531,60.45000076293945,60.77000045776367,1173.0
2026-07-08 04:00:00+00:00,60.77000045776367,60.880001068115234,60.66999816894531,60.755001068115234,321.0
2026-07-08 05:00:00+00:00,60.75,61.39500045776367,60.70500183105469,61.27000045776367,1329.0
2026-07-08 06:00:00+00:00,61.28499984741211,61.45500183105469,60.970001220703125,61.095001220703125,1640.0
2026-07-08 07:00:00+00:00,61.084999084472656,61.224998474121094,60.849998474121094,61.04499816894531,1044.0
2026-07-08 08:00:00+00:00,61.05500030517578,61.099998474121094,58.58000183105469,58.810001373291016,5264.0
2026-07-08 09:00:00+00:00,58.79499816894531,59.17499923706055,58.619998931884766,58.685001373291016,2831.0
2026-07-08 10:00:00+00:00,58.70000076293945,59.17499923706055,58.689998626708984,58.79999923706055,1407.0
2026-07-08 11:00:00+00:00,58.80500030517578,59.44499969482422,58.42499923706055,59.1349983215332,3777.0
2026-07-08 12:00:00+00:00,59.1349983215332,59.375,58.70500183105469,58.95500183105469,3359.0
2026-07-08 13:00:00+00:00,58.95000076293945,59.3849983215332,58.685001373291016,58.814998626708984,3933.0
2026-07-08 14:00:00+00:00,58.81999969482422,58.869998931884766,58.005001068115234,58.209999084472656,4354.0
2026-07-08 15:00:00+00:00,58.220001220703125,58.314998626708984,57.60499954223633,57.790000915527344,3933.0
2026-07-08 16:00:00+00:00,57.79499816894531,58.40999984741211,57.7400016784668,58.310001373291016,3164.0
2026-07-08 17:00:00+00:00,58.310001373291016,58.89500045776367,58.185001373291016,58.540000915527344,2985.0
2026-07-08 18:00:00+00:00,58.53499984741211,59.064998626708984,58.5,58.939998626708984,1188.0
2026-07-08 19:00:00+00:00,58.939998626708984,59.10499954223633,58.724998474121094,58.810001373291016,986.0
2026-07-08 20:00:00+00:00,58.814998626708984,58.845001220703125,58.52000045776367,58.689998626708984,732.0
2026-07-08 22:00:00+00:00,58.8849983215332,58.88999938964844,58.69499969482422,58.790000915527344,0.0
2026-07-08 23:00:00+00:00,58.755001068115234,58.880001068115234,58.685001373291016,58.79499816894531,181.0
2026-07-09 00:00:00+00:00,58.83000183105469,58.974998474121094,58.630001068115234,58.68000030517578,472.0
2026-07-09 01:00:00+00:00,58.685001373291016,58.77000045776367,58.185001373291016,58.564998626708984,1516.0
2026-07-09 02:00:00+00:00,58.58000183105469,58.82500076293945,58.20500183105469,58.275001525878906,717.0
2026-07-09 03:00:00+00:00,58.22999954223633,58.310001373291016,57.95500183105469,58.2400016784668,811.0
2026-07-09 04:00:00+00:00,58.2599983215332,58.3849983215332,58.08000183105469,58.3650016784668,270.0
2026-07-09 05:00:00+00:00,58.36000061035156,58.89500045776367,58.26499938964844,58.81999969482422,1058.0
2026-07-09 06:00:00+00:00,58.814998626708984,59.459999084472656,58.810001373291016,59.40999984741211,1919.0
2026-07-09 07:00:00+00:00,59.41999816894531,59.68000030517578,59.345001220703125,59.61000061035156,1020.0
2026-07-09 08:00:00+00:00,59.619998931884766,59.85499954223633,59.51499938964844,59.584999084472656,1181.0
2026-07-09 09:00:00+00:00,59.58000183105469,59.6349983215332,59.45000076293945,59.56999969482422,444.0
2026-07-09 10:00:00+00:00,59.55500030517578,59.584999084472656,59.1150016784668,59.224998474121094,835.0
2026-07-09 11:00:00+00:00,59.2400016784668,59.51499938964844,59.17499923706055,59.415000915527344,955.0
2026-07-09 12:00:00+00:00,59.41999816894531,60.064998626708984,59.314998626708984,59.71500015258789,2557.0
2026-07-09 13:00:00+00:00,59.71500015258789,60.744998931884766,59.61000061035156,60.66999816894531,4449.0
2026-07-09 14:00:00+00:00,60.665000915527344,60.904998779296875,60.279998779296875,60.69499969482422,2852.0
2026-07-09 15:00:00+00:00,60.689998626708984,60.94499969482422,60.630001068115234,60.755001068115234,1494.0
2026-07-09 16:00:00+00:00,60.76499938964844,61.029998779296875,60.724998474121094,60.80500030517578,2169.0
2026-07-09 17:00:00+00:00,60.79999923706055,60.8849983215332,60.599998474121094,60.83000183105469,2121.0
2026-07-09 18:00:00+00:00,60.82500076293945,60.834999084472656,60.400001525878906,60.45000076293945,873.0
2026-07-09 19:00:00+00:00,60.45000076293945,60.470001220703125,60.28499984741211,60.33000183105469,716.0
2026-07-09 20:00:00+00:00,60.31999969482422,60.43000030517578,60.28499984741211,60.35499954223633,275.0
2026-07-09 22:00:00+00:00,60.415000915527344,60.44499969482422,60.31999969482422,60.334999084472656,0.0
2026-07-09 23:00:00+00:00,60.33000183105469,60.45500183105469,60.31999969482422,60.40999984741211,98.0
2026-07-10 00:00:00+00:00,60.459999084472656,60.70000076293945,60.150001525878906,60.595001220703125,580.0
2026-07-10 01:00:00+00:00,60.60499954223633,60.78499984741211,60.154998779296875,60.54499816894531,1357.0
2026-07-10 02:00:00+00:00,60.54999923706055,60.92499923706055,60.470001220703125,60.849998474121094,793.0
2026-07-10 03:00:00+00:00,60.845001220703125,61.19499969482422,60.7400016784668,60.775001525878906,710.0
2026-07-10 04:00:00+00:00,60.779998779296875,60.935001373291016,60.69499969482422,60.724998474121094,250.0
2026-07-10 05:00:00+00:00,60.76499938964844,60.775001525878906,60.310001373291016,60.61000061035156,871.0
2026-07-10 06:00:00+00:00,60.61000061035156,60.790000915527344,60.42499923706055,60.474998474121094,568.0
2026-07-10 07:00:00+00:00,60.46500015258789,60.61000061035156,60.18000030517578,60.31999969482422,806.0
2026-07-10 08:00:00+00:00,60.32500076293945,60.3650016784668,59.75,59.91999816894531,1343.0
2026-07-10 09:00:00+00:00,59.915000915527344,60.0099983215332,59.79499816894531,59.89500045776367,853.0
2026-07-10 10:00:00+00:00,59.900001525878906,60.11000061035156,59.654998779296875,59.685001373291016,727.0
2026-07-10 11:00:00+00:00,59.68000030517578,59.970001220703125,59.665000915527344,59.810001373291016,765.0
2026-07-10 12:00:00+00:00,59.81999969482422,60.26499938964844,59.75,60.0099983215332,1806.0
2026-07-10 13:00:00+00:00,60.02000045776367,60.29499816894531,59.72999954223633,60.11000061035156,2271.0
2026-07-10 14:00:00+00:00,60.119998931884766,60.45000076293945,59.244998931884766,59.834999084472656,3562.0
2026-07-10 15:00:00+00:00,59.845001220703125,60.415000915527344,59.810001373291016,60.380001068115234,1518.0
2026-07-10 16:00:00+00:00,60.380001068115234,60.439998626708984,60.1349983215332,60.13999938964844,1268.0
2026-07-10 17:00:00+00:00,60.1349983215332,60.21500015258789,59.939998626708984,59.95500183105469,1545.0
2026-07-10 18:00:00+00:00,59.970001220703125,60.125,59.939998626708984,59.9900016784668,609.0
2026-07-10 19:00:00+00:00,59.959999084472656,60.119998931884766,59.91999816894531,60.119998931884766,670.0
2026-07-10 20:00:00+00:00,60.11000061035156,60.42499923706055,60.095001220703125,60.165000915527344,412.0
2026-07-12 22:00:00+00:00,59.255001068115234,59.290000915527344,58.88999938964844,59.16999816894531,426.0
2026-07-12 23:00:00+00:00,59.060001373291016,59.375,59.025001525878906,59.334999084472656,611.0
2026-07-13 00:00:00+00:00,59.3650016784668,59.775001525878906,59.06999969482422,59.19499969482422,819.0
2026-07-13 01:00:00+00:00,59.20500183105469,59.529998779296875,58.83000183105469,58.92499923706055,1690.0
2026-07-13 02:00:00+00:00,58.900001525878906,59.0099983215332,58.654998779296875,58.790000915527344,1056.0
2026-07-13 03:00:00+00:00,58.790000915527344,58.79999923706055,58.400001525878906,58.560001373291016,796.0
2026-07-13 04:00:00+00:00,58.54499816894531,58.630001068115234,58.375,58.625,484.0
2026-07-13 05:00:00+00:00,58.599998474121094,58.90999984741211,58.31999969482422,58.380001068115234,1635.0
2026-07-13 06:00:00+00:00,58.435001373291016,58.57500076293945,58.07500076293945,58.33000183105469,1595.0
2026-07-13 07:00:00+00:00,58.33000183105469,58.89500045776367,58.220001220703125,58.869998931884766,869.0
2026-07-13 08:00:00+00:00,58.875,59.3650016784668,58.875,59.2400016784668,1131.0
2026-07-13 09:00:00+00:00,59.220001220703125,59.2599983215332,58.80500030517578,58.83000183105469,682.0
2026-07-13 10:00:00+00:00,58.83000183105469,58.939998626708984,58.64500045776367,58.790000915527344,591.0
2026-07-13 11:00:00+00:00,58.79999923706055,59.13999938964844,58.70500183105469,58.91999816894531,782.0
2026-07-13 12:00:00+00:00,58.915000915527344,59.07500076293945,58.61000061035156,59.05500030517578,1317.0
2026-07-13 13:00:00+00:00,59.060001373291016,59.084999084472656,58.40999984741211,58.55500030517578,2360.0
2026-07-13 14:00:00+00:00,58.540000915527344,58.6150016784668,57.82500076293945,58.47999954223633,5299.0
2026-07-13 15:00:00+00:00,58.48500061035156,58.55500030517578,58.275001525878906,58.345001220703125,1380.0
2026-07-13 16:00:00+00:00,58.345001220703125,58.42499923706055,57.7599983215332,57.94499969482422,2261.0
2026-07-13 17:00:00+00:00,57.959999084472656,58.11000061035156,57.595001220703125,57.64500045776367,3506.0
2026-07-13 18:00:00+00:00,57.650001525878906,58.04999923706055,57.6150016784668,57.93000030517578,1306.0
2026-07-13 19:00:00+00:00,57.94499969482422,58.04999923706055,57.73500061035156,58.02000045776367,1531.0
2026-07-13 20:00:00+00:00,58.025001525878906,58.10499954223633,57.83000183105469,57.97999954223633,0.0
2026-07-13 22:00:00+00:00,57.95000076293945,58.04999923706055,57.915000915527344,57.92499923706055,175.0
2026-07-13 23:00:00+00:00,57.935001373291016,57.935001373291016,57.709999084472656,57.91999816894531,242.0
2026-07-14 00:00:00+00:00,57.94499969482422,57.974998474121094,57.22999954223633,57.79999923706055,1309.0
2026-07-14 01:00:00+00:00,57.82500076293945,57.82500076293945,57.165000915527344,57.7400016784668,2017.0
2026-07-14 02:00:00+00:00,57.72999954223633,58.09000015258789,57.630001068115234,57.900001525878906,829.0
2026-07-14 03:00:00+00:00,57.90999984741211,58.02000045776367,57.63999938964844,57.97999954223633,487.0
2026-07-14 04:00:00+00:00,58.04999923706055,58.21500015258789,57.845001220703125,58.14500045776367,410.0
2026-07-14 05:00:00+00:00,58.14500045776367,58.744998931884766,58.1349983215332,58.58000183105469,1555.0
2026-07-14 06:00:00+00:00,58.54499816894531,58.60499954223633,58.345001220703125,58.494998931884766,1118.0
2026-07-14 07:00:00+00:00,58.4900016784668,58.56999969482422,58.25,58.30500030517578,731.0
2026-07-14 08:00:00+00:00,58.30500030517578,58.470001220703125,58.150001525878906,58.290000915527344,478.0
2026-07-14 09:00:00+00:00,58.26499938964844,58.5,58.26499938964844,58.42499923706055,319.0
2026-07-14 10:00:00+00:00,58.42499923706055,58.43000030517578,58.165000915527344,58.16999816894531,408.0
2026-07-14 11:00:00+00:00,58.165000915527344,58.439998626708984,58.05500030517578,58.38999938964844,767.0
2026-07-14 12:00:00+00:00,58.39500045776367,60.029998779296875,58.125,59.345001220703125,6864.0
2026-07-14 13:00:00+00:00,59.35499954223633,59.90999984741211,59.20500183105469,59.45000076293945,5199.0
2026-07-14 14:00:00+00:00,59.45000076293945,59.79999923706055,59.220001220703125,59.654998779296875,2931.0
2026-07-14 15:00:00+00:00,59.665000915527344,60.040000915527344,59.095001220703125,59.15999984741211,3436.0
2026-07-14 16:00:00+00:00,59.150001525878906,59.25,58.974998474121094,59.09000015258789,1751.0
2026-07-14 17:00:00+00:00,59.095001220703125,59.18000030517578,58.93000030517578,59.154998779296875,2131.0
2026-07-14 18:00:00+00:00,59.13999938964844,59.20000076293945,58.810001373291016,58.970001220703125,1005.0
2026-07-14 19:00:00+00:00,58.970001220703125,59.18000030517578,58.935001373291016,59.154998779296875,693.0
2026-07-14 20:00:00+00:00,59.15999984741211,59.165000915527344,58.974998474121094,59.040000915527344,252.0
2026-07-14 22:00:00+00:00,59.04499816894531,59.099998474121094,58.974998474121094,59.0,0.0
2026-07-14 23:00:00+00:00,58.994998931884766,59.185001373291016,58.959999084472656,59.11000061035156,165.0
2026-07-15 00:00:00+00:00,59.14500045776367,59.349998474121094,59.060001373291016,59.27000045776367,354.0
2026-07-15 01:00:00+00:00,59.28499984741211,59.404998779296875,58.720001220703125,58.75,1008.0
2026-07-15 02:00:00+00:00,58.744998931884766,59.029998779296875,58.58000183105469,58.869998931884766,984.0
2026-07-15 03:00:00+00:00,58.869998931884766,58.915000915527344,58.53499984741211,58.7400016784668,464.0
2026-07-15 04:00:00+00:00,58.755001068115234,58.84000015258789,58.665000915527344,58.78499984741211,251.0
2026-07-15 05:00:00+00:00,58.814998626708984,58.89500045776367,58.45000076293945,58.880001068115234,646.0
2026-07-15 06:00:00+00:00,58.85499954223633,58.8849983215332,58.349998474121094,58.65999984741211,1354.0
2026-07-15 07:00:00+00:00,58.68000030517578,58.8650016784668,58.30500030517578,58.47999954223633,1035.0
2026-07-15 08:00:00+00:00,58.47999954223633,58.724998474121094,58.3849983215332,58.685001373291016,596.0
2026-07-15 09:00:00+00:00,58.67499923706055,58.779998779296875,58.55500030517578,58.599998474121094,359.0
2026-07-15 10:00:00+00:00,58.58000183105469,58.6150016784668,58.2400016784668,58.314998626708984,631.0
2026-07-15 11:00:00+00:00,58.310001373291016,58.540000915527344,58.150001525878906,58.4900016784668,992.0
2026-07-15 12:00:00+00:00,58.494998931884766,59.07500076293945,58.119998931884766,58.97999954223633,2913.0
2026-07-15 13:00:00+00:00,58.9900016784668,59.19499969482422,58.47999954223633,58.65999984741211,3193.0
2026-07-15 14:00:00+00:00,58.685001373291016,58.775001525878906,58.28499984741211,58.43000030517578,1592.0
2026-07-15 15:00:00+00:00,58.435001373291016,58.52000045776367,57.76499938964844,57.95500183105469,2591.0
2026-07-15 16:00:00+00:00,57.974998474121094,58.005001068115234,56.91999816894531,57.20000076293945,6464.0
2026-07-15 17:00:00+00:00,57.20000076293945,58.060001373291016,57.165000915527344,57.97999954223633,3544.0
2026-07-15 18:00:00+00:00,57.97999954223633,58.744998931884766,57.96500015258789,58.220001220703125,2908.0
2026-07-15 19:00:00+00:00,58.220001220703125,58.380001068115234,57.935001373291016,58.07500076293945,1144.0
2026-07-15 20:00:00+00:00,58.08000183105469,58.18000030517578,58.029998779296875,58.099998474121094,400.0
2026-07-15 22:00:00+00:00,58.119998931884766,58.22999954223633,58.064998626708984,58.084999084472656,0.0
2026-07-15 23:00:00+00:00,58.099998474121094,58.17499923706055,58.064998626708984,58.095001220703125,439.0
2026-07-16 00:00:00+00:00,58.095001220703125,58.150001525878906,57.75,57.779998779296875,527.0
2026-07-16 01:00:00+00:00,57.779998779296875,57.91999816894531,57.189998626708984,57.40999984741211,1990.0
2026-07-16 02:00:00+00:00,57.415000915527344,57.47999954223633,57.15999984741211,57.44499969482422,656.0
2026-07-16 03:00:00+00:00,57.435001373291016,57.540000915527344,57.22999954223633,57.52000045776367,466.0
2026-07-16 04:00:00+00:00,57.52000045776367,57.525001525878906,57.32500076293945,57.38999938964844,210.0
2026-07-16 05:00:00+00:00,57.369998931884766,57.59000015258789,57.220001220703125,57.459999084472656,674.0
2026-07-16 06:00:00+00:00,57.4900016784668,57.77000045776367,57.130001068115234,57.470001220703125,1227.0
2026-07-16 07:00:00+00:00,57.45500183105469,57.5,57.0,57.16999816894531,1727.0
2026-07-16 08:00:00+00:00,57.150001525878906,57.345001220703125,56.849998474121094,57.345001220703125,1216.0
2026-07-16 09:00:00+00:00,57.36000061035156,57.40999984741211,57.18000030517578,57.22999954223633,632.0
2026-07-16 10:00:00+00:00,57.209999084472656,57.209999084472656,56.79499816894531,56.834999084472656,771.0
2026-07-16 11:00:00+00:00,56.849998474121094,57.095001220703125,56.685001373291016,57.025001525878906,2951.0
2026-07-16 12:00:00+00:00,57.040000915527344,57.11000061035156,56.005001068115234,56.10499954223633,5094.0
2026-07-16 13:00:00+00:00,56.095001220703125,56.709999084472656,55.654998779296875,55.98500061035156,7146.0
2026-07-16 14:00:00+00:00,55.98500061035156,56.58000183105469,55.91999816894531,56.38999938964844,3001.0
2026-07-16 15:00:00+00:00,56.415000915527344,56.814998626708984,56.244998931884766,56.584999084472656,2203.0
2026-07-16 16:00:00+00:00,56.595001220703125,56.595001220703125,56.08000183105469,56.334999084472656,1921.0
2026-07-16 17:00:00+00:00,56.349998474121094,56.39500045776367,55.875,55.98500061035156,2978.0
2026-07-16 18:00:00+00:00,55.97999954223633,56.14500045776367,55.595001220703125,55.80500030517578,2833.0
2026-07-16 19:00:00+00:00,55.82500076293945,55.9900016784668,55.6349983215332,55.98500061035156,1237.0
2026-07-16 20:00:00+00:00,55.9900016784668,55.9900016784668,55.65999984741211,55.76499938964844,434.0
2026-07-16 22:00:00+00:00,55.834999084472656,55.974998474121094,55.709999084472656,55.79499816894531,0.0
2026-07-16 23:00:00+00:00,55.755001068115234,55.84000015258789,55.650001525878906,55.83000183105469,225.0
2026-07-17 00:00:00+00:00,55.849998474121094,56.029998779296875,55.564998626708984,56.005001068115234,607.0
2026-07-17 01:00:00+00:00,55.98500061035156,56.025001525878906,55.28499984741211,55.46500015258789,1692.0
2026-07-17 02:00:00+00:00,55.459999084472656,55.560001373291016,55.0,55.150001525878906,1756.0
2026-07-17 03:00:00+00:00,55.16999816894531,56.0,55.15999984741211,55.630001068115234,1626.0
2026-07-17 04:00:00+00:00,55.64500045776367,55.654998779296875,55.32500076293945,55.44499969482422,349.0
2026-07-17 05:00:00+00:00,55.435001373291016,55.79499816894531,55.15999984741211,55.689998626708984,1140.0
2026-07-17 06:00:00+00:00,55.720001220703125,56.26499938964844,55.68000030517578,55.755001068115234,2401.0
2026-07-17 07:00:00+00:00,55.755001068115234,55.845001220703125,55.625,55.67499923706055,630.0
2026-07-17 08:00:00+00:00,55.68000030517578,55.89500045776367,55.435001373291016,55.70500183105469,1101.0
2026-07-17 09:00:00+00:00,55.70000076293945,55.970001220703125,55.689998626708984,55.779998779296875,616.0
2026-07-17 10:00:00+00:00,55.810001373291016,55.810001373291016,55.5,55.505001068115234,552.0
2026-07-17 11:00:00+00:00,55.505001068115234,55.79999923706055,55.47999954223633,55.63999938964844,712.0
2026-07-17 12:00:00+00:00,55.665000915527344,55.69499969482422,55.209999084472656,55.29499816894531,1746.0
2026-07-17 13:00:00+00:00,55.30500030517578,56.06999969482422,55.099998474121094,56.040000915527344,4576.0
2026-07-17 14:00:00+00:00,56.04999923706055,56.25,55.779998779296875,55.95000076293945,2874.0
2026-07-17 15:00:00+00:00,55.95500183105469,56.474998474121094,55.8849983215332,56.349998474121094,3085.0
2026-07-17 16:00:00+00:00,56.36000061035156,56.36000061035156,56.14500045776367,56.255001068115234,1628.0
2026-07-17 17:00:00+00:00,56.27000045776367,56.45000076293945,56.1349983215332,56.185001373291016,1144.0
2026-07-17 18:00:00+00:00,56.189998626708984,56.459999084472656,56.1349983215332,56.3849983215332,1094.0
2026-07-17 19:00:00+00:00,56.369998931884766,56.459999084472656,56.11000061035156,56.415000915527344,977.0
2026-07-17 20:00:00+00:00,56.404998779296875,56.404998779296875,56.125,56.32600021362305,0.0
2026-07-19 22:00:00+00:00,55.92499923706055,56.14500045776367,55.7599983215332,55.96500015258789,416.0
2026-07-19 23:00:00+00:00,55.95000076293945,56.150001525878906,55.915000915527344,56.150001525878906,218.0
2026-07-20 00:00:00+00:00,56.16999816894531,56.939998626708984,55.869998931884766,56.84000015258789,1512.0
2026-07-20 01:00:00+00:00,56.8650016784668,57.125,56.61000061035156,56.904998779296875,1992.0
2026-07-20 02:00:00+00:00,56.91999816894531,57.599998474121094,56.8650016784668,57.46500015258789,1426.0
2026-07-20 03:00:00+00:00,57.46500015258789,57.6349983215332,57.27000045776367,57.29499816894531,562.0
2026-07-20 04:00:00+00:00,57.30500030517578,57.33000183105469,57.1349983215332,57.154998779296875,459.0
2026-07-20 05:00:00+00:00,57.17499923706055,57.209999084472656,56.724998474121094,56.7599983215332,935.0
2026-07-20 06:00:00+00:00,56.775001525878906,56.959999084472656,56.650001525878906,56.689998626708984,814.0
2026-07-20 07:00:00+00:00,56.70000076293945,57.28499984741211,56.6349983215332,57.2599983215332,1009.0
2026-07-20 08:00:00+00:00,57.290000915527344,57.47999954223633,57.064998626708984,57.09000015258789,650.0
2026-07-20 09:00:00+00:00,57.084999084472656,57.35499954223633,56.970001220703125,57.22999954223633,764.0
2026-07-20 10:00:00+00:00,57.25,57.255001068115234,57.07500076293945,57.09000015258789,500.0
2026-07-20 11:00:00+00:00,57.099998474121094,57.755001068115234,57.06999969482422,57.349998474121094,2145.0
2026-07-20 12:00:00+00:00,57.349998474121094,57.349998474121094,56.88999938964844,57.01499938964844,2453.0
2026-07-20 13:00:00+00:00,57.025001525878906,57.34000015258789,56.92499923706055,57.029998779296875,2620.0
2026-07-20 14:00:00+00:00,57.029998779296875,57.29499816894531,56.650001525878906,57.0099983215332,2247.0
2026-07-20 15:00:00+00:00,57.029998779296875,57.45000076293945,56.95000076293945,57.20500183105469,1774.0
2026-07-20 16:00:00+00:00,57.20000076293945,57.44499969482422,56.84000015258789,57.07500076293945,2112.0
2026-07-20 17:00:00+00:00,57.084999084472656,57.23500061035156,56.900001525878906,57.01499938964844,1431.0
2026-07-20 18:00:00+00:00,57.025001525878906,57.119998931884766,56.75,56.84000015258789,842.0
2026-07-20 19:00:00+00:00,56.84000015258789,57.04999923706055,56.630001068115234,56.665000915527344,1011.0
2026-07-20 20:00:00+00:00,56.68000030517578,56.744998931884766,56.6150016784668,56.665000915527344,0.0
2026-07-20 22:00:00+00:00,56.70500183105469,56.75,56.380001068115234,56.439998626708984,603.0
2026-07-20 23:00:00+00:00,56.45000076293945,56.650001525878906,56.3849983215332,56.650001525878906,319.0
2026-07-21 00:00:00+00:00,56.619998931884766,57.224998474121094,56.474998474121094,57.165000915527344,644.0
2026-07-21 01:00:00+00:00,57.20500183105469,57.494998931884766,57.09000015258789,57.20000076293945,1354.0
2026-07-21 02:00:00+00:00,57.21500015258789,58.14500045776367,57.09000015258789,57.8650016784668,1872.0
2026-07-21 03:00:00+00:00,57.8849983215332,58.14500045776367,57.849998474121094,58.10499954223633,857.0
2026-07-21 04:00:00+00:00,58.125,58.20000076293945,58.02000045776367,58.16999816894531,560.0
2026-07-21 05:00:00+00:00,58.17499923706055,58.5,58.1150016784668,58.375,1737.0
2026-07-21 06:00:00+00:00,58.369998931884766,59.25,58.369998931884766,59.16999816894531,3678.0
2026-07-21 07:00:00+00:00,59.15999984741211,59.43000030517578,59.09000015258789,59.43000030517578,1333.0
2026-07-21 08:00:00+00:00,59.41999816894531,59.48500061035156,59.189998626708984,59.26499938964844,1368.0
2026-07-21 09:00:00+00:00,59.275001525878906,59.54999923706055,59.275001525878906,59.35499954223633,1102.0
2026-07-21 10:00:00+00:00,59.36000061035156,59.470001220703125,59.18000030517578,59.20500183105469,1157.0
2026-07-21 11:00:00+00:00,59.20000076293945,59.2599983215332,59.0,59.150001525878906,1485.0
2026-07-21 12:00:00+00:00,59.15999984741211,59.529998779296875,59.125,59.209999084472656,2216.0
2026-07-21 13:00:00+00:00,59.209999084472656,59.369998931884766,58.55500030517578,58.724998474121094,4248.0
2026-07-21 14:00:00+00:00,58.72999954223633,59.44499969482422,58.72999954223633,59.25,3432.0
2026-07-21 15:00:00+00:00,59.2400016784668,59.52000045776367,59.1349983215332,59.2599983215332,2453.0
2026-07-21 16:00:00+00:00,59.244998931884766,59.40999984741211,59.095001220703125,59.14500045776367,1361.0
2026-07-21 17:00:00+00:00,59.130001068115234,59.20000076293945,58.98500061035156,59.04499816894531,1994.0
2026-07-21 18:00:00+00:00,59.04499816894531,59.33000183105469,59.025001525878906,59.154998779296875,838.0
2026-07-21 19:00:00+00:00,59.185001373291016,59.22999954223633,59.005001068115234,59.025001525878906,647.0
2026-07-21 20:00:00+00:00,59.04499816894531,59.189998626708984,58.96500015258789,59.06999969482422,751.0
2026-07-21 22:00:00+00:00,59.09000015258789,59.22999954223633,59.05500030517578,59.060001373291016,0.0
2026-07-21 23:00:00+00:00,59.060001373291016,59.17499923706055,59.025001525878906,59.15999984741211,115.0
2026-07-22 00:00:00+00:00,59.165000915527344,59.51499938964844,59.084999084472656,59.4900016784668,1149.0
2026-07-22 01:00:00+00:00,59.505001068115234,60.26499938964844,59.470001220703125,60.22999954223633,2477.0
2026-07-22 02:00:00+00:00,60.2599983215332,60.29999923706055,59.82500076293945,59.900001525878906,827.0
2026-07-22 03:00:00+00:00,59.91999816894531,60.275001525878906,59.88999938964844,60.06999969482422,885.0
2026-07-22 04:00:00+00:00,60.09000015258789,60.10499954223633,59.86000061035156,59.94499969482422,314.0
2026-07-22 05:00:00+00:00,59.95500183105469,60.060001373291016,59.724998474121094,59.959999084472656,806.0
2026-07-22 06:00:00+00:00,59.97999954223633,60.09000015258789,59.5,59.595001220703125,1573.0
2026-07-22 07:00:00+00:00,59.58000183105469,59.80500030517578,59.3849983215332,59.415000915527344,1124.0
2026-07-22 08:00:00+00:00,59.470001220703125,59.834999084472656,59.459999084472656,59.814998626708984,616.0
2026-07-22 09:00:00+00:00,59.79499816894531,59.95000076293945,59.650001525878906,59.685001373291016,833.0
2026-07-22 10:00:00+00:00,59.68000030517578,59.82500076293945,59.6150016784668,59.63999938964844,342.0
2026-07-22 11:00:00+00:00,59.654998779296875,59.744998931884766,59.40999984741211,59.665000915527344,768.0
2026-07-22 12:00:00+00:00,59.654998779296875,59.875,59.19499969482422,59.345001220703125,1965.0
2026-07-22 13:00:00+00:00,59.35499954223633,60.89500045776367,59.30500030517578,60.81999969482422,4154.0
2026-07-22 14:00:00+00:00,60.845001220703125,61.27000045776367,60.43000030517578,60.56999969482422,5019.0
2026-07-22 15:00:00+00:00,60.54999923706055,60.7599983215332,60.48500061035156,60.595001220703125,2016.0
2026-07-22 16:00:00+00:00,60.57500076293945,60.6150016784668,60.224998474121094,60.380001068115234,2820.0
2026-07-22 17:00:00+00:00,60.3849983215332,60.39500045776367,60.09000015258789,60.290000915527344,2341.0
2026-07-22 18:00:00+00:00,60.29999923706055,60.310001373291016,60.1150016784668,60.23500061035156,985.0
2026-07-22 19:00:00+00:00,60.20500183105469,60.27000045776367,59.8650016784668,59.959999084472656,1442.0
2026-07-22 20:00:00+00:00,59.970001220703125,60.23500061035156,59.90999984741211,60.03499984741211,580.0
2026-07-22 22:00:00+00:00,60.0099983215332,60.09000015258789,59.04999923706055,59.68000030517578,0.0
2026-07-22 23:00:00+00:00,59.66999816894531,60.040000915527344,59.630001068115234,60.029998779296875,304.0
2026-07-23 00:00:00+00:00,60.040000915527344,60.20500183105469,59.93000030517578,60.165000915527344,463.0
2026-07-23 01:00:00+00:00,60.165000915527344,60.36000061035156,59.71500015258789,59.82500076293945,1300.0
2026-07-23 02:00:00+00:00,59.79499816894531,60.16999816894531,59.724998474121094,60.154998779296875,623.0
2026-07-23 03:00:00+00:00,60.150001525878906,60.20000076293945,59.974998474121094,60.04499816894531,373.0
2026-07-23 04:00:00+00:00,60.040000915527344,60.20500183105469,59.880001068115234,59.935001373291016,257.0
2026-07-23 05:00:00+00:00,59.91999816894531,60.16999816894531,59.84000015258789,59.91999816894531,565.0
2026-07-23 06:00:00+00:00,59.915000915527344,60.005001068115234,59.69499969482422,59.724998474121094,1125.0
2026-07-23 07:00:00+00:00,59.73500061035156,59.7400016784668,58.90999984741211,59.220001220703125,2041.0
2026-07-23 08:00:00+00:00,59.23500061035156,59.29999923706055,58.974998474121094,59.14500045776367,792.0
2026-07-23 09:00:00+00:00,59.14500045776367,59.30500030517578,59.0099983215332,59.02000045776367,384.0
2026-07-23 10:00:00+00:00,59.029998779296875,59.13999938964844,58.869998931884766,59.04499816894531,590.0
2026-07-23 11:00:00+00:00,59.04999923706055,59.06999969482422,58.20000076293945,58.814998626708984,2917.0
2026-07-23 12:00:00+00:00,58.81999969482422,58.83000183105469,57.91999816894531,57.93000030517578,3108.0
2026-07-23 13:00:00+00:00,57.915000915527344,58.314998626708984,57.31999969482422,57.8849983215332,8234.0
2026-07-23 14:00:00+00:00,57.93000030517578,58.27000045776367,57.84000015258789,58.064998626708984,2295.0
2026-07-23 15:00:00+00:00,58.04499816894531,58.095001220703125,57.560001373291016,57.875,2347.0
2026-07-23 16:00:00+00:00,57.869998931884766,58.1150016784668,57.8650016784668,58.10499954223633,1360.0
2026-07-23 17:00:00+00:00,58.11000061035156,58.209999084472656,57.7599983215332,57.78499984741211,2585.0
2026-07-23 18:00:00+00:00,57.779998779296875,57.86000061035156,57.67499923706055,57.845001220703125,768.0
2026-07-23 19:00:00+00:00,57.88999938964844,57.96500015258789,57.720001220703125,57.845001220703125,693.0
2026-07-23 20:00:00+00:00,57.85499954223633,57.935001373291016,57.814998626708984,57.89500045776367,387.0
2026-07-23 22:00:00+00:00,57.91999816894531,57.97999954223633,57.834999084472656,57.915000915527344,0.0
2026-07-23 23:00:00+00:00,57.915000915527344,57.92499923706055,57.81999969482422,57.81999969482422,105.0
2026-07-24 00:00:00+00:00,57.849998474121094,58.1349983215332,57.630001068115234,58.099998474121094,504.0
2026-07-24 01:00:00+00:00,58.125,58.165000915527344,57.6349983215332,57.915000915527344,1254.0
2026-07-24 02:00:00+00:00,57.915000915527344,58.040000915527344,57.36000061035156,57.45500183105469,1039.0
2026-07-24 03:00:00+00:00,57.459999084472656,57.67499923706055,57.3650016784668,57.54999923706055,554.0
2026-07-24 04:00:00+00:00,57.5,57.69499969482422,57.45500183105469,57.584999084472656,271.0
2026-07-24 05:00:00+00:00,57.595001220703125,57.880001068115234,57.53499984741211,57.599998474121094,576.0
2026-07-24 06:00:00+00:00,57.625,58.084999084472656,57.55500030517578,57.994998931884766,828.0
2026-07-24 07:00:00+00:00,57.98500061035156,58.720001220703125,57.959999084472656,58.470001220703125,1660.0
2026-07-24 08:00:00+00:00,58.474998474121094,58.60499954223633,58.334999084472656,58.595001220703125,573.0
2026-07-24 09:00:00+00:00,58.57500076293945,58.744998931884766,58.529998779296875,58.71500015258789,624.0
2026-07-24 10:00:00+00:00,58.720001220703125,58.92499923706055,58.650001525878906,58.66999816894531,832.0
2026-07-24 11:00:00+00:00,58.67499923706055,58.834999084472656,58.5,58.73500061035156,1253.0
2026-07-24 12:00:00+00:00,58.76499938964844,58.95000076293945,58.55500030517578,58.689998626708984,1833.0
2026-07-24 13:00:00+00:00,58.70000076293945,58.79999923706055,58.125,58.63999938964844,3191.0
2026-07-24 14:00:00+00:00,58.654998779296875,58.97999954223633,58.439998626708984,58.779998779296875,2452.0
2026-07-24 15:00:00+00:00,58.779998779296875,59.290000915527344,58.654998779296875,59.17499923706055,2748.0
2026-07-24 16:00:00+00:00,59.18000030517578,59.220001220703125,58.834999084472656,58.915000915527344,1668.0
2026-07-24 17:00:00+00:00,58.90999984741211,59.060001373291016,58.76499938964844,58.83000183105469,1746.0
2026-07-24 18:00:00+00:00,58.86000061035156,58.88999938964844,58.47999954223633,58.57500076293945,1173.0
2026-07-24 19:00:00+00:00,58.595001220703125,58.6150016784668,58.349998474121094,58.4900016784668,778.0
2026-07-24 20:00:00+00:00,58.48500061035156,58.90599822998047,58.39500045776367,58.90599822998047,268.0
2026-07-26 22:00:00+00:00,59.810001373291016,60.18000030517578,59.724998474121094,59.970001220703125,1182.0
2026-07-26 23:00:00+00:00,60.025001525878906,60.040000915527344,59.59000015258789,59.959999084472656,622.0
2026-07-27 00:00:00+00:00,59.970001220703125,60.39500045776367,59.80500030517578,59.880001068115234,1629.0
2026-07-27 01:00:00+00:00,59.875,60.10499954223633,59.7599983215332,60.10499954223633,919.0
2026-07-27 02:00:00+00:00,60.11000061035156,60.11000061035156,59.60499954223633,59.6349983215332,557.0
2026-07-27 03:00:00+00:00,59.60499954223633,59.72999954223633,59.55500030517578,59.595001220703125,494.0
2026-07-27 04:00:00+00:00,59.599998474121094,59.619998931884766,59.43000030517578,59.59000015258789,437.0
2026-07-27 05:00:00+00:00,59.58000183105469,59.720001220703125,59.400001525878906,59.720001220703125,774.0
2026-07-27 06:00:00+00:00,59.709999084472656,59.875,59.63999938964844,59.724998474121094,867.0
2026-07-27 07:00:00+00:00,59.724998474121094,60.10499954223633,59.48500061035156,59.48500061035156,1080.0
2026-07-27 08:00:00+00:00,59.48500061035156,59.72999954223633,59.35499954223633,59.69499969482422,659.0
2026-07-27 09:00:00+00:00,59.665000915527344,59.7400016784668,59.435001373291016,59.560001373291016,537.0
2026-07-27 10:00:00+00:00,59.564998626708984,59.65999984741211,59.314998626708984,59.540000915527344,537.0
2026-07-27 11:00:00+00:00,59.55500030517578,59.58000183105469,59.30500030517578,59.345001220703125,1254.0
2026-07-27 12:00:00+00:00,59.3650016784668,59.44499969482422,58.95000076293945,59.220001220703125,1734.0
2026-07-27 13:00:00+00:00,59.224998474121094,59.36000061035156,58.720001220703125,58.82500076293945,3233.0
2026-07-27 14:00:00+00:00,58.83000183105469,59.0099983215332,58.56999969482422,58.96500015258789,2982.0
2026-07-27 15:00:00+00:00,58.96500015258789,59.02000045776367,58.78499984741211,58.90999984741211,1470.0
2026-07-27 16:00:00+00:00,58.90999984741211,59.27000045776367,58.869998931884766,58.935001373291016,1830.0
2026-07-27 17:00:00+00:00,58.935001373291016,58.939998626708984,58.65999984741211,58.77000045776367,2215.0
2026-07-27 18:00:00+00:00,58.79499816894531,58.79999923706055,58.43000030517578,58.63999938964844,1529.0
2026-07-27 19:00:00+00:00,58.650001525878906,58.935001373291016,58.584999084472656,58.81999969482422,916.0
2026-07-27 20:00:00+00:00,58.810001373291016,58.834999084472656,58.665000915527344,58.69499969482422,505.0
2026-07-27 22:00:00+00:00,58.744998931884766,58.82500076293945,58.61000061035156,58.650001525878906,0.0
2026-07-27 23:00:00+00:00,58.630001068115234,58.71500015258789,58.56999969482422,58.650001525878906,106.0
2026-07-28 00:00:00+00:00,58.650001525878906,58.66999816894531,57.974998474121094,58.02000045776367,975.0
2026-07-28 01:00:00+00:00,58.0099983215332,58.084999084472656,57.26499938964844,57.4900016784668,2391.0
2026-07-28 02:00:00+00:00,57.494998931884766,57.68000030517578,57.345001220703125,57.459999084472656,780.0
2026-07-28 03:00:00+00:00,57.474998474121094,57.724998474121094,57.290000915527344,57.58000183105469,959.0
2026-07-28 04:00:00+00:00,57.59000015258789,57.61000061035156,57.3849983215332,57.400001525878906,473.0
2026-07-28 05:00:00+00:00,57.39500045776367,57.40999984741211,56.900001525878906,57.32500076293945,1730.0
2026-07-28 06:00:00+00:00,57.31999969482422,57.790000915527344,57.31999969482422,57.63999938964844,1297.0
2026-07-28 07:00:00+00:00,57.64500045776367,57.779998779296875,57.540000915527344,57.70000076293945,788.0
2026-07-28 08:00:00+00:00,57.69499969482422,57.900001525878906,57.59000015258789,57.77000045776367,668.0
2026-07-28 09:00:00+00:00,57.775001525878906,57.81999969482422,57.36000061035156,57.400001525878906,820.0
2026-07-28 10:00:00+00:00,57.380001068115234,57.525001525878906,57.220001220703125,57.3849983215332,1041.0
2026-07-28 11:00:00+00:00,57.39500045776367,57.630001068115234,57.30500030517578,57.54999923706055,1091.0
2026-07-28 12:00:00+00:00,57.57500076293945,57.744998931884766,57.39500045776367,57.53499984741211,1727.0
2026-07-28 13:00:00+00:00,57.540000915527344,57.650001525878906,56.935001373291016,57.08000183105469,3451.0
2026-07-28 14:00:00+00:00,57.05500030517578,57.525001525878906,56.8650016784668,57.244998931884766,4121.0
2026-07-28 15:00:00+00:00,57.25,57.665000915527344,57.150001525878906,57.65999984741211,2869.0
2026-07-28 16:00:00+00:00,57.665000915527344,57.779998779296875,57.494998931884766,57.560001373291016,1961.0
2026-07-28 17:00:00+00:00,57.55500030517578,57.70500183105469,57.25,57.349998474121094,3079.0
2026-07-28 18:00:00+00:00,57.345001220703125,57.41999816894531,57.279998779296875,57.34000015258789,616.0
2026-07-28 19:00:00+00:00,57.34000015258789,57.529998779296875,57.334999084472656,57.404998779296875,495.0
2026-07-28 20:00:00+00:00,57.400001525878906,57.400001525878906,57.279998779296875,57.334999084472656,315.0
2026-07-28 22:00:00+00:00,57.3849983215332,57.43000030517578,57.09000015258789,57.189998626708984,0.0
2026-07-28 23:00:00+00:00,57.14500045776367,57.474998474121094,57.095001220703125,57.45500183105469,430.0
2026-07-29 00:00:00+00:00,57.47999954223633,57.6349983215332,57.31999969482422,57.3849983215332,328.0
2026-07-29 01:00:00+00:00,57.375,57.900001525878906,57.165000915527344,57.70000076293945,869.0
2026-07-29 02:00:00+00:00,57.73500061035156,58.220001220703125,57.595001220703125,57.869998931884766,791.0
2026-07-29 03:00:00+00:00,57.8849983215332,57.93000030517578,57.57500076293945,57.584999084472656,474.0
2026-07-29 04:00:00+00:00,57.560001373291016,57.724998474121094,57.53499984741211,57.689998626708984,211.0
2026-07-29 05:00:00+00:00,57.709999084472656,58.2599983215332,57.69499969482422,57.9900016784668,672.0
2026-07-29 06:00:00+00:00,57.97999954223633,58.3650016784668,57.974998474121094,58.36000061035156,1087.0
2026-07-29 07:00:00+00:00,58.36000061035156,58.459999084472656,58.290000915527344,58.32500076293945,854.0
2026-07-29 08:00:00+00:00,58.31999969482422,58.334999084472656,57.97999954223633,58.125,533.0
2026-07-29 09:00:00+00:00,58.125,58.14500045776367,57.91999816894531,57.95500183105469,364.0
2026-07-29 10:00:00+00:00,57.959999084472656,57.970001220703125,57.599998474121094,57.630001068115234,870.0
2026-07-29 11:00:00+00:00,57.630001068115234,57.98500061035156,57.57500076293945,57.849998474121094,1076.0
2026-07-29 12:00:00+00:00,57.900001525878906,57.94499969482422,57.06999969482422,57.494998931884766,2364.0
2026-07-29 13:00:00+00:00,57.52000045776367,57.724998474121094,57.04999923706055,57.185001373291016,3087.0
2026-07-29 14:00:00+00:00,57.20000076293945,57.459999084472656,56.92499923706055,57.20500183105469,3267.0
2026-07-29 15:00:00+00:00,57.209999084472656,57.314998626708984,57.06999969482422,57.220001220703125,2176.0
2026-07-29 16:00:00+00:00,57.224998474121094,58.2400016784668,57.03499984741211,57.94499969482422,3468.0
2026-07-29 17:00:00+00:00,57.935001373291016,58.35499954223633,57.869998931884766,58.154998779296875,4410.0
2026-07-29 18:00:00+00:00,58.150001525878906,59.38999938964844,58.099998474121094,59.31999969482422,7149.0
2026-07-29 19:00:00+00:00,59.32500076293945,59.540000915527344,57.5,57.525001525878906,4046.0
2026-07-29 20:00:00+00:00,57.53499984741211,57.93000030517578,57.279998779296875,57.900001525878906,1334.0
2026-07-29 22:00:00+00:00,57.974998474121094,58.55500030517578,57.79999923706055,58.5099983215332,0.0
2026-07-29 23:00:00+00:00,58.54499816894531,58.7599983215332,58.439998626708984,58.439998626708984,326.0
2026-07-30 00:00:00+00:00,58.43000030517578,58.494998931884766,57.96500015258789,58.165000915527344,1052.0
2026-07-30 01:00:00+00:00,58.185001373291016,58.88999938964844,58.1349983215332,58.619998931884766,1708.0
2026-07-30 02:00:00+00:00,58.70500183105469,58.76499938964844,57.91999816894531,57.95500183105469,892.0
2026-07-30 03:00:00+00:00,57.935001373291016,58.14500045776367,57.56999969482422,57.72999954223633,704.0
2026-07-30 04:00:00+00:00,57.77000045776367,57.790000915527344,57.31999969482422,57.40999984741211,447.0
2026-07-30 05:00:00+00:00,57.400001525878906,57.71500015258789,57.15999984741211,57.275001525878906,1230.0
2026-07-30 06:00:00+00:00,57.290000915527344,57.54499816894531,57.25,57.3849983215332,943.0
2026-07-30 07:00:00+00:00,57.3849983215332,57.76499938964844,57.14500045776367,57.16999816894531,675.0
2026-07-30 08:00:00+00:00,57.154998779296875,58.08000183105469,57.119998931884766,57.83000183105469,1078.0
2026-07-30 09:00:00+00:00,57.845001220703125,58.20500183105469,57.84000015258789,57.97999954223633,721.0
2026-07-30 10:00:00+00:00,57.96500015258789,58.494998931884766,57.935001373291016,58.28499984741211,819.0
2026-07-30 11:00:00+00:00,58.290000915527344,58.375,58.18000030517578,58.34000015258789,699.0
2026-07-30 12:00:00+00:00,58.334999084472656,58.560001373291016,58.10499954223633,58.23500061035156,1977.0
2026-07-30 13:00:00+00:00,58.244998931884766,58.790000915527344,58.005001068115234,58.77000045776367,4001.0
2026-07-30 14:00:00+00:00,58.75,58.8650016784668,58.150001525878906,58.59000015258789,3594.0
2026-07-30 15:00:00+00:00,58.56999969482422,58.900001525878906,58.310001373291016,58.845001220703125,2193.0
2026-07-30 16:00:00+00:00,58.845001220703125,59.20000076293945,58.81999969482422,58.959999084472656,2332.0
2026-07-30 17:00:00+00:00,58.95500183105469,59.11000061035156,58.775001525878906,59.0,2747.0
2026-07-30 18:00:00+00:00,59.0099983215332,59.22999954223633,59.0099983215332,59.084999084472656,728.0
2026-07-30 19:00:00+00:00,59.084999084472656,59.5,59.06999969482422,59.45000076293945,1194.0
2026-07-30 20:00:00+00:00,59.44499969482422,59.56999969482422,59.150001525878906,59.26499938964844,1278.0
2026-07-30 22:00:00+00:00,59.2599983215332,59.380001068115234,59.25,59.29999923706055,0.0
2026-07-30 23:00:00+00:00,59.29999923706055,59.404998779296875,59.209999084472656,59.31999969482422,117.0
2026-07-31 00:00:00+00:00,59.334999084472656,59.3849983215332,59.029998779296875,59.130001068115234,353.0
2026-07-31 01:00:00+00:00,59.095001220703125,59.380001068115234,58.86000061035156,58.93000030517578,709.0
2026-07-31 02:00:00+00:00,58.93000030517578,59.09000015258789,58.66999816894531,58.7400016784668,756.0
2026-07-31 03:00:00+00:00,58.73500061035156,58.7400016784668,58.53499984741211,58.6150016784668,418.0
2026-07-31 04:00:00+00:00,58.599998474121094,58.875,58.584999084472656,58.875,336.0
2026-07-31 05:00:00+00:00,58.880001068115234,58.9900016784668,58.47999954223633,58.57500076293945,635.0
2026-07-31 06:00:00+00:00,58.58000183105469,58.81999969482422,58.459999084472656,58.5099983215332,820.0
2026-07-31 07:00:00+00:00,58.4900016784668,58.619998931884766,58.2599983215332,58.45000076293945,1098.0
2026-07-31 08:00:00+00:00,58.470001220703125,58.529998779296875,58.20000076293945,58.415000915527344,711.0
2026-07-31 09:00:00+00:00,58.3849983215332,58.43000030517578,58.1150016784668,58.185001373291016,886.0
2026-07-31 10:00:00+00:00,58.185001373291016,58.28499984741211,58.03499984741211,58.095001220703125,395.0
2026-07-31 11:00:00+00:00,58.099998474121094,58.290000915527344,57.875,58.04999923706055,1347.0
2026-07-31 12:00:00+00:00,58.060001373291016,58.13999938964844,57.665000915527344,57.86000061035156,1839.0
2026-07-31 13:00:00+00:00,57.849998474121094,57.91999816894531,57.275001525878906,57.400001525878906,4226.0
2026-07-31 14:00:00+00:00,57.404998779296875,57.8849983215332,57.220001220703125,57.70500183105469,3464.0
2026-07-31 15:00:00+00:00,57.70500183105469,57.8849983215332,57.459999084472656,57.689998626708984,2509.0
2026-07-31 16:00:00+00:00,57.66999816894531,57.84000015258789,57.540000915527344,57.665000915527344,1358.0
2026-07-31 17:00:00+00:00,57.67499923706055,58.119998931884766,57.584999084472656,58.08000183105469,2911.0
2026-07-31 18:00:00+00:00,58.08000183105469,58.14500045776367,57.970001220703125,58.1349983215332,834.0
2026-07-31 19:00:00+00:00,58.14500045776367,58.19499969482422,58.025001525878906,58.13999938964844,780.0
2026-07-31 20:00:00+00:00,58.125,58.165000915527344,57.755001068115234,57.7859992980957,608.0
2026-08-02 22:00:00+00:00,58.65999984741211,58.689998626708984,58.48500061035156,58.55500030517578,347.0
2026-08-02 23:00:00+00:00,58.55500030517578,58.560001373291016,58.380001068115234,58.52000045776367,303.0
2026-08-03 00:00:00+00:00,58.505001068115234,58.60499954223633,58.08000183105469,58.165000915527344,529.0
2026-08-03 01:00:00+00:00,58.130001068115234,58.540000915527344,58.01499938964844,58.40999984741211,658.0
2026-08-03 02:00:00+00:00,58.43000030517578,58.48500061035156,58.13999938964844,58.345001220703125,380.0
2026-08-03 03:00:00+00:00,58.32500076293945,58.47999954223633,58.290000915527344,58.404998779296875,311.0
2026-08-03 04:00:00+00:00,58.435001373291016,58.775001525878906,58.415000915527344,58.494998931884766,441.0
2026-08-03 05:00:00+00:00,58.5,58.525001525878906,57.96500015258789,58.345001220703125,818.0
2026-08-03 06:00:00+00:00,58.349998474121094,58.79999923706055,58.290000915527344,58.310001373291016,1143.0
2026-08-03 07:00:00+00:00,58.314998626708984,58.55500030517578,57.98500061035156,58.48500061035156,792.0
2026-08-03 08:00:00+00:00,58.47999954223633,58.58000183105469,58.3650016784668,58.53499984741211,467.0
2026-08-03 09:00:00+00:00,58.560001373291016,58.599998474121094,58.275001525878906,58.40999984741211,483.0
2026-08-03 10:00:00+00:00,58.400001525878906,58.400001525878906,58.07500076293945,58.15999984741211,454.0
2026-08-03 11:00:00+00:00,58.150001525878906,58.25,57.935001373291016,58.189998626708984,899.0
2026-08-03 12:00:00+00:00,58.17499923706055,58.2400016784668,57.599998474121094,57.64500045776367,1570.0
2026-08-03 13:00:00+00:00,57.63999938964844,57.875,56.70500183105469,57.29499816894531,7326.0
2026-08-03 14:00:00+00:00,57.290000915527344,57.5099983215332,57.20500183105469,57.47999954223633,2960.0
2026-08-03 15:00:00+00:00,57.47999954223633,57.69499969482422,57.369998931884766,57.625,2457.0
2026-08-03 16:00:00+00:00,57.6349983215332,57.95500183105469,57.560001373291016,57.845001220703125,1895.0
2026-08-03 17:00:00+00:00,57.8650016784668,57.994998931884766,57.7400016784668,57.82500076293945,3057.0
2026-08-03 18:00:00+00:00,57.83000183105469,58.14500045776367,57.80500030517578,58.11000061035156,1012.0
2026-08-03 19:00:00+00:00,58.099998474121094,58.415000915527344,58.099998474121094,58.27000045776367,1302.0
2026-08-03 20:00:00+00:00,58.26499938964844,58.415000915527344,58.185001373291016,58.39500045776367,426.0
2026-08-03 22:00:00+00:00,58.380001068115234,58.439998626708984,58.209999084472656,58.349998474121094,0.0
2026-08-03 23:00:00+00:00,58.34000015258789,58.474998474121094,58.290000915527344,58.459999084472656,253.0
2026-08-04 00:00:00+00:00,58.46500015258789,58.78499984741211,58.31999969482422,58.34000015258789,811.0
2026-08-04 01:00:00+00:00,58.345001220703125,59.04999923706055,58.185001373291016,58.88999938964844,1919.0
2026-08-04 02:00:00+00:00,58.869998931884766,59.040000915527344,58.77000045776367,58.869998931884766,822.0
2026-08-04 03:00:00+00:00,58.8650016784668,59.04499816894531,58.814998626708984,58.90999984741211,947.0
2026-08-04 04:00:00+00:00,58.8849983215332,59.255001068115234,58.875,59.189998626708984,728.0
2026-08-04 05:00:00+00:00,59.189998626708984,59.26499938964844,58.959999084472656,59.20500183105469,887.0
2026-08-04 06:00:00+00:00,59.220001220703125,59.39500045776367,59.02000045776367,59.150001525878906,1256.0
2026-08-04 07:00:00+00:00,59.154998779296875,59.334999084472656,59.1150016784668,59.20500183105469,845.0
2026-08-04 08:00:00+00:00,59.209999084472656,59.38999938964844,58.95500183105469,58.974998474121094,1384.0
2026-08-04 09:00:00+00:00,58.974998474121094,59.02000045776367,58.79999923706055,58.96500015258789,862.0
2026-08-04 10:00:00+00:00,58.959999084472656,59.2599983215332,58.779998779296875,59.005001068115234,1341.0
2026-08-04 11:00:00+00:00,59.005001068115234,59.71500015258789,58.959999084472656,59.68000030517578,2639.0
2026-08-04 12:00:00+00:00,59.67499923706055,60.189998626708984,59.35499954223633,60.09000015258789,4345.0
2026-08-04 13:00:00+00:00,60.095001220703125,60.2400016784668,59.560001373291016,59.93000030517578,5563.0
2026-08-04 14:00:00+00:00,59.939998626708984,60.095001220703125,59.52000045776367,59.755001068115234,3633.0
2026-08-04 15:00:00+00:00,59.76499938964844,60.029998779296875,59.54499816894531,59.94499969482422,2545.0
2026-08-04 16:00:00+00:00,59.95000076293945,60.119998931884766,59.834999084472656,60.060001373291016,1595.0
2026-08-04 17:00:00+00:00,60.04999923706055,60.28499984741211,59.994998931884766,60.029998779296875,4961.0
2026-08-04 18:00:00+00:00,60.029998779296875,60.060001373291016,59.76499938964844,59.84000015258789,1284.0
2026-08-04 19:00:00+00:00,59.81999969482422,59.94499969482422,59.744998931884766,59.790000915527344,919.0
2026-08-04 20:00:00+00:00,59.790000915527344,59.834999084472656,59.689998626708984,59.75,494.0
2026-08-04 22:00:00+00:00,59.78499984741211,59.83000183105469,59.70500183105469,59.70500183105469,0.0
2026-08-04 23:00:00+00:00,59.724998474121094,59.73500061035156,59.619998931884766,59.66999816894531,236.0
2026-08-05 00:00:00+00:00,59.665000915527344,59.94499969482422,59.63999938964844,59.939998626708984,367.0
2026-08-05 01:00:00+00:00,59.90999984741211,60.150001525878906,59.75,60.125,731.0
2026-08-05 02:00:00+00:00,60.119998931884766,61.099998474121094,60.02000045776367,60.92499923706055,2914.0
2026-08-05 03:00:00+00:00,60.95000076293945,61.209999084472656,60.880001068115234,61.029998779296875,1289.0
2026-08-05 04:00:00+00:00,61.0099983215332,61.1349983215332,60.939998626708984,61.03499984741211,625.0
2026-08-05 05:00:00+00:00,61.02000045776367,61.88999938964844,61.0,61.69499969482422,2727.0
2026-08-05 06:00:00+00:00,61.69499969482422,62.18000030517578,61.630001068115234,62.095001220703125,1915.0
2026-08-05 07:00:00+00:00,62.10499954223633,62.18000030517578,61.83000183105469,62.119998931884766,2249.0
2026-08-05 08:00:00+00:00,62.10499954223633,62.1349983215332,61.65999984741211,61.709999084472656,1438.0
2026-08-05 09:00:00+00:00,61.724998474121094,61.915000915527344,61.6349983215332,61.70500183105469,913.0
2026-08-05 10:00:00+00:00,61.685001373291016,61.71500015258789,61.34000015258789,61.51499938964844,802.0
2026-08-05 11:00:00+00:00,61.52000045776367,62.290000915527344,61.48500061035156,62.224998474121094,1895.0
2026-08-05 12:00:00+00:00,62.2400016784668,62.7599983215332,61.70500183105469,61.73500061035156,4730.0
2026-08-05 13:00:00+00:00,61.724998474121094,62.630001068115234,61.724998474121094,62.6150016784668,5016.0
2026-08-05 14:00:00+00:00,62.60499954223633,63.02000045776367,62.36000061035156,62.5099983215332,5820.0
2026-08-05 15:00:00+00:00,62.505001068115234,62.84000015258789,62.0,62.13999938964844,4353.0
2026-08-05 16:00:00+00:00,62.150001525878906,62.5,61.970001220703125,62.314998626708984,3012.0
2026-08-05 17:00:00+00:00,62.31999969482422,62.470001220703125,62.15999984741211,62.40999984741211,3721.0
2026-08-05 18:00:00+00:00,62.400001525878906,62.61000061035156,62.32500076293945,62.439998626708984,1253.0
2026-08-05 19:00:00+00:00,62.435001373291016,62.53499984741211,62.224998474121094,62.255001068115234,1237.0
2026-08-05 20:00:00+00:00,62.255001068115234,62.29999923706055,62.17499923706055,62.255001068115234,0.0
2026-08-05 22:00:00+00:00,62.20000076293945,62.369998931884766,62.20000076293945,62.2400016784668,344.0
2026-08-05 23:00:00+00:00,62.2599983215332,62.54999923706055,62.25,62.415000915527344,762.0
2026-08-06 00:00:00+00:00,62.404998779296875,62.96500015258789,62.255001068115234,62.8849983215332,1473.0
2026-08-06 01:00:00+00:00,62.88999938964844,63.31999969482422,62.22999954223633,62.46500015258789,3245.0
2026-08-06 02:00:00+00:00,62.46500015258789,62.76499938964844,62.334999084472656,62.52000045776367,708.0
2026-08-06 03:00:00+00:00,62.505001068115234,62.584999084472656,62.15999984741211,62.310001373291016,733.0
2026-08-06 04:00:00+00:00,62.33000183105469,62.40999984741211,62.22999954223633,62.35499954223633,229.0
2026-08-06 05:00:00+00:00,62.314998626708984,62.404998779296875,61.790000915527344,62.36000061035156,1276.0
2026-08-06 06:00:00+00:00,62.369998931884766,62.369998931884766,61.720001220703125,61.8650016784668,1434.0
2026-08-06 07:00:00+00:00,61.8650016784668,62.17499923706055,61.845001220703125,62.14500045776367,1012.0
2026-08-06 08:00:00+00:00,62.02000045776367,62.345001220703125,62.0,62.33000183105469,756.0
2026-08-06 09:00:00+00:00,62.34000015258789,62.48500061035156,62.040000915527344,62.14500045776367,939.0
2026-08-06 10:00:00+00:00,62.14500045776367,62.17499923706055,61.97999954223633,62.0,526.0
2026-08-06 11:00:00+00:00,62.0099983215332,62.119998931884766,61.869998931884766,62.07500076293945,1218.0
2026-08-06 12:00:00+00:00,62.099998474121094,62.099998474121094,61.474998474121094,61.5,2571.0
2026-08-06 13:00:00+00:00,61.5,62.04999923706055,61.28499984741211,61.86000061035156,5076.0
2026-08-06 14:00:00+00:00,61.8650016784668,62.0099983215332,61.69499969482422,61.91999816894531,1912.0
2026-08-06 15:00:00+00:00,61.95500183105469,61.959999084472656,61.21500015258789,61.33000183105469,2876.0
2026-08-06 16:00:00+00:00,61.334999084472656,61.619998931884766,61.119998931884766,61.57500076293945,2125.0
2026-08-06 17:00:00+00:00,61.584999084472656,61.78499984741211,61.5099983215332,61.720001220703125,2356.0
2026-08-06 18:00:00+00:00,61.73500061035156,61.80500030517578,61.65999984741211,61.72999954223633,627.0
2026-08-06 19:00:00+00:00,61.75,62.07500076293945,61.685001373291016,62.029998779296875,1252.0
2026-08-06 20:00:00+00:00,62.025001525878906,62.13999938964844,61.73500061035156,61.78499984741211,1095.0
2026-08-06 22:00:00+00:00,61.85499954223633,61.8849983215332,61.69499969482422,61.7599983215332,0.0
2026-08-06 23:00:00+00:00,61.755001068115234,61.959999084472656,61.744998931884766,61.93000030517578,559.0
2026-08-07 00:00:00+00:00,61.915000915527344,61.93000030517578,61.41999816894531,61.470001220703125,585.0
2026-08-07 01:00:00+00:00,61.48500061035156,62.38999938964844,61.439998626708984,62.36000061035156,1764.0
2026-08-07 02:00:00+00:00,62.369998931884766,62.57500076293945,62.165000915527344,62.279998779296875,1287.0
2026-08-07 03:00:00+00:00,62.28499984741211,62.6150016784668,62.28499984741211,62.58000183105469,392.0
2026-08-07 04:00:00+00:00,62.58000183105469,62.650001525878906,62.459999084472656,62.525001525878906,274.0
2026-08-07 05:00:00+00:00,62.525001525878906,63.04499816894531,62.439998626708984,62.95000076293945,1710.0
2026-08-07 06:00:00+00:00,62.96500015258789,64.16500091552734,62.8650016784668,64.0250015258789,7085.0
2026-08-07 07:00:00+00:00,64.01000213623047,64.16999816894531,63.76499938964844,64.13999938964844,2251.0
2026-08-07 08:00:00+00:00,64.1449966430664,64.74500274658203,64.12000274658203,64.61000061035156,2778.0
2026-08-07 09:00:00+00:00,64.625,64.95999908447266,64.55999755859375,64.75,2300.0
2026-08-07 10:00:00+00:00,64.73999786376953,64.7699966430664,64.53500366210938,64.61499786376953,1585.0
2026-08-07 11:00:00+00:00,64.625,64.73500061035156,64.28500366210938,64.41000366210938,2779.0
2026-08-07 12:00:00+00:00,64.42500305175781,65.4800033569336,64.12999725341797,65.04000091552734,7496.0
2026-08-07 13:00:00+00:00,65.04000091552734,65.12000274658203,64.00499725341797,64.15499877929688,7331.0
2026-08-07 14:00:00+00:00,64.16500091552734,64.18499755859375,63.55500030517578,63.595001220703125,5421.0
2026-08-07 15:00:00+00:00,63.60499954223633,63.9900016784668,63.525001525878906,63.55500030517578,2834.0
2026-08-07 16:00:00+00:00,63.56999969482422,63.814998626708984,63.33000183105469,63.380001068115234,3849.0
2026-08-07 17:00:00+00:00,63.3650016784668,63.654998779296875,63.290000915527344,63.58000183105469,5685.0
2026-08-07 18:00:00+00:00,63.57500076293945,63.6349983215332,63.369998931884766,63.53499984741211,2054.0
2026-08-07 19:00:00+00:00,63.54999923706055,63.92499923706055,63.540000915527344,63.834999084472656,1783.0
2026-08-07 20:00:00+00:00,63.845001220703125,63.845001220703125,63.499000549316406,63.499000549316406,768.0
2026-08-09 22:00:00+00:00,63.8849983215332,64.05500030517578,63.71500015258789,63.845001220703125,334.0
2026-08-09 23:00:00+00:00,63.79999923706055,64.13500213623047,63.689998626708984,63.73500061035156,446.0
2026-08-10 00:00:00+00:00,63.724998474121094,64.23999786376953,63.52000045776367,63.60499954223633,1013.0
2026-08-10 01:00:00+00:00,63.60499954223633,63.91999816894531,63.19499969482422,63.64500045776367,2215.0
2026-08-10 02:00:00+00:00,63.650001525878906,63.89500045776367,63.48500061035156,63.58000183105469,726.0
2026-08-10 03:00:00+00:00,63.584999084472656,63.88999938964844,63.45500183105469,63.814998626708984,351.0
2026-08-10 04:00:00+00:00,63.81999969482422,64.11499786376953,63.755001068115234,64.04499816894531,627.0
2026-08-10 05:00:00+00:00,64.04000091552734,64.5250015258789,63.814998626708984,64.34500122070312,1651.0
2026-08-10 06:00:00+00:00,64.33999633789062,64.4800033569336,64.23500061035156,64.44000244140625,1174.0
2026-08-10 07:00:00+00:00,64.44499969482422,64.62999725341797,64.2699966430664,64.50499725341797,969.0
2026-08-10 08:00:00+00:00,64.51000213623047,64.5999984741211,64.2699966430664,64.3499984741211,705.0
2026-08-10 09:00:00+00:00,64.38500213623047,64.47000122070312,64.26000213623047,64.26499938964844,747.0
2026-08-10 10:00:00+00:00,64.24500274658203,64.2699966430664,64.08499908447266,64.11000061035156,1021.0
2026-08-10 11:00:00+00:00,64.125,64.30000305175781,64.0,64.25,1234.0
2026-08-10 12:00:00+00:00,64.25,64.31999969482422,63.95500183105469,64.05500030517578,1810.0
2026-08-10 13:00:00+00:00,64.05500030517578,64.3499984741211,63.78499984741211,63.845001220703125,3491.0
2026-08-10 14:00:00+00:00,63.849998474121094,65.07499694824219,63.834999084472656,64.94499969482422,5759.0
2026-08-10 15:00:00+00:00,64.95999908447266,65.375,64.74500274658203,65.26499938964844,3758.0
2026-08-10 16:00:00+00:00,65.25499725341797,65.51000213623047,64.96499633789062,65.125,3932.0
2026-08-10 17:00:00+00:00,65.12999725341797,65.42500305175781,65.01499938964844,65.30500030517578,4109.0
2026-08-10 18:00:00+00:00,65.31500244140625,65.93499755859375,65.20999908447266,65.80000305175781,2101.0
2026-08-10 19:00:00+00:00,65.80000305175781,66.25,65.80000305175781,65.91000366210938,2429.0
2026-08-10 20:00:00+00:00,65.91500091552734,66.03500366210938,65.8550033569336,65.87999725341797,0.0
2026-08-10 22:00:00+00:00,65.94499969482422,66.04000091552734,65.82499694824219,66.00499725341797,262.0
2026-08-10 23:00:00+00:00,66.02999877929688,66.06999969482422,65.87999725341797,65.98999786376953,202.0
2026-08-11 00:00:00+00:00,65.99500274658203,66.4000015258789,65.875,65.98500061035156,1266.0
2026-08-11 01:00:00+00:00,65.98500061035156,66.68499755859375,65.59500122070312,66.48500061035156,3459.0
2026-08-11 02:00:00+00:00,66.50499725341797,66.5250015258789,65.75,65.88500213623047,1781.0
2026-08-11 03:00:00+00:00,65.93499755859375,66.12000274658203,65.88500213623047,65.95999908447266,389.0
2026-08-11 04:00:00+00:00,65.95500183105469,66.03500366210938,65.58000183105469,65.76000213623047,963.0
2026-08-11 05:00:00+00:00,65.73500061035156,65.73500061035156,64.70500183105469,65.01000213623047,3519.0
2026-08-11 06:00:00+00:00,65.0,65.20999908447266,64.47000122070312,64.70999908447266,2594.0
2026-08-11 07:00:00+00:00,64.70999908447266,64.81500244140625,64.54499816894531,64.63500213623047,1059.0
2026-08-11 08:00:00+00:00,64.66999816894531,65.1050033569336,64.66500091552734,64.88500213623047,1589.0
2026-08-11 09:00:00+00:00,64.86000061035156,65.15499877929688,64.81999969482422,65.08499908447266,876.0
2026-08-11 10:00:00+00:00,65.0999984741211,65.33499908447266,65.00499725341797,65.28500366210938,1035.0
2026-08-11 11:00:00+00:00,65.29499816894531,65.51499938964844,65.23500061035156,65.36499786376953,1507.0
2026-08-11 12:00:00+00:00,65.3550033569336,65.51499938964844,65.0,65.01499938964844,2687.0
2026-08-11 13:00:00+00:00,65.0199966430664,65.44999694824219,64.87999725341797,65.05000305175781,4252.0
2026-08-11 14:00:00+00:00,65.04499816894531,65.29000091552734,64.93499755859375,65.16500091552734,2466.0
2026-08-11 15:00:00+00:00,65.19000244140625,65.31999969482422,64.5199966430664,65.125,4210.0
2026-08-11 16:00:00+00:00,65.11000061035156,65.27999877929688,65.0250015258789,65.08000183105469,2585.0
2026-08-11 17:00:00+00:00,65.0999984741211,65.13999938964844,64.70999908447266,64.7249984741211,4569.0
2026-08-11 18:00:00+00:00,64.72000122070312,64.94000244140625,64.56999969482422,64.88500213623047,1303.0
2026-08-11 19:00:00+00:00,64.88999938964844,64.99500274658203,64.67500305175781,64.93000030517578,1062.0
2026-08-11 20:00:00+00:00,64.94999694824219,64.94999694824219,64.80500030517578,64.84500122070312,421.0
2026-08-11 21:00:00+00:00,64.86000061035156,64.86000061035156,64.86000061035156,64.86000061035156,1.0
2026-08-11 22:00:00+00:00,64.875,65.06500244140625,64.80999755859375,64.93499755859375,0.0
2026-08-11 23:00:00+00:00,64.94000244140625,65.01000213623047,64.87999725341797,64.94000244140625,153.0
2026-08-12 00:00:00+00:00,64.94000244140625,65.19999694824219,64.87999725341797,65.06999969482422,342.0
2026-08-12 01:00:00+00:00,65.08000183105469,65.37000274658203,64.95500183105469,65.30000305175781,831.0
2026-08-12 02:00:00+00:00,65.30500030517578,65.7300033569336,65.19499969482422,65.5999984741211,2258.0
2026-08-12 03:00:00+00:00,65.625,65.95500183105469,65.55000305175781,65.55500030517578,1373.0
2026-08-12 04:00:00+00:00,65.55500030517578,65.56500244140625,65.27999877929688,65.5199966430664,562.0
2026-08-12 05:00:00+00:00,65.53500366210938,65.55999755859375,65.12000274658203,65.4749984741211,1198.0
2026-08-12 06:00:00+00:00,65.45500183105469,66.21499633789062,65.31500244140625,66.12000274658203,1906.0
2026-08-12 07:00:00+00:00,66.13500213623047,66.37999725341797,66.0250015258789,66.2300033569336,1524.0
2026-08-12 08:00:00+00:00,66.26000213623047,66.55000305175781,66.25,66.31500244140625,1514.0
2026-08-12 09:00:00+00:00,66.31999969482422,66.9800033569336,66.31500244140625,66.61000061035156,2330.0
2026-08-12 10:00:00+00:00,66.6050033569336,66.62000274658203,66.2750015258789,66.44999694824219,1095.0
2026-08-12 11:00:00+00:00,66.47000122070312,66.58000183105469,66.33999633789062,66.51000213623047,1143.0
2026-08-12 12:00:00+00:00,66.49500274658203,66.9000015258789,65.80000305175781,66.73999786376953,5489.0
2026-08-12 13:00:00+00:00,66.73500061035156,66.87999725341797,65.79000091552734,66.30999755859375,7063.0
2026-08-12 14:00:00+00:00,66.32499694824219,66.5250015258789,66.0,66.06500244140625,3766.0
2026-08-12 15:00:00+00:00,66.05500030517578,66.20999908447266,65.68000030517578,65.96499633789062,3250.0
2026-08-12 16:00:00+00:00,65.95500183105469,66.06500244140625,65.2699966430664,65.43499755859375,5285.0
2026-08-12 17:00:00+00:00,65.41000366210938,65.7750015258789,65.37000274658203,65.56500244140625,5054.0
2026-08-12 18:00:00+00:00,65.55500030517578,65.83999633789062,65.43499755859375,65.69000244140625,1390.0
2026-08-12 19:00:00+00:00,65.70500183105469,65.76499938964844,65.45500183105469,65.55000305175781,929.0
2026-08-12 20:00:00+00:00,65.54499816894531,65.57499694824219,65.40499877929688,65.52999877929688,356.0
2026-08-12 21:00:00+00:00,65.52999877929688,65.52999877929688,65.52999877929688,65.52999877929688,1.0
2026-08-12 22:00:00+00:00,65.45500183105469,65.56999969482422,65.22000122070312,65.25,0.0
2026-08-12 23:00:00+00:00,65.23999786376953,65.45999908447266,65.23999786376953,65.45999908447266,340.0
2026-08-13 00:00:00+00:00,65.4749984741211,66.44999694824219,65.42500305175781,65.94499969482422,2830.0
2026-08-13 01:00:00+00:00,65.98500061035156,66.20999908447266,65.44999694824219,65.58499908447266,2445.0
2026-08-13 02:00:00+00:00,65.58499908447266,65.79499816894531,65.08000183105469,65.57499694824219,2037.0
2026-08-13 03:00:00+00:00,65.56999969482422,65.76000213623047,65.44499969482422,65.4749984741211,364.0
2026-08-13 04:00:00+00:00,65.48500061035156,65.55999755859375,65.24500274658203,65.54499816894531,646.0
2026-08-13 05:00:00+00:00,65.54499816894531,65.81999969482422,65.03500366210938,65.18000030517578,2116.0
2026-08-13 06:00:00+00:00,65.17500305175781,65.30000305175781,64.78500366210938,64.9749984741211,2253.0
2026-08-13 07:00:00+00:00,64.97000122070312,64.99500274658203,64.625,64.7300033569336,1548.0
2026-08-13 08:00:00+00:00,64.7249984741211,64.77999877929688,64.31500244140625,64.6050033569336,1681.0
2026-08-13 09:00:00+00:00,64.63500213623047,64.86000061035156,64.46499633789062,64.81999969482422,937.0
2026-08-13 10:00:00+00:00,64.81999969482422,65.21499633789062,64.80500030517578,65.1500015258789,1077.0
2026-08-13 11:00:00+00:00,65.13999938964844,65.2300033569336,65.0250015258789,65.2300033569336,1632.0
2026-08-13 12:00:00+00:00,65.2249984741211,65.55999755859375,64.96499633789062,65.55999755859375,2810.0
2026-08-13 13:00:00+00:00,65.55000305175781,65.59500122070312,64.86000061035156,64.95500183105469,4195.0
2026-08-13 14:00:00+00:00,64.96499633789062,65.27999877929688,64.56999969482422,65.16000366210938,5313.0
2026-08-13 15:00:00+00:00,65.17500305175781,65.23500061035156,64.55000305175781,64.83000183105469,3124.0
2026-08-13 16:00:00+00:00,64.81999969482422,65.00499725341797,64.5999984741211,64.94999694824219,3397.0
2026-08-13 17:00:00+00:00,64.95500183105469,65.1449966430664,64.83000183105469,64.83000183105469,4699.0
2026-08-13 18:00:00+00:00,64.83499908447266,65.01000213623047,64.68000030517578,64.73999786376953,797.0
2026-08-13 19:00:00+00:00,64.73500061035156,64.7750015258789,64.37999725341797,64.54000091552734,1455.0
2026-08-13 20:00:00+00:00,64.54499816894531,64.6449966430664,64.4749984741211,64.58499908447266,398.0
2026-08-13 22:00:00+00:00,64.62999725341797,64.71499633789062,64.51499938964844,64.63500213623047,0.0
2026-08-13 23:00:00+00:00,64.6500015258789,64.82499694824219,64.55999755859375,64.71499633789062,318.0
2026-08-14 00:00:00+00:00,64.70500183105469,64.87999725341797,63.845001220703125,64.3550033569336,1530.0
2026-08-14 01:00:00+00:00,64.33499908447266,64.33499908447266,63.880001068115234,63.970001220703125,1714.0
2026-08-14 02:00:00+00:00,63.970001220703125,64.26499938964844,63.845001220703125,63.95000076293945,1416.0
2026-08-14 03:00:00+00:00,63.94499969482422,64.3550033569336,63.915000915527344,64.18000030517578,671.0
2026-08-14 04:00:00+00:00,64.13500213623047,64.18000030517578,64.05000305175781,64.1449966430664,203.0
2026-08-14 05:00:00+00:00,64.13999938964844,64.44499969482422,63.64500045776367,64.41000366210938,1886.0
2026-08-14 06:00:00+00:00,64.41999816894531,64.56500244140625,64.27999877929688,64.5250015258789,1194.0
2026-08-14 07:00:00+00:00,64.52999877929688,64.86499786376953,64.4000015258789,64.7699966430664,949.0
2026-08-14 08:00:00+00:00,64.76000213623047,64.90499877929688,64.66000366210938,64.87999725341797,1239.0
2026-08-14 09:00:00+00:00,64.86499786376953,65.07499694824219,64.80000305175781,65.05500030517578,908.0
2026-08-14 10:00:00+00:00,65.05000305175781,65.07499694824219,64.7699966430664,64.81999969482422,664.0
2026-08-14 11:00:00+00:00,64.83000183105469,65.19000244140625,64.76499938964844,65.16999816894531,1444.0
2026-08-14 12:00:00+00:00,65.16000366210938,65.29000091552734,64.94999694824219,65.24500274658203,1955.0
2026-08-14 13:00:00+00:00,65.25,65.6449966430664,65.09500122070312,65.55000305175781,3411.0
2026-08-14 14:00:00+00:00,65.54499816894531,65.88500213623047,65.32499694824219,65.4000015258789,3474.0
2026-08-14 15:00:00+00:00,65.375,65.55000305175781,65.16500091552734,65.20500183105469,2217.0
2026-08-14 16:00:00+00:00,65.21499633789062,65.29499816894531,64.9000015258789,65.12999725341797,2373.0
2026-08-14 17:00:00+00:00,65.12999725341797,65.16500091552734,64.88500213623047,64.98500061035156,1980.0
2026-08-14 18:00:00+00:00,64.96499633789062,65.04000091552734,64.8499984741211,64.9000015258789,932.0
2026-08-14 19:00:00+00:00,64.91000366210938,64.9800033569336,64.81999969482422,64.87999725341797,624.0
2026-08-14 20:00:00+00:00,64.875,65.10800170898438,64.78500366210938,65.10800170898438,465.0
2026-08-16 22:00:00+00:00,64.92500305175781,65.38999938964844,64.9000015258789,65.37999725341797,724.0
2026-08-16 23:00:00+00:00,65.36499786376953,65.37999725341797,64.91000366210938,64.96499633789062,713.0
2026-08-17 00:00:00+00:00,64.98999786376953,65.66999816894531,64.96499633789062,65.66999816894531,991.0
2026-08-17 01:00:00+00:00,65.65499877929688,66.3949966430664,65.61000061035156,65.84500122070312,2803.0
2026-08-17 02:00:00+00:00,65.875,66.0199966430664,65.61499786376953,65.80000305175781,808.0
2026-08-17 03:00:00+00:00,65.80000305175781,65.87000274658203,65.62999725341797,65.69499969482422,436.0
2026-08-17 04:00:00+00:00,65.7249984741211,65.79000091552734,65.55000305175781,65.59500122070312,500.0
2026-08-17 05:00:00+00:00,65.5999984741211,66.02999877929688,65.5999984741211,65.93000030517578,755.0
2026-08-17 06:00:00+00:00,65.94000244140625,66.12000274658203,65.82499694824219,66.05999755859375,1286.0
2026-08-17 07:00:00+00:00,66.06500244140625,66.125,65.75,65.86000061035156,1270.0
2026-08-17 08:00:00+00:00,65.83000183105469,65.83000183105469,65.58499908447266,65.62000274658203,849.0
2026-08-17 09:00:00+00:00,65.6500015258789,65.73500061035156,65.58999633789062,65.625,552.0
2026-08-17 10:00:00+00:00,65.625,65.9800033569336,65.55999755859375,65.7300033569336,1287.0
2026-08-17 11:00:00+00:00,65.73500061035156,65.9800033569336,65.69499969482422,65.80999755859375,984.0
2026-08-17 12:00:00+00:00,65.80000305175781,65.88999938964844,65.29499816894531,65.38500213623047,2758.0
2026-08-17 13:00:00+00:00,65.4000015258789,65.90499877929688,65.2249984741211,65.81999969482422,3392.0
2026-08-17 14:00:00+00:00,65.83499908447266,66.55999755859375,65.7699966430664,66.38500213623047,5798.0
2026-08-17 15:00:00+00:00,66.4000015258789,66.73500061035156,66.28500366210938,66.61000061035156,3287.0
2026-08-17 16:00:00+00:00,66.62000274658203,66.63999938964844,66.43499755859375,66.54000091552734,2860.0
2026-08-17 17:00:00+00:00,66.54499816894531,66.58999633789062,66.04000091552734,66.08000183105469,4133.0
2026-08-17 18:00:00+00:00,66.08499908447266,66.16500091552734,65.8499984741211,65.95500183105469,1770.0
2026-08-17 19:00:00+00:00,65.94999694824219,66.125,65.81500244140625,66.05500030517578,1078.0
2026-08-17 20:00:00+00:00,66.04499816894531,66.07499694824219,65.87000274658203,65.90499877929688,654.0
2026-08-17 22:00:00+00:00,65.8949966430664,65.9800033569336,65.76000213623047,65.80000305175781,0.0
2026-08-17 23:00:00+00:00,65.77999877929688,66.08999633789062,65.76499938964844,66.08499908447266,492.0
2026-08-18 00:00:00+00:00,66.09500122070312,66.59500122070312,65.98500061035156,66.54499816894531,1064.0
2026-08-18 01:00:00+00:00,66.55500030517578,66.68499755859375,65.55500030517578,65.76499938964844,2551.0
2026-08-18 02:00:00+00:00,65.75,65.75,65.2750015258789,65.4749984741211,1626.0
2026-08-18 03:00:00+00:00,65.4800033569336,65.6050033569336,65.27999877929688,65.30500030517578,1227.0
2026-08-18 04:00:00+00:00,65.30000305175781,65.3499984741211,65.19499969482422,65.2699966430664,787.0
2026-08-18 05:00:00+00:00,65.25499725341797,65.36000061035156,64.84500122070312,65.29000091552734,2065.0
2026-08-18 06:00:00+00:00,65.26000213623047,65.52999877929688,65.05500030517578,65.37000274658203,1727.0
2026-08-18 07:00:00+00:00,65.37000274658203,65.40499877929688,65.11000061035156,65.11000061035156,1010.0
2026-08-18 08:00:00+00:00,65.11499786376953,65.20999908447266,64.94000244140625,65.09500122070312,1088.0
2026-08-18 09:00:00+00:00,65.0999984741211,65.20500183105469,64.98500061035156,65.19499969482422,590.0
2026-08-18 10:00:00+00:00,65.18499755859375,65.2699966430664,65.05999755859375,65.23500061035156,704.0
2026-08-18 11:00:00+00:00,65.23999786376953,65.2750015258789,65.0250015258789,65.26499938964844,1231.0
2026-08-18 12:00:00+00:00,65.26000213623047,65.3550033569336,65.05000305175781,65.23999786376953,1745.0
2026-08-18 13:00:00+00:00,65.2300033569336,65.41500091552734,64.62999725341797,65.0,5871.0
2026-08-18 14:00:00+00:00,64.98999786376953,65.09500122070312,64.22000122070312,64.2699966430664,6123.0
2026-08-18 15:00:00+00:00,64.2699966430664,64.44000244140625,63.599998474121094,64.08000183105469,7468.0
2026-08-18 16:00:00+00:00,64.08000183105469,64.2249984741211,63.92499923706055,63.974998474121094,2515.0
2026-08-18 17:00:00+00:00,63.959999084472656,64.1050033569336,63.88999938964844,63.939998626708984,3428.0
2026-08-18 18:00:00+00:00,63.92499923706055,63.98500061035156,63.79999923706055,63.8650016784668,1093.0
2026-08-18 19:00:00+00:00,63.875,63.959999084472656,63.42499923706055,63.66999816894531,1901.0
2026-08-18 20:00:00+00:00,63.65999984741211,63.689998626708984,63.27000045776367,63.41999816894531,1657.0
2026-08-18 22:00:00+00:00,63.42499923706055,63.52000045776367,63.22999954223633,63.26499938964844,0.0
2026-08-18 23:00:00+00:00,63.275001525878906,63.36000061035156,62.834999084472656,63.04499816894531,2476.0
2026-08-19 00:00:00+00:00,63.04999923706055,63.25,62.95000076293945,63.04499816894531,1721.0
2026-08-19 01:00:00+00:00,63.03499984741211,63.43000030517578,62.45000076293945,63.27000045776367,4043.0
2026-08-19 02:00:00+00:00,63.279998779296875,63.349998474121094,63.029998779296875,63.1349983215332,1066.0
2026-08-19 03:00:00+00:00,63.13999938964844,63.27000045776367,62.95500183105469,63.1349983215332,627.0
2026-08-19 04:00:00+00:00,63.130001068115234,63.154998779296875,62.81999969482422,62.93000030517578,691.0
2026-08-19 05:00:00+00:00,62.95500183105469,62.96500015258789,62.63999938964844,62.744998931884766,1311.0
2026-08-19 06:00:00+00:00,62.7599983215332,63.20500183105469,62.70000076293945,63.20000076293945,2319.0
2026-08-19 07:00:00+00:00,63.20500183105469,63.3650016784668,63.099998474121094,63.154998779296875,1606.0
2026-08-19 08:00:00+00:00,63.1349983215332,63.3650016784668,63.11000061035156,63.14500045776367,1128.0
2026-08-19 09:00:00+00:00,63.13999938964844,63.31999969482422,63.099998474121094,63.31999969482422,857.0
2026-08-19 10:00:00+00:00,63.31999969482422,63.474998474121094,63.220001220703125,63.42499923706055,896.0
2026-08-19 11:00:00+00:00,63.43000030517578,63.7400016784668,63.35499954223633,63.619998931884766,1992.0
2026-08-19 12:00:00+00:00,63.625,65.2300033569336,63.57500076293945,65.0,9701.0
2026-08-19 13:00:00+00:00,64.98500061035156,65.55500030517578,64.59500122070312,65.18000030517578,10785.0
2026-08-19 14:00:00+00:00,65.18499755859375,66.0250015258789,65.0999984741211,65.70999908447266,8010.0
2026-08-19 15:00:00+00:00,65.70999908447266,66.0199966430664,65.51499938964844,65.9749984741211,4197.0
2026-08-19 16:00:00+00:00,65.98999786376953,66.16000366210938,65.8949966430664,65.9000015258789,3828.0
2026-08-19 17:00:00+00:00,65.9000015258789,66.03500366210938,65.70999908447266,65.80999755859375,4473.0
2026-08-19 18:00:00+00:00,65.80500030517578,66.18000030517578,65.59500122070312,66.16999816894531,2824.0
2026-08-19 19:00:00+00:00,66.18000030517578,66.54499816894531,66.16500091552734,66.50499725341797,2474.0
2026-08-19 20:00:00+00:00,66.51000213623047,67.28500366210938,66.41999816894531,67.12999725341797,2571.0
2026-08-19 22:00:00+00:00,67.08000183105469,67.36000061035156,66.93499755859375,67.03500366210938,0.0
2026-08-19 23:00:00+00:00,66.98500061035156,67.23999786376953,66.98500061035156,67.0999984741211,867.0
2026-08-20 00:00:00+00:00,67.07499694824219,67.41999816894531,66.80000305175781,66.86499786376953,1385.0
2026-08-20 01:00:00+00:00,66.8949966430664,67.05500030517578,66.50499725341797,66.86000061035156,3527.0
2026-08-20 02:00:00+00:00,66.86000061035156,67.46499633789062,66.86000061035156,67.16999816894531,2655.0
2026-08-20 03:00:00+00:00,67.19000244140625,67.37999725341797,67.0999984741211,67.27999877929688,715.0
2026-08-20 04:00:00+00:00,67.30000305175781,67.31500244140625,66.98500061035156,67.19000244140625,1091.0
2026-08-20 05:00:00+00:00,67.20500183105469,67.41999816894531,66.74500274658203,66.92500305175781,1726.0
2026-08-20 06:00:00+00:00,66.91999816894531,67.27999877929688,66.83999633789062,67.1449966430664,1500.0
2026-08-20 07:00:00+00:00,67.13999938964844,67.15499877929688,66.58499908447266,66.70999908447266,1987.0
2026-08-20 08:00:00+00:00,66.71499633789062,66.98999786376953,66.66500091552734,66.79499816894531,1305.0
2026-08-20 09:00:00+00:00,66.80000305175781,66.90499877929688,66.7300033569336,66.79499816894531,488.0
2026-08-20 10:00:00+00:00,66.80500030517578,67.09500122070312,66.74500274658203,66.99500274658203,1037.0
2026-08-20 11:00:00+00:00,67.0,67.01499938964844,66.26000213623047,66.26499938964844,2889.0
2026-08-20 12:00:00+00:00,66.29000091552734,66.73500061035156,65.75499725341797,66.63999938964844,6471.0
2026-08-20 13:00:00+00:00,66.66500091552734,67.62999725341797,66.6050033569336,67.2750015258789,6889.0
2026-08-20 14:00:00+00:00,67.27999877929688,68.48999786376953,67.19999694824219,68.45999908447266,9043.0
2026-08-20 15:00:00+00:00,68.46499633789062,69.04499816894531,68.20999908447266,68.37999725341797,12181.0
2026-08-20 16:00:00+00:00,68.38999938964844,68.5,67.9800033569336,68.27999877929688,4092.0
2026-08-20 17:00:00+00:00,68.29499816894531,68.375,68.05500030517578,68.23999786376953,3467.0
2026-08-20 18:00:00+00:00,68.25,68.2699966430664,67.82499694824219,67.99500274658203,1819.0
2026-08-20 19:00:00+00:00,67.9800033569336,68.44000244140625,67.93000030517578,68.33999633789062,1529.0
2026-08-20 20:00:00+00:00,68.31999969482422,68.36499786376953,68.11499786376953,68.12999725341797,877.0
2026-08-20 22:00:00+00:00,68.29000091552734,68.3550033569336,68.13999938964844,68.31500244140625,0.0
2026-08-20 23:00:00+00:00,68.28500366210938,68.44999694824219,68.23999786376953,68.27999877929688,728.0
2026-08-21 00:00:00+00:00,68.25499725341797,68.30000305175781,67.98999786376953,68.01499938964844,994.0
2026-08-21 01:00:00+00:00,68.04000091552734,68.7699966430664,67.95999908447266,68.61000061035156,2288.0
2026-08-21 02:00:00+00:00,68.61000061035156,69.0999984741211,68.40499877929688,68.79499816894531,1941.0
2026-08-21 03:00:00+00:00,68.79000091552734,69.04499816894531,68.7699966430664,68.94000244140625,868.0
2026-08-21 04:00:00+00:00,68.94499969482422,69.23500061035156,68.94499969482422,69.0250015258789,789.0
2026-08-21 05:00:00+00:00,69.03500366210938,69.25,68.7750015258789,69.2249984741211,1259.0
2026-08-21 06:00:00+00:00,69.22000122070312,69.24500274658203,68.83999633789062,68.88500213623047,2379.0
2026-08-21 07:00:00+00:00,68.87000274658203,69.48500061035156,68.84500122070312,69.36000061035156,2817.0
2026-08-21 08:00:00+00:00,69.37999725341797,69.96499633789062,69.17500305175781,69.87999725341797,3114.0
2026-08-21 09:00:00+00:00,69.875,70.04499816894531,69.47000122070312,69.4749984741211,3085.0
2026-08-21 10:00:00+00:00,69.4800033569336,69.6050033569336,69.2300033569336,69.54000091552734,2173.0
2026-08-21 11:00:00+00:00,69.54000091552734,70.08000183105469,69.4749984741211,69.75,4268.0
2026-08-21 12:00:00+00:00,69.76499938964844,69.80000305175781,69.11499786376953,69.4800033569336,4145.0
2026-08-21 13:00:00+00:00,69.4749984741211,69.9000015258789,69.29499816894531,69.3949966430664,6088.0
2026-08-21 14:00:00+00:00,69.38999938964844,69.84500122070312,68.92500305175781,69.19499969482422,7131.0
2026-08-21 15:00:00+00:00,69.19999694824219,69.75499725341797,69.05999755859375,69.58000183105469,4511.0
2026-08-21 16:00:00+00:00,69.58499908447266,70.0199966430664,69.3949966430664,69.95500183105469,4626.0
2026-08-21 17:00:00+00:00,69.97000122070312,70.00499725341797,69.44000244140625,69.56500244140625,4926.0
2026-08-21 18:00:00+00:00,69.55500030517578,69.78500366210938,69.52999877929688,69.6449966430664,1119.0
2026-08-21 19:00:00+00:00,69.61000061035156,69.61499786376953,69.31500244140625,69.44000244140625,1316.0
2026-08-21 20:00:00+00:00,69.42500305175781,69.52999877929688,68.86499786376953,69.52999877929688,1756.0
2026-08-23 22:00:00+00:00,69.41999816894531,69.48999786376953,68.94999694824219,68.95999908447266,717.0
2026-08-23 23:00:00+00:00,68.95999908447266,69.3949966430664,68.88500213623047,69.36499786376953,442.0
2026-08-24 00:00:00+00:00,69.3949966430664,69.66500091552734,68.71499633789062,69.33000183105469,1827.0
2026-08-24 01:00:00+00:00,69.33999633789062,69.54499816894531,68.41999816894531,68.8499984741211,2828.0
2026-08-24 02:00:00+00:00,68.79000091552734,69.3550033569336,68.66999816894531,68.94999694824219,2190.0
2026-08-24 03:00:00+00:00,68.95999908447266,69.20999908447266,68.80500030517578,68.95999908447266,860.0
2026-08-24 04:00:00+00:00,68.95999908447266,69.0199966430664,68.83000183105469,68.87000274658203,572.0
2026-08-24 05:00:00+00:00,68.91999816894531,69.04499816894531,68.62999725341797,68.96499633789062,1017.0
2026-08-24 06:00:00+00:00,68.98999786376953,69.42500305175781,68.94499969482422,69.12999725341797,2043.0
2026-08-24 07:00:00+00:00,69.12999725341797,69.24500274658203,68.75,68.86499786376953,1656.0
2026-08-24 08:00:00+00:00,68.875,69.08999633789062,68.6050033569336,68.69499969482422,1884.0
2026-08-24 09:00:00+00:00,68.69499969482422,68.83999633789062,68.62000274658203,68.82499694824219,1079.0
2026-08-24 10:00:00+00:00,68.81999969482422,69.0,68.73999786376953,68.79000091552734,1202.0
2026-08-24 11:00:00+00:00,68.80999755859375,69.51499938964844,68.69000244140625,69.26499938964844,2977.0
2026-08-24 12:00:00+00:00,69.26499938964844,69.4800033569336,68.9000015258789,69.18000030517578,3903.0
2026-08-24 13:00:00+00:00,69.18000030517578,69.92500305175781,68.80000305175781,68.99500274658203,8466.0
2026-08-24 14:00:00+00:00,68.99500274658203,69.28500366210938,68.625,68.93499755859375,6210.0
2026-08-24 15:00:00+00:00,68.94000244140625,69.29499816894531,68.33499908447266,68.54499816894531,5930.0
2026-08-24 16:00:00+00:00,68.55500030517578,68.87999725341797,68.5199966430664,68.68000030517578,3891.0
2026-08-24 17:00:00+00:00,68.68499755859375,68.91500091552734,68.34500122070312,68.48999786376953,4690.0
2026-08-24 18:00:00+00:00,68.4800033569336,68.74500274658203,68.30999755859375,68.51499938964844,1921.0
2026-08-24 19:00:00+00:00,68.5250015258789,68.8550033569336,68.49500274658203,68.82499694824219,1315.0
2026-08-24 20:00:00+00:00,68.8499984741211,68.98999786376953,68.80999755859375,68.96499633789062,790.0
2026-08-24 22:00:00+00:00,68.96499633789062,69.26000213623047,68.94000244140625,69.21499633789062,0.0
2026-08-24 23:00:00+00:00,69.24500274658203,69.78500366210938,69.18000030517578,69.72000122070312,886.0
2026-08-25 00:00:00+00:00,69.75,69.98500061035156,69.33999633789062,69.4800033569336,1375.0
2026-08-25 01:00:00+00:00,69.45500183105469,69.53500366210938,68.76000213623047,68.76000213623047,1470.0
2026-08-25 02:00:00+00:00,68.76000213623047,68.8550033569336,67.5,67.75,5376.0
2026-08-25 03:00:00+00:00,67.74500274658203,68.06999969482422,67.66000366210938,67.93000030517578,1116.0
2026-08-25 04:00:00+00:00,67.95500183105469,68.01499938964844,67.70500183105469,67.77999877929688,546.0
2026-08-25 05:00:00+00:00,67.7750015258789,68.27999877929688,67.7300033569336,68.0199966430664,1656.0
2026-08-25 06:00:00+00:00,68.01499938964844,68.625,67.95999908447266,68.36000061035156,2079.0
2026-08-25 07:00:00+00:00,68.36499786376953,68.41000366210938,68.01000213623047,68.01499938964844,1752.0
2026-08-25 08:00:00+00:00,68.01499938964844,68.20999908447266,67.68499755859375,67.8499984741211,2481.0
2026-08-25 09:00:00+00:00,67.83999633789062,68.19000244140625,67.52999877929688,68.0250015258789,2114.0
2026-08-25 10:00:00+00:00,68.0199966430664,68.06500244140625,67.77999877929688,67.86499786376953,1189.0
2026-08-25 11:00:00+00:00,67.8499984741211,68.59400177001953,67.76499938964844,68.06999969482422,1739.0
2026-08-25 12:00:00+00:00,68.08000183105469,68.20999908447266,67.75,68.19999694824219,2495.0
2026-08-25 13:00:00+00:00,68.20500183105469,68.2300033569336,67.38500213623047,67.66500091552734,6136.0
2026-08-25 14:00:00+00:00,67.6500015258789,68.19999694824219,67.6500015258789,68.1050033569336,4350.0
2026-08-25 15:00:00+00:00,68.13999938964844,68.87999725341797,67.98999786376953,68.82499694824219,4091.0
2026-08-25 16:00:00+00:00,68.83000183105469,68.8499984741211,68.51000213623047,68.69000244140625,3111.0
2026-08-25 17:00:00+00:00,68.69000244140625,68.95999908447266,68.5999984741211,68.875,2391.0
2026-08-25 18:00:00+00:00,68.88500213623047,68.93000030517578,68.76000213623047,68.8949966430664,836.0
2026-08-25 19:00:00+00:00,68.92500305175781,69.27999877929688,68.875,68.94000244140625,2978.0
2026-08-25 20:00:00+00:00,68.94999694824219,68.9800033569336,68.58499908447266,68.62999725341797,766.0
2026-08-25 22:00:00+00:00,68.62999725341797,69.09500122070312,68.62999725341797,69.05000305175781,0.0
2026-08-25 23:00:00+00:00,69.05999755859375,69.08000183105469,68.69999694824219,68.74500274658203,297.0
2026-08-26 00:00:00+00:00,68.7300033569336,68.83999633789062,68.38500213623047,68.4000015258789,861.0
2026-08-26 01:00:00+00:00,68.40499877929688,69.4749984741211,68.19000244140625,69.31999969482422,3109.0
2026-08-26 02:00:00+00:00,69.33999633789062,69.75,69.2300033569336,69.46499633789062,1959.0
2026-08-26 03:00:00+00:00,69.42500305175781,69.48999786376953,69.12999725341797,69.26000213623047,1337.0
2026-08-26 04:00:00+00:00,69.22000122070312,69.2750015258789,68.97000122070312,68.99500274658203,845.0
2026-08-26 05:00:00+00:00,69.00499725341797,69.42500305175781,69.00499725341797,69.2249984741211,1744.0
2026-08-26 06:00:00+00:00,69.21499633789062,69.21499633789062,68.61000061035156,68.74500274658203,1711.0
2026-08-26 07:00:00+00:00,68.77999877929688,68.93000030517578,68.61000061035156,68.66999816894531,2345.0
2026-08-26 08:00:00+00:00,68.6500015258789,68.70500183105469,68.4749984741211,68.61000061035156,1415.0
2026-08-26 09:00:00+00:00,68.61000061035156,68.68499755859375,68.42500305175781,68.65499877929688,1380.0
2026-08-26 10:00:00+00:00,68.62000274658203,68.63500213623047,68.43000030517578,68.44000244140625,1174.0
2026-08-26 11:00:00+00:00,68.44999694824219,68.63500213623047,68.36499786376953,68.62000274658203,2154.0
2026-08-26 12:00:00+00:00,68.63999938964844,68.95999908447266,68.30000305175781,68.31999969482422,3876.0
2026-08-26 13:00:00+00:00,68.30999755859375,68.49500274658203,67.83000183105469,68.44499969482422,5937.0
2026-08-26 14:00:00+00:00,68.44000244140625,68.56999969482422,67.87999725341797,67.87999725341797,4615.0
2026-08-26 15:00:00+00:00,67.875,68.11499786376953,67.48500061035156,67.9000015258789,7426.0
2026-08-26 16:00:00+00:00,67.90499877929688,68.05000305175781,67.80000305175781,67.97000122070312,2070.0
2026-08-26 17:00:00+00:00,67.9749984741211,68.125,67.87999725341797,67.95500183105469,2489.0
2026-08-26 18:00:00+00:00,67.93000030517578,68.23500061035156,67.93000030517578,68.1449966430664,1418.0
2026-08-26 19:00:00+00:00,68.13999938964844,68.26499938964844,68.05000305175781,68.12999725341797,1399.0
2026-08-26 20:00:00+00:00,68.12999725341797,68.1500015258789,67.87000274658203,68.08499908447266,622.0
2026-08-26 22:00:00+00:00,68.08999633789062,68.80000305175781,68.08999633789062,68.68000030517578,0.0
2026-08-26 23:00:00+00:00,68.70999908447266,68.97000122070312,68.67500305175781,68.875,537.0
2026-08-27 00:00:00+00:00,68.8949966430664,68.96499633789062,68.41000366210938,68.41000366210938,292.0
2026-08-27 01:00:00+00:00,68.46499633789062,69.55000305175781,68.38999938964844,69.5250015258789,996.0
2026-08-27 02:00:00+00:00,69.5199966430664,69.55000305175781,68.9749984741211,69.15499877929688,687.0
2026-08-27 03:00:00+00:00,69.1449966430664,69.41999816894531,68.9800033569336,68.9800033569336,343.0
2026-08-27 04:00:00+00:00,69.0,69.04499816894531,68.80500030517578,68.91999816894531,401.0
2026-08-27 05:00:00+00:00,68.91999816894531,69.02999877929688,68.30500030517578,68.5999984741211,779.0
2026-08-27 06:00:00+00:00,68.625,68.79000091552734,68.44499969482422,68.55000305175781,1275.0
2026-08-27 07:00:00+00:00,68.51000213623047,69.30000305175781,68.30500030517578,69.19000244140625,8913.0
2026-08-27 08:00:00+00:00,69.18499755859375,69.31500244140625,69.0999984741211,69.26499938964844,958.0
2026-08-27 09:00:00+00:00,69.2699966430664,69.30000305175781,68.87999725341797,68.91000366210938,1122.0
2026-08-27 10:00:00+00:00,68.90499877929688,69.23500061035156,68.70500183105469,69.20999908447266,1718.0
2026-08-27 11:00:00+00:00,69.20500183105469,69.27999877929688,69.0,69.05000305175781,1612.0
2026-08-27 12:00:00+00:00,69.03500366210938,69.19000244140625,68.62000274658203,68.74500274658203,2770.0
2026-08-27 13:00:00+00:00,68.75499725341797,69.1500015258789,68.33000183105469,68.69000244140625,7578.0
2026-08-27 14:00:00+00:00,68.70500183105469,69.58999633789062,68.66000366210938,69.48999786376953,5303.0
2026-08-27 15:00:00+00:00,69.48999786376953,70.25,69.33499908447266,70.21499633789062,5487.0
2026-08-27 16:00:00+00:00,70.2249984741211,70.40499877929688,69.93000030517578,70.37999725341797,5003.0
2026-08-27 17:00:00+00:00,70.375,70.52999877929688,70.05000305175781,70.08499908447266,4132.0
2026-08-27 18:00:00+00:00,70.08000183105469,70.08999633789062,69.80000305175781,70.01000213623047,1476.0
2026-08-27 19:00:00+00:00,70.0199966430664,70.34500122070312,70.01000213623047,70.25499725341797,1252.0
2026-08-27 20:00:00+00:00,70.25,70.25499725341797,69.9800033569336,70.06500244140625,580.0
2026-08-27 22:00:00+00:00,70.04499816894531,70.2750015258789,69.97000122070312,70.22000122070312,0.0
2026-08-27 23:00:00+00:00,70.22000122070312,70.22000122070312,69.91999816894531,69.93000030517578,483.0
2026-08-28 00:00:00+00:00,69.93000030517578,70.19499969482422,69.71499633789062,69.80000305175781,628.0
2026-08-28 01:00:00+00:00,69.80999755859375,70.47000122070312,69.21499633789062,69.34500122070312,3400.0
2026-08-28 02:00:00+00:00,69.3550033569336,69.86499786376953,69.34500122070312,69.78500366210938,1152.0
2026-08-28 03:00:00+00:00,69.7699966430664,69.88500213623047,69.55000305175781,69.56500244140625,760.0
2026-08-28 04:00:00+00:00,69.58999633789062,69.74500274658203,69.5199966430664,69.70500183105469,497.0
2026-08-28 05:00:00+00:00,69.72000122070312,69.7300033569336,69.40499877929688,69.5,717.0
2026-08-28 06:00:00+00:00,69.5,71.25499725341797,69.47000122070312,71.23500061035156,4190.0
2026-08-28 07:00:00+00:00,71.2300033569336,71.7750015258789,70.93000030517578,71.5199966430664,3448.0
2026-08-28 08:00:00+00:00,71.51000213623047,71.6050033569336,71.05000305175781,71.19499969482422,1386.0
2026-08-28 09:00:00+00:00,71.25499725341797,71.41000366210938,71.18499755859375,71.33499908447266,879.0
2026-08-28 10:00:00+00:00,71.33999633789062,71.47000122070312,71.08499908447266,71.23500061035156,1256.0
2026-08-28 11:00:00+00:00,71.2300033569336,71.2750015258789,70.94000244140625,71.0199966430664,1908.0
2026-08-28 12:00:00+00:00,71.00499725341797,71.59500122070312,70.9800033569336,71.5250015258789,2932.0
2026-08-28 13:00:00+00:00,71.52999877929688,71.96499633789062,71.18499755859375,71.51499938964844,6860.0
2026-08-28 14:00:00+00:00,71.5199966430664,72.05000305175781,68.93000030517578,70.67500305175781,20224.0
2026-08-28 15:00:00+00:00,70.69000244140625,70.81999969482422,68.69000244140625,68.81500244140625,9110.0
2026-08-28 16:00:00+00:00,68.83499908447266,68.94999694824219,67.13999938964844,67.69999694824219,14447.0
2026-08-28 17:00:00+00:00,67.71499633789062,67.98999786376953,67.3550033569336,67.58000183105469,4476.0
2026-08-28 18:00:00+00:00,67.57499694824219,67.62000274658203,66.83000183105469,67.04000091552734,3755.0
2026-08-28 19:00:00+00:00,67.01499938964844,67.33000183105469,66.95999908447266,67.18499755859375,1927.0
2026-08-28 20:00:00+00:00,67.17500305175781,67.78600311279297,66.98999786376953,67.78600311279297,873.0
2026-08-30 22:00:00+00:00,66.95999908447266,67.3499984741211,66.93000030517578,67.26000213623047,1097.0
2026-08-30 23:00:00+00:00,67.24500274658203,67.38500213623047,66.69499969482422,67.18499755859375,1572.0
2026-08-31 00:00:00+00:00,67.16999816894531,67.55500030517578,67.01499938964844,67.13500213623047,1042.0
2026-08-31 01:00:00+00:00,67.13999938964844,67.5,66.73500061035156,66.9749984741211,2316.0
2026-08-31 02:00:00+00:00,66.91000366210938,66.91000366210938,66.36499786376953,66.80999755859375,1680.0
2026-08-31 03:00:00+00:00,66.83000183105469,67.05000305175781,66.78500366210938,66.83999633789062,525.0
2026-08-31 04:00:00+00:00,66.84500122070312,67.11499786376953,66.80000305175781,67.05999755859375,436.0
2026-08-31 05:00:00+00:00,67.06500244140625,67.55999755859375,67.05000305175781,67.43000030517578,1350.0
2026-08-31 06:00:00+00:00,67.43000030517578,67.55000305175781,67.11000061035156,67.37999725341797,1162.0
2026-08-31 07:00:00+00:00,67.37000274658203,67.76000213623047,67.3499984741211,67.66000366210938,1483.0
2026-08-31 08:00:00+00:00,67.65499877929688,67.8499984741211,67.55999755859375,67.66000366210938,941.0
2026-08-31 09:00:00+00:00,67.65499877929688,67.80999755859375,67.63999938964844,67.71499633789062,478.0
2026-08-31 10:00:00+00:00,67.72000122070312,67.97000122070312,67.6449966430664,67.91500091552734,721.0
2026-08-31 11:00:00+00:00,67.90499877929688,68.1500015258789,67.88999938964844,67.98999786376953,1023.0
2026-08-31 12:00:00+00:00,67.96499633789062,68.18000030517578,67.3499984741211,67.3499984741211,3272.0
2026-08-31 13:00:00+00:00,67.3499984741211,67.63500213623047,66.96499633789062,67.125,3713.0
2026-08-31 14:00:00+00:00,67.1500015258789,67.25499725341797,66.7750015258789,66.98999786376953,3335.0
2026-08-31 15:00:00+00:00,66.9800033569336,67.13500213623047,66.7300033569336,66.81999969482422,2477.0
2026-08-31 16:00:00+00:00,66.80000305175781,67.19999694824219,66.73999786376953,66.9800033569336,2024.0
2026-08-31 17:00:00+00:00,66.9749984741211,67.18499755859375,66.87999725341797,67.04499816894531,1990.0
2026-08-31 18:00:00+00:00,67.04000091552734,67.05999755859375,66.7300033569336,66.80999755859375,980.0
2026-08-31 19:00:00+00:00,66.80000305175781,67.33499908447266,66.75,67.2699966430664,1441.0
2026-08-31 20:00:00+00:00,67.2750015258789,67.4000015258789,67.15499877929688,67.20500183105469,501.0
2026-08-31 22:00:00+00:00,67.2750015258789,67.3499984741211,67.16999816894531,67.18499755859375,0.0
2026-08-31 23:00:00+00:00,67.18000030517578,67.29499816894531,67.0999984741211,67.28500366210938,341.0
2026-09-01 00:00:00+00:00,67.29000091552734,67.625,67.2249984741211,67.50499725341797,1200.0
2026-09-01 01:00:00+00:00,67.51000213623047,67.58499908447266,67.11499786376953,67.3949966430664,1703.0
2026-09-01 02:00:00+00:00,67.4000015258789,67.53500366210938,66.73500061035156,67.37000274658203,1592.0
2026-09-01 03:00:00+00:00,67.37999725341797,67.55000305175781,67.12999725341797,67.41000366210938,711.0
2026-09-01 04:00:00+00:00,67.3949966430664,67.41999816894531,67.01000213623047,67.02999877929688,592.0
2026-09-01 05:00:00+00:00,67.03500366210938,67.72000122070312,66.84500122070312,67.3550033569336,1471.0
2026-09-01 06:00:00+00:00,67.36000061035156,67.44000244140625,67.06999969482422,67.0999984741211,775.0
2026-09-01 07:00:00+00:00,67.0999984741211,67.30000305175781,66.5999984741211,67.05999755859375,1335.0
2026-09-01 08:00:00+00:00,67.05500030517578,67.11000061035156,65.31999969482422,65.33000183105469,5995.0
2026-09-01 09:00:00+00:00,65.33499908447266,65.44000244140625,65.06999969482422,65.11499786376953,2732.0
2026-09-01 10:00:00+00:00,65.11499786376953,65.73999786376953,65.0999984741211,65.4000015258789,1690.0
2026-09-01 11:00:00+00:00,65.41000366210938,65.69000244140625,65.27999877929688,65.38500213623047,1737.0
2026-09-01 12:00:00+00:00,65.3949966430664,65.75,65.19000244140625,65.32499694824219,3448.0
2026-09-01 13:00:00+00:00,65.31999969482422,65.54000091552734,64.83000183105469,65.4800033569336,6036.0
2026-09-01 14:00:00+00:00,65.45999908447266,65.7750015258789,65.16999816894531,65.38999938964844,4014.0
2026-09-01 15:00:00+00:00,65.40499877929688,65.90499877929688,65.27999877929688,65.83999633789062,2463.0
2026-09-01 16:00:00+00:00,65.84500122070312,65.9749984741211,65.36000061035156,65.43000030517578,3017.0
2026-09-01 17:00:00+00:00,65.43499755859375,65.4800033569336,65.17500305175781,65.19999694824219,3755.0
2026-09-01 18:00:00+00:00,65.2249984741211,65.26000213623047,64.73500061035156,64.79000091552734,2062.0
2026-09-01 19:00:00+00:00,64.78500366210938,64.94499969482422,64.61499786376953,64.69499969482422,1667.0
2026-09-01 20:00:00+00:00,64.68499755859375,64.76499938964844,64.61000061035156,64.66000366210938,832.0
2026-09-01 22:00:00+00:00,64.69499969482422,64.82499694824219,64.54499816894531,64.65499877929688,0.0
2026-09-01 23:00:00+00:00,64.6500015258789,64.86000061035156,64.59500122070312,64.68499755859375,866.0
2026-09-02 00:00:00+00:00,64.69499969482422,64.96499633789062,64.36499786376953,64.46499633789062,1321.0
2026-09-02 01:00:00+00:00,64.44499969482422,64.75,63.91999816894531,63.959999084472656,3073.0
2026-09-02 02:00:00+00:00,63.96500015258789,64.5199966430664,63.880001068115234,64.30000305175781,1879.0
2026-09-02 03:00:00+00:00,64.28500366210938,64.41500091552734,64.00499725341797,64.24500274658203,934.0
2026-09-02 04:00:00+00:00,64.26499938964844,64.3550033569336,64.22000122070312,64.34500122070312,332.0
2026-09-02 05:00:00+00:00,64.33000183105469,64.76499938964844,64.22000122070312,64.56500244140625,962.0
2026-09-02 06:00:00+00:00,64.58999633789062,64.75,64.41500091552734,64.55000305175781,972.0
2026-09-02 07:00:00+00:00,64.56999969482422,64.80000305175781,64.5,64.58000183105469,891.0
2026-09-02 08:00:00+00:00,64.58499908447266,64.7699966430664,64.32499694824219,64.34500122070312,876.0
2026-09-02 09:00:00+00:00,64.33499908447266,64.56500244140625,64.19499969482422,64.24500274658203,861.0
2026-09-02 10:00:00+00:00,64.25,64.3949966430664,64.1500015258789,64.25499725341797,771.0
2026-09-02 11:00:00+00:00,64.24500274658203,64.97000122070312,64.21499633789062,64.90499877929688,1925.0
2026-09-02 12:00:00+00:00,64.91000366210938,65.18000030517578,64.79000091552734,64.82499694824219,2701.0
2026-09-02 13:00:00+00:00,64.81500244140625,66.1050033569336,64.78500366210938,66.0999984741211,6315.0
2026-09-02 14:00:00+00:00,66.08999633789062,66.17500305175781,65.63500213623047,65.68499755859375,3957.0
2026-09-02 15:00:00+00:00,65.68499755859375,65.81999969482422,65.49500274658203,65.69000244140625,2617.0
2026-09-02 16:00:00+00:00,65.68499755859375,65.72000122070312,65.45500183105469,65.55500030517578,1799.0
2026-09-02 17:00:00+00:00,65.56500244140625,65.7300033569336,65.41999816894531,65.65499877929688,2345.0
2026-09-02 18:00:00+00:00,65.66000366210938,65.7750015258789,65.54000091552734,65.66999816894531,1355.0
2026-09-02 19:00:00+00:00,65.69999694824219,65.95999908447266,65.625,65.95999908447266,894.0
2026-09-02 20:00:00+00:00,65.94999694824219,65.95999908447266,65.84500122070312,65.92500305175781,552.0
2026-09-02 21:00:00+00:00,65.93000030517578,65.93000030517578,65.93000030517578,65.93000030517578,1.0
2026-09-02 22:00:00+00:00,66.16999816894531,66.16999816894531,65.86000061035156,65.88500213623047,0.0
2026-09-02 23:00:00+00:00,65.8949966430664,66.0,65.81999969482422,65.93000030517578,445.0
2026-09-03 00:00:00+00:00,65.92500305175781,66.0199966430664,65.7750015258789,65.93499755859375,531.0
2026-09-03 01:00:00+00:00,65.93000030517578,66.4000015258789,65.87000274658203,66.29499816894531,1656.0
2026-09-03 02:00:00+00:00,66.27999877929688,66.45999908447266,66.18000030517578,66.31500244140625,595.0
2026-09-03 03:00:00+00:00,66.28500366210938,66.70500183105469,66.24500274658203,66.67500305175781,1155.0
2026-09-03 04:00:00+00:00,66.63999938964844,66.77999877929688,66.51000213623047,66.7249984741211,924.0
2026-09-03 05:00:00+00:00,66.7300033569336,66.79000091552734,66.17500305175781,66.375,1796.0
2026-09-03 06:00:00+00:00,66.37999725341797,66.69000244140625,66.17500305175781,66.19999694824219,1364.0
2026-09-03 07:00:00+00:00,66.19000244140625,66.59500122070312,66.17500305175781,66.47000122070312,993.0
2026-09-03 08:00:00+00:00,66.46499633789062,66.79499816894531,66.4000015258789,66.48999786376953,1696.0
2026-09-03 09:00:00+00:00,66.4749984741211,66.58000183105469,66.19999694824219,66.25,618.0
2026-09-03 10:00:00+00:00,66.25499725341797,66.26000213623047,65.97000122070312,66.13500213623047,1158.0
2026-09-03 11:00:00+00:00,66.13999938964844,66.4800033569336,66.12000274658203,66.375,1536.0
2026-09-03 12:00:00+00:00,66.37000274658203,67.36499786376953,66.16999816894531,67.26000213623047,5639.0
2026-09-03 13:00:00+00:00,67.24500274658203,67.3499984741211,66.56999969482422,67.0,4153.0
2026-09-03 14:00:00+00:00,66.98999786376953,67.33999633789062,66.7249984741211,67.33000183105469,3439.0
2026-09-03 15:00:00+00:00,67.34500122070312,68.08000183105469,67.34500122070312,67.69499969482422,5893.0
2026-09-03 16:00:00+00:00,67.69999694824219,67.83999633789062,67.56500244140625,67.61000061035156,1630.0
2026-09-03 17:00:00+00:00,67.62000274658203,67.8550033569336,67.59500122070312,67.73999786376953,2553.0
2026-09-03 18:00:00+00:00,67.75,67.78500366210938,67.45500183105469,67.4749984741211,1024.0
2026-09-03 19:00:00+00:00,67.4749984741211,67.69000244140625,67.44999694824219,67.6449966430664,798.0
2026-09-03 20:00:00+00:00,67.6449966430664,67.6449966430664,67.51000213623047,67.58000183105469,391.0
2026-09-03 21:00:00+00:00,67.58499908447266,67.58499908447266,67.58499908447266,67.58499908447266,1.0
2026-09-03 22:00:00+00:00,67.62999725341797,67.69000244140625,67.55000305175781,67.58499908447266,0.0
2026-09-03 23:00:00+00:00,67.58499908447266,67.625,67.51000213623047,67.59500122070312,260.0
2026-09-04 00:00:00+00:00,67.58499908447266,67.76499938964844,67.41500091552734,67.72000122070312,735.0
2026-09-04 01:00:00+00:00,67.7249984741211,67.80999755859375,67.17500305175781,67.45999908447266,1829.0
2026-09-04 02:00:00+00:00,67.4749984741211,67.55000305175781,67.20500183105469,67.42500305175781,862.0
2026-09-04 03:00:00+00:00,67.41999816894531,67.41999816894531,67.19999694824219,67.21499633789062,360.0
2026-09-04 04:00:00+00:00,67.19499969482422,67.375,67.16000366210938,67.36000061035156,353.0
2026-09-04 05:00:00+00:00,67.38500213623047,67.48500061035156,67.11499786376953,67.26499938964844,737.0
2026-09-04 06:00:00+00:00,67.26000213623047,67.30999755859375,66.87999725341797,67.16500091552734,1313.0
2026-09-04 07:00:00+00:00,67.1449966430664,67.63500213623047,67.125,67.58000183105469,997.0
2026-09-04 08:00:00+00:00,67.56999969482422,67.76000213623047,67.56999969482422,67.63999938964844,789.0
2026-09-04 09:00:00+00:00,67.6500015258789,67.66000366210938,67.20500183105469,67.26000213623047,851.0
2026-09-04 10:00:00+00:00,67.26499938964844,67.49500274658203,67.25499725341797,67.4000015258789,743.0
2026-09-04 11:00:00+00:00,67.38999938964844,67.6050033569336,67.31500244140625,67.5,987.0
2026-09-04 12:00:00+00:00,67.51000213623047,67.80000305175781,65.67500305175781,66.11000061035156,8945.0
2026-09-04 13:00:00+00:00,66.09500122070312,66.68499755859375,65.33499908447266,66.18499755859375,8214.0
2026-09-04 14:00:00+00:00,66.18499755859375,66.86000061035156,66.12999725341797,66.4749984741211,4185.0
2026-09-04 15:00:00+00:00,66.4749984741211,66.9800033569336,66.41000366210938,66.76499938964844,2466.0
2026-09-04 16:00:00+00:00,66.76499938964844,66.86499786376953,66.6449966430664,66.71499633789062,1372.0
2026-09-04 17:00:00+00:00,66.71499633789062,66.87000274658203,66.38999938964844,66.49500274658203,2257.0
2026-09-04 18:00:00+00:00,66.4749984741211,66.65499877929688,66.36000061035156,66.61000061035156,730.0
2026-09-04 19:00:00+00:00,66.6050033569336,66.90499877929688,66.58000183105469,66.83499908447266,733.0
2026-09-04 20:00:00+00:00,66.83000183105469,66.84500122070312,66.73999786376953,66.74800109863281,384.0
2026-09-08 04:00:00+00:00,67.6449966430664,67.76499938964844,67.58499908447266,67.66500091552734,421.0
2026-09-08 05:00:00+00:00,67.67500305175781,67.71499633789062,67.08999633789062,67.19999694824219,1217.0
2026-09-08 06:00:00+00:00,67.19999694824219,67.20500183105469,66.58000183105469,66.81500244140625,2223.0
2026-09-08 07:00:00+00:00,66.80500030517578,67.09500122070312,66.45999908447266,66.55500030517578,1086.0
2026-09-08 08:00:00+00:00,66.56999969482422,66.61000061035156,66.31500244140625,66.4749984741211,955.0
2026-09-08 09:00:00+00:00,66.4749984741211,66.77999877929688,66.45500183105469,66.75499725341797,613.0
2026-09-08 10:00:00+00:00,66.73500061035156,66.90499877929688,66.50499725341797,66.50499725341797,1059.0
2026-09-08 11:00:00+00:00,66.51000213623047,66.92500305175781,66.47000122070312,66.8949966430664,1598.0
2026-09-08 12:00:00+00:00,66.88999938964844,67.11000061035156,66.38500213623047,67.08999633789062,3944.0
2026-09-08 13:00:00+00:00,67.08000183105469,67.29499816894531,66.4800033569336,66.81999969482422,4262.0
2026-09-08 14:00:00+00:00,66.83000183105469,66.88999938964844,66.45999908447266,66.80000305175781,2105.0
2026-09-08 15:00:00+00:00,66.80500030517578,67.13999938964844,66.78500366210938,66.83499908447266,2341.0
2026-09-08 16:00:00+00:00,66.82499694824219,67.04499816894531,66.46499633789062,66.94499969482422,2229.0
2026-09-08 17:00:00+00:00,66.94499969482422,67.21499633789062,66.8499984741211,66.95500183105469,2457.0
2026-09-08 18:00:00+00:00,66.95999908447266,67.0250015258789,66.13999938964844,66.68000030517578,3016.0
2026-09-08 19:00:00+00:00,66.66999816894531,66.75499725341797,66.32499694824219,66.37000274658203,1178.0
2026-09-08 20:00:00+00:00,66.36000061035156,66.47000122070312,66.19999694824219,66.375,863.0
2026-09-08 22:00:00+00:00,66.44000244140625,66.44000244140625,66.12999725341797,66.22000122070312,0.0
2026-09-08 23:00:00+00:00,66.2249984741211,66.375,66.16999816894531,66.19999694824219,454.0
2026-09-09 00:00:00+00:00,66.20999908447266,66.76499938964844,66.19999694824219,66.74500274658203,646.0
2026-09-09 01:00:00+00:00,66.73999786376953,66.90499877929688,66.29499816894531,66.70500183105469,1227.0
2026-09-09 02:00:00+00:00,66.69499969482422,67.30999755859375,66.50499725341797,67.11000061035156,1237.0
2026-09-09 03:00:00+00:00,67.12000274658203,67.13999938964844,66.82499694824219,66.875,456.0
2026-09-09 04:00:00+00:00,66.8499984741211,66.97000122070312,66.70500183105469,66.95999908447266,266.0
2026-09-09 05:00:00+00:00,66.94000244140625,67.38500213623047,66.91500091552734,67.33499908447266,1542.0
2026-09-09 06:00:00+00:00,67.33999633789062,67.48999786376953,67.20500183105469,67.29000091552734,930.0
2026-09-09 07:00:00+00:00,67.29000091552734,67.6449966430664,67.25499725341797,67.49500274658203,1163.0
2026-09-09 08:00:00+00:00,67.5,67.50499725341797,67.19499969482422,67.26000213623047,705.0
2026-09-09 09:00:00+00:00,67.2699966430664,67.33000183105469,66.81500244140625,66.86499786376953,980.0
2026-09-09 10:00:00+00:00,66.875,66.98999786376953,66.68499755859375,66.86000061035156,1072.0
2026-09-09 11:00:00+00:00,66.86000061035156,67.25499725341797,66.86000061035156,66.93499755859375,1482.0
2026-09-09 12:00:00+00:00,66.92500305175781,67.13999938964844,66.61499786376953,67.0250015258789,2415.0
2026-09-09 13:00:00+00:00,67.02999877929688,68.51000213623047,66.98999786376953,67.98500061035156,10111.0
2026-09-09 14:00:00+00:00,67.9800033569336,68.94499969482422,67.9800033569336,68.6449966430664,7041.0
2026-09-09 15:00:00+00:00,68.6449966430664,68.95999908447266,67.2249984741211,67.91999816894531,10123.0
2026-09-09 16:00:00+00:00,67.92500305175781,68.54499816894531,67.79499816894531,68.51499938964844,3632.0
2026-09-09 17:00:00+00:00,68.51499938964844,68.9800033569336,68.49500274658203,68.55000305175781,4336.0
2026-09-09 18:00:00+00:00,68.56500244140625,68.6500015258789,68.06999969482422,68.08000183105469,1514.0
2026-09-09 19:00:00+00:00,68.08499908447266,68.2249984741211,67.81999969482422,67.87999725341797,1341.0
2026-09-09 20:00:00+00:00,67.875,67.94000244140625,67.75499725341797,67.92500305175781,752.0
2026-09-09 22:00:00+00:00,67.94499969482422,68.04499816894531,67.86499786376953,67.88999938964844,0.0
2026-09-09 23:00:00+00:00,67.90499877929688,67.95999908447266,67.77999877929688,67.82499694824219,370.0
2026-09-10 00:00:00+00:00,67.81999969482422,67.99500274658203,67.80500030517578,67.93499755859375,693.0
2026-09-10 01:00:00+00:00,67.93000030517578,68.30000305175781,67.8550033569336,67.97000122070312,1695.0
2026-09-10 02:00:00+00:00,67.95500183105469,68.29000091552734,67.87999725341797,68.2300033569336,877.0
2026-09-10 03:00:00+00:00,68.2300033569336,68.25499725341797,67.96499633789062,67.99500274658203,521.0
2026-09-10 04:00:00+00:00,68.00499725341797,68.15499877929688,67.99500274658203,68.06999969482422,226.0
2026-09-10 05:00:00+00:00,68.06999969482422,68.52999877929688,68.05000305175781,68.52999877929688,1155.0
2026-09-10 06:00:00+00:00,68.52999877929688,68.58499908447266,68.13500213623047,68.18499755859375,1330.0
2026-09-10 07:00:00+00:00,68.18499755859375,68.19000244140625,67.70999908447266,67.94000244140625,1268.0
2026-09-10 08:00:00+00:00,67.93499755859375,67.98999786376953,67.29499816894531,67.33499908447266,1868.0
2026-09-10 09:00:00+00:00,67.33499908447266,67.38999938964844,67.01499938964844,67.20999908447266,1465.0
2026-09-10 10:00:00+00:00,67.18499755859375,67.32499694824219,66.24500274658203,66.28500366210938,4378.0
2026-09-10 11:00:00+00:00,66.29000091552734,66.53500366210938,66.08499908447266,66.13999938964844,4174.0
2026-09-10 12:00:00+00:00,66.13999938964844,66.33000183105469,64.45500183105469,64.57499694824219,12990.0
2026-09-10 13:00:00+00:00,64.58999633789062,65.56500244140625,64.55999755859375,65.08499908447266,11687.0
2026-09-10 14:00:00+00:00,65.09500122070312,65.40499877929688,64.71499633789062,64.98999786376953,6759.0
2026-09-10 15:00:00+00:00,65.0,65.1500015258789,64.80000305175781,64.875,3029.0
2026-09-10 16:00:00+00:00,64.87000274658203,64.97000122070312,64.51499938964844,64.81999969482422,3675.0
2026-09-10 17:00:00+00:00,64.82499694824219,65.00499725341797,64.68000030517578,64.73999786376953,3990.0
2026-09-10 18:00:00+00:00,64.74500274658203,64.79499816894531,64.1500015258789,64.3949966430664,4008.0
2026-09-10 19:00:00+00:00,64.37999725341797,64.38500213623047,64.05000305175781,64.18000030517578,1929.0
2026-09-10 20:00:00+00:00,64.18499755859375,64.19000244140625,64.01499938964844,64.08999633789062,703.0
2026-09-10 22:00:00+00:00,64.1449966430664,64.19499969482422,63.7599983215332,64.0199966430664,0.0
2026-09-10 23:00:00+00:00,64.02999877929688,64.1050033569336,63.8849983215332,63.94499969482422,369.0
2026-09-11 00:00:00+00:00,63.939998626708984,64.25499725341797,63.91999816894531,64.18499755859375,711.0
2026-09-11 01:00:00+00:00,64.16999816894531,64.31999969482422,63.709999084472656,63.970001220703125,2689.0
2026-09-11 02:00:00+00:00,63.96500015258789,64.0,63.625,63.85499954223633,1444.0
2026-09-11 03:00:00+00:00,63.849998474121094,63.974998474121094,63.5099983215332,63.56999969482422,1300.0
2026-09-11 04:00:00+00:00,63.564998626708984,64.20999908447266,63.52000045776367,64.02999877929688,1116.0
2026-09-11 05:00:00+00:00,64.04000091552734,64.61499786376953,64.03500366210938,64.45500183105469,1912.0
2026-09-11 06:00:00+00:00,64.45500183105469,64.69499969482422,64.31999969482422,64.46499633789062,1866.0
2026-09-11 07:00:00+00:00,64.44499969482422,64.59500122070312,64.3499984741211,64.4749984741211,1123.0
2026-09-11 08:00:00+00:00,64.48500061035156,64.8499984741211,64.30999755859375,64.58499908447266,2076.0
2026-09-11 09:00:00+00:00,64.59500122070312,64.7300033569336,64.3949966430664,64.51499938964844,703.0
2026-09-11 10:00:00+00:00,64.49500274658203,64.58999633789062,64.30500030517578,64.33000183105469,1143.0
2026-09-11 11:00:00+00:00,64.33000183105469,64.45500183105469,64.2249984741211,64.31500244140625,1517.0
2026-09-11 12:00:00+00:00,64.34500122070312,65.73500061035156,63.150001525878906,65.68000030517578,10647.0
2026-09-11 13:00:00+00:00,65.67500305175781,65.81999969482422,65.20999908447266,65.78500366210938,7855.0
2026-09-11 14:00:00+00:00,65.79000091552734,65.80500030517578,65.04000091552734,65.05999755859375,5225.0
2026-09-11 15:00:00+00:00,65.05500030517578,65.1050033569336,64.7750015258789,64.98500061035156,2465.0
2026-09-11 16:00:00+00:00,64.99500274658203,65.12999725341797,64.61000061035156,64.96499633789062,2696.0
2026-09-11 17:00:00+00:00,64.95999908447266,65.23500061035156,64.95999908447266,65.00499725341797,2042.0
2026-09-11 18:00:00+00:00,65.01000213623047,65.05000305175781,64.75,64.80000305175781,1294.0
2026-09-11 19:00:00+00:00,64.80000305175781,64.99500274658203,64.76499938964844,64.91000366210938,1126.0
2026-09-11 20:00:00+00:00,64.91500091552734,65.18800354003906,64.86499786376953,65.18800354003906,474.0
2026-09-13 22:00:00+00:00,64.3499984741211,64.57499694824219,64.30000305175781,64.55500030517578,520.0
2026-09-13 23:00:00+00:00,64.57499694824219,64.67500305175781,64.36499786376953,64.4749984741211,279.0
2026-09-14 00:00:00+00:00,64.40499877929688,64.81999969482422,64.3550033569336,64.5250015258789,790.0
2026-09-14 01:00:00+00:00,64.5250015258789,64.80500030517578,64.21499633789062,64.74500274658203,1442.0
2026-09-14 02:00:00+00:00,64.75499725341797,64.9800033569336,64.41000366210938,64.43000030517578,858.0
2026-09-14 03:00:00+00:00,64.41500091552734,64.5999984741211,64.34500122070312,64.41000366210938,560.0
2026-09-14 04:00:00+00:00,64.41999816894531,64.48999786376953,64.31999969482422,64.44499969482422,454.0
2026-09-14 05:00:00+00:00,64.44999694824219,64.625,64.18499755859375,64.54000091552734,1241.0
2026-09-14 06:00:00+00:00,64.5250015258789,64.57499694824219,64.1050033569336,64.13999938964844,1072.0
2026-09-14 07:00:00+00:00,64.1449966430664,64.20999908447266,63.69499969482422,63.80500030517578,1601.0
2026-09-14 08:00:00+00:00,63.810001373291016,63.94499969482422,63.650001525878906,63.75,1247.0
2026-09-14 09:00:00+00:00,63.72999954223633,63.810001373291016,62.79999923706055,63.1150016784668,4015.0
2026-09-14 10:00:00+00:00,63.095001220703125,63.38999938964844,62.97999954223633,63.26499938964844,1386.0
2026-09-14 11:00:00+00:00,63.27000045776367,63.584999084472656,63.2400016784668,63.38999938964844,1704.0
2026-09-14 12:00:00+00:00,63.38999938964844,63.665000915527344,63.09000015258789,63.15999984741211,3476.0
2026-09-14 13:00:00+00:00,63.165000915527344,63.595001220703125,62.959999084472656,63.314998626708984,5167.0
2026-09-14 14:00:00+00:00,63.314998626708984,63.7400016784668,63.20000076293945,63.46500015258789,3470.0
2026-09-14 15:00:00+00:00,63.47999954223633,64.1050033569336,63.345001220703125,63.779998779296875,4997.0
2026-09-14 16:00:00+00:00,63.78499984741211,64.3550033569336,63.70500183105469,64.21499633789062,2730.0
2026-09-14 17:00:00+00:00,64.22000122070312,64.28500366210938,64.1050033569336,64.22000122070312,1922.0
2026-09-14 18:00:00+00:00,64.2249984741211,64.33999633789062,64.12999725341797,64.19000244140625,833.0
2026-09-14 19:00:00+00:00,64.17500305175781,64.18000030517578,63.459999084472656,63.474998474121094,1706.0
2026-09-14 20:00:00+00:00,63.474998474121094,63.77000045776367,63.45000076293945,63.755001068115234,551.0
2026-09-14 22:00:00+00:00,63.7599983215332,63.900001525878906,63.66999816894531,63.73500061035156,0.0
2026-09-14 23:00:00+00:00,63.73500061035156,63.755001068115234,63.61000061035156,63.64500045776367,236.0
2026-09-15 00:00:00+00:00,63.654998779296875,63.66999816894531,63.38999938964844,63.6349983215332,597.0
2026-09-15 01:00:00+00:00,63.654998779296875,64.08000183105469,63.54999923706055,63.880001068115234,1523.0
2026-09-15 02:00:00+00:00,63.8849983215332,64.06999969482422,63.85499954223633,64.04000091552734,1022.0
2026-09-15 03:00:00+00:00,64.05000305175781,64.08000183105469,63.84000015258789,63.86000061035156,407.0
2026-09-15 04:00:00+00:00,63.83000183105469,63.90999984741211,63.775001525878906,63.83000183105469,238.0
2026-09-15 05:00:00+00:00,63.81999969482422,63.86000061035156,63.494998931884766,63.69499969482422,831.0
2026-09-15 06:00:00+00:00,63.720001220703125,63.744998931884766,63.51499938964844,63.64500045776367,834.0
2026-09-15 07:00:00+00:00,63.625,63.68000030517578,63.21500015258789,63.29999923706055,943.0
2026-09-15 08:00:00+00:00,63.29499816894531,63.3849983215332,63.03499984741211,63.2599983215332,908.0
2026-09-15 09:00:00+00:00,63.279998779296875,63.560001373291016,63.20000076293945,63.540000915527344,977.0
2026-09-15 10:00:00+00:00,63.54999923706055,63.72999954223633,63.51499938964844,63.63999938964844,882.0
2026-09-15 11:00:00+00:00,63.64500045776367,63.80500030517578,63.56999969482422,63.76499938964844,1029.0
2026-09-15 12:00:00+00:00,63.75,64.43499755859375,63.60499954223633,64.27999877929688,2675.0
2026-09-15 13:00:00+00:00,64.26499938964844,64.44000244140625,64.03500366210938,64.31500244140625,3463.0
2026-09-15 14:00:00+00:00,64.31500244140625,64.34500122070312,63.57500076293945,63.654998779296875,3177.0
2026-09-15 15:00:00+00:00,63.65999984741211,63.974998474121094,63.59000015258789,63.79499816894531,2118.0
2026-09-15 16:00:00+00:00,63.779998779296875,63.9900016784668,63.63999938964844,63.95000076293945,1355.0
2026-09-15 17:00:00+00:00,63.959999084472656,64.01000213623047,63.79499816894531,63.994998931884766,1956.0
2026-09-15 18:00:00+00:00,64.01000213623047,64.42500305175781,63.94499969482422,64.37999725341797,1863.0
2026-09-15 19:00:00+00:00,64.38500213623047,64.46499633789062,64.1500015258789,64.19000244140625,1041.0
2026-09-15 20:00:00+00:00,64.19499969482422,64.2249984741211,64.07499694824219,64.18499755859375,466.0
2026-09-15 22:00:00+00:00,64.18499755859375,64.33999633789062,64.18499755859375,64.25,0.0
2026-09-15 23:00:00+00:00,64.25499725341797,64.26000213623047,64.16000366210938,64.18499755859375,283.0
2026-09-16 00:00:00+00:00,64.18499755859375,64.26499938964844,63.939998626708984,63.959999084472656,486.0
2026-09-16 01:00:00+00:00,63.97999954223633,64.4800033569336,63.96500015258789,64.08000183105469,1244.0
2026-09-16 02:00:00+00:00,64.0999984741211,65.31999969482422,64.0999984741211,65.26499938964844,2810.0
2026-09-16 03:00:00+00:00,65.25499725341797,65.3949966430664,65.0,65.11000061035156,1866.0
2026-09-16 04:00:00+00:00,65.125,65.18000030517578,65.05999755859375,65.0999984741211,334.0
2026-09-16 05:00:00+00:00,65.0999984741211,65.31999969482422,65.04000091552734,65.1449966430664,971.0
2026-09-16 06:00:00+00:00,65.13500213623047,65.26000213623047,64.93000030517578,65.25499725341797,1043.0
2026-09-16 07:00:00+00:00,65.25499725341797,65.41500091552734,65.02999877929688,65.05000305175781,904.0
2026-09-16 08:00:00+00:00,65.03500366210938,65.125,64.7750015258789,65.06500244140625,1635.0
2026-09-16 09:00:00+00:00,65.06999969482422,65.07499694824219,64.88500213623047,65.02999877929688,713.0
2026-09-16 10:00:00+00:00,65.02999877929688,65.2750015258789,64.94499969482422,65.2699966430664,903.0
2026-09-16 11:00:00+00:00,65.28500366210938,65.46499633789062,65.2300033569336,65.26000213623047,2120.0
2026-09-16 12:00:00+00:00,65.2699966430664,65.33499908447266,64.94999694824219,65.27999877929688,2585.0
2026-09-16 13:00:00+00:00,65.28500366210938,65.33499908447266,64.87999725341797,64.91999816894531,3704.0
2026-09-16 14:00:00+00:00,64.91500091552734,65.2300033569336,64.61499786376953,65.19999694824219,3135.0
2026-09-16 15:00:00+00:00,65.20500183105469,65.38500213623047,64.98500061035156,65.05500030517578,3629.0
2026-09-16 16:00:00+00:00,65.05999755859375,65.12999725341797,64.90499877929688,64.99500274658203,1194.0
2026-09-16 17:00:00+00:00,64.98999786376953,65.41000366210938,64.78500366210938,65.41000366210938,2534.0
2026-09-16 18:00:00+00:00,65.30999755859375,65.43000030517578,63.45000076293945,63.540000915527344,13251.0
2026-09-16 19:00:00+00:00,63.525001525878906,64.125,62.75,63.625,6962.0
2026-09-16 20:00:00+00:00,63.60499954223633,63.650001525878906,63.314998626708984,63.41999816894531,950.0
2026-09-16 22:00:00+00:00,63.42499923706055,63.5099983215332,63.279998779296875,63.36000061035156,0.0
2026-09-16 23:00:00+00:00,63.36000061035156,63.75,63.290000915527344,63.685001373291016,849.0
2026-09-17 00:00:00+00:00,63.685001373291016,63.94499969482422,63.560001373291016,63.64500045776367,995.0
2026-09-17 01:00:00+00:00,63.64500045776367,64.61000061035156,63.64500045776367,63.95000076293945,3149.0
2026-09-17 02:00:00+00:00,63.935001373291016,64.00499725341797,63.494998931884766,63.625,2264.0
2026-09-17 03:00:00+00:00,63.619998931884766,64.19999694824219,63.619998931884766,64.19999694824219,817.0
2026-09-17 04:00:00+00:00,64.16000366210938,64.23999786376953,64.04000091552734,64.17500305175781,331.0
2026-09-17 05:00:00+00:00,64.19000244140625,64.25,63.88999938964844,64.20999908447266,831.0
2026-09-17 06:00:00+00:00,64.19499969482422,64.36499786376953,64.1449966430664,64.25499725341797,1564.0
2026-09-17 07:00:00+00:00,64.2750015258789,64.91000366210938,64.23999786376953,64.79000091552734,2704.0
2026-09-17 08:00:00+00:00,64.79499816894531,64.80500030517578,64.26000213623047,64.31500244140625,930.0
2026-09-17 09:00:00+00:00,64.33499908447266,64.51499938964844,64.33499908447266,64.38500213623047,550.0
2026-09-17 10:00:00+00:00,64.38500213623047,64.625,64.31999969482422,64.57499694824219,802.0
2026-09-17 11:00:00+00:00,64.58000183105469,65.26000213623047,64.54499816894531,65.25499725341797,2973.0
2026-09-17 12:00:00+00:00,65.25,66.12000274658203,65.07499694824219,66.0,7195.0
2026-09-17 13:00:00+00:00,65.99500274658203,66.2699966430664,65.75499725341797,66.2300033569336,5832.0
2026-09-17 14:00:00+00:00,66.24500274658203,66.66999816894531,66.01000213623047,66.05999755859375,5591.0
2026-09-17 15:00:00+00:00,66.06500244140625,66.42500305175781,66.05000305175781,66.41000366210938,2039.0
2026-09-17 16:00:00+00:00,66.40499877929688,66.45999908447266,66.0250015258789,66.19999694824219,1918.0
2026-09-17 17:00:00+00:00,66.21499633789062,66.3949966430664,66.05500030517578,66.08499908447266,2279.0
2026-09-17 18:00:00+00:00,66.08999633789062,66.22000122070312,65.81999969482422,65.8499984741211,1272.0
2026-09-17 19:00:00+00:00,65.8499984741211,65.94999694824219,65.7300033569336,65.80999755859375,1268.0
2026-09-17 20:00:00+00:00,65.81500244140625,65.83499908447266,65.68000030517578,65.71499633789062,484.0
2026-09-17 22:00:00+00:00,65.76499938964844,65.93000030517578,65.73999786376953,65.81999969482422,0.0
2026-09-17 23:00:00+00:00,65.81500244140625,65.96499633789062,65.7699966430664,65.91000366210938,473.0
2026-09-18 00:00:00+00:00,65.91000366210938,66.27999877929688,65.8499984741211,66.26499938964844,705.0
2026-09-18 01:00:00+00:00,66.27999877929688,66.48500061035156,66.05500030517578,66.26499938964844,1425.0
2026-09-18 02:00:00+00:00,66.2750015258789,66.44999694824219,66.08999633789062,66.16000366210938,872.0
2026-09-18 03:00:00+00:00,66.16000366210938,66.63500213623047,66.03500366210938,66.58000183105469,1293.0
2026-09-18 04:00:00+00:00,66.61000061035156,66.66000366210938,66.36499786376953,66.66000366210938,581.0
2026-09-18 05:00:00+00:00,66.65499877929688,67.18000030517578,66.57499694824219,67.16999816894531,3421.0
2026-09-18 06:00:00+00:00,67.15499877929688,67.33499908447266,67.08999633789062,67.30500030517578,1801.0
2026-09-18 07:00:00+00:00,67.31500244140625,67.68499755859375,67.28500366210938,67.53500366210938,2387.0
2026-09-18 08:00:00+00:00,67.53500366210938,67.84500122070312,67.48999786376953,67.79000091552734,1806.0
2026-09-18 09:00:00+00:00,67.80500030517578,67.8949966430664,67.48999786376953,67.56999969482422,1143.0
2026-09-18 10:00:00+00:00,67.56500244140625,67.59500122070312,67.44000244140625,67.59500122070312,840.0
2026-09-18 11:00:00+00:00,67.6050033569336,67.7249984741211,67.26000213623047,67.48500061035156,2146.0
2026-09-18 12:00:00+00:00,67.4800033569336,67.5,66.76499938964844,67.1449966430664,4662.0
2026-09-18 13:00:00+00:00,67.1500015258789,67.30500030517578,66.72000122070312,66.75499725341797,3960.0
2026-09-18 14:00:00+00:00,66.75499725341797,66.93000030517578,66.50499725341797,66.87000274658203,3503.0
2026-09-18 15:00:00+00:00,66.87000274658203,66.9749984741211,66.73500061035156,66.87999725341797,1938.0
2026-09-18 16:00:00+00:00,66.87000274658203,67.32499694824219,66.75,67.11499786376953,3473.0
2026-09-18 17:00:00+00:00,67.11499786376953,67.33999633789062,67.06500244140625,67.26499938964844,2333.0
2026-09-18 18:00:00+00:00,67.26499938964844,67.37999725341797,66.9749984741211,67.01000213623047,1732.0
2026-09-18 19:00:00+00:00,67.0,67.1449966430664,66.76499938964844,66.86499786376953,1569.0
2026-09-18 20:00:00+00:00,66.86499786376953,67.14900207519531,66.69499969482422,67.14900207519531,737.0
