time,Open,High,Low,Close,Volume
2026-08-14 04:00:00+00:00,64.13500213623047,64.16000366210938,64.08000183105469,64.0999984741211,65.0
2026-08-14 04:15:00+00:00,64.1050033569336,64.18000030517578,64.09500122070312,64.12999725341797,43.0
2026-08-14 04:30:00+00:00,64.125,64.12999725341797,64.08000183105469,64.09500122070312,46.0
2026-08-14 04:45:00+00:00,64.06999969482422,64.1449966430664,64.05000305175781,64.1449966430664,44.0
2026-08-14 05:00:00+00:00,64.13999938964844,64.13999938964844,63.900001525878906,63.974998474121094,202.0
2026-08-14 05:15:00+00:00,63.95000076293945,64.0,63.89500045776367,63.959999084472656,146.0
2026-08-14 05:30:00+00:00,63.939998626708984,64.05999755859375,63.64500045776367,63.90999984741211,894.0
2026-08-14 05:45:00+00:00,63.93000030517578,64.44499969482422,63.93000030517578,64.41000366210938,644.0
2026-08-14 06:00:00+00:00,64.41999816894531,64.56500244140625,64.27999877929688,64.50499725341797,500.0
2026-08-14 06:15:00+00:00,64.48500061035156,64.54000091552734,64.3550033569336,64.3949966430664,322.0
2026-08-14 06:30:00+00:00,64.3949966430664,64.47000122070312,64.3550033569336,64.43000030517578,177.0
2026-08-14 06:45:00+00:00,64.43499755859375,64.55000305175781,64.38999938964844,64.5250015258789,195.0
2026-08-14 07:00:00+00:00,64.52999877929688,64.56500244140625,64.44000244140625,64.44000244140625,245.0
2026-08-14 07:15:00+00:00,64.45500183105469,64.52999877929688,64.40499877929688,64.40499877929688,96.0
2026-08-14 07:30:00+00:00,64.41500091552734,64.77999877929688,64.4000015258789,64.73999786376953,349.0
2026-08-14 07:45:00+00:00,64.74500274658203,64.86499786376953,64.7300033569336,64.7699966430664,259.0
2026-08-14 08:00:00+00:00,64.76000213623047,64.83499908447266,64.67500305175781,64.79499816894531,557.0
2026-08-14 08:15:00+00:00,64.79499816894531,64.86499786376953,64.66999816894531,64.70999908447266,191.0
2026-08-14 08:30:00+00:00,64.73500061035156,64.90499877929688,64.66000366210938,64.76499938964844,343.0
2026-08-14 08:45:00+00:00,64.76499938964844,64.90499877929688,64.76499938964844,64.87999725341797,148.0
2026-08-14 09:00:00+00:00,64.86499786376953,64.91500091552734,64.81500244140625,64.83999633789062,204.0
2026-08-14 09:15:00+00:00,64.86000061035156,64.96499633789062,64.83000183105469,64.8550033569336,227.0
2026-08-14 09:30:00+00:00,64.87999725341797,64.93499755859375,64.80000305175781,64.9000015258789,117.0
2026-08-14 09:45:00+00:00,64.91000366210938,65.07499694824219,64.88999938964844,65.05500030517578,360.0
2026-08-14 10:00:00+00:00,65.05000305175781,65.07499694824219,64.93000030517578,64.94000244140625,255.0
2026-08-14 10:15:00+00:00,64.94000244140625,64.94000244140625,64.86000061035156,64.87000274658203,128.0
2026-08-14 10:30:00+00:00,64.88999938964844,64.88999938964844,64.79499816894531,64.80000305175781,156.0
2026-08-14 10:45:00+00:00,64.82499694824219,64.875,64.7699966430664,64.81999969482422,125.0
2026-08-14 11:00:00+00:00,64.83000183105469,64.875,64.76499938964844,64.83999633789062,326.0
2026-08-14 11:15:00+00:00,64.83999633789062,65.0250015258789,64.83999633789062,64.91999816894531,252.0
2026-08-14 11:30:00+00:00,64.91999816894531,65.16999816894531,64.8949966430664,65.09500122070312,513.0
2026-08-14 11:45:00+00:00,65.0999984741211,65.19000244140625,65.01000213623047,65.16999816894531,353.0
2026-08-14 12:00:00+00:00,65.16000366210938,65.19499969482422,64.94999694824219,65.06999969482422,509.0
2026-08-14 12:15:00+00:00,65.06500244140625,65.2249984741211,65.0,65.22000122070312,452.0
2026-08-14 12:30:00+00:00,65.2249984741211,65.28500366210938,65.06500244140625,65.11000061035156,722.0
2026-08-14 12:45:00+00:00,65.0999984741211,65.29000091552734,65.05500030517578,65.24500274658203,272.0
2026-08-14 13:00:00+00:00,65.25,65.42500305175781,65.09500122070312,65.09500122070312,765.0
2026-08-14 13:15:00+00:00,65.0999984741211,65.33000183105469,65.0999984741211,65.27999877929688,439.0
2026-08-14 13:30:00+00:00,65.30000305175781,65.6449966430664,65.2699966430664,65.61499786376953,1403.0
2026-08-14 13:45:00+00:00,65.58999633789062,65.61000061035156,65.38500213623047,65.55000305175781,804.0
2026-08-14 14:00:00+00:00,65.54499816894531,65.84500122070312,65.54000091552734,65.69499969482422,1242.0
2026-08-14 14:15:00+00:00,65.70999908447266,65.88500213623047,65.5999984741211,65.7249984741211,774.0
2026-08-14 14:30:00+00:00,65.7300033569336,65.75499725341797,65.50499725341797,65.58000183105469,632.0
2026-08-14 14:45:00+00:00,65.56500244140625,65.56999969482422,65.32499694824219,65.4000015258789,826.0
2026-08-14 15:00:00+00:00,65.375,65.55000305175781,65.36000061035156,65.44000244140625,484.0
2026-08-14 15:15:00+00:00,65.45500183105469,65.52999877929688,65.16500091552734,65.25499725341797,857.0
2026-08-14 15:30:00+00:00,65.25,65.29499816894531,65.16999816894531,65.2249984741211,467.0
2026-08-14 15:45:00+00:00,65.23500061035156,65.36499786376953,65.19499969482422,65.20500183105469,409.0
2026-08-14 16:00:00+00:00,65.21499633789062,65.29499816894531,65.08000183105469,65.09500122070312,877.0
2026-08-14 16:15:00+00:00,65.08999633789062,65.19999694824219,65.05500030517578,65.0999984741211,417.0
2026-08-14 16:30:00+00:00,65.09500122070312,65.13500213623047,64.9000015258789,65.05999755859375,649.0
2026-08-14 16:45:00+00:00,65.06999969482422,65.1500015258789,65.06500244140625,65.12999725341797,430.0
2026-08-14 17:00:00+00:00,65.12999725341797,65.16500091552734,64.99500274658203,65.1050033569336,482.0
2026-08-14 17:15:00+00:00,65.0999984741211,65.1500015258789,65.05999755859375,65.05999755859375,856.0
2026-08-14 17:30:00+00:00,65.05999755859375,65.11499786376953,64.96499633789062,64.9800033569336,410.0
2026-08-14 17:45:00+00:00,64.95999908447266,64.98500061035156,64.88500213623047,64.98500061035156,232.0
2026-08-14 18:00:00+00:00,64.96499633789062,65.04000091552734,64.90499877929688,64.94000244140625,345.0
2026-08-14 18:15:00+00:00,64.94999694824219,65.00499725341797,64.91999816894531,64.95999908447266,133.0
2026-08-14 18:30:00+00:00,64.95500183105469,65.01499938964844,64.8949966430664,64.93499755859375,200.0
2026-08-14 18:45:00+00:00,64.94000244140625,64.97000122070312,64.8499984741211,64.9000015258789,254.0
2026-08-14 19:00:00+00:00,64.91000366210938,64.93499755859375,64.81999969482422,64.92500305175781,162.0
2026-08-14 19:15:00+00:00,64.92500305175781,64.9800033569336,64.86499786376953,64.94000244140625,80.0
2026-08-14 19:30:00+00:00,64.94000244140625,64.97000122070312,64.86499786376953,64.87999725341797,135.0
2026-08-14 19:45:00+00:00,64.88999938964844,64.94999694824219,64.8550033569336,64.87999725341797,247.0
2026-08-14 20:00:00+00:00,64.875,64.87999725341797,64.79000091552734,64.81500244140625,224.0
2026-08-14 20:15:00+00:00,64.83000183105469,64.86000061035156,64.78500366210938,64.80999755859375,69.0
2026-08-14 20:30:00+00:00,64.80999755859375,64.87999725341797,64.78500366210938,64.87000274658203,69.0
2026-08-14 20:45:00+00:00,64.8550033569336,65.10800170898438,64.80999755859375,65.10800170898438,103.0
2026-08-16 22:00:00+00:00,64.92500305175781,64.95999908447266,64.9000015258789,64.94999694824219,33.0
2026-08-16 22:15:00+00:00,64.96499633789062,65.05500030517578,64.95500183105469,65.04499816894531,82.0
2026-08-16 22:30:00+00:00,65.05999755859375,65.13999938964844,65.04499816894531,65.08999633789062,120.0
2026-08-16 22:45:00+00:00,65.13500213623047,65.38999938964844,65.1050033569336,65.37999725341797,489.0
2026-08-16 23:00:00+00:00,65.36499786376953,65.37999725341797,65.25499725341797,65.25499725341797,196.0
2026-08-16 23:15:00+00:00,65.26000213623047,65.28500366210938,65.13999938964844,65.16999816894531,90.0
2026-08-16 23:30:00+00:00,65.18000030517578,65.18499755859375,64.91000366210938,64.91500091552734,323.0
2026-08-16 23:45:00+00:00,64.91500091552734,65.03500366210938,64.91000366210938,64.96499633789062,104.0
2026-08-17 00:00:00+00:00,64.98999786376953,65.2249984741211,64.96499633789062,65.16999816894531,111.0
2026-08-17 00:15:00+00:00,65.17500305175781,65.38999938964844,65.16999816894531,65.34500122070312,157.0
2026-08-17 00:30:00+00:00,65.32499694824219,65.5199966430664,65.31500244140625,65.49500274658203,230.0
2026-08-17 00:45:00+00:00,65.5,65.66999816894531,65.36499786376953,65.66999816894531,493.0
2026-08-17 01:00:00+00:00,65.65499877929688,66.1050033569336,65.61000061035156,66.01499938964844,1124.0
2026-08-17 01:15:00+00:00,65.99500274658203,66.3949966430664,65.96499633789062,66.05500030517578,1044.0
2026-08-17 01:30:00+00:00,66.05500030517578,66.06500244140625,65.80000305175781,66.05500030517578,412.0
2026-08-17 01:45:00+00:00,66.05500030517578,66.05999755859375,65.79000091552734,65.84500122070312,223.0
2026-08-17 02:00:00+00:00,65.875,65.99500274658203,65.8550033569336,65.91500091552734,202.0
2026-08-17 02:15:00+00:00,65.8550033569336,65.97000122070312,65.82499694824219,65.8949966430664,96.0
2026-08-17 02:30:00+00:00,65.90499877929688,66.0199966430664,65.73999786376953,65.8550033569336,287.0
2026-08-17 02:45:00+00:00,65.75,65.80000305175781,65.61499786376953,65.80000305175781,223.0
2026-08-17 03:00:00+00:00,65.80000305175781,65.87000274658203,65.62999725341797,65.6500015258789,162.0
2026-08-17 03:15:00+00:00,65.65499877929688,65.7699966430664,65.65499877929688,65.69999694824219,49.0
2026-08-17 03:30:00+00:00,65.75499725341797,65.80500030517578,65.70500183105469,65.76000213623047,134.0
2026-08-17 03:45:00+00:00,65.72000122070312,65.72000122070312,65.62999725341797,65.69499969482422,91.0
2026-08-17 04:00:00+00:00,65.7249984741211,65.74500274658203,65.66999816894531,65.69999694824219,111.0
2026-08-17 04:15:00+00:00,65.69000244140625,65.74500274658203,65.55000305175781,65.59500122070312,158.0
2026-08-17 04:30:00+00:00,65.56999969482422,65.77999877929688,65.55999755859375,65.7249984741211,139.0
2026-08-17 04:45:00+00:00,65.73999786376953,65.79000091552734,65.57499694824219,65.59500122070312,92.0
2026-08-17 05:00:00+00:00,65.5999984741211,65.74500274658203,65.5999984741211,65.63999938964844,68.0
2026-08-17 05:15:00+00:00,65.62000274658203,65.92500305175781,65.62000274658203,65.92500305175781,233.0
2026-08-17 05:30:00+00:00,65.91999816894531,66.02999877929688,65.8550033569336,65.93000030517578,308.0
2026-08-17 05:45:00+00:00,65.93000030517578,65.99500274658203,65.87999725341797,65.93000030517578,146.0
2026-08-17 06:00:00+00:00,65.94000244140625,66.12000274658203,65.94000244140625,65.98500061035156,390.0
2026-08-17 06:15:00+00:00,65.95500183105469,66.0,65.82499694824219,66.0,261.0
2026-08-17 06:30:00+00:00,65.96499633789062,65.96499633789062,65.83000183105469,65.91500091552734,250.0
2026-08-17 06:45:00+00:00,65.92500305175781,66.12000274658203,65.92500305175781,66.05999755859375,385.0
2026-08-17 07:00:00+00:00,66.06500244140625,66.06999969482422,65.80000305175781,65.81500244140625,320.0
2026-08-17 07:15:00+00:00,65.83499908447266,65.95500183105469,65.75,65.95500183105469,321.0
2026-08-17 07:30:00+00:00,65.95500183105469,66.125,65.94999694824219,66.00499725341797,454.0
2026-08-17 07:45:00+00:00,66.01499938964844,66.04000091552734,65.8499984741211,65.86000061035156,175.0
2026-08-17 08:00:00+00:00,65.83000183105469,65.83000183105469,65.6449966430664,65.77999877929688,305.0
2026-08-17 08:15:00+00:00,65.79499816894531,65.83000183105469,65.71499633789062,65.7249984741211,110.0
2026-08-17 08:30:00+00:00,65.70999908447266,65.7750015258789,65.65499877929688,65.65499877929688,184.0
2026-08-17 08:45:00+00:00,65.6449966430664,65.66500091552734,65.58499908447266,65.62000274658203,250.0
2026-08-17 09:00:00+00:00,65.6500015258789,65.73500061035156,65.58999633789062,65.68499755859375,139.0
2026-08-17 09:15:00+00:00,65.68000030517578,65.71499633789062,65.61499786376953,65.63999938964844,172.0
2026-08-17 09:30:00+00:00,65.63999938964844,65.70999908447266,65.59500122070312,65.66999816894531,136.0
2026-08-17 09:45:00+00:00,65.66500091552734,65.69999694824219,65.5999984741211,65.625,105.0
2026-08-17 10:00:00+00:00,65.625,65.69000244140625,65.55999755859375,65.66999816894531,168.0
2026-08-17 10:15:00+00:00,65.66999816894531,65.9749984741211,65.61499786376953,65.96499633789062,640.0
2026-08-17 10:30:00+00:00,65.94499969482422,65.9800033569336,65.69499969482422,65.79499816894531,354.0
2026-08-17 10:45:00+00:00,65.77999877929688,65.80500030517578,65.72000122070312,65.7300033569336,125.0
2026-08-17 11:00:00+00:00,65.73500061035156,65.83000183105469,65.69499969482422,65.79499816894531,405.0
2026-08-17 11:15:00+00:00,65.76499938964844,65.93000030517578,65.7300033569336,65.9000015258789,157.0
2026-08-17 11:30:00+00:00,65.90499877929688,65.9800033569336,65.86000061035156,65.86499786376953,283.0
2026-08-17 11:45:00+00:00,65.87999725341797,65.91000366210938,65.79000091552734,65.80999755859375,139.0
2026-08-17 12:00:00+00:00,65.80000305175781,65.88999938964844,65.73999786376953,65.77999877929688,279.0
2026-08-17 12:15:00+00:00,65.77999877929688,65.87999725341797,65.51000213623047,65.62999725341797,721.0
2026-08-17 12:30:00+00:00,65.63500213623047,65.75,65.30999755859375,65.31999969482422,1069.0
2026-08-17 12:45:00+00:00,65.30000305175781,65.49500274658203,65.29499816894531,65.38500213623047,689.0
2026-08-17 13:00:00+00:00,65.4000015258789,65.58999633789062,65.2249984741211,65.37999725341797,1246.0
2026-08-17 13:15:00+00:00,65.38500213623047,65.4749984741211,65.2699966430664,65.44499969482422,528.0
2026-08-17 13:30:00+00:00,65.45500183105469,65.58000183105469,65.38500213623047,65.42500305175781,616.0
2026-08-17 13:45:00+00:00,65.41500091552734,65.90499877929688,65.38999938964844,65.81999969482422,1002.0
2026-08-17 14:00:00+00:00,65.83499908447266,65.95999908447266,65.7699966430664,65.94999694824219,941.0
2026-08-17 14:15:00+00:00,65.94999694824219,66.45999908447266,65.93499755859375,66.12999725341797,2353.0
2026-08-17 14:30:00+00:00,66.11499786376953,66.45999908447266,66.11499786376953,66.375,1590.0
2026-08-17 14:45:00+00:00,66.3949966430664,66.55999755859375,66.28500366210938,66.38500213623047,914.0
2026-08-17 15:00:00+00:00,66.4000015258789,66.55000305175781,66.28500366210938,66.52999877929688,778.0
2026-08-17 15:15:00+00:00,66.52999877929688,66.73500061035156,66.5,66.72000122070312,1233.0
2026-08-17 15:30:00+00:00,66.71499633789062,66.73500061035156,66.51499938964844,66.5199966430664,623.0
2026-08-17 15:45:00+00:00,66.52999877929688,66.66999816894531,66.42500305175781,66.61000061035156,653.0
2026-08-17 16:00:00+00:00,66.62000274658203,66.63999938964844,66.45500183105469,66.50499725341797,741.0
2026-08-17 16:15:00+00:00,66.51000213623047,66.53500366210938,66.44999694824219,66.4749984741211,802.0
2026-08-17 16:30:00+00:00,66.48999786376953,66.58499908447266,66.43499755859375,66.51499938964844,847.0
2026-08-17 16:45:00+00:00,66.5,66.56500244140625,66.45500183105469,66.54000091552734,470.0
2026-08-17 17:00:00+00:00,66.54499816894531,66.58999633789062,66.44499969482422,66.44499969482422,984.0
2026-08-17 17:15:00+00:00,66.44000244140625,66.47000122070312,66.13500213623047,66.17500305175781,1653.0
2026-08-17 17:30:00+00:00,66.16500091552734,66.23999786376953,66.04000091552734,66.2249984741211,859.0
2026-08-17 17:45:00+00:00,66.2249984741211,66.28500366210938,66.06500244140625,66.08000183105469,637.0
2026-08-17 18:00:00+00:00,66.08499908447266,66.0999984741211,65.94000244140625,66.05999755859375,770.0
2026-08-17 18:15:00+00:00,66.06999969482422,66.16500091552734,65.99500274658203,66.04000091552734,415.0
2026-08-17 18:30:00+00:00,66.01000213623047,66.01000213623047,65.8499984741211,65.8949966430664,329.0
2026-08-17 18:45:00+00:00,65.8949966430664,66.0,65.8550033569336,65.95500183105469,256.0
2026-08-17 19:00:00+00:00,65.94999694824219,65.94999694824219,65.81500244140625,65.91500091552734,219.0
2026-08-17 19:15:00+00:00,65.93499755859375,66.12000274658203,65.93499755859375,66.06999969482422,443.0
2026-08-17 19:30:00+00:00,66.07499694824219,66.09500122070312,66.01000213623047,66.08999633789062,183.0
2026-08-17 19:45:00+00:00,66.08499908447266,66.125,65.97000122070312,66.05500030517578,233.0
2026-08-17 20:00:00+00:00,66.04499816894531,66.07499694824219,65.93499755859375,65.96499633789062,290.0
2026-08-17 20:15:00+00:00,65.95500183105469,65.98999786376953,65.90499877929688,65.91500091552734,116.0
2026-08-17 20:30:00+00:00,65.91999816894531,65.92500305175781,65.87000274658203,65.8949966430664,82.0
2026-08-17 20:45:00+00:00,65.9000015258789,65.94499969482422,65.88999938964844,65.90499877929688,166.0
2026-08-17 22:00:00+00:00,65.8949966430664,65.9800033569336,65.88500213623047,65.91500091552734,56.0
2026-08-17 22:15:00+00:00,65.90499877929688,65.90499877929688,65.76000213623047,65.81500244140625,203.0
2026-08-17 22:30:00+00:00,65.81500244140625,65.9000015258789,65.81500244140625,65.86000061035156,57.0
2026-08-17 22:45:00+00:00,65.86000061035156,65.86499786376953,65.77999877929688,65.80000305175781,47.0
2026-08-17 23:00:00+00:00,65.77999877929688,65.91999816894531,65.76499938964844,65.88999938964844,111.0
2026-08-17 23:15:00+00:00,65.9000015258789,66.01499938964844,65.9000015258789,65.97000122070312,99.0
2026-08-17 23:30:00+00:00,65.95500183105469,66.05000305175781,65.95500183105469,66.03500366210938,148.0
2026-08-17 23:45:00+00:00,66.0250015258789,66.08999633789062,66.00499725341797,66.08499908447266,134.0
2026-08-18 00:00:00+00:00,66.09500122070312,66.1449966430664,65.98500061035156,66.0,151.0
2026-08-18 00:15:00+00:00,66.07499694824219,66.56500244140625,66.05999755859375,66.5,407.0
2026-08-18 00:30:00+00:00,66.51000213623047,66.55000305175781,66.37000274658203,66.37000274658203,243.0
2026-08-18 00:45:00+00:00,66.38999938964844,66.59500122070312,66.3550033569336,66.54499816894531,263.0
2026-08-18 01:00:00+00:00,66.55500030517578,66.68499755859375,66.3949966430664,66.58000183105469,704.0
2026-08-18 01:15:00+00:00,66.58499908447266,66.68000030517578,66.3550033569336,66.55999755859375,321.0
2026-08-18 01:30:00+00:00,66.56500244140625,66.56500244140625,66.1050033569336,66.13500213623047,313.0
2026-08-18 01:45:00+00:00,66.12000274658203,66.16500091552734,65.55500030517578,65.76499938964844,1213.0
2026-08-18 02:00:00+00:00,65.75,65.75,65.46499633789062,65.54000091552734,394.0
2026-08-18 02:15:00+00:00,65.54499816894531,65.6500015258789,65.53500366210938,65.56999969482422,253.0
2026-08-18 02:30:00+00:00,65.55500030517578,65.56500244140625,65.2750015258789,65.3499984741211,611.0
2026-08-18 02:45:00+00:00,65.3499984741211,65.5,65.30500030517578,65.4749984741211,368.0
2026-08-18 03:00:00+00:00,65.4800033569336,65.6050033569336,65.41500091552734,65.51000213623047,369.0
2026-08-18 03:15:00+00:00,65.51000213623047,65.52999877929688,65.29000091552734,65.37999725341797,367.0
2026-08-18 03:30:00+00:00,65.375,65.41000366210938,65.31999969482422,65.33499908447266,311.0
2026-08-18 03:45:00+00:00,65.3499984741211,65.3499984741211,65.27999877929688,65.30500030517578,180.0
2026-08-18 04:00:00+00:00,65.30000305175781,65.3499984741211,65.23999786376953,65.31999969482422,251.0
2026-08-18 04:15:00+00:00,65.33000183105469,65.33000183105469,65.20999908447266,65.27999877929688,224.0
2026-08-18 04:30:00+00:00,65.30500030517578,65.34500122070312,65.19499969482422,65.26499938964844,180.0
2026-08-18 04:45:00+00:00,65.25,65.33999633789062,65.25,65.2699966430664,132.0
2026-08-18 05:00:00+00:00,65.25499725341797,65.2750015258789,65.16999816894531,65.19499969482422,212.0
2026-08-18 05:15:00+00:00,65.20999908447266,65.30999755859375,65.13999938964844,65.13999938964844,220.0
2026-08-18 05:30:00+00:00,65.13999938964844,65.19999694824219,64.84500122070312,65.18499755859375,1092.0
2026-08-18 05:45:00+00:00,65.19999694824219,65.36000061035156,65.1500015258789,65.29000091552734,541.0
2026-08-18 06:00:00+00:00,65.26000213623047,65.3550033569336,65.05500030517578,65.34500122070312,589.0
2026-08-18 06:15:00+00:00,65.33999633789062,65.52999877929688,65.26000213623047,65.48500061035156,582.0
2026-08-18 06:30:00+00:00,65.4800033569336,65.48500061035156,65.30999755859375,65.3550033569336,274.0
2026-08-18 06:45:00+00:00,65.3499984741211,65.43000030517578,65.32499694824219,65.37000274658203,282.0
2026-08-18 07:00:00+00:00,65.37000274658203,65.3949966430664,65.2750015258789,65.29000091552734,168.0
2026-08-18 07:15:00+00:00,65.29499816894531,65.40499877929688,65.29499816894531,65.38999938964844,332.0
2026-08-18 07:30:00+00:00,65.4000015258789,65.4000015258789,65.16999816894531,65.27999877929688,249.0
2026-08-18 07:45:00+00:00,65.30999755859375,65.31500244140625,65.11000061035156,65.11000061035156,261.0
2026-08-18 08:00:00+00:00,65.11499786376953,65.12999725341797,64.94000244140625,65.07499694824219,407.0
2026-08-18 08:15:00+00:00,65.06999969482422,65.08000183105469,64.99500274658203,65.04000091552734,229.0
2026-08-18 08:30:00+00:00,65.05500030517578,65.20999908447266,65.00499725341797,65.16500091552734,200.0
2026-08-18 08:45:00+00:00,65.16500091552734,65.17500305175781,65.0250015258789,65.09500122070312,252.0
2026-08-18 09:00:00+00:00,65.0999984741211,65.1449966430664,65.05000305175781,65.07499694824219,264.0
2026-08-18 09:15:00+00:00,65.05500030517578,65.11000061035156,64.98500061035156,65.05000305175781,134.0
2026-08-18 09:30:00+00:00,65.05500030517578,65.16000366210938,64.99500274658203,65.0,115.0
2026-08-18 09:45:00+00:00,65.00499725341797,65.20500183105469,65.0,65.19499969482422,77.0
2026-08-18 10:00:00+00:00,65.18499755859375,65.23999786376953,65.1500015258789,65.1500015258789,189.0
2026-08-18 10:15:00+00:00,65.19499969482422,65.21499633789062,65.05999755859375,65.11499786376953,248.0
2026-08-18 10:30:00+00:00,65.12999725341797,65.25499725341797,65.12999725341797,65.22000122070312,143.0
2026-08-18 10:45:00+00:00,65.23999786376953,65.2699966430664,65.20999908447266,65.23500061035156,124.0
2026-08-18 11:00:00+00:00,65.23999786376953,65.2750015258789,65.12000274658203,65.18499755859375,309.0
2026-08-18 11:15:00+00:00,65.15499877929688,65.17500305175781,65.06999969482422,65.06999969482422,390.0
2026-08-18 11:30:00+00:00,65.07499694824219,65.1449966430664,65.0250015258789,65.08499908447266,244.0
2026-08-18 11:45:00+00:00,65.08999633789062,65.2750015258789,65.08499908447266,65.26499938964844,288.0
2026-08-18 12:00:00+00:00,65.26000213623047,65.29000091552734,65.05000305175781,65.12999725341797,439.0
2026-08-18 12:15:00+00:00,65.1500015258789,65.3550033569336,65.08999633789062,65.2750015258789,667.0
2026-08-18 12:30:00+00:00,65.26499938964844,65.30500030517578,65.15499877929688,65.16500091552734,320.0
2026-08-18 12:45:00+00:00,65.16999816894531,65.33000183105469,65.16500091552734,65.23999786376953,319.0
2026-08-18 13:00:00+00:00,65.2300033569336,65.34500122070312,65.01499938964844,65.2750015258789,1077.0
2026-08-18 13:15:00+00:00,65.2750015258789,65.2750015258789,64.94499969482422,64.97000122070312,1124.0
2026-08-18 13:30:00+00:00,64.9749984741211,65.41500091552734,64.62999725341797,65.21499633789062,2340.0
2026-08-18 13:45:00+00:00,65.2300033569336,65.2300033569336,64.7699966430664,65.0,1330.0
2026-08-18 14:00:00+00:00,64.98999786376953,65.09500122070312,64.62999725341797,64.68000030517578,1320.0
2026-08-18 14:15:00+00:00,64.66500091552734,64.98999786376953,64.6449966430664,64.83499908447266,1162.0
2026-08-18 14:30:00+00:00,64.82499694824219,64.87000274658203,64.37000274658203,64.48999786376953,1747.0
2026-08-18 14:45:00+00:00,64.48999786376953,64.76000213623047,64.22000122070312,64.2699966430664,1894.0
2026-08-18 15:00:00+00:00,64.2699966430664,64.44000244140625,63.84000015258789,63.904998779296875,2866.0
2026-08-18 15:15:00+00:00,63.915000915527344,64.05500030517578,63.599998474121094,63.755001068115234,2482.0
2026-08-18 15:30:00+00:00,63.75,63.8650016784668,63.665000915527344,63.83000183105469,1197.0
2026-08-18 15:45:00+00:00,63.82500076293945,64.11000061035156,63.82500076293945,64.08000183105469,923.0
2026-08-18 16:00:00+00:00,64.08000183105469,64.2249984741211,64.05999755859375,64.12999725341797,676.0
2026-08-18 16:15:00+00:00,64.12999725341797,64.13500213623047,63.95000076293945,63.96500015258789,839.0
2026-08-18 16:30:00+00:00,63.97999954223633,64.08999633789062,63.974998474121094,64.03500366210938,511.0
2026-08-18 16:45:00+00:00,64.04499816894531,64.05999755859375,63.92499923706055,63.974998474121094,489.0
2026-08-18 17:00:00+00:00,63.959999084472656,64.05500030517578,63.939998626708984,63.994998931884766,717.0
2026-08-18 17:15:00+00:00,64.00499725341797,64.1050033569336,63.98500061035156,64.06500244140625,1793.0
2026-08-18 17:30:00+00:00,64.06500244140625,64.08999633789062,63.93000030517578,63.97999954223633,383.0
2026-08-18 17:45:00+00:00,63.96500015258789,63.98500061035156,63.88999938964844,63.939998626708984,535.0
2026-08-18 18:00:00+00:00,63.92499923706055,63.935001373291016,63.79999923706055,63.915000915527344,370.0
2026-08-18 18:15:00+00:00,63.904998779296875,63.970001220703125,63.845001220703125,63.915000915527344,427.0
2026-08-18 18:30:00+00:00,63.93000030517578,63.98500061035156,63.869998931884766,63.880001068115234,192.0
2026-08-18 18:45:00+00:00,63.88999938964844,63.93000030517578,63.849998474121094,63.8650016784668,104.0
2026-08-18 19:00:00+00:00,63.875,63.94499969482422,63.83000183105469,63.900001525878906,214.0
2026-08-18 19:15:00+00:00,63.904998779296875,63.959999084472656,63.8849983215332,63.93000030517578,134.0
2026-08-18 19:30:00+00:00,63.904998779296875,63.95500183105469,63.77000045776367,63.77000045776367,238.0
2026-08-18 19:45:00+00:00,63.7599983215332,63.81999969482422,63.42499923706055,63.66999816894531,1315.0
2026-08-18 20:00:00+00:00,63.65999984741211,63.689998626708984,63.599998474121094,63.599998474121094,369.0
2026-08-18 20:15:00+00:00,63.619998931884766,63.625,63.435001373291016,63.57500076293945,332.0
2026-08-18 20:30:00+00:00,63.584999084472656,63.60499954223633,63.45500183105469,63.45500183105469,188.0
2026-08-18 20:45:00+00:00,63.459999084472656,63.48500061035156,63.27000045776367,63.41999816894531,768.0
2026-08-18 22:00:00+00:00,63.42499923706055,63.52000045776367,63.3849983215332,63.46500015258789,119.0
2026-08-18 22:15:00+00:00,63.4900016784668,63.5099983215332,63.29499816894531,63.375,321.0
2026-08-18 22:30:00+00:00,63.345001220703125,63.345001220703125,63.244998931884766,63.27000045776367,147.0
2026-08-18 22:45:00+00:00,63.27000045776367,63.290000915527344,63.22999954223633,63.26499938964844,84.0
2026-08-18 23:00:00+00:00,63.275001525878906,63.36000061035156,63.064998626708984,63.150001525878906,475.0
2026-08-18 23:15:00+00:00,63.130001068115234,63.27000045776367,62.94499969482422,62.95000076293945,1034.0
2026-08-18 23:30:00+00:00,62.96500015258789,63.02000045776367,62.834999084472656,62.96500015258789,597.0
2026-08-18 23:45:00+00:00,62.959999084472656,63.060001373291016,62.900001525878906,63.04499816894531,370.0
2026-08-19 00:00:00+00:00,63.04999923706055,63.20000076293945,62.95000076293945,63.14500045776367,417.0
2026-08-19 00:15:00+00:00,63.150001525878906,63.2400016784668,63.05500030517578,63.11000061035156,380.0
2026-08-19 00:30:00+00:00,63.125,63.209999084472656,63.040000915527344,63.1150016784668,329.0
2026-08-19 00:45:00+00:00,63.13999938964844,63.25,62.994998931884766,63.04499816894531,595.0
2026-08-19 01:00:00+00:00,63.03499984741211,63.189998626708984,62.45000076293945,63.084999084472656,1786.0
2026-08-19 01:15:00+00:00,63.07500076293945,63.119998931884766,62.68000030517578,63.040000915527344,935.0
2026-08-19 01:30:00+00:00,63.064998626708984,63.43000030517578,63.029998779296875,63.349998474121094,771.0
2026-08-19 01:45:00+00:00,63.36000061035156,63.36000061035156,63.130001068115234,63.27000045776367,551.0
2026-08-19 02:00:00+00:00,63.279998779296875,63.290000915527344,63.10499954223633,63.19499969482422,250.0
2026-08-19 02:15:00+00:00,63.21500015258789,63.349998474121094,63.165000915527344,63.2400016784668,273.0
2026-08-19 02:30:00+00:00,63.255001068115234,63.29999923706055,63.029998779296875,63.084999084472656,392.0
2026-08-19 02:45:00+00:00,63.15999984741211,63.185001373291016,63.040000915527344,63.1349983215332,151.0
2026-08-19 03:00:00+00:00,63.13999938964844,63.209999084472656,63.02000045776367,63.125,115.0
2026-08-19 03:15:00+00:00,63.1349983215332,63.17499923706055,62.95500183105469,63.150001525878906,237.0
2026-08-19 03:30:00+00:00,63.154998779296875,63.27000045776367,63.154998779296875,63.22999954223633,188.0
2026-08-19 03:45:00+00:00,63.19499969482422,63.22999954223633,63.1150016784668,63.1349983215332,87.0
2026-08-19 04:00:00+00:00,63.130001068115234,63.154998779296875,63.029998779296875,63.029998779296875,71.0
2026-08-19 04:15:00+00:00,63.03499984741211,63.04999923706055,62.86000061035156,62.8849983215332,333.0
2026-08-19 04:30:00+00:00,62.900001525878906,62.95000076293945,62.845001220703125,62.8849983215332,155.0
2026-08-19 04:45:00+00:00,62.875,62.93000030517578,62.81999969482422,62.93000030517578,132.0
2026-08-19 05:00:00+00:00,62.95500183105469,62.96500015258789,62.66999816894531,62.685001373291016,234.0
2026-08-19 05:15:00+00:00,62.689998626708984,62.939998626708984,62.63999938964844,62.939998626708984,224.0
2026-08-19 05:30:00+00:00,62.95000076293945,62.95000076293945,62.72999954223633,62.849998474121094,616.0
2026-08-19 05:45:00+00:00,62.83000183105469,62.83000183105469,62.70000076293945,62.744998931884766,237.0
2026-08-19 06:00:00+00:00,62.7599983215332,62.869998931884766,62.709999084472656,62.73500061035156,638.0
2026-08-19 06:15:00+00:00,62.70000076293945,63.10499954223633,62.70000076293945,62.959999084472656,474.0
2026-08-19 06:30:00+00:00,62.959999084472656,63.04999923706055,62.81999969482422,62.95000076293945,511.0
2026-08-19 06:45:00+00:00,62.95000076293945,63.20500183105469,62.93000030517578,63.20000076293945,696.0
2026-08-19 07:00:00+00:00,63.20500183105469,63.290000915527344,63.150001525878906,63.26499938964844,454.0
2026-08-19 07:15:00+00:00,63.255001068115234,63.29999923706055,63.154998779296875,63.26499938964844,443.0
2026-08-19 07:30:00+00:00,63.28499984741211,63.3650016784668,63.099998474121094,63.1349983215332,440.0
2026-08-19 07:45:00+00:00,63.13999938964844,63.18000030517578,63.1150016784668,63.154998779296875,269.0
2026-08-19 08:00:00+00:00,63.1349983215332,63.32500076293945,63.11000061035156,63.310001373291016,388.0
2026-08-19 08:15:00+00:00,63.32500076293945,63.34000015258789,63.22999954223633,63.29999923706055,204.0
2026-08-19 08:30:00+00:00,63.28499984741211,63.3650016784668,63.19499969482422,63.334999084472656,277.0
2026-08-19 08:45:00+00:00,63.349998474121094,63.3650016784668,63.13999938964844,63.14500045776367,259.0
2026-08-19 09:00:00+00:00,63.13999938964844,63.209999084472656,63.130001068115234,63.209999084472656,205.0
2026-08-19 09:15:00+00:00,63.209999084472656,63.22999954223633,63.099998474121094,63.19499969482422,257.0
2026-08-19 09:30:00+00:00,63.19499969482422,63.290000915527344,63.15999984741211,63.224998474121094,139.0
2026-08-19 09:45:00+00:00,63.224998474121094,63.31999969482422,63.20500183105469,63.31999969482422,256.0
2026-08-19 10:00:00+00:00,63.31999969482422,63.33000183105469,63.220001220703125,63.290000915527344,176.0
2026-08-19 10:15:00+00:00,63.30500030517578,63.45000076293945,63.30500030517578,63.439998626708984,311.0
2026-08-19 10:30:00+00:00,63.435001373291016,63.45000076293945,63.3650016784668,63.3849983215332,174.0
2026-08-19 10:45:00+00:00,63.38999938964844,63.474998474121094,63.35499954223633,63.42499923706055,235.0
2026-08-19 11:00:00+00:00,63.43000030517578,63.560001373291016,63.35499954223633,63.529998779296875,723.0
2026-08-19 11:15:00+00:00,63.53499984741211,63.69499969482422,63.470001220703125,63.63999938964844,442.0
2026-08-19 11:30:00+00:00,63.63999938964844,63.7400016784668,63.494998931884766,63.5099983215332,528.0
2026-08-19 11:45:00+00:00,63.505001068115234,63.66999816894531,63.5,63.619998931884766,299.0
2026-08-19 12:00:00+00:00,63.625,63.84000015258789,63.57500076293945,63.80500030517578,566.0
2026-08-19 12:15:00+00:00,63.779998779296875,63.98500061035156,63.75,63.849998474121094,637.0
2026-08-19 12:30:00+00:00,63.84000015258789,65.2300033569336,63.79499816894531,65.0999984741211,4020.0
2026-08-19 12:45:00+00:00,65.08999633789062,65.15499877929688,64.7300033569336,65.0,4478.0
2026-08-19 13:00:00+00:00,64.98500061035156,65.2249984741211,64.59500122070312,65.1050033569336,3735.0
2026-08-19 13:15:00+00:00,65.11000061035156,65.30999755859375,65.0250015258789,65.26000213623047,1951.0
2026-08-19 13:30:00+00:00,65.2699966430664,65.55500030517578,65.01499938964844,65.19000244140625,3362.0
2026-08-19 13:45:00+00:00,65.18499755859375,65.26000213623047,64.91500091552734,65.18000030517578,1737.0
2026-08-19 14:00:00+00:00,65.18499755859375,65.41500091552734,65.0999984741211,65.37000274658203,1993.0
2026-08-19 14:15:00+00:00,65.3499984741211,65.6500015258789,65.26000213623047,65.58999633789062,2010.0
2026-08-19 14:30:00+00:00,65.58000183105469,66.0250015258789,65.57499694824219,65.87999725341797,2558.0
2026-08-19 14:45:00+00:00,65.86000061035156,65.86000061035156,65.51000213623047,65.70999908447266,1449.0
2026-08-19 15:00:00+00:00,65.70999908447266,65.79000091552734,65.61000061035156,65.74500274658203,1265.0
2026-08-19 15:15:00+00:00,65.74500274658203,65.78500366210938,65.51499938964844,65.5999984741211,983.0
2026-08-19 15:30:00+00:00,65.6050033569336,65.94000244140625,65.58000183105469,65.8949966430664,988.0
2026-08-19 15:45:00+00:00,65.88500213623047,66.0199966430664,65.84500122070312,65.9749984741211,961.0
2026-08-19 16:00:00+00:00,65.98999786376953,66.16000366210938,65.9800033569336,66.05000305175781,1404.0
2026-08-19 16:15:00+00:00,66.05999755859375,66.08499908447266,65.92500305175781,65.95500183105469,952.0
2026-08-19 16:30:00+00:00,65.95500183105469,66.04000091552734,65.9000015258789,65.94999694824219,806.0
2026-08-19 16:45:00+00:00,65.95999908447266,66.0250015258789,65.8949966430664,65.9000015258789,666.0
2026-08-19 17:00:00+00:00,65.9000015258789,66.03500366210938,65.83000183105469,65.91500091552734,1005.0
2026-08-19 17:15:00+00:00,65.91500091552734,65.91500091552734,65.70999908447266,65.77999877929688,2673.0
2026-08-19 17:30:00+00:00,65.78500366210938,65.87999725341797,65.7300033569336,65.8550033569336,391.0
2026-08-19 17:45:00+00:00,65.84500122070312,65.91000366210938,65.73999786376953,65.80999755859375,404.0
2026-08-19 18:00:00+00:00,65.80500030517578,66.05999755859375,65.75,65.87000274658203,778.0
2026-08-19 18:15:00+00:00,65.8550033569336,65.86000061035156,65.59500122070312,65.6449966430664,738.0
2026-08-19 18:30:00+00:00,65.6500015258789,66.05500030517578,65.61000061035156,66.03500366210938,635.0
2026-08-19 18:45:00+00:00,66.02999877929688,66.18000030517578,65.97000122070312,66.16999816894531,673.0
2026-08-19 19:00:00+00:00,66.18000030517578,66.44999694824219,66.16500091552734,66.38999938964844,801.0
2026-08-19 19:15:00+00:00,66.38500213623047,66.54000091552734,66.36499786376953,66.48999786376953,752.0
2026-08-19 19:30:00+00:00,66.50499725341797,66.54499816894531,66.3550033569336,66.43499755859375,519.0
2026-08-19 19:45:00+00:00,66.44000244140625,66.54000091552734,66.37999725341797,66.50499725341797,402.0
2026-08-19 20:00:00+00:00,66.51000213623047,66.51499938964844,66.41999816894531,66.44499969482422,223.0
2026-08-19 20:15:00+00:00,66.44000244140625,66.7300033569336,66.44000244140625,66.66000366210938,493.0
2026-08-19 20:30:00+00:00,66.65499877929688,66.87000274658203,66.65499877929688,66.81999969482422,740.0
2026-08-19 20:45:00+00:00,66.81999969482422,67.28500366210938,66.81500244140625,67.12999725341797,1115.0
2026-08-19 22:00:00+00:00,67.08000183105469,67.36000061035156,66.93499755859375,67.13500213623047,222.0
2026-08-19 22:15:00+00:00,67.12000274658203,67.16000366210938,67.09500122070312,67.11499786376953,207.0
2026-08-19 22:30:00+00:00,67.0999984741211,67.0999984741211,66.94000244140625,67.02999877929688,136.0
2026-08-19 22:45:00+00:00,67.0,67.08999633789062,66.94499969482422,67.03500366210938,187.0
2026-08-19 23:00:00+00:00,66.98500061035156,67.19499969482422,66.98500061035156,67.08000183105469,174.0
2026-08-19 23:15:00+00:00,67.08999633789062,67.20500183105469,67.05500030517578,67.1449966430664,143.0
2026-08-19 23:30:00+00:00,67.13500213623047,67.23999786376953,67.11000061035156,67.20500183105469,308.0
2026-08-19 23:45:00+00:00,67.19499969482422,67.20500183105469,67.05999755859375,67.0999984741211,242.0
2026-08-20 00:00:00+00:00,67.07499694824219,67.29499816894531,67.04000091552734,67.19000244140625,274.0
2026-08-20 00:15:00+00:00,67.25499725341797,67.41999816894531,67.13999938964844,67.13999938964844,407.0
2026-08-20 00:30:00+00:00,67.11499786376953,67.20999908447266,67.0250015258789,67.08499908447266,189.0
2026-08-20 00:45:00+00:00,67.06500244140625,67.1500015258789,66.80000305175781,66.86499786376953,515.0
2026-08-20 01:00:00+00:00,66.8949966430664,66.95500183105469,66.50499725341797,66.76499938964844,1951.0
2026-08-20 01:15:00+00:00,66.79499816894531,67.01499938964844,66.74500274658203,66.91999816894531,570.0
2026-08-20 01:30:00+00:00,66.94499969482422,67.05500030517578,66.80500030517578,66.9000015258789,627.0
2026-08-20 01:45:00+00:00,66.9000015258789,66.94000244140625,66.72000122070312,66.86000061035156,379.0
2026-08-20 02:00:00+00:00,66.86000061035156,67.46499633789062,66.86000061035156,67.42500305175781,1408.0
2026-08-20 02:15:00+00:00,67.41500091552734,67.41999816894531,67.06500244140625,67.11499786376953,775.0
2026-08-20 02:30:00+00:00,67.12000274658203,67.30999755859375,67.06500244140625,67.15499877929688,345.0
2026-08-20 02:45:00+00:00,67.16000366210938,67.30000305175781,67.08999633789062,67.16999816894531,127.0
2026-08-20 03:00:00+00:00,67.19000244140625,67.33499908447266,67.0999984741211,67.19000244140625,185.0
2026-08-20 03:15:00+00:00,67.19999694824219,67.30000305175781,67.16000366210938,67.26000213623047,111.0
2026-08-20 03:30:00+00:00,67.23500061035156,67.23999786376953,67.13999938964844,67.19999694824219,164.0
2026-08-20 03:45:00+00:00,67.16999816894531,67.37999725341797,67.16999816894531,67.27999877929688,255.0
2026-08-20 04:00:00+00:00,67.30000305175781,67.31500244140625,67.21499633789062,67.23500061035156,167.0
2026-08-20 04:15:00+00:00,67.2300033569336,67.29000091552734,67.125,67.13500213623047,180.0
2026-08-20 04:30:00+00:00,67.12999725341797,67.16999816894531,66.98500061035156,67.05500030517578,470.0
2026-08-20 04:45:00+00:00,67.08000183105469,67.29499816894531,67.06999969482422,67.19000244140625,274.0
2026-08-20 05:00:00+00:00,67.20500183105469,67.41999816894531,67.08499908447266,67.12000274658203,324.0
2026-08-20 05:15:00+00:00,67.12999725341797,67.20500183105469,67.0,67.00499725341797,284.0
2026-08-20 05:30:00+00:00,66.98999786376953,67.12999725341797,66.74500274658203,66.93499755859375,831.0
2026-08-20 05:45:00+00:00,66.91999816894531,66.95999908447266,66.78500366210938,66.92500305175781,287.0
2026-08-20 06:00:00+00:00,66.91999816894531,67.27999877929688,66.83999633789062,67.22000122070312,629.0
2026-08-20 06:15:00+00:00,67.2300033569336,67.2750015258789,67.12000274658203,67.16999816894531,299.0
2026-08-20 06:30:00+00:00,67.1449966430664,67.2300033569336,67.12999725341797,67.16999816894531,180.0
2026-08-20 06:45:00+00:00,67.18499755859375,67.26000213623047,67.05999755859375,67.1449966430664,392.0
2026-08-20 07:00:00+00:00,67.13999938964844,67.15499877929688,66.87000274658203,66.90499877929688,575.0
2026-08-20 07:15:00+00:00,66.91500091552734,66.94999694824219,66.66000366210938,66.66000366210938,575.0
2026-08-20 07:30:00+00:00,66.66500091552734,66.83000183105469,66.58499908447266,66.69999694824219,449.0
2026-08-20 07:45:00+00:00,66.69499969482422,66.8499984741211,66.6449966430664,66.70999908447266,388.0
2026-08-20 08:00:00+00:00,66.71499633789062,66.9000015258789,66.70999908447266,66.8550033569336,419.0
2026-08-20 08:15:00+00:00,66.8499984741211,66.98999786376953,66.7699966430664,66.80500030517578,295.0
2026-08-20 08:30:00+00:00,66.80500030517578,66.8949966430664,66.70999908447266,66.7300033569336,298.0
2026-08-20 08:45:00+00:00,66.7249984741211,66.81999969482422,66.66500091552734,66.79499816894531,293.0
2026-08-20 09:00:00+00:00,66.80000305175781,66.87000274658203,66.7300033569336,66.8550033569336,132.0
2026-08-20 09:15:00+00:00,66.8499984741211,66.90499877929688,66.76000213623047,66.82499694824219,182.0
2026-08-20 09:30:00+00:00,66.80000305175781,66.88999938964844,66.7300033569336,66.86000061035156,106.0
2026-08-20 09:45:00+00:00,66.8499984741211,66.8499984741211,66.76499938964844,66.79499816894531,68.0
2026-08-20 10:00:00+00:00,66.80500030517578,67.09500122070312,66.74500274658203,67.08499908447266,388.0
2026-08-20 10:15:00+00:00,67.08000183105469,67.08000183105469,66.86499786376953,67.05500030517578,328.0
2026-08-20 10:30:00+00:00,67.05500030517578,67.08499908447266,66.93000030517578,66.94499969482422,209.0
2026-08-20 10:45:00+00:00,66.9749984741211,67.0,66.91000366210938,66.99500274658203,112.0
2026-08-20 11:00:00+00:00,67.0,67.01499938964844,66.75,66.86000061035156,692.0
2026-08-20 11:15:00+00:00,66.8550033569336,66.94499969482422,66.72000122070312,66.81500244140625,594.0
2026-08-20 11:30:00+00:00,66.80999755859375,66.87000274658203,66.6449966430664,66.6449966430664,401.0
2026-08-20 11:45:00+00:00,66.66999816894531,66.66999816894531,66.26000213623047,66.26499938964844,1202.0
2026-08-20 12:00:00+00:00,66.29000091552734,66.29499816894531,65.75499725341797,66.04000091552734,2454.0
2026-08-20 12:15:00+00:00,66.01000213623047,66.30999755859375,65.99500274658203,66.23999786376953,1067.0
2026-08-20 12:30:00+00:00,66.20999908447266,66.4749984741211,66.01000213623047,66.46499633789062,1689.0
2026-08-20 12:45:00+00:00,66.45500183105469,66.73500061035156,66.42500305175781,66.63999938964844,1261.0
2026-08-20 13:00:00+00:00,66.66500091552734,66.91999816894531,66.6050033569336,66.82499694824219,1455.0
2026-08-20 13:15:00+00:00,66.82499694824219,66.92500305175781,66.76000213623047,66.83999633789062,1015.0
2026-08-20 13:30:00+00:00,66.83499908447266,67.62999725341797,66.83499908447266,67.49500274658203,2948.0
2026-08-20 13:45:00+00:00,67.53500366210938,67.6050033569336,67.23500061035156,67.2750015258789,1471.0
2026-08-20 14:00:00+00:00,67.27999877929688,67.66500091552734,67.19999694824219,67.4800033569336,2003.0
2026-08-20 14:15:00+00:00,67.4749984741211,67.61499786376953,67.38500213623047,67.56500244140625,1455.0
2026-08-20 14:30:00+00:00,67.58499908447266,67.88500213623047,67.56500244140625,67.81500244140625,2775.0
2026-08-20 14:45:00+00:00,67.81500244140625,68.48999786376953,67.80500030517578,68.45999908447266,2810.0
2026-08-20 15:00:00+00:00,68.46499633789062,69.01499938964844,68.3949966430664,68.875,5687.0
2026-08-20 15:15:00+00:00,68.87999725341797,69.04499816894531,68.73500061035156,68.80500030517578,2743.0
2026-08-20 15:30:00+00:00,68.80999755859375,68.83000183105469,68.22000122070312,68.23500061035156,2517.0
2026-08-20 15:45:00+00:00,68.2300033569336,68.45500183105469,68.20999908447266,68.37999725341797,1234.0
2026-08-20 16:00:00+00:00,68.38999938964844,68.5,68.12000274658203,68.17500305175781,1198.0
2026-08-20 16:15:00+00:00,68.16500091552734,68.19000244140625,67.98999786376953,68.09500122070312,1069.0
2026-08-20 16:30:00+00:00,68.08000183105469,68.19999694824219,67.9800033569336,68.19000244140625,888.0
2026-08-20 16:45:00+00:00,68.19000244140625,68.34500122070312,68.12999725341797,68.27999877929688,937.0
2026-08-20 17:00:00+00:00,68.29499816894531,68.375,68.2249984741211,68.2699966430664,701.0
2026-08-20 17:15:00+00:00,68.27999877929688,68.32499694824219,68.05500030517578,68.17500305175781,2075.0
2026-08-20 17:30:00+00:00,68.17500305175781,68.31500244140625,68.13999938964844,68.25499725341797,317.0
2026-08-20 17:45:00+00:00,68.23999786376953,68.31500244140625,68.22000122070312,68.23999786376953,374.0
2026-08-20 18:00:00+00:00,68.25,68.2699966430664,67.84500122070312,67.86499786376953,779.0
2026-08-20 18:15:00+00:00,67.86499786376953,68.125,67.82499694824219,68.0999984741211,563.0
2026-08-20 18:30:00+00:00,68.08000183105469,68.12999725341797,68.0,68.01000213623047,305.0
2026-08-20 18:45:00+00:00,67.99500274658203,68.08999633789062,67.9800033569336,67.99500274658203,172.0
2026-08-20 19:00:00+00:00,67.9800033569336,68.28500366210938,67.93000030517578,68.2750015258789,395.0
2026-08-20 19:15:00+00:00,68.29000091552734,68.33499908447266,68.16500091552734,68.16999816894531,296.0
2026-08-20 19:30:00+00:00,68.15499877929688,68.30999755859375,68.12999725341797,68.18000030517578,199.0
2026-08-20 19:45:00+00:00,68.19499969482422,68.44000244140625,68.1500015258789,68.33999633789062,639.0
2026-08-20 20:00:00+00:00,68.31999969482422,68.36499786376953,68.18499755859375,68.22000122070312,452.0
2026-08-20 20:15:00+00:00,68.22000122070312,68.2300033569336,68.13999938964844,68.15499877929688,108.0
2026-08-20 20:30:00+00:00,68.16000366210938,68.16500091552734,68.11499786376953,68.1500015258789,135.0
2026-08-20 20:45:00+00:00,68.13999938964844,68.2249984741211,68.125,68.12999725341797,182.0
2026-08-20 22:00:00+00:00,68.29000091552734,68.3550033569336,68.16500091552734,68.16999816894531,32.0
2026-08-20 22:15:00+00:00,68.18000030517578,68.20999908447266,68.13999938964844,68.18499755859375,128.0
2026-08-20 22:30:00+00:00,68.16999816894531,68.29499816894531,68.16500091552734,68.2699966430664,46.0
2026-08-20 22:45:00+00:00,68.26499938964844,68.32499694824219,68.23500061035156,68.31500244140625,74.0
2026-08-20 23:00:00+00:00,68.28500366210938,68.44499969482422,68.28500366210938,68.41999816894531,336.0
2026-08-20 23:15:00+00:00,68.44000244140625,68.44999694824219,68.30000305175781,68.34500122070312,178.0
2026-08-20 23:30:00+00:00,68.375,68.3949966430664,68.23999786376953,68.29000091552734,106.0
2026-08-20 23:45:00+00:00,68.27999877929688,68.375,68.26000213623047,68.27999877929688,108.0
2026-08-21 00:00:00+00:00,68.25499725341797,68.30000305175781,68.13500213623047,68.16000366210938,218.0
2026-08-21 00:15:00+00:00,68.15499877929688,68.19999694824219,68.04499816894531,68.06999969482422,244.0
2026-08-21 00:30:00+00:00,68.0999984741211,68.16500091552734,67.98999786376953,68.13999938964844,348.0
2026-08-21 00:45:00+00:00,68.12999725341797,68.16999816894531,68.01499938964844,68.01499938964844,184.0
2026-08-21 01:00:00+00:00,68.04000091552734,68.49500274658203,67.95999908447266,68.4800033569336,608.0
2026-08-21 01:15:00+00:00,68.4800033569336,68.71499633789062,68.45999908447266,68.59500122070312,926.0
2026-08-21 01:30:00+00:00,68.55500030517578,68.7699966430664,68.36499786376953,68.45500183105469,490.0
2026-08-21 01:45:00+00:00,68.43000030517578,68.61000061035156,68.3949966430664,68.61000061035156,264.0
2026-08-21 02:00:00+00:00,68.61000061035156,68.62999725341797,68.40499877929688,68.47000122070312,382.0
2026-08-21 02:15:00+00:00,68.48500061035156,68.75,68.46499633789062,68.68000030517578,229.0
2026-08-21 02:30:00+00:00,68.69499969482422,68.97000122070312,68.56500244140625,68.95500183105469,587.0
2026-08-21 02:45:00+00:00,68.97000122070312,69.0999984741211,68.73999786376953,68.79499816894531,743.0
2026-08-21 03:00:00+00:00,68.79000091552734,69.04499816894531,68.7699966430664,68.91500091552734,364.0
2026-08-21 03:15:00+00:00,68.91999816894531,68.9800033569336,68.78500366210938,68.80000305175781,206.0
2026-08-21 03:30:00+00:00,68.80000305175781,68.95999908447266,68.77999877929688,68.86499786376953,180.0
2026-08-21 03:45:00+00:00,68.86499786376953,68.94000244140625,68.81500244140625,68.94000244140625,118.0
2026-08-21 04:00:00+00:00,68.94499969482422,69.12000274658203,68.94499969482422,69.08000183105469,268.0
2026-08-21 04:15:00+00:00,69.05000305175781,69.23500061035156,69.0250015258789,69.21499633789062,348.0
2026-08-21 04:30:00+00:00,69.21499633789062,69.21499633789062,69.01000213623047,69.05000305175781,125.0
2026-08-21 04:45:00+00:00,69.04000091552734,69.11499786376953,69.0250015258789,69.0250015258789,48.0
2026-08-21 05:00:00+00:00,69.03500366210938,69.04000091552734,68.94999694824219,69.0199966430664,146.0
2026-08-21 05:15:00+00:00,69.03500366210938,69.04000091552734,68.81500244140625,68.84500122070312,190.0
2026-08-21 05:30:00+00:00,68.83499908447266,69.1050033569336,68.7750015258789,69.05000305175781,546.0
2026-08-21 05:45:00+00:00,69.05000305175781,69.25,69.01499938964844,69.2249984741211,377.0
2026-08-21 06:00:00+00:00,69.22000122070312,69.24500274658203,68.83999633789062,68.91500091552734,461.0
2026-08-21 06:15:00+00:00,68.93000030517578,69.08499908447266,68.86000061035156,68.91000366210938,504.0
2026-08-21 06:30:00+00:00,68.88999938964844,69.18499755859375,68.87000274658203,68.99500274658203,799.0
2026-08-21 06:45:00+00:00,68.9749984741211,69.02999877929688,68.86000061035156,68.88500213623047,615.0
2026-08-21 07:00:00+00:00,68.87000274658203,69.11000061035156,68.84500122070312,68.99500274658203,512.0
2026-08-21 07:15:00+00:00,69.00499725341797,69.1500015258789,68.95999908447266,68.9749984741211,536.0
2026-08-21 07:30:00+00:00,68.9749984741211,69.2300033569336,68.93000030517578,69.19499969482422,489.0
2026-08-21 07:45:00+00:00,69.21499633789062,69.48500061035156,69.19000244140625,69.36000061035156,1280.0
2026-08-21 08:00:00+00:00,69.37999725341797,69.44000244140625,69.17500305175781,69.29499816894531,541.0
2026-08-21 08:15:00+00:00,69.2750015258789,69.74500274658203,69.23500061035156,69.73999786376953,927.0
2026-08-21 08:30:00+00:00,69.73999786376953,69.96499633789062,69.71499633789062,69.8499984741211,944.0
2026-08-21 08:45:00+00:00,69.8550033569336,69.94499969482422,69.77999877929688,69.87999725341797,702.0
2026-08-21 09:00:00+00:00,69.875,70.02999877929688,69.77999877929688,70.01000213623047,978.0
2026-08-21 09:15:00+00:00,70.01000213623047,70.04499816894531,69.51000213623047,69.54000091552734,1077.0
2026-08-21 09:30:00+00:00,69.55000305175781,69.70999908447266,69.48999786376953,69.53500366210938,863.0
2026-08-21 09:45:00+00:00,69.52999877929688,69.54499816894531,69.47000122070312,69.4749984741211,167.0
2026-08-21 10:00:00+00:00,69.4800033569336,69.57499694824219,69.2300033569336,69.27999877929688,612.0
2026-08-21 10:15:00+00:00,69.26499938964844,69.54000091552734,69.26499938964844,69.44999694824219,638.0
2026-08-21 10:30:00+00:00,69.45500183105469,69.54499816894531,69.4000015258789,69.4800033569336,300.0
2026-08-21 10:45:00+00:00,69.49500274658203,69.6050033569336,69.43000030517578,69.54000091552734,623.0
2026-08-21 11:00:00+00:00,69.54000091552734,69.75,69.4749984741211,69.74500274658203,703.0
2026-08-21 11:15:00+00:00,69.75,70.08000183105469,69.74500274658203,70.02999877929688,1525.0
2026-08-21 11:30:00+00:00,70.02999877929688,70.07499694824219,69.81999969482422,69.91000366210938,1244.0
2026-08-21 11:45:00+00:00,69.91000366210938,69.97000122070312,69.75,69.75,796.0
2026-08-21 12:00:00+00:00,69.76499938964844,69.80000305175781,69.51499938964844,69.56999969482422,915.0
2026-08-21 12:15:00+00:00,69.54000091552734,69.58499908447266,69.36499786376953,69.5199966430664,843.0
2026-08-21 12:30:00+00:00,69.51000213623047,69.5250015258789,69.11499786376953,69.3949966430664,1446.0
2026-08-21 12:45:00+00:00,69.38500213623047,69.52999877929688,69.3550033569336,69.4800033569336,941.0
2026-08-21 13:00:00+00:00,69.4749984741211,69.7249984741211,69.3499984741211,69.63999938964844,1753.0
2026-08-21 13:15:00+00:00,69.65499877929688,69.69999694824219,69.5199966430664,69.62999725341797,675.0
2026-08-21 13:30:00+00:00,69.62999725341797,69.80999755859375,69.29499816894531,69.76499938964844,1771.0
2026-08-21 13:45:00+00:00,69.73999786376953,69.9000015258789,69.375,69.3949966430664,1889.0
2026-08-21 14:00:00+00:00,69.38999938964844,69.67500305175781,69.37000274658203,69.58999633789062,1753.0
2026-08-21 14:15:00+00:00,69.59500122070312,69.84500122070312,69.36000061035156,69.76000213623047,1396.0
2026-08-21 14:30:00+00:00,69.76499938964844,69.7699966430664,68.92500305175781,69.04000091552734,2597.0
2026-08-21 14:45:00+00:00,69.06500244140625,69.42500305175781,68.98500061035156,69.19499969482422,1385.0
2026-08-21 15:00:00+00:00,69.19999694824219,69.34500122070312,69.05999755859375,69.29000091552734,951.0
2026-08-21 15:15:00+00:00,69.30999755859375,69.63500213623047,69.2699966430664,69.5,1058.0
2026-08-21 15:30:00+00:00,69.51000213623047,69.6500015258789,69.37999725341797,69.54499816894531,1128.0
2026-08-21 15:45:00+00:00,69.56500244140625,69.75499725341797,69.52999877929688,69.58000183105469,1374.0
2026-08-21 16:00:00+00:00,69.58499908447266,69.67500305175781,69.3949966430664,69.50499725341797,1443.0
2026-08-21 16:15:00+00:00,69.50499725341797,69.77999877929688,69.48999786376953,69.61499786376953,1214.0
2026-08-21 16:30:00+00:00,69.62000274658203,69.84500122070312,69.58999633789062,69.82499694824219,790.0
2026-08-21 16:45:00+00:00,69.81999969482422,70.0199966430664,69.80999755859375,69.95500183105469,1179.0
2026-08-21 17:00:00+00:00,69.97000122070312,70.00499725341797,69.72000122070312,69.75499725341797,1406.0
2026-08-21 17:15:00+00:00,69.75,69.79499816894531,69.44000244140625,69.65499877929688,2298.0
2026-08-21 17:30:00+00:00,69.65499877929688,69.73500061035156,69.55999755859375,69.62000274658203,815.0
2026-08-21 17:45:00+00:00,69.62999725341797,69.63500213623047,69.4800033569336,69.56500244140625,407.0
2026-08-21 18:00:00+00:00,69.55500030517578,69.73999786376953,69.54499816894531,69.625,409.0
2026-08-21 18:15:00+00:00,69.6500015258789,69.78500366210938,69.6500015258789,69.68000030517578,199.0
2026-08-21 18:30:00+00:00,69.68000030517578,69.68000030517578,69.52999877929688,69.58499908447266,306.0
2026-08-21 18:45:00+00:00,69.5999984741211,69.66000366210938,69.59500122070312,69.6449966430664,205.0
2026-08-21 19:00:00+00:00,69.61000061035156,69.61499786376953,69.47000122070312,69.5999984741211,176.0
2026-08-21 19:15:00+00:00,69.58999633789062,69.61000061035156,69.45999908447266,69.45999908447266,344.0
2026-08-21 19:30:00+00:00,69.47000122070312,69.5,69.33499908447266,69.33999633789062,360.0
2026-08-21 19:45:00+00:00,69.33999633789062,69.5199966430664,69.31500244140625,69.44000244140625,436.0
2026-08-21 20:00:00+00:00,69.42500305175781,69.42500305175781,69.31999969482422,69.33000183105469,436.0
2026-08-21 20:15:00+00:00,69.33000183105469,69.33499908447266,69.01499938964844,69.04000091552734,636.0
2026-08-21 20:30:00+00:00,69.05000305175781,69.05000305175781,68.86499786376953,69.0199966430664,453.0
2026-08-21 20:45:00+00:00,69.01499938964844,69.52999877929688,68.94499969482422,69.52999877929688,231.0
2026-08-23 22:00:00+00:00,69.41999816894531,69.48999786376953,69.3499984741211,69.41000366210938,178.0
2026-08-23 22:15:00+00:00,69.40499877929688,69.41500091552734,69.18499755859375,69.19999694824219,217.0
2026-08-23 22:30:00+00:00,69.17500305175781,69.25499725341797,69.02999877929688,69.0999984741211,196.0
2026-08-23 22:45:00+00:00,69.0999984741211,69.0999984741211,68.94999694824219,68.95999908447266,126.0
2026-08-23 23:00:00+00:00,68.95999908447266,69.04499816894531,68.88500213623047,69.00499725341797,106.0
2026-08-23 23:15:00+00:00,69.01000213623047,69.17500305175781,69.0,69.1500015258789,94.0
2026-08-23 23:30:00+00:00,69.15499877929688,69.2300033569336,69.07499694824219,69.09500122070312,93.0
2026-08-23 23:45:00+00:00,69.13999938964844,69.3949966430664,69.12000274658203,69.36499786376953,149.0
2026-08-24 00:00:00+00:00,69.3949966430664,69.66500091552734,69.33000183105469,69.54499816894531,462.0
2026-08-24 00:15:00+00:00,69.52999877929688,69.56999969482422,68.80000305175781,68.98999786376953,623.0
2026-08-24 00:30:00+00:00,68.98999786376953,69.00499725341797,68.71499633789062,68.88500213623047,374.0
2026-08-24 00:45:00+00:00,68.88999938964844,69.3550033569336,68.82499694824219,69.33000183105469,368.0
2026-08-24 01:00:00+00:00,69.33999633789062,69.54499816894531,68.96499633789062,69.00499725341797,685.0
2026-08-24 01:15:00+00:00,69.01000213623047,69.0199966430664,68.59500122070312,68.61499786376953,599.0
2026-08-24 01:30:00+00:00,68.61000061035156,68.76499938964844,68.41999816894531,68.63500213623047,822.0
2026-08-24 01:45:00+00:00,68.58999633789062,68.94999694824219,68.57499694824219,68.8499984741211,722.0
2026-08-24 02:00:00+00:00,68.79000091552734,69.30999755859375,68.76499938964844,69.23999786376953,829.0
2026-08-24 02:15:00+00:00,69.23999786376953,69.3499984741211,69.2300033569336,69.29000091552734,344.0
2026-08-24 02:30:00+00:00,69.29499816894531,69.3550033569336,68.93000030517578,68.94499969482422,437.0
2026-08-24 02:45:00+00:00,68.94499969482422,68.98500061035156,68.66999816894531,68.94999694824219,580.0
2026-08-24 03:00:00+00:00,68.95999908447266,69.0,68.80500030517578,68.90499877929688,275.0
2026-08-24 03:15:00+00:00,68.93000030517578,69.06999969482422,68.87000274658203,68.9749984741211,179.0
2026-08-24 03:30:00+00:00,68.9749984741211,69.20999908447266,68.9749984741211,69.0250015258789,233.0
2026-08-24 03:45:00+00:00,69.0250015258789,69.08999633789062,68.92500305175781,68.95999908447266,173.0
2026-08-24 04:00:00+00:00,68.95999908447266,68.99500274658203,68.84500122070312,68.95500183105469,188.0
2026-08-24 04:15:00+00:00,68.94999694824219,69.0199966430664,68.83000183105469,68.95500183105469,118.0
2026-08-24 04:30:00+00:00,68.94000244140625,68.94000244140625,68.83000183105469,68.88999938964844,191.0
2026-08-24 04:45:00+00:00,68.93000030517578,68.93499755859375,68.83000183105469,68.87000274658203,75.0
2026-08-24 05:00:00+00:00,68.91999816894531,69.01000213623047,68.86499786376953,69.01000213623047,96.0
2026-08-24 05:15:00+00:00,69.01499938964844,69.04499816894531,68.77999877929688,68.77999877929688,239.0
2026-08-24 05:30:00+00:00,68.7750015258789,68.87999725341797,68.62999725341797,68.69499969482422,461.0
2026-08-24 05:45:00+00:00,68.68499755859375,68.98500061035156,68.68000030517578,68.96499633789062,221.0
2026-08-24 06:00:00+00:00,68.98999786376953,69.2699966430664,68.94499969482422,69.25499725341797,569.0
2026-08-24 06:15:00+00:00,69.25,69.42500305175781,68.98999786376953,69.01499938964844,676.0
2026-08-24 06:30:00+00:00,69.0199966430664,69.20999908447266,68.99500274658203,69.0199966430664,493.0
2026-08-24 06:45:00+00:00,69.03500366210938,69.13999938964844,69.01000213623047,69.12999725341797,305.0
2026-08-24 07:00:00+00:00,69.12999725341797,69.24500274658203,69.02999877929688,69.13999938964844,444.0
2026-08-24 07:15:00+00:00,69.13500213623047,69.19999694824219,68.9749984741211,69.01000213623047,479.0
2026-08-24 07:30:00+00:00,68.99500274658203,69.08999633789062,68.83499908447266,68.83499908447266,409.0
2026-08-24 07:45:00+00:00,68.83999633789062,68.96499633789062,68.75,68.86499786376953,324.0
2026-08-24 08:00:00+00:00,68.875,69.08999633789062,68.76000213623047,68.80999755859375,606.0
2026-08-24 08:15:00+00:00,68.77999877929688,68.83499908447266,68.63999938964844,68.6449966430664,579.0
2026-08-24 08:30:00+00:00,68.6449966430664,68.94499969482422,68.6050033569336,68.93499755859375,293.0
2026-08-24 08:45:00+00:00,68.95500183105469,68.95999908447266,68.69499969482422,68.69499969482422,406.0
2026-08-24 09:00:00+00:00,68.69499969482422,68.81999969482422,68.68499755859375,68.7750015258789,235.0
2026-08-24 09:15:00+00:00,68.74500274658203,68.75499725341797,68.62000274658203,68.63999938964844,445.0
2026-08-24 09:30:00+00:00,68.6449966430664,68.77999877929688,68.62000274658203,68.7699966430664,245.0
2026-08-24 09:45:00+00:00,68.7750015258789,68.83999633789062,68.76000213623047,68.82499694824219,154.0
2026-08-24 10:00:00+00:00,68.81999969482422,69.0,68.81999969482422,68.97000122070312,552.0
2026-08-24 10:15:00+00:00,68.96499633789062,68.98999786376953,68.88500213623047,68.88500213623047,186.0
2026-08-24 10:30:00+00:00,68.88500213623047,69.0,68.80500030517578,68.86000061035156,189.0
2026-08-24 10:45:00+00:00,68.86000061035156,68.87999725341797,68.73999786376953,68.79000091552734,275.0
2026-08-24 11:00:00+00:00,68.80999755859375,68.88500213623047,68.69000244140625,68.87000274658203,658.0
2026-08-24 11:15:00+00:00,68.87000274658203,68.93499755859375,68.84500122070312,68.93000030517578,256.0
2026-08-24 11:30:00+00:00,68.91999816894531,69.51499938964844,68.83999633789062,69.24500274658203,1582.0
2026-08-24 11:45:00+00:00,69.24500274658203,69.30999755859375,69.05500030517578,69.26499938964844,481.0
2026-08-24 12:00:00+00:00,69.26499938964844,69.34500122070312,69.1050033569336,69.27999877929688,639.0
2026-08-24 12:15:00+00:00,69.22000122070312,69.36000061035156,69.16500091552734,69.33000183105469,736.0
2026-08-24 12:30:00+00:00,69.31500244140625,69.4800033569336,68.9000015258789,69.12000274658203,1645.0
2026-08-24 12:45:00+00:00,69.12999725341797,69.34500122070312,68.99500274658203,69.18000030517578,883.0
2026-08-24 13:00:00+00:00,69.18000030517578,69.92500305175781,69.15499877929688,69.84500122070312,2023.0
2026-08-24 13:15:00+00:00,69.83999633789062,69.86499786376953,69.42500305175781,69.54000091552734,1604.0
2026-08-24 13:30:00+00:00,69.48999786376953,69.74500274658203,68.86499786376953,68.875,2410.0
2026-08-24 13:45:00+00:00,68.87000274658203,69.26000213623047,68.80000305175781,68.99500274658203,2429.0
2026-08-24 14:00:00+00:00,68.99500274658203,69.13500213623047,68.83000183105469,68.94000244140625,2004.0
2026-08-24 14:15:00+00:00,68.94000244140625,69.13999938964844,68.625,69.08999633789062,1564.0
2026-08-24 14:30:00+00:00,69.08000183105469,69.28500366210938,68.99500274658203,69.06999969482422,1047.0
2026-08-24 14:45:00+00:00,69.06999969482422,69.11000061035156,68.67500305175781,68.93499755859375,1595.0
2026-08-24 15:00:00+00:00,68.94000244140625,69.19999694824219,68.8949966430664,69.09500122070312,1021.0
2026-08-24 15:15:00+00:00,69.0999984741211,69.29499816894531,69.0250015258789,69.20999908447266,917.0
2026-08-24 15:30:00+00:00,69.22000122070312,69.25499725341797,68.69499969482422,68.76000213623047,1512.0
2026-08-24 15:45:00+00:00,68.75499725341797,68.87000274658203,68.33499908447266,68.54499816894531,2480.0
2026-08-24 16:00:00+00:00,68.55500030517578,68.81500244140625,68.5199966430664,68.66500091552734,1368.0
2026-08-24 16:15:00+00:00,68.65499877929688,68.87999725341797,68.61499786376953,68.86499786376953,1165.0
2026-08-24 16:30:00+00:00,68.8550033569336,68.87999725341797,68.76000213623047,68.80000305175781,689.0
2026-08-24 16:45:00+00:00,68.80500030517578,68.8550033569336,68.6449966430664,68.68000030517578,669.0
2026-08-24 17:00:00+00:00,68.68499755859375,68.91500091552734,68.63999938964844,68.81500244140625,927.0
2026-08-24 17:15:00+00:00,68.81500244140625,68.87999725341797,68.3949966430664,68.5199966430664,2288.0
2026-08-24 17:30:00+00:00,68.5250015258789,68.6050033569336,68.44499969482422,68.5,977.0
2026-08-24 17:45:00+00:00,68.5,68.51499938964844,68.34500122070312,68.48999786376953,498.0
2026-08-24 18:00:00+00:00,68.4800033569336,68.63500213623047,68.30999755859375,68.47000122070312,490.0
2026-08-24 18:15:00+00:00,68.44999694824219,68.74500274658203,68.4000015258789,68.6449966430664,971.0
2026-08-24 18:30:00+00:00,68.66999816894531,68.66999816894531,68.33999633789062,68.54499816894531,318.0
2026-08-24 18:45:00+00:00,68.54499816894531,68.54499816894531,68.4800033569336,68.51499938964844,142.0
2026-08-24 19:00:00+00:00,68.5250015258789,68.6050033569336,68.50499725341797,68.50499725341797,206.0
2026-08-24 19:15:00+00:00,68.51499938964844,68.70999908447266,68.49500274658203,68.56999969482422,332.0
2026-08-24 19:30:00+00:00,68.58000183105469,68.74500274658203,68.5199966430664,68.7300033569336,351.0
2026-08-24 19:45:00+00:00,68.73500061035156,68.8550033569336,68.7249984741211,68.82499694824219,426.0
2026-08-24 20:00:00+00:00,68.8499984741211,68.8949966430664,68.80999755859375,68.81500244140625,197.0
2026-08-24 20:15:00+00:00,68.83499908447266,68.8949966430664,68.81999969482422,68.82499694824219,314.0
2026-08-24 20:30:00+00:00,68.83999633789062,68.87999725341797,68.83000183105469,68.8499984741211,100.0
2026-08-24 20:45:00+00:00,68.86000061035156,68.98999786376953,68.8550033569336,68.96499633789062,179.0
2026-08-24 22:00:00+00:00,68.96499633789062,69.16500091552734,68.94000244140625,69.01499938964844,169.0
2026-08-24 22:15:00+00:00,69.05000305175781,69.05999755859375,68.9749984741211,68.9749984741211,99.0
2026-08-24 22:30:00+00:00,69.0,69.12999725341797,69.0,69.12999725341797,70.0
2026-08-24 22:45:00+00:00,69.12999725341797,69.26000213623047,69.125,69.21499633789062,212.0
2026-08-24 23:00:00+00:00,69.24500274658203,69.31500244140625,69.18000030517578,69.28500366210938,97.0
2026-08-24 23:15:00+00:00,69.34500122070312,69.38500213623047,69.29000091552734,69.30999755859375,130.0
2026-08-24 23:30:00+00:00,69.30500030517578,69.55000305175781,69.29499816894531,69.55000305175781,262.0
2026-08-24 23:45:00+00:00,69.55999755859375,69.78500366210938,69.52999877929688,69.72000122070312,397.0
2026-08-25 00:00:00+00:00,69.75,69.98500061035156,69.45999908447266,69.62999725341797,595.0
2026-08-25 00:15:00+00:00,69.62000274658203,69.62999725341797,69.33999633789062,69.42500305175781,225.0
2026-08-25 00:30:00+00:00,69.41999816894531,69.70999908447266,69.40499877929688,69.66000366210938,350.0
2026-08-25 00:45:00+00:00,69.66000366210938,69.72000122070312,69.43499755859375,69.4800033569336,205.0
2026-08-25 01:00:00+00:00,69.45500183105469,69.53500366210938,69.18499755859375,69.43499755859375,405.0
2026-08-25 01:15:00+00:00,69.41500091552734,69.44999694824219,69.08999633789062,69.17500305175781,361.0
2026-08-25 01:30:00+00:00,69.15499877929688,69.29000091552734,69.05500030517578,69.23999786376953,266.0
2026-08-25 01:45:00+00:00,69.24500274658203,69.24500274658203,68.76000213623047,68.76000213623047,438.0
2026-08-25 02:00:00+00:00,68.76000213623047,68.8550033569336,67.83999633789062,68.04499816894531,2247.0
2026-08-25 02:15:00+00:00,68.02999877929688,68.3949966430664,68.0199966430664,68.37000274658203,579.0
2026-08-25 02:30:00+00:00,68.375,68.38500213623047,67.58499908447266,67.68000030517578,1472.0
2026-08-25 02:45:00+00:00,67.66999816894531,67.87000274658203,67.5,67.75,1078.0
2026-08-25 03:00:00+00:00,67.74500274658203,67.9000015258789,67.66000366210938,67.82499694824219,580.0
2026-08-25 03:15:00+00:00,67.81999969482422,67.92500305175781,67.73999786376953,67.91500091552734,221.0
2026-08-25 03:30:00+00:00,67.88999938964844,68.06999969482422,67.87999725341797,67.95500183105469,190.0
2026-08-25 03:45:00+00:00,67.92500305175781,67.97000122070312,67.87999725341797,67.93000030517578,125.0
2026-08-25 04:00:00+00:00,67.95500183105469,68.01499938964844,67.88500213623047,68.01499938964844,139.0
2026-08-25 04:15:00+00:00,67.99500274658203,67.99500274658203,67.81500244140625,67.8499984741211,143.0
2026-08-25 04:30:00+00:00,67.88999938964844,67.88999938964844,67.72000122070312,67.76000213623047,159.0
2026-08-25 04:45:00+00:00,67.76000213623047,67.82499694824219,67.70500183105469,67.77999877929688,105.0
2026-08-25 05:00:00+00:00,67.7750015258789,68.05500030517578,67.7300033569336,68.0199966430664,245.0
2026-08-25 05:15:00+00:00,68.0199966430664,68.2750015258789,68.01499938964844,68.24500274658203,279.0
2026-08-25 05:30:00+00:00,68.27999877929688,68.27999877929688,67.81500244140625,67.87999725341797,660.0
2026-08-25 05:45:00+00:00,67.87000274658203,68.06999969482422,67.83000183105469,68.0199966430664,472.0
2026-08-25 06:00:00+00:00,68.01499938964844,68.36000061035156,67.95999908447266,68.33499908447266,562.0
2026-08-25 06:15:00+00:00,68.31500244140625,68.5999984741211,68.25,68.45999908447266,662.0
2026-08-25 06:30:00+00:00,68.46499633789062,68.625,68.42500305175781,68.43499755859375,568.0
2026-08-25 06:45:00+00:00,68.41500091552734,68.48999786376953,68.31999969482422,68.36000061035156,287.0
2026-08-25 07:00:00+00:00,68.36499786376953,68.41000366210938,68.30500030517578,68.3499984741211,489.0
2026-08-25 07:15:00+00:00,68.33000183105469,68.41000366210938,68.1050033569336,68.11499786376953,503.0
2026-08-25 07:30:00+00:00,68.125,68.2699966430664,68.08000183105469,68.2699966430664,487.0
2026-08-25 07:45:00+00:00,68.2699966430664,68.2699966430664,68.01000213623047,68.01499938964844,273.0
2026-08-25 08:00:00+00:00,68.01499938964844,68.02999877929688,67.68499755859375,67.76499938964844,755.0
2026-08-25 08:15:00+00:00,67.80500030517578,68.20999908447266,67.7750015258789,67.98999786376953,957.0
2026-08-25 08:30:00+00:00,68.00499725341797,68.03500366210938,67.73999786376953,67.8499984741211,488.0
2026-08-25 08:45:00+00:00,67.86499786376953,67.9000015258789,67.71499633789062,67.8499984741211,281.0
2026-08-25 09:00:00+00:00,67.83999633789062,67.87999725341797,67.52999877929688,67.8499984741211,604.0
2026-08-25 09:15:00+00:00,67.86000061035156,67.93000030517578,67.75,67.75,506.0
2026-08-25 09:30:00+00:00,67.75,68.04000091552734,67.68000030517578,67.99500274658203,427.0
2026-08-25 09:45:00+00:00,68.00499725341797,68.19000244140625,67.97000122070312,68.0250015258789,577.0
2026-08-25 10:00:00+00:00,68.0199966430664,68.06500244140625,67.88999938964844,67.91500091552734,407.0
2026-08-25 10:15:00+00:00,67.9000015258789,67.96499633789062,67.83499908447266,67.86499786376953,214.0
2026-08-25 10:30:00+00:00,67.875,67.94000244140625,67.79499816894531,67.86000061035156,238.0
2026-08-25 10:45:00+00:00,67.86000061035156,67.94000244140625,67.77999877929688,67.86499786376953,330.0
2026-08-25 11:00:00+00:00,67.8499984741211,67.94499969482422,67.76499938964844,67.91500091552734,454.0
2026-08-25 11:15:00+00:00,68.59400177001953,68.59400177001953,67.94999694824219,68.01000213623047,407.0
2026-08-25 11:30:00+00:00,68.04000091552734,68.18499755859375,68.0199966430664,68.07499694824219,422.0
2026-08-25 11:45:00+00:00,68.1050033569336,68.20999908447266,68.04499816894531,68.06999969482422,456.0
2026-08-25 12:00:00+00:00,68.08000183105469,68.08000183105469,67.8949966430664,68.0199966430664,490.0
2026-08-25 12:15:00+00:00,67.99500274658203,68.05500030517578,67.86000061035156,67.92500305175781,464.0
2026-08-25 12:30:00+00:00,67.96499633789062,67.97000122070312,67.75,67.94499969482422,850.0
2026-08-25 12:45:00+00:00,67.94499969482422,68.20999908447266,67.93000030517578,68.19999694824219,691.0
2026-08-25 13:00:00+00:00,68.20500183105469,68.2300033569336,67.45500183105469,67.48999786376953,2101.0
2026-08-25 13:15:00+00:00,67.47000122070312,67.7300033569336,67.44499969482422,67.45999908447266,1214.0
2026-08-25 13:30:00+00:00,67.45500183105469,67.78500366210938,67.44000244140625,67.51499938964844,1422.0
2026-08-25 13:45:00+00:00,67.5250015258789,67.66999816894531,67.38500213623047,67.66500091552734,1399.0
2026-08-25 14:00:00+00:00,67.6500015258789,67.95999908447266,67.6500015258789,67.80000305175781,1666.0
2026-08-25 14:15:00+00:00,67.80999755859375,68.01000213623047,67.66500091552734,67.91999816894531,951.0
2026-08-25 14:30:00+00:00,67.91999816894531,68.19999694824219,67.66000366210938,68.1050033569336,1212.0
2026-08-25 14:45:00+00:00,68.13500213623047,68.19999694824219,68.04499816894531,68.1050033569336,521.0
2026-08-25 15:00:00+00:00,68.13999938964844,68.19499969482422,67.98999786376953,68.13999938964844,543.0
2026-08-25 15:15:00+00:00,68.1449966430664,68.43000030517578,68.05500030517578,68.30500030517578,834.0
2026-08-25 15:30:00+00:00,68.30500030517578,68.8550033569336,68.30500030517578,68.82499694824219,1616.0
2026-08-25 15:45:00+00:00,68.83499908447266,68.87999725341797,68.66500091552734,68.82499694824219,1098.0
2026-08-25 16:00:00+00:00,68.83000183105469,68.8499984741211,68.54000091552734,68.6050033569336,772.0
2026-08-25 16:15:00+00:00,68.58999633789062,68.69499969482422,68.51000213623047,68.62999725341797,833.0
2026-08-25 16:30:00+00:00,68.65499877929688,68.74500274658203,68.52999877929688,68.72000122070312,859.0
2026-08-25 16:45:00+00:00,68.72000122070312,68.82499694824219,68.6500015258789,68.69000244140625,647.0
2026-08-25 17:00:00+00:00,68.69000244140625,68.71499633789062,68.5999984741211,68.69499969482422,410.0
2026-08-25 17:15:00+00:00,68.68499755859375,68.8550033569336,68.63500213623047,68.69499969482422,1101.0
2026-08-25 17:30:00+00:00,68.71499633789062,68.87000274658203,68.69000244140625,68.8499984741211,344.0
2026-08-25 17:45:00+00:00,68.84500122070312,68.95999908447266,68.83499908447266,68.875,536.0
2026-08-25 18:00:00+00:00,68.88500213623047,68.93000030517578,68.78500366210938,68.8499984741211,236.0
2026-08-25 18:15:00+00:00,68.84500122070312,68.88500213623047,68.79499816894531,68.87999725341797,214.0
2026-08-25 18:30:00+00:00,68.88999938964844,68.88999938964844,68.76000213623047,68.81500244140625,208.0
2026-08-25 18:45:00+00:00,68.83499908447266,68.90499877929688,68.81999969482422,68.8949966430664,178.0
2026-08-25 19:00:00+00:00,68.92500305175781,69.16999816894531,68.92500305175781,69.1449966430664,844.0
2026-08-25 19:15:00+00:00,69.13500213623047,69.27999877929688,69.01000213623047,69.05000305175781,656.0
2026-08-25 19:30:00+00:00,69.05000305175781,69.07499694824219,68.88500213623047,68.94000244140625,322.0
2026-08-25 19:45:00+00:00,68.91500091552734,69.05999755859375,68.875,68.94000244140625,1156.0
2026-08-25 20:00:00+00:00,68.94999694824219,68.9800033569336,68.84500122070312,68.88999938964844,223.0
2026-08-25 20:15:00+00:00,68.88999938964844,68.96499633789062,68.8550033569336,68.86000061035156,113.0
2026-08-25 20:30:00+00:00,68.875,68.88500213623047,68.80500030517578,68.82499694824219,64.0
2026-08-25 20:45:00+00:00,68.82499694824219,68.84500122070312,68.58499908447266,68.62999725341797,366.0
2026-08-25 22:00:00+00:00,68.62999725341797,68.87999725341797,68.62999725341797,68.8550033569336,87.0
2026-08-25 22:15:00+00:00,68.86000061035156,68.91999816894531,68.86000061035156,68.91999816894531,133.0
2026-08-25 22:30:00+00:00,68.92500305175781,68.98500061035156,68.8949966430664,68.94999694824219,73.0
2026-08-25 22:45:00+00:00,68.98500061035156,69.09500122070312,68.98500061035156,69.05000305175781,136.0
2026-08-25 23:00:00+00:00,69.05999755859375,69.08000183105469,68.96499633789062,68.9749984741211,62.0
2026-08-25 23:15:00+00:00,68.96499633789062,68.98500061035156,68.84500122070312,68.84500122070312,52.0
2026-08-25 23:30:00+00:00,68.83499908447266,68.84500122070312,68.73500061035156,68.7699966430664,77.0
2026-08-25 23:45:00+00:00,68.76000213623047,68.80000305175781,68.69999694824219,68.74500274658203,106.0
2026-08-26 00:00:00+00:00,68.7300033569336,68.83000183105469,68.66000366210938,68.73999786376953,181.0
2026-08-26 00:15:00+00:00,68.75,68.83999633789062,68.51499938964844,68.55500030517578,152.0
2026-08-26 00:30:00+00:00,68.56500244140625,68.68000030517578,68.41999816894531,68.51499938964844,329.0
2026-08-26 00:45:00+00:00,68.4749984741211,68.53500366210938,68.38500213623047,68.4000015258789,199.0
2026-08-26 01:00:00+00:00,68.40499877929688,68.66000366210938,68.19000244140625,68.5250015258789,1010.0
2026-08-26 01:15:00+00:00,68.56500244140625,68.7750015258789,68.51000213623047,68.58000183105469,646.0
2026-08-26 01:30:00+00:00,68.57499694824219,68.73999786376953,68.44499969482422,68.73500061035156,326.0
2026-08-26 01:45:00+00:00,68.7249984741211,69.4749984741211,68.66000366210938,69.31999969482422,1127.0
2026-08-26 02:00:00+00:00,69.33999633789062,69.4800033569336,69.2300033569336,69.43000030517578,515.0
2026-08-26 02:15:00+00:00,69.44000244140625,69.5,69.28500366210938,69.3550033569336,188.0
2026-08-26 02:30:00+00:00,69.34500122070312,69.75,69.29499816894531,69.61000061035156,888.0
2026-08-26 02:45:00+00:00,69.625,69.68000030517578,69.4000015258789,69.46499633789062,368.0
2026-08-26 03:00:00+00:00,69.42500305175781,69.43000030517578,69.12999725341797,69.18000030517578,305.0
2026-08-26 03:15:00+00:00,69.16000366210938,69.37999725341797,69.13999938964844,69.37000274658203,376.0
2026-08-26 03:30:00+00:00,69.3550033569336,69.48999786376953,69.34500122070312,69.3550033569336,262.0
2026-08-26 03:45:00+00:00,69.33499908447266,69.36499786376953,69.19999694824219,69.26000213623047,394.0
2026-08-26 04:00:00+00:00,69.22000122070312,69.2750015258789,69.17500305175781,69.17500305175781,222.0
2026-08-26 04:15:00+00:00,69.18499755859375,69.19000244140625,69.0999984741211,69.1500015258789,187.0
2026-08-26 04:30:00+00:00,69.16000366210938,69.18000030517578,69.04000091552734,69.06500244140625,232.0
2026-08-26 04:45:00+00:00,69.05999755859375,69.06500244140625,68.97000122070312,68.99500274658203,204.0
2026-08-26 05:00:00+00:00,69.00499725341797,69.16000366210938,69.00499725341797,69.06999969482422,308.0
2026-08-26 05:15:00+00:00,69.04499816894531,69.23500061035156,69.03500366210938,69.18000030517578,247.0
2026-08-26 05:30:00+00:00,69.18499755859375,69.42500305175781,69.05999755859375,69.08000183105469,781.0
2026-08-26 05:45:00+00:00,69.05500030517578,69.23500061035156,69.01000213623047,69.2249984741211,408.0
2026-08-26 06:00:00+00:00,69.21499633789062,69.21499633789062,68.93499755859375,68.99500274658203,465.0
2026-08-26 06:15:00+00:00,68.99500274658203,69.01000213623047,68.62000274658203,68.66000366210938,514.0
2026-08-26 06:30:00+00:00,68.66000366210938,68.79499816894531,68.61000061035156,68.7699966430664,305.0
2026-08-26 06:45:00+00:00,68.7750015258789,68.8499984741211,68.69999694824219,68.74500274658203,427.0
2026-08-26 07:00:00+00:00,68.77999877929688,68.93000030517578,68.7699966430664,68.88999938964844,615.0
2026-08-26 07:15:00+00:00,68.875,68.91999816894531,68.73999786376953,68.73999786376953,336.0
2026-08-26 07:30:00+00:00,68.77999877929688,68.88500213623047,68.75,68.79499816894531,816.0
2026-08-26 07:45:00+00:00,68.80500030517578,68.92500305175781,68.61000061035156,68.66999816894531,578.0
2026-08-26 08:00:00+00:00,68.6500015258789,68.70500183105469,68.56999969482422,68.58000183105469,413.0
2026-08-26 08:15:00+00:00,68.58000183105469,68.66999816894531,68.4749984741211,68.5999984741211,452.0
2026-08-26 08:30:00+00:00,68.5999984741211,68.68499755859375,68.4749984741211,68.6050033569336,283.0
2026-08-26 08:45:00+00:00,68.5999984741211,68.61499786376953,68.53500366210938,68.61000061035156,267.0
2026-08-26 09:00:00+00:00,68.61000061035156,68.68000030517578,68.5250015258789,68.54000091552734,455.0
2026-08-26 09:15:00+00:00,68.5250015258789,68.54499816894531,68.42500305175781,68.44999694824219,312.0
2026-08-26 09:30:00+00:00,68.46499633789062,68.6050033569336,68.43000030517578,68.58499908447266,372.0
2026-08-26 09:45:00+00:00,68.5999984741211,68.68499755859375,68.5999984741211,68.65499877929688,241.0
2026-08-26 10:00:00+00:00,68.62000274658203,68.63500213623047,68.50499725341797,68.50499725341797,274.0
2026-08-26 10:15:00+00:00,68.52999877929688,68.55500030517578,68.43000030517578,68.45500183105469,219.0
2026-08-26 10:30:00+00:00,68.43499755859375,68.5999984741211,68.43499755859375,68.55000305175781,331.0
2026-08-26 10:45:00+00:00,68.54499816894531,68.56999969482422,68.43000030517578,68.44000244140625,350.0
2026-08-26 11:00:00+00:00,68.44999694824219,68.56500244140625,68.43499755859375,68.48999786376953,548.0
2026-08-26 11:15:00+00:00,68.48999786376953,68.5,68.36499786376953,68.4800033569336,622.0
2026-08-26 11:30:00+00:00,68.48500061035156,68.5999984741211,68.42500305175781,68.51499938964844,357.0
2026-08-26 11:45:00+00:00,68.5199966430664,68.63500213623047,68.44000244140625,68.62000274658203,627.0
2026-08-26 12:00:00+00:00,68.63999938964844,68.77999877929688,68.62999725341797,68.72000122070312,557.0
2026-08-26 12:15:00+00:00,68.72000122070312,68.8949966430664,68.68499755859375,68.88999938964844,493.0
2026-08-26 12:30:00+00:00,68.91999816894531,68.95999908447266,68.50499725341797,68.84500122070312,1584.0
2026-08-26 12:45:00+00:00,68.82499694824219,68.86499786376953,68.30000305175781,68.31999969482422,1242.0
2026-08-26 13:00:00+00:00,68.30999755859375,68.49500274658203,68.01000213623047,68.11000061035156,1981.0
2026-08-26 13:15:00+00:00,68.12999725341797,68.22000122070312,67.83000183105469,68.16999816894531,1638.0
2026-08-26 13:30:00+00:00,68.16999816894531,68.41500091552734,68.16999816894531,68.33000183105469,1240.0
2026-08-26 13:45:00+00:00,68.30000305175781,68.4749984741211,68.22000122070312,68.44499969482422,1078.0
2026-08-26 14:00:00+00:00,68.44000244140625,68.4800033569336,68.19000244140625,68.22000122070312,1345.0
2026-08-26 14:15:00+00:00,68.24500274658203,68.56999969482422,68.19000244140625,68.2300033569336,1063.0
2026-08-26 14:30:00+00:00,68.22000122070312,68.3949966430664,68.16999816894531,68.38500213623047,734.0
2026-08-26 14:45:00+00:00,68.38999938964844,68.41999816894531,67.87999725341797,67.87999725341797,1473.0
2026-08-26 15:00:00+00:00,67.875,67.93499755859375,67.48500061035156,67.58499908447266,2716.0
2026-08-26 15:15:00+00:00,67.58499908447266,68.0,67.53500366210938,67.90499877929688,1932.0
2026-08-26 15:30:00+00:00,67.88999938964844,68.05999755859375,67.875,68.01000213623047,1842.0
2026-08-26 15:45:00+00:00,68.03500366210938,68.11499786376953,67.87000274658203,67.9000015258789,936.0
2026-08-26 16:00:00+00:00,67.90499877929688,68.00499725341797,67.80000305175781,67.94499969482422,791.0
2026-08-26 16:15:00+00:00,67.95999908447266,67.97000122070312,67.87999725341797,67.94499969482422,343.0
2026-08-26 16:30:00+00:00,67.94000244140625,68.05000305175781,67.81500244140625,67.86499786376953,574.0
2026-08-26 16:45:00+00:00,67.86000061035156,68.04000091552734,67.86000061035156,67.97000122070312,362.0
2026-08-26 17:00:00+00:00,67.9749984741211,68.1050033569336,67.94999694824219,67.9800033569336,499.0
2026-08-26 17:15:00+00:00,67.99500274658203,68.125,67.97000122070312,68.0999984741211,1217.0
2026-08-26 17:30:00+00:00,68.0999984741211,68.11499786376953,67.9749984741211,68.01499938964844,460.0
2026-08-26 17:45:00+00:00,68.05500030517578,68.06500244140625,67.87999725341797,67.95500183105469,313.0
2026-08-26 18:00:00+00:00,67.93000030517578,68.19499969482422,67.93000030517578,68.15499877929688,584.0
2026-08-26 18:15:00+00:00,68.18499755859375,68.19000244140625,68.06999969482422,68.08999633789062,247.0
2026-08-26 18:30:00+00:00,68.08000183105469,68.19499969482422,68.04499816894531,68.16999816894531,299.0
2026-08-26 18:45:00+00:00,68.16999816894531,68.23500061035156,68.13999938964844,68.1449966430664,288.0
2026-08-26 19:00:00+00:00,68.13999938964844,68.19499969482422,68.05000305175781,68.11000061035156,324.0
2026-08-26 19:15:00+00:00,68.12999725341797,68.26000213623047,68.07499694824219,68.2249984741211,250.0
2026-08-26 19:30:00+00:00,68.2249984741211,68.26499938964844,68.16999816894531,68.18000030517578,507.0
2026-08-26 19:45:00+00:00,68.19499969482422,68.23500061035156,68.08499908447266,68.12999725341797,318.0
2026-08-26 20:00:00+00:00,68.12999725341797,68.1500015258789,68.05999755859375,68.06999969482422,133.0
2026-08-26 20:15:00+00:00,68.04000091552734,68.05999755859375,67.87000274658203,68.04499816894531,152.0
2026-08-26 20:30:00+00:00,68.04000091552734,68.04000091552734,67.95500183105469,67.9749984741211,155.0
2026-08-26 20:45:00+00:00,67.97000122070312,68.1050033569336,67.97000122070312,68.08499908447266,182.0
2026-08-26 22:00:00+00:00,68.08999633789062,68.58999633789062,68.08999633789062,68.43000030517578,35.0
2026-08-26 22:15:00+00:00,68.43000030517578,68.75,68.41999816894531,68.69000244140625,152.0
2026-08-26 22:30:00+00:00,68.66000366210938,68.80000305175781,68.66000366210938,68.73500061035156,179.0
2026-08-26 22:45:00+00:00,68.75,68.76499938964844,68.66999816894531,68.68000030517578,38.0
2026-08-26 23:00:00+00:00,68.70999908447266,68.79499816894531,68.67500305175781,68.74500274658203,86.0
2026-08-26 23:15:00+00:00,68.76499938964844,68.95500183105469,68.76499938964844,68.87999725341797,218.0
2026-08-26 23:30:00+00:00,68.875,68.97000122070312,68.83000183105469,68.93000030517578,98.0
2026-08-26 23:45:00+00:00,68.92500305175781,68.92500305175781,68.84500122070312,68.875,135.0
2026-08-27 00:00:00+00:00,68.8949966430664,68.96499633789062,68.63500213623047,68.63500213623047,75.0
2026-08-27 00:15:00+00:00,68.63500213623047,68.79499816894531,68.63500213623047,68.79000091552734,113.0
2026-08-27 00:30:00+00:00,68.75,68.75,68.46499633789062,68.54000091552734,60.0
2026-08-27 00:45:00+00:00,68.53500366210938,68.56999969482422,68.41000366210938,68.41000366210938,44.0
2026-08-27 01:00:00+00:00,68.46499633789062,69.06500244140625,68.38999938964844,69.05999755859375,238.0
2026-08-27 01:15:00+00:00,69.01000213623047,69.19999694824219,68.98500061035156,69.0,169.0
2026-08-27 01:30:00+00:00,68.96499633789062,69.5199966430664,68.96499633789062,69.23999786376953,389.0
2026-08-27 01:45:00+00:00,69.26000213623047,69.55000305175781,69.20999908447266,69.5250015258789,200.0
2026-08-27 02:00:00+00:00,69.5199966430664,69.55000305175781,69.4000015258789,69.44499969482422,133.0
2026-08-27 02:15:00+00:00,69.42500305175781,69.44000244140625,69.37000274658203,69.37000274658203,139.0
2026-08-27 02:30:00+00:00,69.33999633789062,69.3499984741211,68.9749984741211,69.0199966430664,361.0
2026-08-27 02:45:00+00:00,69.05500030517578,69.2249984741211,69.05500030517578,69.15499877929688,54.0
2026-08-27 03:00:00+00:00,69.1449966430664,69.33999633789062,69.1449966430664,69.30500030517578,166.0
2026-08-27 03:15:00+00:00,69.30000305175781,69.41999816894531,69.29499816894531,69.3499984741211,74.0
2026-08-27 03:30:00+00:00,69.26499938964844,69.2699966430664,69.13999938964844,69.15499877929688,54.0
2026-08-27 03:45:00+00:00,69.18499755859375,69.18499755859375,68.9800033569336,68.9800033569336,49.0
2026-08-27 04:00:00+00:00,69.0,69.04499816894531,68.99500274658203,69.00499725341797,35.0
2026-08-27 04:15:00+00:00,69.0,69.00499725341797,68.9000015258789,68.92500305175781,29.0
2026-08-27 04:30:00+00:00,68.88500213623047,68.91000366210938,68.80500030517578,68.88500213623047,206.0
2026-08-27 04:45:00+00:00,68.93000030517578,68.99500274658203,68.8949966430664,68.91999816894531,131.0
2026-08-27 05:00:00+00:00,68.91999816894531,69.01000213623047,68.8499984741211,69.01000213623047,155.0
2026-08-27 05:15:00+00:00,68.94000244140625,69.02999877929688,68.87999725341797,68.88999938964844,162.0
2026-08-27 05:30:00+00:00,68.88999938964844,68.93499755859375,68.50499725341797,68.52999877929688,256.0
2026-08-27 05:45:00+00:00,68.52999877929688,68.66000366210938,68.30500030517578,68.5999984741211,206.0
2026-08-27 06:00:00+00:00,68.625,68.69999694824219,68.44499969482422,68.69999694824219,378.0
2026-08-27 06:15:00+00:00,68.6500015258789,68.79000091552734,68.5999984741211,68.68499755859375,390.0
2026-08-27 06:30:00+00:00,68.69999694824219,68.72000122070312,68.56999969482422,68.56999969482422,184.0
2026-08-27 06:45:00+00:00,68.62999725341797,68.63500213623047,68.55000305175781,68.55000305175781,323.0
2026-08-27 07:00:00+00:00,68.51000213623047,68.58499908447266,68.41999816894531,68.53500366210938,234.0
2026-08-27 07:15:00+00:00,68.44000244140625,68.44000244140625,68.30500030517578,68.38999938964844,555.0
2026-08-27 07:30:00+00:00,68.45999908447266,69.30000305175781,68.45999908447266,69.16999816894531,7569.0
2026-08-27 07:45:00+00:00,69.16500091552734,69.22000122070312,69.05999755859375,69.19000244140625,555.0
2026-08-27 08:00:00+00:00,69.18499755859375,69.31500244140625,69.18499755859375,69.19499969482422,352.0
2026-08-27 08:15:00+00:00,69.19999694824219,69.31500244140625,69.18000030517578,69.2249984741211,167.0
2026-08-27 08:30:00+00:00,69.23999786376953,69.25,69.0999984741211,69.1050033569336,183.0
2026-08-27 08:45:00+00:00,69.12999725341797,69.28500366210938,69.12000274658203,69.26499938964844,256.0
2026-08-27 09:00:00+00:00,69.2699966430664,69.30000305175781,69.05500030517578,69.11000061035156,269.0
2026-08-27 09:15:00+00:00,69.0999984741211,69.18499755859375,69.0999984741211,69.16999816894531,205.0
2026-08-27 09:30:00+00:00,69.19999694824219,69.21499633789062,68.87999725341797,69.04499816894531,356.0
2026-08-27 09:45:00+00:00,69.0250015258789,69.07499694824219,68.88500213623047,68.91000366210938,292.0
2026-08-27 10:00:00+00:00,68.90499877929688,68.98999786376953,68.70500183105469,68.92500305175781,550.0
2026-08-27 10:15:00+00:00,68.93000030517578,69.0,68.8550033569336,68.96499633789062,440.0
2026-08-27 10:30:00+00:00,68.96499633789062,69.07499694824219,68.88999938964844,69.06999969482422,248.0
2026-08-27 10:45:00+00:00,69.06999969482422,69.23500061035156,69.05500030517578,69.20999908447266,480.0
2026-08-27 11:00:00+00:00,69.20500183105469,69.2300033569336,69.03500366210938,69.12000274658203,437.0
2026-08-27 11:15:00+00:00,69.12999725341797,69.2249984741211,69.09500122070312,69.1449966430664,201.0
2026-08-27 11:30:00+00:00,69.16500091552734,69.27999877929688,69.09500122070312,69.09500122070312,739.0
2026-08-27 11:45:00+00:00,69.09500122070312,69.11000061035156,69.0,69.05000305175781,235.0
2026-08-27 12:00:00+00:00,69.03500366210938,69.07499694824219,68.91000366210938,68.91000366210938,361.0
2026-08-27 12:15:00+00:00,68.9000015258789,69.19000244140625,68.8949966430664,69.1449966430664,681.0
2026-08-27 12:30:00+00:00,69.1500015258789,69.18000030517578,68.75499725341797,68.76499938964844,967.0
2026-08-27 12:45:00+00:00,68.75,68.84500122070312,68.62000274658203,68.74500274658203,761.0
2026-08-27 13:00:00+00:00,68.75499725341797,68.99500274658203,68.4000015258789,68.82499694824219,1915.0
2026-08-27 13:15:00+00:00,68.83499908447266,69.1449966430664,68.73500061035156,69.04499816894531,1602.0
2026-08-27 13:30:00+00:00,69.03500366210938,69.1500015258789,68.45999908447266,68.6449966430664,2521.0
2026-08-27 13:45:00+00:00,68.63500213623047,68.8550033569336,68.33000183105469,68.69000244140625,1540.0
2026-08-27 14:00:00+00:00,68.70500183105469,68.95999908447266,68.66000366210938,68.88500213623047,1044.0
2026-08-27 14:15:00+00:00,68.9000015258789,69.19499969482422,68.9000015258789,69.06999969482422,1172.0
2026-08-27 14:30:00+00:00,69.08000183105469,69.52999877929688,69.07499694824219,69.46499633789062,1846.0
2026-08-27 14:45:00+00:00,69.45999908447266,69.58999633789062,69.33499908447266,69.48999786376953,1241.0
2026-08-27 15:00:00+00:00,69.48999786376953,69.5250015258789,69.38999938964844,69.44999694824219,911.0
2026-08-27 15:15:00+00:00,69.45999908447266,69.62999725341797,69.33499908447266,69.42500305175781,1319.0
2026-08-27 15:30:00+00:00,69.43499755859375,69.88500213623047,69.41999816894531,69.72000122070312,1291.0
2026-08-27 15:45:00+00:00,69.73500061035156,70.25,69.69999694824219,70.21499633789062,1966.0
2026-08-27 16:00:00+00:00,70.2249984741211,70.3550033569336,69.97000122070312,69.98999786376953,1752.0
2026-08-27 16:15:00+00:00,69.98500061035156,70.05000305175781,69.93000030517578,70.02999877929688,741.0
2026-08-27 16:30:00+00:00,70.04499816894531,70.2750015258789,69.97000122070312,70.21499633789062,1058.0
2026-08-27 16:45:00+00:00,70.2249984741211,70.40499877929688,70.1449966430664,70.37999725341797,1452.0
2026-08-27 17:00:00+00:00,70.375,70.52999877929688,70.2300033569336,70.30999755859375,1235.0
2026-08-27 17:15:00+00:00,70.31999969482422,70.33499908447266,70.17500305175781,70.2750015258789,1527.0
2026-08-27 17:30:00+00:00,70.26000213623047,70.4000015258789,70.19499969482422,70.24500274658203,530.0
2026-08-27 17:45:00+00:00,70.23999786376953,70.2699966430664,70.05000305175781,70.08499908447266,840.0
2026-08-27 18:00:00+00:00,70.08000183105469,70.08999633789062,69.87999725341797,69.98500061035156,632.0
2026-08-27 18:15:00+00:00,69.98999786376953,70.05999755859375,69.87999725341797,69.87999725341797,397.0
2026-08-27 18:30:00+00:00,69.87000274658203,69.94499969482422,69.80000305175781,69.88500213623047,200.0
2026-08-27 18:45:00+00:00,69.88999938964844,70.05000305175781,69.88999938964844,70.01000213623047,247.0
2026-08-27 19:00:00+00:00,70.0199966430664,70.34500122070312,70.01000213623047,70.2699966430664,463.0
2026-08-27 19:15:00+00:00,70.25,70.25,70.01499938964844,70.04499816894531,189.0
2026-08-27 19:30:00+00:00,70.04000091552734,70.2750015258789,70.0199966430664,70.26000213623047,290.0
2026-08-27 19:45:00+00:00,70.2699966430664,70.31999969482422,70.1500015258789,70.25499725341797,310.0
2026-08-27 20:00:00+00:00,70.25,70.25499725341797,70.12000274658203,70.1449966430664,115.0
2026-08-27 20:15:00+00:00,70.13999938964844,70.1500015258789,70.04499816894531,70.05500030517578,67.0
2026-08-27 20:30:00+00:00,70.07499694824219,70.08499908447266,70.0199966430664,70.05000305175781,49.0
2026-08-27 20:45:00+00:00,70.05500030517578,70.19999694824219,69.9800033569336,70.06500244140625,349.0
2026-08-27 22:00:00+00:00,70.04499816894531,70.2750015258789,69.97000122070312,70.09500122070312,65.0
2026-08-27 22:15:00+00:00,70.08999633789062,70.25499725341797,70.08999633789062,70.20500183105469,88.0
2026-08-27 22:30:00+00:00,70.22000122070312,70.2300033569336,70.16999816894531,70.18499755859375,55.0
2026-08-27 22:45:00+00:00,70.17500305175781,70.23500061035156,70.17500305175781,70.22000122070312,33.0
2026-08-27 23:00:00+00:00,70.22000122070312,70.22000122070312,70.08000183105469,70.08000183105469,78.0
2026-08-27 23:15:00+00:00,70.08999633789062,70.125,70.01499938964844,70.06999969482422,143.0
2026-08-27 23:30:00+00:00,70.08499908447266,70.125,70.05500030517578,70.05500030517578,54.0
2026-08-27 23:45:00+00:00,70.05999755859375,70.05999755859375,69.91999816894531,69.93000030517578,208.0
2026-08-28 00:00:00+00:00,69.93000030517578,70.19499969482422,69.91500091552734,70.16000366210938,126.0
2026-08-28 00:15:00+00:00,70.13500213623047,70.13500213623047,69.90499877929688,70.0,118.0
2026-08-28 00:30:00+00:00,70.01000213623047,70.01000213623047,69.875,69.99500274658203,122.0
2026-08-28 00:45:00+00:00,69.99500274658203,69.99500274658203,69.71499633789062,69.80000305175781,262.0
2026-08-28 01:00:00+00:00,69.80999755859375,70.47000122070312,69.74500274658203,70.2699966430664,1059.0
2026-08-28 01:15:00+00:00,70.29000091552734,70.4000015258789,69.6500015258789,69.72000122070312,928.0
2026-08-28 01:30:00+00:00,69.72000122070312,69.80500030517578,69.40499877929688,69.54499816894531,752.0
2026-08-28 01:45:00+00:00,69.53500366210938,69.53500366210938,69.21499633789062,69.34500122070312,661.0
2026-08-28 02:00:00+00:00,69.3550033569336,69.6500015258789,69.34500122070312,69.62999725341797,455.0
2026-08-28 02:15:00+00:00,69.6050033569336,69.69999694824219,69.54499816894531,69.66000366210938,178.0
2026-08-28 02:30:00+00:00,69.68000030517578,69.86499786376953,69.61499786376953,69.62999725341797,340.0
2026-08-28 02:45:00+00:00,69.68000030517578,69.83999633789062,69.58000183105469,69.78500366210938,179.0
2026-08-28 03:00:00+00:00,69.7699966430664,69.88500213623047,69.66000366210938,69.70500183105469,217.0
2026-08-28 03:15:00+00:00,69.72000122070312,69.8550033569336,69.71499633789062,69.7750015258789,166.0
2026-08-28 03:30:00+00:00,69.7750015258789,69.80500030517578,69.5999984741211,69.61499786376953,276.0
2026-08-28 03:45:00+00:00,69.5999984741211,69.625,69.55000305175781,69.56500244140625,101.0
2026-08-28 04:00:00+00:00,69.58999633789062,69.62999725341797,69.5199966430664,69.59500122070312,248.0
2026-08-28 04:15:00+00:00,69.59500122070312,69.74500274658203,69.59500122070312,69.69999694824219,99.0
2026-08-28 04:30:00+00:00,69.66000366210938,69.67500305175781,69.55500030517578,69.5999984741211,100.0
2026-08-28 04:45:00+00:00,69.57499694824219,69.74500274658203,69.57499694824219,69.70500183105469,50.0
2026-08-28 05:00:00+00:00,69.72000122070312,69.7300033569336,69.5199966430664,69.55500030517578,114.0
2026-08-28 05:15:00+00:00,69.55999755859375,69.66000366210938,69.54000091552734,69.62000274658203,108.0
2026-08-28 05:30:00+00:00,69.6050033569336,69.66999816894531,69.41500091552734,69.45999908447266,285.0
2026-08-28 05:45:00+00:00,69.4749984741211,69.63999938964844,69.40499877929688,69.5,210.0
2026-08-28 06:00:00+00:00,69.5,69.86499786376953,69.47000122070312,69.84500122070312,514.0
2026-08-28 06:15:00+00:00,69.8499984741211,70.06999969482422,69.84500122070312,69.9800033569336,378.0
2026-08-28 06:30:00+00:00,69.94999694824219,69.99500274658203,69.84500122070312,69.95500183105469,395.0
2026-08-28 06:45:00+00:00,69.9749984741211,71.25499725341797,69.9749984741211,71.23500061035156,2903.0
2026-08-28 07:00:00+00:00,71.2300033569336,71.3550033569336,70.93000030517578,71.13500213623047,1253.0
2026-08-28 07:15:00+00:00,71.11000061035156,71.43499755859375,70.9800033569336,71.36000061035156,949.0
2026-08-28 07:30:00+00:00,71.37000274658203,71.7750015258789,71.37000274658203,71.49500274658203,837.0
2026-08-28 07:45:00+00:00,71.49500274658203,71.56500244140625,71.43000030517578,71.5199966430664,409.0
2026-08-28 08:00:00+00:00,71.51000213623047,71.6050033569336,71.43499755859375,71.55000305175781,423.0
2026-08-28 08:15:00+00:00,71.56500244140625,71.58000183105469,71.375,71.40499877929688,328.0
2026-08-28 08:30:00+00:00,71.41999816894531,71.4800033569336,71.1449966430664,71.1449966430664,287.0
2026-08-28 08:45:00+00:00,71.15499877929688,71.30000305175781,71.05000305175781,71.19499969482422,348.0
2026-08-28 09:00:00+00:00,71.25499725341797,71.29499816894531,71.18499755859375,71.2699966430664,209.0
2026-08-28 09:15:00+00:00,71.2750015258789,71.33000183105469,71.18499755859375,71.24500274658203,263.0
2026-08-28 09:30:00+00:00,71.23500061035156,71.37000274658203,71.22000122070312,71.31999969482422,219.0
2026-08-28 09:45:00+00:00,71.33000183105469,71.41000366210938,71.28500366210938,71.33499908447266,188.0
2026-08-28 10:00:00+00:00,71.33999633789062,71.47000122070312,71.30999755859375,71.43499755859375,161.0
2026-08-28 10:15:00+00:00,71.45500183105469,71.45500183105469,71.25499725341797,71.33499908447266,351.0
2026-08-28 10:30:00+00:00,71.34500122070312,71.41500091552734,71.24500274658203,71.26499938964844,239.0
2026-08-28 10:45:00+00:00,71.24500274658203,71.27999877929688,71.08499908447266,71.23500061035156,505.0
2026-08-28 11:00:00+00:00,71.2300033569336,71.2750015258789,71.0199966430664,71.11000061035156,690.0
2026-08-28 11:15:00+00:00,71.12000274658203,71.18499755859375,71.00499725341797,71.07499694824219,267.0
2026-08-28 11:30:00+00:00,71.08499908447266,71.16000366210938,70.9800033569336,71.08000183105469,501.0
2026-08-28 11:45:00+00:00,71.07499694824219,71.22000122070312,70.94000244140625,71.0199966430664,450.0
2026-08-28 12:00:00+00:00,71.00499725341797,71.38500213623047,70.9800033569336,71.28500366210938,657.0
2026-08-28 12:15:00+00:00,71.26499938964844,71.54499816894531,71.13500213623047,71.43000030517578,717.0
2026-08-28 12:30:00+00:00,71.43499755859375,71.52999877929688,71.16500091552734,71.26499938964844,784.0
2026-08-28 12:45:00+00:00,71.26000213623047,71.59500122070312,71.19999694824219,71.5250015258789,774.0
2026-08-28 13:00:00+00:00,71.52999877929688,71.71499633789062,71.28500366210938,71.58000183105469,1917.0
2026-08-28 13:15:00+00:00,71.58999633789062,71.69000244140625,71.22000122070312,71.625,1142.0
2026-08-28 13:30:00+00:00,71.62999725341797,71.66999816894531,71.18499755859375,71.37999725341797,1670.0
2026-08-28 13:45:00+00:00,71.4000015258789,71.96499633789062,71.4000015258789,71.51499938964844,2131.0
2026-08-28 14:00:00+00:00,71.5199966430664,72.05000305175781,69.27999877929688,69.34500122070312,9721.0
2026-08-28 14:15:00+00:00,69.3550033569336,70.01000213623047,68.93000030517578,69.55500030517578,4749.0
2026-08-28 14:30:00+00:00,69.55999755859375,70.43000030517578,69.55999755859375,70.13999938964844,3804.0
2026-08-28 14:45:00+00:00,70.13999938964844,70.83000183105469,69.9800033569336,70.67500305175781,1950.0
2026-08-28 15:00:00+00:00,70.69000244140625,70.81999969482422,70.125,70.19499969482422,1616.0
2026-08-28 15:15:00+00:00,70.18499755859375,70.29499816894531,69.91500091552734,70.05000305175781,1426.0
2026-08-28 15:30:00+00:00,70.05000305175781,70.08499908447266,69.33999633789062,69.5,2104.0
2026-08-28 15:45:00+00:00,69.5199966430664,69.66999816894531,68.69000244140625,68.81500244140625,3964.0
2026-08-28 16:00:00+00:00,68.83499908447266,68.94999694824219,68.26000213623047,68.33000183105469,3318.0
2026-08-28 16:15:00+00:00,68.30000305175781,68.48999786376953,67.2699966430664,67.58499908447266,6168.0
2026-08-28 16:30:00+00:00,67.58999633789062,67.81500244140625,67.13999938964844,67.37999725341797,3499.0
2026-08-28 16:45:00+00:00,67.41500091552734,67.9000015258789,67.4000015258789,67.69999694824219,1462.0
2026-08-28 17:00:00+00:00,67.71499633789062,67.79499816894531,67.51000213623047,67.7249984741211,1195.0
2026-08-28 17:15:00+00:00,67.72000122070312,67.98999786376953,67.6500015258789,67.7249984741211,1961.0
2026-08-28 17:30:00+00:00,67.76000213623047,67.8499984741211,67.3550033569336,67.54000091552734,857.0
2026-08-28 17:45:00+00:00,67.56500244140625,67.71499633789062,67.53500366210938,67.58000183105469,463.0
2026-08-28 18:00:00+00:00,67.57499694824219,67.62000274658203,67.2249984741211,67.2750015258789,881.0
2026-08-28 18:15:00+00:00,67.2750015258789,67.33499908447266,67.00499725341797,67.05999755859375,1418.0
2026-08-28 18:30:00+00:00,67.05999755859375,67.17500305175781,66.83000183105469,67.04000091552734,735.0
2026-08-28 18:45:00+00:00,67.04000091552734,67.13500213623047,66.97000122070312,67.04000091552734,721.0
2026-08-28 19:00:00+00:00,67.01499938964844,67.18499755859375,66.95999908447266,67.02999877929688,652.0
2026-08-28 19:15:00+00:00,67.0250015258789,67.2750015258789,67.00499725341797,67.2300033569336,368.0
2026-08-28 19:30:00+00:00,67.20500183105469,67.33000183105469,67.18000030517578,67.29499816894531,295.0
2026-08-28 19:45:00+00:00,67.30999755859375,67.30999755859375,66.98999786376953,67.18499755859375,612.0
2026-08-28 20:00:00+00:00,67.17500305175781,67.21499633789062,67.05000305175781,67.07499694824219,343.0
2026-08-28 20:15:00+00:00,67.05999755859375,67.13500213623047,66.98999786376953,67.08499908447266,100.0
2026-08-28 20:30:00+00:00,67.1050033569336,67.1050033569336,66.98999786376953,67.07499694824219,132.0
2026-08-28 20:45:00+00:00,67.0999984741211,67.78600311279297,67.0,67.78600311279297,298.0
2026-08-30 22:00:00+00:00,66.95999908447266,67.08499908447266,66.93000030517578,67.08499908447266,145.0
2026-08-30 22:15:00+00:00,67.07499694824219,67.19000244140625,67.0250015258789,67.125,382.0
2026-08-30 22:30:00+00:00,67.08999633789062,67.16000366210938,66.96499633789062,67.0199966430664,175.0
2026-08-30 22:45:00+00:00,67.05000305175781,67.3499984741211,67.05000305175781,67.26000213623047,395.0
2026-08-30 23:00:00+00:00,67.24500274658203,67.38500213623047,67.22000122070312,67.2750015258789,308.0
2026-08-30 23:15:00+00:00,67.26499938964844,67.33999633789062,67.11499786376953,67.16000366210938,206.0
2026-08-30 23:30:00+00:00,67.1449966430664,67.1449966430664,66.91000366210938,66.93499755859375,518.0
2026-08-30 23:45:00+00:00,66.93499755859375,67.20500183105469,66.69499969482422,67.18499755859375,540.0
2026-08-31 00:00:00+00:00,67.16999816894531,67.31999969482422,67.01499938964844,67.27999877929688,252.0
2026-08-31 00:15:00+00:00,67.27999877929688,67.37000274658203,67.09500122070312,67.19999694824219,165.0
2026-08-31 00:30:00+00:00,67.25,67.55500030517578,67.25,67.38500213623047,433.0
2026-08-31 00:45:00+00:00,67.41000366210938,67.44999694824219,67.12999725341797,67.13500213623047,192.0
2026-08-31 01:00:00+00:00,67.13999938964844,67.5,66.76499938964844,66.93000030517578,960.0
2026-08-31 01:15:00+00:00,66.93000030517578,67.01499938964844,66.75,66.87000274658203,430.0
2026-08-31 01:30:00+00:00,66.8499984741211,67.1500015258789,66.7699966430664,67.07499694824219,508.0
2026-08-31 01:45:00+00:00,67.1050033569336,67.16999816894531,66.73500061035156,66.9749984741211,418.0
2026-08-31 02:00:00+00:00,66.91000366210938,66.91000366210938,66.54000091552734,66.6449966430664,461.0
2026-08-31 02:15:00+00:00,66.6500015258789,66.68000030517578,66.51499938964844,66.55999755859375,181.0
2026-08-31 02:30:00+00:00,66.55000305175781,66.66000366210938,66.43499755859375,66.5,604.0
2026-08-31 02:45:00+00:00,66.49500274658203,66.82499694824219,66.36499786376953,66.80999755859375,434.0
2026-08-31 03:00:00+00:00,66.83000183105469,66.97000122070312,66.80000305175781,66.95500183105469,204.0
2026-08-31 03:15:00+00:00,66.95999908447266,67.05000305175781,66.86000061035156,66.86000061035156,186.0
2026-08-31 03:30:00+00:00,66.86000061035156,66.87000274658203,66.78500366210938,66.83499908447266,78.0
2026-08-31 03:45:00+00:00,66.81999969482422,66.91999816894531,66.80999755859375,66.83999633789062,57.0
2026-08-31 04:00:00+00:00,66.84500122070312,66.96499633789062,66.80000305175781,66.96499633789062,98.0
2026-08-31 04:15:00+00:00,66.91999816894531,66.96499633789062,66.86499786376953,66.86499786376953,47.0
2026-08-31 04:30:00+00:00,66.86000061035156,67.02999877929688,66.82499694824219,66.94999694824219,201.0
2026-08-31 04:45:00+00:00,66.97000122070312,67.11499786376953,66.97000122070312,67.05999755859375,90.0
2026-08-31 05:00:00+00:00,67.06500244140625,67.18000030517578,67.05000305175781,67.1500015258789,125.0
2026-08-31 05:15:00+00:00,67.13500213623047,67.51000213623047,67.12999725341797,67.4749984741211,390.0
2026-08-31 05:30:00+00:00,67.5,67.55999755859375,67.18000030517578,67.32499694824219,584.0
2026-08-31 05:45:00+00:00,67.33499908447266,67.45999908447266,67.20999908447266,67.43000030517578,251.0
2026-08-31 06:00:00+00:00,67.43000030517578,67.43499755859375,67.11000061035156,67.15499877929688,360.0
2026-08-31 06:15:00+00:00,67.1500015258789,67.36499786376953,67.13999938964844,67.32499694824219,304.0
2026-08-31 06:30:00+00:00,67.31999969482422,67.4749984741211,67.19999694824219,67.41000366210938,241.0
2026-08-31 06:45:00+00:00,67.41000366210938,67.55000305175781,67.36000061035156,67.37999725341797,257.0
2026-08-31 07:00:00+00:00,67.37000274658203,67.46499633789062,67.3499984741211,67.40499877929688,160.0
2026-08-31 07:15:00+00:00,67.38999938964844,67.63999938964844,67.38500213623047,67.61000061035156,538.0
2026-08-31 07:30:00+00:00,67.6050033569336,67.76000213623047,67.58999633789062,67.71499633789062,565.0
2026-08-31 07:45:00+00:00,67.70999908447266,67.70999908447266,67.53500366210938,67.66000366210938,220.0
2026-08-31 08:00:00+00:00,67.65499877929688,67.8499984741211,67.625,67.67500305175781,557.0
2026-08-31 08:15:00+00:00,67.69499969482422,67.7750015258789,67.61000061035156,67.75499725341797,165.0
2026-08-31 08:30:00+00:00,67.7300033569336,67.73500061035156,67.55999755859375,67.58499908447266,119.0
2026-08-31 08:45:00+00:00,67.58499908447266,67.69499969482422,67.58000183105469,67.66000366210938,100.0
2026-08-31 09:00:00+00:00,67.65499877929688,67.79000091552734,67.6500015258789,67.79000091552734,187.0
2026-08-31 09:15:00+00:00,67.7750015258789,67.80999755859375,67.69499969482422,67.70999908447266,97.0
2026-08-31 09:30:00+00:00,67.69999694824219,67.76000213623047,67.67500305175781,67.73999786376953,84.0
2026-08-31 09:45:00+00:00,67.7300033569336,67.74500274658203,67.63999938964844,67.71499633789062,110.0
2026-08-31 10:00:00+00:00,67.72000122070312,67.79000091552734,67.6449966430664,67.75,209.0
2026-08-31 10:15:00+00:00,67.75,67.76000213623047,67.6449966430664,67.70999908447266,89.0
2026-08-31 10:30:00+00:00,67.70999908447266,67.875,67.70999908447266,67.875,134.0
2026-08-31 10:45:00+00:00,67.86499786376953,67.97000122070312,67.8499984741211,67.91500091552734,289.0
2026-08-31 11:00:00+00:00,67.90499877929688,68.0199966430664,67.88999938964844,67.94499969482422,266.0
2026-08-31 11:15:00+00:00,67.93000030517578,68.13999938964844,67.91500091552734,68.13500213623047,243.0
2026-08-31 11:30:00+00:00,68.13500213623047,68.1500015258789,67.90499877929688,67.96499633789062,419.0
2026-08-31 11:45:00+00:00,67.9749984741211,67.98999786376953,67.90499877929688,67.98999786376953,95.0
2026-08-31 12:00:00+00:00,67.96499633789062,68.18000030517578,67.8499984741211,68.11000061035156,619.0
2026-08-31 12:15:00+00:00,68.125,68.12999725341797,67.7249984741211,67.73500061035156,904.0
2026-08-31 12:30:00+00:00,67.7249984741211,67.86000061035156,67.44999694824219,67.55000305175781,1189.0
2026-08-31 12:45:00+00:00,67.54000091552734,67.55000305175781,67.3499984741211,67.3499984741211,560.0
2026-08-31 13:00:00+00:00,67.3499984741211,67.55000305175781,67.20999908447266,67.54000091552734,1038.0
2026-08-31 13:15:00+00:00,67.54499816894531,67.63500213623047,67.3550033569336,67.55000305175781,670.0
2026-08-31 13:30:00+00:00,67.56500244140625,67.58499908447266,67.1500015258789,67.16500091552734,899.0
2026-08-31 13:45:00+00:00,67.19000244140625,67.23500061035156,66.96499633789062,67.125,1106.0
2026-08-31 14:00:00+00:00,67.1500015258789,67.25499725341797,66.90499877929688,67.0199966430664,921.0
2026-08-31 14:15:00+00:00,67.01000213623047,67.08000183105469,66.7750015258789,66.8499984741211,735.0
2026-08-31 14:30:00+00:00,66.8499984741211,67.15499877929688,66.81500244140625,67.08999633789062,937.0
2026-08-31 14:45:00+00:00,67.11499786376953,67.22000122070312,66.93000030517578,66.98999786376953,742.0
2026-08-31 15:00:00+00:00,66.9800033569336,67.13500213623047,66.83499908447266,67.05500030517578,666.0
2026-08-31 15:15:00+00:00,67.07499694824219,67.1050033569336,66.83999633789062,67.0,591.0
2026-08-31 15:30:00+00:00,66.99500274658203,67.08499908447266,66.83499908447266,66.86499786376953,505.0
2026-08-31 15:45:00+00:00,66.86000061035156,67.0199966430664,66.7300033569336,66.81999969482422,715.0
2026-08-31 16:00:00+00:00,66.80000305175781,67.12000274658203,66.73999786376953,67.06999969482422,582.0
2026-08-31 16:15:00+00:00,67.08000183105469,67.16500091552734,67.0199966430664,67.15499877929688,287.0
2026-08-31 16:30:00+00:00,67.16000366210938,67.19999694824219,66.96499633789062,67.04000091552734,285.0
2026-08-31 16:45:00+00:00,67.05999755859375,67.12000274658203,66.94999694824219,66.9800033569336,870.0
2026-08-31 17:00:00+00:00,66.9749984741211,67.0,66.88999938964844,66.94000244140625,553.0
2026-08-31 17:15:00+00:00,66.93499755859375,67.04499816894531,66.87999725341797,66.91500091552734,803.0
2026-08-31 17:30:00+00:00,66.91000366210938,67.08999633789062,66.88500213623047,67.08999633789062,260.0
2026-08-31 17:45:00+00:00,67.08000183105469,67.18499755859375,67.04499816894531,67.04499816894531,374.0
2026-08-31 18:00:00+00:00,67.04000091552734,67.05999755859375,66.83499908447266,66.94000244140625,337.0
2026-08-31 18:15:00+00:00,66.93000030517578,66.97000122070312,66.87000274658203,66.87000274658203,194.0
2026-08-31 18:30:00+00:00,66.86000061035156,66.86000061035156,66.7300033569336,66.76499938964844,281.0
2026-08-31 18:45:00+00:00,66.7699966430664,66.91500091552734,66.7699966430664,66.80999755859375,168.0
2026-08-31 19:00:00+00:00,66.80000305175781,66.93499755859375,66.75,66.88999938964844,361.0
2026-08-31 19:15:00+00:00,66.9000015258789,67.16999816894531,66.875,67.13999938964844,326.0
2026-08-31 19:30:00+00:00,67.1500015258789,67.21499633789062,67.08000183105469,67.18499755859375,298.0
2026-08-31 19:45:00+00:00,67.16999816894531,67.33499908447266,67.13500213623047,67.2699966430664,456.0
2026-08-31 20:00:00+00:00,67.2750015258789,67.4000015258789,67.26000213623047,67.26499938964844,305.0
2026-08-31 20:15:00+00:00,67.26499938964844,67.2750015258789,67.16000366210938,67.16999816894531,71.0
2026-08-31 20:30:00+00:00,67.16500091552734,67.21499633789062,67.15499877929688,67.20999908447266,48.0
2026-08-31 20:45:00+00:00,67.20500183105469,67.25,67.18000030517578,67.20500183105469,77.0
2026-08-31 22:00:00+00:00,67.2750015258789,67.3499984741211,67.2249984741211,67.27999877929688,114.0
2026-08-31 22:15:00+00:00,67.26000213623047,67.28500366210938,67.22000122070312,67.24500274658203,72.0
2026-08-31 22:30:00+00:00,67.26000213623047,67.2699966430664,67.23999786376953,67.26499938964844,24.0
2026-08-31 22:45:00+00:00,67.24500274658203,67.26000213623047,67.16999816894531,67.18499755859375,93.0
2026-08-31 23:00:00+00:00,67.18000030517578,67.19999694824219,67.13999938964844,67.16000366210938,73.0
2026-08-31 23:15:00+00:00,67.1500015258789,67.16500091552734,67.0999984741211,67.125,58.0
2026-08-31 23:30:00+00:00,67.12999725341797,67.21499633789062,67.12999725341797,67.21499633789062,68.0
2026-08-31 23:45:00+00:00,67.22000122070312,67.29499816894531,67.20500183105469,67.28500366210938,142.0
2026-09-01 00:00:00+00:00,67.29000091552734,67.48999786376953,67.2249984741211,67.41500091552734,370.0
2026-09-01 00:15:00+00:00,67.38500213623047,67.625,67.33499908447266,67.59500122070312,305.0
2026-09-01 00:30:00+00:00,67.5999984741211,67.6050033569336,67.38500213623047,67.41999816894531,206.0
2026-09-01 00:45:00+00:00,67.41999816894531,67.55999755859375,67.38999938964844,67.50499725341797,319.0
2026-09-01 01:00:00+00:00,67.51000213623047,67.58499908447266,67.23500061035156,67.31500244140625,807.0
2026-09-01 01:15:00+00:00,67.32499694824219,67.36000061035156,67.11499786376953,67.20999908447266,328.0
2026-09-01 01:30:00+00:00,67.22000122070312,67.46499633789062,67.12000274658203,67.4000015258789,295.0
2026-09-01 01:45:00+00:00,67.44000244140625,67.45999908447266,67.25499725341797,67.3949966430664,273.0
2026-09-01 02:00:00+00:00,67.4000015258789,67.53500366210938,67.33000183105469,67.37000274658203,196.0
2026-09-01 02:15:00+00:00,67.38500213623047,67.45999908447266,67.31500244140625,67.31500244140625,79.0
2026-09-01 02:30:00+00:00,67.30000305175781,67.36499786376953,66.73500061035156,66.9749984741211,969.0
2026-09-01 02:45:00+00:00,66.95500183105469,67.375,66.91000366210938,67.37000274658203,348.0
2026-09-01 03:00:00+00:00,67.37999725341797,67.43499755859375,67.22000122070312,67.26499938964844,291.0
2026-09-01 03:15:00+00:00,67.26000213623047,67.29499816894531,67.12999725341797,67.20999908447266,168.0
2026-09-01 03:30:00+00:00,67.19999694824219,67.43499755859375,67.19999694824219,67.41999816894531,93.0
2026-09-01 03:45:00+00:00,67.41999816894531,67.55000305175781,67.3949966430664,67.41000366210938,159.0
2026-09-01 04:00:00+00:00,67.3949966430664,67.41999816894531,67.21499633789062,67.22000122070312,110.0
2026-09-01 04:15:00+00:00,67.20999908447266,67.23999786376953,67.11000061035156,67.11000061035156,159.0
2026-09-01 04:30:00+00:00,67.0999984741211,67.1449966430664,67.01000213623047,67.05500030517578,211.0
2026-09-01 04:45:00+00:00,67.05000305175781,67.12000274658203,67.01499938964844,67.02999877929688,112.0
2026-09-01 05:00:00+00:00,67.03500366210938,67.18000030517578,67.02999877929688,67.06999969482422,77.0
2026-09-01 05:15:00+00:00,67.08000183105469,67.08000183105469,66.9000015258789,66.94000244140625,281.0
2026-09-01 05:30:00+00:00,66.92500305175781,67.56999969482422,66.84500122070312,67.55500030517578,677.0
2026-09-01 05:45:00+00:00,67.54000091552734,67.72000122070312,67.3550033569336,67.3550033569336,436.0
2026-09-01 06:00:00+00:00,67.36000061035156,67.44000244140625,67.26499938964844,67.30000305175781,263.0
2026-09-01 06:15:00+00:00,67.28500366210938,67.33999633789062,67.11499786376953,67.15499877929688,149.0
2026-09-01 06:30:00+00:00,67.1449966430664,67.29499816894531,67.1449966430664,67.29499816894531,141.0
2026-09-01 06:45:00+00:00,67.28500366210938,67.30000305175781,67.06999969482422,67.0999984741211,222.0
2026-09-01 07:00:00+00:00,67.0999984741211,67.28500366210938,67.08999633789062,67.26499938964844,133.0
2026-09-01 07:15:00+00:00,67.26000213623047,67.30000305175781,67.11000061035156,67.11000061035156,171.0
2026-09-01 07:30:00+00:00,67.0999984741211,67.19000244140625,66.5999984741211,66.81999969482422,745.0
2026-09-01 07:45:00+00:00,66.82499694824219,67.05999755859375,66.76000213623047,67.05999755859375,286.0
2026-09-01 08:00:00+00:00,67.05500030517578,67.11000061035156,66.30500030517578,66.7300033569336,1242.0
2026-09-01 08:15:00+00:00,66.73999786376953,66.73999786376953,65.80000305175781,65.8499984741211,1750.0
2026-09-01 08:30:00+00:00,65.86000061035156,65.88999938964844,65.43499755859375,65.49500274658203,2135.0
2026-09-01 08:45:00+00:00,65.49500274658203,65.62000274658203,65.31999969482422,65.33000183105469,868.0
2026-09-01 09:00:00+00:00,65.33499908447266,65.4000015258789,65.17500305175781,65.30500030517578,1126.0
2026-09-01 09:15:00+00:00,65.33000183105469,65.38999938964844,65.2750015258789,65.3550033569336,447.0
2026-09-01 09:30:00+00:00,65.33999633789062,65.38999938964844,65.06999969482422,65.33999633789062,657.0
2026-09-01 09:45:00+00:00,65.375,65.44000244140625,65.11499786376953,65.11499786376953,502.0
2026-09-01 10:00:00+00:00,65.11499786376953,65.59500122070312,65.0999984741211,65.56999969482422,519.0
2026-09-01 10:15:00+00:00,65.57499694824219,65.73999786376953,65.56500244140625,65.73999786376953,483.0
2026-09-01 10:30:00+00:00,65.73999786376953,65.73999786376953,65.59500122070312,65.59500122070312,152.0
2026-09-01 10:45:00+00:00,65.58000183105469,65.63500213623047,65.3550033569336,65.4000015258789,536.0
2026-09-01 11:00:00+00:00,65.41000366210938,65.5,65.29000091552734,65.37000274658203,474.0
2026-09-01 11:15:00+00:00,65.38500213623047,65.48500061035156,65.27999877929688,65.44000244140625,500.0
2026-09-01 11:30:00+00:00,65.41500091552734,65.51499938964844,65.34500122070312,65.48500061035156,286.0
2026-09-01 11:45:00+00:00,65.47000122070312,65.69000244140625,65.30000305175781,65.38500213623047,477.0
2026-09-01 12:00:00+00:00,65.3949966430664,65.4000015258789,65.19999694824219,65.3499984741211,624.0
2026-09-01 12:15:00+00:00,65.38500213623047,65.66000366210938,65.25499725341797,65.55000305175781,648.0
2026-09-01 12:30:00+00:00,65.54499816894531,65.69499969482422,65.19000244140625,65.58499908447266,971.0
2026-09-01 12:45:00+00:00,65.58000183105469,65.75,65.32499694824219,65.32499694824219,1205.0
2026-09-01 13:00:00+00:00,65.31999969482422,65.48500061035156,64.83000183105469,64.87000274658203,2280.0
2026-09-01 13:15:00+00:00,64.875,65.31500244140625,64.86499786376953,65.24500274658203,1353.0
2026-09-01 13:30:00+00:00,65.23999786376953,65.54000091552734,65.0999984741211,65.54000091552734,1385.0
2026-09-01 13:45:00+00:00,65.51000213623047,65.53500366210938,65.1449966430664,65.4800033569336,1018.0
2026-09-01 14:00:00+00:00,65.45999908447266,65.625,65.16999816894531,65.59500122070312,1252.0
2026-09-01 14:15:00+00:00,65.625,65.7750015258789,65.53500366210938,65.54000091552734,1158.0
2026-09-01 14:30:00+00:00,65.53500366210938,65.69999694824219,65.44499969482422,65.5199966430664,886.0
2026-09-01 14:45:00+00:00,65.5,65.55999755859375,65.30000305175781,65.38999938964844,718.0
2026-09-01 15:00:00+00:00,65.40499877929688,65.45500183105469,65.27999877929688,65.38999938964844,385.0
2026-09-01 15:15:00+00:00,65.4000015258789,65.58499908447266,65.3550033569336,65.58000183105469,680.0
2026-09-01 15:30:00+00:00,65.58499908447266,65.72000122070312,65.52999877929688,65.72000122070312,621.0
2026-09-01 15:45:00+00:00,65.7300033569336,65.90499877929688,65.68000030517578,65.83999633789062,777.0
2026-09-01 16:00:00+00:00,65.84500122070312,65.9749984741211,65.70999908447266,65.7249984741211,769.0
2026-09-01 16:15:00+00:00,65.71499633789062,65.79000091552734,65.47000122070312,65.5250015258789,925.0
2026-09-01 16:30:00+00:00,65.5,65.59500122070312,65.36000061035156,65.5250015258789,739.0
2026-09-01 16:45:00+00:00,65.56999969482422,65.6050033569336,65.41999816894531,65.43000030517578,584.0
2026-09-01 17:00:00+00:00,65.43499755859375,65.44499969482422,65.29499816894531,65.42500305175781,815.0
2026-09-01 17:15:00+00:00,65.41999816894531,65.47000122070312,65.27999877929688,65.47000122070312,2026.0
2026-09-01 17:30:00+00:00,65.47000122070312,65.4800033569336,65.20999908447266,65.23999786376953,477.0
2026-09-01 17:45:00+00:00,65.23500061035156,65.25,65.17500305175781,65.19999694824219,437.0
2026-09-01 18:00:00+00:00,65.2249984741211,65.26000213623047,64.88500213623047,64.99500274658203,754.0
2026-09-01 18:15:00+00:00,64.99500274658203,65.1449966430664,64.97000122070312,65.05000305175781,401.0
2026-09-01 18:30:00+00:00,65.05000305175781,65.05000305175781,64.80000305175781,64.83000183105469,487.0
2026-09-01 18:45:00+00:00,64.83999633789062,64.88500213623047,64.73500061035156,64.79000091552734,420.0
2026-09-01 19:00:00+00:00,64.78500366210938,64.94499969482422,64.68000030517578,64.94499969482422,467.0
2026-09-01 19:15:00+00:00,64.93499755859375,64.94499969482422,64.79499816894531,64.8550033569336,267.0
2026-09-01 19:30:00+00:00,64.8499984741211,64.86000061035156,64.61499786376953,64.69999694824219,563.0
2026-09-01 19:45:00+00:00,64.69499969482422,64.76499938964844,64.63999938964844,64.69499969482422,370.0
2026-09-01 20:00:00+00:00,64.68499755859375,64.7300033569336,64.61000061035156,64.62000274658203,349.0
2026-09-01 20:15:00+00:00,64.62999725341797,64.72000122070312,64.61000061035156,64.6449966430664,166.0
2026-09-01 20:30:00+00:00,64.6500015258789,64.76499938964844,64.61000061035156,64.67500305175781,151.0
2026-09-01 20:45:00+00:00,64.68000030517578,64.69999694824219,64.63999938964844,64.66000366210938,166.0
2026-09-01 22:00:00+00:00,64.69499969482422,64.82499694824219,64.61499786376953,64.66500091552734,56.0
2026-09-01 22:15:00+00:00,64.63500213623047,64.6500015258789,64.6050033569336,64.63500213623047,112.0
2026-09-01 22:30:00+00:00,64.63999938964844,64.70500183105469,64.54499816894531,64.62000274658203,197.0
2026-09-01 22:45:00+00:00,64.625,64.69499969482422,64.61000061035156,64.65499877929688,149.0
2026-09-01 23:00:00+00:00,64.6500015258789,64.74500274658203,64.5999984741211,64.70999908447266,181.0
2026-09-01 23:15:00+00:00,64.71499633789062,64.75499725341797,64.59500122070312,64.70999908447266,147.0
2026-09-01 23:30:00+00:00,64.71499633789062,64.86000061035156,64.71499633789062,64.79000091552734,229.0
2026-09-01 23:45:00+00:00,64.78500366210938,64.84500122070312,64.62000274658203,64.68499755859375,309.0
2026-09-02 00:00:00+00:00,64.69499969482422,64.88500213623047,64.61000061035156,64.77999877929688,461.0
2026-09-02 00:15:00+00:00,64.80000305175781,64.96499633789062,64.66999816894531,64.66999816894531,283.0
2026-09-02 00:30:00+00:00,64.70500183105469,64.81999969482422,64.625,64.80500030517578,112.0
2026-09-02 00:45:00+00:00,64.78500366210938,64.81999969482422,64.36499786376953,64.46499633789062,465.0
2026-09-02 01:00:00+00:00,64.44499969482422,64.69999694824219,64.33999633789062,64.38999938964844,1064.0
2026-09-02 01:15:00+00:00,64.375,64.75,64.375,64.5250015258789,433.0
2026-09-02 01:30:00+00:00,64.54000091552734,64.55500030517578,64.18000030517578,64.29000091552734,558.0
2026-09-02 01:45:00+00:00,64.2699966430664,64.29499816894531,63.91999816894531,63.959999084472656,1018.0
2026-09-02 02:00:00+00:00,63.96500015258789,64.20999908447266,63.880001068115234,64.19499969482422,486.0
2026-09-02 02:15:00+00:00,64.18499755859375,64.5,64.1500015258789,64.4000015258789,661.0
2026-09-02 02:30:00+00:00,64.4000015258789,64.5199966430664,64.21499633789062,64.44499969482422,550.0
2026-09-02 02:45:00+00:00,64.41500091552734,64.48500061035156,64.23500061035156,64.30000305175781,182.0
2026-09-02 03:00:00+00:00,64.28500366210938,64.3949966430664,64.22000122070312,64.38500213623047,135.0
2026-09-02 03:15:00+00:00,64.38500213623047,64.41500091552734,64.19999694824219,64.29000091552734,182.0
2026-09-02 03:30:00+00:00,64.27999877929688,64.27999877929688,64.00499725341797,64.05500030517578,510.0
2026-09-02 03:45:00+00:00,64.07499694824219,64.25,64.07499694824219,64.24500274658203,107.0
2026-09-02 04:00:00+00:00,64.26499938964844,64.31999969482422,64.2249984741211,64.2699966430664,115.0
2026-09-02 04:15:00+00:00,64.2699966430664,64.29000091552734,64.22000122070312,64.23999786376953,48.0
2026-09-02 04:30:00+00:00,64.23999786376953,64.33000183105469,64.2300033569336,64.28500366210938,113.0
2026-09-02 04:45:00+00:00,64.29000091552734,64.3550033569336,64.2300033569336,64.34500122070312,56.0
2026-09-02 05:00:00+00:00,64.33000183105469,64.3550033569336,64.22000122070312,64.33000183105469,76.0
2026-09-02 05:15:00+00:00,64.37000274658203,64.53500366210938,64.33499908447266,64.5250015258789,272.0
2026-09-02 05:30:00+00:00,64.5250015258789,64.76499938964844,64.46499633789062,64.57499694824219,428.0
2026-09-02 05:45:00+00:00,64.5999984741211,64.68000030517578,64.5250015258789,64.56500244140625,186.0
2026-09-02 06:00:00+00:00,64.58999633789062,64.71499633789062,64.48500061035156,64.69000244140625,250.0
2026-09-02 06:15:00+00:00,64.69499969482422,64.75,64.51499938964844,64.5199966430664,236.0
2026-09-02 06:30:00+00:00,64.50499725341797,64.6500015258789,64.41500091552734,64.6050033569336,257.0
2026-09-02 06:45:00+00:00,64.6050033569336,64.61499786376953,64.43000030517578,64.55000305175781,229.0
2026-09-02 07:00:00+00:00,64.56999969482422,64.80000305175781,64.51499938964844,64.66000366210938,412.0
2026-09-02 07:15:00+00:00,64.62000274658203,64.69999694824219,64.5999984741211,64.61000061035156,171.0
2026-09-02 07:30:00+00:00,64.58999633789062,64.66500091552734,64.51000213623047,64.53500366210938,154.0
2026-09-02 07:45:00+00:00,64.53500366210938,64.62000274658203,64.5,64.58000183105469,154.0
2026-09-02 08:00:00+00:00,64.58499908447266,64.7699966430664,64.54499816894531,64.67500305175781,238.0
2026-09-02 08:15:00+00:00,64.66500091552734,64.73999786376953,64.59500122070312,64.62000274658203,116.0
2026-09-02 08:30:00+00:00,64.61000061035156,64.69000244140625,64.54000091552734,64.59500122070312,192.0
2026-09-02 08:45:00+00:00,64.58499908447266,64.58499908447266,64.32499694824219,64.34500122070312,330.0
2026-09-02 09:00:00+00:00,64.33499908447266,64.56500244140625,64.33499908447266,64.41500091552734,279.0
2026-09-02 09:15:00+00:00,64.41999816894531,64.42500305175781,64.2300033569336,64.27999877929688,216.0
2026-09-02 09:30:00+00:00,64.29000091552734,64.30000305175781,64.19499969482422,64.2300033569336,216.0
2026-09-02 09:45:00+00:00,64.25,64.2699966430664,64.19499969482422,64.24500274658203,150.0
2026-09-02 10:00:00+00:00,64.25,64.3550033569336,64.15499877929688,64.32499694824219,247.0
2026-09-02 10:15:00+00:00,64.34500122070312,64.3949966430664,64.29499816894531,64.31999969482422,232.0
2026-09-02 10:30:00+00:00,64.31999969482422,64.33999633789062,64.20500183105469,64.23999786376953,121.0
2026-09-02 10:45:00+00:00,64.23500061035156,64.2699966430664,64.1500015258789,64.25499725341797,171.0
2026-09-02 11:00:00+00:00,64.24500274658203,64.68000030517578,64.21499633789062,64.6500015258789,545.0
2026-09-02 11:15:00+00:00,64.65499877929688,64.68000030517578,64.53500366210938,64.62999725341797,438.0
2026-09-02 11:30:00+00:00,64.61499786376953,64.91000366210938,64.61499786376953,64.77999877929688,540.0
2026-09-02 11:45:00+00:00,64.75,64.97000122070312,64.75,64.90499877929688,402.0
2026-09-02 12:00:00+00:00,64.91000366210938,65.06500244140625,64.86000061035156,64.9800033569336,710.0
2026-09-02 12:15:00+00:00,64.98999786376953,65.18000030517578,64.84500122070312,65.04499816894531,1066.0
2026-09-02 12:30:00+00:00,65.04000091552734,65.09500122070312,64.875,64.90499877929688,507.0
2026-09-02 12:45:00+00:00,64.91500091552734,64.97000122070312,64.79000091552734,64.82499694824219,418.0
2026-09-02 13:00:00+00:00,64.81500244140625,65.32499694824219,64.78500366210938,65.2699966430664,1332.0
2026-09-02 13:15:00+00:00,65.27999877929688,65.62000274658203,65.20999908447266,65.58999633789062,1115.0
2026-09-02 13:30:00+00:00,65.58499908447266,66.07499694824219,65.57499694824219,66.06500244140625,2394.0
2026-09-02 13:45:00+00:00,66.05500030517578,66.1050033569336,65.7750015258789,66.0999984741211,1474.0
2026-09-02 14:00:00+00:00,66.08999633789062,66.17500305175781,65.88500213623047,65.9000015258789,1484.0
2026-09-02 14:15:00+00:00,65.91500091552734,66.06999969482422,65.83000183105469,65.86000061035156,662.0
2026-09-02 14:30:00+00:00,65.86499786376953,65.90499877929688,65.73999786376953,65.8949966430664,839.0
2026-09-02 14:45:00+00:00,65.87999725341797,65.8949966430664,65.63500213623047,65.68499755859375,972.0
2026-09-02 15:00:00+00:00,65.68499755859375,65.81999969482422,65.59500122070312,65.5999984741211,779.0
2026-09-02 15:15:00+00:00,65.58499908447266,65.68499755859375,65.49500274658203,65.68499755859375,841.0
2026-09-02 15:30:00+00:00,65.68499755859375,65.73500061035156,65.58000183105469,65.58000183105469,595.0
2026-09-02 15:45:00+00:00,65.57499694824219,65.72000122070312,65.53500366210938,65.69000244140625,402.0
2026-09-02 16:00:00+00:00,65.68499755859375,65.72000122070312,65.6449966430664,65.66999816894531,559.0
2026-09-02 16:15:00+00:00,65.66500091552734,65.66999816894531,65.58000183105469,65.62000274658203,465.0
2026-09-02 16:30:00+00:00,65.61499786376953,65.65499877929688,65.45500183105469,65.4800033569336,358.0
2026-09-02 16:45:00+00:00,65.4749984741211,65.61000061035156,65.45500183105469,65.55500030517578,417.0
2026-09-02 17:00:00+00:00,65.56500244140625,65.5999984741211,65.51499938964844,65.53500366210938,432.0
2026-09-02 17:15:00+00:00,65.53500366210938,65.55500030517578,65.41999816894531,65.55000305175781,960.0
2026-09-02 17:30:00+00:00,65.54499816894531,65.69999694824219,65.48999786376953,65.65499877929688,692.0
2026-09-02 17:45:00+00:00,65.66999816894531,65.7300033569336,65.625,65.65499877929688,261.0
2026-09-02 18:00:00+00:00,65.66000366210938,65.66999816894531,65.54499816894531,65.55500030517578,331.0
2026-09-02 18:15:00+00:00,65.54499816894531,65.76499938964844,65.54000091552734,65.61499786376953,602.0
2026-09-02 18:30:00+00:00,65.625,65.7750015258789,65.625,65.6449966430664,278.0
2026-09-02 18:45:00+00:00,65.66000366210938,65.7300033569336,65.6500015258789,65.66999816894531,144.0
2026-09-02 19:00:00+00:00,65.69999694824219,65.81500244140625,65.625,65.77999877929688,193.0
2026-09-02 19:15:00+00:00,65.77999877929688,65.80500030517578,65.75499725341797,65.76499938964844,164.0
2026-09-02 19:30:00+00:00,65.7750015258789,65.8949966430664,65.76499938964844,65.88500213623047,182.0
2026-09-02 19:45:00+00:00,65.87999725341797,65.95999908447266,65.81999969482422,65.95999908447266,355.0
2026-09-02 20:00:00+00:00,65.94999694824219,65.95500183105469,65.88500213623047,65.9000015258789,234.0
2026-09-02 20:15:00+00:00,65.88999938964844,65.92500305175781,65.84500122070312,65.90499877929688,99.0
2026-09-02 20:30:00+00:00,65.9000015258789,65.94499969482422,65.88999938964844,65.91500091552734,69.0
2026-09-02 20:45:00+00:00,65.91500091552734,65.95999908447266,65.9000015258789,65.92500305175781,150.0
2026-09-02 21:00:00+00:00,65.93000030517578,65.93000030517578,65.93000030517578,65.93000030517578,1.0
2026-09-02 22:00:00+00:00,66.16999816894531,66.16999816894531,65.93499755859375,65.96499633789062,35.0
2026-09-02 22:15:00+00:00,65.96499633789062,66.02999877929688,65.94000244140625,66.01499938964844,67.0
2026-09-02 22:30:00+00:00,65.99500274658203,66.01499938964844,65.94000244140625,65.94000244140625,47.0
2026-09-02 22:45:00+00:00,65.94499969482422,65.94499969482422,65.86000061035156,65.88500213623047,139.0
2026-09-02 23:00:00+00:00,65.8949966430664,65.95500183105469,65.86000061035156,65.86499786376953,78.0
2026-09-02 23:15:00+00:00,65.8499984741211,65.86499786376953,65.81999969482422,65.86000061035156,89.0
2026-09-02 23:30:00+00:00,65.8550033569336,65.9749984741211,65.8499984741211,65.94999694824219,154.0
2026-09-02 23:45:00+00:00,65.94999694824219,66.0,65.90499877929688,65.93000030517578,124.0
2026-09-03 00:00:00+00:00,65.92500305175781,65.93499755859375,65.79000091552734,65.88500213623047,170.0
2026-09-03 00:15:00+00:00,65.87000274658203,65.95500183105469,65.7750015258789,65.91999816894531,102.0
2026-09-03 00:30:00+00:00,65.91999816894531,65.91999816894531,65.79000091552734,65.88999938964844,82.0
2026-09-03 00:45:00+00:00,65.8949966430664,66.0199966430664,65.88999938964844,65.93499755859375,177.0
2026-09-03 01:00:00+00:00,65.93000030517578,66.38500213623047,65.87000274658203,66.2300033569336,1051.0
2026-09-03 01:15:00+00:00,66.22000122070312,66.33000183105469,66.06500244140625,66.2750015258789,280.0
2026-09-03 01:30:00+00:00,66.28500366210938,66.4000015258789,66.1500015258789,66.18000030517578,202.0
2026-09-03 01:45:00+00:00,66.18499755859375,66.33999633789062,66.13999938964844,66.29499816894531,123.0
2026-09-03 02:00:00+00:00,66.27999877929688,66.40499877929688,66.23999786376953,66.30000305175781,119.0
2026-09-03 02:15:00+00:00,66.33000183105469,66.37999725341797,66.24500274658203,66.30999755859375,82.0
2026-09-03 02:30:00+00:00,66.29000091552734,66.45999908447266,66.25,66.2699966430664,166.0
2026-09-03 02:45:00+00:00,66.25,66.375,66.18000030517578,66.31500244140625,228.0
2026-09-03 03:00:00+00:00,66.28500366210938,66.59500122070312,66.24500274658203,66.58499908447266,362.0
2026-09-03 03:15:00+00:00,66.56999969482422,66.62999725341797,66.38500213623047,66.45500183105469,364.0
2026-09-03 03:30:00+00:00,66.46499633789062,66.61000061035156,66.44999694824219,66.5199966430664,267.0
2026-09-03 03:45:00+00:00,66.49500274658203,66.70500183105469,66.47000122070312,66.67500305175781,162.0
2026-09-03 04:00:00+00:00,66.63999938964844,66.7300033569336,66.51000213623047,66.6050033569336,385.0
2026-09-03 04:15:00+00:00,66.62000274658203,66.70500183105469,66.55500030517578,66.70500183105469,90.0
2026-09-03 04:30:00+00:00,66.71499633789062,66.74500274658203,66.66000366210938,66.74500274658203,180.0
2026-09-03 04:45:00+00:00,66.73500061035156,66.77999877929688,66.67500305175781,66.7249984741211,269.0
2026-09-03 05:00:00+00:00,66.7300033569336,66.79000091552734,66.44499969482422,66.5199966430664,442.0
2026-09-03 05:15:00+00:00,66.51000213623047,66.51000213623047,66.22000122070312,66.24500274658203,486.0
2026-09-03 05:30:00+00:00,66.23999786376953,66.44499969482422,66.17500305175781,66.33499908447266,592.0
2026-09-03 05:45:00+00:00,66.33999633789062,66.44999694824219,66.22000122070312,66.375,276.0
2026-09-03 06:00:00+00:00,66.37999725341797,66.69000244140625,66.34500122070312,66.51499938964844,635.0
2026-09-03 06:15:00+00:00,66.50499725341797,66.58000183105469,66.29499816894531,66.36000061035156,374.0
2026-09-03 06:30:00+00:00,66.3550033569336,66.41999816894531,66.2750015258789,66.36000061035156,176.0
2026-09-03 06:45:00+00:00,66.38500213623047,66.42500305175781,66.17500305175781,66.19999694824219,179.0
2026-09-03 07:00:00+00:00,66.19000244140625,66.55000305175781,66.17500305175781,66.41000366210938,280.0
2026-09-03 07:15:00+00:00,66.42500305175781,66.45999908447266,66.32499694824219,66.3949966430664,254.0
2026-09-03 07:30:00+00:00,66.43000030517578,66.59500122070312,66.41500091552734,66.47000122070312,185.0
2026-09-03 07:45:00+00:00,66.44999694824219,66.5199966430664,66.3499984741211,66.47000122070312,274.0
2026-09-03 08:00:00+00:00,66.46499633789062,66.79499816894531,66.4000015258789,66.51499938964844,736.0
2026-09-03 08:15:00+00:00,66.4749984741211,66.66500091552734,66.46499633789062,66.6050033569336,287.0
2026-09-03 08:30:00+00:00,66.59500122070312,66.63500213623047,66.45999908447266,66.4800033569336,230.0
2026-09-03 08:45:00+00:00,66.49500274658203,66.69000244140625,66.44999694824219,66.48999786376953,443.0
2026-09-03 09:00:00+00:00,66.4749984741211,66.58000183105469,66.45500183105469,66.5,141.0
2026-09-03 09:15:00+00:00,66.49500274658203,66.49500274658203,66.3499984741211,66.36000061035156,139.0
2026-09-03 09:30:00+00:00,66.36000061035156,66.38999938964844,66.2300033569336,66.25,147.0
2026-09-03 09:45:00+00:00,66.24500274658203,66.2750015258789,66.19999694824219,66.25,191.0
2026-09-03 10:00:00+00:00,66.25499725341797,66.26000213623047,66.15499877929688,66.16999816894531,199.0
2026-09-03 10:15:00+00:00,66.18499755859375,66.19000244140625,65.97000122070312,66.04000091552734,562.0
2026-09-03 10:30:00+00:00,66.03500366210938,66.17500305175781,65.9749984741211,66.16000366210938,291.0
2026-09-03 10:45:00+00:00,66.15499877929688,66.2300033569336,66.125,66.13500213623047,106.0
2026-09-03 11:00:00+00:00,66.13999938964844,66.3949966430664,66.12000274658203,66.375,377.0
2026-09-03 11:15:00+00:00,66.37999725341797,66.4800033569336,66.30000305175781,66.37999725341797,355.0
2026-09-03 11:30:00+00:00,66.38500213623047,66.4000015258789,66.16999816894531,66.37000274658203,431.0
2026-09-03 11:45:00+00:00,66.37999725341797,66.41000366210938,66.31500244140625,66.375,373.0
2026-09-03 12:00:00+00:00,66.37000274658203,66.44999694824219,66.24500274658203,66.2750015258789,588.0
2026-09-03 12:15:00+00:00,66.25499725341797,66.45500183105469,66.16999816894531,66.44000244140625,648.0
2026-09-03 12:30:00+00:00,66.42500305175781,66.98999786376953,66.42500305175781,66.61000061035156,2089.0
2026-09-03 12:45:00+00:00,66.61000061035156,67.36499786376953,66.58499908447266,67.26000213623047,2314.0
2026-09-03 13:00:00+00:00,67.24500274658203,67.3499984741211,67.0250015258789,67.125,1321.0
2026-09-03 13:15:00+00:00,67.125,67.16000366210938,66.93499755859375,67.04499816894531,890.0
2026-09-03 13:30:00+00:00,67.02999877929688,67.08499908447266,66.73500061035156,66.81999969482422,901.0
2026-09-03 13:45:00+00:00,66.81500244140625,67.01000213623047,66.56999969482422,67.0,1041.0
2026-09-03 14:00:00+00:00,66.98999786376953,67.0199966430664,66.7249984741211,66.91000366210938,968.0
2026-09-03 14:15:00+00:00,66.90499877929688,67.2249984741211,66.90499877929688,67.09500122070312,824.0
2026-09-03 14:30:00+00:00,67.1050033569336,67.17500305175781,66.88500213623047,66.98999786376953,534.0
2026-09-03 14:45:00+00:00,66.98999786376953,67.33999633789062,66.98500061035156,67.33000183105469,1113.0
2026-09-03 15:00:00+00:00,67.34500122070312,67.96499633789062,67.34500122070312,67.93499755859375,2687.0
2026-09-03 15:15:00+00:00,67.94499969482422,68.05999755859375,67.875,68.03500366210938,1457.0
2026-09-03 15:30:00+00:00,68.03500366210938,68.08000183105469,67.65499877929688,67.68499755859375,1084.0
2026-09-03 15:45:00+00:00,67.69499969482422,67.71499633789062,67.50499725341797,67.69499969482422,665.0
2026-09-03 16:00:00+00:00,67.69999694824219,67.73500061035156,67.56500244140625,67.73500061035156,469.0
2026-09-03 16:15:00+00:00,67.73500061035156,67.80999755859375,67.67500305175781,67.7300033569336,372.0
2026-09-03 16:30:00+00:00,67.73999786376953,67.83999633789062,67.63999938964844,67.68499755859375,410.0
2026-09-03 16:45:00+00:00,67.69499969482422,67.75,67.6050033569336,67.61000061035156,379.0
2026-09-03 17:00:00+00:00,67.62000274658203,67.75,67.59500122070312,67.66999816894531,463.0
2026-09-03 17:15:00+00:00,67.66999816894531,67.78500366210938,67.59500122070312,67.7699966430664,1565.0
2026-09-03 17:30:00+00:00,67.7699966430664,67.81999969482422,67.73999786376953,67.78500366210938,378.0
2026-09-03 17:45:00+00:00,67.78500366210938,67.8550033569336,67.70500183105469,67.73999786376953,147.0
2026-09-03 18:00:00+00:00,67.75,67.78500366210938,67.55999755859375,67.55999755859375,336.0
2026-09-03 18:15:00+00:00,67.55999755859375,67.68000030517578,67.55999755859375,67.6500015258789,372.0
2026-09-03 18:30:00+00:00,67.63999938964844,67.6449966430664,67.4800033569336,67.56500244140625,202.0
2026-09-03 18:45:00+00:00,67.56999969482422,67.58000183105469,67.45500183105469,67.4749984741211,114.0
2026-09-03 19:00:00+00:00,67.4749984741211,67.54499816894531,67.44999694824219,67.5,273.0
2026-09-03 19:15:00+00:00,67.51000213623047,67.55000305175781,67.48500061035156,67.54000091552734,81.0
2026-09-03 19:30:00+00:00,67.55999755859375,67.65499877929688,67.55000305175781,67.62999725341797,221.0
2026-09-03 19:45:00+00:00,67.63500213623047,67.69000244140625,67.61000061035156,67.6449966430664,223.0
2026-09-03 20:00:00+00:00,67.6449966430664,67.6449966430664,67.5199966430664,67.56999969482422,124.0
2026-09-03 20:15:00+00:00,67.56999969482422,67.56999969482422,67.51000213623047,67.54499816894531,87.0
2026-09-03 20:30:00+00:00,67.54499816894531,67.58999633789062,67.54000091552734,67.58499908447266,64.0
2026-09-03 20:45:00+00:00,67.57499694824219,67.62999725341797,67.55999755859375,67.58000183105469,116.0
2026-09-03 21:00:00+00:00,67.58499908447266,67.58499908447266,67.58499908447266,67.58499908447266,1.0
2026-09-03 22:00:00+00:00,67.62999725341797,67.69000244140625,67.56999969482422,67.62999725341797,38.0
2026-09-03 22:15:00+00:00,67.62999725341797,67.63999938964844,67.55500030517578,67.57499694824219,64.0
2026-09-03 22:30:00+00:00,67.57499694824219,67.63999938964844,67.56500244140625,67.57499694824219,84.0
2026-09-03 22:45:00+00:00,67.57499694824219,67.62000274658203,67.55000305175781,67.58499908447266,64.0
2026-09-03 23:00:00+00:00,67.58499908447266,67.625,67.5250015258789,67.54499816894531,91.0
2026-09-03 23:15:00+00:00,67.54000091552734,67.57499694824219,67.51000213623047,67.56999969482422,42.0
2026-09-03 23:30:00+00:00,67.58999633789062,67.5999984741211,67.54000091552734,67.58000183105469,78.0
2026-09-03 23:45:00+00:00,67.58999633789062,67.61499786376953,67.52999877929688,67.59500122070312,49.0
2026-09-04 00:00:00+00:00,67.58499908447266,67.61000061035156,67.53500366210938,67.55000305175781,136.0
2026-09-04 00:15:00+00:00,67.54000091552734,67.55000305175781,67.45500183105469,67.45500183105469,194.0
2026-09-04 00:30:00+00:00,67.44999694824219,67.59500122070312,67.41500091552734,67.59500122070312,127.0
2026-09-04 00:45:00+00:00,67.58999633789062,67.76499938964844,67.55999755859375,67.72000122070312,278.0
2026-09-04 01:00:00+00:00,67.7249984741211,67.80999755859375,67.3499984741211,67.3550033569336,889.0
2026-09-04 01:15:00+00:00,67.3550033569336,67.44999694824219,67.17500305175781,67.26499938964844,566.0
2026-09-04 01:30:00+00:00,67.25499725341797,67.46499633789062,67.19999694824219,67.43499755859375,247.0
2026-09-04 01:45:00+00:00,67.40499877929688,67.50499725341797,67.2750015258789,67.45999908447266,127.0
2026-09-04 02:00:00+00:00,67.4749984741211,67.55000305175781,67.375,67.40499877929688,138.0
2026-09-04 02:15:00+00:00,67.42500305175781,67.42500305175781,67.30000305175781,67.33999633789062,115.0
2026-09-04 02:30:00+00:00,67.31999969482422,67.37999725341797,67.20500183105469,67.27999877929688,422.0
2026-09-04 02:45:00+00:00,67.27999877929688,67.51000213623047,67.2699966430664,67.42500305175781,187.0
2026-09-04 03:00:00+00:00,67.41999816894531,67.41999816894531,67.2249984741211,67.27999877929688,131.0
2026-09-04 03:15:00+00:00,67.26000213623047,67.34500122070312,67.2300033569336,67.31500244140625,74.0
2026-09-04 03:30:00+00:00,67.33000183105469,67.4000015258789,67.25,67.25,108.0
2026-09-04 03:45:00+00:00,67.25499725341797,67.28500366210938,67.19999694824219,67.21499633789062,47.0
2026-09-04 04:00:00+00:00,67.19499969482422,67.26000213623047,67.16000366210938,67.21499633789062,186.0
2026-09-04 04:15:00+00:00,67.20999908447266,67.27999877929688,67.20999908447266,67.2699966430664,58.0
2026-09-04 04:30:00+00:00,67.2750015258789,67.3499984741211,67.2750015258789,67.33999633789062,61.0
2026-09-04 04:45:00+00:00,67.34500122070312,67.375,67.33000183105469,67.36000061035156,48.0
2026-09-04 05:00:00+00:00,67.38500213623047,67.38999938964844,67.16000366210938,67.20500183105469,96.0
2026-09-04 05:15:00+00:00,67.2249984741211,67.36000061035156,67.12999725341797,67.12999725341797,78.0
2026-09-04 05:30:00+00:00,67.125,67.48500061035156,67.11499786376953,67.31500244140625,388.0
2026-09-04 05:45:00+00:00,67.30999755859375,67.37000274658203,67.18499755859375,67.26499938964844,175.0
2026-09-04 06:00:00+00:00,67.26000213623047,67.30999755859375,67.20999908447266,67.26000213623047,271.0
2026-09-04 06:15:00+00:00,67.2300033569336,67.28500366210938,67.12999725341797,67.18499755859375,267.0
2026-09-04 06:30:00+00:00,67.19000244140625,67.19999694824219,66.87999725341797,67.08000183105469,550.0
2026-09-04 06:45:00+00:00,67.05999755859375,67.17500305175781,66.99500274658203,67.16500091552734,225.0
2026-09-04 07:00:00+00:00,67.1449966430664,67.36000061035156,67.125,67.32499694824219,270.0
2026-09-04 07:15:00+00:00,67.30500030517578,67.42500305175781,67.2699966430664,67.41500091552734,180.0
2026-09-04 07:30:00+00:00,67.42500305175781,67.58999633789062,67.41999816894531,67.58999633789062,332.0
2026-09-04 07:45:00+00:00,67.58499908447266,67.63500213623047,67.5199966430664,67.58000183105469,215.0
2026-09-04 08:00:00+00:00,67.56999969482422,67.69999694824219,67.56999969482422,67.67500305175781,295.0
2026-09-04 08:15:00+00:00,67.67500305175781,67.76000213623047,67.625,67.70500183105469,225.0
2026-09-04 08:30:00+00:00,67.71499633789062,67.76000213623047,67.62000274658203,67.63500213623047,173.0
2026-09-04 08:45:00+00:00,67.625,67.68000030517578,67.56999969482422,67.63999938964844,96.0
2026-09-04 09:00:00+00:00,67.6500015258789,67.66000366210938,67.42500305175781,67.44999694824219,122.0
2026-09-04 09:15:00+00:00,67.44999694824219,67.45999908447266,67.20500183105469,67.26499938964844,317.0
2026-09-04 09:30:00+00:00,67.2699966430664,67.36499786376953,67.23999786376953,67.27999877929688,223.0
2026-09-04 09:45:00+00:00,67.29499816894531,67.3499984741211,67.26000213623047,67.26000213623047,189.0
2026-09-04 10:00:00+00:00,67.26499938964844,67.44499969482422,67.25499725341797,67.43499755859375,179.0
2026-09-04 10:15:00+00:00,67.42500305175781,67.48999786376953,67.33999633789062,67.40499877929688,329.0
2026-09-04 10:30:00+00:00,67.40499877929688,67.45999908447266,67.33999633789062,67.45500183105469,77.0
2026-09-04 10:45:00+00:00,67.45500183105469,67.49500274658203,67.3949966430664,67.4000015258789,158.0
2026-09-04 11:00:00+00:00,67.38999938964844,67.41500091552734,67.33999633789062,67.41500091552734,245.0
2026-09-04 11:15:00+00:00,67.41999816894531,67.46499633789062,67.34500122070312,67.36499786376953,273.0
2026-09-04 11:30:00+00:00,67.37000274658203,67.43000030517578,67.31500244140625,67.43000030517578,174.0
2026-09-04 11:45:00+00:00,67.43000030517578,67.6050033569336,67.41500091552734,67.5,295.0
2026-09-04 12:00:00+00:00,67.51000213623047,67.54000091552734,67.34500122070312,67.38999938964844,375.0
2026-09-04 12:15:00+00:00,67.41500091552734,67.79499816894531,67.41500091552734,67.70500183105469,721.0
2026-09-04 12:30:00+00:00,67.66000366210938,67.80000305175781,65.68000030517578,66.0,5404.0
2026-09-04 12:45:00+00:00,65.98999786376953,66.4800033569336,65.67500305175781,66.11000061035156,2445.0
2026-09-04 13:00:00+00:00,66.09500122070312,66.09500122070312,65.33499908447266,65.94499969482422,3508.0
2026-09-04 13:15:00+00:00,65.92500305175781,66.12999725341797,65.77999877929688,66.08499908447266,1166.0
2026-09-04 13:30:00+00:00,66.08000183105469,66.44999694824219,66.04000091552734,66.44999694824219,1849.0
2026-09-04 13:45:00+00:00,66.43000030517578,66.68499755859375,66.18000030517578,66.18499755859375,1691.0
2026-09-04 14:00:00+00:00,66.18499755859375,66.79000091552734,66.12999725341797,66.7699966430664,1334.0
2026-09-04 14:15:00+00:00,66.76499938964844,66.83999633789062,66.55500030517578,66.66000366210938,1060.0
2026-09-04 14:30:00+00:00,66.66000366210938,66.86000061035156,66.48500061035156,66.54000091552734,819.0
2026-09-04 14:45:00+00:00,66.55999755859375,66.58999633789062,66.20999908447266,66.4749984741211,972.0
2026-09-04 15:00:00+00:00,66.4749984741211,66.80999755859375,66.41000366210938,66.80999755859375,762.0
2026-09-04 15:15:00+00:00,66.80500030517578,66.88500213623047,66.69499969482422,66.69499969482422,696.0
2026-09-04 15:30:00+00:00,66.69999694824219,66.9800033569336,66.69000244140625,66.88999938964844,575.0
2026-09-04 15:45:00+00:00,66.88500213623047,66.94999694824219,66.74500274658203,66.76499938964844,433.0
2026-09-04 16:00:00+00:00,66.76499938964844,66.86499786376953,66.69499969482422,66.78500366210938,395.0
2026-09-04 16:15:00+00:00,66.78500366210938,66.86499786376953,66.6449966430664,66.68000030517578,451.0
2026-09-04 16:30:00+00:00,66.67500305175781,66.78500366210938,66.66000366210938,66.73999786376953,262.0
2026-09-04 16:45:00+00:00,66.73999786376953,66.81999969482422,66.69000244140625,66.71499633789062,264.0
2026-09-04 17:00:00+00:00,66.71499633789062,66.71499633789062,66.57499694824219,66.65499877929688,436.0
2026-09-04 17:15:00+00:00,66.65499877929688,66.87000274658203,66.65499877929688,66.68000030517578,1000.0
2026-09-04 17:30:00+00:00,66.66999816894531,66.67500305175781,66.4000015258789,66.41000366210938,522.0
2026-09-04 17:45:00+00:00,66.41999816894531,66.54000091552734,66.38999938964844,66.49500274658203,299.0
2026-09-04 18:00:00+00:00,66.4749984741211,66.52999877929688,66.36000061035156,66.5,282.0
2026-09-04 18:15:00+00:00,66.51000213623047,66.62000274658203,66.49500274658203,66.61499786376953,166.0
2026-09-04 18:30:00+00:00,66.5999984741211,66.65499877929688,66.54000091552734,66.58499908447266,180.0
2026-09-04 18:45:00+00:00,66.58999633789062,66.62999725341797,66.55999755859375,66.61000061035156,102.0
2026-09-04 19:00:00+00:00,66.6050033569336,66.67500305175781,66.58000183105469,66.65499877929688,110.0
2026-09-04 19:15:00+00:00,66.66999816894531,66.86499786376953,66.6500015258789,66.83999633789062,192.0
2026-09-04 19:30:00+00:00,66.83499908447266,66.90499877929688,66.80000305175781,66.87999725341797,192.0
2026-09-04 19:45:00+00:00,66.88500213623047,66.8949966430664,66.79000091552734,66.83499908447266,239.0
2026-09-04 20:00:00+00:00,66.83000183105469,66.84500122070312,66.76499938964844,66.79000091552734,125.0
2026-09-04 20:15:00+00:00,66.78500366210938,66.79499816894531,66.73999786376953,66.76499938964844,43.0
2026-09-04 20:30:00+00:00,66.74500274658203,66.79499816894531,66.74500274658203,66.77999877929688,71.0
2026-09-04 20:45:00+00:00,66.78500366210938,66.81999969482422,66.74800109863281,66.74800109863281,145.0
2026-09-08 04:00:00+00:00,67.6449966430664,67.76499938964844,67.63500213623047,67.66000366210938,202.0
2026-09-08 04:15:00+00:00,67.67500305175781,67.68499755859375,67.58499908447266,67.58499908447266,88.0
2026-09-08 04:30:00+00:00,67.58999633789062,67.6449966430664,67.58999633789062,67.62999725341797,71.0
2026-09-08 04:45:00+00:00,67.6449966430664,67.73999786376953,67.62000274658203,67.66500091552734,60.0
2026-09-08 05:00:00+00:00,67.67500305175781,67.71499633789062,67.30999755859375,67.31999969482422,275.0
2026-09-08 05:15:00+00:00,67.31500244140625,67.45999908447266,67.16000366210938,67.16500091552734,278.0
2026-09-08 05:30:00+00:00,67.16999816894531,67.38500213623047,67.08999633789062,67.33499908447266,493.0
2026-09-08 05:45:00+00:00,67.33999633789062,67.44499969482422,67.16000366210938,67.19999694824219,171.0
2026-09-08 06:00:00+00:00,67.19999694824219,67.20500183105469,66.70500183105469,66.9000015258789,866.0
2026-09-08 06:15:00+00:00,66.87000274658203,66.87000274658203,66.61000061035156,66.63999938964844,432.0
2026-09-08 06:30:00+00:00,66.63500213623047,66.875,66.58000183105469,66.86000061035156,451.0
2026-09-08 06:45:00+00:00,66.8499984741211,66.91999816894531,66.75,66.81500244140625,474.0
2026-09-08 07:00:00+00:00,66.80500030517578,67.09500122070312,66.79000091552734,66.97000122070312,313.0
2026-09-08 07:15:00+00:00,66.96499633789062,66.98999786376953,66.88500213623047,66.92500305175781,82.0
2026-09-08 07:30:00+00:00,66.91999816894531,66.98500061035156,66.56500244140625,66.66999816894531,319.0
2026-09-08 07:45:00+00:00,66.66500091552734,66.66500091552734,66.45999908447266,66.55500030517578,372.0
2026-09-08 08:00:00+00:00,66.56999969482422,66.58000183105469,66.31500244140625,66.375,456.0
2026-09-08 08:15:00+00:00,66.3949966430664,66.49500274658203,66.36499786376953,66.41500091552734,185.0
2026-09-08 08:30:00+00:00,66.41500091552734,66.52999877929688,66.375,66.46499633789062,122.0
2026-09-08 08:45:00+00:00,66.44499969482422,66.61000061035156,66.42500305175781,66.4749984741211,192.0
2026-09-08 09:00:00+00:00,66.4749984741211,66.58999633789062,66.45500183105469,66.58999633789062,131.0
2026-09-08 09:15:00+00:00,66.58000183105469,66.63999938964844,66.50499725341797,66.5199966430664,168.0
2026-09-08 09:30:00+00:00,66.5250015258789,66.7300033569336,66.48999786376953,66.68000030517578,203.0
2026-09-08 09:45:00+00:00,66.68499755859375,66.77999877929688,66.67500305175781,66.75499725341797,111.0
2026-09-08 10:00:00+00:00,66.73500061035156,66.75,66.53500366210938,66.55999755859375,203.0
2026-09-08 10:15:00+00:00,66.58999633789062,66.90499877929688,66.58499908447266,66.68499755859375,503.0
2026-09-08 10:30:00+00:00,66.68499755859375,66.69000244140625,66.51000213623047,66.6050033569336,129.0
2026-09-08 10:45:00+00:00,66.59500122070312,66.69999694824219,66.50499725341797,66.50499725341797,224.0
2026-09-08 11:00:00+00:00,66.51000213623047,66.71499633789062,66.47000122070312,66.57499694824219,562.0
2026-09-08 11:15:00+00:00,66.58000183105469,66.75499725341797,66.57499694824219,66.73500061035156,214.0
2026-09-08 11:30:00+00:00,66.7300033569336,66.92500305175781,66.7249984741211,66.78500366210938,442.0
2026-09-08 11:45:00+00:00,66.78500366210938,66.9000015258789,66.67500305175781,66.8949966430664,380.0
2026-09-08 12:00:00+00:00,66.88999938964844,66.8949966430664,66.44999694824219,66.5250015258789,761.0
2026-09-08 12:15:00+00:00,66.51499938964844,66.7249984741211,66.38500213623047,66.7249984741211,1137.0
2026-09-08 12:30:00+00:00,66.7300033569336,67.01499938964844,66.69499969482422,66.70999908447266,1099.0
2026-09-08 12:45:00+00:00,66.71499633789062,67.11000061035156,66.66999816894531,67.08999633789062,947.0
2026-09-08 13:00:00+00:00,67.08000183105469,67.25499725341797,66.99500274658203,67.25499725341797,907.0
2026-09-08 13:15:00+00:00,67.25,67.29499816894531,66.84500122070312,66.88999938964844,810.0
2026-09-08 13:30:00+00:00,66.88999938964844,67.0199966430664,66.4800033569336,66.625,1378.0
2026-09-08 13:45:00+00:00,66.62999725341797,67.0250015258789,66.55500030517578,66.81999969482422,1167.0
2026-09-08 14:00:00+00:00,66.83000183105469,66.88999938964844,66.45999908447266,66.54499816894531,769.0
2026-09-08 14:15:00+00:00,66.58000183105469,66.79000091552734,66.54499816894531,66.58999633789062,465.0
2026-09-08 14:30:00+00:00,66.58999633789062,66.69999694824219,66.5250015258789,66.66000366210938,417.0
2026-09-08 14:45:00+00:00,66.66000366210938,66.80500030517578,66.55999755859375,66.80000305175781,454.0
2026-09-08 15:00:00+00:00,66.80500030517578,67.1050033569336,66.78500366210938,67.05500030517578,978.0
2026-09-08 15:15:00+00:00,67.05000305175781,67.13999938964844,66.87999725341797,66.94000244140625,750.0
2026-09-08 15:30:00+00:00,66.95500183105469,67.05000305175781,66.91500091552734,66.94499969482422,245.0
2026-09-08 15:45:00+00:00,66.95500183105469,67.0199966430664,66.83499908447266,66.83499908447266,368.0
2026-09-08 16:00:00+00:00,66.82499694824219,66.87000274658203,66.46499633789062,66.68000030517578,821.0
2026-09-08 16:15:00+00:00,66.66999816894531,66.93499755859375,66.61499786376953,66.91000366210938,561.0
2026-09-08 16:30:00+00:00,66.9000015258789,66.95500183105469,66.84500122070312,66.88999938964844,245.0
2026-09-08 16:45:00+00:00,66.8949966430664,67.04499816894531,66.83999633789062,66.94499969482422,602.0
2026-09-08 17:00:00+00:00,66.94499969482422,67.21499633789062,66.94499969482422,66.98999786376953,694.0
2026-09-08 17:15:00+00:00,67.00499725341797,67.06999969482422,66.93499755859375,67.05999755859375,1224.0
2026-09-08 17:30:00+00:00,67.05500030517578,67.06500244140625,66.875,66.87999725341797,361.0
2026-09-08 17:45:00+00:00,66.875,66.95999908447266,66.8499984741211,66.95500183105469,178.0
2026-09-08 18:00:00+00:00,66.95999908447266,67.0199966430664,66.93499755859375,66.9800033569336,224.0
2026-09-08 18:15:00+00:00,66.98999786376953,67.0250015258789,66.93499755859375,66.9800033569336,188.0
2026-09-08 18:30:00+00:00,66.99500274658203,66.99500274658203,66.81500244140625,66.91000366210938,261.0
2026-09-08 18:45:00+00:00,66.91000366210938,66.94499969482422,66.13999938964844,66.68000030517578,2343.0
2026-09-08 19:00:00+00:00,66.66999816894531,66.75499725341797,66.5999984741211,66.62999725341797,281.0
2026-09-08 19:15:00+00:00,66.62999725341797,66.66999816894531,66.48500061035156,66.57499694824219,224.0
2026-09-08 19:30:00+00:00,66.54000091552734,66.57499694824219,66.38500213623047,66.57499694824219,234.0
2026-09-08 19:45:00+00:00,66.56999969482422,66.56999969482422,66.32499694824219,66.37000274658203,439.0
2026-09-08 20:00:00+00:00,66.36000061035156,66.47000122070312,66.27999877929688,66.40499877929688,209.0
2026-09-08 20:15:00+00:00,66.4000015258789,66.43499755859375,66.2750015258789,66.29000091552734,299.0
2026-09-08 20:30:00+00:00,66.29000091552734,66.33499908447266,66.2750015258789,66.33499908447266,79.0
2026-09-08 20:45:00+00:00,66.34500122070312,66.3949966430664,66.19999694824219,66.375,276.0
2026-09-08 22:00:00+00:00,66.44000244140625,66.44000244140625,66.25499725341797,66.2750015258789,51.0
2026-09-08 22:15:00+00:00,66.2699966430664,66.30500030517578,66.20999908447266,66.20999908447266,61.0
2026-09-08 22:30:00+00:00,66.21499633789062,66.26000213623047,66.1449966430664,66.16000366210938,78.0
2026-09-08 22:45:00+00:00,66.17500305175781,66.23999786376953,66.12999725341797,66.22000122070312,48.0
2026-09-08 23:00:00+00:00,66.2249984741211,66.23500061035156,66.17500305175781,66.22000122070312,117.0
2026-09-08 23:15:00+00:00,66.2300033569336,66.32499694824219,66.22000122070312,66.30000305175781,97.0
2026-09-08 23:30:00+00:00,66.31500244140625,66.375,66.31500244140625,66.33999633789062,143.0
2026-09-08 23:45:00+00:00,66.3499984741211,66.3499984741211,66.16999816894531,66.19999694824219,97.0
2026-09-09 00:00:00+00:00,66.20999908447266,66.48500061035156,66.19999694824219,66.45999908447266,236.0
2026-09-09 00:15:00+00:00,66.45500183105469,66.47000122070312,66.2699966430664,66.28500366210938,71.0
2026-09-09 00:30:00+00:00,66.36000061035156,66.56500244140625,66.33000183105469,66.55999755859375,66.0
2026-09-09 00:45:00+00:00,66.56999969482422,66.76499938964844,66.54000091552734,66.74500274658203,273.0
2026-09-09 01:00:00+00:00,66.73999786376953,66.76000213623047,66.29499816894531,66.59500122070312,615.0
2026-09-09 01:15:00+00:00,66.58499908447266,66.7750015258789,66.45500183105469,66.7699966430664,175.0
2026-09-09 01:30:00+00:00,66.7249984741211,66.90499877929688,66.68000030517578,66.80000305175781,273.0
2026-09-09 01:45:00+00:00,66.7699966430664,66.8550033569336,66.62000274658203,66.70500183105469,164.0
2026-09-09 02:00:00+00:00,66.69499969482422,66.7249984741211,66.61499786376953,66.65499877929688,96.0
2026-09-09 02:15:00+00:00,66.65499877929688,66.7300033569336,66.61499786376953,66.65499877929688,39.0
2026-09-09 02:30:00+00:00,66.66000366210938,66.72000122070312,66.50499725341797,66.71499633789062,153.0
2026-09-09 02:45:00+00:00,66.72000122070312,67.30999755859375,66.72000122070312,67.11000061035156,949.0
2026-09-09 03:00:00+00:00,67.12000274658203,67.13999938964844,66.96499633789062,67.05500030517578,189.0
2026-09-09 03:15:00+00:00,67.02999877929688,67.02999877929688,66.82499694824219,66.93000030517578,143.0
2026-09-09 03:30:00+00:00,66.93000030517578,66.96499633789062,66.8499984741211,66.94999694824219,64.0
2026-09-09 03:45:00+00:00,66.93499755859375,66.93499755859375,66.86000061035156,66.875,60.0
2026-09-09 04:00:00+00:00,66.8499984741211,66.86499786376953,66.70500183105469,66.76000213623047,132.0
2026-09-09 04:15:00+00:00,66.77999877929688,66.88999938964844,66.7249984741211,66.87000274658203,52.0
2026-09-09 04:30:00+00:00,66.8499984741211,66.87999725341797,66.83000183105469,66.8550033569336,31.0
2026-09-09 04:45:00+00:00,66.875,66.97000122070312,66.8550033569336,66.95999908447266,51.0
2026-09-09 05:00:00+00:00,66.94000244140625,67.19000244140625,66.91500091552734,67.18000030517578,243.0
2026-09-09 05:15:00+00:00,67.18499755859375,67.19000244140625,66.94499969482422,67.02999877929688,435.0
2026-09-09 05:30:00+00:00,67.02999877929688,67.16999816894531,66.97000122070312,67.1500015258789,381.0
2026-09-09 05:45:00+00:00,67.1500015258789,67.38500213623047,67.07499694824219,67.33499908447266,483.0
2026-09-09 06:00:00+00:00,67.33999633789062,67.48999786376953,67.2750015258789,67.36000061035156,469.0
2026-09-09 06:15:00+00:00,67.37000274658203,67.41000366210938,67.20500183105469,67.24500274658203,203.0
2026-09-09 06:30:00+00:00,67.23999786376953,67.36499786376953,67.21499633789062,67.25499725341797,138.0
2026-09-09 06:45:00+00:00,67.24500274658203,67.30000305175781,67.2249984741211,67.29000091552734,120.0
2026-09-09 07:00:00+00:00,67.29000091552734,67.51499938964844,67.25499725341797,67.46499633789062,316.0
2026-09-09 07:15:00+00:00,67.44999694824219,67.63999938964844,67.3949966430664,67.61499786376953,425.0
2026-09-09 07:30:00+00:00,67.625,67.6449966430664,67.5199966430664,67.5250015258789,189.0
2026-09-09 07:45:00+00:00,67.52999877929688,67.61000061035156,67.46499633789062,67.49500274658203,233.0
2026-09-09 08:00:00+00:00,67.5,67.50499725341797,67.29000091552734,67.29499816894531,187.0
2026-09-09 08:15:00+00:00,67.29000091552734,67.30000305175781,67.22000122070312,67.26499938964844,197.0
2026-09-09 08:30:00+00:00,67.2750015258789,67.33499908447266,67.19499969482422,67.25,174.0
2026-09-09 08:45:00+00:00,67.25499725341797,67.33499908447266,67.23500061035156,67.26000213623047,147.0
2026-09-09 09:00:00+00:00,67.2699966430664,67.33000183105469,67.16999816894531,67.20500183105469,119.0
2026-09-09 09:15:00+00:00,67.20500183105469,67.25,67.16000366210938,67.18499755859375,167.0
2026-09-09 09:30:00+00:00,67.19999694824219,67.23999786376953,67.0999984741211,67.12999725341797,169.0
2026-09-09 09:45:00+00:00,67.12999725341797,67.12999725341797,66.81500244140625,66.86499786376953,525.0
2026-09-09 10:00:00+00:00,66.875,66.93000030517578,66.68499755859375,66.81999969482422,477.0
2026-09-09 10:15:00+00:00,66.83000183105469,66.98999786376953,66.80000305175781,66.92500305175781,260.0
2026-09-09 10:30:00+00:00,66.91999816894531,66.97000122070312,66.83000183105469,66.8550033569336,137.0
2026-09-09 10:45:00+00:00,66.8550033569336,66.98999786376953,66.83000183105469,66.86000061035156,198.0
2026-09-09 11:00:00+00:00,66.86000061035156,66.98500061035156,66.86000061035156,66.9800033569336,192.0
2026-09-09 11:15:00+00:00,66.98999786376953,67.18499755859375,66.94499969482422,67.13500213623047,429.0
2026-09-09 11:30:00+00:00,67.1449966430664,67.1449966430664,66.98999786376953,67.00499725341797,185.0
2026-09-09 11:45:00+00:00,67.0,67.25499725341797,66.93000030517578,66.93499755859375,676.0
2026-09-09 12:00:00+00:00,66.92500305175781,67.0,66.74500274658203,66.77999877929688,455.0
2026-09-09 12:15:00+00:00,66.77999877929688,66.81500244140625,66.65499877929688,66.72000122070312,525.0
2026-09-09 12:30:00+00:00,66.68000030517578,66.80000305175781,66.61499786376953,66.76000213623047,630.0
2026-09-09 12:45:00+00:00,66.7750015258789,67.13999938964844,66.7750015258789,67.0250015258789,805.0
2026-09-09 13:00:00+00:00,67.02999877929688,67.43499755859375,66.98999786376953,67.43000030517578,1375.0
2026-09-09 13:15:00+00:00,67.43000030517578,68.3949966430664,67.4000015258789,68.375,4233.0
2026-09-09 13:30:00+00:00,68.36499786376953,68.51000213623047,67.81999969482422,67.94999694824219,3439.0
2026-09-09 13:45:00+00:00,67.94999694824219,68.1500015258789,67.83999633789062,67.98500061035156,1064.0
2026-09-09 14:00:00+00:00,67.9800033569336,68.79000091552734,67.9800033569336,68.78500366210938,2548.0
2026-09-09 14:15:00+00:00,68.7750015258789,68.93499755859375,68.2249984741211,68.93499755859375,2156.0
2026-09-09 14:30:00+00:00,68.93499755859375,68.94499969482422,68.61499786376953,68.62000274658203,1518.0
2026-09-09 14:45:00+00:00,68.62000274658203,68.80000305175781,68.59500122070312,68.6449966430664,819.0
2026-09-09 15:00:00+00:00,68.6449966430664,68.95999908447266,67.44999694824219,67.62999725341797,5446.0
2026-09-09 15:15:00+00:00,67.62999725341797,67.76499938964844,67.2249984741211,67.76499938964844,2149.0
2026-09-09 15:30:00+00:00,67.76000213623047,68.08999633789062,67.66000366210938,67.95999908447266,1798.0
2026-09-09 15:45:00+00:00,67.94999694824219,68.13999938964844,67.88999938964844,67.91999816894531,730.0
2026-09-09 16:00:00+00:00,67.92500305175781,68.08000183105469,67.875,68.02999877929688,1042.0
2026-09-09 16:15:00+00:00,68.0250015258789,68.1449966430664,67.79499816894531,68.09500122070312,799.0
2026-09-09 16:30:00+00:00,68.1050033569336,68.25499725341797,68.03500366210938,68.24500274658203,745.0
2026-09-09 16:45:00+00:00,68.25499725341797,68.54499816894531,68.23999786376953,68.51499938964844,1046.0
2026-09-09 17:00:00+00:00,68.51499938964844,68.9800033569336,68.49500274658203,68.75,2124.0
2026-09-09 17:15:00+00:00,68.76499938964844,68.79499816894531,68.56999969482422,68.58499908447266,1577.0
2026-09-09 17:30:00+00:00,68.58999633789062,68.6050033569336,68.49500274658203,68.58000183105469,423.0
2026-09-09 17:45:00+00:00,68.57499694824219,68.62000274658203,68.54000091552734,68.55000305175781,212.0
2026-09-09 18:00:00+00:00,68.56500244140625,68.6500015258789,68.46499633789062,68.55000305175781,405.0
2026-09-09 18:15:00+00:00,68.55500030517578,68.6050033569336,68.5250015258789,68.55999755859375,289.0
2026-09-09 18:30:00+00:00,68.55999755859375,68.55999755859375,68.23999786376953,68.29000091552734,419.0
2026-09-09 18:45:00+00:00,68.29499816894531,68.30500030517578,68.06999969482422,68.08000183105469,401.0
2026-09-09 19:00:00+00:00,68.08499908447266,68.1050033569336,67.9000015258789,68.0250015258789,424.0
2026-09-09 19:15:00+00:00,68.05000305175781,68.2249984741211,67.99500274658203,68.05999755859375,297.0
2026-09-09 19:30:00+00:00,68.03500366210938,68.05000305175781,67.875,67.9749984741211,285.0
2026-09-09 19:45:00+00:00,68.0,68.0,67.81999969482422,67.87999725341797,335.0
2026-09-09 20:00:00+00:00,67.875,67.88999938964844,67.82499694824219,67.84500122070312,101.0
2026-09-09 20:15:00+00:00,67.8499984741211,67.86000061035156,67.75499725341797,67.80500030517578,164.0
2026-09-09 20:30:00+00:00,67.81500244140625,67.93499755859375,67.81500244140625,67.8949966430664,350.0
2026-09-09 20:45:00+00:00,67.90499877929688,67.94000244140625,67.87999725341797,67.92500305175781,137.0
2026-09-09 22:00:00+00:00,67.94499969482422,68.04499816894531,67.91500091552734,67.92500305175781,67.0
2026-09-09 22:15:00+00:00,67.92500305175781,67.97000122070312,67.88500213623047,67.97000122070312,71.0
2026-09-09 22:30:00+00:00,67.94499969482422,67.97000122070312,67.8949966430664,67.93000030517578,45.0
2026-09-09 22:45:00+00:00,67.91999816894531,67.91999816894531,67.86499786376953,67.88999938964844,44.0
2026-09-09 23:00:00+00:00,67.90499877929688,67.94499969482422,67.87000274658203,67.9000015258789,47.0
2026-09-09 23:15:00+00:00,67.8949966430664,67.95999908447266,67.86000061035156,67.86499786376953,77.0
2026-09-09 23:30:00+00:00,67.875,67.8949966430664,67.77999877929688,67.81500244140625,112.0
2026-09-09 23:45:00+00:00,67.81999969482422,67.8499984741211,67.77999877929688,67.82499694824219,134.0
2026-09-10 00:00:00+00:00,67.81999969482422,67.95500183105469,67.80500030517578,67.93000030517578,171.0
2026-09-10 00:15:00+00:00,67.91000366210938,67.97000122070312,67.8550033569336,67.875,117.0
2026-09-10 00:30:00+00:00,67.87999725341797,67.95500183105469,67.875,67.95500183105469,79.0
2026-09-10 00:45:00+00:00,67.91500091552734,67.99500274658203,67.81999969482422,67.93499755859375,326.0
2026-09-10 01:00:00+00:00,67.93000030517578,68.30000305175781,67.91999816894531,68.05500030517578,995.0
2026-09-10 01:15:00+00:00,68.04000091552734,68.25499725341797,68.01499938964844,68.0250015258789,242.0
2026-09-10 01:30:00+00:00,68.0250015258789,68.04499816894531,67.875,68.0,238.0
2026-09-10 01:45:00+00:00,68.00499725341797,68.05500030517578,67.8550033569336,67.97000122070312,220.0
2026-09-10 02:00:00+00:00,67.95500183105469,68.12000274658203,67.91500091552734,68.01000213623047,148.0
2026-09-10 02:15:00+00:00,68.0,68.1449966430664,67.87999725341797,68.1449966430664,145.0
2026-09-10 02:30:00+00:00,68.1500015258789,68.29000091552734,67.9749984741211,68.19499969482422,402.0
2026-09-10 02:45:00+00:00,68.20999908447266,68.2750015258789,68.12999725341797,68.2300033569336,182.0
2026-09-10 03:00:00+00:00,68.2300033569336,68.25499725341797,68.04000091552734,68.05000305175781,160.0
2026-09-10 03:15:00+00:00,68.05000305175781,68.13500213623047,67.97000122070312,68.02999877929688,195.0
2026-09-10 03:30:00+00:00,68.01499938964844,68.09500122070312,67.9749984741211,67.99500274658203,99.0
2026-09-10 03:45:00+00:00,67.98500061035156,68.01000213623047,67.96499633789062,67.99500274658203,67.0
2026-09-10 04:00:00+00:00,68.00499725341797,68.15499877929688,68.00499725341797,68.12999725341797,84.0
2026-09-10 04:15:00+00:00,68.12999725341797,68.15499877929688,68.09500122070312,68.0999984741211,25.0
2026-09-10 04:30:00+00:00,68.11000061035156,68.1449966430664,67.99500274658203,68.01499938964844,89.0
2026-09-10 04:45:00+00:00,68.04000091552734,68.09500122070312,68.03500366210938,68.06999969482422,28.0
2026-09-10 05:00:00+00:00,68.06999969482422,68.31500244140625,68.05000305175781,68.30999755859375,124.0
2026-09-10 05:15:00+00:00,68.32499694824219,68.32499694824219,68.25,68.30500030517578,170.0
2026-09-10 05:30:00+00:00,68.33000183105469,68.50499725341797,68.26499938964844,68.44499969482422,664.0
2026-09-10 05:45:00+00:00,68.45999908447266,68.52999877929688,68.3550033569336,68.52999877929688,197.0
2026-09-10 06:00:00+00:00,68.52999877929688,68.58499908447266,68.20999908447266,68.24500274658203,480.0
2026-09-10 06:15:00+00:00,68.2249984741211,68.28500366210938,68.13500213623047,68.2750015258789,351.0
2026-09-10 06:30:00+00:00,68.26499938964844,68.31999969482422,68.17500305175781,68.29000091552734,270.0
2026-09-10 06:45:00+00:00,68.29000091552734,68.31999969482422,68.13500213623047,68.18499755859375,229.0
2026-09-10 07:00:00+00:00,68.18499755859375,68.19000244140625,67.95500183105469,67.9749984741211,357.0
2026-09-10 07:15:00+00:00,67.96499633789062,68.00499725341797,67.8949966430664,67.8949966430664,281.0
2026-09-10 07:30:00+00:00,67.8949966430664,67.94000244140625,67.70999908447266,67.8550033569336,413.0
2026-09-10 07:45:00+00:00,67.8550033569336,67.98500061035156,67.83999633789062,67.94000244140625,217.0
2026-09-10 08:00:00+00:00,67.93499755859375,67.98999786376953,67.5999984741211,67.67500305175781,682.0
2026-09-10 08:15:00+00:00,67.68000030517578,67.7750015258789,67.63500213623047,67.70999908447266,321.0
2026-09-10 08:30:00+00:00,67.68499755859375,67.69000244140625,67.37000274658203,67.42500305175781,497.0
2026-09-10 08:45:00+00:00,67.44000244140625,67.45999908447266,67.29499816894531,67.33499908447266,368.0
2026-09-10 09:00:00+00:00,67.33499908447266,67.38999938964844,67.19999694824219,67.32499694824219,436.0
2026-09-10 09:15:00+00:00,67.32499694824219,67.33999633789062,67.20500183105469,67.21499633789062,167.0
2026-09-10 09:30:00+00:00,67.20999908447266,67.23999786376953,67.01499938964844,67.125,558.0
2026-09-10 09:45:00+00:00,67.13500213623047,67.26499938964844,67.12000274658203,67.20999908447266,304.0
2026-09-10 10:00:00+00:00,67.18499755859375,67.32499694824219,66.80999755859375,67.01000213623047,1202.0
2026-09-10 10:15:00+00:00,66.98500061035156,67.16000366210938,66.95999908447266,66.98999786376953,515.0
2026-09-10 10:30:00+00:00,67.0,67.01499938964844,66.50499725341797,66.6500015258789,1442.0
2026-09-10 10:45:00+00:00,66.6500015258789,66.7249984741211,66.24500274658203,66.28500366210938,1219.0
2026-09-10 11:00:00+00:00,66.29000091552734,66.38999938964844,66.17500305175781,66.3550033569336,1330.0
2026-09-10 11:15:00+00:00,66.36499786376953,66.4749984741211,66.08499908447266,66.41500091552734,1304.0
2026-09-10 11:30:00+00:00,66.3949966430664,66.53500366210938,66.29000091552734,66.41999816894531,784.0
2026-09-10 11:45:00+00:00,66.43000030517578,66.43499755859375,66.09500122070312,66.13999938964844,756.0
2026-09-10 12:00:00+00:00,66.13999938964844,66.33000183105469,66.06999969482422,66.27999877929688,1219.0
2026-09-10 12:15:00+00:00,66.29000091552734,66.32499694824219,65.54499816894531,65.6050033569336,2466.0
2026-09-10 12:30:00+00:00,65.6050033569336,65.92500305175781,64.45500183105469,64.76000213623047,6097.0
2026-09-10 12:45:00+00:00,64.75499725341797,64.91500091552734,64.49500274658203,64.57499694824219,3208.0
2026-09-10 13:00:00+00:00,64.58999633789062,65.27999877929688,64.55999755859375,64.9749984741211,4211.0
2026-09-10 13:15:00+00:00,64.97000122070312,65.19999694824219,64.83499908447266,65.19499969482422,1814.0
2026-09-10 13:30:00+00:00,65.19999694824219,65.3949966430664,64.8550033569336,65.18499755859375,3236.0
2026-09-10 13:45:00+00:00,65.18499755859375,65.56500244140625,65.06500244140625,65.08499908447266,2426.0
2026-09-10 14:00:00+00:00,65.09500122070312,65.36000061035156,64.88500213623047,64.88999938964844,1840.0
2026-09-10 14:15:00+00:00,64.9000015258789,65.40499877929688,64.81500244140625,65.0999984741211,2172.0
2026-09-10 14:30:00+00:00,65.08999633789062,65.25499725341797,64.75499725341797,64.8499984741211,1452.0
2026-09-10 14:45:00+00:00,64.84500122070312,65.03500366210938,64.71499633789062,64.98999786376953,1295.0
2026-09-10 15:00:00+00:00,65.0,65.08499908447266,64.84500122070312,65.00499725341797,876.0
2026-09-10 15:15:00+00:00,65.00499725341797,65.1500015258789,64.95500183105469,64.98500061035156,877.0
2026-09-10 15:30:00+00:00,64.98500061035156,65.0250015258789,64.82499694824219,64.88500213623047,615.0
2026-09-10 15:45:00+00:00,64.88999938964844,64.9749984741211,64.80000305175781,64.875,661.0
2026-09-10 16:00:00+00:00,64.87000274658203,64.97000122070312,64.51499938964844,64.63500213623047,1256.0
2026-09-10 16:15:00+00:00,64.6500015258789,64.81500244140625,64.58000183105469,64.78500366210938,769.0
2026-09-10 16:30:00+00:00,64.77999877929688,64.87000274658203,64.66999816894531,64.7699966430664,1117.0
2026-09-10 16:45:00+00:00,64.78500366210938,64.91000366210938,64.73500061035156,64.81999969482422,533.0
2026-09-10 17:00:00+00:00,64.82499694824219,65.00499725341797,64.75499725341797,64.88999938964844,1099.0
2026-09-10 17:15:00+00:00,64.8949966430664,65.00499725341797,64.7750015258789,64.97000122070312,1941.0
2026-09-10 17:30:00+00:00,64.97000122070312,64.9800033569336,64.69499969482422,64.75,509.0
2026-09-10 17:45:00+00:00,64.75499725341797,64.81999969482422,64.68000030517578,64.73999786376953,441.0
2026-09-10 18:00:00+00:00,64.74500274658203,64.79499816894531,64.1500015258789,64.42500305175781,1975.0
2026-09-10 18:15:00+00:00,64.41000366210938,64.58000183105469,64.34500122070312,64.41999816894531,850.0
2026-09-10 18:30:00+00:00,64.41000366210938,64.42500305175781,64.26000213623047,64.37999725341797,485.0
2026-09-10 18:45:00+00:00,64.37000274658203,64.52999877929688,64.23999786376953,64.3949966430664,698.0
2026-09-10 19:00:00+00:00,64.37999725341797,64.38500213623047,64.05000305175781,64.21499633789062,915.0
2026-09-10 19:15:00+00:00,64.20999908447266,64.34500122070312,64.13999938964844,64.26000213623047,334.0
2026-09-10 19:30:00+00:00,64.2699966430664,64.27999877929688,64.11499786376953,64.125,276.0
2026-09-10 19:45:00+00:00,64.12999725341797,64.23500061035156,64.05999755859375,64.18000030517578,404.0
2026-09-10 20:00:00+00:00,64.18499755859375,64.19000244140625,64.09500122070312,64.16999816894531,205.0
2026-09-10 20:15:00+00:00,64.18000030517578,64.18000030517578,64.01499938964844,64.11000061035156,230.0
2026-09-10 20:30:00+00:00,64.1050033569336,64.16000366210938,64.08999633789062,64.1449966430664,93.0
2026-09-10 20:45:00+00:00,64.16500091552734,64.16500091552734,64.08999633789062,64.08999633789062,175.0
2026-09-10 22:00:00+00:00,64.1449966430664,64.19499969482422,64.05500030517578,64.06500244140625,45.0
2026-09-10 22:15:00+00:00,64.06999969482422,64.11499786376953,64.05000305175781,64.08000183105469,58.0
2026-09-10 22:30:00+00:00,64.05500030517578,64.05500030517578,63.7599983215332,63.95000076293945,526.0
2026-09-10 22:45:00+00:00,63.95000076293945,64.05500030517578,63.915000915527344,64.0199966430664,84.0
2026-09-10 23:00:00+00:00,64.02999877929688,64.08999633789062,64.0199966430664,64.08999633789062,122.0
2026-09-10 23:15:00+00:00,64.0999984741211,64.1050033569336,64.05500030517578,64.05999755859375,44.0
2026-09-10 23:30:00+00:00,64.05500030517578,64.08000183105469,63.970001220703125,64.0,73.0
2026-09-10 23:45:00+00:00,64.0,64.04499816894531,63.8849983215332,63.94499969482422,130.0
2026-09-11 00:00:00+00:00,63.939998626708984,64.12999725341797,63.91999816894531,64.0,192.0
2026-09-11 00:15:00+00:00,64.05000305175781,64.1449966430664,63.970001220703125,64.125,120.0
2026-09-11 00:30:00+00:00,64.12999725341797,64.13500213623047,63.970001220703125,64.11499786376953,84.0
2026-09-11 00:45:00+00:00,64.0999984741211,64.25499725341797,64.0999984741211,64.18499755859375,315.0
2026-09-11 01:00:00+00:00,64.16999816894531,64.31999969482422,64.06999969482422,64.08000183105469,1014.0
2026-09-11 01:15:00+00:00,64.08499908447266,64.21499633789062,63.915000915527344,64.06999969482422,409.0
2026-09-11 01:30:00+00:00,64.09500122070312,64.19999694824219,63.709999084472656,63.75,885.0
2026-09-11 01:45:00+00:00,63.744998931884766,63.970001220703125,63.73500061035156,63.970001220703125,381.0
2026-09-11 02:00:00+00:00,63.96500015258789,63.97999954223633,63.80500030517578,63.91999816894531,222.0
2026-09-11 02:15:00+00:00,63.92499923706055,64.0,63.779998779296875,63.814998626708984,232.0
2026-09-11 02:30:00+00:00,63.80500030517578,63.875,63.625,63.7599983215332,599.0
2026-09-11 02:45:00+00:00,63.75,63.92499923706055,63.654998779296875,63.85499954223633,391.0
2026-09-11 03:00:00+00:00,63.849998474121094,63.974998474121094,63.654998779296875,63.75,333.0
2026-09-11 03:15:00+00:00,63.744998931884766,63.77000045776367,63.529998779296875,63.599998474121094,679.0
2026-09-11 03:30:00+00:00,63.625,63.7400016784668,63.55500030517578,63.654998779296875,161.0
2026-09-11 03:45:00+00:00,63.64500045776367,63.64500045776367,63.5099983215332,63.56999969482422,127.0
2026-09-11 04:00:00+00:00,63.564998626708984,63.8849983215332,63.52000045776367,63.834999084472656,273.0
2026-09-11 04:15:00+00:00,63.845001220703125,64.00499725341797,63.810001373291016,64.0,226.0
2026-09-11 04:30:00+00:00,64.00499725341797,64.04499816894531,63.939998626708984,64.0199966430664,177.0
2026-09-11 04:45:00+00:00,64.0250015258789,64.20999908447266,63.970001220703125,64.02999877929688,440.0
2026-09-11 05:00:00+00:00,64.04000091552734,64.25,64.03500366210938,64.25,342.0
2026-09-11 05:15:00+00:00,64.23999786376953,64.2699966430664,64.1500015258789,64.16000366210938,174.0
2026-09-11 05:30:00+00:00,64.16999816894531,64.40499877929688,64.09500122070312,64.3949966430664,746.0
2026-09-11 05:45:00+00:00,64.38999938964844,64.61499786376953,64.30999755859375,64.45500183105469,650.0
2026-09-11 06:00:00+00:00,64.45500183105469,64.69499969482422,64.44000244140625,64.6449966430664,695.0
2026-09-11 06:15:00+00:00,64.6449966430664,64.66999816894531,64.42500305175781,64.43000030517578,443.0
2026-09-11 06:30:00+00:00,64.42500305175781,64.44499969482422,64.31999969482422,64.3550033569336,532.0
2026-09-11 06:45:00+00:00,64.3949966430664,64.48999786376953,64.37999725341797,64.46499633789062,196.0
2026-09-11 07:00:00+00:00,64.44499969482422,64.59500122070312,64.42500305175781,64.48999786376953,301.0
2026-09-11 07:15:00+00:00,64.5,64.54499816894531,64.4000015258789,64.4000015258789,204.0
2026-09-11 07:30:00+00:00,64.40499877929688,64.54499816894531,64.3499984741211,64.49500274658203,309.0
2026-09-11 07:45:00+00:00,64.48999786376953,64.5,64.38999938964844,64.4749984741211,309.0
2026-09-11 08:00:00+00:00,64.48500061035156,64.5,64.30999755859375,64.44499969482422,416.0
2026-09-11 08:15:00+00:00,64.44499969482422,64.8499984741211,64.43499755859375,64.67500305175781,1014.0
2026-09-11 08:30:00+00:00,64.66500091552734,64.80500030517578,64.66500091552734,64.69499969482422,396.0
2026-09-11 08:45:00+00:00,64.69000244140625,64.7750015258789,64.55000305175781,64.58499908447266,250.0
2026-09-11 09:00:00+00:00,64.59500122070312,64.7300033569336,64.48999786376953,64.50499725341797,282.0
2026-09-11 09:15:00+00:00,64.48999786376953,64.54000091552734,64.47000122070312,64.50499725341797,122.0
2026-09-11 09:30:00+00:00,64.49500274658203,64.5,64.3949966430664,64.41999816894531,183.0
2026-09-11 09:45:00+00:00,64.41500091552734,64.5250015258789,64.41500091552734,64.51499938964844,116.0
2026-09-11 10:00:00+00:00,64.49500274658203,64.58999633789062,64.37999725341797,64.50499725341797,621.0
2026-09-11 10:15:00+00:00,64.5199966430664,64.57499694824219,64.49500274658203,64.54499816894531,111.0
2026-09-11 10:30:00+00:00,64.50499725341797,64.54000091552734,64.40499877929688,64.44499969482422,165.0
2026-09-11 10:45:00+00:00,64.44000244140625,64.44999694824219,64.30500030517578,64.33000183105469,246.0
2026-09-11 11:00:00+00:00,64.33000183105469,64.36499786376953,64.26000213623047,64.31500244140625,724.0
2026-09-11 11:15:00+00:00,64.28500366210938,64.45500183105469,64.28500366210938,64.36000061035156,343.0
2026-09-11 11:30:00+00:00,64.36000061035156,64.37999725341797,64.2249984741211,64.36000061035156,276.0
2026-09-11 11:45:00+00:00,64.37000274658203,64.41000366210938,64.2750015258789,64.31500244140625,174.0
2026-09-11 12:00:00+00:00,64.34500122070312,64.55500030517578,64.32499694824219,64.4749984741211,715.0
2026-09-11 12:15:00+00:00,64.46499633789062,64.83499908447266,64.37000274658203,64.72000122070312,1344.0
2026-09-11 12:30:00+00:00,64.69000244140625,65.2300033569336,63.150001525878906,65.04499816894531,5772.0
2026-09-11 12:45:00+00:00,65.05500030517578,65.73500061035156,65.00499725341797,65.68000030517578,2816.0
2026-09-11 13:00:00+00:00,65.67500305175781,65.69000244140625,65.20999908447266,65.43000030517578,2638.0
2026-09-11 13:15:00+00:00,65.42500305175781,65.72000122070312,65.25499725341797,65.53500366210938,1459.0
2026-09-11 13:30:00+00:00,65.54499816894531,65.68499755859375,65.28500366210938,65.57499694824219,2143.0
2026-09-11 13:45:00+00:00,65.58000183105469,65.81999969482422,65.4000015258789,65.78500366210938,1615.0
2026-09-11 14:00:00+00:00,65.79000091552734,65.80500030517578,65.29499816894531,65.44499969482422,1836.0
2026-09-11 14:15:00+00:00,65.43499755859375,65.5,65.25499725341797,65.2750015258789,869.0
2026-09-11 14:30:00+00:00,65.2750015258789,65.3550033569336,65.04499816894531,65.18000030517578,1199.0
2026-09-11 14:45:00+00:00,65.18000030517578,65.4800033569336,65.04000091552734,65.05999755859375,1321.0
2026-09-11 15:00:00+00:00,65.05500030517578,65.08499908447266,64.7750015258789,64.8499984741211,1017.0
2026-09-11 15:15:00+00:00,64.87000274658203,65.02999877929688,64.83999633789062,64.99500274658203,553.0
2026-09-11 15:30:00+00:00,64.97000122070312,65.1050033569336,64.95999908447266,65.07499694824219,582.0
2026-09-11 15:45:00+00:00,65.06999969482422,65.07499694824219,64.91500091552734,64.98500061035156,313.0
2026-09-11 16:00:00+00:00,64.99500274658203,65.12999725341797,64.8949966430664,64.90499877929688,528.0
2026-09-11 16:15:00+00:00,64.9000015258789,64.9749984741211,64.61000061035156,64.80999755859375,1301.0
2026-09-11 16:30:00+00:00,64.80999755859375,65.03500366210938,64.7699966430664,64.99500274658203,590.0
2026-09-11 16:45:00+00:00,64.98500061035156,65.0199966430664,64.92500305175781,64.96499633789062,277.0
2026-09-11 17:00:00+00:00,64.95999908447266,65.16000366210938,64.95999908447266,65.01499938964844,639.0
2026-09-11 17:15:00+00:00,65.02999877929688,65.23500061035156,64.96499633789062,65.16500091552734,843.0
2026-09-11 17:30:00+00:00,65.17500305175781,65.19999694824219,65.0199966430664,65.0199966430664,357.0
2026-09-11 17:45:00+00:00,65.01499938964844,65.1050033569336,64.9749984741211,65.00499725341797,203.0
2026-09-11 18:00:00+00:00,65.01000213623047,65.05000305175781,64.81500244140625,64.83000183105469,332.0
2026-09-11 18:15:00+00:00,64.81999969482422,64.97000122070312,64.78500366210938,64.91500091552734,543.0
2026-09-11 18:30:00+00:00,64.91000366210938,64.91999816894531,64.79000091552734,64.80000305175781,195.0
2026-09-11 18:45:00+00:00,64.79000091552734,64.80999755859375,64.75,64.80000305175781,224.0
2026-09-11 19:00:00+00:00,64.80000305175781,64.92500305175781,64.76499938964844,64.92500305175781,307.0
2026-09-11 19:15:00+00:00,64.93000030517578,64.99500274658203,64.87999725341797,64.91999816894531,325.0
2026-09-11 19:30:00+00:00,64.91500091552734,64.94499969482422,64.88500213623047,64.91000366210938,165.0
2026-09-11 19:45:00+00:00,64.9000015258789,64.93000030517578,64.83999633789062,64.91000366210938,329.0
2026-09-11 20:00:00+00:00,64.91500091552734,64.97000122070312,64.9000015258789,64.9000015258789,106.0
2026-09-11 20:15:00+00:00,64.88999938964844,64.93499755859375,64.86499786376953,64.92500305175781,98.0
2026-09-11 20:30:00+00:00,64.93000030517578,64.94499969482422,64.8949966430664,64.91500091552734,125.0
2026-09-11 20:45:00+00:00,64.92500305175781,65.18800354003906,64.92500305175781,65.18800354003906,145.0
2026-09-13 22:00:00+00:00,64.3499984741211,64.43499755859375,64.30000305175781,64.40499877929688,110.0
2026-09-13 22:15:00+00:00,64.43000030517578,64.55000305175781,64.36000061035156,64.55000305175781,208.0
2026-09-13 22:30:00+00:00,64.5250015258789,64.57499694824219,64.5,64.54000091552734,115.0
2026-09-13 22:45:00+00:00,64.55000305175781,64.57499694824219,64.51499938964844,64.55500030517578,87.0
2026-09-13 23:00:00+00:00,64.57499694824219,64.67500305175781,64.57499694824219,64.625,69.0
2026-09-13 23:15:00+00:00,64.62000274658203,64.63500213623047,64.47000122070312,64.59500122070312,80.0
2026-09-13 23:30:00+00:00,64.59500122070312,64.61499786376953,64.47000122070312,64.47000122070312,39.0
2026-09-13 23:45:00+00:00,64.45999908447266,64.5,64.36499786376953,64.4749984741211,91.0
2026-09-14 00:00:00+00:00,64.40499877929688,64.81999969482422,64.38500213623047,64.625,340.0
2026-09-14 00:15:00+00:00,64.6500015258789,64.66000366210938,64.40499877929688,64.46499633789062,70.0
2026-09-14 00:30:00+00:00,64.4800033569336,64.55000305175781,64.3550033569336,64.54499816894531,183.0
2026-09-14 00:45:00+00:00,64.56999969482422,64.72000122070312,64.5,64.5250015258789,197.0
2026-09-14 01:00:00+00:00,64.5250015258789,64.69499969482422,64.21499633789062,64.33000183105469,668.0
2026-09-14 01:15:00+00:00,64.31500244140625,64.67500305175781,64.27999877929688,64.5999984741211,411.0
2026-09-14 01:30:00+00:00,64.5999984741211,64.7249984741211,64.41999816894531,64.57499694824219,203.0
2026-09-14 01:45:00+00:00,64.5999984741211,64.80500030517578,64.5250015258789,64.74500274658203,160.0
2026-09-14 02:00:00+00:00,64.75499725341797,64.80999755859375,64.66999816894531,64.72000122070312,126.0
2026-09-14 02:15:00+00:00,64.69499969482422,64.87999725341797,64.66999816894531,64.83999633789062,108.0
2026-09-14 02:30:00+00:00,64.8550033569336,64.9800033569336,64.66500091552734,64.66999816894531,400.0
2026-09-14 02:45:00+00:00,64.66000366210938,64.72000122070312,64.41000366210938,64.43000030517578,224.0
2026-09-14 03:00:00+00:00,64.41500091552734,64.5999984741211,64.36499786376953,64.55000305175781,227.0
2026-09-14 03:15:00+00:00,64.57499694824219,64.5999984741211,64.5250015258789,64.55500030517578,117.0
2026-09-14 03:30:00+00:00,64.58000183105469,64.58000183105469,64.34500122070312,64.36499786376953,150.0
2026-09-14 03:45:00+00:00,64.36499786376953,64.48999786376953,64.36499786376953,64.41000366210938,66.0
2026-09-14 04:00:00+00:00,64.41999816894531,64.47000122070312,64.4000015258789,64.4000015258789,120.0
2026-09-14 04:15:00+00:00,64.4000015258789,64.47000122070312,64.38999938964844,64.43499755859375,124.0
2026-09-14 04:30:00+00:00,64.44499969482422,64.45500183105469,64.31999969482422,64.34500122070312,99.0
2026-09-14 04:45:00+00:00,64.34500122070312,64.48999786376953,64.33000183105469,64.44499969482422,111.0
2026-09-14 05:00:00+00:00,64.44999694824219,64.49500274658203,64.37000274658203,64.44499969482422,120.0
2026-09-14 05:15:00+00:00,64.46499633789062,64.48500061035156,64.2750015258789,64.27999877929688,210.0
2026-09-14 05:30:00+00:00,64.28500366210938,64.625,64.18499755859375,64.33999633789062,715.0
2026-09-14 05:45:00+00:00,64.3550033569336,64.54000091552734,64.18499755859375,64.54000091552734,196.0
2026-09-14 06:00:00+00:00,64.5250015258789,64.57499694824219,64.32499694824219,64.37999725341797,296.0
2026-09-14 06:15:00+00:00,64.38500213623047,64.41500091552734,64.30999755859375,64.33999633789062,157.0
2026-09-14 06:30:00+00:00,64.34500122070312,64.37999725341797,64.19999694824219,64.27999877929688,306.0
2026-09-14 06:45:00+00:00,64.27999877929688,64.33000183105469,64.1050033569336,64.13999938964844,313.0
2026-09-14 07:00:00+00:00,64.1449966430664,64.20999908447266,64.02999877929688,64.19000244140625,514.0
2026-09-14 07:15:00+00:00,64.19000244140625,64.19000244140625,64.0199966430664,64.0250015258789,198.0
2026-09-14 07:30:00+00:00,64.0199966430664,64.08499908447266,63.95000076293945,64.0250015258789,297.0
2026-09-14 07:45:00+00:00,64.04000091552734,64.13999938964844,63.69499969482422,63.80500030517578,592.0
2026-09-14 08:00:00+00:00,63.810001373291016,63.94499969482422,63.744998931884766,63.8650016784668,396.0
2026-09-14 08:15:00+00:00,63.875,63.880001068115234,63.70500183105469,63.71500015258789,282.0
2026-09-14 08:30:00+00:00,63.70500183105469,63.915000915527344,63.70000076293945,63.845001220703125,297.0
2026-09-14 08:45:00+00:00,63.834999084472656,63.88999938964844,63.650001525878906,63.75,272.0
2026-09-14 09:00:00+00:00,63.72999954223633,63.810001373291016,63.625,63.65999984741211,336.0
2026-09-14 09:15:00+00:00,63.63999938964844,63.63999938964844,62.8650016784668,63.05500030517578,2005.0
2026-09-14 09:30:00+00:00,63.04999923706055,63.154998779296875,62.85499954223633,62.904998779296875,979.0
2026-09-14 09:45:00+00:00,62.915000915527344,63.185001373291016,62.79999923706055,63.1150016784668,695.0
2026-09-14 10:00:00+00:00,63.095001220703125,63.20500183105469,62.97999954223633,63.189998626708984,368.0
2026-09-14 10:15:00+00:00,63.17499923706055,63.38999938964844,63.13999938964844,63.36000061035156,482.0
2026-09-14 10:30:00+00:00,63.3650016784668,63.3650016784668,63.26499938964844,63.31999969482422,193.0
2026-09-14 10:45:00+00:00,63.310001373291016,63.380001068115234,63.22999954223633,63.26499938964844,343.0
2026-09-14 11:00:00+00:00,63.27000045776367,63.435001373291016,63.2400016784668,63.3849983215332,571.0
2026-09-14 11:15:00+00:00,63.3849983215332,63.584999084472656,63.375,63.54499816894531,288.0
2026-09-14 11:30:00+00:00,63.54999923706055,63.58000183105469,63.375,63.40999984741211,493.0
2026-09-14 11:45:00+00:00,63.404998779296875,63.439998626708984,63.275001525878906,63.38999938964844,352.0
2026-09-14 12:00:00+00:00,63.38999938964844,63.55500030517578,63.334999084472656,63.439998626708984,399.0
2026-09-14 12:15:00+00:00,63.470001220703125,63.665000915527344,63.30500030517578,63.404998779296875,1028.0
2026-09-14 12:30:00+00:00,63.40999984741211,63.6150016784668,63.19499969482422,63.51499938964844,1223.0
2026-09-14 12:45:00+00:00,63.474998474121094,63.5,63.09000015258789,63.15999984741211,826.0
2026-09-14 13:00:00+00:00,63.165000915527344,63.42499923706055,62.959999084472656,63.400001525878906,1585.0
2026-09-14 13:15:00+00:00,63.39500045776367,63.560001373291016,63.36000061035156,63.42499923706055,782.0
2026-09-14 13:30:00+00:00,63.42499923706055,63.529998779296875,63.35499954223633,63.5,1262.0
2026-09-14 13:45:00+00:00,63.52000045776367,63.595001220703125,63.255001068115234,63.314998626708984,1538.0
2026-09-14 14:00:00+00:00,63.314998626708984,63.689998626708984,63.22999954223633,63.665000915527344,1135.0
2026-09-14 14:15:00+00:00,63.67499923706055,63.7400016784668,63.20000076293945,63.28499984741211,1054.0
2026-09-14 14:30:00+00:00,63.29999923706055,63.45000076293945,63.22999954223633,63.45000076293945,786.0
2026-09-14 14:45:00+00:00,63.459999084472656,63.54999923706055,63.310001373291016,63.46500015258789,495.0
2026-09-14 15:00:00+00:00,63.47999954223633,63.755001068115234,63.345001220703125,63.529998779296875,1720.0
2026-09-14 15:15:00+00:00,63.529998779296875,63.71500015258789,63.48500061035156,63.70500183105469,571.0
2026-09-14 15:30:00+00:00,63.689998626708984,64.1050033569336,63.650001525878906,63.959999084472656,1904.0
2026-09-14 15:45:00+00:00,63.95500183105469,63.959999084472656,63.775001525878906,63.779998779296875,802.0
2026-09-14 16:00:00+00:00,63.78499984741211,63.89500045776367,63.70500183105469,63.82500076293945,561.0
2026-09-14 16:15:00+00:00,63.81999969482422,64.01499938964844,63.81999969482422,63.900001525878906,545.0
2026-09-14 16:30:00+00:00,63.89500045776367,64.11000061035156,63.88999938964844,64.08499908447266,526.0
2026-09-14 16:45:00+00:00,64.08000183105469,64.3550033569336,64.05500030517578,64.21499633789062,1098.0
2026-09-14 17:00:00+00:00,64.22000122070312,64.2699966430664,64.16500091552734,64.16500091552734,626.0
2026-09-14 17:15:00+00:00,64.18000030517578,64.2300033569336,64.1050033569336,64.22000122070312,698.0
2026-09-14 17:30:00+00:00,64.20500183105469,64.23999786376953,64.12000274658203,64.13999938964844,330.0
2026-09-14 17:45:00+00:00,64.125,64.28500366210938,64.11000061035156,64.22000122070312,268.0
2026-09-14 18:00:00+00:00,64.2249984741211,64.33999633789062,64.13999938964844,64.18499755859375,321.0
2026-09-14 18:15:00+00:00,64.20999908447266,64.24500274658203,64.12999725341797,64.19999694824219,178.0
2026-09-14 18:30:00+00:00,64.19499969482422,64.27999877929688,64.18499755859375,64.20999908447266,125.0
2026-09-14 18:45:00+00:00,64.18499755859375,64.21499633789062,64.13500213623047,64.19000244140625,209.0
2026-09-14 19:00:00+00:00,64.17500305175781,64.18000030517578,64.04499816894531,64.12000274658203,200.0
2026-09-14 19:15:00+00:00,64.0999984741211,64.0999984741211,63.869998931884766,63.88999938964844,314.0
2026-09-14 19:30:00+00:00,63.89500045776367,63.900001525878906,63.79999923706055,63.83000183105469,290.0
2026-09-14 19:45:00+00:00,63.82500076293945,63.82500076293945,63.459999084472656,63.474998474121094,902.0
2026-09-14 20:00:00+00:00,63.474998474121094,63.654998779296875,63.45000076293945,63.63999938964844,189.0
2026-09-14 20:15:00+00:00,63.650001525878906,63.7400016784668,63.60499954223633,63.69499969482422,143.0
2026-09-14 20:30:00+00:00,63.70500183105469,63.755001068115234,63.66999816894531,63.70000076293945,96.0
2026-09-14 20:45:00+00:00,63.709999084472656,63.77000045776367,63.69499969482422,63.755001068115234,123.0
2026-09-14 22:00:00+00:00,63.7599983215332,63.900001525878906,63.70500183105469,63.70500183105469,84.0
2026-09-14 22:15:00+00:00,63.724998474121094,63.7599983215332,63.66999816894531,63.724998474121094,103.0
2026-09-14 22:30:00+00:00,63.724998474121094,63.7599983215332,63.70000076293945,63.720001220703125,114.0
2026-09-14 22:45:00+00:00,63.71500015258789,63.775001525878906,63.71500015258789,63.73500061035156,65.0
2026-09-14 23:00:00+00:00,63.73500061035156,63.755001068115234,63.66999816894531,63.69499969482422,86.0
2026-09-14 23:15:00+00:00,63.69499969482422,63.69499969482422,63.619998931884766,63.65999984741211,61.0
2026-09-14 23:30:00+00:00,63.66999816894531,63.68000030517578,63.63999938964844,63.650001525878906,45.0
2026-09-14 23:45:00+00:00,63.654998779296875,63.654998779296875,63.61000061035156,63.64500045776367,44.0
2026-09-15 00:00:00+00:00,63.654998779296875,63.66999816894531,63.48500061035156,63.529998779296875,132.0
2026-09-15 00:15:00+00:00,63.54499816894531,63.584999084472656,63.44499969482422,63.474998474121094,213.0
2026-09-15 00:30:00+00:00,63.435001373291016,63.564998626708984,63.38999938964844,63.564998626708984,96.0
2026-09-15 00:45:00+00:00,63.560001373291016,63.665000915527344,63.540000915527344,63.6349983215332,156.0
2026-09-15 01:00:00+00:00,63.654998779296875,63.904998779296875,63.54999923706055,63.88999938964844,641.0
2026-09-15 01:15:00+00:00,63.900001525878906,64.08000183105469,63.8650016784668,63.915000915527344,439.0
2026-09-15 01:30:00+00:00,63.92499923706055,63.974998474121094,63.64500045776367,63.755001068115234,208.0
2026-09-15 01:45:00+00:00,63.71500015258789,63.880001068115234,63.6349983215332,63.880001068115234,235.0
2026-09-15 02:00:00+00:00,63.8849983215332,63.97999954223633,63.85499954223633,63.90999984741211,528.0
2026-09-15 02:15:00+00:00,63.89500045776367,64.0250015258789,63.89500045776367,64.0250015258789,80.0
2026-09-15 02:30:00+00:00,64.0250015258789,64.06999969482422,63.90999984741211,63.95500183105469,252.0
2026-09-15 02:45:00+00:00,63.939998626708984,64.05500030517578,63.939998626708984,64.04000091552734,162.0
2026-09-15 03:00:00+00:00,64.05000305175781,64.08000183105469,63.98500061035156,64.01499938964844,126.0
2026-09-15 03:15:00+00:00,64.00499725341797,64.01499938964844,63.915000915527344,63.95000076293945,124.0
2026-09-15 03:30:00+00:00,63.959999084472656,64.03500366210938,63.935001373291016,63.994998931884766,88.0
2026-09-15 03:45:00+00:00,63.98500061035156,64.0,63.84000015258789,63.86000061035156,69.0
2026-09-15 04:00:00+00:00,63.83000183105469,63.90999984741211,63.79999923706055,63.8650016784668,88.0
2026-09-15 04:15:00+00:00,63.89500045776367,63.89500045776367,63.790000915527344,63.79999923706055,45.0
2026-09-15 04:30:00+00:00,63.81999969482422,63.904998779296875,63.775001525878906,63.904998779296875,64.0
2026-09-15 04:45:00+00:00,63.8650016784668,63.90999984741211,63.81999969482422,63.83000183105469,41.0
2026-09-15 05:00:00+00:00,63.81999969482422,63.86000061035156,63.68000030517578,63.70000076293945,115.0
2026-09-15 05:15:00+00:00,63.70500183105469,63.70500183105469,63.599998474121094,63.6349983215332,140.0
2026-09-15 05:30:00+00:00,63.630001068115234,63.75,63.494998931884766,63.75,507.0
2026-09-15 05:45:00+00:00,63.779998779296875,63.834999084472656,63.685001373291016,63.69499969482422,69.0
2026-09-15 06:00:00+00:00,63.720001220703125,63.744998931884766,63.51499938964844,63.619998931884766,192.0
2026-09-15 06:15:00+00:00,63.60499954223633,63.73500061035156,63.60499954223633,63.69499969482422,253.0
2026-09-15 06:30:00+00:00,63.685001373291016,63.709999084472656,63.599998474121094,63.63999938964844,169.0
2026-09-15 06:45:00+00:00,63.650001525878906,63.70000076293945,63.564998626708984,63.64500045776367,220.0
2026-09-15 07:00:00+00:00,63.625,63.68000030517578,63.44499969482422,63.48500061035156,215.0
2026-09-15 07:15:00+00:00,63.4900016784668,63.61000061035156,63.4900016784668,63.599998474121094,140.0
2026-09-15 07:30:00+00:00,63.54499816894531,63.6349983215332,63.25,63.375,291.0
2026-09-15 07:45:00+00:00,63.369998931884766,63.54499816894531,63.21500015258789,63.29999923706055,297.0
2026-09-15 08:00:00+00:00,63.29499816894531,63.29499816894531,63.03499984741211,63.20500183105469,436.0
2026-09-15 08:15:00+00:00,63.26499938964844,63.3849983215332,63.23500061035156,63.345001220703125,200.0
2026-09-15 08:30:00+00:00,63.33000183105469,63.3650016784668,63.255001068115234,63.255001068115234,111.0
2026-09-15 08:45:00+00:00,63.26499938964844,63.345001220703125,63.2400016784668,63.2599983215332,161.0
2026-09-15 09:00:00+00:00,63.279998779296875,63.36000061035156,63.26499938964844,63.30500030517578,130.0
2026-09-15 09:15:00+00:00,63.29999923706055,63.334999084472656,63.20000076293945,63.314998626708984,232.0
2026-09-15 09:30:00+00:00,63.29999923706055,63.4900016784668,63.290000915527344,63.42499923706055,287.0
2026-09-15 09:45:00+00:00,63.44499969482422,63.560001373291016,63.38999938964844,63.540000915527344,328.0
2026-09-15 10:00:00+00:00,63.54999923706055,63.72999954223633,63.53499984741211,63.60499954223633,415.0
2026-09-15 10:15:00+00:00,63.595001220703125,63.625,63.54999923706055,63.564998626708984,99.0
2026-09-15 10:30:00+00:00,63.560001373291016,63.61000061035156,63.51499938964844,63.56999969482422,185.0
2026-09-15 10:45:00+00:00,63.57500076293945,63.70000076293945,63.529998779296875,63.63999938964844,183.0
2026-09-15 11:00:00+00:00,63.64500045776367,63.685001373291016,63.56999969482422,63.685001373291016,272.0
2026-09-15 11:15:00+00:00,63.65999984741211,63.70500183105469,63.619998931884766,63.63999938964844,410.0
2026-09-15 11:30:00+00:00,63.66999816894531,63.70500183105469,63.63999938964844,63.70500183105469,173.0
2026-09-15 11:45:00+00:00,63.69499969482422,63.80500030517578,63.69499969482422,63.76499938964844,174.0
2026-09-15 12:00:00+00:00,63.75,63.78499984741211,63.625,63.689998626708984,216.0
2026-09-15 12:15:00+00:00,63.685001373291016,63.7599983215332,63.60499954223633,63.7599983215332,258.0
2026-09-15 12:30:00+00:00,63.755001068115234,63.974998474121094,63.7400016784668,63.939998626708984,607.0
2026-09-15 12:45:00+00:00,63.95000076293945,64.43499755859375,63.939998626708984,64.27999877929688,1594.0
2026-09-15 13:00:00+00:00,64.26499938964844,64.44000244140625,64.0999984741211,64.18499755859375,1112.0
2026-09-15 13:15:00+00:00,64.19000244140625,64.29499816894531,64.08000183105469,64.1449966430664,572.0
2026-09-15 13:30:00+00:00,64.15499877929688,64.26000213623047,64.03500366210938,64.25499725341797,771.0
2026-09-15 13:45:00+00:00,64.25,64.43499755859375,64.2300033569336,64.31500244140625,1008.0
2026-09-15 14:00:00+00:00,64.31500244140625,64.34500122070312,64.05500030517578,64.06999969482422,692.0
2026-09-15 14:15:00+00:00,64.06500244140625,64.13999938964844,63.79999923706055,63.8650016784668,908.0
2026-09-15 14:30:00+00:00,63.834999084472656,63.8849983215332,63.650001525878906,63.720001220703125,692.0
2026-09-15 14:45:00+00:00,63.724998474121094,63.810001373291016,63.57500076293945,63.654998779296875,885.0
2026-09-15 15:00:00+00:00,63.65999984741211,63.779998779296875,63.59000015258789,63.7599983215332,593.0
2026-09-15 15:15:00+00:00,63.75,63.775001525878906,63.595001220703125,63.67499923706055,326.0
2026-09-15 15:30:00+00:00,63.69499969482422,63.79499816894531,63.68000030517578,63.72999954223633,463.0
2026-09-15 15:45:00+00:00,63.73500061035156,63.974998474121094,63.70000076293945,63.79499816894531,736.0
2026-09-15 16:00:00+00:00,63.779998779296875,63.83000183105469,63.63999938964844,63.67499923706055,284.0
2026-09-15 16:15:00+00:00,63.66999816894531,63.97999954223633,63.64500045776367,63.91999816894531,470.0
2026-09-15 16:30:00+00:00,63.915000915527344,63.97999954223633,63.834999084472656,63.935001373291016,386.0
2026-09-15 16:45:00+00:00,63.939998626708984,63.9900016784668,63.915000915527344,63.95000076293945,215.0
2026-09-15 17:00:00+00:00,63.959999084472656,64.01000213623047,63.85499954223633,63.94499969482422,534.0
2026-09-15 17:15:00+00:00,63.959999084472656,63.959999084472656,63.79499816894531,63.869998931884766,904.0
2026-09-15 17:30:00+00:00,63.875,64.01000213623047,63.86000061035156,63.91999816894531,309.0
2026-09-15 17:45:00+00:00,63.91999816894531,64.00499725341797,63.91999816894531,63.994998931884766,209.0
2026-09-15 18:00:00+00:00,64.01000213623047,64.18499755859375,63.94499969482422,64.18000030517578,445.0
2026-09-15 18:15:00+00:00,64.19499969482422,64.42500305175781,64.18499755859375,64.3499984741211,690.0
2026-09-15 18:30:00+00:00,64.33000183105469,64.36499786376953,64.16999816894531,64.2699966430664,439.0
2026-09-15 18:45:00+00:00,64.2750015258789,64.40499877929688,64.26499938964844,64.37999725341797,289.0
2026-09-15 19:00:00+00:00,64.38500213623047,64.46499633789062,64.24500274658203,64.25,435.0
2026-09-15 19:15:00+00:00,64.25499725341797,64.31999969482422,64.23999786376953,64.28500366210938,202.0
2026-09-15 19:30:00+00:00,64.27999877929688,64.32499694824219,64.16500091552734,64.16999816894531,232.0
2026-09-15 19:45:00+00:00,64.15499877929688,64.24500274658203,64.1500015258789,64.19000244140625,172.0
2026-09-15 20:00:00+00:00,64.19499969482422,64.2249984741211,64.16000366210938,64.18499755859375,117.0
2026-09-15 20:15:00+00:00,64.17500305175781,64.18499755859375,64.0999984741211,64.11499786376953,123.0
2026-09-15 20:30:00+00:00,64.12000274658203,64.16999816894531,64.07499694824219,64.0999984741211,100.0
2026-09-15 20:45:00+00:00,64.0999984741211,64.20500183105469,64.08499908447266,64.18499755859375,126.0
2026-09-15 22:00:00+00:00,64.18499755859375,64.31500244140625,64.18499755859375,64.19999694824219,35.0
2026-09-15 22:15:00+00:00,64.22000122070312,64.33000183105469,64.22000122070312,64.32499694824219,65.0
2026-09-15 22:30:00+00:00,64.33499908447266,64.33999633789062,64.28500366210938,64.28500366210938,35.0
2026-09-15 22:45:00+00:00,64.30000305175781,64.30999755859375,64.25,64.25,62.0
2026-09-15 23:00:00+00:00,64.25499725341797,64.26000213623047,64.18499755859375,64.20999908447266,68.0
2026-09-15 23:15:00+00:00,64.20500183105469,64.22000122070312,64.16500091552734,64.17500305175781,114.0
2026-09-15 23:30:00+00:00,64.19000244140625,64.26000213623047,64.18000030517578,64.22000122070312,58.0
2026-09-15 23:45:00+00:00,64.24500274658203,64.24500274658203,64.16000366210938,64.18499755859375,43.0
2026-09-16 00:00:00+00:00,64.18499755859375,64.26499938964844,64.1500015258789,64.20500183105469,84.0
2026-09-16 00:15:00+00:00,64.19000244140625,64.24500274658203,64.17500305175781,64.21499633789062,60.0
2026-09-16 00:30:00+00:00,64.2300033569336,64.2300033569336,64.12000274658203,64.19000244140625,65.0
2026-09-16 00:45:00+00:00,64.19499969482422,64.21499633789062,63.939998626708984,63.959999084472656,277.0
2026-09-16 01:00:00+00:00,63.97999954223633,64.36000061035156,63.96500015258789,64.3499984741211,524.0
2026-09-16 01:15:00+00:00,64.3499984741211,64.4800033569336,64.28500366210938,64.36000061035156,336.0
2026-09-16 01:30:00+00:00,64.3550033569336,64.37999725341797,64.125,64.20500183105469,230.0
2026-09-16 01:45:00+00:00,64.21499633789062,64.21499633789062,64.01499938964844,64.08000183105469,154.0
2026-09-16 02:00:00+00:00,64.0999984741211,64.36499786376953,64.0999984741211,64.29000091552734,119.0
2026-09-16 02:15:00+00:00,64.31500244140625,64.66000366210938,64.30999755859375,64.5999984741211,425.0
2026-09-16 02:30:00+00:00,64.61499786376953,65.11499786376953,64.5199966430664,64.87000274658203,1465.0
2026-09-16 02:45:00+00:00,64.87999725341797,65.31999969482422,64.8550033569336,65.26499938964844,801.0
2026-09-16 03:00:00+00:00,65.25499725341797,65.30999755859375,65.07499694824219,65.23999786376953,581.0
2026-09-16 03:15:00+00:00,65.26499938964844,65.3949966430664,65.12000274658203,65.17500305175781,678.0
2026-09-16 03:30:00+00:00,65.16999816894531,65.18000030517578,65.04000091552734,65.08000183105469,377.0
2026-09-16 03:45:00+00:00,65.08000183105469,65.12999725341797,65.0,65.11000061035156,230.0
2026-09-16 04:00:00+00:00,65.125,65.16999816894531,65.0999984741211,65.13999938964844,142.0
2026-09-16 04:15:00+00:00,65.1500015258789,65.18000030517578,65.08000183105469,65.12000274658203,96.0
2026-09-16 04:30:00+00:00,65.12999725341797,65.18000030517578,65.08499908447266,65.09500122070312,53.0
2026-09-16 04:45:00+00:00,65.08499908447266,65.11000061035156,65.05999755859375,65.0999984741211,43.0
2026-09-16 05:00:00+00:00,65.0999984741211,65.12000274658203,65.04000091552734,65.06500244140625,185.0
2026-09-16 05:15:00+00:00,65.08499908447266,65.23999786376953,65.07499694824219,65.18499755859375,217.0
2026-09-16 05:30:00+00:00,65.19000244140625,65.30500030517578,65.1050033569336,65.30500030517578,440.0
2026-09-16 05:45:00+00:00,65.30500030517578,65.31999969482422,65.13999938964844,65.1449966430664,129.0
2026-09-16 06:00:00+00:00,65.13500213623047,65.24500274658203,64.93000030517578,65.13500213623047,357.0
2026-09-16 06:15:00+00:00,65.13500213623047,65.16999816894531,65.08000183105469,65.13999938964844,242.0
2026-09-16 06:30:00+00:00,65.125,65.18000030517578,65.08499908447266,65.18000030517578,162.0
2026-09-16 06:45:00+00:00,65.18499755859375,65.26000213623047,65.08000183105469,65.25499725341797,282.0
2026-09-16 07:00:00+00:00,65.25499725341797,65.41000366210938,65.23999786376953,65.31500244140625,402.0
2026-09-16 07:15:00+00:00,65.3550033569336,65.37000274658203,65.2300033569336,65.33999633789062,140.0
2026-09-16 07:30:00+00:00,65.34500122070312,65.41500091552734,65.19999694824219,65.21499633789062,178.0
2026-09-16 07:45:00+00:00,65.19499969482422,65.21499633789062,65.02999877929688,65.05000305175781,184.0
2026-09-16 08:00:00+00:00,65.03500366210938,65.05000305175781,64.7750015258789,64.94999694824219,636.0
2026-09-16 08:15:00+00:00,64.94999694824219,65.125,64.92500305175781,65.05500030517578,637.0
2026-09-16 08:30:00+00:00,65.05000305175781,65.05000305175781,64.81999969482422,64.94000244140625,235.0
2026-09-16 08:45:00+00:00,64.95500183105469,65.06500244140625,64.93499755859375,65.06500244140625,127.0
2026-09-16 09:00:00+00:00,65.06999969482422,65.07499694824219,64.99500274658203,65.01499938964844,104.0
2026-09-16 09:15:00+00:00,65.0199966430664,65.02999877929688,64.88500213623047,64.92500305175781,311.0
2026-09-16 09:30:00+00:00,64.93000030517578,65.06999969482422,64.92500305175781,65.0250015258789,150.0
2026-09-16 09:45:00+00:00,65.0199966430664,65.06500244140625,64.94000244140625,65.02999877929688,148.0
2026-09-16 10:00:00+00:00,65.02999877929688,65.1500015258789,64.94499969482422,65.08000183105469,353.0
2026-09-16 10:15:00+00:00,65.08000183105469,65.16500091552734,65.02999877929688,65.0999984741211,153.0
2026-09-16 10:30:00+00:00,65.11000061035156,65.16999816894531,65.06500244140625,65.16000366210938,138.0
2026-09-16 10:45:00+00:00,65.1500015258789,65.2750015258789,65.1449966430664,65.2699966430664,259.0
2026-09-16 11:00:00+00:00,65.28500366210938,65.36000061035156,65.2300033569336,65.28500366210938,799.0
2026-09-16 11:15:00+00:00,65.30500030517578,65.44000244140625,65.25499725341797,65.37000274658203,339.0
2026-09-16 11:30:00+00:00,65.37000274658203,65.46499633789062,65.30999755859375,65.4000015258789,499.0
2026-09-16 11:45:00+00:00,65.41000366210938,65.45999908447266,65.25,65.26000213623047,483.0
2026-09-16 12:00:00+00:00,65.2699966430664,65.33499908447266,65.13999938964844,65.1500015258789,679.0
2026-09-16 12:15:00+00:00,65.15499877929688,65.16999816894531,65.01499938964844,65.15499877929688,546.0
2026-09-16 12:30:00+00:00,65.1449966430664,65.23500061035156,64.94999694824219,65.19499969482422,566.0
2026-09-16 12:45:00+00:00,65.19999694824219,65.33499908447266,65.125,65.27999877929688,794.0
2026-09-16 13:00:00+00:00,65.28500366210938,65.33499908447266,65.00499725341797,65.12999725341797,1200.0
2026-09-16 13:15:00+00:00,65.13999938964844,65.2249984741211,64.97000122070312,65.16999816894531,690.0
2026-09-16 13:30:00+00:00,65.16000366210938,65.19000244140625,64.94999694824219,64.98500061035156,969.0
2026-09-16 13:45:00+00:00,64.99500274658203,65.08999633789062,64.87999725341797,64.91999816894531,845.0
2026-09-16 14:00:00+00:00,64.91500091552734,64.94000244140625,64.61499786376953,64.88999938964844,1253.0
2026-09-16 14:15:00+00:00,64.88500213623047,64.91000366210938,64.69999694824219,64.81500244140625,416.0
2026-09-16 14:30:00+00:00,64.80000305175781,64.99500274658203,64.71499633789062,64.98500061035156,581.0
2026-09-16 14:45:00+00:00,64.98500061035156,65.2300033569336,64.94999694824219,65.19999694824219,885.0
2026-09-16 15:00:00+00:00,65.20500183105469,65.38500213623047,65.13500213623047,65.25499725341797,1542.0
2026-09-16 15:15:00+00:00,65.26000213623047,65.33000183105469,65.0199966430664,65.02999877929688,702.0
2026-09-16 15:30:00+00:00,65.05000305175781,65.0999984741211,64.98500061035156,65.05999755859375,342.0
2026-09-16 15:45:00+00:00,65.06500244140625,65.37999725341797,64.99500274658203,65.05500030517578,1043.0
2026-09-16 16:00:00+00:00,65.05999755859375,65.08000183105469,64.9749984741211,65.05999755859375,325.0
2026-09-16 16:15:00+00:00,65.06999969482422,65.12999725341797,65.01499938964844,65.05999755859375,311.0
2026-09-16 16:30:00+00:00,65.06999969482422,65.08000183105469,65.0,65.04499816894531,210.0
2026-09-16 16:45:00+00:00,65.04000091552734,65.06500244140625,64.90499877929688,64.99500274658203,348.0
2026-09-16 17:00:00+00:00,64.98999786376953,64.98999786376953,64.80000305175781,64.88500213623047,522.0
2026-09-16 17:15:00+00:00,64.88999938964844,65.01499938964844,64.83499908447266,65.01000213623047,791.0
2026-09-16 17:30:00+00:00,65.01499938964844,65.04000091552734,64.78500366210938,64.80500030517578,540.0
2026-09-16 17:45:00+00:00,64.80999755859375,65.41000366210938,64.79499816894531,65.41000366210938,681.0
2026-09-16 18:00:00+00:00,65.30999755859375,65.43000030517578,64.06999969482422,64.13999938964844,4276.0
2026-09-16 18:15:00+00:00,64.12999725341797,64.46499633789062,64.03500366210938,64.43499755859375,2221.0
2026-09-16 18:30:00+00:00,64.44499969482422,64.69999694824219,63.45000076293945,64.5250015258789,3780.0
2026-09-16 18:45:00+00:00,64.51499938964844,64.71499633789062,63.5,63.540000915527344,2974.0
2026-09-16 19:00:00+00:00,63.525001525878906,64.125,62.939998626708984,63.19499969482422,2931.0
2026-09-16 19:15:00+00:00,63.20500183105469,63.310001373291016,62.75,63.130001068115234,2322.0
2026-09-16 19:30:00+00:00,63.119998931884766,63.494998931884766,63.09000015258789,63.369998931884766,988.0
2026-09-16 19:45:00+00:00,63.334999084472656,63.6349983215332,63.334999084472656,63.625,721.0
2026-09-16 20:00:00+00:00,63.60499954223633,63.650001525878906,63.39500045776367,63.439998626708984,417.0
2026-09-16 20:15:00+00:00,63.45000076293945,63.540000915527344,63.314998626708984,63.375,212.0
2026-09-16 20:30:00+00:00,63.375,63.48500061035156,63.31999969482422,63.39500045776367,146.0
2026-09-16 20:45:00+00:00,63.415000915527344,63.5,63.380001068115234,63.41999816894531,175.0
2026-09-16 22:00:00+00:00,63.42499923706055,63.494998931884766,63.279998779296875,63.30500030517578,128.0
2026-09-16 22:15:00+00:00,63.290000915527344,63.41999816894531,63.279998779296875,63.380001068115234,93.0
2026-09-16 22:30:00+00:00,63.380001068115234,63.5099983215332,63.380001068115234,63.474998474121094,137.0
2026-09-16 22:45:00+00:00,63.470001220703125,63.48500061035156,63.345001220703125,63.36000061035156,77.0
2026-09-16 23:00:00+00:00,63.36000061035156,63.375,63.290000915527344,63.349998474121094,78.0
2026-09-16 23:15:00+00:00,63.334999084472656,63.61000061035156,63.334999084472656,63.584999084472656,200.0
2026-09-16 23:30:00+00:00,63.599998474121094,63.66999816894531,63.5,63.63999938964844,363.0
2026-09-16 23:45:00+00:00,63.650001525878906,63.75,63.619998931884766,63.685001373291016,208.0
2026-09-17 00:00:00+00:00,63.685001373291016,63.834999084472656,63.584999084472656,63.810001373291016,271.0
2026-09-17 00:15:00+00:00,63.79499816894531,63.86000061035156,63.755001068115234,63.81999969482422,121.0
2026-09-17 00:30:00+00:00,63.84000015258789,63.94499969482422,63.779998779296875,63.900001525878906,222.0
2026-09-17 00:45:00+00:00,63.89500045776367,63.900001525878906,63.560001373291016,63.64500045776367,381.0
2026-09-17 01:00:00+00:00,63.64500045776367,64.40499877929688,63.64500045776367,64.17500305175781,1315.0
2026-09-17 01:15:00+00:00,64.19000244140625,64.45999908447266,64.16500091552734,64.36000061035156,408.0
2026-09-17 01:30:00+00:00,64.36499786376953,64.61000061035156,64.30999755859375,64.34500122070312,863.0
2026-09-17 01:45:00+00:00,64.33999633789062,64.36000061035156,63.880001068115234,63.95000076293945,563.0
2026-09-17 02:00:00+00:00,63.935001373291016,64.00499725341797,63.494998931884766,63.654998779296875,1152.0
2026-09-17 02:15:00+00:00,63.665000915527344,63.845001220703125,63.665000915527344,63.81999969482422,317.0
2026-09-17 02:30:00+00:00,63.81999969482422,63.89500045776367,63.6150016784668,63.8849983215332,514.0
2026-09-17 02:45:00+00:00,63.88999938964844,63.93000030517578,63.564998626708984,63.625,281.0
2026-09-17 03:00:00+00:00,63.619998931884766,63.92499923706055,63.619998931884766,63.834999084472656,226.0
2026-09-17 03:15:00+00:00,63.869998931884766,63.90999984741211,63.80500030517578,63.849998474121094,93.0
2026-09-17 03:30:00+00:00,63.86000061035156,64.17500305175781,63.86000061035156,64.16000366210938,409.0
2026-09-17 03:45:00+00:00,64.16500091552734,64.19999694824219,64.11000061035156,64.19999694824219,89.0
2026-09-17 04:00:00+00:00,64.16000366210938,64.16999816894531,64.11000061035156,64.12000274658203,91.0
2026-09-17 04:15:00+00:00,64.12000274658203,64.16999816894531,64.06999969482422,64.08000183105469,85.0
2026-09-17 04:30:00+00:00,64.06500244140625,64.21499633789062,64.04000091552734,64.19000244140625,88.0
2026-09-17 04:45:00+00:00,64.21499633789062,64.23999786376953,64.13500213623047,64.17500305175781,67.0
2026-09-17 05:00:00+00:00,64.19000244140625,64.20999908447266,64.12000274658203,64.12999725341797,74.0
2026-09-17 05:15:00+00:00,64.12999725341797,64.12999725341797,63.915000915527344,63.91999816894531,137.0
2026-09-17 05:30:00+00:00,63.91999816894531,64.18499755859375,63.88999938964844,64.13500213623047,316.0
2026-09-17 05:45:00+00:00,64.1500015258789,64.25,64.125,64.20999908447266,304.0
2026-09-17 06:00:00+00:00,64.19499969482422,64.33000183105469,64.1449966430664,64.30999755859375,394.0
2026-09-17 06:15:00+00:00,64.28500366210938,64.30999755859375,64.16000366210938,64.30000305175781,312.0
2026-09-17 06:30:00+00:00,64.29499816894531,64.36499786376953,64.16500091552734,64.25499725341797,600.0
2026-09-17 06:45:00+00:00,64.24500274658203,64.33999633789062,64.2249984741211,64.25499725341797,258.0
2026-09-17 07:00:00+00:00,64.2750015258789,64.44000244140625,64.23999786376953,64.40499877929688,401.0
2026-09-17 07:15:00+00:00,64.40499877929688,64.77999877929688,64.40499877929688,64.76000213623047,841.0
2026-09-17 07:30:00+00:00,64.75,64.90499877929688,64.75,64.82499694824219,573.0
2026-09-17 07:45:00+00:00,64.83000183105469,64.91000366210938,64.625,64.79000091552734,889.0
2026-09-17 08:00:00+00:00,64.79499816894531,64.80500030517578,64.54000091552734,64.57499694824219,287.0
2026-09-17 08:15:00+00:00,64.55500030517578,64.61000061035156,64.51000213623047,64.5250015258789,173.0
2026-09-17 08:30:00+00:00,64.54000091552734,64.54000091552734,64.31500244140625,64.31500244140625,240.0
2026-09-17 08:45:00+00:00,64.32499694824219,64.36000061035156,64.26000213623047,64.31500244140625,230.0
2026-09-17 09:00:00+00:00,64.33499908447266,64.51499938964844,64.33499908447266,64.45999908447266,149.0
2026-09-17 09:15:00+00:00,64.45999908447266,64.4800033569336,64.36499786376953,64.36499786376953,151.0
2026-09-17 09:30:00+00:00,64.37999725341797,64.44999694824219,64.3550033569336,64.44999694824219,159.0
2026-09-17 09:45:00+00:00,64.43499755859375,64.45999908447266,64.37000274658203,64.38500213623047,91.0
2026-09-17 10:00:00+00:00,64.38500213623047,64.45500183105469,64.31999969482422,64.4000015258789,153.0
2026-09-17 10:15:00+00:00,64.37999725341797,64.44999694824219,64.34500122070312,64.3949966430664,123.0
2026-09-17 10:30:00+00:00,64.40499877929688,64.46499633789062,64.32499694824219,64.45999908447266,145.0
2026-09-17 10:45:00+00:00,64.45500183105469,64.625,64.44999694824219,64.57499694824219,381.0
2026-09-17 11:00:00+00:00,64.58000183105469,64.80000305175781,64.54499816894531,64.7300033569336,710.0
2026-09-17 11:15:00+00:00,64.74500274658203,64.80999755859375,64.65499877929688,64.69499969482422,307.0
2026-09-17 11:30:00+00:00,64.69000244140625,64.69000244140625,64.55999755859375,64.59500122070312,303.0
2026-09-17 11:45:00+00:00,64.57499694824219,65.26000213623047,64.56999969482422,65.25499725341797,1653.0
2026-09-17 12:00:00+00:00,65.25,65.74500274658203,65.07499694824219,65.70999908447266,2513.0
2026-09-17 12:15:00+00:00,65.69999694824219,66.12000274658203,65.625,66.12000274658203,2522.0
2026-09-17 12:30:00+00:00,66.06999969482422,66.06999969482422,65.68499755859375,65.69000244140625,1377.0
2026-09-17 12:45:00+00:00,65.68499755859375,66.05000305175781,65.66000366210938,66.0,783.0
2026-09-17 13:00:00+00:00,65.99500274658203,66.1050033569336,65.79499816894531,66.02999877929688,1990.0
2026-09-17 13:15:00+00:00,66.03500366210938,66.25,65.8499984741211,65.86499786376953,1206.0
2026-09-17 13:30:00+00:00,65.87999725341797,66.16500091552734,65.75499725341797,65.88500213623047,1376.0
2026-09-17 13:45:00+00:00,65.9000015258789,66.2699966430664,65.83999633789062,66.2300033569336,1260.0
2026-09-17 14:00:00+00:00,66.24500274658203,66.66999816894531,66.12999725341797,66.53500366210938,2687.0
2026-09-17 14:15:00+00:00,66.49500274658203,66.59500122070312,66.3550033569336,66.37999725341797,1146.0
2026-09-17 14:30:00+00:00,66.38500213623047,66.50499725341797,66.23999786376953,66.2699966430664,972.0
2026-09-17 14:45:00+00:00,66.2750015258789,66.3550033569336,66.01000213623047,66.05999755859375,786.0
2026-09-17 15:00:00+00:00,66.06500244140625,66.28500366210938,66.05000305175781,66.28500366210938,549.0
2026-09-17 15:15:00+00:00,66.2699966430664,66.38500213623047,66.23999786376953,66.30500030517578,652.0
2026-09-17 15:30:00+00:00,66.30000305175781,66.42500305175781,66.22000122070312,66.40499877929688,388.0
2026-09-17 15:45:00+00:00,66.38999938964844,66.41999816894531,66.2750015258789,66.41000366210938,450.0
2026-09-17 16:00:00+00:00,66.40499877929688,66.45999908447266,66.30000305175781,66.30500030517578,413.0
2026-09-17 16:15:00+00:00,66.30999755859375,66.33000183105469,66.23999786376953,66.29000091552734,321.0
2026-09-17 16:30:00+00:00,66.28500366210938,66.29499816894531,66.0999984741211,66.17500305175781,470.0
2026-09-17 16:45:00+00:00,66.19000244140625,66.2300033569336,66.0250015258789,66.19999694824219,714.0
2026-09-17 17:00:00+00:00,66.21499633789062,66.3949966430664,66.18499755859375,66.30999755859375,508.0
2026-09-17 17:15:00+00:00,66.31500244140625,66.32499694824219,66.06999969482422,66.1050033569336,1231.0
2026-09-17 17:30:00+00:00,66.11000061035156,66.1500015258789,66.05500030517578,66.12000274658203,222.0
2026-09-17 17:45:00+00:00,66.125,66.13500213623047,66.07499694824219,66.08499908447266,318.0
2026-09-17 18:00:00+00:00,66.08999633789062,66.17500305175781,66.06500244140625,66.16999816894531,303.0
2026-09-17 18:15:00+00:00,66.16999816894531,66.22000122070312,65.91999816894531,65.9749984741211,471.0
2026-09-17 18:30:00+00:00,65.9800033569336,65.98500061035156,65.81999969482422,65.93000030517578,340.0
2026-09-17 18:45:00+00:00,65.92500305175781,65.94000244140625,65.83000183105469,65.8499984741211,158.0
2026-09-17 19:00:00+00:00,65.8499984741211,65.94999694824219,65.8499984741211,65.91000366210938,141.0
2026-09-17 19:15:00+00:00,65.8949966430664,65.8949966430664,65.73999786376953,65.73999786376953,348.0
2026-09-17 19:30:00+00:00,65.73999786376953,65.80999755859375,65.7300033569336,65.79000091552734,125.0
2026-09-17 19:45:00+00:00,65.79499816894531,65.91999816894531,65.7750015258789,65.80999755859375,654.0
2026-09-17 20:00:00+00:00,65.81500244140625,65.83499908447266,65.76000213623047,65.76499938964844,100.0
2026-09-17 20:15:00+00:00,65.7699966430664,65.80000305175781,65.73999786376953,65.73999786376953,102.0
2026-09-17 20:30:00+00:00,65.75,65.75,65.68000030517578,65.70999908447266,158.0
2026-09-17 20:45:00+00:00,65.70999908447266,65.75499725341797,65.69999694824219,65.71499633789062,124.0
2026-09-17 22:00:00+00:00,65.76499938964844,65.93000030517578,65.73999786376953,65.82499694824219,71.0
2026-09-17 22:15:00+00:00,65.83000183105469,65.8550033569336,65.79000091552734,65.82499694824219,121.0
2026-09-17 22:30:00+00:00,65.81999969482422,65.9000015258789,65.80000305175781,65.80000305175781,96.0
2026-09-17 22:45:00+00:00,65.80000305175781,65.83000183105469,65.77999877929688,65.81999969482422,42.0
2026-09-17 23:00:00+00:00,65.81500244140625,65.93000030517578,65.7699966430664,65.91000366210938,261.0
2026-09-17 23:15:00+00:00,65.9000015258789,65.93000030517578,65.81999969482422,65.875,64.0
2026-09-17 23:30:00+00:00,65.8550033569336,65.8949966430664,65.8499984741211,65.88500213623047,77.0
2026-09-17 23:45:00+00:00,65.875,65.96499633789062,65.875,65.91000366210938,71.0
2026-09-18 00:00:00+00:00,65.91000366210938,66.08499908447266,65.8499984741211,66.08499908447266,222.0
2026-09-18 00:15:00+00:00,66.06999969482422,66.20999908447266,66.02999877929688,66.04499816894531,201.0
2026-09-18 00:30:00+00:00,66.07499694824219,66.22000122070312,66.07499694824219,66.22000122070312,116.0
2026-09-18 00:45:00+00:00,66.22000122070312,66.27999877929688,66.12999725341797,66.26499938964844,166.0
2026-09-18 01:00:00+00:00,66.27999877929688,66.48500061035156,66.19499969482422,66.20999908447266,606.0
2026-09-18 01:15:00+00:00,66.19499969482422,66.3949966430664,66.1500015258789,66.31999969482422,205.0
2026-09-18 01:30:00+00:00,66.32499694824219,66.3550033569336,66.12000274658203,66.12000274658203,362.0
2026-09-18 01:45:00+00:00,66.11000061035156,66.30500030517578,66.05500030517578,66.26499938964844,252.0
2026-09-18 02:00:00+00:00,66.2750015258789,66.33999633789062,66.19000244140625,66.30000305175781,127.0
2026-09-18 02:15:00+00:00,66.29000091552734,66.31999969482422,66.23500061035156,66.31999969482422,116.0
2026-09-18 02:30:00+00:00,66.31999969482422,66.44999694824219,66.2300033569336,66.25499725341797,235.0
2026-09-18 02:45:00+00:00,66.26499938964844,66.42500305175781,66.08999633789062,66.16000366210938,394.0
2026-09-18 03:00:00+00:00,66.16000366210938,66.45500183105469,66.1449966430664,66.28500366210938,356.0
2026-09-18 03:15:00+00:00,66.2699966430664,66.2699966430664,66.03500366210938,66.22000122070312,278.0
2026-09-18 03:30:00+00:00,66.22000122070312,66.58999633789062,66.21499633789062,66.55500030517578,384.0
2026-09-18 03:45:00+00:00,66.55999755859375,66.63500213623047,66.55000305175781,66.58000183105469,275.0
2026-09-18 04:00:00+00:00,66.61000061035156,66.62000274658203,66.48500061035156,66.49500274658203,152.0
2026-09-18 04:15:00+00:00,66.49500274658203,66.49500274658203,66.36499786376953,66.44999694824219,106.0
2026-09-18 04:30:00+00:00,66.47000122070312,66.6050033569336,66.44000244140625,66.59500122070312,107.0
2026-09-18 04:45:00+00:00,66.6050033569336,66.66000366210938,66.5199966430664,66.66000366210938,216.0
2026-09-18 05:00:00+00:00,66.65499877929688,66.83499908447266,66.57499694824219,66.74500274658203,692.0
2026-09-18 05:15:00+00:00,66.74500274658203,66.88500213623047,66.7249984741211,66.81999969482422,617.0
2026-09-18 05:30:00+00:00,66.81500244140625,67.1449966430664,66.66000366210938,67.11499786376953,1603.0
2026-09-18 05:45:00+00:00,67.1050033569336,67.18000030517578,66.93499755859375,67.16999816894531,509.0
2026-09-18 06:00:00+00:00,67.15499877929688,67.30000305175781,67.1050033569336,67.19999694824219,678.0
2026-09-18 06:15:00+00:00,67.20500183105469,67.2699966430664,67.08999633789062,67.25499725341797,292.0
2026-09-18 06:30:00+00:00,67.25499725341797,67.33499908447266,67.20500183105469,67.31500244140625,471.0
2026-09-18 06:45:00+00:00,67.31500244140625,67.32499694824219,67.18499755859375,67.30500030517578,360.0
2026-09-18 07:00:00+00:00,67.31500244140625,67.45500183105469,67.28500366210938,67.41999816894531,681.0
2026-09-18 07:15:00+00:00,67.42500305175781,67.54499816894531,67.37000274658203,67.53500366210938,508.0
2026-09-18 07:30:00+00:00,67.54499816894531,67.63500213623047,67.51000213623047,67.51499938964844,725.0
2026-09-18 07:45:00+00:00,67.52999877929688,67.68499755859375,67.51499938964844,67.53500366210938,473.0
2026-09-18 08:00:00+00:00,67.53500366210938,67.5999984741211,67.48999786376953,67.5199966430664,425.0
2026-09-18 08:15:00+00:00,67.50499725341797,67.66500091552734,67.50499725341797,67.53500366210938,395.0
2026-09-18 08:30:00+00:00,67.54499816894531,67.6050033569336,67.5,67.55999755859375,381.0
2026-09-18 08:45:00+00:00,67.55000305175781,67.84500122070312,67.5250015258789,67.79000091552734,605.0
2026-09-18 09:00:00+00:00,67.80500030517578,67.8949966430664,67.73999786376953,67.87000274658203,332.0
2026-09-18 09:15:00+00:00,67.86000061035156,67.86000061035156,67.62000274658203,67.70500183105469,253.0
2026-09-18 09:30:00+00:00,67.70500183105469,67.7300033569336,67.55000305175781,67.5999984741211,290.0
2026-09-18 09:45:00+00:00,67.56999969482422,67.59500122070312,67.48999786376953,67.56999969482422,268.0
2026-09-18 10:00:00+00:00,67.56500244140625,67.59500122070312,67.46499633789062,67.4800033569336,230.0
2026-09-18 10:15:00+00:00,67.48500061035156,67.54499816894531,67.44999694824219,67.52999877929688,261.0
2026-09-18 10:30:00+00:00,67.51499938964844,67.55500030517578,67.45500183105469,67.54000091552734,150.0
2026-09-18 10:45:00+00:00,67.54000091552734,67.59500122070312,67.44000244140625,67.59500122070312,199.0
2026-09-18 11:00:00+00:00,67.6050033569336,67.7249984741211,67.4800033569336,67.69000244140625,756.0
2026-09-18 11:15:00+00:00,67.68000030517578,67.70500183105469,67.51499938964844,67.55000305175781,370.0
2026-09-18 11:30:00+00:00,67.55000305175781,67.70500183105469,67.42500305175781,67.4800033569336,367.0
2026-09-18 11:45:00+00:00,67.4800033569336,67.5,67.26000213623047,67.48500061035156,653.0
2026-09-18 12:00:00+00:00,67.4800033569336,67.5,66.9749984741211,66.98999786376953,1296.0
2026-09-18 12:15:00+00:00,67.00499725341797,67.19000244140625,66.76499938964844,66.93000030517578,1414.0
2026-09-18 12:30:00+00:00,66.91000366210938,67.32499694824219,66.90499877929688,67.13500213623047,1361.0
2026-09-18 12:45:00+00:00,67.1500015258789,67.18499755859375,67.04499816894531,67.1449966430664,591.0
2026-09-18 13:00:00+00:00,67.1500015258789,67.25499725341797,66.96499633789062,67.19999694824219,1009.0
2026-09-18 13:15:00+00:00,67.20500183105469,67.30500030517578,66.9749984741211,67.06500244140625,767.0
2026-09-18 13:30:00+00:00,67.07499694824219,67.08499908447266,66.83000183105469,66.91000366210938,1071.0
2026-09-18 13:45:00+00:00,66.91500091552734,67.0,66.72000122070312,66.75499725341797,1113.0
2026-09-18 14:00:00+00:00,66.75499725341797,66.8949966430664,66.70500183105469,66.73999786376953,821.0
2026-09-18 14:15:00+00:00,66.74500274658203,66.80999755859375,66.50499725341797,66.57499694824219,1091.0
2026-09-18 14:30:00+00:00,66.56500244140625,66.87000274658203,66.55500030517578,66.79000091552734,926.0
2026-09-18 14:45:00+00:00,66.78500366210938,66.93000030517578,66.7699966430664,66.87000274658203,665.0
2026-09-18 15:00:00+00:00,66.87000274658203,66.93000030517578,66.75,66.86000061035156,513.0
2026-09-18 15:15:00+00:00,66.87000274658203,66.9749984741211,66.86499786376953,66.91500091552734,417.0
2026-09-18 15:30:00+00:00,66.91000366210938,66.92500305175781,66.73500061035156,66.87999725341797,623.0
2026-09-18 15:45:00+00:00,66.87999725341797,66.91999816894531,66.80000305175781,66.87999725341797,385.0
2026-09-18 16:00:00+00:00,66.87000274658203,66.88999938964844,66.75,66.80500030517578,696.0
2026-09-18 16:15:00+00:00,66.80500030517578,67.1449966430664,66.77999877929688,67.11499786376953,1410.0
2026-09-18 16:30:00+00:00,67.11000061035156,67.32499694824219,67.08999633789062,67.12999725341797,927.0
2026-09-18 16:45:00+00:00,67.12999725341797,67.19499969482422,67.06999969482422,67.11499786376953,440.0
2026-09-18 17:00:00+00:00,67.11499786376953,67.2249984741211,67.06500244140625,67.20500183105469,462.0
2026-09-18 17:15:00+00:00,67.22000122070312,67.2750015258789,67.1050033569336,67.18000030517578,848.0
2026-09-18 17:30:00+00:00,67.18000030517578,67.33999633789062,67.15499877929688,67.25499725341797,749.0
2026-09-18 17:45:00+00:00,67.26000213623047,67.30999755859375,67.24500274658203,67.26499938964844,274.0
2026-09-18 18:00:00+00:00,67.26499938964844,67.30000305175781,67.17500305175781,67.25499725341797,742.0
2026-09-18 18:15:00+00:00,67.26000213623047,67.37999725341797,67.2249984741211,67.3550033569336,342.0
2026-09-18 18:30:00+00:00,67.33999633789062,67.33999633789062,67.05000305175781,67.05999755859375,353.0
2026-09-18 18:45:00+00:00,67.05000305175781,67.11000061035156,66.9749984741211,67.01000213623047,295.0
2026-09-18 19:00:00+00:00,67.0,67.1449966430664,66.91500091552734,67.08499908447266,597.0
2026-09-18 19:15:00+00:00,67.06999969482422,67.08000183105469,66.91999816894531,66.95500183105469,185.0
2026-09-18 19:30:00+00:00,66.94499969482422,67.0,66.92500305175781,66.9749984741211,185.0
2026-09-18 19:45:00+00:00,66.9800033569336,66.9800033569336,66.76499938964844,66.86499786376953,602.0
2026-09-18 20:00:00+00:00,66.86499786376953,66.9800033569336,66.8499984741211,66.94000244140625,238.0
2026-09-18 20:15:00+00:00,66.93499755859375,66.9800033569336,66.9000015258789,66.91000366210938,89.0
2026-09-18 20:30:00+00:00,66.93000030517578,66.96499633789062,66.8499984741211,66.87999725341797,107.0
2026-09-18 20:45:00+00:00,66.86499786376953,67.14900207519531,66.69499969482422,67.14900207519531,303.0
