time,Open,High,Low,Close,Volume
2026-09-17 23:00:00+00:00,155.94500732421875,155.9510040283203,155.93699645996094,155.947998046875,0.0
2026-09-17 23:01:00+00:00,155.94000244140625,155.96200561523438,155.93800354003906,155.9409942626953,0.0
2026-09-17 23:02:00+00:00,155.94000244140625,155.96200561523438,155.93899536132812,155.947998046875,0.0
2026-09-17 23:03:00+00:00,155.9429931640625,155.95399475097656,155.9409942626953,155.94200134277344,0.0
2026-09-17 23:04:00+00:00,155.94200134277344,155.95199584960938,155.94000244140625,155.9409942626953,0.0
2026-09-17 23:05:00+00:00,155.9409942626953,155.9499969482422,155.9239959716797,155.93299865722656,0.0
2026-09-17 23:06:00+00:00,155.9320068359375,155.94900512695312,155.92799377441406,155.9409942626953,0.0
2026-09-17 23:07:00+00:00,155.9320068359375,155.947998046875,155.9290008544922,155.93899536132812,0.0
2026-09-17 23:08:00+00:00,155.94000244140625,155.95199584960938,155.93800354003906,155.94000244140625,0.0
2026-09-17 23:09:00+00:00,155.93899536132812,155.947998046875,155.9040069580078,155.91299438476562,0.0
2026-09-17 23:10:00+00:00,155.90899658203125,155.91900634765625,155.9029998779297,155.906005859375,0.0
2026-09-17 23:11:00+00:00,155.906005859375,155.91700744628906,155.8939971923828,155.89500427246094,0.0
2026-09-17 23:12:00+00:00,155.89500427246094,155.90699768066406,155.88400268554688,155.906005859375,0.0
2026-09-17 23:13:00+00:00,155.89599609375,155.90699768066406,155.88699340820312,155.88699340820312,0.0
2026-09-17 23:14:00+00:00,155.88600158691406,155.90199279785156,155.86399841308594,155.8800048828125,0.0
2026-09-17 23:15:00+00:00,155.8699951171875,155.89100646972656,155.8699951171875,155.88499450683594,0.0
2026-09-17 23:16:00+00:00,155.87899780273438,155.9149932861328,155.8780059814453,155.9149932861328,0.0
2026-09-17 23:17:00+00:00,155.9080047607422,155.92799377441406,155.9040069580078,155.91600036621094,0.0
2026-09-17 23:18:00+00:00,155.91600036621094,155.93099975585938,155.9149932861328,155.91600036621094,0.0
2026-09-17 23:19:00+00:00,155.91600036621094,155.93099975585938,155.91600036621094,155.9199981689453,0.0
2026-09-17 23:20:00+00:00,155.9199981689453,155.94200134277344,155.9149932861328,155.9290008544922,0.0
2026-09-17 23:21:00+00:00,155.93099975585938,155.95899963378906,155.92599487304688,155.94400024414062,0.0
2026-09-17 23:22:00+00:00,155.94500732421875,155.9550018310547,155.93800354003906,155.93899536132812,0.0
2026-09-17 23:23:00+00:00,155.93899536132812,155.95199584960938,155.93699645996094,155.9409942626953,0.0
2026-09-17 23:24:00+00:00,155.9409942626953,155.9600067138672,155.93899536132812,155.95199584960938,0.0
2026-09-17 23:25:00+00:00,155.9409942626953,155.95599365234375,155.94000244140625,155.94500732421875,0.0
2026-09-17 23:26:00+00:00,155.95700073242188,155.97900390625,155.94400024414062,155.96800231933594,0.0
2026-09-17 23:27:00+00:00,155.97500610351562,155.9770050048828,155.96200561523438,155.96400451660156,0.0
2026-09-17 23:28:00+00:00,155.97300720214844,155.97799682617188,155.96299743652344,155.96499633789062,0.0
2026-09-17 23:29:00+00:00,155.96499633789062,155.9929962158203,155.96499633789062,155.9810028076172,0.0
2026-09-17 23:30:00+00:00,155.9759979248047,156.01600646972656,155.9759979248047,156.01400756835938,0.0
2026-09-17 23:31:00+00:00,156.00399780273438,156.02699279785156,156.0030059814453,156.02699279785156,0.0
2026-09-17 23:32:00+00:00,156.01300048828125,156.02999877929688,156.01300048828125,156.01699829101562,0.0
2026-09-17 23:33:00+00:00,156.02499389648438,156.04200744628906,156.01600646972656,156.0189971923828,0.0
2026-09-17 23:34:00+00:00,156.0189971923828,156.0290069580078,156.01400756835938,156.01800537109375,0.0
2026-09-17 23:35:00+00:00,156.02200317382812,156.02999877929688,156.01600646972656,156.02999877929688,0.0
2026-09-17 23:36:00+00:00,156.0189971923828,156.02999877929688,156.01600646972656,156.0229949951172,0.0
2026-09-17 23:37:00+00:00,156.01800537109375,156.02999877929688,156.00399780273438,156.00599670410156,0.0
2026-09-17 23:38:00+00:00,156.00599670410156,156.07899475097656,156.00599670410156,156.06300354003906,0.0
2026-09-17 23:39:00+00:00,156.06300354003906,156.0760040283203,156.03700256347656,156.04299926757812,0.0
2026-09-17 23:40:00+00:00,156.03900146484375,156.0659942626953,156.02699279785156,156.05799865722656,0.0
2026-09-17 23:41:00+00:00,156.0540008544922,156.0780029296875,156.0489959716797,156.07699584960938,0.0
2026-09-17 23:42:00+00:00,156.07000732421875,156.07699584960938,156.04200744628906,156.04299926757812,0.0
2026-09-17 23:43:00+00:00,156.04299926757812,156.06399536132812,156.04200744628906,156.05299377441406,0.0
2026-09-17 23:44:00+00:00,156.04600524902344,156.0659942626953,156.03500366210938,156.05099487304688,0.0
2026-09-17 23:45:00+00:00,156.05099487304688,156.08900451660156,156.0449981689453,156.08900451660156,0.0
2026-09-17 23:46:00+00:00,156.07699584960938,156.08999633789062,155.9949951171875,156.06500244140625,0.0
2026-09-17 23:47:00+00:00,156.05499267578125,156.07899475097656,156.05499267578125,156.06199645996094,0.0
2026-09-17 23:48:00+00:00,156.0679931640625,156.0800018310547,156.05099487304688,156.06300354003906,0.0
2026-09-17 23:49:00+00:00,156.06300354003906,156.07899475097656,156.06300354003906,156.07400512695312,0.0
2026-09-17 23:50:00+00:00,156.06900024414062,156.07899475097656,156.06300354003906,156.0709991455078,0.0
2026-09-17 23:51:00+00:00,156.0659942626953,156.11000061035156,156.06500244140625,156.10400390625,0.0
2026-09-17 23:52:00+00:00,156.09500122070312,156.13600158691406,156.09500122070312,156.11300659179688,0.0
2026-09-17 23:53:00+00:00,156.11399841308594,156.13999938964844,156.10800170898438,156.125,0.0
2026-09-17 23:54:00+00:00,156.11700439453125,156.1269989013672,156.10800170898438,156.11300659179688,0.0
2026-09-17 23:55:00+00:00,156.11700439453125,156.13999938964844,156.1009979248047,156.12600708007812,0.0
2026-09-17 23:56:00+00:00,156.13699340820312,156.13800048828125,156.11099243164062,156.125,0.0
2026-09-17 23:57:00+00:00,156.11300659179688,156.1479949951172,156.10400390625,156.13299560546875,0.0
2026-09-17 23:58:00+00:00,156.1439971923828,156.15899658203125,156.12899780273438,156.1490020751953,0.0
2026-09-17 23:59:00+00:00,156.1490020751953,156.16900634765625,156.1439971923828,156.14599609375,0.0
2026-09-18 00:00:00+00:00,156.156005859375,156.1840057373047,156.14300537109375,156.17100524902344,0.0
2026-09-18 00:01:00+00:00,156.1790008544922,156.17999267578125,156.11900329589844,156.13600158691406,0.0
2026-09-18 00:02:00+00:00,156.13600158691406,156.1540069580078,156.13400268554688,156.13900756835938,0.0
2026-09-18 00:03:00+00:00,156.13600158691406,156.1840057373047,156.13600158691406,156.1719970703125,0.0
2026-09-18 00:04:00+00:00,156.1719970703125,156.18099975585938,156.1490020751953,156.15199279785156,0.0
2026-09-18 00:05:00+00:00,156.15499877929688,156.18600463867188,156.1490020751953,156.17599487304688,0.0
2026-09-18 00:06:00+00:00,156.17100524902344,156.18299865722656,156.14999389648438,156.16400146484375,0.0
2026-09-18 00:07:00+00:00,156.16099548339844,156.18600463867188,156.13699340820312,156.14999389648438,0.0
2026-09-18 00:08:00+00:00,156.1540069580078,156.16900634765625,156.13900756835938,156.16900634765625,0.0
2026-09-18 00:09:00+00:00,156.15899658203125,156.17300415039062,156.1479949951172,156.1479949951172,0.0
2026-09-18 00:10:00+00:00,156.1479949951172,156.197998046875,156.1439971923828,156.1739959716797,0.0
2026-09-18 00:11:00+00:00,156.1840057373047,156.20799255371094,156.17300415039062,156.1820068359375,0.0
2026-09-18 00:12:00+00:00,156.18499755859375,156.20199584960938,156.1439971923828,156.1439971923828,0.0
2026-09-18 00:13:00+00:00,156.1540069580078,156.1649932861328,156.13800048828125,156.16400146484375,0.0
2026-09-18 00:14:00+00:00,156.156005859375,156.19700622558594,156.1540069580078,156.177001953125,0.0
2026-09-18 00:15:00+00:00,156.177001953125,156.19700622558594,156.16900634765625,156.177001953125,0.0
2026-09-18 00:16:00+00:00,156.17999267578125,156.19700622558594,156.1649932861328,156.1649932861328,0.0
2026-09-18 00:17:00+00:00,156.1750030517578,156.18800354003906,156.15899658203125,156.16700744628906,0.0
2026-09-18 00:18:00+00:00,156.1750030517578,156.17799377441406,156.1490020751953,156.17599487304688,0.0
2026-09-18 00:19:00+00:00,156.16700744628906,156.17599487304688,156.1230010986328,156.13299560546875,0.0
2026-09-18 00:20:00+00:00,156.1320037841797,156.1439971923828,156.11199951171875,156.14199829101562,0.0
2026-09-18 00:21:00+00:00,156.13299560546875,156.17300415039062,156.1280059814453,156.16400146484375,0.0
2026-09-18 00:22:00+00:00,156.16000366210938,156.1959991455078,156.1510009765625,156.1649932861328,0.0
2026-09-18 00:23:00+00:00,156.16400146484375,156.18099975585938,156.1580047607422,156.1750030517578,0.0
2026-09-18 00:24:00+00:00,156.17999267578125,156.1820068359375,156.1479949951172,156.1719970703125,0.0
2026-09-18 00:25:00+00:00,156.16200256347656,156.19500732421875,156.16000366210938,156.1929931640625,0.0
2026-09-18 00:26:00+00:00,156.1820068359375,156.19200134277344,156.16900634765625,156.17100524902344,0.0
2026-09-18 00:27:00+00:00,156.17999267578125,156.18299865722656,156.16299438476562,156.16600036621094,0.0
2026-09-18 00:28:00+00:00,156.16900634765625,156.2100067138672,156.1649932861328,156.1959991455078,0.0
2026-09-18 00:29:00+00:00,156.1959991455078,156.20899963378906,156.19400024414062,156.19700622558594,0.0
2026-09-18 00:30:00+00:00,156.1959991455078,156.22799682617188,156.19000244140625,156.22300720214844,0.0
2026-09-18 00:31:00+00:00,156.2270050048828,156.23199462890625,156.19400024414062,156.19900512695312,0.0
2026-09-18 00:32:00+00:00,156.197998046875,156.2169952392578,156.18600463867188,156.2030029296875,0.0
2026-09-18 00:33:00+00:00,156.20399475097656,156.21099853515625,156.1959991455078,156.20399475097656,0.0
2026-09-18 00:34:00+00:00,156.20199584960938,156.21200561523438,156.19400024414062,156.19700622558594,0.0
2026-09-18 00:35:00+00:00,156.20399475097656,156.20899963378906,156.177001953125,156.197998046875,0.0
2026-09-18 00:36:00+00:00,156.197998046875,156.20899963378906,156.17799377441406,156.18899536132812,0.0
2026-09-18 00:37:00+00:00,156.18899536132812,156.20199584960938,156.1750030517578,156.17999267578125,0.0
2026-09-18 00:38:00+00:00,156.17799377441406,156.197998046875,156.1649932861328,156.17300415039062,0.0
2026-09-18 00:39:00+00:00,156.17300415039062,156.1999969482422,156.16799926757812,156.1909942626953,0.0
2026-09-18 00:40:00+00:00,156.18899536132812,156.20399475097656,156.17599487304688,156.19900512695312,0.0
2026-09-18 00:41:00+00:00,156.19400024414062,156.23899841308594,156.18899536132812,156.2310028076172,0.0
2026-09-18 00:42:00+00:00,156.2220001220703,156.26400756835938,156.218994140625,156.25999450683594,0.0
2026-09-18 00:43:00+00:00,156.25599670410156,156.2689971923828,156.25,156.2570037841797,0.0
2026-09-18 00:44:00+00:00,156.24899291992188,156.27499389648438,156.24400329589844,156.26100158691406,0.0
2026-09-18 00:45:00+00:00,156.2519989013672,156.2689971923828,156.22900390625,156.23800659179688,0.0
2026-09-18 00:46:00+00:00,156.2449951171875,156.28599548339844,156.23699951171875,156.26800537109375,0.0
2026-09-18 00:47:00+00:00,156.27499389648438,156.27699279785156,156.24200439453125,156.25,0.0
2026-09-18 00:48:00+00:00,156.24899291992188,156.26400756835938,156.23300170898438,156.2429962158203,0.0
2026-09-18 00:49:00+00:00,156.24200439453125,156.2519989013672,156.22300720214844,156.23399353027344,0.0
2026-09-18 00:50:00+00:00,156.23500061035156,156.26300048828125,156.22799682617188,156.23399353027344,0.0
2026-09-18 00:51:00+00:00,156.23599243164062,156.2469940185547,156.2100067138672,156.24600219726562,0.0
2026-09-18 00:52:00+00:00,156.2429962158203,156.25599670410156,156.20599365234375,156.2220001220703,0.0
2026-09-18 00:53:00+00:00,156.23199462890625,156.2469940185547,156.2030029296875,156.218994140625,0.0
2026-09-18 00:54:00+00:00,156.22500610351562,156.24400329589844,156.20399475097656,156.2169952392578,0.0
2026-09-18 00:55:00+00:00,156.22900390625,156.23899841308594,156.18699645996094,156.18800354003906,0.0
2026-09-18 00:56:00+00:00,156.18800354003906,156.2010040283203,156.16000366210938,156.16299438476562,0.0
2026-09-18 00:57:00+00:00,156.1840057373047,156.1840057373047,156.1490020751953,156.18299865722656,0.0
2026-09-18 00:58:00+00:00,156.1719970703125,156.18499755859375,156.16099548339844,156.1739959716797,0.0
2026-09-18 00:59:00+00:00,156.177001953125,156.19500732421875,156.16900634765625,156.17300415039062,0.0
2026-09-18 01:00:00+00:00,156.17300415039062,156.19500732421875,156.156005859375,156.16799926757812,0.0
2026-09-18 01:01:00+00:00,156.16099548339844,156.20199584960938,156.13800048828125,156.1820068359375,0.0
2026-09-18 01:02:00+00:00,156.1820068359375,156.2010040283203,156.16900634765625,156.1909942626953,0.0
2026-09-18 01:03:00+00:00,156.1840057373047,156.20399475097656,156.1840057373047,156.1999969482422,0.0
2026-09-18 01:04:00+00:00,156.1959991455078,156.23300170898438,156.18899536132812,156.23199462890625,0.0
2026-09-18 01:05:00+00:00,156.2239990234375,156.23899841308594,156.20599365234375,156.20700073242188,0.0
2026-09-18 01:06:00+00:00,156.2050018310547,156.2270050048828,156.16900634765625,156.19400024414062,0.0
2026-09-18 01:07:00+00:00,156.19400024414062,156.21499633789062,156.1790008544922,156.1790008544922,0.0
2026-09-18 01:08:00+00:00,156.1840057373047,156.19900512695312,156.1719970703125,156.1739959716797,0.0
2026-09-18 01:09:00+00:00,156.177001953125,156.1929931640625,156.17300415039062,156.18099975585938,0.0
2026-09-18 01:10:00+00:00,156.18099975585938,156.20899963378906,156.16799926757812,156.18899536132812,0.0
2026-09-18 01:11:00+00:00,156.18800354003906,156.21299743652344,156.18699645996094,156.21299743652344,0.0
2026-09-18 01:12:00+00:00,156.20700073242188,156.2259979248047,156.20399475097656,156.20799255371094,0.0
2026-09-18 01:13:00+00:00,156.20399475097656,156.22000122070312,156.19200134277344,156.20399475097656,0.0
2026-09-18 01:14:00+00:00,156.21299743652344,156.2169952392578,156.1909942626953,156.21400451660156,0.0
2026-09-18 01:15:00+00:00,156.20799255371094,156.26199340820312,156.20399475097656,156.2519989013672,0.0
2026-09-18 01:16:00+00:00,156.2480010986328,156.29299926757812,156.24400329589844,156.2779998779297,0.0
2026-09-18 01:17:00+00:00,156.2760009765625,156.3040008544922,156.2530059814453,156.2550048828125,0.0
2026-09-18 01:18:00+00:00,156.2550048828125,156.27099609375,156.22999572753906,156.25100708007812,0.0
2026-09-18 01:19:00+00:00,156.25100708007812,156.26800537109375,156.24000549316406,156.24600219726562,0.0
2026-09-18 01:20:00+00:00,156.25,156.25799560546875,156.2209930419922,156.2310028076172,0.0
2026-09-18 01:21:00+00:00,156.23899841308594,156.25,156.19400024414062,156.197998046875,0.0
2026-09-18 01:22:00+00:00,156.20199584960938,156.2259979248047,156.197998046875,156.2169952392578,0.0
2026-09-18 01:23:00+00:00,156.20899963378906,156.2259979248047,156.20599365234375,156.20599365234375,0.0
2026-09-18 01:24:00+00:00,156.20599365234375,156.21499633789062,156.1719970703125,156.2050018310547,0.0
2026-09-18 01:25:00+00:00,156.20399475097656,156.218994140625,156.19500732421875,156.197998046875,0.0
2026-09-18 01:26:00+00:00,156.20700073242188,156.22000122070312,156.19500732421875,156.218994140625,0.0
2026-09-18 01:27:00+00:00,156.21400451660156,156.24600219726562,156.21400451660156,156.23699951171875,0.0
2026-09-18 01:28:00+00:00,156.2449951171875,156.26600646972656,156.23699951171875,156.2570037841797,0.0
2026-09-18 01:29:00+00:00,156.25599670410156,156.29299926757812,156.2449951171875,156.2790069580078,0.0
2026-09-18 01:30:00+00:00,156.2830047607422,156.2969970703125,156.2480010986328,156.25399780273438,0.0
2026-09-18 01:31:00+00:00,156.25399780273438,156.30299377441406,156.25399780273438,156.30299377441406,0.0
2026-09-18 01:32:00+00:00,156.302001953125,156.30499267578125,156.25900268554688,156.28199768066406,0.0
2026-09-18 01:33:00+00:00,156.28199768066406,156.31900024414062,156.2790069580078,156.30999755859375,0.0
2026-09-18 01:34:00+00:00,156.31199645996094,156.31700134277344,156.2760009765625,156.2760009765625,0.0
2026-09-18 01:35:00+00:00,156.2790069580078,156.28599548339844,156.2469940185547,156.26499938964844,0.0
2026-09-18 01:36:00+00:00,156.26300048828125,156.2969970703125,156.2570037841797,156.28500366210938,0.0
2026-09-18 01:37:00+00:00,156.28399658203125,156.29100036621094,156.27699279785156,156.28399658203125,0.0
2026-09-18 01:38:00+00:00,156.281005859375,156.29400634765625,156.2740020751953,156.27699279785156,0.0
2026-09-18 01:39:00+00:00,156.2740020751953,156.29800415039062,156.2570037841797,156.2949981689453,0.0
2026-09-18 01:40:00+00:00,156.2899932861328,156.30599975585938,156.28900146484375,156.2949981689453,0.0
2026-09-18 01:41:00+00:00,156.29400634765625,156.30099487304688,156.27200317382812,156.27999877929688,0.0
2026-09-18 01:42:00+00:00,156.2740020751953,156.2830047607422,156.27099609375,156.27200317382812,0.0
2026-09-18 01:43:00+00:00,156.2729949951172,156.28199768066406,156.25,156.26800537109375,0.0
2026-09-18 01:44:00+00:00,156.26699829101562,156.29400634765625,156.25799560546875,156.28700256347656,0.0
2026-09-18 01:45:00+00:00,156.27999877929688,156.29400634765625,156.2729949951172,156.27499389648438,0.0
2026-09-18 01:46:00+00:00,156.28399658203125,156.3179931640625,156.2740020751953,156.302001953125,0.0
2026-09-18 01:47:00+00:00,156.2949981689453,156.30799865722656,156.26199340820312,156.26800537109375,0.0
2026-09-18 01:48:00+00:00,156.26499938964844,156.30099487304688,156.26499938964844,156.29200744628906,0.0
2026-09-18 01:49:00+00:00,156.29600524902344,156.30499267578125,156.2760009765625,156.2760009765625,0.0
2026-09-18 01:50:00+00:00,156.2760009765625,156.28599548339844,156.26400756835938,156.2740020751953,0.0
2026-09-18 01:51:00+00:00,156.281005859375,156.28199768066406,156.25399780273438,156.26400756835938,0.0
2026-09-18 01:52:00+00:00,156.26400756835938,156.2779998779297,156.25,156.2689971923828,0.0
2026-09-18 01:53:00+00:00,156.26100158691406,156.2760009765625,156.24899291992188,156.25100708007812,0.0
2026-09-18 01:54:00+00:00,156.25399780273438,156.26800537109375,156.24400329589844,156.2449951171875,0.0
2026-09-18 01:55:00+00:00,156.24400329589844,156.27200317382812,156.24400329589844,156.2530059814453,0.0
2026-09-18 01:56:00+00:00,156.2519989013672,156.2689971923828,156.24899291992188,156.2550048828125,0.0
2026-09-18 01:57:00+00:00,156.2550048828125,156.26699829101562,156.25,156.25900268554688,0.0
2026-09-18 01:58:00+00:00,156.25100708007812,156.25900268554688,156.22300720214844,156.23399353027344,0.0
2026-09-18 01:59:00+00:00,156.22799682617188,156.23599243164062,156.21299743652344,156.21800231933594,0.0
2026-09-18 02:00:00+00:00,156.21400451660156,156.2270050048828,156.19700622558594,156.22500610351562,0.0
2026-09-18 02:01:00+00:00,156.2169952392578,156.24200439453125,156.2169952392578,156.23699951171875,0.0
2026-09-18 02:02:00+00:00,156.23300170898438,156.24600219726562,156.2259979248047,156.22799682617188,0.0
2026-09-18 02:03:00+00:00,156.2310028076172,156.2429962158203,156.22500610351562,156.24200439453125,0.0
2026-09-18 02:04:00+00:00,156.23199462890625,156.2480010986328,156.23199462890625,156.2429962158203,0.0
2026-09-18 02:05:00+00:00,156.24200439453125,156.24600219726562,156.22900390625,156.24000549316406,0.0
2026-09-18 02:06:00+00:00,156.24000549316406,156.25599670410156,156.22999572753906,156.2429962158203,0.0
2026-09-18 02:07:00+00:00,156.2429962158203,156.25399780273438,156.24099731445312,156.2530059814453,0.0
2026-09-18 02:08:00+00:00,156.24200439453125,156.26400756835938,156.24200439453125,156.2530059814453,0.0
2026-09-18 02:09:00+00:00,156.25599670410156,156.28900146484375,156.2530059814453,156.28799438476562,0.0
2026-09-18 02:10:00+00:00,156.2790069580078,156.31399536132812,156.2760009765625,156.2949981689453,0.0
2026-09-18 02:11:00+00:00,156.28599548339844,156.30299377441406,156.27999877929688,156.29400634765625,0.0
2026-09-18 02:12:00+00:00,156.2899932861328,156.30999755859375,156.27999877929688,156.28700256347656,0.0
2026-09-18 02:13:00+00:00,156.281005859375,156.2899932861328,156.26300048828125,156.26400756835938,0.0
2026-09-18 02:14:00+00:00,156.27200317382812,156.27699279785156,156.25900268554688,156.27499389648438,0.0
2026-09-18 02:15:00+00:00,156.2740020751953,156.2899932861328,156.26400756835938,156.28599548339844,0.0
2026-09-18 02:16:00+00:00,156.2790069580078,156.30799865722656,156.2790069580078,156.302001953125,0.0
2026-09-18 02:17:00+00:00,156.2969970703125,156.31399536132812,156.2899932861328,156.2969970703125,0.0
2026-09-18 02:18:00+00:00,156.29400634765625,156.31100463867188,156.29400634765625,156.30599975585938,0.0
2026-09-18 02:19:00+00:00,156.3070068359375,156.30799865722656,156.2480010986328,156.25799560546875,0.0
2026-09-18 02:20:00+00:00,156.2570037841797,156.25900268554688,156.2169952392578,156.22900390625,0.0
2026-09-18 02:21:00+00:00,156.23800659179688,156.24099731445312,156.2169952392578,156.22799682617188,0.0
2026-09-18 02:22:00+00:00,156.22500610351562,156.23399353027344,156.218994140625,156.2220001220703,0.0
2026-09-18 02:23:00+00:00,156.218994140625,156.23399353027344,156.2169952392578,156.23300170898438,0.0
2026-09-18 02:24:00+00:00,156.22900390625,156.23800659179688,156.19200134277344,156.19400024414062,0.0
2026-09-18 02:25:00+00:00,156.2030029296875,156.20599365234375,156.1820068359375,156.1820068359375,0.0
2026-09-18 02:26:00+00:00,156.1820068359375,156.20199584960938,156.1739959716797,156.1790008544922,0.0
2026-09-18 02:27:00+00:00,156.17300415039062,156.19200134277344,156.16900634765625,156.16900634765625,0.0
2026-09-18 02:28:00+00:00,156.1719970703125,156.19500732421875,156.16900634765625,156.18699645996094,0.0
2026-09-18 02:29:00+00:00,156.1790008544922,156.18600463867188,156.1580047607422,156.1699981689453,0.0
2026-09-18 02:30:00+00:00,156.16000366210938,156.1909942626953,156.15899658203125,156.1790008544922,0.0
2026-09-18 02:31:00+00:00,156.17999267578125,156.19200134277344,156.1719970703125,156.18099975585938,0.0
2026-09-18 02:32:00+00:00,156.177001953125,156.17999267578125,156.14199829101562,156.14700317382812,0.0
2026-09-18 02:33:00+00:00,156.14700317382812,156.1540069580078,156.13499450683594,156.14100646972656,0.0
2026-09-18 02:34:00+00:00,156.14100646972656,156.14599609375,156.1320037841797,156.13299560546875,0.0
2026-09-18 02:35:00+00:00,156.13299560546875,156.15899658203125,156.1269989013672,156.1479949951172,0.0
2026-09-18 02:36:00+00:00,156.1479949951172,156.156005859375,156.12899780273438,156.1300048828125,0.0
2026-09-18 02:37:00+00:00,156.13499450683594,156.16900634765625,156.1300048828125,156.16799926757812,0.0
2026-09-18 02:38:00+00:00,156.15499877929688,156.17300415039062,156.15499877929688,156.16400146484375,0.0
2026-09-18 02:39:00+00:00,156.16099548339844,156.1750030517578,156.15899658203125,156.16200256347656,0.0
2026-09-18 02:40:00+00:00,156.16200256347656,156.17100524902344,156.15199279785156,156.15199279785156,0.0
2026-09-18 02:41:00+00:00,156.15199279785156,156.17100524902344,156.13900756835938,156.1649932861328,0.0
2026-09-18 02:42:00+00:00,156.1699981689453,156.18600463867188,156.16099548339844,156.17599487304688,0.0
2026-09-18 02:43:00+00:00,156.17599487304688,156.18600463867188,156.1739959716797,156.1750030517578,0.0
2026-09-18 02:44:00+00:00,156.1790008544922,156.18600463867188,156.14100646972656,156.1699981689453,0.0
2026-09-18 02:45:00+00:00,156.16700744628906,156.19000244140625,156.13499450683594,156.13800048828125,0.0
2026-09-18 02:46:00+00:00,156.14199829101562,156.1580047607422,156.1280059814453,156.1580047607422,0.0
2026-09-18 02:47:00+00:00,156.1510009765625,156.1820068359375,156.1510009765625,156.16600036621094,0.0
2026-09-18 02:48:00+00:00,156.1739959716797,156.17599487304688,156.16299438476562,156.16299438476562,0.0
2026-09-18 02:49:00+00:00,156.16700744628906,156.17300415039062,156.15499877929688,156.1719970703125,0.0
2026-09-18 02:50:00+00:00,156.17300415039062,156.17300415039062,156.14700317382812,156.15199279785156,0.0
2026-09-18 02:51:00+00:00,156.1490020751953,156.1719970703125,156.1479949951172,156.16400146484375,0.0
2026-09-18 02:52:00+00:00,156.16400146484375,156.1719970703125,156.1479949951172,156.1479949951172,0.0
2026-09-18 02:53:00+00:00,156.156005859375,156.15899658203125,156.13400268554688,156.13800048828125,0.0
2026-09-18 02:54:00+00:00,156.13299560546875,156.60899353027344,156.1280059814453,156.58900451660156,0.0
2026-09-18 02:55:00+00:00,156.5760040283203,156.8419952392578,156.5570068359375,156.83900451660156,0.0
2026-09-18 02:56:00+00:00,156.83299255371094,156.8679962158203,156.65499877929688,156.7030029296875,0.0
2026-09-18 02:57:00+00:00,156.68800354003906,156.72999572753906,156.65199279785156,156.71200561523438,0.0
2026-09-18 02:58:00+00:00,156.718994140625,156.76600646972656,156.67599487304688,156.68899536132812,0.0
2026-09-18 02:59:00+00:00,156.69000244140625,156.697998046875,156.63400268554688,156.63900756835938,0.0
2026-09-18 03:00:00+00:00,156.64999389648438,156.6699981689453,156.552001953125,156.61900329589844,0.0
2026-09-18 03:01:00+00:00,156.625,156.64199829101562,156.56500244140625,156.58599853515625,0.0
2026-09-18 03:02:00+00:00,156.58599853515625,156.6060028076172,156.54200744628906,156.59300231933594,0.0
2026-09-18 03:03:00+00:00,156.5919952392578,156.66299438476562,156.57899475097656,156.61500549316406,0.0
2026-09-18 03:04:00+00:00,156.61500549316406,156.6719970703125,156.60499572753906,156.64999389648438,0.0
2026-09-18 03:05:00+00:00,156.64999389648438,156.7530059814453,156.64999389648438,156.73300170898438,0.0
2026-09-18 03:06:00+00:00,156.73300170898438,156.7740020751953,156.70799255371094,156.75599670410156,0.0
2026-09-18 03:07:00+00:00,156.75799560546875,156.85899353027344,156.75799560546875,156.79800415039062,0.0
2026-09-18 03:08:00+00:00,156.79400634765625,156.87100219726562,156.78199768066406,156.83799743652344,0.0
2026-09-18 03:09:00+00:00,156.83900451660156,156.8730010986328,156.79800415039062,156.8070068359375,0.0
2026-09-18 03:10:00+00:00,156.80599975585938,156.8990020751953,156.80599975585938,156.89599609375,0.0
2026-09-18 03:11:00+00:00,156.8780059814453,156.9429931640625,156.87399291992188,156.9239959716797,0.0
2026-09-18 03:12:00+00:00,156.9239959716797,156.9459991455078,156.88999938964844,156.9340057373047,0.0
2026-09-18 03:13:00+00:00,156.9429931640625,156.95199584960938,156.8979949951172,156.91700744628906,0.0
2026-09-18 03:14:00+00:00,156.92999267578125,156.92999267578125,156.83799743652344,156.8459930419922,0.0
2026-09-18 03:15:00+00:00,156.83799743652344,156.9040069580078,156.83299255371094,156.84500122070312,0.0
2026-09-18 03:16:00+00:00,156.83599853515625,156.8939971923828,156.83599853515625,156.86300659179688,0.0
2026-09-18 03:17:00+00:00,156.86300659179688,156.93699645996094,156.85899353027344,156.90899658203125,0.0
2026-09-18 03:18:00+00:00,156.9080047607422,156.92100524902344,156.83599853515625,156.8820037841797,0.0
2026-09-18 03:19:00+00:00,156.88400268554688,156.9239959716797,156.8730010986328,156.9010009765625,0.0
2026-09-18 03:20:00+00:00,156.88699340820312,156.93499755859375,156.86599731445312,156.8979949951172,0.0
2026-09-18 03:21:00+00:00,156.9080047607422,156.9720001220703,156.8979949951172,156.96200561523438,0.0
2026-09-18 03:22:00+00:00,156.95799255371094,157.0070037841797,156.93800354003906,156.99899291992188,0.0
2026-09-18 03:23:00+00:00,156.9969940185547,157.0590057373047,156.98699951171875,157.0290069580078,0.0
2026-09-18 03:24:00+00:00,157.0290069580078,157.03700256347656,156.9199981689453,156.968994140625,0.0
2026-09-18 03:25:00+00:00,156.968994140625,157.0279998779297,156.95199584960938,156.9969940185547,0.0
2026-09-18 03:26:00+00:00,156.99200439453125,157.02499389648438,156.96200561523438,156.9759979248047,0.0
2026-09-18 03:27:00+00:00,156.97999572753906,157.01199340820312,156.95899963378906,157.01100158691406,0.0
2026-09-18 03:28:00+00:00,157.01699829101562,157.02999877929688,156.9810028076172,156.98399353027344,0.0
2026-09-18 03:29:00+00:00,156.98800659179688,157.01199340820312,156.9290008544922,156.93899536132812,0.0
2026-09-18 03:30:00+00:00,156.93299865722656,156.9929962158203,156.9290008544922,156.98500061035156,0.0
2026-09-18 03:31:00+00:00,156.9770050048828,156.98899841308594,156.90899658203125,156.9459991455078,0.0
2026-09-18 03:32:00+00:00,156.94700622558594,156.96200561523438,156.89500427246094,156.9010009765625,0.0
2026-09-18 03:33:00+00:00,156.89500427246094,156.9510040283203,156.88299560546875,156.9239959716797,0.0
2026-09-18 03:34:00+00:00,156.9340057373047,156.94700622558594,156.8990020751953,156.9149932861328,0.0
2026-09-18 03:35:00+00:00,156.90699768066406,156.9949951171875,156.89100646972656,156.98300170898438,0.0
2026-09-18 03:36:00+00:00,156.98699951171875,157.01300048828125,156.9340057373047,157.0019989013672,0.0
2026-09-18 03:37:00+00:00,157.01199340820312,157.0540008544922,156.9969940185547,157.02200317382812,0.0
2026-09-18 03:38:00+00:00,157.02200317382812,157.0800018310547,157.01199340820312,157.01400756835938,0.0
2026-09-18 03:39:00+00:00,157.01199340820312,157.05799865722656,156.9980010986328,157.0469970703125,0.0
2026-09-18 03:40:00+00:00,157.05499267578125,157.08399963378906,157.02200317382812,157.08200073242188,0.0
2026-09-18 03:41:00+00:00,157.07699584960938,157.1009979248047,157.06700134277344,157.0970001220703,0.0
2026-09-18 03:42:00+00:00,157.0959930419922,157.1009979248047,157.06900024414062,157.06900024414062,0.0
2026-09-18 03:43:00+00:00,157.06900024414062,157.14599609375,157.06900024414062,157.1199951171875,0.0
2026-09-18 03:44:00+00:00,157.11599731445312,157.14500427246094,157.10499572753906,157.12600708007812,0.0
2026-09-18 03:45:00+00:00,157.1199951171875,157.12899780273438,157.072998046875,157.11500549316406,0.0
2026-09-18 03:46:00+00:00,157.1179962158203,157.14199829101562,157.08299255371094,157.10499572753906,0.0
2026-09-18 03:47:00+00:00,157.1060028076172,157.11000061035156,157.0260009765625,157.0749969482422,0.0
2026-09-18 03:48:00+00:00,157.08399963378906,157.13499450683594,157.06900024414062,157.093994140625,0.0
2026-09-18 03:49:00+00:00,157.08599853515625,157.10899353027344,157.05099487304688,157.07400512695312,0.0
2026-09-18 03:50:00+00:00,157.07000732421875,157.10899353027344,157.04100036621094,157.05099487304688,0.0
2026-09-18 03:51:00+00:00,157.05599975585938,157.0970001220703,157.0399932861328,157.0970001220703,0.0
2026-09-18 03:52:00+00:00,157.09300231933594,157.11099243164062,157.06500244140625,157.10899353027344,0.0
2026-09-18 03:53:00+00:00,157.1009979248047,157.11000061035156,157.07400512695312,157.07699584960938,0.0
2026-09-18 03:54:00+00:00,157.08200073242188,157.08799743652344,157.06199645996094,157.0709991455078,0.0
2026-09-18 03:55:00+00:00,157.07000732421875,157.093994140625,157.0489959716797,157.0489959716797,0.0
2026-09-18 03:56:00+00:00,157.052001953125,157.0749969482422,157.03199768066406,157.0399932861328,0.0
2026-09-18 03:57:00+00:00,157.0469970703125,157.06399536132812,157.0290069580078,157.04200744628906,0.0
2026-09-18 03:58:00+00:00,157.04200744628906,157.08200073242188,157.03599548339844,157.06100463867188,0.0
2026-09-18 03:59:00+00:00,157.06199645996094,157.06900024414062,157.03599548339844,157.04100036621094,0.0
2026-09-18 04:00:00+00:00,157.04200744628906,157.06500244140625,156.98899841308594,157.00100708007812,0.0
2026-09-18 04:01:00+00:00,157.0019989013672,157.0709991455078,156.99600219726562,157.0399932861328,0.0
2026-09-18 04:02:00+00:00,157.03900146484375,157.0500030517578,156.99899291992188,157.0189971923828,0.0
2026-09-18 04:03:00+00:00,157.0290069580078,157.03700256347656,157.01199340820312,157.03199768066406,0.0
2026-09-18 04:04:00+00:00,157.0290069580078,157.0749969482422,157.0240020751953,157.06399536132812,0.0
2026-09-18 04:05:00+00:00,157.0679931640625,157.07200622558594,156.99000549316406,157.00399780273438,0.0
2026-09-18 04:06:00+00:00,157.00399780273438,157.031005859375,156.9969940185547,157.0189971923828,0.0
2026-09-18 04:07:00+00:00,157.01400756835938,157.04600524902344,156.99200439453125,156.9949951171875,0.0
2026-09-18 04:08:00+00:00,156.99400329589844,157.0070037841797,156.94900512695312,156.96099853515625,0.0
2026-09-18 04:09:00+00:00,156.9550018310547,156.9980010986328,156.9550018310547,156.96400451660156,0.0
2026-09-18 04:10:00+00:00,156.96400451660156,156.97799682617188,156.91000366210938,156.927001953125,0.0
2026-09-18 04:11:00+00:00,156.92999267578125,156.98399353027344,156.927001953125,156.9759979248047,0.0
2026-09-18 04:12:00+00:00,156.9759979248047,156.98500061035156,156.94400024414062,156.96200561523438,0.0
2026-09-18 04:13:00+00:00,156.96200561523438,157.03500366210938,156.96099853515625,157.02699279785156,0.0
2026-09-18 04:14:00+00:00,157.02699279785156,157.03799438476562,156.99899291992188,157.0030059814453,0.0
2026-09-18 04:15:00+00:00,157.0019989013672,157.00999450683594,156.94900512695312,156.95199584960938,0.0
2026-09-18 04:16:00+00:00,156.95899963378906,156.95899963378906,156.90199279785156,156.9239959716797,0.0
2026-09-18 04:17:00+00:00,156.9290008544922,156.9459991455078,156.91000366210938,156.91000366210938,0.0
2026-09-18 04:18:00+00:00,156.91200256347656,156.93800354003906,156.88099670410156,156.9239959716797,0.0
2026-09-18 04:19:00+00:00,156.9250030517578,156.9320068359375,156.89199829101562,156.9219970703125,0.0
2026-09-18 04:20:00+00:00,156.91400146484375,156.96200561523438,156.9029998779297,156.96099853515625,0.0
2026-09-18 04:21:00+00:00,156.9530029296875,156.9949951171875,156.94900512695312,156.97999572753906,0.0
2026-09-18 04:22:00+00:00,156.97799682617188,157.0019989013672,156.97500610351562,156.99099731445312,0.0
2026-09-18 04:23:00+00:00,156.98899841308594,156.99899291992188,156.94700622558594,156.94900512695312,0.0
2026-09-18 04:24:00+00:00,156.95399475097656,156.99400329589844,156.947998046875,156.98500061035156,0.0
2026-09-18 04:25:00+00:00,156.98399353027344,156.9949951171875,156.95700073242188,156.96600341796875,0.0
2026-09-18 04:26:00+00:00,156.968994140625,156.9929962158203,156.96400451660156,156.98300170898438,0.0
2026-09-18 04:27:00+00:00,156.98199462890625,156.99099731445312,156.9709930419922,156.97500610351562,0.0
2026-09-18 04:28:00+00:00,156.97500610351562,156.99600219726562,156.9600067138672,156.99400329589844,0.0
2026-09-18 04:29:00+00:00,156.98899841308594,156.99600219726562,156.97300720214844,156.9739990234375,0.0
2026-09-18 04:30:00+00:00,156.9810028076172,156.98500061035156,156.94900512695312,156.97799682617188,0.0
2026-09-18 04:31:00+00:00,156.9720001220703,157.02200317382812,156.9720001220703,157.01600646972656,0.0
2026-09-18 04:32:00+00:00,157.01400756835938,157.0449981689453,157.01300048828125,157.03700256347656,0.0
2026-09-18 04:33:00+00:00,157.04299926757812,157.08599853515625,157.03700256347656,157.08299255371094,0.0
2026-09-18 04:34:00+00:00,157.0760040283203,157.08900451660156,157.05799865722656,157.06199645996094,0.0
2026-09-18 04:35:00+00:00,157.06199645996094,157.0850067138672,157.0500030517578,157.07899475097656,0.0
2026-09-18 04:36:00+00:00,157.08099365234375,157.1060028076172,157.07200622558594,157.08599853515625,0.0
2026-09-18 04:37:00+00:00,157.08700561523438,157.14599609375,157.08200073242188,157.1320037841797,0.0
2026-09-18 04:38:00+00:00,157.13600158691406,157.1529998779297,157.1009979248047,157.10499572753906,0.0
2026-09-18 04:39:00+00:00,157.10400390625,157.13099670410156,157.09800720214844,157.1179962158203,0.0
2026-09-18 04:40:00+00:00,157.11399841308594,157.13400268554688,157.10699462890625,157.11599731445312,0.0
2026-09-18 04:41:00+00:00,157.11500549316406,157.13099670410156,157.093994140625,157.11599731445312,0.0
2026-09-18 04:42:00+00:00,157.10899353027344,157.125,157.0659942626953,157.08200073242188,0.0
2026-09-18 04:43:00+00:00,157.08299255371094,157.11900329589844,157.052001953125,157.08399963378906,0.0
2026-09-18 04:44:00+00:00,157.07400512695312,157.09500122070312,157.0570068359375,157.08299255371094,0.0
2026-09-18 04:45:00+00:00,157.093994140625,157.12899780273438,157.08200073242188,157.09800720214844,0.0
2026-09-18 04:46:00+00:00,157.09800720214844,157.11900329589844,157.0850067138672,157.0959930419922,0.0
2026-09-18 04:47:00+00:00,157.10299682617188,157.10899353027344,157.0850067138672,157.0919952392578,0.0
2026-09-18 04:48:00+00:00,157.0959930419922,157.1280059814453,157.08700561523438,157.1280059814453,0.0
2026-09-18 04:49:00+00:00,157.12899780273438,157.1300048828125,157.1060028076172,157.10899353027344,0.0
2026-09-18 04:50:00+00:00,157.10899353027344,157.13900756835938,157.10800170898438,157.1280059814453,0.0
2026-09-18 04:51:00+00:00,157.1280059814453,157.1479949951172,157.1280059814453,157.13800048828125,0.0
2026-09-18 04:52:00+00:00,157.12899780273438,157.1580047607422,157.1219940185547,157.1230010986328,0.0
2026-09-18 04:53:00+00:00,157.1230010986328,157.13299560546875,157.06399536132812,157.06900024414062,0.0
2026-09-18 04:54:00+00:00,157.0679931640625,157.08200073242188,157.03799438476562,157.0709991455078,0.0
2026-09-18 04:55:00+00:00,157.07000732421875,157.0760040283203,157.0489959716797,157.0659942626953,0.0
2026-09-18 04:56:00+00:00,157.06199645996094,157.0850067138672,157.05599975585938,157.072998046875,0.0
2026-09-18 04:57:00+00:00,157.072998046875,157.0850067138672,157.06100463867188,157.0749969482422,0.0
2026-09-18 04:58:00+00:00,157.0749969482422,157.0970001220703,157.072998046875,157.08399963378906,0.0
2026-09-18 04:59:00+00:00,157.08299255371094,157.14100646972656,157.07699584960938,157.13400268554688,0.0
2026-09-18 05:00:00+00:00,157.1269989013672,157.14199829101562,157.11099243164062,157.1280059814453,0.0
2026-09-18 05:01:00+00:00,157.12600708007812,157.1510009765625,157.12100219726562,157.1300048828125,0.0
2026-09-18 05:02:00+00:00,157.12600708007812,157.197998046875,157.11700439453125,157.18499755859375,0.0
2026-09-18 05:03:00+00:00,157.18499755859375,157.19900512695312,157.17599487304688,157.1820068359375,0.0
2026-09-18 05:04:00+00:00,157.18499755859375,157.19200134277344,157.13400268554688,157.15899658203125,0.0
2026-09-18 05:05:00+00:00,157.16600036621094,157.19400024414062,157.15499877929688,157.1909942626953,0.0
2026-09-18 05:06:00+00:00,157.18299865722656,157.19400024414062,157.16900634765625,157.17100524902344,0.0
2026-09-18 05:07:00+00:00,157.17599487304688,157.19200134277344,157.1529998779297,157.1820068359375,0.0
2026-09-18 05:08:00+00:00,157.1739959716797,157.18699645996094,157.1719970703125,157.1790008544922,0.0
2026-09-18 05:09:00+00:00,157.1719970703125,157.18600463867188,157.16400146484375,157.177001953125,0.0
2026-09-18 05:10:00+00:00,157.18099975585938,157.19200134277344,157.16600036621094,157.17799377441406,0.0
2026-09-18 05:11:00+00:00,157.16900634765625,157.1999969482422,157.16900634765625,157.1840057373047,0.0
2026-09-18 05:12:00+00:00,157.18499755859375,157.24400329589844,157.1840057373047,157.2259979248047,0.0
2026-09-18 05:13:00+00:00,157.22000122070312,157.24200439453125,157.20899963378906,157.22900390625,0.0
2026-09-18 05:14:00+00:00,157.22900390625,157.2689971923828,157.2270050048828,157.23800659179688,0.0
2026-09-18 05:15:00+00:00,157.23800659179688,157.26800537109375,157.218994140625,157.26199340820312,0.0
2026-09-18 05:16:00+00:00,157.25999450683594,157.26800537109375,157.23599243164062,157.2570037841797,0.0
2026-09-18 05:17:00+00:00,157.25900268554688,157.25900268554688,157.2209930419922,157.2239990234375,0.0
2026-09-18 05:18:00+00:00,157.22999572753906,157.25599670410156,157.22000122070312,157.2449951171875,0.0
2026-09-18 05:19:00+00:00,157.23800659179688,157.25100708007812,157.21400451660156,157.24200439453125,0.0
2026-09-18 05:20:00+00:00,157.23399353027344,157.24600219726562,157.2239990234375,157.23399353027344,0.0
2026-09-18 05:21:00+00:00,157.23399353027344,157.26499938964844,157.23199462890625,157.26400756835938,0.0
2026-09-18 05:22:00+00:00,157.2550048828125,157.29200744628906,157.2519989013672,157.28799438476562,0.0
2026-09-18 05:23:00+00:00,157.28599548339844,157.3070068359375,157.2790069580078,157.2969970703125,0.0
2026-09-18 05:24:00+00:00,157.2969970703125,157.32699584960938,157.2729949951172,157.28199768066406,0.0
2026-09-18 05:25:00+00:00,157.2760009765625,157.29800415039062,157.2469940185547,157.2790069580078,0.0
2026-09-18 05:26:00+00:00,157.2760009765625,157.30499267578125,157.27099609375,157.28500366210938,0.0
2026-09-18 05:27:00+00:00,157.27999877929688,157.28500366210938,157.25599670410156,157.26199340820312,0.0
2026-09-18 05:28:00+00:00,157.26199340820312,157.2790069580078,157.23699951171875,157.2790069580078,0.0
2026-09-18 05:29:00+00:00,157.2760009765625,157.30999755859375,157.27000427246094,157.2989959716797,0.0
2026-09-18 05:30:00+00:00,157.2989959716797,157.30999755859375,157.29400634765625,157.29800415039062,0.0
2026-09-18 05:31:00+00:00,157.29600524902344,157.31900024414062,157.29400634765625,157.2969970703125,0.0
2026-09-18 05:32:00+00:00,157.29800415039062,157.32699584960938,157.29299926757812,157.322998046875,0.0
2026-09-18 05:33:00+00:00,157.31399536132812,157.32699584960938,157.29400634765625,157.30299377441406,0.0
2026-09-18 05:34:00+00:00,157.2989959716797,157.32400512695312,157.29200744628906,157.31500244140625,0.0
2026-09-18 05:35:00+00:00,157.3090057373047,157.32400512695312,157.2760009765625,157.28199768066406,0.0
2026-09-18 05:36:00+00:00,157.28900146484375,157.3000030517578,157.2449951171875,157.24899291992188,0.0
2026-09-18 05:37:00+00:00,157.24899291992188,157.2830047607422,157.2270050048828,157.27099609375,0.0
2026-09-18 05:38:00+00:00,157.27099609375,157.30099487304688,157.27099609375,157.28799438476562,0.0
2026-09-18 05:39:00+00:00,157.281005859375,157.2899932861328,157.24400329589844,157.25,0.0
2026-09-18 05:40:00+00:00,157.25799560546875,157.25799560546875,157.2220001220703,157.24099731445312,0.0
2026-09-18 05:41:00+00:00,157.23599243164062,157.2429962158203,157.1820068359375,157.18600463867188,0.0
2026-09-18 05:42:00+00:00,157.1820068359375,157.2169952392578,157.1540069580078,157.15699768066406,0.0
2026-09-18 05:43:00+00:00,157.16200256347656,157.16600036621094,157.1300048828125,157.13999938964844,0.0
2026-09-18 05:44:00+00:00,157.14100646972656,157.177001953125,157.13099670410156,157.1320037841797,0.0
2026-09-18 05:45:00+00:00,157.13600158691406,157.14300537109375,157.0760040283203,157.12600708007812,0.0
2026-09-18 05:46:00+00:00,157.12100219726562,157.13999938964844,157.08200073242188,157.13699340820312,0.0
2026-09-18 05:47:00+00:00,157.12899780273438,157.14599609375,157.11000061035156,157.1219940185547,0.0
2026-09-18 05:48:00+00:00,157.12899780273438,157.1540069580078,157.11900329589844,157.1219940185547,0.0
2026-09-18 05:49:00+00:00,157.1219940185547,157.17599487304688,157.1219940185547,157.1529998779297,0.0
2026-09-18 05:50:00+00:00,157.16099548339844,157.16099548339844,157.09500122070312,157.11099243164062,0.0
2026-09-18 05:51:00+00:00,157.11000061035156,157.14999389648438,157.09800720214844,157.14999389648438,0.0
2026-09-18 05:52:00+00:00,157.14599609375,157.16700744628906,157.13400268554688,157.1540069580078,0.0
2026-09-18 05:53:00+00:00,157.1529998779297,157.18899536132812,157.15199279785156,157.16600036621094,0.0
2026-09-18 05:54:00+00:00,157.16799926757812,157.18099975585938,157.15699768066406,157.17799377441406,0.0
2026-09-18 05:55:00+00:00,157.1739959716797,157.21400451660156,157.15899658203125,157.21400451660156,0.0
2026-09-18 05:56:00+00:00,157.20399475097656,157.23199462890625,157.20399475097656,157.218994140625,0.0
2026-09-18 05:57:00+00:00,157.2239990234375,157.2449951171875,157.18899536132812,157.19900512695312,0.0
2026-09-18 05:58:00+00:00,157.19400024414062,157.19900512695312,157.16400146484375,157.18099975585938,0.0
2026-09-18 05:59:00+00:00,157.17999267578125,157.197998046875,157.17999267578125,157.18699645996094,0.0
2026-09-18 06:00:00+00:00,157.18600463867188,157.20599365234375,157.156005859375,157.18099975585938,0.0
2026-09-18 06:01:00+00:00,157.1719970703125,157.197998046875,157.16400146484375,157.18299865722656,0.0
2026-09-18 06:02:00+00:00,157.17599487304688,157.2169952392578,157.17599487304688,157.2100067138672,0.0
2026-09-18 06:03:00+00:00,157.20599365234375,157.23399353027344,157.1840057373047,157.1959991455078,0.0
2026-09-18 06:04:00+00:00,157.18899536132812,157.23699951171875,157.18499755859375,157.2310028076172,0.0
2026-09-18 06:05:00+00:00,157.22300720214844,157.2530059814453,157.20899963378906,157.21200561523438,0.0
2026-09-18 06:06:00+00:00,157.20899963378906,157.22300720214844,157.177001953125,157.19500732421875,0.0
2026-09-18 06:07:00+00:00,157.1909942626953,157.1999969482422,157.16900634765625,157.18800354003906,0.0
2026-09-18 06:08:00+00:00,157.1820068359375,157.1999969482422,157.1739959716797,157.1840057373047,0.0
2026-09-18 06:09:00+00:00,157.18600463867188,157.1909942626953,157.1580047607422,157.1739959716797,0.0
2026-09-18 06:10:00+00:00,157.17100524902344,157.1790008544922,157.14599609375,157.1479949951172,0.0
2026-09-18 06:11:00+00:00,157.1479949951172,157.177001953125,157.14599609375,157.1649932861328,0.0
2026-09-18 06:12:00+00:00,157.16600036621094,157.1739959716797,157.1179962158203,157.15199279785156,0.0
2026-09-18 06:13:00+00:00,157.14100646972656,157.16700744628906,157.1320037841797,157.15699768066406,0.0
2026-09-18 06:14:00+00:00,157.156005859375,157.1699981689453,157.14599609375,157.1540069580078,0.0
2026-09-18 06:15:00+00:00,157.1540069580078,157.16799926757812,157.13099670410156,157.16099548339844,0.0
2026-09-18 06:16:00+00:00,157.1699981689453,157.19400024414062,157.16099548339844,157.16400146484375,0.0
2026-09-18 06:17:00+00:00,157.16400146484375,157.177001953125,157.1479949951172,157.17100524902344,0.0
2026-09-18 06:18:00+00:00,157.16099548339844,157.1820068359375,157.14599609375,157.15199279785156,0.0
2026-09-18 06:19:00+00:00,157.1529998779297,157.1699981689453,157.14100646972656,157.1490020751953,0.0
2026-09-18 06:20:00+00:00,157.14599609375,157.15499877929688,157.0959930419922,157.11000061035156,0.0
2026-09-18 06:21:00+00:00,157.11000061035156,157.12600708007812,157.093994140625,157.1199951171875,0.0
2026-09-18 06:22:00+00:00,157.11399841308594,157.1269989013672,157.0959930419922,157.0970001220703,0.0
2026-09-18 06:23:00+00:00,157.0970001220703,157.10299682617188,157.0399932861328,157.06399536132812,0.0
2026-09-18 06:24:00+00:00,157.0659942626953,157.09100341796875,157.05799865722656,157.09100341796875,0.0
2026-09-18 06:25:00+00:00,157.08999633789062,157.1020050048828,157.06100463867188,157.0760040283203,0.0
2026-09-18 06:26:00+00:00,157.0749969482422,157.08700561523438,157.04400634765625,157.0780029296875,0.0
2026-09-18 06:27:00+00:00,157.07200622558594,157.09300231933594,157.0590057373047,157.06700134277344,0.0
2026-09-18 06:28:00+00:00,157.06700134277344,157.10400390625,157.0590057373047,157.08900451660156,0.0
2026-09-18 06:29:00+00:00,157.08999633789062,157.1219940185547,157.0850067138672,157.11599731445312,0.0
2026-09-18 06:30:00+00:00,157.10899353027344,157.1439971923828,157.0760040283203,157.09800720214844,0.0
2026-09-18 06:31:00+00:00,157.0959930419922,157.1179962158203,157.08999633789062,157.10899353027344,0.0
2026-09-18 06:32:00+00:00,157.10899353027344,157.11599731445312,157.0709991455078,157.09500122070312,0.0
2026-09-18 06:33:00+00:00,157.09800720214844,157.1510009765625,157.09500122070312,157.13800048828125,0.0
2026-09-18 06:34:00+00:00,157.1300048828125,157.1479949951172,157.08700561523438,157.11000061035156,0.0
2026-09-18 06:35:00+00:00,157.10699462890625,157.1320037841797,157.0399932861328,157.09800720214844,0.0
2026-09-18 06:36:00+00:00,157.10400390625,157.14599609375,157.09500122070312,157.13499450683594,0.0
2026-09-18 06:37:00+00:00,157.13499450683594,157.177001953125,157.11599731445312,157.16799926757812,0.0
2026-09-18 06:38:00+00:00,157.16799926757812,157.19000244140625,157.16099548339844,157.1750030517578,0.0
2026-09-18 06:39:00+00:00,157.16700744628906,157.1820068359375,157.11900329589844,157.1199951171875,0.0
2026-09-18 06:40:00+00:00,157.12100219726562,157.17599487304688,157.10800170898438,157.11399841308594,0.0
2026-09-18 06:41:00+00:00,157.12399291992188,157.27499389648438,157.1060028076172,157.25,0.0
2026-09-18 06:42:00+00:00,157.2480010986328,157.3159942626953,157.02699279785156,157.03700256347656,0.0
2026-09-18 06:43:00+00:00,157.0500030517578,157.07200622558594,156.69500732421875,156.70899963378906,0.0
2026-09-18 06:44:00+00:00,156.70399475097656,156.79100036621094,156.4929962158203,156.79100036621094,0.0
2026-09-18 06:45:00+00:00,156.78500366210938,156.88600158691406,156.69200134277344,156.7519989013672,0.0
2026-09-18 06:46:00+00:00,156.75599670410156,156.7949981689453,156.6909942626953,156.77499389648438,0.0
2026-09-18 06:47:00+00:00,156.7899932861328,156.79100036621094,156.63499450683594,156.6909942626953,0.0
2026-09-18 06:48:00+00:00,156.70700073242188,156.73800659179688,156.6230010986328,156.68800354003906,0.0
2026-09-18 06:49:00+00:00,156.67599487304688,156.75900268554688,156.67599487304688,156.73399353027344,0.0
2026-09-18 06:50:00+00:00,156.7209930419922,156.85899353027344,156.71499633789062,156.8509979248047,0.0
2026-09-18 06:51:00+00:00,156.8419952392578,156.91200256347656,156.822998046875,156.8990020751953,0.0
2026-09-18 06:52:00+00:00,156.9149932861328,156.9530029296875,156.85699462890625,156.85699462890625,0.0
2026-09-18 06:53:00+00:00,156.86700439453125,156.95899963378906,156.85299682617188,156.9499969482422,0.0
2026-09-18 06:54:00+00:00,156.94000244140625,157.11300659179688,156.93899536132812,157.00999450683594,0.0
2026-09-18 06:55:00+00:00,157.0070037841797,157.08999633789062,156.95199584960938,156.96200561523438,0.0
2026-09-18 06:56:00+00:00,156.97500610351562,156.98699951171875,156.781005859375,156.781005859375,0.0
2026-09-18 06:57:00+00:00,156.7949981689453,156.9320068359375,156.75,156.91299438476562,0.0
2026-09-18 06:58:00+00:00,156.90499877929688,156.9409942626953,156.86199951171875,156.87600708007812,0.0
2026-09-18 06:59:00+00:00,156.86399841308594,156.91600036621094,156.83900451660156,156.86300659179688,0.0
2026-09-18 07:00:00+00:00,156.86300659179688,156.9499969482422,156.86000061035156,156.94500732421875,0.0
2026-09-18 07:01:00+00:00,156.93899536132812,156.9759979248047,156.90899658203125,156.91900634765625,0.0
2026-09-18 07:02:00+00:00,156.9239959716797,156.97300720214844,156.89199829101562,156.8979949951172,0.0
2026-09-18 07:03:00+00:00,156.9040069580078,156.96499633789062,156.8699951171875,156.94400024414062,0.0
2026-09-18 07:04:00+00:00,156.94900512695312,156.9669952392578,156.85699462890625,156.8800048828125,0.0
2026-09-18 07:05:00+00:00,156.8699951171875,156.8800048828125,156.76400756835938,156.79800415039062,0.0
2026-09-18 07:06:00+00:00,156.8040008544922,156.88900756835938,156.7729949951172,156.82899475097656,0.0
2026-09-18 07:07:00+00:00,156.8300018310547,156.87600708007812,156.73399353027344,156.78199768066406,0.0
2026-09-18 07:08:00+00:00,156.78199768066406,156.8070068359375,156.7429962158203,156.79200744628906,0.0
2026-09-18 07:09:00+00:00,156.802001953125,156.875,156.75,156.79400634765625,0.0
2026-09-18 07:10:00+00:00,156.7989959716797,156.8679962158203,156.79100036621094,156.8300018310547,0.0
2026-09-18 07:11:00+00:00,156.8300018310547,156.96499633789062,156.82899475097656,156.94200134277344,0.0
2026-09-18 07:12:00+00:00,156.94900512695312,156.9810028076172,156.92999267578125,156.96299743652344,0.0
2026-09-18 07:13:00+00:00,156.97000122070312,156.9929962158203,156.92100524902344,156.93499755859375,0.0
2026-09-18 07:14:00+00:00,156.93600463867188,157.05099487304688,156.9340057373047,157.02999877929688,0.0
2026-09-18 07:15:00+00:00,157.03799438476562,157.09100341796875,157.01300048828125,157.0469970703125,0.0
2026-09-18 07:16:00+00:00,157.0469970703125,157.05799865722656,156.97900390625,156.97900390625,0.0
2026-09-18 07:17:00+00:00,156.98800659179688,157.02699279785156,156.91299438476562,157.01600646972656,0.0
2026-09-18 07:18:00+00:00,157.0260009765625,157.07899475097656,156.99600219726562,157.03599548339844,0.0
2026-09-18 07:19:00+00:00,157.03599548339844,157.07899475097656,157.01199340820312,157.06100463867188,0.0
2026-09-18 07:20:00+00:00,157.0590057373047,157.0989990234375,157.03799438476562,157.0970001220703,0.0
2026-09-18 07:21:00+00:00,157.08399963378906,157.13299560546875,157.04299926757812,157.13099670410156,0.0
2026-09-18 07:22:00+00:00,157.125,157.1580047607422,157.1060028076172,157.12399291992188,0.0
2026-09-18 07:23:00+00:00,157.125,157.2220001220703,157.11300659179688,157.21400451660156,0.0
2026-09-18 07:24:00+00:00,157.20899963378906,157.24000549316406,157.177001953125,157.17999267578125,0.0
2026-09-18 07:25:00+00:00,157.18899536132812,157.2239990234375,157.1649932861328,157.18800354003906,0.0
2026-09-18 07:26:00+00:00,157.1820068359375,157.24899291992188,157.1719970703125,157.2220001220703,0.0
2026-09-18 07:27:00+00:00,157.2259979248047,157.28700256347656,157.19900512695312,157.2740020751953,0.0
2026-09-18 07:28:00+00:00,157.2740020751953,157.33399963378906,157.2530059814453,157.3249969482422,0.0
2026-09-18 07:29:00+00:00,157.32899475097656,157.33099365234375,157.24600219726562,157.281005859375,0.0
2026-09-18 07:30:00+00:00,157.2779998779297,157.3280029296875,157.2519989013672,157.27699279785156,0.0
2026-09-18 07:31:00+00:00,157.26699829101562,157.30099487304688,157.23199462890625,157.26600646972656,0.0
2026-09-18 07:32:00+00:00,157.26499938964844,157.30099487304688,157.23199462890625,157.26100158691406,0.0
2026-09-18 07:33:00+00:00,157.2729949951172,157.30999755859375,157.26100158691406,157.29400634765625,0.0
2026-09-18 07:34:00+00:00,157.28799438476562,157.302001953125,157.23199462890625,157.2550048828125,0.0
2026-09-18 07:35:00+00:00,157.2550048828125,157.2760009765625,157.22799682617188,157.26400756835938,0.0
2026-09-18 07:36:00+00:00,157.27000427246094,157.3560028076172,157.23300170898438,157.3419952392578,0.0
2026-09-18 07:37:00+00:00,157.3419952392578,157.38400268554688,157.33299255371094,157.36300659179688,0.0
2026-09-18 07:38:00+00:00,157.3730010986328,157.42100524902344,157.36300659179688,157.39599609375,0.0
2026-09-18 07:39:00+00:00,157.40499877929688,157.47799682617188,157.39599609375,157.4770050048828,0.0
2026-09-18 07:40:00+00:00,157.46600341796875,157.4810028076172,157.43699645996094,157.45599365234375,0.0
2026-09-18 07:41:00+00:00,157.4499969482422,157.4739990234375,157.4409942626953,157.4510040283203,0.0
2026-09-18 07:42:00+00:00,157.4499969482422,157.46200561523438,157.42300415039062,157.4600067138672,0.0
2026-09-18 07:43:00+00:00,157.46299743652344,157.4949951171875,157.44400024414062,157.4810028076172,0.0
2026-09-18 07:44:00+00:00,157.4810028076172,157.5469970703125,157.47500610351562,157.49200439453125,0.0
2026-09-18 07:45:00+00:00,157.48199462890625,157.49899291992188,157.29299926757812,157.43099975585938,0.0
2026-09-18 07:46:00+00:00,157.43899536132812,157.52699279785156,157.41900634765625,157.48899841308594,0.0
2026-09-18 07:47:00+00:00,157.48199462890625,157.50599670410156,157.38800048828125,157.4510040283203,0.0
2026-09-18 07:48:00+00:00,157.44000244140625,157.4510040283203,157.31500244140625,157.35800170898438,0.0
2026-09-18 07:49:00+00:00,157.3509979248047,157.43899536132812,157.33399963378906,157.43600463867188,0.0
2026-09-18 07:50:00+00:00,157.42100524902344,157.4409942626953,157.3699951171875,157.38299560546875,0.0
2026-09-18 07:51:00+00:00,157.3730010986328,157.46200561523438,157.3730010986328,157.44400024414062,0.0
2026-09-18 07:52:00+00:00,157.447998046875,157.4530029296875,157.39100646972656,157.4040069580078,0.0
2026-09-18 07:53:00+00:00,157.4040069580078,157.4459991455078,157.40199279785156,157.4459991455078,0.0
2026-09-18 07:54:00+00:00,157.43299865722656,157.4600067138672,157.39199829101562,157.4409942626953,0.0
2026-09-18 07:55:00+00:00,157.4409942626953,157.44900512695312,157.38900756835938,157.42599487304688,0.0
2026-09-18 07:56:00+00:00,157.427001953125,157.4459991455078,157.3990020751953,157.4080047607422,0.0
2026-09-18 07:57:00+00:00,157.4080047607422,157.41900634765625,157.37899780273438,157.40199279785156,0.0
2026-09-18 07:58:00+00:00,157.41099548339844,157.4810028076172,157.39999389648438,157.47799682617188,0.0
2026-09-18 07:59:00+00:00,157.4759979248047,157.5050048828125,157.4669952392578,157.48800659179688,0.0
2026-09-18 08:00:00+00:00,157.4949951171875,157.60400390625,157.48500061035156,157.59300231933594,0.0
2026-09-18 08:01:00+00:00,157.59500122070312,157.5959930419922,157.5540008544922,157.5679931640625,0.0
2026-09-18 08:02:00+00:00,157.5679931640625,157.58399963378906,157.50799560546875,157.51600646972656,0.0
2026-09-18 08:03:00+00:00,157.51699829101562,157.56900024414062,157.5070037841797,157.5449981689453,0.0
2026-09-18 08:04:00+00:00,157.5449981689453,157.55299377441406,157.51300048828125,157.5290069580078,0.0
2026-09-18 08:05:00+00:00,157.5279998779297,157.55799865722656,157.5189971923828,157.52699279785156,0.0
2026-09-18 08:06:00+00:00,157.53900146484375,157.53900146484375,157.4929962158203,157.50100708007812,0.0
2026-09-18 08:07:00+00:00,157.4929962158203,157.56399536132812,157.49099731445312,157.5570068359375,0.0
2026-09-18 08:08:00+00:00,157.5489959716797,157.57699584960938,157.531005859375,157.5760040283203,0.0
2026-09-18 08:09:00+00:00,157.5709991455078,157.58200073242188,157.53700256347656,157.55099487304688,0.0
2026-09-18 08:10:00+00:00,157.54200744628906,157.58900451660156,157.53399658203125,157.5749969482422,0.0
2026-09-18 08:11:00+00:00,157.5760040283203,157.65499877929688,157.5760040283203,157.64500427246094,0.0
2026-09-18 08:12:00+00:00,157.6439971923828,157.66700744628906,157.61500549316406,157.63499450683594,0.0
2026-09-18 08:13:00+00:00,157.63999938964844,157.69400024414062,157.625,157.6439971923828,0.0
2026-09-18 08:14:00+00:00,157.6510009765625,157.66700744628906,157.61700439453125,157.6529998779297,0.0
2026-09-18 08:15:00+00:00,157.65499877929688,157.71800231933594,157.6510009765625,157.70199584960938,0.0
2026-09-18 08:16:00+00:00,157.70199584960938,157.77000427246094,157.70199584960938,157.7530059814453,0.0
2026-09-18 08:17:00+00:00,157.75799560546875,157.78199768066406,157.7469940185547,157.76400756835938,0.0
2026-09-18 08:18:00+00:00,157.76800537109375,157.7760009765625,157.7239990234375,157.73599243164062,0.0
2026-09-18 08:19:00+00:00,157.73599243164062,157.76300048828125,157.68800354003906,157.697998046875,0.0
2026-09-18 08:20:00+00:00,157.69700622558594,157.73800659179688,157.67599487304688,157.68800354003906,0.0
2026-09-18 08:21:00+00:00,157.67999267578125,157.7209930419922,157.656005859375,157.70799255371094,0.0
2026-09-18 08:22:00+00:00,157.70799255371094,157.7740020751953,157.6959991455078,157.7729949951172,0.0
2026-09-18 08:23:00+00:00,157.7740020751953,157.78399658203125,157.7530059814453,157.7689971923828,0.0
2026-09-18 08:24:00+00:00,157.77499389648438,157.81199645996094,157.76600646972656,157.78599548339844,0.0
2026-09-18 08:25:00+00:00,157.80299377441406,157.8159942626953,157.7689971923828,157.81500244140625,0.0
2026-09-18 08:26:00+00:00,157.80999755859375,157.84100341796875,157.80999755859375,157.8249969482422,0.0
2026-09-18 08:27:00+00:00,157.82400512695312,157.8249969482422,157.78399658203125,157.7989959716797,0.0
2026-09-18 08:28:00+00:00,157.8000030517578,157.83999633789062,157.79400634765625,157.82400512695312,0.0
2026-09-18 08:29:00+00:00,157.8209991455078,157.83200073242188,157.77999877929688,157.79400634765625,0.0
2026-09-18 08:30:00+00:00,157.80499267578125,157.80599975585938,157.77200317382812,157.77200317382812,0.0
2026-09-18 08:31:00+00:00,157.77699279785156,157.8209991455078,157.77200317382812,157.77200317382812,0.0
2026-09-18 08:32:00+00:00,157.7760009765625,157.79200744628906,157.75,157.76400756835938,0.0
2026-09-18 08:33:00+00:00,157.75999450683594,157.7830047607422,157.7469940185547,157.75900268554688,0.0
2026-09-18 08:34:00+00:00,157.75900268554688,157.79400634765625,157.7570037841797,157.78599548339844,0.0
2026-09-18 08:35:00+00:00,157.7779998779297,157.80499267578125,157.76100158691406,157.77999877929688,0.0
2026-09-18 08:36:00+00:00,157.77499389648438,157.77499389648438,157.7259979248047,157.74899291992188,0.0
2026-09-18 08:37:00+00:00,157.7530059814453,157.7570037841797,157.7239990234375,157.73800659179688,0.0
2026-09-18 08:38:00+00:00,157.73800659179688,157.7760009765625,157.72000122070312,157.76199340820312,0.0
2026-09-18 08:39:00+00:00,157.75399780273438,157.7740020751953,157.73199462890625,157.7449951171875,0.0
2026-09-18 08:40:00+00:00,157.75,157.80499267578125,157.74400329589844,157.76699829101562,0.0
2026-09-18 08:41:00+00:00,157.76499938964844,157.84100341796875,157.76499938964844,157.82200622558594,0.0
2026-09-18 08:42:00+00:00,157.81100463867188,157.85299682617188,157.8040008544922,157.82000732421875,0.0
2026-09-18 08:43:00+00:00,157.8280029296875,157.8769989013672,157.80599975585938,157.86199951171875,0.0
2026-09-18 08:44:00+00:00,157.86599731445312,157.8820037841797,157.82400512695312,157.8350067138672,0.0
2026-09-18 08:45:00+00:00,157.83999633789062,157.8489990234375,157.8040008544922,157.82200622558594,0.0
2026-09-18 08:46:00+00:00,157.82200622558594,157.8489990234375,157.8070068359375,157.8419952392578,0.0
2026-09-18 08:47:00+00:00,157.84300231933594,157.85400390625,157.82400512695312,157.84300231933594,0.0
2026-09-18 08:48:00+00:00,157.83700561523438,157.8780059814453,157.83700561523438,157.86900329589844,0.0
2026-09-18 08:49:00+00:00,157.86500549316406,157.8800048828125,157.85499572753906,157.86000061035156,0.0
2026-09-18 08:50:00+00:00,157.86099243164062,157.86500549316406,157.82699584960938,157.8470001220703,0.0
2026-09-18 08:51:00+00:00,157.8470001220703,157.91000366210938,157.84500122070312,157.8820037841797,0.0
2026-09-18 08:52:00+00:00,157.8820037841797,157.9029998779297,157.8179931640625,157.82899475097656,0.0
2026-09-18 08:53:00+00:00,157.822998046875,157.82699584960938,157.77200317382812,157.7989959716797,0.0
2026-09-18 08:54:00+00:00,157.80299377441406,157.80599975585938,157.77200317382812,157.78500366210938,0.0
2026-09-18 08:55:00+00:00,157.78500366210938,157.80999755859375,157.77499389648438,157.79600524902344,0.0
2026-09-18 08:56:00+00:00,157.7969970703125,157.8000030517578,157.77200317382812,157.79800415039062,0.0
2026-09-18 08:57:00+00:00,157.7989959716797,157.84100341796875,157.78700256347656,157.82200622558594,0.0
2026-09-18 08:58:00+00:00,157.82200622558594,157.8520050048828,157.80299377441406,157.81500244140625,0.0
2026-09-18 08:59:00+00:00,157.8070068359375,157.81900024414062,157.7790069580078,157.79100036621094,0.0
2026-09-18 09:00:00+00:00,157.79200744628906,157.8159942626953,157.7830047607422,157.8040008544922,0.0
2026-09-18 09:01:00+00:00,157.8040008544922,157.83999633789062,157.8040008544922,157.83799743652344,0.0
2026-09-18 09:02:00+00:00,157.83900451660156,157.86099243164062,157.8209991455078,157.82699584960938,0.0
2026-09-18 09:03:00+00:00,157.82699584960938,157.84100341796875,157.75,157.76699829101562,0.0
2026-09-18 09:04:00+00:00,157.781005859375,157.781005859375,157.7259979248047,157.7570037841797,0.0
2026-09-18 09:05:00+00:00,157.7570037841797,157.76600646972656,157.73300170898438,157.7429962158203,0.0
2026-09-18 09:06:00+00:00,157.74400329589844,157.781005859375,157.74000549316406,157.76199340820312,0.0
2026-09-18 09:07:00+00:00,157.76600646972656,157.78700256347656,157.74600219726562,157.7729949951172,0.0
2026-09-18 09:08:00+00:00,157.7760009765625,157.79200744628906,157.75799560546875,157.75999450683594,0.0
2026-09-18 09:09:00+00:00,157.75999450683594,157.7830047607422,157.74600219726562,157.74600219726562,0.0
2026-09-18 09:10:00+00:00,157.7519989013672,157.77099609375,157.6999969482422,157.71200561523438,0.0
2026-09-18 09:11:00+00:00,157.71200561523438,157.73599243164062,157.69700622558594,157.697998046875,0.0
2026-09-18 09:12:00+00:00,157.70599365234375,157.71099853515625,157.67999267578125,157.69700622558594,0.0
2026-09-18 09:13:00+00:00,157.69700622558594,157.7519989013672,157.69000244140625,157.74200439453125,0.0
2026-09-18 09:14:00+00:00,157.7480010986328,157.75399780273438,157.7010040283203,157.70700073242188,0.0
2026-09-18 09:15:00+00:00,157.70899963378906,157.73199462890625,157.69900512695312,157.71400451660156,0.0
2026-09-18 09:16:00+00:00,157.71099853515625,157.7220001220703,157.6580047607422,157.66400146484375,0.0
2026-09-18 09:17:00+00:00,157.66400146484375,157.69400024414062,157.63600158691406,157.66200256347656,0.0
2026-09-18 09:18:00+00:00,157.66700744628906,157.6790008544922,157.62600708007812,157.6320037841797,0.0
2026-09-18 09:19:00+00:00,157.63299560546875,157.6540069580078,157.62100219726562,157.62399291992188,0.0
2026-09-18 09:20:00+00:00,157.6269989013672,157.68299865722656,157.61700439453125,157.6719970703125,0.0
2026-09-18 09:21:00+00:00,157.67100524902344,157.69500732421875,157.6699981689453,157.68099975585938,0.0
2026-09-18 09:22:00+00:00,157.67999267578125,157.71299743652344,157.66700744628906,157.70799255371094,0.0
2026-09-18 09:23:00+00:00,157.7050018310547,157.74400329589844,157.70399475097656,157.73399353027344,0.0
2026-09-18 09:24:00+00:00,157.73500061035156,157.75100708007812,157.72000122070312,157.72500610351562,0.0
2026-09-18 09:25:00+00:00,157.73399353027344,157.75900268554688,157.7220001220703,157.7530059814453,0.0
2026-09-18 09:26:00+00:00,157.7469940185547,157.80999755859375,157.74000549316406,157.80499267578125,0.0
2026-09-18 09:27:00+00:00,157.7989959716797,157.85299682617188,157.78700256347656,157.84500122070312,0.0
2026-09-18 09:28:00+00:00,157.84500122070312,157.88099670410156,157.84500122070312,157.8560028076172,0.0
2026-09-18 09:29:00+00:00,157.8560028076172,157.90899658203125,157.84500122070312,157.8979949951172,0.0
2026-09-18 09:30:00+00:00,157.89199829101562,157.93499755859375,157.89199829101562,157.9239959716797,0.0
2026-09-18 09:31:00+00:00,157.9250030517578,157.93499755859375,157.8990020751953,157.91200256347656,0.0
2026-09-18 09:32:00+00:00,157.906005859375,157.91400146484375,157.82899475097656,157.82899475097656,0.0
2026-09-18 09:33:00+00:00,157.82899475097656,157.90899658203125,157.82899475097656,157.89999389648438,0.0
2026-09-18 09:34:00+00:00,157.89999389648438,157.9040069580078,157.86500549316406,157.88999938964844,0.0
2026-09-18 09:35:00+00:00,157.8800048828125,157.89199829101562,157.8470001220703,157.86000061035156,0.0
2026-09-18 09:36:00+00:00,157.85299682617188,157.91799926757812,157.83700561523438,157.906005859375,0.0
2026-09-18 09:37:00+00:00,157.906005859375,157.9499969482422,157.9040069580078,157.9340057373047,0.0
2026-09-18 09:38:00+00:00,157.9340057373047,157.94400024414062,157.90899658203125,157.92599487304688,0.0
2026-09-18 09:39:00+00:00,157.92999267578125,157.94200134277344,157.90899658203125,157.92999267578125,0.0
2026-09-18 09:40:00+00:00,157.93699645996094,157.9739990234375,157.93099975585938,157.9669952392578,0.0
2026-09-18 09:41:00+00:00,157.95799255371094,157.98199462890625,157.95799255371094,157.9739990234375,0.0
2026-09-18 09:42:00+00:00,157.96200561523438,157.97900390625,157.95599365234375,157.9600067138672,0.0
2026-09-18 09:43:00+00:00,157.96099853515625,157.98300170898438,157.9499969482422,157.95399475097656,0.0
2026-09-18 09:44:00+00:00,157.95399475097656,158.0070037841797,157.95399475097656,157.9929962158203,0.0
2026-09-18 09:45:00+00:00,157.9929962158203,158.0540008544922,157.92300415039062,157.9499969482422,0.0
2026-09-18 09:46:00+00:00,157.9550018310547,157.98599243164062,157.9149932861328,157.9290008544922,0.0
2026-09-18 09:47:00+00:00,157.92599487304688,157.9980010986328,157.92300415039062,157.9949951171875,0.0
2026-09-18 09:48:00+00:00,157.98899841308594,158.02499389648438,157.968994140625,157.9929962158203,0.0
2026-09-18 09:49:00+00:00,157.9929962158203,158.0189971923828,157.9669952392578,157.9980010986328,0.0
2026-09-18 09:50:00+00:00,158.00399780273438,158.0240020751953,157.96600341796875,157.97000122070312,0.0
2026-09-18 09:51:00+00:00,157.97500610351562,157.99400329589844,157.9530029296875,157.9600067138672,0.0
2026-09-18 09:52:00+00:00,157.96299743652344,157.97500610351562,157.927001953125,157.9320068359375,0.0
2026-09-18 09:53:00+00:00,157.9320068359375,157.98399353027344,157.90699768066406,157.91200256347656,0.0
2026-09-18 09:54:00+00:00,157.91600036621094,157.9320068359375,157.88699340820312,157.9199981689453,0.0
2026-09-18 09:55:00+00:00,157.9239959716797,157.95599365234375,157.91700744628906,157.92999267578125,0.0
2026-09-18 09:56:00+00:00,157.93899536132812,157.98899841308594,157.92799377441406,157.9669952392578,0.0
2026-09-18 09:57:00+00:00,157.9669952392578,157.9980010986328,157.9669952392578,157.9709930419922,0.0
2026-09-18 09:58:00+00:00,157.97500610351562,157.9810028076172,157.94500732421875,157.9550018310547,0.0
2026-09-18 09:59:00+00:00,157.95700073242188,157.96099853515625,157.9429931640625,157.9459991455078,0.0
2026-09-18 10:00:00+00:00,157.9459991455078,157.9550018310547,157.906005859375,157.9459991455078,0.0
2026-09-18 10:01:00+00:00,157.93899536132812,157.9600067138672,157.91799926757812,157.93600463867188,0.0
2026-09-18 10:02:00+00:00,157.93899536132812,157.9600067138672,157.8939971923828,157.8939971923828,0.0
2026-09-18 10:03:00+00:00,157.89599609375,157.9340057373047,157.87399291992188,157.9239959716797,0.0
2026-09-18 10:04:00+00:00,157.9239959716797,157.9340057373047,157.90899658203125,157.91799926757812,0.0
2026-09-18 10:05:00+00:00,157.91799926757812,157.92999267578125,157.88800048828125,157.89500427246094,0.0
2026-09-18 10:06:00+00:00,157.89500427246094,157.91200256347656,157.8800048828125,157.88800048828125,0.0
2026-09-18 10:07:00+00:00,157.8820037841797,157.88900756835938,157.81500244140625,157.83200073242188,0.0
2026-09-18 10:08:00+00:00,157.8350067138672,157.8560028076172,157.83099365234375,157.84800720214844,0.0
2026-09-18 10:09:00+00:00,157.84800720214844,157.89199829101562,157.83999633789062,157.88600158691406,0.0
2026-09-18 10:10:00+00:00,157.8780059814453,157.90199279785156,157.86900329589844,157.8719940185547,0.0
2026-09-18 10:11:00+00:00,157.8719940185547,157.87899780273438,157.8470001220703,157.85899353027344,0.0
2026-09-18 10:12:00+00:00,157.85299682617188,157.8730010986328,157.8419952392578,157.86099243164062,0.0
2026-09-18 10:13:00+00:00,157.86099243164062,157.87399291992188,157.822998046875,157.83599853515625,0.0
2026-09-18 10:14:00+00:00,157.84500122070312,157.88499450683594,157.83599853515625,157.8730010986328,0.0
2026-09-18 10:15:00+00:00,157.8730010986328,157.906005859375,157.8699951171875,157.88299560546875,0.0
2026-09-18 10:16:00+00:00,157.88900756835938,157.89199829101562,157.8489990234375,157.8769989013672,0.0
2026-09-18 10:17:00+00:00,157.86900329589844,157.9010009765625,157.86599731445312,157.87399291992188,0.0
2026-09-18 10:18:00+00:00,157.88299560546875,157.9199981689453,157.8560028076172,157.91000366210938,0.0
2026-09-18 10:19:00+00:00,157.91600036621094,157.95599365234375,157.90899658203125,157.93899536132812,0.0
2026-09-18 10:20:00+00:00,157.93800354003906,157.95199584960938,157.9239959716797,157.94700622558594,0.0
2026-09-18 10:21:00+00:00,157.94000244140625,157.9669952392578,157.92999267578125,157.94700622558594,0.0
2026-09-18 10:22:00+00:00,157.9499969482422,157.96299743652344,157.92799377441406,157.9290008544922,0.0
2026-09-18 10:23:00+00:00,157.9290008544922,157.9600067138672,157.91900634765625,157.947998046875,0.0
2026-09-18 10:24:00+00:00,157.95799255371094,157.98399353027344,157.94400024414062,157.9770050048828,0.0
2026-09-18 10:25:00+00:00,157.9669952392578,157.9980010986328,157.96099853515625,157.98399353027344,0.0
2026-09-18 10:26:00+00:00,157.99099731445312,157.9980010986328,157.95700073242188,157.9669952392578,0.0
2026-09-18 10:27:00+00:00,157.96600341796875,157.9759979248047,157.9199981689453,157.93600463867188,0.0
2026-09-18 10:28:00+00:00,157.92599487304688,157.93699645996094,157.90699768066406,157.91200256347656,0.0
2026-09-18 10:29:00+00:00,157.90899658203125,157.9250030517578,157.9040069580078,157.91600036621094,0.0
2026-09-18 10:30:00+00:00,157.9080047607422,157.94200134277344,157.89100646972656,157.91099548339844,0.0
2026-09-18 10:31:00+00:00,157.91099548339844,157.94000244140625,157.89599609375,157.91200256347656,0.0
2026-09-18 10:32:00+00:00,157.91200256347656,157.9340057373047,157.89300537109375,157.9149932861328,0.0
2026-09-18 10:33:00+00:00,157.91099548339844,157.91600036621094,157.8679962158203,157.88400268554688,0.0
2026-09-18 10:34:00+00:00,157.88299560546875,157.89300537109375,157.87399291992188,157.88499450683594,0.0
2026-09-18 10:35:00+00:00,157.89100646972656,157.91299438476562,157.8820037841797,157.89300537109375,0.0
2026-09-18 10:36:00+00:00,157.88800048828125,157.8990020751953,157.8820037841797,157.88400268554688,0.0
2026-09-18 10:37:00+00:00,157.88499450683594,157.9029998779297,157.86099243164062,157.86199951171875,0.0
2026-09-18 10:38:00+00:00,157.86199951171875,157.92599487304688,157.86199951171875,157.91900634765625,0.0
2026-09-18 10:39:00+00:00,157.91900634765625,157.9600067138672,157.91900634765625,157.94500732421875,0.0
2026-09-18 10:40:00+00:00,157.9459991455078,157.98199462890625,157.94500732421875,157.98199462890625,0.0
2026-09-18 10:41:00+00:00,157.9739990234375,158.0019989013672,157.95700073242188,157.98800659179688,0.0
2026-09-18 10:42:00+00:00,157.98399353027344,158.01199340820312,157.9810028076172,157.9810028076172,0.0
2026-09-18 10:43:00+00:00,157.9810028076172,157.99000549316406,157.9459991455078,157.96499633789062,0.0
2026-09-18 10:44:00+00:00,157.96099853515625,157.9810028076172,157.9550018310547,157.9720001220703,0.0
2026-09-18 10:45:00+00:00,157.9739990234375,157.99099731445312,157.94200134277344,157.94400024414062,0.0
2026-09-18 10:46:00+00:00,157.947998046875,157.96499633789062,157.93099975585938,157.93099975585938,0.0
2026-09-18 10:47:00+00:00,157.93099975585938,157.947998046875,157.91799926757812,157.94200134277344,0.0
2026-09-18 10:48:00+00:00,157.93499755859375,157.947998046875,157.91700744628906,157.927001953125,0.0
2026-09-18 10:49:00+00:00,157.91700744628906,157.92799377441406,157.90699768066406,157.90699768066406,0.0
2026-09-18 10:50:00+00:00,157.91099548339844,157.93800354003906,157.906005859375,157.93499755859375,0.0
2026-09-18 10:51:00+00:00,157.93099975585938,157.94000244140625,157.86700439453125,157.86700439453125,0.0
2026-09-18 10:52:00+00:00,157.86700439453125,157.88999938964844,157.85800170898438,157.85800170898438,0.0
2026-09-18 10:53:00+00:00,157.85800170898438,157.87100219726562,157.8459930419922,157.86300659179688,0.0
2026-09-18 10:54:00+00:00,157.86300659179688,157.875,157.8520050048828,157.85800170898438,0.0
2026-09-18 10:55:00+00:00,157.8560028076172,157.86599731445312,157.82200622558594,157.82899475097656,0.0
2026-09-18 10:56:00+00:00,157.82200622558594,157.83799743652344,157.8159942626953,157.82200622558594,0.0
2026-09-18 10:57:00+00:00,157.81199645996094,157.82699584960938,157.7570037841797,157.7740020751953,0.0
2026-09-18 10:58:00+00:00,157.77200317382812,157.80299377441406,157.75799560546875,157.7779998779297,0.0
2026-09-18 10:59:00+00:00,157.7779998779297,157.7899932861328,157.7469940185547,157.75399780273438,0.0
2026-09-18 11:00:00+00:00,157.75100708007812,157.79400634765625,157.73699951171875,157.78799438476562,0.0
2026-09-18 11:01:00+00:00,157.78399658203125,157.7989959716797,157.76499938964844,157.7989959716797,0.0
2026-09-18 11:02:00+00:00,157.7989959716797,157.80799865722656,157.7469940185547,157.76100158691406,0.0
2026-09-18 11:03:00+00:00,157.76100158691406,157.80599975585938,157.75100708007812,157.78599548339844,0.0
2026-09-18 11:04:00+00:00,157.78599548339844,157.7969970703125,157.7729949951172,157.77999877929688,0.0
2026-09-18 11:05:00+00:00,157.77999877929688,157.88600158691406,157.76400756835938,157.8699951171875,0.0
2026-09-18 11:06:00+00:00,157.86199951171875,157.8979949951172,157.83399963378906,157.83599853515625,0.0
2026-09-18 11:07:00+00:00,157.83599853515625,157.8520050048828,157.8209991455078,157.85000610351562,0.0
2026-09-18 11:08:00+00:00,157.83999633789062,157.85899353027344,157.82400512695312,157.83099365234375,0.0
2026-09-18 11:09:00+00:00,157.83799743652344,157.843994140625,157.78399658203125,157.81100463867188,0.0
2026-09-18 11:10:00+00:00,157.8070068359375,157.8090057373047,157.75799560546875,157.76800537109375,0.0
2026-09-18 11:11:00+00:00,157.76100158691406,157.77200317382812,157.73899841308594,157.77200317382812,0.0
2026-09-18 11:12:00+00:00,157.76699829101562,157.77099609375,157.73899841308594,157.75399780273438,0.0
2026-09-18 11:13:00+00:00,157.75100708007812,157.76400756835938,157.74000549316406,157.7469940185547,0.0
2026-09-18 11:14:00+00:00,157.7530059814453,157.76600646972656,157.72799682617188,157.72799682617188,0.0
2026-09-18 11:15:00+00:00,157.72799682617188,157.76600646972656,157.71099853515625,157.7570037841797,0.0
2026-09-18 11:16:00+00:00,157.76400756835938,157.7779998779297,157.7519989013672,157.76600646972656,0.0
2026-09-18 11:17:00+00:00,157.76199340820312,157.77999877929688,157.72000122070312,157.73199462890625,0.0
2026-09-18 11:18:00+00:00,157.72300720214844,157.79100036621094,157.72300720214844,157.7790069580078,0.0
2026-09-18 11:19:00+00:00,157.7740020751953,157.8040008544922,157.76600646972656,157.80099487304688,0.0
2026-09-18 11:20:00+00:00,157.79600524902344,157.80799865722656,157.7830047607422,157.802001953125,0.0
2026-09-18 11:21:00+00:00,157.79600524902344,157.81500244140625,157.79299926757812,157.79600524902344,0.0
2026-09-18 11:22:00+00:00,157.80099487304688,157.81399536132812,157.76300048828125,157.7689971923828,0.0
2026-09-18 11:23:00+00:00,157.7689971923828,157.78599548339844,157.76600646972656,157.76699829101562,0.0
2026-09-18 11:24:00+00:00,157.76699829101562,157.78599548339844,157.7480010986328,157.7740020751953,0.0
2026-09-18 11:25:00+00:00,157.7740020751953,157.78900146484375,157.76600646972656,157.77499389648438,0.0
2026-09-18 11:26:00+00:00,157.76600646972656,157.80799865722656,157.75999450683594,157.80299377441406,0.0
2026-09-18 11:27:00+00:00,157.802001953125,157.81399536132812,157.77200317382812,157.80099487304688,0.0
2026-09-18 11:28:00+00:00,157.7969970703125,157.80599975585938,157.77000427246094,157.7740020751953,0.0
2026-09-18 11:29:00+00:00,157.7740020751953,157.80299377441406,157.7570037841797,157.7570037841797,0.0
2026-09-18 11:30:00+00:00,157.76699829101562,157.77999877929688,157.74400329589844,157.74899291992188,0.0
2026-09-18 11:31:00+00:00,157.74000549316406,157.7550048828125,157.7220001220703,157.72900390625,0.0
2026-09-18 11:32:00+00:00,157.7220001220703,157.73899841308594,157.697998046875,157.72500610351562,0.0
2026-09-18 11:33:00+00:00,157.72500610351562,157.73500061035156,157.6719970703125,157.68299865722656,0.0
2026-09-18 11:34:00+00:00,157.68299865722656,157.72799682617188,157.68299865722656,157.71200561523438,0.0
2026-09-18 11:35:00+00:00,157.71200561523438,157.74099731445312,157.7100067138672,157.7220001220703,0.0
2026-09-18 11:36:00+00:00,157.72999572753906,157.7519989013672,157.71499633789062,157.7469940185547,0.0
2026-09-18 11:37:00+00:00,157.7429962158203,157.80099487304688,157.73599243164062,157.78500366210938,0.0
2026-09-18 11:38:00+00:00,157.79200744628906,157.7969970703125,157.75799560546875,157.76199340820312,0.0
2026-09-18 11:39:00+00:00,157.75799560546875,157.79200744628906,157.75799560546875,157.78599548339844,0.0
2026-09-18 11:40:00+00:00,157.7830047607422,157.79200744628906,157.7469940185547,157.76400756835938,0.0
2026-09-18 11:41:00+00:00,157.76400756835938,157.79600524902344,157.75999450683594,157.781005859375,0.0
2026-09-18 11:42:00+00:00,157.781005859375,157.82200622558594,157.77200317382812,157.82000732421875,0.0
2026-09-18 11:43:00+00:00,157.82000732421875,157.843994140625,157.81500244140625,157.83299255371094,0.0
2026-09-18 11:44:00+00:00,157.83299255371094,157.86599731445312,157.82899475097656,157.85400390625,0.0
2026-09-18 11:45:00+00:00,157.86199951171875,157.8719940185547,157.8350067138672,157.86599731445312,0.0
2026-09-18 11:46:00+00:00,157.86700439453125,157.8730010986328,157.8070068359375,157.8260040283203,0.0
2026-09-18 11:47:00+00:00,157.82699584960938,157.85899353027344,157.79400634765625,157.8350067138672,0.0
2026-09-18 11:48:00+00:00,157.84100341796875,157.86099243164062,157.82200622558594,157.85299682617188,0.0
2026-09-18 11:49:00+00:00,157.85000610351562,157.86000061035156,157.8300018310547,157.8350067138672,0.0
2026-09-18 11:50:00+00:00,157.8350067138672,157.8780059814453,157.8350067138672,157.87600708007812,0.0
2026-09-18 11:51:00+00:00,157.8699951171875,157.8820037841797,157.8350067138672,157.84500122070312,0.0
2026-09-18 11:52:00+00:00,157.8520050048828,157.8820037841797,157.84300231933594,157.85899353027344,0.0
2026-09-18 11:53:00+00:00,157.86000061035156,157.875,157.84500122070312,157.8699951171875,0.0
2026-09-18 11:54:00+00:00,157.87100219726562,157.88999938964844,157.86199951171875,157.8820037841797,0.0
2026-09-18 11:55:00+00:00,157.8820037841797,157.89100646972656,157.86500549316406,157.8800048828125,0.0
2026-09-18 11:56:00+00:00,157.8800048828125,157.89199829101562,157.83999633789062,157.84800720214844,0.0
2026-09-18 11:57:00+00:00,157.84500122070312,157.85800170898438,157.8249969482422,157.8350067138672,0.0
2026-09-18 11:58:00+00:00,157.84300231933594,157.8560028076172,157.82000732421875,157.82200622558594,0.0
2026-09-18 11:59:00+00:00,157.8249969482422,157.8419952392578,157.82000732421875,157.8260040283203,0.0
2026-09-18 12:00:00+00:00,157.83599853515625,157.84500122070312,157.80999755859375,157.83099365234375,0.0
2026-09-18 12:01:00+00:00,157.82400512695312,157.8350067138672,157.7949981689453,157.802001953125,0.0
2026-09-18 12:02:00+00:00,157.7969970703125,157.81700134277344,157.79299926757812,157.80799865722656,0.0
2026-09-18 12:03:00+00:00,157.81300354003906,157.8459930419922,157.80299377441406,157.8280029296875,0.0
2026-09-18 12:04:00+00:00,157.82200622558594,157.83200073242188,157.74400329589844,157.75999450683594,0.0
2026-09-18 12:05:00+00:00,157.7689971923828,157.81700134277344,157.75,157.81399536132812,0.0
2026-09-18 12:06:00+00:00,157.80599975585938,157.82699584960938,157.7949981689453,157.8209991455078,0.0
2026-09-18 12:07:00+00:00,157.8179931640625,157.85800170898438,157.81700134277344,157.84800720214844,0.0
2026-09-18 12:08:00+00:00,157.85299682617188,157.88400268554688,157.8419952392578,157.8769989013672,0.0
2026-09-18 12:09:00+00:00,157.86900329589844,157.8780059814453,157.85299682617188,157.86199951171875,0.0
2026-09-18 12:10:00+00:00,157.86199951171875,157.88600158691406,157.8560028076172,157.86599731445312,0.0
2026-09-18 12:11:00+00:00,157.86199951171875,157.9080047607422,157.85800170898438,157.906005859375,0.0
2026-09-18 12:12:00+00:00,157.90699768066406,157.91299438476562,157.88600158691406,157.88800048828125,0.0
2026-09-18 12:13:00+00:00,157.89199829101562,157.8939971923828,157.86700439453125,157.8730010986328,0.0
2026-09-18 12:14:00+00:00,157.8730010986328,157.90499877929688,157.8719940185547,157.89599609375,0.0
2026-09-18 12:15:00+00:00,157.88900756835938,157.90899658203125,157.88600158691406,157.89700317382812,0.0
2026-09-18 12:16:00+00:00,157.89700317382812,157.91000366210938,157.875,157.88999938964844,0.0
2026-09-18 12:17:00+00:00,157.8990020751953,157.906005859375,157.8730010986328,157.87399291992188,0.0
2026-09-18 12:18:00+00:00,157.8769989013672,157.88900756835938,157.83099365234375,157.85400390625,0.0
2026-09-18 12:19:00+00:00,157.8560028076172,157.875,157.85499572753906,157.85800170898438,0.0
2026-09-18 12:20:00+00:00,157.86199951171875,157.88900756835938,157.85899353027344,157.8699951171875,0.0
2026-09-18 12:21:00+00:00,157.8699951171875,157.88400268554688,157.8470001220703,157.86099243164062,0.0
2026-09-18 12:22:00+00:00,157.85699462890625,157.8780059814453,157.84500122070312,157.85899353027344,0.0
2026-09-18 12:23:00+00:00,157.85499572753906,157.90699768066406,157.8509979248047,157.89999389648438,0.0
2026-09-18 12:24:00+00:00,157.89999389648438,157.9409942626953,157.89999389648438,157.93499755859375,0.0
2026-09-18 12:25:00+00:00,157.92799377441406,157.93499755859375,157.91600036621094,157.92799377441406,0.0
2026-09-18 12:26:00+00:00,157.9250030517578,157.94400024414062,157.91400146484375,157.9320068359375,0.0
2026-09-18 12:27:00+00:00,157.93299865722656,157.93899536132812,157.89500427246094,157.89500427246094,0.0
2026-09-18 12:28:00+00:00,157.89500427246094,157.91700744628906,157.89500427246094,157.9040069580078,0.0
2026-09-18 12:29:00+00:00,157.89599609375,157.91299438476562,157.89300537109375,157.90499877929688,0.0
2026-09-18 12:30:00+00:00,157.906005859375,157.94900512695312,157.89500427246094,157.947998046875,0.0
2026-09-18 12:31:00+00:00,157.9510040283203,157.9530029296875,157.91900634765625,157.93499755859375,0.0
2026-09-18 12:32:00+00:00,157.93600463867188,157.96299743652344,157.927001953125,157.9550018310547,0.0
2026-09-18 12:33:00+00:00,157.9459991455078,157.95599365234375,157.8979949951172,157.9010009765625,0.0
2026-09-18 12:34:00+00:00,157.91000366210938,157.91799926757812,157.82200622558594,157.83200073242188,0.0
2026-09-18 12:35:00+00:00,157.8260040283203,157.85000610351562,157.82200622558594,157.82200622558594,0.0
2026-09-18 12:36:00+00:00,157.8260040283203,157.83200073242188,157.78700256347656,157.8090057373047,0.0
2026-09-18 12:37:00+00:00,157.80599975585938,157.8459930419922,157.7989959716797,157.8350067138672,0.0
2026-09-18 12:38:00+00:00,157.8350067138672,157.843994140625,157.8070068359375,157.83399963378906,0.0
2026-09-18 12:39:00+00:00,157.84100341796875,157.87100219726562,157.83399963378906,157.86500549316406,0.0
2026-09-18 12:40:00+00:00,157.86000061035156,157.86900329589844,157.8350067138672,157.8470001220703,0.0
2026-09-18 12:41:00+00:00,157.8470001220703,157.88699340820312,157.8470001220703,157.8780059814453,0.0
2026-09-18 12:42:00+00:00,157.8780059814453,157.88800048828125,157.85299682617188,157.86099243164062,0.0
2026-09-18 12:43:00+00:00,157.86500549316406,157.8719940185547,157.8489990234375,157.86199951171875,0.0
2026-09-18 12:44:00+00:00,157.85800170898438,157.88499450683594,157.85400390625,157.86500549316406,0.0
2026-09-18 12:45:00+00:00,157.86900329589844,157.87899780273438,157.85000610351562,157.85000610351562,0.0
2026-09-18 12:46:00+00:00,157.85800170898438,157.86300659179688,157.83200073242188,157.8470001220703,0.0
2026-09-18 12:47:00+00:00,157.8470001220703,157.87899780273438,157.83200073242188,157.85699462890625,0.0
2026-09-18 12:48:00+00:00,157.86300659179688,157.86900329589844,157.83599853515625,157.843994140625,0.0
2026-09-18 12:49:00+00:00,157.83799743652344,157.8459930419922,157.8000030517578,157.8040008544922,0.0
2026-09-18 12:50:00+00:00,157.7989959716797,157.81399536132812,157.78500366210938,157.802001953125,0.0
2026-09-18 12:51:00+00:00,157.8000030517578,157.80999755859375,157.7740020751953,157.78500366210938,0.0
2026-09-18 12:52:00+00:00,157.78500366210938,157.82000732421875,157.78500366210938,157.8000030517578,0.0
2026-09-18 12:53:00+00:00,157.79200744628906,157.8070068359375,157.78399658203125,157.79200744628906,0.0
2026-09-18 12:54:00+00:00,157.78599548339844,157.7949981689453,157.7480010986328,157.75999450683594,0.0
2026-09-18 12:55:00+00:00,157.75799560546875,157.76699829101562,157.72799682617188,157.7469940185547,0.0
2026-09-18 12:56:00+00:00,157.7530059814453,157.75399780273438,157.7209930419922,157.7259979248047,0.0
2026-09-18 12:57:00+00:00,157.7239990234375,157.74400329589844,157.697998046875,157.7030029296875,0.0
2026-09-18 12:58:00+00:00,157.697998046875,157.73399353027344,157.69500732421875,157.72300720214844,0.0
2026-09-18 12:59:00+00:00,157.72300720214844,157.74000549316406,157.69400024414062,157.6999969482422,0.0
2026-09-18 13:00:00+00:00,157.6999969482422,157.71600341796875,157.65199279785156,157.677001953125,0.0
2026-09-18 13:01:00+00:00,157.67599487304688,157.71099853515625,157.66400146484375,157.70199584960938,0.0
2026-09-18 13:02:00+00:00,157.69900512695312,157.73199462890625,157.69000244140625,157.69000244140625,0.0
2026-09-18 13:03:00+00:00,157.69000244140625,157.70399475097656,157.6739959716797,157.68699645996094,0.0
2026-09-18 13:04:00+00:00,157.68699645996094,157.7030029296875,157.64999389648438,157.64999389648438,0.0
2026-09-18 13:05:00+00:00,157.65199279785156,157.68899536132812,157.63699340820312,157.67799377441406,0.0
2026-09-18 13:06:00+00:00,157.6790008544922,157.70399475097656,157.6750030517578,157.6999969482422,0.0
2026-09-18 13:07:00+00:00,157.69000244140625,157.73199462890625,157.69000244140625,157.71200561523438,0.0
2026-09-18 13:08:00+00:00,157.71299743652344,157.72500610351562,157.69000244140625,157.7050018310547,0.0
2026-09-18 13:09:00+00:00,157.7050018310547,157.71299743652344,157.65499877929688,157.6699981689453,0.0
2026-09-18 13:10:00+00:00,157.67100524902344,157.71400451660156,157.66299438476562,157.69900512695312,0.0
2026-09-18 13:11:00+00:00,157.7050018310547,157.72500610351562,157.69000244140625,157.7209930419922,0.0
2026-09-18 13:12:00+00:00,157.71800231933594,157.74099731445312,157.6999969482422,157.74000549316406,0.0
2026-09-18 13:13:00+00:00,157.73199462890625,157.74600219726562,157.7010040283203,157.70700073242188,0.0
2026-09-18 13:14:00+00:00,157.70700073242188,157.73699951171875,157.7030029296875,157.72500610351562,0.0
2026-09-18 13:15:00+00:00,157.72999572753906,157.75799560546875,157.71400451660156,157.73599243164062,0.0
2026-09-18 13:16:00+00:00,157.7429962158203,157.7480010986328,157.72300720214844,157.72999572753906,0.0
2026-09-18 13:17:00+00:00,157.7239990234375,157.72900390625,157.67999267578125,157.68699645996094,0.0
2026-09-18 13:18:00+00:00,157.68699645996094,157.71200561523438,157.68699645996094,157.69200134277344,0.0
2026-09-18 13:19:00+00:00,157.69200134277344,157.73699951171875,157.6909942626953,157.73399353027344,0.0
2026-09-18 13:20:00+00:00,157.72799682617188,157.76699829101562,157.71600341796875,157.76699829101562,0.0
2026-09-18 13:21:00+00:00,157.76600646972656,157.78599548339844,157.75900268554688,157.7779998779297,0.0
2026-09-18 13:22:00+00:00,157.78599548339844,157.78900146484375,157.77699279785156,157.77699279785156,0.0
2026-09-18 13:23:00+00:00,157.7830047607422,157.79299926757812,157.77200317382812,157.78500366210938,0.0
2026-09-18 13:24:00+00:00,157.78199768066406,157.78900146484375,157.76699829101562,157.78599548339844,0.0
2026-09-18 13:25:00+00:00,157.78700256347656,157.81300354003906,157.7790069580078,157.78700256347656,0.0
2026-09-18 13:26:00+00:00,157.78799438476562,157.78900146484375,157.7530059814453,157.7779998779297,0.0
2026-09-18 13:27:00+00:00,157.7830047607422,157.8070068359375,157.77699279785156,157.8070068359375,0.0
2026-09-18 13:28:00+00:00,157.80599975585938,157.81900024414062,157.79400634765625,157.802001953125,0.0
2026-09-18 13:29:00+00:00,157.8000030517578,157.81700134277344,157.79200744628906,157.79800415039062,0.0
2026-09-18 13:30:00+00:00,157.80299377441406,157.8260040283203,157.78799438476562,157.7899932861328,0.0
2026-09-18 13:31:00+00:00,157.7969970703125,157.8000030517578,157.77200317382812,157.78700256347656,0.0
2026-09-18 13:32:00+00:00,157.7949981689453,157.8000030517578,157.77099609375,157.78500366210938,0.0
2026-09-18 13:33:00+00:00,157.7790069580078,157.8040008544922,157.7760009765625,157.7949981689453,0.0
2026-09-18 13:34:00+00:00,157.78900146484375,157.80599975585938,157.77699279785156,157.78399658203125,0.0
2026-09-18 13:35:00+00:00,157.77999877929688,157.7969970703125,157.7740020751953,157.79600524902344,0.0
2026-09-18 13:36:00+00:00,157.78799438476562,157.8249969482422,157.7790069580078,157.81100463867188,0.0
2026-09-18 13:37:00+00:00,157.81500244140625,157.83799743652344,157.7989959716797,157.8040008544922,0.0
2026-09-18 13:38:00+00:00,157.80099487304688,157.80999755859375,157.77499389648438,157.79200744628906,0.0
2026-09-18 13:39:00+00:00,157.79100036621094,157.80099487304688,157.7729949951172,157.78900146484375,0.0
2026-09-18 13:40:00+00:00,157.78900146484375,157.81900024414062,157.7779998779297,157.78700256347656,0.0
2026-09-18 13:41:00+00:00,157.7790069580078,157.79100036621094,157.7519989013672,157.76199340820312,0.0
2026-09-18 13:42:00+00:00,157.76100158691406,157.77200317382812,157.73599243164062,157.76699829101562,0.0
2026-09-18 13:43:00+00:00,157.75900268554688,157.81100463867188,157.74899291992188,157.79800415039062,0.0
2026-09-18 13:44:00+00:00,157.79100036621094,157.80999755859375,157.7830047607422,157.79299926757812,0.0
2026-09-18 13:45:00+00:00,157.78900146484375,157.83299255371094,157.78700256347656,157.8159942626953,0.0
2026-09-18 13:46:00+00:00,157.82000732421875,157.8209991455078,157.77099609375,157.79299926757812,0.0
2026-09-18 13:47:00+00:00,157.78599548339844,157.82000732421875,157.78500366210938,157.81199645996094,0.0
2026-09-18 13:48:00+00:00,157.81500244140625,157.8470001220703,157.80599975585938,157.83900451660156,0.0
2026-09-18 13:49:00+00:00,157.83900451660156,157.86199951171875,157.82699584960938,157.85499572753906,0.0
2026-09-18 13:50:00+00:00,157.85499572753906,157.88400268554688,157.84300231933594,157.8679962158203,0.0
2026-09-18 13:51:00+00:00,157.87100219726562,157.89100646972656,157.86700439453125,157.8780059814453,0.0
2026-09-18 13:52:00+00:00,157.88699340820312,157.88699340820312,157.843994140625,157.85400390625,0.0
2026-09-18 13:53:00+00:00,157.84800720214844,157.87600708007812,157.84800720214844,157.8719940185547,0.0
2026-09-18 13:54:00+00:00,157.8699951171875,157.8730010986328,157.8350067138672,157.8419952392578,0.0
2026-09-18 13:55:00+00:00,157.8509979248047,157.85899353027344,157.81700134277344,157.843994140625,0.0
2026-09-18 13:56:00+00:00,157.85000610351562,157.85400390625,157.83799743652344,157.84800720214844,0.0
2026-09-18 13:57:00+00:00,157.8419952392578,157.85400390625,157.82400512695312,157.83599853515625,0.0
2026-09-18 13:58:00+00:00,157.83599853515625,157.8730010986328,157.83299255371094,157.86500549316406,0.0
2026-09-18 13:59:00+00:00,157.86399841308594,157.89100646972656,157.86099243164062,157.86399841308594,0.0
2026-09-18 14:00:00+00:00,157.86500549316406,157.88400268554688,157.843994140625,157.8459930419922,0.0
2026-09-18 14:01:00+00:00,157.8459930419922,157.8679962158203,157.82200622558594,157.8489990234375,0.0
2026-09-18 14:02:00+00:00,157.8459930419922,157.85299682617188,157.76199340820312,157.78599548339844,0.0
2026-09-18 14:03:00+00:00,157.78399658203125,157.7969970703125,157.7740020751953,157.78700256347656,0.0
2026-09-18 14:04:00+00:00,157.78500366210938,157.7989959716797,157.76499938964844,157.78799438476562,0.0
2026-09-18 14:05:00+00:00,157.78799438476562,157.8090057373047,157.7729949951172,157.77499389648438,0.0
2026-09-18 14:06:00+00:00,157.78199768066406,157.7969970703125,157.74899291992188,157.77499389648438,0.0
2026-09-18 14:07:00+00:00,157.7790069580078,157.78599548339844,157.73699951171875,157.75900268554688,0.0
2026-09-18 14:08:00+00:00,157.75999450683594,157.77699279785156,157.73599243164062,157.75399780273438,0.0
2026-09-18 14:09:00+00:00,157.76100158691406,157.76800537109375,157.73399353027344,157.74000549316406,0.0
2026-09-18 14:10:00+00:00,157.74000549316406,157.8000030517578,157.73699951171875,157.7899932861328,0.0
2026-09-18 14:11:00+00:00,157.78700256347656,157.8179931640625,157.78599548339844,157.8159942626953,0.0
2026-09-18 14:12:00+00:00,157.81100463867188,157.8209991455078,157.79600524902344,157.80799865722656,0.0
2026-09-18 14:13:00+00:00,157.80799865722656,157.83700561523438,157.79800415039062,157.81500244140625,0.0
2026-09-18 14:14:00+00:00,157.8179931640625,157.8249969482422,157.79600524902344,157.80599975585938,0.0
2026-09-18 14:15:00+00:00,157.80299377441406,157.82200622558594,157.78799438476562,157.80999755859375,0.0
2026-09-18 14:16:00+00:00,157.8090057373047,157.82000732421875,157.78399658203125,157.80299377441406,0.0
2026-09-18 14:17:00+00:00,157.8040008544922,157.84100341796875,157.7969970703125,157.83099365234375,0.0
2026-09-18 14:18:00+00:00,157.8350067138672,157.8769989013672,157.8300018310547,157.86599731445312,0.0
2026-09-18 14:19:00+00:00,157.85899353027344,157.89199829101562,157.8459930419922,157.87899780273438,0.0
2026-09-18 14:20:00+00:00,157.8780059814453,157.89599609375,157.86099243164062,157.86099243164062,0.0
2026-09-18 14:21:00+00:00,157.87100219726562,157.8719940185547,157.83900451660156,157.85000610351562,0.0
2026-09-18 14:22:00+00:00,157.85000610351562,157.8719940185547,157.83900451660156,157.86099243164062,0.0
2026-09-18 14:23:00+00:00,157.85499572753906,157.875,157.85000610351562,157.8679962158203,0.0
2026-09-18 14:24:00+00:00,157.86399841308594,157.8730010986328,157.83599853515625,157.84500122070312,0.0
2026-09-18 14:25:00+00:00,157.84100341796875,157.86700439453125,157.8350067138672,157.8459930419922,0.0
2026-09-18 14:26:00+00:00,157.8459930419922,157.88299560546875,157.843994140625,157.8780059814453,0.0
2026-09-18 14:27:00+00:00,157.875,157.88499450683594,157.8419952392578,157.8509979248047,0.0
2026-09-18 14:28:00+00:00,157.85000610351562,157.8719940185547,157.8459930419922,157.86000061035156,0.0
2026-09-18 14:29:00+00:00,157.86000061035156,157.88400268554688,157.8489990234375,157.875,0.0
2026-09-18 14:30:00+00:00,157.87899780273438,157.88099670410156,157.8489990234375,157.85000610351562,0.0
2026-09-18 14:31:00+00:00,157.85000610351562,157.86000061035156,157.82200622558594,157.8260040283203,0.0
2026-09-18 14:32:00+00:00,157.83399963378906,157.83399963378906,157.8090057373047,157.81500244140625,0.0
2026-09-18 14:33:00+00:00,157.81500244140625,157.83200073242188,157.8040008544922,157.81300354003906,0.0
2026-09-18 14:34:00+00:00,157.81900024414062,157.822998046875,157.78900146484375,157.7949981689453,0.0
2026-09-18 14:35:00+00:00,157.79400634765625,157.80499267578125,157.78500366210938,157.7989959716797,0.0
2026-09-18 14:36:00+00:00,157.7989959716797,157.8090057373047,157.7760009765625,157.7779998779297,0.0
2026-09-18 14:37:00+00:00,157.7830047607422,157.79299926757812,157.7760009765625,157.78700256347656,0.0
2026-09-18 14:38:00+00:00,157.7790069580078,157.7989959716797,157.7790069580078,157.79400634765625,0.0
2026-09-18 14:39:00+00:00,157.78700256347656,157.7949981689453,157.73699951171875,157.76499938964844,0.0
2026-09-18 14:40:00+00:00,157.77200317382812,157.7729949951172,157.74600219726562,157.7530059814453,0.0
2026-09-18 14:41:00+00:00,157.74899291992188,157.77499389648438,157.74000549316406,157.7740020751953,0.0
2026-09-18 14:42:00+00:00,157.76699829101562,157.78399658203125,157.7550048828125,157.75900268554688,0.0
2026-09-18 14:43:00+00:00,157.75900268554688,157.76600646972656,157.73899841308594,157.76400756835938,0.0
2026-09-18 14:44:00+00:00,157.76300048828125,157.7830047607422,157.74899291992188,157.76600646972656,0.0
2026-09-18 14:45:00+00:00,157.7740020751953,157.77999877929688,157.75,157.76800537109375,0.0
2026-09-18 14:46:00+00:00,157.75999450683594,157.77200317382812,157.71600341796875,157.7259979248047,0.0
2026-09-18 14:47:00+00:00,157.7259979248047,157.73300170898438,157.6510009765625,157.6840057373047,0.0
2026-09-18 14:48:00+00:00,157.68699645996094,157.72500610351562,157.67599487304688,157.7239990234375,0.0
2026-09-18 14:49:00+00:00,157.71800231933594,157.72500610351562,157.6219940185547,157.64100646972656,0.0
2026-09-18 14:50:00+00:00,157.6320037841797,157.6540069580078,157.13400268554688,157.3679962158203,0.0
2026-09-18 14:51:00+00:00,157.37399291992188,157.40499877929688,156.96499633789062,157.13800048828125,0.0
2026-09-18 14:52:00+00:00,157.1280059814453,157.23500061035156,156.99000549316406,157.09500122070312,0.0
2026-09-18 14:53:00+00:00,157.0959930419922,157.2480010986328,157.05099487304688,157.20899963378906,0.0
2026-09-18 14:54:00+00:00,157.20799255371094,157.2790069580078,157.1580047607422,157.20199584960938,0.0
2026-09-18 14:55:00+00:00,157.17599487304688,157.3260040283203,157.13800048828125,157.2969970703125,0.0
2026-09-18 14:56:00+00:00,157.28399658203125,157.34300231933594,157.21800231933594,157.2969970703125,0.0
2026-09-18 14:57:00+00:00,157.30299377441406,157.3780059814453,157.25599670410156,157.3699951171875,0.0
2026-09-18 14:58:00+00:00,157.37100219726562,157.44500732421875,157.3699951171875,157.42100524902344,0.0
2026-09-18 14:59:00+00:00,157.41299438476562,157.44500732421875,157.3719940185547,157.4429931640625,0.0
2026-09-18 15:00:00+00:00,157.44200134277344,157.5070037841797,157.38099670410156,157.39300537109375,0.0
2026-09-18 15:01:00+00:00,157.38999938964844,157.41200256347656,157.23399353027344,157.30499267578125,0.0
2026-09-18 15:02:00+00:00,157.29800415039062,157.33200073242188,157.22000122070312,157.25399780273438,0.0
2026-09-18 15:03:00+00:00,157.2740020751953,157.3209991455078,157.15699768066406,157.1999969482422,0.0
2026-09-18 15:04:00+00:00,157.19000244140625,157.29400634765625,157.1750030517578,157.2790069580078,0.0
2026-09-18 15:05:00+00:00,157.29100036621094,157.30799865722656,157.17100524902344,157.18899536132812,0.0
2026-09-18 15:06:00+00:00,157.18899536132812,157.23300170898438,157.13800048828125,157.16400146484375,0.0
2026-09-18 15:07:00+00:00,157.1649932861328,157.19700622558594,157.11500549316406,157.1750030517578,0.0
2026-09-18 15:08:00+00:00,157.1790008544922,157.26499938964844,157.15699768066406,157.26199340820312,0.0
2026-09-18 15:09:00+00:00,157.24600219726562,157.2949981689453,157.2310028076172,157.28500366210938,0.0
2026-09-18 15:10:00+00:00,157.2760009765625,157.3300018310547,157.25599670410156,157.31100463867188,0.0
2026-09-18 15:11:00+00:00,157.31100463867188,157.31199645996094,157.26800537109375,157.29200744628906,0.0
2026-09-18 15:12:00+00:00,157.2830047607422,157.29299926757812,157.16400146484375,157.16900634765625,0.0
2026-09-18 15:13:00+00:00,157.16900634765625,157.18600463867188,156.8419952392578,156.91299438476562,0.0
2026-09-18 15:14:00+00:00,156.91799926757812,157.08399963378906,156.9080047607422,157.06100463867188,0.0
2026-09-18 15:15:00+00:00,157.07200622558594,157.1230010986328,157.0590057373047,157.11099243164062,0.0
2026-09-18 15:16:00+00:00,157.11099243164062,157.16400146484375,157.0760040283203,157.07899475097656,0.0
2026-09-18 15:17:00+00:00,157.08900451660156,157.0970001220703,156.9510040283203,157.02200317382812,0.0
2026-09-18 15:18:00+00:00,157.031005859375,157.03199768066406,156.8780059814453,157.0189971923828,0.0
2026-09-18 15:19:00+00:00,157.01699829101562,157.03900146484375,156.94200134277344,156.94200134277344,0.0
2026-09-18 15:20:00+00:00,156.9510040283203,157.031005859375,156.94000244140625,157.02000427246094,0.0
2026-09-18 15:21:00+00:00,157.02499389648438,157.0590057373047,156.9759979248047,156.98699951171875,0.0
2026-09-18 15:22:00+00:00,156.98699951171875,157.04100036621094,156.968994140625,157.02099609375,0.0
2026-09-18 15:23:00+00:00,157.02000427246094,157.08399963378906,156.99200439453125,157.07899475097656,0.0
2026-09-18 15:24:00+00:00,157.07200622558594,157.11500549316406,157.00999450683594,157.01100158691406,0.0
2026-09-18 15:25:00+00:00,157.01100158691406,157.0330047607422,156.9600067138672,157.00599670410156,0.0
2026-09-18 15:26:00+00:00,156.9980010986328,157.0709991455078,156.99600219726562,157.05799865722656,0.0
2026-09-18 15:27:00+00:00,157.0679931640625,157.08399963378906,157.02499389648438,157.05099487304688,0.0
2026-09-18 15:28:00+00:00,157.04600524902344,157.08099365234375,157.0290069580078,157.07899475097656,0.0
2026-09-18 15:29:00+00:00,157.06900024414062,157.07899475097656,156.86199951171875,156.96099853515625,0.0
2026-09-18 15:30:00+00:00,156.9530029296875,156.9770050048828,156.8780059814453,156.90499877929688,0.0
2026-09-18 15:31:00+00:00,156.8979949951172,156.98500061035156,156.89599609375,156.9720001220703,0.0
2026-09-18 15:32:00+00:00,156.98199462890625,156.98399353027344,156.83799743652344,156.86099243164062,0.0
2026-09-18 15:33:00+00:00,156.8699951171875,156.9290008544922,156.85400390625,156.89700317382812,0.0
2026-09-18 15:34:00+00:00,156.89500427246094,156.9040069580078,156.83900451660156,156.86399841308594,0.0
2026-09-18 15:35:00+00:00,156.85800170898438,156.88400268554688,156.79100036621094,156.81700134277344,0.0
2026-09-18 15:36:00+00:00,156.8249969482422,156.86700439453125,156.76699829101562,156.7989959716797,0.0
2026-09-18 15:37:00+00:00,156.79299926757812,156.83599853515625,156.74600219726562,156.7969970703125,0.0
2026-09-18 15:38:00+00:00,156.7949981689453,156.89999389648438,156.77499389648438,156.89300537109375,0.0
2026-09-18 15:39:00+00:00,156.8990020751953,156.93499755859375,156.84800720214844,156.92300415039062,0.0
2026-09-18 15:40:00+00:00,156.92799377441406,156.9429931640625,156.86099243164062,156.89999389648438,0.0
2026-09-18 15:41:00+00:00,156.89599609375,156.96499633789062,156.89300537109375,156.91799926757812,0.0
2026-09-18 15:42:00+00:00,156.91900634765625,157.0050048828125,156.91799926757812,156.98699951171875,0.0
2026-09-18 15:43:00+00:00,156.9929962158203,157.01400756835938,156.75399780273438,156.88400268554688,0.0
2026-09-18 15:44:00+00:00,156.8800048828125,156.91299438476562,156.84100341796875,156.91299438476562,0.0
2026-09-18 15:45:00+00:00,156.91299438476562,157.01199340820312,156.90699768066406,157.01199340820312,0.0
2026-09-18 15:46:00+00:00,157.01199340820312,157.03199768066406,156.94700622558594,156.9720001220703,0.0
2026-09-18 15:47:00+00:00,156.9739990234375,157.0229949951172,156.9499969482422,156.9499969482422,0.0
2026-09-18 15:48:00+00:00,156.9499969482422,156.98500061035156,156.7689971923828,156.91799926757812,0.0
2026-09-18 15:49:00+00:00,156.9239959716797,156.93800354003906,156.86000061035156,156.875,0.0
2026-09-18 15:50:00+00:00,156.875,156.92999267578125,156.8719940185547,156.9250030517578,0.0
2026-09-18 15:51:00+00:00,156.91900634765625,156.9759979248047,156.89599609375,156.91600036621094,0.0
2026-09-18 15:52:00+00:00,156.9320068359375,157.0260009765625,156.91000366210938,157.01300048828125,0.0
2026-09-18 15:53:00+00:00,157.01199340820312,157.03199768066406,156.97300720214844,156.99600219726562,0.0
2026-09-18 15:54:00+00:00,157.0019989013672,157.03199768066406,156.9510040283203,156.97500610351562,0.0
2026-09-18 15:55:00+00:00,156.98399353027344,157.0070037841797,156.95799255371094,157.0030059814453,0.0
2026-09-18 15:56:00+00:00,156.9969940185547,157.02099609375,156.9290008544922,156.9340057373047,0.0
2026-09-18 15:57:00+00:00,156.9429931640625,156.9810028076172,156.9320068359375,156.97000122070312,0.0
2026-09-18 15:58:00+00:00,156.97300720214844,156.99099731445312,156.92999267578125,156.9499969482422,0.0
2026-09-18 15:59:00+00:00,156.9429931640625,156.96600341796875,156.8560028076172,156.875,0.0
2026-09-18 16:00:00+00:00,156.86700439453125,156.89599609375,156.82899475097656,156.8419952392578,0.0
2026-09-18 16:01:00+00:00,156.8419952392578,156.87399291992188,156.81700134277344,156.82400512695312,0.0
2026-09-18 16:02:00+00:00,156.82200622558594,156.87600708007812,156.80599975585938,156.86099243164062,0.0
2026-09-18 16:03:00+00:00,156.85499572753906,156.8939971923828,156.82699584960938,156.83799743652344,0.0
2026-09-18 16:04:00+00:00,156.83099365234375,156.87899780273438,156.781005859375,156.80799865722656,0.0
2026-09-18 16:05:00+00:00,156.80799865722656,156.88900756835938,156.80799865722656,156.87100219726562,0.0
2026-09-18 16:06:00+00:00,156.87399291992188,156.88400268554688,156.81700134277344,156.81700134277344,0.0
2026-09-18 16:07:00+00:00,156.82000732421875,156.84500122070312,156.80499267578125,156.83999633789062,0.0
2026-09-18 16:08:00+00:00,156.83299255371094,156.84100341796875,156.77099609375,156.78199768066406,0.0
2026-09-18 16:09:00+00:00,156.79200744628906,156.8260040283203,156.7689971923828,156.802001953125,0.0
2026-09-18 16:10:00+00:00,156.7949981689453,156.83299255371094,156.7740020751953,156.83299255371094,0.0
2026-09-18 16:11:00+00:00,156.8300018310547,156.86199951171875,156.75900268554688,156.781005859375,0.0
2026-09-18 16:12:00+00:00,156.7729949951172,156.81300354003906,156.75599670410156,156.79100036621094,0.0
2026-09-18 16:13:00+00:00,156.78599548339844,156.81300354003906,156.7830047607422,156.81300354003906,0.0
2026-09-18 16:14:00+00:00,156.81700134277344,156.8520050048828,156.79400634765625,156.83700561523438,0.0
2026-09-18 16:15:00+00:00,156.83299255371094,156.88900756835938,156.81900024414062,156.85699462890625,0.0
2026-09-18 16:16:00+00:00,156.86500549316406,156.8939971923828,156.8249969482422,156.83999633789062,0.0
2026-09-18 16:17:00+00:00,156.8300018310547,156.86300659179688,156.8280029296875,156.84100341796875,0.0
2026-09-18 16:18:00+00:00,156.8470001220703,156.88699340820312,156.8419952392578,156.87600708007812,0.0
2026-09-18 16:19:00+00:00,156.87600708007812,156.8800048828125,156.82400512695312,156.82699584960938,0.0
2026-09-18 16:20:00+00:00,156.82699584960938,156.875,156.81300354003906,156.84500122070312,0.0
2026-09-18 16:21:00+00:00,156.85000610351562,156.86599731445312,156.83700561523438,156.8419952392578,0.0
2026-09-18 16:22:00+00:00,156.843994140625,156.90899658203125,156.843994140625,156.8990020751953,0.0
2026-09-18 16:23:00+00:00,156.89599609375,156.92300415039062,156.88299560546875,156.89199829101562,0.0
2026-09-18 16:24:00+00:00,156.89300537109375,156.90199279785156,156.79600524902344,156.84300231933594,0.0
2026-09-18 16:25:00+00:00,156.8419952392578,156.8509979248047,156.7989959716797,156.81300354003906,0.0
2026-09-18 16:26:00+00:00,156.81300354003906,156.85000610351562,156.80499267578125,156.82400512695312,0.0
2026-09-18 16:27:00+00:00,156.82000732421875,156.85400390625,156.82000732421875,156.8470001220703,0.0
2026-09-18 16:28:00+00:00,156.84100341796875,156.8489990234375,156.74600219726562,156.77000427246094,0.0
2026-09-18 16:29:00+00:00,156.77000427246094,156.7830047607422,156.67100524902344,156.6959991455078,0.0
2026-09-18 16:30:00+00:00,156.7030029296875,156.76100158691406,156.69500732421875,156.72999572753906,0.0
2026-09-18 16:31:00+00:00,156.73399353027344,156.76800537109375,156.7220001220703,156.7550048828125,0.0
2026-09-18 16:32:00+00:00,156.75999450683594,156.76600646972656,156.71600341796875,156.7270050048828,0.0
2026-09-18 16:33:00+00:00,156.72799682617188,156.73199462890625,156.68600463867188,156.69900512695312,0.0
2026-09-18 16:34:00+00:00,156.69500732421875,156.75900268554688,156.6929931640625,156.75,0.0
2026-09-18 16:35:00+00:00,156.75799560546875,156.76699829101562,156.72000122070312,156.73199462890625,0.0
2026-09-18 16:36:00+00:00,156.73300170898438,156.77099609375,156.7169952392578,156.7480010986328,0.0
2026-09-18 16:37:00+00:00,156.7480010986328,156.781005859375,156.74200439453125,156.75,0.0
2026-09-18 16:38:00+00:00,156.7570037841797,156.76800537109375,156.70899963378906,156.72900390625,0.0
2026-09-18 16:39:00+00:00,156.73199462890625,156.74400329589844,156.7169952392578,156.7239990234375,0.0
2026-09-18 16:40:00+00:00,156.7239990234375,156.77099609375,156.7209930419922,156.74099731445312,0.0
2026-09-18 16:41:00+00:00,156.73500061035156,156.7469940185547,156.7100067138672,156.72000122070312,0.0
2026-09-18 16:42:00+00:00,156.71600341796875,156.72999572753906,156.70899963378906,156.71800231933594,0.0
2026-09-18 16:43:00+00:00,156.7169952392578,156.73199462890625,156.697998046875,156.72500610351562,0.0
2026-09-18 16:44:00+00:00,156.72500610351562,156.75,156.72500610351562,156.74200439453125,0.0
2026-09-18 16:45:00+00:00,156.73500061035156,156.79400634765625,156.73399353027344,156.76100158691406,0.0
2026-09-18 16:46:00+00:00,156.76100158691406,156.7689971923828,156.74400329589844,156.7570037841797,0.0
2026-09-18 16:47:00+00:00,156.75599670410156,156.75799560546875,156.718994140625,156.73399353027344,0.0
2026-09-18 16:48:00+00:00,156.7429962158203,156.781005859375,156.73399353027344,156.7729949951172,0.0
2026-09-18 16:49:00+00:00,156.77999877929688,156.781005859375,156.75999450683594,156.76199340820312,0.0
2026-09-18 16:50:00+00:00,156.76600646972656,156.79200744628906,156.73399353027344,156.78599548339844,0.0
2026-09-18 16:51:00+00:00,156.7830047607422,156.8090057373047,156.77000427246094,156.79600524902344,0.0
2026-09-18 16:52:00+00:00,156.79600524902344,156.80599975585938,156.76199340820312,156.76800537109375,0.0
2026-09-18 16:53:00+00:00,156.76199340820312,156.781005859375,156.74600219726562,156.7729949951172,0.0
2026-09-18 16:54:00+00:00,156.7729949951172,156.781005859375,156.7449951171875,156.76800537109375,0.0
2026-09-18 16:55:00+00:00,156.7689971923828,156.7689971923828,156.72500610351562,156.7429962158203,0.0
2026-09-18 16:56:00+00:00,156.74000549316406,156.76699829101562,156.73399353027344,156.7570037841797,0.0
2026-09-18 16:57:00+00:00,156.75599670410156,156.79600524902344,156.74600219726562,156.78399658203125,0.0
2026-09-18 16:58:00+00:00,156.79200744628906,156.80499267578125,156.7449951171875,156.7790069580078,0.0
2026-09-18 16:59:00+00:00,156.77499389648438,156.79600524902344,156.75999450683594,156.78700256347656,0.0
2026-09-18 17:00:00+00:00,156.78700256347656,156.79400634765625,156.75799560546875,156.75900268554688,0.0
2026-09-18 17:01:00+00:00,156.75900268554688,156.7779998779297,156.7469940185547,156.76199340820312,0.0
2026-09-18 17:02:00+00:00,156.7550048828125,156.7760009765625,156.71400451660156,156.73699951171875,0.0
2026-09-18 17:03:00+00:00,156.73800659179688,156.7429962158203,156.68899536132812,156.7259979248047,0.0
2026-09-18 17:04:00+00:00,156.72500610351562,156.75900268554688,156.7239990234375,156.7519989013672,0.0
2026-09-18 17:05:00+00:00,156.75,156.79299926757812,156.73199462890625,156.73199462890625,0.0
2026-09-18 17:06:00+00:00,156.73899841308594,156.74000549316406,156.7050018310547,156.71400451660156,0.0
2026-09-18 17:07:00+00:00,156.71200561523438,156.73899841308594,156.7100067138672,156.71299743652344,0.0
2026-09-18 17:08:00+00:00,156.718994140625,156.7570037841797,156.71200561523438,156.73800659179688,0.0
2026-09-18 17:09:00+00:00,156.7449951171875,156.7530059814453,156.72300720214844,156.73800659179688,0.0
2026-09-18 17:10:00+00:00,156.73599243164062,156.74400329589844,156.67300415039062,156.68099975585938,0.0
2026-09-18 17:11:00+00:00,156.68099975585938,156.69200134277344,156.63099670410156,156.63800048828125,0.0
2026-09-18 17:12:00+00:00,156.63499450683594,156.65899658203125,156.59800720214844,156.63699340820312,0.0
2026-09-18 17:13:00+00:00,156.6300048828125,156.6529998779297,156.6179962158203,156.6320037841797,0.0
2026-09-18 17:14:00+00:00,156.6320037841797,156.6510009765625,156.61900329589844,156.62600708007812,0.0
2026-09-18 17:15:00+00:00,156.62399291992188,156.65499877929688,156.6219940185547,156.6439971923828,0.0
2026-09-18 17:16:00+00:00,156.64500427246094,156.69200134277344,156.63299560546875,156.68299865722656,0.0
2026-09-18 17:17:00+00:00,156.6820068359375,156.70799255371094,156.67999267578125,156.69000244140625,0.0
2026-09-18 17:18:00+00:00,156.697998046875,156.73599243164062,156.6699981689453,156.72900390625,0.0
2026-09-18 17:19:00+00:00,156.7259979248047,156.74200439453125,156.67999267578125,156.68699645996094,0.0
2026-09-18 17:20:00+00:00,156.68800354003906,156.6909942626953,156.65899658203125,156.677001953125,0.0
2026-09-18 17:21:00+00:00,156.677001953125,156.7010040283203,156.6699981689453,156.6959991455078,0.0
2026-09-18 17:22:00+00:00,156.69200134277344,156.7010040283203,156.6699981689453,156.68800354003906,0.0
2026-09-18 17:23:00+00:00,156.68699645996094,156.69400024414062,156.65499877929688,156.66000366210938,0.0
2026-09-18 17:24:00+00:00,156.66700744628906,156.68299865722656,156.63699340820312,156.6540069580078,0.0
2026-09-18 17:25:00+00:00,156.64599609375,156.66799926757812,156.64599609375,156.6580047607422,0.0
2026-09-18 17:26:00+00:00,156.64999389648438,156.6820068359375,156.64300537109375,156.67100524902344,0.0
2026-09-18 17:27:00+00:00,156.67100524902344,156.69200134277344,156.66600036621094,156.68099975585938,0.0
2026-09-18 17:28:00+00:00,156.67999267578125,156.7310028076172,156.67999267578125,156.7259979248047,0.0
2026-09-18 17:29:00+00:00,156.7239990234375,156.7310028076172,156.69900512695312,156.7050018310547,0.0
2026-09-18 17:30:00+00:00,156.71600341796875,156.7270050048828,156.66000366210938,156.69000244140625,0.0
2026-09-18 17:31:00+00:00,156.69400024414062,156.6959991455078,156.66000366210938,156.66900634765625,0.0
2026-09-18 17:32:00+00:00,156.6739959716797,156.69500732421875,156.65699768066406,156.69400024414062,0.0
2026-09-18 17:33:00+00:00,156.69400024414062,156.72999572753906,156.6840057373047,156.7100067138672,0.0
2026-09-18 17:34:00+00:00,156.7169952392578,156.7169952392578,156.6280059814453,156.6739959716797,0.0
2026-09-18 17:35:00+00:00,156.6739959716797,156.6820068359375,156.6649932861328,156.677001953125,0.0
2026-09-18 17:36:00+00:00,156.67599487304688,156.6820068359375,156.63400268554688,156.6529998779297,0.0
2026-09-18 17:37:00+00:00,156.64999389648438,156.7010040283203,156.6439971923828,156.6929931640625,0.0
2026-09-18 17:38:00+00:00,156.6959991455078,156.71200561523438,156.68600463867188,156.68899536132812,0.0
2026-09-18 17:39:00+00:00,156.68699645996094,156.70799255371094,156.66600036621094,156.6999969482422,0.0
2026-09-18 17:40:00+00:00,156.6999969482422,156.71200561523438,156.67999267578125,156.70599365234375,0.0
2026-09-18 17:41:00+00:00,156.7050018310547,156.70599365234375,156.68299865722656,156.68899536132812,0.0
2026-09-18 17:42:00+00:00,156.68899536132812,156.71600341796875,156.68099975585938,156.68800354003906,0.0
2026-09-18 17:43:00+00:00,156.68099975585938,156.7100067138672,156.68099975585938,156.70199584960938,0.0
2026-09-18 17:44:00+00:00,156.70700073242188,156.71400451660156,156.69200134277344,156.7010040283203,0.0
2026-09-18 17:45:00+00:00,156.70199584960938,156.7469940185547,156.69500732421875,156.71200561523438,0.0
2026-09-18 17:46:00+00:00,156.71400451660156,156.7220001220703,156.69900512695312,156.71200561523438,0.0
2026-09-18 17:47:00+00:00,156.71099853515625,156.72799682617188,156.69700622558594,156.70599365234375,0.0
2026-09-18 17:48:00+00:00,156.6999969482422,156.71499633789062,156.67799377441406,156.68699645996094,0.0
2026-09-18 17:49:00+00:00,156.69000244140625,156.7030029296875,156.67799377441406,156.69900512695312,0.0
2026-09-18 17:50:00+00:00,156.69200134277344,156.7220001220703,156.69000244140625,156.70199584960938,0.0
2026-09-18 17:51:00+00:00,156.6999969482422,156.7239990234375,156.69700622558594,156.70700073242188,0.0
2026-09-18 17:52:00+00:00,156.6999969482422,156.70899963378906,156.66400146484375,156.66799926757812,0.0
2026-09-18 17:53:00+00:00,156.66900634765625,156.68499755859375,156.66099548339844,156.6719970703125,0.0
2026-09-18 17:54:00+00:00,156.66200256347656,156.68699645996094,156.66200256347656,156.6750030517578,0.0
2026-09-18 17:55:00+00:00,156.67599487304688,156.70700073242188,156.66700744628906,156.68800354003906,0.0
2026-09-18 17:56:00+00:00,156.69000244140625,156.697998046875,156.65199279785156,156.66200256347656,0.0
2026-09-18 17:57:00+00:00,156.66299438476562,156.68800354003906,156.66200256347656,156.67799377441406,0.0
2026-09-18 17:58:00+00:00,156.6719970703125,156.6959991455078,156.66900634765625,156.69200134277344,0.0
2026-09-18 17:59:00+00:00,156.68499755859375,156.69200134277344,156.66700744628906,156.66700744628906,0.0
2026-09-18 18:00:00+00:00,156.67300415039062,156.69500732421875,156.66900634765625,156.67300415039062,0.0
2026-09-18 18:01:00+00:00,156.67999267578125,156.68099975585938,156.64500427246094,156.6540069580078,0.0
2026-09-18 18:02:00+00:00,156.6490020751953,156.66099548339844,156.64700317382812,156.64999389648438,0.0
2026-09-18 18:03:00+00:00,156.6479949951172,156.69700622558594,156.64599609375,156.6840057373047,0.0
2026-09-18 18:04:00+00:00,156.6909942626953,156.69500732421875,156.6739959716797,156.6750030517578,0.0
2026-09-18 18:05:00+00:00,156.6790008544922,156.6820068359375,156.6580047607422,156.6820068359375,0.0
2026-09-18 18:06:00+00:00,156.68099975585938,156.68299865722656,156.66099548339844,156.66200256347656,0.0
2026-09-18 18:07:00+00:00,156.6649932861328,156.69400024414062,156.65699768066406,156.6649932861328,0.0
2026-09-18 18:08:00+00:00,156.66900634765625,156.7100067138672,156.66400146484375,156.6999969482422,0.0
2026-09-18 18:09:00+00:00,156.71099853515625,156.71099853515625,156.6840057373047,156.69200134277344,0.0
2026-09-18 18:10:00+00:00,156.68600463867188,156.7259979248047,156.68499755859375,156.70799255371094,0.0
2026-09-18 18:11:00+00:00,156.7050018310547,156.7209930419922,156.70199584960938,156.71200561523438,0.0
2026-09-18 18:12:00+00:00,156.71200561523438,156.72300720214844,156.6959991455078,156.697998046875,0.0
2026-09-18 18:13:00+00:00,156.70199584960938,156.70799255371094,156.67599487304688,156.68699645996094,0.0
2026-09-18 18:14:00+00:00,156.68699645996094,156.70700073242188,156.67999267578125,156.6999969482422,0.0
2026-09-18 18:15:00+00:00,156.69700622558594,156.70599365234375,156.68600463867188,156.68699645996094,0.0
2026-09-18 18:16:00+00:00,156.68800354003906,156.70700073242188,156.68699645996094,156.70199584960938,0.0
2026-09-18 18:17:00+00:00,156.69500732421875,156.7050018310547,156.68600463867188,156.6929931640625,0.0
2026-09-18 18:18:00+00:00,156.68699645996094,156.73800659179688,156.68699645996094,156.72500610351562,0.0
2026-09-18 18:19:00+00:00,156.72500610351562,156.7429962158203,156.71600341796875,156.7239990234375,0.0
2026-09-18 18:20:00+00:00,156.7259979248047,156.73500061035156,156.7220001220703,156.73399353027344,0.0
2026-09-18 18:21:00+00:00,156.72300720214844,156.7469940185547,156.72300720214844,156.74200439453125,0.0
2026-09-18 18:22:00+00:00,156.73800659179688,156.7469940185547,156.73300170898438,156.73399353027344,0.0
2026-09-18 18:23:00+00:00,156.74099731445312,156.74099731445312,156.72300720214844,156.72999572753906,0.0
2026-09-18 18:24:00+00:00,156.72500610351562,156.7310028076172,156.7050018310547,156.70700073242188,0.0
2026-09-18 18:25:00+00:00,156.7050018310547,156.71499633789062,156.69900512695312,156.7030029296875,0.0
2026-09-18 18:26:00+00:00,156.6999969482422,156.73300170898438,156.69900512695312,156.72000122070312,0.0
2026-09-18 18:27:00+00:00,156.72300720214844,156.72300720214844,156.69900512695312,156.7100067138672,0.0
2026-09-18 18:28:00+00:00,156.7030029296875,156.71099853515625,156.69900512695312,156.69900512695312,0.0
2026-09-18 18:29:00+00:00,156.6999969482422,156.7169952392578,156.697998046875,156.6999969482422,0.0
2026-09-18 18:30:00+00:00,156.70199584960938,156.71099853515625,156.69900512695312,156.7050018310547,0.0
2026-09-18 18:31:00+00:00,156.7010040283203,156.71099853515625,156.7010040283203,156.70199584960938,0.0
2026-09-18 18:32:00+00:00,156.70199584960938,156.71499633789062,156.68600463867188,156.68800354003906,0.0
2026-09-18 18:33:00+00:00,156.68800354003906,156.69700622558594,156.68699645996094,156.68699645996094,0.0
2026-09-18 18:34:00+00:00,156.69500732421875,156.69900512695312,156.65899658203125,156.66299438476562,0.0
2026-09-18 18:35:00+00:00,156.66299438476562,156.68499755859375,156.66200256347656,156.6699981689453,0.0
2026-09-18 18:36:00+00:00,156.66900634765625,156.69500732421875,156.6649932861328,156.69200134277344,0.0
2026-09-18 18:37:00+00:00,156.6840057373047,156.6959991455078,156.66400146484375,156.6649932861328,0.0
2026-09-18 18:38:00+00:00,156.66799926757812,156.67799377441406,156.65199279785156,156.67100524902344,0.0
2026-09-18 18:39:00+00:00,156.6790008544922,156.6840057373047,156.6540069580078,156.6750030517578,0.0
2026-09-18 18:40:00+00:00,156.6750030517578,156.71400451660156,156.6750030517578,156.71099853515625,0.0
2026-09-18 18:41:00+00:00,156.71200561523438,156.73399353027344,156.7030029296875,156.72300720214844,0.0
2026-09-18 18:42:00+00:00,156.72999572753906,156.76699829101562,156.71600341796875,156.75799560546875,0.0
2026-09-18 18:43:00+00:00,156.75799560546875,156.77699279785156,156.75100708007812,156.76600646972656,0.0
2026-09-18 18:44:00+00:00,156.75799560546875,156.7830047607422,156.74600219726562,156.77200317382812,0.0
2026-09-18 18:45:00+00:00,156.77200317382812,156.7830047607422,156.75100708007812,156.77099609375,0.0
2026-09-18 18:46:00+00:00,156.77099609375,156.7899932861328,156.76800537109375,156.7729949951172,0.0
2026-09-18 18:47:00+00:00,156.76800537109375,156.781005859375,156.75900268554688,156.76100158691406,0.0
2026-09-18 18:48:00+00:00,156.7689971923828,156.77200317382812,156.74899291992188,156.76100158691406,0.0
2026-09-18 18:49:00+00:00,156.76100158691406,156.77999877929688,156.75399780273438,156.75399780273438,0.0
2026-09-18 18:50:00+00:00,156.75799560546875,156.76699829101562,156.72300720214844,156.72999572753906,0.0
2026-09-18 18:51:00+00:00,156.73399353027344,156.76600646972656,156.7239990234375,156.75799560546875,0.0
2026-09-18 18:52:00+00:00,156.74899291992188,156.75799560546875,156.72500610351562,156.72500610351562,0.0
2026-09-18 18:53:00+00:00,156.73300170898438,156.73399353027344,156.6820068359375,156.7030029296875,0.0
2026-09-18 18:54:00+00:00,156.69900512695312,156.7169952392578,156.69500732421875,156.7169952392578,0.0
2026-09-18 18:55:00+00:00,156.70700073242188,156.71800231933594,156.68600463867188,156.69700622558594,0.0
2026-09-18 18:56:00+00:00,156.69700622558594,156.70700073242188,156.6719970703125,156.69700622558594,0.0
2026-09-18 18:57:00+00:00,156.69000244140625,156.697998046875,156.6750030517578,156.69400024414062,0.0
2026-09-18 18:58:00+00:00,156.6929931640625,156.70700073242188,156.67599487304688,156.68099975585938,0.0
2026-09-18 18:59:00+00:00,156.68099975585938,156.70799255371094,156.6750030517578,156.67599487304688,0.0
2026-09-18 19:00:00+00:00,156.6790008544922,156.68499755859375,156.6719970703125,156.6820068359375,0.0
2026-09-18 19:01:00+00:00,156.68499755859375,156.7010040283203,156.6649932861328,156.6649932861328,0.0
2026-09-18 19:02:00+00:00,156.66600036621094,156.68800354003906,156.66299438476562,156.68299865722656,0.0
2026-09-18 19:03:00+00:00,156.6840057373047,156.6909942626953,156.6750030517578,156.6820068359375,0.0
2026-09-18 19:04:00+00:00,156.67599487304688,156.697998046875,156.67599487304688,156.68800354003906,0.0
2026-09-18 19:05:00+00:00,156.6959991455078,156.70899963378906,156.6719970703125,156.6840057373047,0.0
2026-09-18 19:06:00+00:00,156.68899536132812,156.7100067138672,156.68499755859375,156.69900512695312,0.0
2026-09-18 19:07:00+00:00,156.69900512695312,156.7220001220703,156.68899536132812,156.697998046875,0.0
2026-09-18 19:08:00+00:00,156.69400024414062,156.70599365234375,156.68499755859375,156.68600463867188,0.0
2026-09-18 19:09:00+00:00,156.68600463867188,156.69700622558594,156.66799926757812,156.6909942626953,0.0
2026-09-18 19:10:00+00:00,156.6840057373047,156.697998046875,156.6790008544922,156.68600463867188,0.0
2026-09-18 19:11:00+00:00,156.68800354003906,156.6959991455078,156.67799377441406,156.68499755859375,0.0
2026-09-18 19:12:00+00:00,156.68800354003906,156.69700622558594,156.6750030517578,156.6750030517578,0.0
2026-09-18 19:13:00+00:00,156.6750030517578,156.69000244140625,156.67300415039062,156.6820068359375,0.0
2026-09-18 19:14:00+00:00,156.67799377441406,156.68600463867188,156.6510009765625,156.65499877929688,0.0
2026-09-18 19:15:00+00:00,156.6510009765625,156.66000366210938,156.63699340820312,156.64599609375,0.0
2026-09-18 19:16:00+00:00,156.63800048828125,156.6479949951172,156.62600708007812,156.63299560546875,0.0
2026-09-18 19:17:00+00:00,156.63299560546875,156.65699768066406,156.62899780273438,156.6540069580078,0.0
2026-09-18 19:18:00+00:00,156.6479949951172,156.65699768066406,156.62899780273438,156.65499877929688,0.0
2026-09-18 19:19:00+00:00,156.6479949951172,156.66200256347656,156.63299560546875,156.65199279785156,0.0
2026-09-18 19:20:00+00:00,156.65199279785156,156.66799926757812,156.625,156.625,0.0
2026-09-18 19:21:00+00:00,156.63400268554688,156.63600158691406,156.60000610351562,156.60299682617188,0.0
2026-09-18 19:22:00+00:00,156.60299682617188,156.6219940185547,156.59500122070312,156.61399841308594,0.0
2026-09-18 19:23:00+00:00,156.61099243164062,156.64199829101562,156.61000061035156,156.63099670410156,0.0
2026-09-18 19:24:00+00:00,156.63600158691406,156.66900634765625,156.62399291992188,156.66099548339844,0.0
2026-09-18 19:25:00+00:00,156.65499877929688,156.67999267578125,156.65199279785156,156.6699981689453,0.0
2026-09-18 19:26:00+00:00,156.67799377441406,156.7030029296875,156.6649932861328,156.6909942626953,0.0
2026-09-18 19:27:00+00:00,156.6909942626953,156.7030029296875,156.68299865722656,156.68299865722656,0.0
2026-09-18 19:28:00+00:00,156.69000244140625,156.69700622558594,156.6490020751953,156.65199279785156,0.0
2026-09-18 19:29:00+00:00,156.66099548339844,156.68499755859375,156.65699768066406,156.68299865722656,0.0
2026-09-18 19:30:00+00:00,156.6750030517578,156.69700622558594,156.66200256347656,156.66600036621094,0.0
2026-09-18 19:31:00+00:00,156.6699981689453,156.677001953125,156.64500427246094,156.65499877929688,0.0
2026-09-18 19:32:00+00:00,156.66299438476562,156.67599487304688,156.6540069580078,156.65899658203125,0.0
2026-09-18 19:33:00+00:00,156.65899658203125,156.6739959716797,156.65499877929688,156.66299438476562,0.0
2026-09-18 19:34:00+00:00,156.66299438476562,156.67599487304688,156.656005859375,156.66799926757812,0.0
2026-09-18 19:35:00+00:00,156.66700744628906,156.70599365234375,156.66700744628906,156.6999969482422,0.0
2026-09-18 19:36:00+00:00,156.70199584960938,156.7209930419922,156.69700622558594,156.71299743652344,0.0
2026-09-18 19:37:00+00:00,156.7100067138672,156.72300720214844,156.69900512695312,156.6999969482422,0.0
2026-09-18 19:38:00+00:00,156.6999969482422,156.73399353027344,156.6999969482422,156.72000122070312,0.0
2026-09-18 19:39:00+00:00,156.72000122070312,156.75,156.72000122070312,156.72999572753906,0.0
2026-09-18 19:40:00+00:00,156.72500610351562,156.74400329589844,156.7220001220703,156.73300170898438,0.0
2026-09-18 19:41:00+00:00,156.72500610351562,156.73399353027344,156.718994140625,156.72300720214844,0.0
2026-09-18 19:42:00+00:00,156.7259979248047,156.7570037841797,156.7209930419922,156.7519989013672,0.0
2026-09-18 19:43:00+00:00,156.7449951171875,156.75799560546875,156.74000549316406,156.75,0.0
2026-09-18 19:44:00+00:00,156.7449951171875,156.7570037841797,156.74000549316406,156.75,0.0
2026-09-18 19:45:00+00:00,156.7480010986328,156.76600646972656,156.74000549316406,156.7449951171875,0.0
2026-09-18 19:46:00+00:00,156.74899291992188,156.7519989013672,156.72500610351562,156.73199462890625,0.0
2026-09-18 19:47:00+00:00,156.73199462890625,156.7469940185547,156.7209930419922,156.74400329589844,0.0
2026-09-18 19:48:00+00:00,156.73599243164062,156.75799560546875,156.73399353027344,156.75,0.0
2026-09-18 19:49:00+00:00,156.7530059814453,156.76600646972656,156.7429962158203,156.7469940185547,0.0
2026-09-18 19:50:00+00:00,156.75,156.7519989013672,156.718994140625,156.718994140625,0.0
2026-09-18 19:51:00+00:00,156.72900390625,156.7310028076172,156.7030029296875,156.7100067138672,0.0
2026-09-18 19:52:00+00:00,156.718994140625,156.73199462890625,156.70899963378906,156.7220001220703,0.0
2026-09-18 19:53:00+00:00,156.7259979248047,156.76300048828125,156.72300720214844,156.75100708007812,0.0
2026-09-18 19:54:00+00:00,156.7530059814453,156.76800537109375,156.73599243164062,156.7429962158203,0.0
2026-09-18 19:55:00+00:00,156.74400329589844,156.74600219726562,156.72500610351562,156.73500061035156,0.0
2026-09-18 19:56:00+00:00,156.73599243164062,156.74600219726562,156.7220001220703,156.73699951171875,0.0
2026-09-18 19:57:00+00:00,156.73199462890625,156.7429962158203,156.72300720214844,156.72799682617188,0.0
2026-09-18 19:58:00+00:00,156.7259979248047,156.7429962158203,156.7100067138672,156.7310028076172,0.0
2026-09-18 19:59:00+00:00,156.72999572753906,156.73199462890625,156.71200561523438,156.72999572753906,0.0
2026-09-18 20:00:00+00:00,156.72500610351562,156.73199462890625,156.7050018310547,156.7259979248047,0.0
2026-09-18 20:01:00+00:00,156.7259979248047,156.73500061035156,156.70199584960938,156.7259979248047,0.0
2026-09-18 20:02:00+00:00,156.72500610351562,156.73599243164062,156.718994140625,156.73399353027344,0.0
2026-09-18 20:03:00+00:00,156.73300170898438,156.7429962158203,156.71200561523438,156.718994140625,0.0
2026-09-18 20:04:00+00:00,156.71400451660156,156.73199462890625,156.70799255371094,156.72900390625,0.0
2026-09-18 20:05:00+00:00,156.72500610351562,156.76699829101562,156.72300720214844,156.76100158691406,0.0
2026-09-18 20:06:00+00:00,156.76800537109375,156.77499389648438,156.7480010986328,156.7570037841797,0.0
2026-09-18 20:07:00+00:00,156.75100708007812,156.77099609375,156.74899291992188,156.76699829101562,0.0
2026-09-18 20:08:00+00:00,156.76800537109375,156.77099609375,156.7530059814453,156.76400756835938,0.0
2026-09-18 20:09:00+00:00,156.76100158691406,156.77000427246094,156.75,156.76600646972656,0.0
2026-09-18 20:10:00+00:00,156.76300048828125,156.77699279785156,156.71299743652344,156.7429962158203,0.0
2026-09-18 20:11:00+00:00,156.73800659179688,156.75599670410156,156.7310028076172,156.7519989013672,0.0
2026-09-18 20:12:00+00:00,156.74899291992188,156.75999450683594,156.73399353027344,156.73599243164062,0.0
2026-09-18 20:13:00+00:00,156.73599243164062,156.74899291992188,156.73199462890625,156.74400329589844,0.0
2026-09-18 20:14:00+00:00,156.73899841308594,156.75900268554688,156.73899841308594,156.75100708007812,0.0
2026-09-18 20:15:00+00:00,156.75100708007812,156.76499938964844,156.74600219726562,156.75999450683594,0.0
2026-09-18 20:16:00+00:00,156.75399780273438,156.76800537109375,156.74000549316406,156.74000549316406,0.0
2026-09-18 20:17:00+00:00,156.7469940185547,156.75100708007812,156.73899841308594,156.7429962158203,0.0
2026-09-18 20:18:00+00:00,156.7480010986328,156.75900268554688,156.7429962158203,156.7530059814453,0.0
2026-09-18 20:19:00+00:00,156.75399780273438,156.75900268554688,156.74200439453125,156.75100708007812,0.0
2026-09-18 20:20:00+00:00,156.7480010986328,156.75999450683594,156.7480010986328,156.75100708007812,0.0
2026-09-18 20:21:00+00:00,156.7550048828125,156.75799560546875,156.75,156.7519989013672,0.0
2026-09-18 20:22:00+00:00,156.7530059814453,156.75900268554688,156.75,156.75900268554688,0.0
2026-09-18 20:23:00+00:00,156.7530059814453,156.7689971923828,156.75,156.76400756835938,0.0
2026-09-18 20:24:00+00:00,156.76300048828125,156.77000427246094,156.75900268554688,156.75999450683594,0.0
2026-09-18 20:25:00+00:00,156.76400756835938,156.77200317382812,156.7570037841797,156.76699829101562,0.0
2026-09-18 20:26:00+00:00,156.76300048828125,156.77099609375,156.75,156.76400756835938,0.0
2026-09-18 20:27:00+00:00,156.76600646972656,156.7729949951172,156.76100158691406,156.76800537109375,0.0
2026-09-18 20:28:00+00:00,156.7689971923828,156.7830047607422,156.75,156.7760009765625,0.0
2026-09-18 20:29:00+00:00,156.7760009765625,156.78399658203125,156.7469940185547,156.76699829101562,0.0
2026-09-18 20:30:00+00:00,156.75399780273438,156.7779998779297,156.7429962158203,156.7729949951172,0.0
2026-09-18 20:31:00+00:00,156.76800537109375,156.8040008544922,156.76800537109375,156.8040008544922,0.0
2026-09-18 20:32:00+00:00,156.80499267578125,156.8350067138672,156.7949981689453,156.82200622558594,0.0
2026-09-18 20:33:00+00:00,156.8280029296875,156.83299255371094,156.80299377441406,156.80799865722656,0.0
2026-09-18 20:34:00+00:00,156.8040008544922,156.8209991455078,156.80099487304688,156.81399536132812,0.0
2026-09-18 20:35:00+00:00,156.81199645996094,156.82000732421875,156.781005859375,156.7830047607422,0.0
2026-09-18 20:36:00+00:00,156.78199768066406,156.80999755859375,156.78199768066406,156.8000030517578,0.0
2026-09-18 20:37:00+00:00,156.802001953125,156.8090057373047,156.79600524902344,156.8090057373047,0.0
2026-09-18 20:38:00+00:00,156.8040008544922,156.81199645996094,156.7949981689453,156.80999755859375,0.0
2026-09-18 20:39:00+00:00,156.7989959716797,156.81399536132812,156.7989959716797,156.80099487304688,0.0
2026-09-18 20:40:00+00:00,156.80799865722656,156.83799743652344,156.80099487304688,156.8350067138672,0.0
2026-09-18 20:41:00+00:00,156.83700561523438,156.8459930419922,156.81700134277344,156.82899475097656,0.0
2026-09-18 20:42:00+00:00,156.8260040283203,156.85800170898438,156.8209991455078,156.83999633789062,0.0
2026-09-18 20:43:00+00:00,156.8459930419922,156.85000610351562,156.82699584960938,156.83399963378906,0.0
2026-09-18 20:44:00+00:00,156.83399963378906,156.87100219726562,156.83399963378906,156.8560028076172,0.0
2026-09-18 20:45:00+00:00,156.85000610351562,156.8719940185547,156.8300018310547,156.8520050048828,0.0
2026-09-18 20:46:00+00:00,156.85899353027344,156.89300537109375,156.8509979248047,156.86399841308594,0.0
2026-09-18 20:47:00+00:00,156.86300659179688,156.88099670410156,156.8489990234375,156.85400390625,0.0
2026-09-18 20:48:00+00:00,156.86700439453125,156.8780059814453,156.82899475097656,156.8509979248047,0.0
2026-09-18 20:49:00+00:00,156.8419952392578,156.8699951171875,156.8260040283203,156.8470001220703,0.0
2026-09-18 20:50:00+00:00,156.84800720214844,156.8769989013672,156.8459930419922,156.86500549316406,0.0
2026-09-18 20:51:00+00:00,156.8489990234375,156.88299560546875,156.8489990234375,156.85400390625,0.0
2026-09-18 20:52:00+00:00,156.8730010986328,156.9029998779297,156.85299682617188,156.88499450683594,0.0
2026-09-18 20:53:00+00:00,156.89199829101562,156.90199279785156,156.85499572753906,156.8679962158203,0.0
2026-09-18 20:54:00+00:00,156.8679962158203,156.8769989013672,156.8489990234375,156.87600708007812,0.0
2026-09-18 20:55:00+00:00,156.85499572753906,156.88299560546875,156.84500122070312,156.8699951171875,0.0
2026-09-18 20:56:00+00:00,156.8800048828125,156.88299560546875,156.8520050048828,156.87899780273438,0.0
2026-09-18 20:57:00+00:00,156.8679962158203,156.8820037841797,156.8459930419922,156.8679962158203,0.0
2026-09-18 20:58:00+00:00,156.86900329589844,156.89500427246094,156.84300231933594,156.8719940185547,0.0
2026-09-18 20:59:00+00:00,156.84800720214844,156.88800048828125,156.84300231933594,156.84300231933594,0.0
2026-09-18 21:00:00+00:00,156.85499572753906,156.85499572753906,156.85499572753906,156.85499572753906,0.0
2026-09-18 21:01:00+00:00,156.85499572753906,156.85499572753906,156.85499572753906,156.85499572753906,0.0
2026-09-20 23:00:00+00:00,157.05999755859375,157.07200622558594,157.04100036621094,157.07000732421875,0.0
2026-09-20 23:01:00+00:00,157.0659942626953,157.0959930419922,157.05599975585938,157.09500122070312,0.0
2026-09-20 23:02:00+00:00,157.08399963378906,157.1009979248047,157.0679931640625,157.07899475097656,0.0
2026-09-20 23:03:00+00:00,157.07000732421875,157.10699462890625,157.05999755859375,157.09500122070312,0.0
2026-09-20 23:04:00+00:00,157.09500122070312,157.11000061035156,157.0850067138672,157.1060028076172,0.0
2026-09-20 23:05:00+00:00,157.0919952392578,157.10499572753906,157.0679931640625,157.08599853515625,0.0
2026-09-20 23:06:00+00:00,157.0749969482422,157.08599853515625,157.04299926757812,157.04600524902344,0.0
2026-09-20 23:07:00+00:00,157.04800415039062,157.0659942626953,157.02699279785156,157.031005859375,0.0
2026-09-20 23:08:00+00:00,157.02699279785156,157.04800415039062,157.01100158691406,157.04200744628906,0.0
2026-09-20 23:09:00+00:00,157.03700256347656,157.0679931640625,157.031005859375,157.06100463867188,0.0
2026-09-20 23:10:00+00:00,157.05499267578125,157.07000732421875,157.0500030517578,157.06700134277344,0.0
2026-09-20 23:11:00+00:00,157.0590057373047,157.06199645996094,156.99400329589844,156.9980010986328,0.0
2026-09-20 23:12:00+00:00,156.9980010986328,157.02200317382812,156.9949951171875,157.00999450683594,0.0
2026-09-20 23:13:00+00:00,157.01600646972656,157.01699829101562,156.9720001220703,156.98199462890625,0.0
2026-09-20 23:14:00+00:00,156.9739990234375,156.9810028076172,156.89500427246094,156.9010009765625,0.0
2026-09-20 23:15:00+00:00,156.8979949951172,156.9669952392578,156.89599609375,156.9409942626953,0.0
2026-09-20 23:16:00+00:00,156.93899536132812,156.99200439453125,156.92300415039062,156.98300170898438,0.0
2026-09-20 23:17:00+00:00,156.98199462890625,156.99200439453125,156.93800354003906,156.947998046875,0.0
2026-09-20 23:18:00+00:00,156.9530029296875,156.9600067138672,156.92300415039062,156.94400024414062,0.0
2026-09-20 23:19:00+00:00,156.9340057373047,156.95700073242188,156.91799926757812,156.92100524902344,0.0
2026-09-20 23:20:00+00:00,156.9199981689453,156.95899963378906,156.9199981689453,156.95399475097656,0.0
2026-09-20 23:21:00+00:00,156.95899963378906,156.95899963378906,156.92799377441406,156.9320068359375,0.0
2026-09-20 23:22:00+00:00,156.9429931640625,156.94900512695312,156.927001953125,156.93499755859375,0.0
2026-09-20 23:23:00+00:00,156.94000244140625,156.98399353027344,156.92599487304688,156.97900390625,0.0
2026-09-20 23:24:00+00:00,156.968994140625,156.98599243164062,156.95199584960938,156.9550018310547,0.0
2026-09-20 23:25:00+00:00,156.95399475097656,156.96800231933594,156.92999267578125,156.9409942626953,0.0
2026-09-20 23:26:00+00:00,156.9409942626953,157.01600646972656,156.9320068359375,157.00399780273438,0.0
2026-09-20 23:27:00+00:00,157.0030059814453,157.02999877929688,156.98199462890625,157.00799560546875,0.0
2026-09-20 23:28:00+00:00,157.0019989013672,157.02000427246094,156.9929962158203,156.9980010986328,0.0
2026-09-20 23:29:00+00:00,156.9949951171875,157.0189971923828,156.95899963378906,156.96600341796875,0.0
2026-09-20 23:30:00+00:00,156.96600341796875,157.0030059814453,156.96499633789062,156.98300170898438,0.0
2026-09-20 23:31:00+00:00,156.98199462890625,157.02699279785156,156.94500732421875,157.02099609375,0.0
2026-09-20 23:32:00+00:00,157.02099609375,157.03199768066406,157.00100708007812,157.01600646972656,0.0
2026-09-20 23:33:00+00:00,157.0030059814453,157.02099609375,156.98699951171875,156.9949951171875,0.0
2026-09-20 23:34:00+00:00,156.9949951171875,157.04299926757812,156.9770050048828,157.0229949951172,0.0
2026-09-20 23:35:00+00:00,157.03399658203125,157.03399658203125,157.0030059814453,157.03199768066406,0.0
2026-09-20 23:36:00+00:00,157.02099609375,157.0469970703125,157.00799560546875,157.04600524902344,0.0
2026-09-20 23:37:00+00:00,157.03500366210938,157.04400634765625,156.9929962158203,157.0279998779297,0.0
2026-09-20 23:38:00+00:00,157.01699829101562,157.05499267578125,157.01400756835938,157.03700256347656,0.0
2026-09-20 23:39:00+00:00,157.03700256347656,157.04800415039062,157.01800537109375,157.03700256347656,0.0
2026-09-20 23:40:00+00:00,157.03399658203125,157.0469970703125,157.0330047607422,157.03500366210938,0.0
2026-09-20 23:41:00+00:00,157.03399658203125,157.0469970703125,157.02099609375,157.0229949951172,0.0
2026-09-20 23:42:00+00:00,157.0330047607422,157.0330047607422,157.00999450683594,157.031005859375,0.0
2026-09-20 23:43:00+00:00,157.0229949951172,157.03500366210938,157.02099609375,157.02200317382812,0.0
2026-09-20 23:44:00+00:00,157.02499389648438,157.0659942626953,157.02000427246094,157.0590057373047,0.0
2026-09-20 23:45:00+00:00,157.0570068359375,157.05999755859375,157.04200744628906,157.0489959716797,0.0
2026-09-20 23:46:00+00:00,157.0469970703125,157.08399963378906,157.02999877929688,157.07400512695312,0.0
2026-09-20 23:47:00+00:00,157.07400512695312,157.08299255371094,157.04600524902344,157.06300354003906,0.0
2026-09-20 23:48:00+00:00,157.07200622558594,157.08299255371094,157.05799865722656,157.07699584960938,0.0
2026-09-20 23:49:00+00:00,157.07699584960938,157.08299255371094,157.05599975585938,157.07400512695312,0.0
2026-09-20 23:50:00+00:00,157.06300354003906,157.0989990234375,157.0469970703125,157.0570068359375,0.0
2026-09-20 23:51:00+00:00,157.05599975585938,157.10499572753906,157.04800415039062,157.0850067138672,0.0
2026-09-20 23:52:00+00:00,157.08700561523438,157.093994140625,157.0469970703125,157.07400512695312,0.0
2026-09-20 23:53:00+00:00,157.07899475097656,157.10800170898438,157.0570068359375,157.10000610351562,0.0
2026-09-20 23:54:00+00:00,157.09500122070312,157.1060028076172,157.02999877929688,157.05799865722656,0.0
2026-09-20 23:55:00+00:00,157.05299377441406,157.07000732421875,157.03399658203125,157.04400634765625,0.0
2026-09-20 23:56:00+00:00,157.05599975585938,157.05799865722656,157.0279998779297,157.031005859375,0.0
2026-09-20 23:57:00+00:00,157.04299926757812,157.0709991455078,157.03199768066406,157.0590057373047,0.0
2026-09-20 23:58:00+00:00,157.06500244140625,157.0800018310547,157.02699279785156,157.0469970703125,0.0
2026-09-20 23:59:00+00:00,157.0500030517578,157.0709991455078,156.97500610351562,156.9810028076172,0.0
2026-09-21 00:00:00+00:00,156.98399353027344,157.04200744628906,156.97500610351562,157.01800537109375,0.0
2026-09-21 00:01:00+00:00,157.03500366210938,157.0449981689453,157.00399780273438,157.00900268554688,0.0
2026-09-21 00:02:00+00:00,157.01699829101562,157.04600524902344,156.98300170898438,157.0240020751953,0.0
2026-09-21 00:03:00+00:00,157.02699279785156,157.06900024414062,157.0189971923828,157.03799438476562,0.0
2026-09-21 00:04:00+00:00,157.02999877929688,157.04400634765625,156.95899963378906,156.9759979248047,0.0
2026-09-21 00:05:00+00:00,156.97300720214844,156.98199462890625,156.9290008544922,156.94000244140625,0.0
2026-09-21 00:06:00+00:00,156.9499969482422,156.96299743652344,156.9290008544922,156.94400024414062,0.0
2026-09-21 00:07:00+00:00,156.947998046875,156.9770050048828,156.91400146484375,156.9409942626953,0.0
2026-09-21 00:08:00+00:00,156.93299865722656,156.9669952392578,156.92999267578125,156.94400024414062,0.0
2026-09-21 00:09:00+00:00,156.93899536132812,156.9739990234375,156.9290008544922,156.93899536132812,0.0
2026-09-21 00:10:00+00:00,156.9290008544922,156.9720001220703,156.9199981689453,156.96200561523438,0.0
2026-09-21 00:11:00+00:00,156.9600067138672,156.98899841308594,156.86900329589844,156.8820037841797,0.0
2026-09-21 00:12:00+00:00,156.88299560546875,156.91900634765625,156.86399841308594,156.90499877929688,0.0
2026-09-21 00:13:00+00:00,156.9080047607422,156.93299865722656,156.88900756835938,156.9239959716797,0.0
2026-09-21 00:14:00+00:00,156.91400146484375,156.93800354003906,156.9040069580078,156.90899658203125,0.0
2026-09-21 00:15:00+00:00,156.90899658203125,156.96299743652344,156.90899658203125,156.9530029296875,0.0
2026-09-21 00:16:00+00:00,156.94400024414062,156.95599365234375,156.90499877929688,156.90899658203125,0.0
2026-09-21 00:17:00+00:00,156.91099548339844,156.96499633789062,156.9040069580078,156.9340057373047,0.0
2026-09-21 00:18:00+00:00,156.94000244140625,156.97500610351562,156.9290008544922,156.9530029296875,0.0
2026-09-21 00:19:00+00:00,156.95399475097656,156.9739990234375,156.94900512695312,156.96200561523438,0.0
2026-09-21 00:20:00+00:00,156.96099853515625,156.97000122070312,156.95899963378906,156.96099853515625,0.0
2026-09-21 00:21:00+00:00,156.96099853515625,156.98199462890625,156.92999267578125,156.94500732421875,0.0
2026-09-21 00:22:00+00:00,156.9459991455078,156.9949951171875,156.9320068359375,156.99099731445312,0.0
2026-09-21 00:23:00+00:00,156.98199462890625,156.9929962158203,156.88299560546875,156.88600158691406,0.0
2026-09-21 00:24:00+00:00,156.88800048828125,156.89599609375,156.86900329589844,156.88299560546875,0.0
2026-09-21 00:25:00+00:00,156.87399291992188,156.9149932861328,156.87399291992188,156.89700317382812,0.0
2026-09-21 00:26:00+00:00,156.90499877929688,156.91400146484375,156.8730010986328,156.90199279785156,0.0
2026-09-21 00:27:00+00:00,156.8990020751953,156.90899658203125,156.87899780273438,156.88400268554688,0.0
2026-09-21 00:28:00+00:00,156.88400268554688,156.9080047607422,156.87600708007812,156.89700317382812,0.0
2026-09-21 00:29:00+00:00,156.89500427246094,156.90699768066406,156.8820037841797,156.88900756835938,0.0
2026-09-21 00:30:00+00:00,156.88900756835938,156.91299438476562,156.86399841308594,156.8780059814453,0.0
2026-09-21 00:31:00+00:00,156.87600708007812,156.91700744628906,156.87600708007812,156.8979949951172,0.0
2026-09-21 00:32:00+00:00,156.8990020751953,156.91299438476562,156.88800048828125,156.8979949951172,0.0
2026-09-21 00:33:00+00:00,156.90699768066406,156.92100524902344,156.88900756835938,156.9040069580078,0.0
2026-09-21 00:34:00+00:00,156.9040069580078,156.91600036621094,156.8939971923828,156.9010009765625,0.0
2026-09-21 00:35:00+00:00,156.89999389648438,156.91099548339844,156.89700317382812,156.906005859375,0.0
2026-09-21 00:36:00+00:00,156.8990020751953,156.91000366210938,156.89700317382812,156.8979949951172,0.0
2026-09-21 00:37:00+00:00,156.8979949951172,156.94400024414062,156.8820037841797,156.93299865722656,0.0
2026-09-21 00:38:00+00:00,156.9340057373047,156.93699645996094,156.8939971923828,156.90899658203125,0.0
2026-09-21 00:39:00+00:00,156.91600036621094,156.92300415039062,156.87100219726562,156.87100219726562,0.0
2026-09-21 00:40:00+00:00,156.87399291992188,156.88600158691406,156.66700744628906,156.75999450683594,0.0
2026-09-21 00:41:00+00:00,156.7530059814453,156.7949981689453,156.73500061035156,156.75999450683594,0.0
2026-09-21 00:42:00+00:00,156.75999450683594,156.83099365234375,156.73899841308594,156.77999877929688,0.0
2026-09-21 00:43:00+00:00,156.7740020751953,156.8000030517578,156.75399780273438,156.7760009765625,0.0
2026-09-21 00:44:00+00:00,156.7760009765625,156.78399658203125,156.72000122070312,156.76699829101562,0.0
2026-09-21 00:45:00+00:00,156.76400756835938,156.81399536132812,156.7570037841797,156.76499938964844,0.0
2026-09-21 00:46:00+00:00,156.7570037841797,156.77499389648438,156.68800354003906,156.7169952392578,0.0
2026-09-21 00:47:00+00:00,156.70899963378906,156.73399353027344,156.69400024414062,156.7270050048828,0.0
2026-09-21 00:48:00+00:00,156.7239990234375,156.77000427246094,156.7239990234375,156.74400329589844,0.0
2026-09-21 00:49:00+00:00,156.75399780273438,156.79600524902344,156.73899841308594,156.78900146484375,0.0
2026-09-21 00:50:00+00:00,156.78399658203125,156.7949981689453,156.7050018310547,156.7310028076172,0.0
2026-09-21 00:51:00+00:00,156.73699951171875,156.75599670410156,156.70899963378906,156.72999572753906,0.0
2026-09-21 00:52:00+00:00,156.72500610351562,156.75100708007812,156.70799255371094,156.71200561523438,0.0
2026-09-21 00:53:00+00:00,156.70700073242188,156.73899841308594,156.69700622558594,156.72900390625,0.0
2026-09-21 00:54:00+00:00,156.7220001220703,156.79299926757812,156.70799255371094,156.7790069580078,0.0
2026-09-21 00:55:00+00:00,156.78399658203125,156.81199645996094,156.7689971923828,156.81100463867188,0.0
2026-09-21 00:56:00+00:00,156.80299377441406,156.843994140625,156.79400634765625,156.82200622558594,0.0
2026-09-21 00:57:00+00:00,156.8280029296875,156.86900329589844,156.82200622558594,156.85499572753906,0.0
2026-09-21 00:58:00+00:00,156.8520050048828,156.86900329589844,156.843994140625,156.8520050048828,0.0
2026-09-21 00:59:00+00:00,156.8520050048828,156.8699951171875,156.82400512695312,156.86199951171875,0.0
2026-09-21 01:00:00+00:00,156.85899353027344,156.8699951171875,156.8419952392578,156.85800170898438,0.0
2026-09-21 01:01:00+00:00,156.85800170898438,156.89100646972656,156.85800170898438,156.86900329589844,0.0
2026-09-21 01:02:00+00:00,156.8769989013672,156.90699768066406,156.85299682617188,156.8699951171875,0.0
2026-09-21 01:03:00+00:00,156.86700439453125,156.8769989013672,156.8260040283203,156.87399291992188,0.0
2026-09-21 01:04:00+00:00,156.86500549316406,156.8800048828125,156.843994140625,156.84800720214844,0.0
2026-09-21 01:05:00+00:00,156.85699462890625,156.8699951171875,156.83200073242188,156.83599853515625,0.0
2026-09-21 01:06:00+00:00,156.83799743652344,156.84300231933594,156.79200744628906,156.81300354003906,0.0
2026-09-21 01:07:00+00:00,156.80799865722656,156.8560028076172,156.80599975585938,156.83900451660156,0.0
2026-09-21 01:08:00+00:00,156.83299255371094,156.8419952392578,156.7740020751953,156.802001953125,0.0
2026-09-21 01:09:00+00:00,156.80999755859375,156.82000732421875,156.781005859375,156.781005859375,0.0
2026-09-21 01:10:00+00:00,156.781005859375,156.81100463867188,156.75900268554688,156.76400756835938,0.0
2026-09-21 01:11:00+00:00,156.77200317382812,156.78599548339844,156.7519989013672,156.7519989013672,0.0
2026-09-21 01:12:00+00:00,156.7570037841797,156.7729949951172,156.73500061035156,156.74600219726562,0.0
2026-09-21 01:13:00+00:00,156.74600219726562,156.75900268554688,156.7259979248047,156.74200439453125,0.0
2026-09-21 01:14:00+00:00,156.74899291992188,156.76499938964844,156.7259979248047,156.72999572753906,0.0
2026-09-21 01:15:00+00:00,156.73500061035156,156.75999450683594,156.71499633789062,156.7239990234375,0.0
2026-09-21 01:16:00+00:00,156.71800231933594,156.75,156.70199584960938,156.70899963378906,0.0
2026-09-21 01:17:00+00:00,156.71200561523438,156.74600219726562,156.65499877929688,156.74000549316406,0.0
2026-09-21 01:18:00+00:00,156.73599243164062,156.75999450683594,156.7310028076172,156.73699951171875,0.0
2026-09-21 01:19:00+00:00,156.7449951171875,156.74600219726562,156.6959991455078,156.71400451660156,0.0
2026-09-21 01:20:00+00:00,156.71499633789062,156.7209930419922,156.65699768066406,156.66900634765625,0.0
2026-09-21 01:21:00+00:00,156.66700744628906,156.7239990234375,156.66200256347656,156.68800354003906,0.0
2026-09-21 01:22:00+00:00,156.68600463867188,156.70199584960938,156.65899658203125,156.68899536132812,0.0
2026-09-21 01:23:00+00:00,156.6719970703125,156.72000122070312,156.6719970703125,156.70700073242188,0.0
2026-09-21 01:24:00+00:00,156.6999969482422,156.70700073242188,156.58900451660156,156.6009979248047,0.0
2026-09-21 01:25:00+00:00,156.60400390625,156.6320037841797,156.58399963378906,156.61700439453125,0.0
2026-09-21 01:26:00+00:00,156.61700439453125,156.6479949951172,156.57000732421875,156.5800018310547,0.0
2026-09-21 01:27:00+00:00,156.5800018310547,156.61199951171875,156.57400512695312,156.57699584960938,0.0
2026-09-21 01:28:00+00:00,156.57699584960938,156.62100219726562,156.57699584960938,156.60699462890625,0.0
2026-09-21 01:29:00+00:00,156.60699462890625,156.6510009765625,156.6020050048828,156.63999938964844,0.0
2026-09-21 01:30:00+00:00,156.63699340820312,156.66900634765625,156.61900329589844,156.65699768066406,0.0
2026-09-21 01:31:00+00:00,156.6649932861328,156.67300415039062,156.63400268554688,156.64500427246094,0.0
2026-09-21 01:32:00+00:00,156.63699340820312,156.65899658203125,156.6219940185547,156.63900756835938,0.0
2026-09-21 01:33:00+00:00,156.656005859375,156.6750030517578,156.6320037841797,156.64999389648438,0.0
2026-09-21 01:34:00+00:00,156.6490020751953,156.68299865722656,156.63699340820312,156.6719970703125,0.0
2026-09-21 01:35:00+00:00,156.6719970703125,156.6959991455078,156.66600036621094,156.6820068359375,0.0
2026-09-21 01:36:00+00:00,156.68899536132812,156.71299743652344,156.66700744628906,156.71099853515625,0.0
2026-09-21 01:37:00+00:00,156.71099853515625,156.72000122070312,156.6929931640625,156.70599365234375,0.0
2026-09-21 01:38:00+00:00,156.70599365234375,156.7310028076172,156.70399475097656,156.70700073242188,0.0
2026-09-21 01:39:00+00:00,156.70700073242188,156.718994140625,156.69200134277344,156.70399475097656,0.0
2026-09-21 01:40:00+00:00,156.69400024414062,156.70399475097656,156.66900634765625,156.68299865722656,0.0
2026-09-21 01:41:00+00:00,156.6719970703125,156.71800231933594,156.66900634765625,156.71800231933594,0.0
2026-09-21 01:42:00+00:00,156.70799255371094,156.72900390625,156.70599365234375,156.7100067138672,0.0
2026-09-21 01:43:00+00:00,156.70700073242188,156.71499633789062,156.66700744628906,156.6790008544922,0.0
2026-09-21 01:44:00+00:00,156.6699981689453,156.6909942626953,156.64500427246094,156.65699768066406,0.0
2026-09-21 01:45:00+00:00,156.66799926757812,156.6909942626953,156.656005859375,156.6840057373047,0.0
2026-09-21 01:46:00+00:00,156.6719970703125,156.69200134277344,156.6529998779297,156.6540069580078,0.0
2026-09-21 01:47:00+00:00,156.6540069580078,156.67999267578125,156.6439971923828,156.6790008544922,0.0
2026-09-21 01:48:00+00:00,156.67799377441406,156.68099975585938,156.63600158691406,156.63600158691406,0.0
2026-09-21 01:49:00+00:00,156.63600158691406,156.64599609375,156.61599731445312,156.63499450683594,0.0
2026-09-21 01:50:00+00:00,156.63699340820312,156.66900634765625,156.6199951171875,156.65899658203125,0.0
2026-09-21 01:51:00+00:00,156.66799926757812,156.68499755859375,156.64599609375,156.6529998779297,0.0
2026-09-21 01:52:00+00:00,156.6490020751953,156.6750030517578,156.64500427246094,156.65699768066406,0.0
2026-09-21 01:53:00+00:00,156.64700317382812,156.6699981689453,156.63900756835938,156.6699981689453,0.0
2026-09-21 01:54:00+00:00,156.66200256347656,156.6790008544922,156.65899658203125,156.66400146484375,0.0
2026-09-21 01:55:00+00:00,156.66900634765625,156.67799377441406,156.61000061035156,156.63099670410156,0.0
2026-09-21 01:56:00+00:00,156.6219940185547,156.65199279785156,156.61900329589844,156.6439971923828,0.0
2026-09-21 01:57:00+00:00,156.64500427246094,156.6739959716797,156.63400268554688,156.6540069580078,0.0
2026-09-21 01:58:00+00:00,156.65499877929688,156.70799255371094,156.6510009765625,156.70700073242188,0.0
2026-09-21 01:59:00+00:00,156.70599365234375,156.72300720214844,156.69700622558594,156.71400451660156,0.0
2026-09-21 02:00:00+00:00,156.71200561523438,156.76100158691406,156.71099853515625,156.74899291992188,0.0
2026-09-21 02:01:00+00:00,156.7519989013672,156.76699829101562,156.718994140625,156.72799682617188,0.0
2026-09-21 02:02:00+00:00,156.7310028076172,156.73500061035156,156.69900512695312,156.7169952392578,0.0
2026-09-21 02:03:00+00:00,156.71600341796875,156.73800659179688,156.71099853515625,156.73599243164062,0.0
2026-09-21 02:04:00+00:00,156.73699951171875,156.7480010986328,156.72000122070312,156.72799682617188,0.0
2026-09-21 02:05:00+00:00,156.7209930419922,156.75900268554688,156.70899963378906,156.75,0.0
2026-09-21 02:06:00+00:00,156.74899291992188,156.78500366210938,156.74899291992188,156.781005859375,0.0
2026-09-21 02:07:00+00:00,156.77099609375,156.8070068359375,156.76400756835938,156.79200744628906,0.0
2026-09-21 02:08:00+00:00,156.78900146484375,156.79800415039062,156.75399780273438,156.7570037841797,0.0
2026-09-21 02:09:00+00:00,156.75799560546875,156.7830047607422,156.7519989013672,156.77000427246094,0.0
2026-09-21 02:10:00+00:00,156.76699829101562,156.7830047607422,156.7550048828125,156.77999877929688,0.0
2026-09-21 02:11:00+00:00,156.781005859375,156.78500366210938,156.73899841308594,156.7469940185547,0.0
2026-09-21 02:12:00+00:00,156.7480010986328,156.75900268554688,156.73199462890625,156.74200439453125,0.0
2026-09-21 02:13:00+00:00,156.73699951171875,156.7790069580078,156.7239990234375,156.76699829101562,0.0
2026-09-21 02:14:00+00:00,156.76800537109375,156.80299377441406,156.76800537109375,156.80099487304688,0.0
2026-09-21 02:15:00+00:00,156.79200744628906,156.80799865722656,156.76400756835938,156.77200317382812,0.0
2026-09-21 02:16:00+00:00,156.7779998779297,156.80299377441406,156.76800537109375,156.79200744628906,0.0
2026-09-21 02:17:00+00:00,156.79299926757812,156.8209991455078,156.7790069580078,156.79100036621094,0.0
2026-09-21 02:18:00+00:00,156.78199768066406,156.79100036621094,156.7689971923828,156.77699279785156,0.0
2026-09-21 02:19:00+00:00,156.77099609375,156.80599975585938,156.76699829101562,156.7989959716797,0.0
2026-09-21 02:20:00+00:00,156.80099487304688,156.81100463867188,156.7779998779297,156.802001953125,0.0
2026-09-21 02:21:00+00:00,156.8040008544922,156.83700561523438,156.7989959716797,156.8280029296875,0.0
2026-09-21 02:22:00+00:00,156.8280029296875,156.83999633789062,156.82400512695312,156.83299255371094,0.0
2026-09-21 02:23:00+00:00,156.8249969482422,156.86700439453125,156.82400512695312,156.8459930419922,0.0
2026-09-21 02:24:00+00:00,156.83900451660156,156.86199951171875,156.8350067138672,156.84500122070312,0.0
2026-09-21 02:25:00+00:00,156.85299682617188,156.85800170898438,156.81700134277344,156.81900024414062,0.0
2026-09-21 02:26:00+00:00,156.8209991455078,156.83099365234375,156.8070068359375,156.8090057373047,0.0
2026-09-21 02:27:00+00:00,156.81399536132812,156.83799743652344,156.8040008544922,156.8040008544922,0.0
2026-09-21 02:28:00+00:00,156.80799865722656,156.81900024414062,156.80299377441406,156.81399536132812,0.0
2026-09-21 02:29:00+00:00,156.8040008544922,156.83200073242188,156.8040008544922,156.822998046875,0.0
2026-09-21 02:30:00+00:00,156.8260040283203,156.85699462890625,156.822998046875,156.83900451660156,0.0
2026-09-21 02:31:00+00:00,156.8350067138672,156.86399841308594,156.82899475097656,156.84500122070312,0.0
2026-09-21 02:32:00+00:00,156.83900451660156,156.85000610351562,156.78900146484375,156.80599975585938,0.0
2026-09-21 02:33:00+00:00,156.7989959716797,156.8280029296875,156.79200744628906,156.8159942626953,0.0
2026-09-21 02:34:00+00:00,156.8249969482422,156.8350067138672,156.8090057373047,156.81199645996094,0.0
2026-09-21 02:35:00+00:00,156.80999755859375,156.822998046875,156.79400634765625,156.7989959716797,0.0
2026-09-21 02:36:00+00:00,156.79400634765625,156.80799865722656,156.7729949951172,156.7740020751953,0.0
2026-09-21 02:37:00+00:00,156.7760009765625,156.79100036621094,156.76199340820312,156.7760009765625,0.0
2026-09-21 02:38:00+00:00,156.7740020751953,156.79800415039062,156.76800537109375,156.78900146484375,0.0
2026-09-21 02:39:00+00:00,156.79800415039062,156.8070068359375,156.78799438476562,156.7989959716797,0.0
2026-09-21 02:40:00+00:00,156.8000030517578,156.8209991455078,156.79600524902344,156.8159942626953,0.0
2026-09-21 02:41:00+00:00,156.81100463867188,156.81900024414062,156.79600524902344,156.80499267578125,0.0
2026-09-21 02:42:00+00:00,156.8040008544922,156.80999755859375,156.79400634765625,156.79400634765625,0.0
2026-09-21 02:43:00+00:00,156.79400634765625,156.8159942626953,156.78799438476562,156.79800415039062,0.0
2026-09-21 02:44:00+00:00,156.79800415039062,156.8209991455078,156.7969970703125,156.8000030517578,0.0
2026-09-21 02:45:00+00:00,156.8000030517578,156.81199645996094,156.79600524902344,156.7989959716797,0.0
2026-09-21 02:46:00+00:00,156.7989959716797,156.8070068359375,156.78199768066406,156.79200744628906,0.0
2026-09-21 02:47:00+00:00,156.7969970703125,156.8159942626953,156.78900146484375,156.79299926757812,0.0
2026-09-21 02:48:00+00:00,156.79299926757812,156.8260040283203,156.79100036621094,156.8179931640625,0.0
2026-09-21 02:49:00+00:00,156.8179931640625,156.83999633789062,156.8179931640625,156.83399963378906,0.0
2026-09-21 02:50:00+00:00,156.83200073242188,156.84500122070312,156.82899475097656,156.83900451660156,0.0
2026-09-21 02:51:00+00:00,156.83599853515625,156.85400390625,156.8350067138672,156.843994140625,0.0
2026-09-21 02:52:00+00:00,156.8459930419922,156.85400390625,156.82899475097656,156.83700561523438,0.0
2026-09-21 02:53:00+00:00,156.82899475097656,156.8459930419922,156.8260040283203,156.83399963378906,0.0
2026-09-21 02:54:00+00:00,156.83799743652344,156.85400390625,156.8260040283203,156.84500122070312,0.0
2026-09-21 02:55:00+00:00,156.84500122070312,156.8699951171875,156.843994140625,156.86900329589844,0.0
2026-09-21 02:56:00+00:00,156.86300659179688,156.875,156.85800170898438,156.86399841308594,0.0
2026-09-21 02:57:00+00:00,156.86000061035156,156.8769989013672,156.85400390625,156.8699951171875,0.0
2026-09-21 02:58:00+00:00,156.86700439453125,156.89300537109375,156.86700439453125,156.87100219726562,0.0
2026-09-21 02:59:00+00:00,156.87100219726562,156.89199829101562,156.87100219726562,156.8820037841797,0.0
2026-09-21 03:00:00+00:00,156.8820037841797,156.906005859375,156.8820037841797,156.89999389648438,0.0
2026-09-21 03:01:00+00:00,156.90499877929688,156.9250030517578,156.89700317382812,156.92100524902344,0.0
2026-09-21 03:02:00+00:00,156.91799926757812,156.93899536132812,156.906005859375,156.9340057373047,0.0
2026-09-21 03:03:00+00:00,156.927001953125,156.947998046875,156.91700744628906,156.9219970703125,0.0
2026-09-21 03:04:00+00:00,156.927001953125,156.93499755859375,156.89500427246094,156.89500427246094,0.0
2026-09-21 03:05:00+00:00,156.89500427246094,156.92999267578125,156.89500427246094,156.92300415039062,0.0
2026-09-21 03:06:00+00:00,156.9219970703125,156.92999267578125,156.91000366210938,156.91700744628906,0.0
2026-09-21 03:07:00+00:00,156.91700744628906,156.92999267578125,156.91400146484375,156.92300415039062,0.0
2026-09-21 03:08:00+00:00,156.92300415039062,156.9290008544922,156.91700744628906,156.92300415039062,0.0
2026-09-21 03:09:00+00:00,156.91700744628906,156.95199584960938,156.91700744628906,156.9510040283203,0.0
2026-09-21 03:10:00+00:00,156.93299865722656,156.94000244140625,156.91700744628906,156.93299865722656,0.0
2026-09-21 03:11:00+00:00,156.9239959716797,156.94700622558594,156.91900634765625,156.93600463867188,0.0
2026-09-21 03:12:00+00:00,156.93600463867188,156.9550018310547,156.9340057373047,156.9459991455078,0.0
2026-09-21 03:13:00+00:00,156.9530029296875,156.9550018310547,156.93299865722656,156.94000244140625,0.0
2026-09-21 03:14:00+00:00,156.9340057373047,156.94000244140625,156.9040069580078,156.906005859375,0.0
2026-09-21 03:15:00+00:00,156.906005859375,156.91600036621094,156.88999938964844,156.89500427246094,0.0
2026-09-21 03:16:00+00:00,156.89300537109375,156.9080047607422,156.88900756835938,156.89100646972656,0.0
2026-09-21 03:17:00+00:00,156.89100646972656,156.90499877929688,156.89100646972656,156.90499877929688,0.0
2026-09-21 03:18:00+00:00,156.8990020751953,156.90699768066406,156.88699340820312,156.88999938964844,0.0
2026-09-21 03:19:00+00:00,156.88999938964844,156.9029998779297,156.86900329589844,156.88999938964844,0.0
2026-09-21 03:20:00+00:00,156.88400268554688,156.8990020751953,156.87899780273438,156.88600158691406,0.0
2026-09-21 03:21:00+00:00,156.88600158691406,156.91799926757812,156.8820037841797,156.91200256347656,0.0
2026-09-21 03:22:00+00:00,156.91299438476562,156.92999267578125,156.89599609375,156.9239959716797,0.0
2026-09-21 03:23:00+00:00,156.91900634765625,156.93600463867188,156.91600036621094,156.92599487304688,0.0
2026-09-21 03:24:00+00:00,156.9219970703125,156.93899536132812,156.91600036621094,156.91799926757812,0.0
2026-09-21 03:25:00+00:00,156.91799926757812,156.92599487304688,156.8990020751953,156.92300415039062,0.0
2026-09-21 03:26:00+00:00,156.91900634765625,156.9429931640625,156.91600036621094,156.93499755859375,0.0
2026-09-21 03:27:00+00:00,156.9340057373047,156.9459991455078,156.91900634765625,156.9219970703125,0.0
2026-09-21 03:28:00+00:00,156.9219970703125,156.9290008544922,156.91700744628906,156.91799926757812,0.0
2026-09-21 03:29:00+00:00,156.91799926757812,156.93099975585938,156.9149932861328,156.9290008544922,0.0
2026-09-21 03:30:00+00:00,156.927001953125,156.95199584960938,156.91700744628906,156.9250030517578,0.0
2026-09-21 03:31:00+00:00,156.9199981689453,156.92799377441406,156.89999389648438,156.91700744628906,0.0
2026-09-21 03:32:00+00:00,156.91700744628906,156.9340057373047,156.89500427246094,156.89999389648438,0.0
2026-09-21 03:33:00+00:00,156.90199279785156,156.9080047607422,156.89700317382812,156.8979949951172,0.0
2026-09-21 03:34:00+00:00,156.90499877929688,156.9290008544922,156.89500427246094,156.927001953125,0.0
2026-09-21 03:35:00+00:00,156.9219970703125,156.93099975585938,156.88999938964844,156.89700317382812,0.0
2026-09-21 03:36:00+00:00,156.89999389648438,156.91799926757812,156.8939971923828,156.91200256347656,0.0
2026-09-21 03:37:00+00:00,156.9080047607422,156.91600036621094,156.88800048828125,156.89999389648438,0.0
2026-09-21 03:38:00+00:00,156.8990020751953,156.90499877929688,156.88999938964844,156.8939971923828,0.0
2026-09-21 03:39:00+00:00,156.8990020751953,156.89999389648438,156.8780059814453,156.88400268554688,0.0
2026-09-21 03:40:00+00:00,156.88600158691406,156.9029998779297,156.8769989013672,156.8820037841797,0.0
2026-09-21 03:41:00+00:00,156.88400268554688,156.88800048828125,156.8719940185547,156.8719940185547,0.0
2026-09-21 03:42:00+00:00,156.87899780273438,156.91099548339844,156.8719940185547,156.90199279785156,0.0
2026-09-21 03:43:00+00:00,156.90199279785156,156.947998046875,156.89700317382812,156.94000244140625,0.0
2026-09-21 03:44:00+00:00,156.9459991455078,156.9499969482422,156.91700744628906,156.91900634765625,0.0
2026-09-21 03:45:00+00:00,156.91900634765625,156.92799377441406,156.9040069580078,156.91700744628906,0.0
2026-09-21 03:46:00+00:00,156.91799926757812,156.92599487304688,156.90199279785156,156.91700744628906,0.0
2026-09-21 03:47:00+00:00,156.91099548339844,156.92999267578125,156.8939971923828,156.9219970703125,0.0
2026-09-21 03:48:00+00:00,156.9219970703125,156.9550018310547,156.9219970703125,156.94700622558594,0.0
2026-09-21 03:49:00+00:00,156.9510040283203,156.95599365234375,156.92599487304688,156.93099975585938,0.0
2026-09-21 03:50:00+00:00,156.9320068359375,156.9429931640625,156.9290008544922,156.92999267578125,0.0
2026-09-21 03:51:00+00:00,156.9340057373047,156.9429931640625,156.93099975585938,156.93299865722656,0.0
2026-09-21 03:52:00+00:00,156.93099975585938,156.96499633789062,156.91900634765625,156.9600067138672,0.0
2026-09-21 03:53:00+00:00,156.96400451660156,156.9739990234375,156.9409942626953,156.9459991455078,0.0
2026-09-21 03:54:00+00:00,156.947998046875,156.9720001220703,156.94200134277344,156.95899963378906,0.0
2026-09-21 03:55:00+00:00,156.9530029296875,156.96400451660156,156.9530029296875,156.95700073242188,0.0
2026-09-21 03:56:00+00:00,156.95700073242188,156.96800231933594,156.94400024414062,156.9510040283203,0.0
2026-09-21 03:57:00+00:00,156.9429931640625,156.9550018310547,156.93899536132812,156.94400024414062,0.0
2026-09-21 03:58:00+00:00,156.94200134277344,156.95399475097656,156.93899536132812,156.94400024414062,0.0
2026-09-21 03:59:00+00:00,156.9429931640625,156.9550018310547,156.93699645996094,156.94400024414062,0.0
2026-09-21 04:00:00+00:00,156.9499969482422,156.99000549316406,156.93899536132812,156.98500061035156,0.0
2026-09-21 04:01:00+00:00,156.98199462890625,156.99099731445312,156.9770050048828,156.98699951171875,0.0
2026-09-21 04:02:00+00:00,156.98399353027344,156.99600219726562,156.97900390625,156.98199462890625,0.0
2026-09-21 04:03:00+00:00,156.98899841308594,156.9929962158203,156.98199462890625,156.98199462890625,0.0
2026-09-21 04:04:00+00:00,156.98800659179688,157.01600646972656,156.98199462890625,157.01300048828125,0.0
2026-09-21 04:05:00+00:00,157.0050048828125,157.0279998779297,157.00399780273438,157.0189971923828,0.0
2026-09-21 04:06:00+00:00,157.02200317382812,157.06700134277344,157.0189971923828,157.0469970703125,0.0
2026-09-21 04:07:00+00:00,157.04400634765625,157.06700134277344,157.03900146484375,157.0540008544922,0.0
2026-09-21 04:08:00+00:00,157.0540008544922,157.07699584960938,157.052001953125,157.0679931640625,0.0
2026-09-21 04:09:00+00:00,157.06700134277344,157.0749969482422,157.03799438476562,157.05799865722656,0.0
2026-09-21 04:10:00+00:00,157.0590057373047,157.0590057373047,157.0279998779297,157.0290069580078,0.0
2026-09-21 04:11:00+00:00,157.03799438476562,157.08399963378906,157.0290069580078,157.06900024414062,0.0
2026-09-21 04:12:00+00:00,157.0659942626953,157.0780029296875,157.05799865722656,157.06500244140625,0.0
2026-09-21 04:13:00+00:00,157.0709991455078,157.07200622558594,157.0260009765625,157.03399658203125,0.0
2026-09-21 04:14:00+00:00,157.03399658203125,157.05099487304688,157.03199768066406,157.0489959716797,0.0
2026-09-21 04:15:00+00:00,157.04299926757812,157.0500030517578,157.0189971923828,157.02499389648438,0.0
2026-09-21 04:16:00+00:00,157.0290069580078,157.031005859375,157.0019989013672,157.00900268554688,0.0
2026-09-21 04:17:00+00:00,157.00399780273438,157.02499389648438,156.99200439453125,157.01499938964844,0.0
2026-09-21 04:18:00+00:00,157.01699829101562,157.0330047607422,157.01400756835938,157.0290069580078,0.0
2026-09-21 04:19:00+00:00,157.0189971923828,157.03700256347656,157.0189971923828,157.03500366210938,0.0
2026-09-21 04:20:00+00:00,157.03199768066406,157.03700256347656,157.01199340820312,157.02099609375,0.0
2026-09-21 04:21:00+00:00,157.01800537109375,157.02499389648438,156.98899841308594,156.98899841308594,0.0
2026-09-21 04:22:00+00:00,156.98899841308594,157.03199768066406,156.98899841308594,157.02200317382812,0.0
2026-09-21 04:23:00+00:00,157.02200317382812,157.04800415039062,157.02000427246094,157.04200744628906,0.0
2026-09-21 04:24:00+00:00,157.0399932861328,157.04800415039062,157.0019989013672,157.00900268554688,0.0
2026-09-21 04:25:00+00:00,157.00399780273438,157.03799438476562,156.99899291992188,157.03700256347656,0.0
2026-09-21 04:26:00+00:00,157.03599548339844,157.03599548339844,156.99899291992188,157.0229949951172,0.0
2026-09-21 04:27:00+00:00,157.01400756835938,157.03500366210938,157.01400756835938,157.01600646972656,0.0
2026-09-21 04:28:00+00:00,157.01600646972656,157.02999877929688,157.00999450683594,157.01600646972656,0.0
2026-09-21 04:29:00+00:00,157.0229949951172,157.03500366210938,156.98899841308594,156.9969940185547,0.0
2026-09-21 04:30:00+00:00,156.9929962158203,157.031005859375,156.9929962158203,157.02099609375,0.0
2026-09-21 04:31:00+00:00,157.02200317382812,157.03900146484375,156.99899291992188,157.02499389648438,0.0
2026-09-21 04:32:00+00:00,157.02499389648438,157.0449981689453,157.00900268554688,157.00900268554688,0.0
2026-09-21 04:33:00+00:00,157.00999450683594,157.02999877929688,157.0019989013672,157.01400756835938,0.0
2026-09-21 04:34:00+00:00,157.01400756835938,157.03599548339844,157.01199340820312,157.0279998779297,0.0
2026-09-21 04:35:00+00:00,157.0240020751953,157.04600524902344,157.02200317382812,157.031005859375,0.0
2026-09-21 04:36:00+00:00,157.02699279785156,157.03900146484375,157.02200317382812,157.0290069580078,0.0
2026-09-21 04:37:00+00:00,157.02999877929688,157.0469970703125,156.99899291992188,157.00599670410156,0.0
2026-09-21 04:38:00+00:00,157.0019989013672,157.02499389648438,157.0019989013672,157.0189971923828,0.0
2026-09-21 04:39:00+00:00,157.01400756835938,157.03700256347656,156.98899841308594,156.99600219726562,0.0
2026-09-21 04:40:00+00:00,156.98899841308594,157.00999450683594,156.98599243164062,156.98699951171875,0.0
2026-09-21 04:41:00+00:00,156.99000549316406,157.0019989013672,156.96400451660156,156.97300720214844,0.0
2026-09-21 04:42:00+00:00,156.96400451660156,156.9980010986328,156.96400451660156,156.99099731445312,0.0
2026-09-21 04:43:00+00:00,156.99099731445312,156.9949951171875,156.97300720214844,156.97799682617188,0.0
2026-09-21 04:44:00+00:00,156.97799682617188,156.99099731445312,156.97300720214844,156.98800659179688,0.0
2026-09-21 04:45:00+00:00,156.98199462890625,156.98899841308594,156.9739990234375,156.98300170898438,0.0
2026-09-21 04:46:00+00:00,156.9810028076172,157.0030059814453,156.97799682617188,156.99400329589844,0.0
2026-09-21 04:47:00+00:00,156.9980010986328,157.0070037841797,156.98699951171875,157.00100708007812,0.0
2026-09-21 04:48:00+00:00,156.99899291992188,157.01199340820312,156.98699951171875,156.9929962158203,0.0
2026-09-21 04:49:00+00:00,156.98899841308594,157.00799560546875,156.98399353027344,157.0,0.0
2026-09-21 04:50:00+00:00,157.0,157.01199340820312,156.99899291992188,157.0030059814453,0.0
2026-09-21 04:51:00+00:00,157.0030059814453,157.04200744628906,156.99200439453125,157.01400756835938,0.0
2026-09-21 04:52:00+00:00,157.01400756835938,157.02000427246094,156.99899291992188,157.01400756835938,0.0
2026-09-21 04:53:00+00:00,157.01199340820312,157.03599548339844,157.00900268554688,157.0189971923828,0.0
2026-09-21 04:54:00+00:00,157.02000427246094,157.0240020751953,157.00799560546875,157.01499938964844,0.0
2026-09-21 04:55:00+00:00,157.01600646972656,157.02699279785156,156.98899841308594,157.0030059814453,0.0
2026-09-21 04:56:00+00:00,156.9949951171875,157.01400756835938,156.98699951171875,157.0070037841797,0.0
2026-09-21 04:57:00+00:00,157.0070037841797,157.02999877929688,157.0019989013672,157.0030059814453,0.0
2026-09-21 04:58:00+00:00,157.0030059814453,157.0279998779297,157.0030059814453,157.01400756835938,0.0
2026-09-21 04:59:00+00:00,157.01199340820312,157.0260009765625,157.00900268554688,157.02000427246094,0.0
2026-09-21 05:00:00+00:00,157.01400756835938,157.0279998779297,156.98599243164062,157.01100158691406,0.0
2026-09-21 05:01:00+00:00,157.0030059814453,157.02099609375,157.0,157.00399780273438,0.0
2026-09-21 05:02:00+00:00,157.0050048828125,157.0330047607422,157.0019989013672,157.02000427246094,0.0
2026-09-21 05:03:00+00:00,157.01199340820312,157.031005859375,157.00999450683594,157.0189971923828,0.0
2026-09-21 05:04:00+00:00,157.01600646972656,157.03799438476562,157.01600646972656,157.03399658203125,0.0
2026-09-21 05:05:00+00:00,157.02699279785156,157.0449981689453,157.02099609375,157.03399658203125,0.0
2026-09-21 05:06:00+00:00,157.0260009765625,157.03399658203125,157.02000427246094,157.02999877929688,0.0
2026-09-21 05:07:00+00:00,157.02099609375,157.0260009765625,157.0,157.02000427246094,0.0
2026-09-21 05:08:00+00:00,157.01199340820312,157.0290069580078,157.00900268554688,157.01699829101562,0.0
2026-09-21 05:09:00+00:00,157.01400756835938,157.03900146484375,157.01400756835938,157.031005859375,0.0
2026-09-21 05:10:00+00:00,157.03799438476562,157.03799438476562,157.01600646972656,157.03399658203125,0.0
2026-09-21 05:11:00+00:00,157.0330047607422,157.03399658203125,157.01400756835938,157.02200317382812,0.0
2026-09-21 05:12:00+00:00,157.0240020751953,157.0449981689453,157.0189971923828,157.02200317382812,0.0
2026-09-21 05:13:00+00:00,157.02200317382812,157.03799438476562,157.01699829101562,157.02200317382812,0.0
2026-09-21 05:14:00+00:00,157.02200317382812,157.03399658203125,157.0189971923828,157.02000427246094,0.0
2026-09-21 05:15:00+00:00,157.02000427246094,157.0399932861328,157.0070037841797,157.02699279785156,0.0
2026-09-21 05:16:00+00:00,157.02699279785156,157.03599548339844,157.00900268554688,157.01400756835938,0.0
2026-09-21 05:17:00+00:00,157.00900268554688,157.03399658203125,157.00900268554688,157.01600646972656,0.0
2026-09-21 05:18:00+00:00,157.01499938964844,157.02499389648438,156.98399353027344,156.98699951171875,0.0
2026-09-21 05:19:00+00:00,156.98699951171875,157.00999450683594,156.98699951171875,157.00900268554688,0.0
2026-09-21 05:20:00+00:00,156.99899291992188,157.00900268554688,156.9770050048828,156.98199462890625,0.0
2026-09-21 05:21:00+00:00,156.98599243164062,156.99099731445312,156.96800231933594,156.9709930419922,0.0
2026-09-21 05:22:00+00:00,156.9720001220703,156.98800659179688,156.97000122070312,156.97500610351562,0.0
2026-09-21 05:23:00+00:00,156.97999572753906,157.00799560546875,156.97300720214844,157.0050048828125,0.0
2026-09-21 05:24:00+00:00,156.99899291992188,157.01300048828125,156.99899291992188,157.0030059814453,0.0
2026-09-21 05:25:00+00:00,157.0070037841797,157.02200317382812,157.0019989013672,157.00900268554688,0.0
2026-09-21 05:26:00+00:00,157.00799560546875,157.01199340820312,156.98699951171875,156.9969940185547,0.0
2026-09-21 05:27:00+00:00,156.98899841308594,157.01300048828125,156.98899841308594,157.00999450683594,0.0
2026-09-21 05:28:00+00:00,157.0030059814453,157.02099609375,157.0019989013672,157.01499938964844,0.0
2026-09-21 05:29:00+00:00,157.01199340820312,157.02200317382812,157.00999450683594,157.02000427246094,0.0
2026-09-21 05:30:00+00:00,157.01199340820312,157.03500366210938,157.0,157.01199340820312,0.0
2026-09-21 05:31:00+00:00,157.0019989013672,157.01300048828125,156.98899841308594,156.9929962158203,0.0
2026-09-21 05:32:00+00:00,156.9929962158203,157.0260009765625,156.99200439453125,157.01800537109375,0.0
2026-09-21 05:33:00+00:00,157.01800537109375,157.0399932861328,157.00999450683594,157.01499938964844,0.0
2026-09-21 05:34:00+00:00,157.01400756835938,157.02099609375,157.00999450683594,157.01300048828125,0.0
2026-09-21 05:35:00+00:00,157.01300048828125,157.0570068359375,157.01300048828125,157.0469970703125,0.0
2026-09-21 05:36:00+00:00,157.0469970703125,157.05499267578125,157.03199768066406,157.04800415039062,0.0
2026-09-21 05:37:00+00:00,157.04299926757812,157.0590057373047,157.04200744628906,157.04800415039062,0.0
2026-09-21 05:38:00+00:00,157.0489959716797,157.05999755859375,157.04600524902344,157.04800415039062,0.0
2026-09-21 05:39:00+00:00,157.0469970703125,157.05599975585938,157.02499389648438,157.0399932861328,0.0
2026-09-21 05:40:00+00:00,157.03599548339844,157.0500030517578,157.03599548339844,157.03700256347656,0.0
2026-09-21 05:41:00+00:00,157.03700256347656,157.0590057373047,157.0330047607422,157.0500030517578,0.0
2026-09-21 05:42:00+00:00,157.0500030517578,157.08700561523438,157.0500030517578,157.0760040283203,0.0
2026-09-21 05:43:00+00:00,157.0760040283203,157.08399963378906,157.06100463867188,157.07400512695312,0.0
2026-09-21 05:44:00+00:00,157.06700134277344,157.0749969482422,157.05999755859375,157.06300354003906,0.0
2026-09-21 05:45:00+00:00,157.06300354003906,157.09800720214844,157.06300354003906,157.08700561523438,0.0
2026-09-21 05:46:00+00:00,157.08700561523438,157.12100219726562,157.07400512695312,157.11199951171875,0.0
2026-09-21 05:47:00+00:00,157.10899353027344,157.14199829101562,157.09800720214844,157.1009979248047,0.0
2026-09-21 05:48:00+00:00,157.1009979248047,157.10899353027344,157.0850067138672,157.10000610351562,0.0
2026-09-21 05:49:00+00:00,157.10000610351562,157.10899353027344,157.072998046875,157.0749969482422,0.0
2026-09-21 05:50:00+00:00,157.08299255371094,157.08700561523438,157.05099487304688,157.05999755859375,0.0
2026-09-21 05:51:00+00:00,157.0590057373047,157.0709991455078,157.04800415039062,157.0540008544922,0.0
2026-09-21 05:52:00+00:00,157.05499267578125,157.06399536132812,157.0500030517578,157.0540008544922,0.0
2026-09-21 05:53:00+00:00,157.052001953125,157.06300354003906,157.04800415039062,157.052001953125,0.0
2026-09-21 05:54:00+00:00,157.05099487304688,157.05999755859375,157.03799438476562,157.04200744628906,0.0
2026-09-21 05:55:00+00:00,157.0489959716797,157.0570068359375,157.0330047607422,157.05599975585938,0.0
2026-09-21 05:56:00+00:00,157.0489959716797,157.06399536132812,157.02699279785156,157.0469970703125,0.0
2026-09-21 05:57:00+00:00,157.03900146484375,157.04600524902344,157.01400756835938,157.03799438476562,0.0
2026-09-21 05:58:00+00:00,157.04299926757812,157.0489959716797,157.02699279785156,157.04200744628906,0.0
2026-09-21 05:59:00+00:00,157.04200744628906,157.0679931640625,157.0290069580078,157.05599975585938,0.0
2026-09-21 06:00:00+00:00,157.0570068359375,157.08799743652344,157.0469970703125,157.06700134277344,0.0
2026-09-21 06:01:00+00:00,157.0709991455078,157.10299682617188,157.0679931640625,157.0850067138672,0.0
2026-09-21 06:02:00+00:00,157.0780029296875,157.09500122070312,157.0679931640625,157.08200073242188,0.0
2026-09-21 06:03:00+00:00,157.08999633789062,157.1179962158203,157.08200073242188,157.11000061035156,0.0
2026-09-21 06:04:00+00:00,157.10899353027344,157.11900329589844,157.05599975585938,157.05599975585938,0.0
2026-09-21 06:05:00+00:00,157.06199645996094,157.0709991455078,157.0469970703125,157.05799865722656,0.0
2026-09-21 06:06:00+00:00,157.05799865722656,157.072998046875,157.03700256347656,157.05599975585938,0.0
2026-09-21 06:07:00+00:00,157.05599975585938,157.0760040283203,157.0489959716797,157.06199645996094,0.0
2026-09-21 06:08:00+00:00,157.05599975585938,157.08399963378906,157.0500030517578,157.05599975585938,0.0
2026-09-21 06:09:00+00:00,157.05599975585938,157.06399536132812,157.0469970703125,157.05599975585938,0.0
2026-09-21 06:10:00+00:00,157.05599975585938,157.06399536132812,157.03399658203125,157.04200744628906,0.0
2026-09-21 06:11:00+00:00,157.04200744628906,157.07400512695312,157.0399932861328,157.06199645996094,0.0
2026-09-21 06:12:00+00:00,157.06199645996094,157.0749969482422,157.0500030517578,157.0570068359375,0.0
2026-09-21 06:13:00+00:00,157.0570068359375,157.0709991455078,157.05099487304688,157.0540008544922,0.0
2026-09-21 06:14:00+00:00,157.05799865722656,157.06300354003906,157.03500366210938,157.03700256347656,0.0
2026-09-21 06:15:00+00:00,157.03700256347656,157.072998046875,157.03399658203125,157.05999755859375,0.0
2026-09-21 06:16:00+00:00,157.0590057373047,157.0760040283203,157.0489959716797,157.06700134277344,0.0
2026-09-21 06:17:00+00:00,157.06700134277344,157.0749969482422,157.0540008544922,157.05799865722656,0.0
2026-09-21 06:18:00+00:00,157.05799865722656,157.0659942626953,157.03500366210938,157.03700256347656,0.0
2026-09-21 06:19:00+00:00,157.0449981689453,157.0540008544922,157.03700256347656,157.0489959716797,0.0
2026-09-21 06:20:00+00:00,157.04800415039062,157.06399536132812,157.0399932861328,157.0590057373047,0.0
2026-09-21 06:21:00+00:00,157.05499267578125,157.07400512695312,157.0500030517578,157.0590057373047,0.0
2026-09-21 06:22:00+00:00,157.0590057373047,157.07000732421875,157.04400634765625,157.0540008544922,0.0
2026-09-21 06:23:00+00:00,157.0540008544922,157.06399536132812,157.04299926757812,157.05099487304688,0.0
2026-09-21 06:24:00+00:00,157.04800415039062,157.052001953125,157.0240020751953,157.03700256347656,0.0
2026-09-21 06:25:00+00:00,157.04400634765625,157.04600524902344,157.0290069580078,157.0330047607422,0.0
2026-09-21 06:26:00+00:00,157.0330047607422,157.05299377441406,157.02499389648438,157.04100036621094,0.0
2026-09-21 06:27:00+00:00,157.03399658203125,157.04100036621094,157.0240020751953,157.03399658203125,0.0
2026-09-21 06:28:00+00:00,157.0399932861328,157.04400634765625,157.0279998779297,157.03399658203125,0.0
2026-09-21 06:29:00+00:00,157.03199768066406,157.03900146484375,157.0019989013672,157.00399780273438,0.0
2026-09-21 06:30:00+00:00,157.00399780273438,157.02999877929688,157.0,157.02099609375,0.0
2026-09-21 06:31:00+00:00,157.01400756835938,157.02499389648438,157.0019989013672,157.01499938964844,0.0
2026-09-21 06:32:00+00:00,157.01400756835938,157.01499938964844,156.98699951171875,156.99000549316406,0.0
2026-09-21 06:33:00+00:00,156.99000549316406,157.0229949951172,156.98199462890625,157.02200317382812,0.0
2026-09-21 06:34:00+00:00,157.01499938964844,157.031005859375,156.9969940185547,157.02000427246094,0.0
2026-09-21 06:35:00+00:00,157.02000427246094,157.05099487304688,157.01800537109375,157.04600524902344,0.0
2026-09-21 06:36:00+00:00,157.0399932861328,157.0489959716797,157.0279998779297,157.03799438476562,0.0
2026-09-21 06:37:00+00:00,157.0290069580078,157.04299926757812,157.0189971923828,157.03900146484375,0.0
2026-09-21 06:38:00+00:00,157.04100036621094,157.0570068359375,157.0290069580078,157.03700256347656,0.0
2026-09-21 06:39:00+00:00,157.03399658203125,157.04800415039062,157.01600646972656,157.0260009765625,0.0
2026-09-21 06:40:00+00:00,157.0279998779297,157.03900146484375,157.0019989013672,157.00999450683594,0.0
2026-09-21 06:41:00+00:00,157.00799560546875,157.04299926757812,157.0019989013672,157.0330047607422,0.0
2026-09-21 06:42:00+00:00,157.02499389648438,157.04600524902344,157.02499389648438,157.04600524902344,0.0
2026-09-21 06:43:00+00:00,157.03900146484375,157.052001953125,157.02499389648438,157.03500366210938,0.0
2026-09-21 06:44:00+00:00,157.02699279785156,157.03599548339844,157.01499938964844,157.01600646972656,0.0
2026-09-21 06:45:00+00:00,157.01600646972656,157.0399932861328,157.01300048828125,157.0279998779297,0.0
2026-09-21 06:46:00+00:00,157.0279998779297,157.03900146484375,157.00399780273438,157.02099609375,0.0
2026-09-21 06:47:00+00:00,157.01400756835938,157.0330047607422,157.01100158691406,157.02000427246094,0.0
2026-09-21 06:48:00+00:00,157.031005859375,157.0330047607422,157.01400756835938,157.0279998779297,0.0
2026-09-21 06:49:00+00:00,157.02499389648438,157.04600524902344,157.02499389648438,157.04600524902344,0.0
2026-09-21 06:50:00+00:00,157.03799438476562,157.0469970703125,157.01400756835938,157.0229949951172,0.0
2026-09-21 06:51:00+00:00,157.0189971923828,157.03599548339844,157.01400756835938,157.03199768066406,0.0
2026-09-21 06:52:00+00:00,157.03700256347656,157.052001953125,157.02200317382812,157.031005859375,0.0
2026-09-21 06:53:00+00:00,157.02499389648438,157.05099487304688,157.0229949951172,157.05099487304688,0.0
2026-09-21 06:54:00+00:00,157.0399932861328,157.06399536132812,157.03900146484375,157.05299377441406,0.0
2026-09-21 06:55:00+00:00,157.05799865722656,157.07200622558594,157.0500030517578,157.0590057373047,0.0
2026-09-21 06:56:00+00:00,157.05299377441406,157.06500244140625,157.03500366210938,157.05099487304688,0.0
2026-09-21 06:57:00+00:00,157.04200744628906,157.05799865722656,157.03500366210938,157.052001953125,0.0
2026-09-21 06:58:00+00:00,157.0500030517578,157.0709991455078,157.04800415039062,157.06900024414062,0.0
2026-09-21 06:59:00+00:00,157.06100463867188,157.07000732421875,157.052001953125,157.06100463867188,0.0
2026-09-21 07:00:00+00:00,157.06100463867188,157.1300048828125,157.04800415039062,157.11300659179688,0.0
2026-09-21 07:01:00+00:00,157.11500549316406,157.14100646972656,157.11199951171875,157.11500549316406,0.0
2026-09-21 07:02:00+00:00,157.11500549316406,157.1269989013672,157.10000610351562,157.10299682617188,0.0
2026-09-21 07:03:00+00:00,157.10400390625,157.10800170898438,157.08599853515625,157.09800720214844,0.0
2026-09-21 07:04:00+00:00,157.10499572753906,157.125,157.072998046875,157.07400512695312,0.0
2026-09-21 07:05:00+00:00,157.08099365234375,157.0970001220703,157.072998046875,157.0749969482422,0.0
2026-09-21 07:06:00+00:00,157.08200073242188,157.1009979248047,157.07200622558594,157.10000610351562,0.0
2026-09-21 07:07:00+00:00,157.09100341796875,157.1060028076172,157.08700561523438,157.093994140625,0.0
2026-09-21 07:08:00+00:00,157.09300231933594,157.14100646972656,157.08999633789062,157.1269989013672,0.0
2026-09-21 07:09:00+00:00,157.1269989013672,157.13600158691406,157.08700561523438,157.125,0.0
2026-09-21 07:10:00+00:00,157.1230010986328,157.16000366210938,157.1230010986328,157.14999389648438,0.0
2026-09-21 07:11:00+00:00,157.14999389648438,157.16000366210938,157.12600708007812,157.13900756835938,0.0
2026-09-21 07:12:00+00:00,157.1439971923828,157.17599487304688,157.13600158691406,157.16700744628906,0.0
2026-09-21 07:13:00+00:00,157.1739959716797,157.19700622558594,157.16700744628906,157.1840057373047,0.0
2026-09-21 07:14:00+00:00,157.1840057373047,157.2050018310547,157.1739959716797,157.177001953125,0.0
2026-09-21 07:15:00+00:00,157.17599487304688,157.19500732421875,157.16400146484375,157.1840057373047,0.0
2026-09-21 07:16:00+00:00,157.18299865722656,157.2010040283203,157.17999267578125,157.19400024414062,0.0
2026-09-21 07:17:00+00:00,157.19500732421875,157.218994140625,157.1820068359375,157.20899963378906,0.0
2026-09-21 07:18:00+00:00,157.21600341796875,157.2429962158203,157.20700073242188,157.22999572753906,0.0
2026-09-21 07:19:00+00:00,157.22999572753906,157.25599670410156,157.2239990234375,157.24899291992188,0.0
2026-09-21 07:20:00+00:00,157.2449951171875,157.25799560546875,157.23500061035156,157.23800659179688,0.0
2026-09-21 07:21:00+00:00,157.23800659179688,157.24600219726562,157.2259979248047,157.23599243164062,0.0
2026-09-21 07:22:00+00:00,157.24000549316406,157.2570037841797,157.21499633789062,157.218994140625,0.0
2026-09-21 07:23:00+00:00,157.21499633789062,157.2449951171875,157.18600463867188,157.21400451660156,0.0
2026-09-21 07:24:00+00:00,157.21099853515625,157.24400329589844,157.21099853515625,157.23699951171875,0.0
2026-09-21 07:25:00+00:00,157.23899841308594,157.2429962158203,157.21800231933594,157.22999572753906,0.0
2026-09-21 07:26:00+00:00,157.22999572753906,157.23699951171875,157.21200561523438,157.22500610351562,0.0
2026-09-21 07:27:00+00:00,157.22000122070312,157.22999572753906,157.19900512695312,157.20899963378906,0.0
2026-09-21 07:28:00+00:00,157.2050018310547,157.21099853515625,157.18600463867188,157.19000244140625,0.0
2026-09-21 07:29:00+00:00,157.18800354003906,157.19200134277344,157.17300415039062,157.1750030517578,0.0
2026-09-21 07:30:00+00:00,157.1750030517578,157.20399475097656,157.1699981689453,157.19400024414062,0.0
2026-09-21 07:31:00+00:00,157.18699645996094,157.2050018310547,157.13900756835938,157.16600036621094,0.0
2026-09-21 07:32:00+00:00,157.16600036621094,157.2209930419922,157.16400146484375,157.2050018310547,0.0
2026-09-21 07:33:00+00:00,157.20799255371094,157.22000122070312,157.18499755859375,157.18499755859375,0.0
2026-09-21 07:34:00+00:00,157.1929931640625,157.21800231933594,157.1820068359375,157.19400024414062,0.0
2026-09-21 07:35:00+00:00,157.19700622558594,157.21299743652344,157.18699645996094,157.19700622558594,0.0
2026-09-21 07:36:00+00:00,157.1909942626953,157.22500610351562,157.1909942626953,157.22000122070312,0.0
2026-09-21 07:37:00+00:00,157.2169952392578,157.25599670410156,157.2169952392578,157.2469940185547,0.0
2026-09-21 07:38:00+00:00,157.2469940185547,157.25399780273438,157.2310028076172,157.23199462890625,0.0
2026-09-21 07:39:00+00:00,157.24000549316406,157.2689971923828,157.22999572753906,157.25999450683594,0.0
2026-09-21 07:40:00+00:00,157.25999450683594,157.27099609375,157.24000549316406,157.2480010986328,0.0
2026-09-21 07:41:00+00:00,157.24899291992188,157.26499938964844,157.24000549316406,157.25900268554688,0.0
2026-09-21 07:42:00+00:00,157.2570037841797,157.25999450683594,157.23699951171875,157.24600219726562,0.0
2026-09-21 07:43:00+00:00,157.2480010986328,157.2740020751953,157.24000549316406,157.26300048828125,0.0
2026-09-21 07:44:00+00:00,157.26800537109375,157.2779998779297,157.23599243164062,157.2519989013672,0.0
2026-09-21 07:45:00+00:00,157.25,157.27099609375,157.22500610351562,157.2310028076172,0.0
2026-09-21 07:46:00+00:00,157.22500610351562,157.24200439453125,157.21099853515625,157.2270050048828,0.0
2026-09-21 07:47:00+00:00,157.22799682617188,157.23599243164062,157.21400451660156,157.2209930419922,0.0
2026-09-21 07:48:00+00:00,157.2209930419922,157.2449951171875,157.2100067138672,157.2220001220703,0.0
2026-09-21 07:49:00+00:00,157.2270050048828,157.2310028076172,157.21400451660156,157.22500610351562,0.0
2026-09-21 07:50:00+00:00,157.2310028076172,157.23399353027344,157.22000122070312,157.2270050048828,0.0
2026-09-21 07:51:00+00:00,157.2239990234375,157.24200439453125,157.21299743652344,157.2270050048828,0.0
2026-09-21 07:52:00+00:00,157.22799682617188,157.24200439453125,157.2209930419922,157.22799682617188,0.0
2026-09-21 07:53:00+00:00,157.2239990234375,157.24200439453125,157.2100067138672,157.24200439453125,0.0
2026-09-21 07:54:00+00:00,157.23500061035156,157.2429962158203,157.22500610351562,157.23500061035156,0.0
2026-09-21 07:55:00+00:00,157.23800659179688,157.24400329589844,157.20399475097656,157.21099853515625,0.0
2026-09-21 07:56:00+00:00,157.21099853515625,157.23399353027344,157.20199584960938,157.22300720214844,0.0
2026-09-21 07:57:00+00:00,157.218994140625,157.24200439453125,157.21800231933594,157.22999572753906,0.0
2026-09-21 07:58:00+00:00,157.22999572753906,157.2550048828125,157.2239990234375,157.24000549316406,0.0
2026-09-21 07:59:00+00:00,157.24000549316406,157.27699279785156,157.23899841308594,157.26499938964844,0.0
2026-09-21 08:00:00+00:00,157.26499938964844,157.27200317382812,157.24099731445312,157.25,0.0
2026-09-21 08:01:00+00:00,157.2480010986328,157.25999450683594,157.23199462890625,157.24099731445312,0.0
2026-09-21 08:02:00+00:00,157.23599243164062,157.25399780273438,157.22500610351562,157.25100708007812,0.0
2026-09-21 08:03:00+00:00,157.24600219726562,157.25399780273438,157.2209930419922,157.22999572753906,0.0
2026-09-21 08:04:00+00:00,157.2220001220703,157.23399353027344,157.21099853515625,157.22900390625,0.0
2026-09-21 08:05:00+00:00,157.22999572753906,157.2519989013672,157.22300720214844,157.23500061035156,0.0
2026-09-21 08:06:00+00:00,157.23500061035156,157.24200439453125,157.2030029296875,157.21200561523438,0.0
2026-09-21 08:07:00+00:00,157.21400451660156,157.23800659179688,157.21200561523438,157.22500610351562,0.0
2026-09-21 08:08:00+00:00,157.22900390625,157.23300170898438,157.1999969482422,157.21099853515625,0.0
2026-09-21 08:09:00+00:00,157.20799255371094,157.22500610351562,157.20199584960938,157.2100067138672,0.0
2026-09-21 08:10:00+00:00,157.21200561523438,157.21800231933594,157.17999267578125,157.18499755859375,0.0
2026-09-21 08:11:00+00:00,157.17999267578125,157.1909942626953,157.16400146484375,157.16400146484375,0.0
2026-09-21 08:12:00+00:00,157.16400146484375,157.1820068359375,157.15699768066406,157.1699981689453,0.0
2026-09-21 08:13:00+00:00,157.16400146484375,157.1820068359375,157.16000366210938,157.17300415039062,0.0
2026-09-21 08:14:00+00:00,157.16799926757812,157.17300415039062,157.1490020751953,157.15499877929688,0.0
2026-09-21 08:15:00+00:00,157.15199279785156,157.17999267578125,157.14999389648438,157.1750030517578,0.0
2026-09-21 08:16:00+00:00,157.1750030517578,157.19700622558594,157.17300415039062,157.18699645996094,0.0
2026-09-21 08:17:00+00:00,157.18800354003906,157.19200134277344,157.16600036621094,157.1699981689453,0.0
2026-09-21 08:18:00+00:00,157.1699981689453,157.19400024414062,157.1699981689453,157.1909942626953,0.0
2026-09-21 08:19:00+00:00,157.18299865722656,157.19200134277344,157.16700744628906,157.1820068359375,0.0
2026-09-21 08:20:00+00:00,157.18499755859375,157.19200134277344,157.16900634765625,157.1719970703125,0.0
2026-09-21 08:21:00+00:00,157.1719970703125,157.18800354003906,157.17100524902344,157.17999267578125,0.0
2026-09-21 08:22:00+00:00,157.17999267578125,157.1929931640625,157.1649932861328,157.17999267578125,0.0
2026-09-21 08:23:00+00:00,157.17999267578125,157.1929931640625,157.1540069580078,157.16400146484375,0.0
2026-09-21 08:24:00+00:00,157.15699768066406,157.16400146484375,157.13699340820312,157.16099548339844,0.0
2026-09-21 08:25:00+00:00,157.1529998779297,157.16299438476562,157.13999938964844,157.14599609375,0.0
2026-09-21 08:26:00+00:00,157.13999938964844,157.15699768066406,157.1269989013672,157.12899780273438,0.0
2026-09-21 08:27:00+00:00,157.13299560546875,157.1439971923828,157.125,157.14300537109375,0.0
2026-09-21 08:28:00+00:00,157.13699340820312,157.14300537109375,157.11099243164062,157.1300048828125,0.0
2026-09-21 08:29:00+00:00,157.13900756835938,157.1479949951172,157.1300048828125,157.13400268554688,0.0
2026-09-21 08:30:00+00:00,157.13499450683594,157.14500427246094,157.1199951171875,157.1199951171875,0.0
2026-09-21 08:31:00+00:00,157.1280059814453,157.14599609375,157.12100219726562,157.13299560546875,0.0
2026-09-21 08:32:00+00:00,157.13400268554688,157.13499450683594,157.10699462890625,157.11900329589844,0.0
2026-09-21 08:33:00+00:00,157.11900329589844,157.125,157.10499572753906,157.11399841308594,0.0
2026-09-21 08:34:00+00:00,157.11399841308594,157.12100219726562,157.09800720214844,157.10000610351562,0.0
2026-09-21 08:35:00+00:00,157.1060028076172,157.13999938964844,157.10000610351562,157.125,0.0
2026-09-21 08:36:00+00:00,157.125,157.13499450683594,157.11300659179688,157.12899780273438,0.0
2026-09-21 08:37:00+00:00,157.12100219726562,157.16099548339844,157.1199951171875,157.15499877929688,0.0
2026-09-21 08:38:00+00:00,157.1540069580078,157.18099975585938,157.1479949951172,157.17100524902344,0.0
2026-09-21 08:39:00+00:00,157.16799926757812,157.1750030517578,157.156005859375,157.16299438476562,0.0
2026-09-21 08:40:00+00:00,157.16600036621094,157.1820068359375,157.15899658203125,157.1750030517578,0.0
2026-09-21 08:41:00+00:00,157.16900634765625,157.1750030517578,157.14700317382812,157.1490020751953,0.0
2026-09-21 08:42:00+00:00,157.14700317382812,157.16700744628906,157.14500427246094,157.14999389648438,0.0
2026-09-21 08:43:00+00:00,157.14999389648438,157.18099975585938,157.14599609375,157.17300415039062,0.0
2026-09-21 08:44:00+00:00,157.17300415039062,157.18299865722656,157.16000366210938,157.16799926757812,0.0
2026-09-21 08:45:00+00:00,157.16400146484375,157.1820068359375,157.14999389648438,157.15699768066406,0.0
2026-09-21 08:46:00+00:00,157.16200256347656,157.16600036621094,157.14500427246094,157.16600036621094,0.0
2026-09-21 08:47:00+00:00,157.16099548339844,157.1929931640625,157.14999389648438,157.18499755859375,0.0
2026-09-21 08:48:00+00:00,157.18499755859375,157.197998046875,157.1649932861328,157.1929931640625,0.0
2026-09-21 08:49:00+00:00,157.18899536132812,157.20399475097656,157.17599487304688,157.19700622558594,0.0
2026-09-21 08:50:00+00:00,157.19700622558594,157.2310028076172,157.19700622558594,157.2239990234375,0.0
2026-09-21 08:51:00+00:00,157.22500610351562,157.23500061035156,157.2050018310547,157.2100067138672,0.0
2026-09-21 08:52:00+00:00,157.2100067138672,157.2169952392578,157.18499755859375,157.1959991455078,0.0
2026-09-21 08:53:00+00:00,157.19500732421875,157.2169952392578,157.19500732421875,157.2050018310547,0.0
2026-09-21 08:54:00+00:00,157.2010040283203,157.23199462890625,157.2010040283203,157.22500610351562,0.0
2026-09-21 08:55:00+00:00,157.22500610351562,157.24200439453125,157.2209930419922,157.23300170898438,0.0
2026-09-21 08:56:00+00:00,157.23199462890625,157.24099731445312,157.2220001220703,157.24099731445312,0.0
2026-09-21 08:57:00+00:00,157.23599243164062,157.24200439453125,157.2209930419922,157.2259979248047,0.0
2026-09-21 08:58:00+00:00,157.2209930419922,157.23199462890625,157.21499633789062,157.22500610351562,0.0
2026-09-21 08:59:00+00:00,157.22500610351562,157.2469940185547,157.22500610351562,157.23899841308594,0.0
2026-09-21 09:00:00+00:00,157.24099731445312,157.25599670410156,157.23500061035156,157.24000549316406,0.0
2026-09-21 09:01:00+00:00,157.24000549316406,157.2530059814453,157.22999572753906,157.23399353027344,0.0
2026-09-21 09:02:00+00:00,157.23399353027344,157.26300048828125,157.23199462890625,157.2469940185547,0.0
2026-09-21 09:03:00+00:00,157.2530059814453,157.26300048828125,157.24600219726562,157.24899291992188,0.0
2026-09-21 09:04:00+00:00,157.2480010986328,157.25999450683594,157.23300170898438,157.23399353027344,0.0
2026-09-21 09:05:00+00:00,157.23399353027344,157.25100708007812,157.23199462890625,157.25,0.0
2026-09-21 09:06:00+00:00,157.2449951171875,157.25100708007812,157.2239990234375,157.22900390625,0.0
2026-09-21 09:07:00+00:00,157.2259979248047,157.2310028076172,157.1959991455078,157.197998046875,0.0
2026-09-21 09:08:00+00:00,157.19700622558594,157.21400451660156,157.1959991455078,157.1999969482422,0.0
2026-09-21 09:09:00+00:00,157.1999969482422,157.21800231933594,157.19900512695312,157.21400451660156,0.0
2026-09-21 09:10:00+00:00,157.20799255371094,157.21600341796875,157.1959991455078,157.21400451660156,0.0
2026-09-21 09:11:00+00:00,157.21499633789062,157.22000122070312,157.1790008544922,157.18899536132812,0.0
2026-09-21 09:12:00+00:00,157.18600463867188,157.1929931640625,157.16400146484375,157.1719970703125,0.0
2026-09-21 09:13:00+00:00,157.1719970703125,157.18099975585938,157.1649932861328,157.1750030517578,0.0
2026-09-21 09:14:00+00:00,157.1750030517578,157.1820068359375,157.16400146484375,157.17100524902344,0.0
2026-09-21 09:15:00+00:00,157.17100524902344,157.18600463867188,157.16299438476562,157.1840057373047,0.0
2026-09-21 09:16:00+00:00,157.177001953125,157.19400024414062,157.1750030517578,157.18800354003906,0.0
2026-09-21 09:17:00+00:00,157.19000244140625,157.1999969482422,157.1840057373047,157.18600463867188,0.0
2026-09-21 09:18:00+00:00,157.18600463867188,157.2050018310547,157.18600463867188,157.19900512695312,0.0
2026-09-21 09:19:00+00:00,157.19900512695312,157.22999572753906,157.19700622558594,157.2270050048828,0.0
2026-09-21 09:20:00+00:00,157.2220001220703,157.23800659179688,157.2220001220703,157.2270050048828,0.0
2026-09-21 09:21:00+00:00,157.23300170898438,157.24099731445312,157.2209930419922,157.2259979248047,0.0
2026-09-21 09:22:00+00:00,157.2259979248047,157.23699951171875,157.22000122070312,157.22000122070312,0.0
2026-09-21 09:23:00+00:00,157.22300720214844,157.23699951171875,157.22300720214844,157.22799682617188,0.0
2026-09-21 09:24:00+00:00,157.22500610351562,157.24200439453125,157.2239990234375,157.23300170898438,0.0
2026-09-21 09:25:00+00:00,157.23300170898438,157.23599243164062,157.2209930419922,157.22999572753906,0.0
2026-09-21 09:26:00+00:00,157.2270050048828,157.23399353027344,157.22500610351562,157.22500610351562,0.0
2026-09-21 09:27:00+00:00,157.22500610351562,157.2480010986328,157.2220001220703,157.24099731445312,0.0
2026-09-21 09:28:00+00:00,157.23899841308594,157.2480010986328,157.23599243164062,157.23800659179688,0.0
2026-09-21 09:29:00+00:00,157.24600219726562,157.2480010986328,157.2239990234375,157.23399353027344,0.0
2026-09-21 09:30:00+00:00,157.22900390625,157.2469940185547,157.22500610351562,157.24400329589844,0.0
2026-09-21 09:31:00+00:00,157.23800659179688,157.2480010986328,157.22500610351562,157.23899841308594,0.0
2026-09-21 09:32:00+00:00,157.23699951171875,157.2469940185547,157.22500610351562,157.23699951171875,0.0
2026-09-21 09:33:00+00:00,157.23699951171875,157.25599670410156,157.23599243164062,157.25,0.0
2026-09-21 09:34:00+00:00,157.25,157.281005859375,157.25,157.27499389648438,0.0
2026-09-21 09:35:00+00:00,157.27499389648438,157.31399536132812,157.26199340820312,157.30299377441406,0.0
2026-09-21 09:36:00+00:00,157.302001953125,157.3070068359375,157.27699279785156,157.2969970703125,0.0
2026-09-21 09:37:00+00:00,157.3040008544922,157.30499267578125,157.2760009765625,157.2790069580078,0.0
2026-09-21 09:38:00+00:00,157.27699279785156,157.3040008544922,157.27499389648438,157.2969970703125,0.0
2026-09-21 09:39:00+00:00,157.28900146484375,157.3000030517578,157.27000427246094,157.2779998779297,0.0
2026-09-21 09:40:00+00:00,157.27099609375,157.281005859375,157.26499938964844,157.27099609375,0.0
2026-09-21 09:41:00+00:00,157.27000427246094,157.2790069580078,157.26100158691406,157.27099609375,0.0
2026-09-21 09:42:00+00:00,157.27099609375,157.29200744628906,157.26100158691406,157.28599548339844,0.0
2026-09-21 09:43:00+00:00,157.28399658203125,157.29600524902344,157.27099609375,157.27699279785156,0.0
2026-09-21 09:44:00+00:00,157.2760009765625,157.29600524902344,157.27499389648438,157.2899932861328,0.0
2026-09-21 09:45:00+00:00,157.28799438476562,157.2949981689453,157.27499389648438,157.28700256347656,0.0
2026-09-21 09:46:00+00:00,157.28700256347656,157.29299926757812,157.26400756835938,157.2779998779297,0.0
2026-09-21 09:47:00+00:00,157.28399658203125,157.28399658203125,157.26600646972656,157.2790069580078,0.0
2026-09-21 09:48:00+00:00,157.2729949951172,157.29299926757812,157.2729949951172,157.2830047607422,0.0
2026-09-21 09:49:00+00:00,157.27699279785156,157.29200744628906,157.26600646972656,157.28500366210938,0.0
2026-09-21 09:50:00+00:00,157.29100036621094,157.29100036621094,157.24899291992188,157.26199340820312,0.0
2026-09-21 09:51:00+00:00,157.26100158691406,157.28199768066406,157.2480010986328,157.25799560546875,0.0
2026-09-21 09:52:00+00:00,157.25999450683594,157.26600646972656,157.24600219726562,157.2570037841797,0.0
2026-09-21 09:53:00+00:00,157.25999450683594,157.27000427246094,157.2570037841797,157.25900268554688,0.0
2026-09-21 09:54:00+00:00,157.25900268554688,157.27000427246094,157.24899291992188,157.2550048828125,0.0
2026-09-21 09:55:00+00:00,157.2550048828125,157.2689971923828,157.2530059814453,157.25599670410156,0.0
2026-09-21 09:56:00+00:00,157.25599670410156,157.2729949951172,157.25,157.26800537109375,0.0
2026-09-21 09:57:00+00:00,157.26499938964844,157.2899932861328,157.25799560546875,157.2830047607422,0.0
2026-09-21 09:58:00+00:00,157.2830047607422,157.2899932861328,157.2519989013672,157.25599670410156,0.0
2026-09-21 09:59:00+00:00,157.2519989013672,157.26199340820312,157.2469940185547,157.25599670410156,0.0
2026-09-21 10:00:00+00:00,157.25,157.25999450683594,157.2239990234375,157.25,0.0
2026-09-21 10:01:00+00:00,157.24600219726562,157.2570037841797,157.23500061035156,157.23800659179688,0.0
2026-09-21 10:02:00+00:00,157.23800659179688,157.2429962158203,157.2239990234375,157.22500610351562,0.0
2026-09-21 10:03:00+00:00,157.22500610351562,157.24200439453125,157.21200561523438,157.22000122070312,0.0
2026-09-21 10:04:00+00:00,157.22000122070312,157.23500061035156,157.21499633789062,157.2270050048828,0.0
2026-09-21 10:05:00+00:00,157.22300720214844,157.25,157.2209930419922,157.24400329589844,0.0
2026-09-21 10:06:00+00:00,157.24400329589844,157.25,157.23500061035156,157.23899841308594,0.0
2026-09-21 10:07:00+00:00,157.24200439453125,157.2550048828125,157.22999572753906,157.2469940185547,0.0
2026-09-21 10:08:00+00:00,157.2469940185547,157.26699829101562,157.24600219726562,157.26300048828125,0.0
2026-09-21 10:09:00+00:00,157.25900268554688,157.26800537109375,157.24200439453125,157.2449951171875,0.0
2026-09-21 10:10:00+00:00,157.2519989013672,157.26499938964844,157.2449951171875,157.26499938964844,0.0
2026-09-21 10:11:00+00:00,157.26499938964844,157.27000427246094,157.2550048828125,157.25999450683594,0.0
2026-09-21 10:12:00+00:00,157.26199340820312,157.2689971923828,157.25,157.26300048828125,0.0
2026-09-21 10:13:00+00:00,157.26199340820312,157.26800537109375,157.2449951171875,157.2469940185547,0.0
2026-09-21 10:14:00+00:00,157.2530059814453,157.25999450683594,157.23599243164062,157.24200439453125,0.0
2026-09-21 10:15:00+00:00,157.23699951171875,157.2449951171875,157.2209930419922,157.2270050048828,0.0
2026-09-21 10:16:00+00:00,157.22000122070312,157.24600219726562,157.22000122070312,157.23199462890625,0.0
2026-09-21 10:17:00+00:00,157.22999572753906,157.24600219726562,157.2209930419922,157.2239990234375,0.0
2026-09-21 10:18:00+00:00,157.2239990234375,157.23500061035156,157.2209930419922,157.2209930419922,0.0
2026-09-21 10:19:00+00:00,157.2209930419922,157.23199462890625,157.21400451660156,157.22000122070312,0.0
2026-09-21 10:20:00+00:00,157.2259979248047,157.2429962158203,157.21499633789062,157.21499633789062,0.0
2026-09-21 10:21:00+00:00,157.218994140625,157.2310028076172,157.21499633789062,157.22999572753906,0.0
2026-09-21 10:22:00+00:00,157.2239990234375,157.24099731445312,157.2239990234375,157.22900390625,0.0
2026-09-21 10:23:00+00:00,157.22900390625,157.24899291992188,157.22900390625,157.24400329589844,0.0
2026-09-21 10:24:00+00:00,157.2480010986328,157.24899291992188,157.23399353027344,157.23899841308594,0.0
2026-09-21 10:25:00+00:00,157.23699951171875,157.2449951171875,157.1909942626953,157.20599365234375,0.0
2026-09-21 10:26:00+00:00,157.1999969482422,157.2169952392578,157.19900512695312,157.19900512695312,0.0
2026-09-21 10:27:00+00:00,157.19900512695312,157.218994140625,157.19700622558594,157.21099853515625,0.0
2026-09-21 10:28:00+00:00,157.21099853515625,157.2259979248047,157.2100067138672,157.21200561523438,0.0
2026-09-21 10:29:00+00:00,157.21600341796875,157.2239990234375,157.20199584960938,157.21499633789062,0.0
2026-09-21 10:30:00+00:00,157.2169952392578,157.22300720214844,157.20899963378906,157.21600341796875,0.0
2026-09-21 10:31:00+00:00,157.21299743652344,157.218994140625,157.18800354003906,157.18800354003906,0.0
2026-09-21 10:32:00+00:00,157.18800354003906,157.2050018310547,157.17599487304688,157.18699645996094,0.0
2026-09-21 10:33:00+00:00,157.18899536132812,157.21099853515625,157.18699645996094,157.20599365234375,0.0
2026-09-21 10:34:00+00:00,157.1999969482422,157.22300720214844,157.1959991455078,157.22000122070312,0.0
2026-09-21 10:35:00+00:00,157.21400451660156,157.2209930419922,157.18499755859375,157.1999969482422,0.0
2026-09-21 10:36:00+00:00,157.19900512695312,157.2050018310547,157.18499755859375,157.19700622558594,0.0
2026-09-21 10:37:00+00:00,157.19700622558594,157.2050018310547,157.17999267578125,157.19400024414062,0.0
2026-09-21 10:38:00+00:00,157.18600463867188,157.19700622558594,157.17999267578125,157.18099975585938,0.0
2026-09-21 10:39:00+00:00,157.18099975585938,157.2010040283203,157.177001953125,157.19200134277344,0.0
2026-09-21 10:40:00+00:00,157.19200134277344,157.19900512695312,157.18899536132812,157.1909942626953,0.0
2026-09-21 10:41:00+00:00,157.1909942626953,157.197998046875,157.18099975585938,157.18899536132812,0.0
2026-09-21 10:42:00+00:00,157.18899536132812,157.1959991455078,157.16099548339844,157.177001953125,0.0
2026-09-21 10:43:00+00:00,157.17799377441406,157.18499755859375,157.17100524902344,157.1790008544922,0.0
2026-09-21 10:44:00+00:00,157.1790008544922,157.18699645996094,157.1699981689453,157.18299865722656,0.0
2026-09-21 10:45:00+00:00,157.1790008544922,157.1909942626953,157.16900634765625,157.1840057373047,0.0
2026-09-21 10:46:00+00:00,157.18699645996094,157.2050018310547,157.1840057373047,157.19500732421875,0.0
2026-09-21 10:47:00+00:00,157.19500732421875,157.2220001220703,157.19400024414062,157.21299743652344,0.0
2026-09-21 10:48:00+00:00,157.21299743652344,157.23399353027344,157.2100067138672,157.2239990234375,0.0
2026-09-21 10:49:00+00:00,157.2239990234375,157.2310028076172,157.21299743652344,157.21499633789062,0.0
2026-09-21 10:50:00+00:00,157.21499633789062,157.2209930419922,157.2100067138672,157.21299743652344,0.0
2026-09-21 10:51:00+00:00,157.21200561523438,157.2209930419922,157.1999969482422,157.21400451660156,0.0
2026-09-21 10:52:00+00:00,157.20899963378906,157.21600341796875,157.1959991455078,157.21600341796875,0.0
2026-09-21 10:53:00+00:00,157.21200561523438,157.21600341796875,157.19500732421875,157.19900512695312,0.0
2026-09-21 10:54:00+00:00,157.1959991455078,157.2100067138672,157.19500732421875,157.2100067138672,0.0
2026-09-21 10:55:00+00:00,157.2010040283203,157.2259979248047,157.2010040283203,157.21499633789062,0.0
2026-09-21 10:56:00+00:00,157.21499633789062,157.22500610351562,157.2100067138672,157.21099853515625,0.0
2026-09-21 10:57:00+00:00,157.21200561523438,157.24000549316406,157.21099853515625,157.23300170898438,0.0
2026-09-21 10:58:00+00:00,157.23300170898438,157.26400756835938,157.23300170898438,157.2570037841797,0.0
2026-09-21 10:59:00+00:00,157.25799560546875,157.2830047607422,157.2550048828125,157.27200317382812,0.0
2026-09-21 11:00:00+00:00,157.2740020751953,157.29100036621094,157.27000427246094,157.2740020751953,0.0
2026-09-21 11:01:00+00:00,157.27200317382812,157.29200744628906,157.26199340820312,157.28900146484375,0.0
2026-09-21 11:02:00+00:00,157.28199768066406,157.302001953125,157.27699279785156,157.30099487304688,0.0
2026-09-21 11:03:00+00:00,157.30099487304688,157.30099487304688,157.27499389648438,157.28199768066406,0.0
2026-09-21 11:04:00+00:00,157.28199768066406,157.29100036621094,157.25999450683594,157.25999450683594,0.0
2026-09-21 11:05:00+00:00,157.27099609375,157.27699279785156,157.25999450683594,157.26800537109375,0.0
2026-09-21 11:06:00+00:00,157.27000427246094,157.28399658203125,157.26199340820312,157.27499389648438,0.0
2026-09-21 11:07:00+00:00,157.27499389648438,157.29600524902344,157.27099609375,157.28799438476562,0.0
2026-09-21 11:08:00+00:00,157.28700256347656,157.29299926757812,157.27000427246094,157.27200317382812,0.0
2026-09-21 11:09:00+00:00,157.2740020751953,157.28399658203125,157.2570037841797,157.27000427246094,0.0
2026-09-21 11:10:00+00:00,157.27000427246094,157.27999877929688,157.25999450683594,157.26600646972656,0.0
2026-09-21 11:11:00+00:00,157.26600646972656,157.28399658203125,157.26600646972656,157.27499389648438,0.0
2026-09-21 11:12:00+00:00,157.2760009765625,157.28199768066406,157.26699829101562,157.27000427246094,0.0
2026-09-21 11:13:00+00:00,157.27000427246094,157.29299926757812,157.27000427246094,157.27099609375,0.0
2026-09-21 11:14:00+00:00,157.27099609375,157.281005859375,157.26199340820312,157.26199340820312,0.0
2026-09-21 11:15:00+00:00,157.25999450683594,157.27000427246094,157.23500061035156,157.24000549316406,0.0
2026-09-21 11:16:00+00:00,157.24000549316406,157.26800537109375,157.23500061035156,157.26100158691406,0.0
2026-09-21 11:17:00+00:00,157.2570037841797,157.27000427246094,157.25599670410156,157.25900268554688,0.0
2026-09-21 11:18:00+00:00,157.25799560546875,157.26800537109375,157.23800659179688,157.2480010986328,0.0
2026-09-21 11:19:00+00:00,157.2480010986328,157.26499938964844,157.24600219726562,157.25799560546875,0.0
2026-09-21 11:20:00+00:00,157.25799560546875,157.26400756835938,157.24600219726562,157.2530059814453,0.0
2026-09-21 11:21:00+00:00,157.2469940185547,157.2550048828125,157.23399353027344,157.24200439453125,0.0
2026-09-21 11:22:00+00:00,157.2469940185547,157.26499938964844,157.23500061035156,157.23500061035156,0.0
2026-09-21 11:23:00+00:00,157.23500061035156,157.2550048828125,157.23500061035156,157.23899841308594,0.0
2026-09-21 11:24:00+00:00,157.24600219726562,157.2530059814453,157.23599243164062,157.23800659179688,0.0
2026-09-21 11:25:00+00:00,157.23800659179688,157.24400329589844,157.2220001220703,157.2310028076172,0.0
2026-09-21 11:26:00+00:00,157.22500610351562,157.23199462890625,157.21499633789062,157.2220001220703,0.0
2026-09-21 11:27:00+00:00,157.21499633789062,157.23199462890625,157.21499633789062,157.22000122070312,0.0
2026-09-21 11:28:00+00:00,157.22300720214844,157.22999572753906,157.2100067138672,157.22999572753906,0.0
2026-09-21 11:29:00+00:00,157.2239990234375,157.22900390625,157.21400451660156,157.21800231933594,0.0
2026-09-21 11:30:00+00:00,157.2169952392578,157.24400329589844,157.21499633789062,157.23500061035156,0.0
2026-09-21 11:31:00+00:00,157.2310028076172,157.24000549316406,157.20899963378906,157.21400451660156,0.0
2026-09-21 11:32:00+00:00,157.20899963378906,157.21800231933594,157.19900512695312,157.21400451660156,0.0
2026-09-21 11:33:00+00:00,157.21299743652344,157.2259979248047,157.2100067138672,157.2220001220703,0.0
2026-09-21 11:34:00+00:00,157.2209930419922,157.23500061035156,157.21499633789062,157.2310028076172,0.0
2026-09-21 11:35:00+00:00,157.22799682617188,157.2310028076172,157.19500732421875,157.19900512695312,0.0
2026-09-21 11:36:00+00:00,157.19900512695312,157.2100067138672,157.1909942626953,157.20199584960938,0.0
2026-09-21 11:37:00+00:00,157.20799255371094,157.21400451660156,157.19000244140625,157.2050018310547,0.0
2026-09-21 11:38:00+00:00,157.2050018310547,157.22500610351562,157.2050018310547,157.22000122070312,0.0
2026-09-21 11:39:00+00:00,157.21400451660156,157.24099731445312,157.197998046875,157.22999572753906,0.0
2026-09-21 11:40:00+00:00,157.22999572753906,157.2530059814453,157.2209930419922,157.2259979248047,0.0
2026-09-21 11:41:00+00:00,157.22500610351562,157.23599243164062,157.1999969482422,157.21299743652344,0.0
2026-09-21 11:42:00+00:00,157.20700073242188,157.2169952392578,157.19000244140625,157.2030029296875,0.0
2026-09-21 11:43:00+00:00,157.1959991455078,157.20599365234375,157.18600463867188,157.19700622558594,0.0
2026-09-21 11:44:00+00:00,157.19000244140625,157.197998046875,157.1739959716797,157.177001953125,0.0
2026-09-21 11:45:00+00:00,157.18099975585938,157.21299743652344,157.1750030517578,157.19700622558594,0.0
2026-09-21 11:46:00+00:00,157.1959991455078,157.2010040283203,157.18499755859375,157.18899536132812,0.0
2026-09-21 11:47:00+00:00,157.18699645996094,157.21299743652344,157.18499755859375,157.20199584960938,0.0
2026-09-21 11:48:00+00:00,157.2010040283203,157.2100067138672,157.1909942626953,157.19400024414062,0.0
2026-09-21 11:49:00+00:00,157.19500732421875,157.20199584960938,157.16600036621094,157.16799926757812,0.0
2026-09-21 11:50:00+00:00,157.16600036621094,157.19000244140625,157.16200256347656,157.18499755859375,0.0
2026-09-21 11:51:00+00:00,157.18800354003906,157.1959991455078,157.1750030517578,157.1750030517578,0.0
2026-09-21 11:52:00+00:00,157.1750030517578,157.1929931640625,157.1649932861328,157.17100524902344,0.0
2026-09-21 11:53:00+00:00,157.17999267578125,157.2030029296875,157.1699981689453,157.19400024414062,0.0
2026-09-21 11:54:00+00:00,157.19400024414062,157.2030029296875,157.1739959716797,157.17999267578125,0.0
2026-09-21 11:55:00+00:00,157.177001953125,157.1999969482422,157.177001953125,157.19000244140625,0.0
2026-09-21 11:56:00+00:00,157.18499755859375,157.20899963378906,157.1820068359375,157.20599365234375,0.0
2026-09-21 11:57:00+00:00,157.2050018310547,157.2270050048828,157.19700622558594,157.2169952392578,0.0
2026-09-21 11:58:00+00:00,157.21600341796875,157.21600341796875,157.19500732421875,157.1999969482422,0.0
2026-09-21 11:59:00+00:00,157.20399475097656,157.2169952392578,157.1999969482422,157.20599365234375,0.0
2026-09-21 12:00:00+00:00,157.20599365234375,157.218994140625,157.19500732421875,157.1999969482422,0.0
2026-09-21 12:01:00+00:00,157.197998046875,157.2220001220703,157.19700622558594,157.2220001220703,0.0
2026-09-21 12:02:00+00:00,157.21499633789062,157.23500061035156,157.19500732421875,157.2100067138672,0.0
2026-09-21 12:03:00+00:00,157.2050018310547,157.2259979248047,157.18499755859375,157.21600341796875,0.0
2026-09-21 12:04:00+00:00,157.2100067138672,157.23199462890625,157.19500732421875,157.2030029296875,0.0
2026-09-21 12:05:00+00:00,157.20199584960938,157.20399475097656,157.16200256347656,157.1699981689453,0.0
2026-09-21 12:06:00+00:00,157.1750030517578,157.1999969482422,157.16900634765625,157.18899536132812,0.0
2026-09-21 12:07:00+00:00,157.18499755859375,157.21299743652344,157.18499755859375,157.2050018310547,0.0
2026-09-21 12:08:00+00:00,157.2030029296875,157.23300170898438,157.1999969482422,157.2209930419922,0.0
2026-09-21 12:09:00+00:00,157.22300720214844,157.2519989013672,157.22000122070312,157.2519989013672,0.0
2026-09-21 12:10:00+00:00,157.25100708007812,157.2519989013672,157.2259979248047,157.23199462890625,0.0
2026-09-21 12:11:00+00:00,157.23399353027344,157.25100708007812,157.22500610351562,157.23599243164062,0.0
2026-09-21 12:12:00+00:00,157.23399353027344,157.24600219726562,157.23300170898438,157.2449951171875,0.0
2026-09-21 12:13:00+00:00,157.23899841308594,157.2519989013672,157.23699951171875,157.2449951171875,0.0
2026-09-21 12:14:00+00:00,157.2449951171875,157.25399780273438,157.23500061035156,157.23500061035156,0.0
2026-09-21 12:15:00+00:00,157.23500061035156,157.2469940185547,157.2270050048828,157.23500061035156,0.0
2026-09-21 12:16:00+00:00,157.23599243164062,157.2480010986328,157.22000122070312,157.23500061035156,0.0
2026-09-21 12:17:00+00:00,157.23800659179688,157.25100708007812,157.2259979248047,157.23199462890625,0.0
2026-09-21 12:18:00+00:00,157.2259979248047,157.2449951171875,157.2239990234375,157.2310028076172,0.0
2026-09-21 12:19:00+00:00,157.23500061035156,157.26499938964844,157.2310028076172,157.25399780273438,0.0
2026-09-21 12:20:00+00:00,157.25399780273438,157.28900146484375,157.25399780273438,157.27499389648438,0.0
2026-09-21 12:21:00+00:00,157.27000427246094,157.29100036621094,157.26800537109375,157.28700256347656,0.0
2026-09-21 12:22:00+00:00,157.28199768066406,157.31500244140625,157.27499389648438,157.31300354003906,0.0
2026-09-21 12:23:00+00:00,157.31900024414062,157.32400512695312,157.29800415039062,157.30799865722656,0.0
2026-09-21 12:24:00+00:00,157.31399536132812,157.31700134277344,157.2899932861328,157.2949981689453,0.0
2026-09-21 12:25:00+00:00,157.3000030517578,157.32200622558594,157.29200744628906,157.31300354003906,0.0
2026-09-21 12:26:00+00:00,157.30799865722656,157.33200073242188,157.3070068359375,157.3209991455078,0.0
2026-09-21 12:27:00+00:00,157.3209991455078,157.35400390625,157.3179931640625,157.3459930419922,0.0
2026-09-21 12:28:00+00:00,157.3459930419922,157.37100219726562,157.3459930419922,157.35899353027344,0.0
2026-09-21 12:29:00+00:00,157.35899353027344,157.3699951171875,157.3419952392578,157.3489990234375,0.0
2026-09-21 12:30:00+00:00,157.3419952392578,157.36399841308594,157.33299255371094,157.35000610351562,0.0
2026-09-21 12:31:00+00:00,157.3419952392578,157.3520050048828,157.33200073242188,157.3419952392578,0.0
2026-09-21 12:32:00+00:00,157.33700561523438,157.3489990234375,157.3209991455078,157.33099365234375,0.0
2026-09-21 12:33:00+00:00,157.33399963378906,157.36000061035156,157.33099365234375,157.35499572753906,0.0
2026-09-21 12:34:00+00:00,157.35499572753906,157.36700439453125,157.34800720214844,157.3520050048828,0.0
2026-09-21 12:35:00+00:00,157.3489990234375,157.36099243164062,157.32899475097656,157.3350067138672,0.0
2026-09-21 12:36:00+00:00,157.33299255371094,157.3419952392578,157.33099365234375,157.33099365234375,0.0
2026-09-21 12:37:00+00:00,157.33799743652344,157.33799743652344,157.3090057373047,157.31700134277344,0.0
2026-09-21 12:38:00+00:00,157.32200622558594,157.33599853515625,157.3070068359375,157.33599853515625,0.0
2026-09-21 12:39:00+00:00,157.32899475097656,157.33700561523438,157.30999755859375,157.3260040283203,0.0
2026-09-21 12:40:00+00:00,157.32000732421875,157.32699584960938,157.31500244140625,157.3249969482422,0.0
2026-09-21 12:41:00+00:00,157.31900024414062,157.3260040283203,157.29200744628906,157.2949981689453,0.0
2026-09-21 12:42:00+00:00,157.2949981689453,157.33399963378906,157.2949981689453,157.32000732421875,0.0
2026-09-21 12:43:00+00:00,157.3249969482422,157.33799743652344,157.3179931640625,157.33700561523438,0.0
2026-09-21 12:44:00+00:00,157.33099365234375,157.35000610351562,157.26100158691406,157.26699829101562,0.0
2026-09-21 12:45:00+00:00,157.26300048828125,157.30299377441406,157.26300048828125,157.28700256347656,0.0
2026-09-21 12:46:00+00:00,157.2899932861328,157.3300018310547,157.28500366210938,157.31900024414062,0.0
2026-09-21 12:47:00+00:00,157.31900024414062,157.32699584960938,157.2949981689453,157.302001953125,0.0
2026-09-21 12:48:00+00:00,157.302001953125,157.32400512695312,157.29299926757812,157.31500244140625,0.0
2026-09-21 12:49:00+00:00,157.31500244140625,157.34300231933594,157.31100463867188,157.33999633789062,0.0
2026-09-21 12:50:00+00:00,157.33200073242188,157.3520050048828,157.33099365234375,157.33900451660156,0.0
2026-09-21 12:51:00+00:00,157.343994140625,157.343994140625,157.3159942626953,157.32000732421875,0.0
2026-09-21 12:52:00+00:00,157.3209991455078,157.32899475097656,157.31700134277344,157.3249969482422,0.0
2026-09-21 12:53:00+00:00,157.32000732421875,157.33700561523438,157.3159942626953,157.33099365234375,0.0
2026-09-21 12:54:00+00:00,157.33200073242188,157.3489990234375,157.33200073242188,157.3419952392578,0.0
2026-09-21 12:55:00+00:00,157.34500122070312,157.36300659179688,157.3419952392578,157.3489990234375,0.0
2026-09-21 12:56:00+00:00,157.34800720214844,157.36599731445312,157.34500122070312,157.34500122070312,0.0
2026-09-21 12:57:00+00:00,157.34500122070312,157.3520050048828,157.32000732421875,157.32699584960938,0.0
2026-09-21 12:58:00+00:00,157.32899475097656,157.33299255371094,157.30999755859375,157.31100463867188,0.0
2026-09-21 12:59:00+00:00,157.3179931640625,157.33900451660156,157.31100463867188,157.32400512695312,0.0
2026-09-21 13:00:00+00:00,157.3280029296875,157.33700561523438,157.2949981689453,157.2949981689453,0.0
2026-09-21 13:01:00+00:00,157.30299377441406,157.31199645996094,157.28500366210938,157.2949981689453,0.0
2026-09-21 13:02:00+00:00,157.2949981689453,157.30999755859375,157.28500366210938,157.302001953125,0.0
2026-09-21 13:03:00+00:00,157.2949981689453,157.32899475097656,157.2949981689453,157.32699584960938,0.0
2026-09-21 13:04:00+00:00,157.32200622558594,157.33099365234375,157.3000030517578,157.30999755859375,0.0
2026-09-21 13:05:00+00:00,157.30999755859375,157.33700561523438,157.30999755859375,157.3249969482422,0.0
2026-09-21 13:06:00+00:00,157.3249969482422,157.33700561523438,157.31700134277344,157.3209991455078,0.0
2026-09-21 13:07:00+00:00,157.3209991455078,157.33399963378906,157.31900024414062,157.32200622558594,0.0
2026-09-21 13:08:00+00:00,157.32699584960938,157.33700561523438,157.30599975585938,157.31399536132812,0.0
2026-09-21 13:09:00+00:00,157.3070068359375,157.3159942626953,157.2969970703125,157.31100463867188,0.0
2026-09-21 13:10:00+00:00,157.30999755859375,157.3209991455078,157.3070068359375,157.31700134277344,0.0
2026-09-21 13:11:00+00:00,157.30999755859375,157.3300018310547,157.30999755859375,157.32000732421875,0.0
2026-09-21 13:12:00+00:00,157.32000732421875,157.33099365234375,157.30999755859375,157.3209991455078,0.0
2026-09-21 13:13:00+00:00,157.32200622558594,157.32200622558594,157.3090057373047,157.31399536132812,0.0
2026-09-21 13:14:00+00:00,157.30999755859375,157.33399963378906,157.30799865722656,157.3300018310547,0.0
2026-09-21 13:15:00+00:00,157.3249969482422,157.33799743652344,157.32000732421875,157.33700561523438,0.0
2026-09-21 13:16:00+00:00,157.33200073242188,157.33900451660156,157.32000732421875,157.33299255371094,0.0
2026-09-21 13:17:00+00:00,157.33700561523438,157.33900451660156,157.31399536132812,157.31700134277344,0.0
2026-09-21 13:18:00+00:00,157.3209991455078,157.33200073242188,157.31199645996094,157.32699584960938,0.0
2026-09-21 13:19:00+00:00,157.3249969482422,157.33200073242188,157.31199645996094,157.3249969482422,0.0
2026-09-21 13:20:00+00:00,157.3209991455078,157.33999633789062,157.3209991455078,157.33799743652344,0.0
2026-09-21 13:21:00+00:00,157.33200073242188,157.33799743652344,157.30999755859375,157.32000732421875,0.0
2026-09-21 13:22:00+00:00,157.32200622558594,157.33799743652344,157.30999755859375,157.33700561523438,0.0
2026-09-21 13:23:00+00:00,157.3300018310547,157.34100341796875,157.32200622558594,157.33299255371094,0.0
2026-09-21 13:24:00+00:00,157.33399963378906,157.33999633789062,157.3249969482422,157.33900451660156,0.0
2026-09-21 13:25:00+00:00,157.33200073242188,157.3419952392578,157.3070068359375,157.31500244140625,0.0
2026-09-21 13:26:00+00:00,157.30999755859375,157.33099365234375,157.28399658203125,157.3209991455078,0.0
2026-09-21 13:27:00+00:00,157.3209991455078,157.32699584960938,157.2969970703125,157.29800415039062,0.0
2026-09-21 13:28:00+00:00,157.30099487304688,157.30999755859375,157.2899932861328,157.3000030517578,0.0
2026-09-21 13:29:00+00:00,157.2969970703125,157.30799865722656,157.28500366210938,157.29400634765625,0.0
2026-09-21 13:30:00+00:00,157.29200744628906,157.3209991455078,157.28700256347656,157.30799865722656,0.0
2026-09-21 13:31:00+00:00,157.3040008544922,157.31500244140625,157.27999877929688,157.28900146484375,0.0
2026-09-21 13:32:00+00:00,157.28199768066406,157.3159942626953,157.27699279785156,157.30799865722656,0.0
2026-09-21 13:33:00+00:00,157.3040008544922,157.3209991455078,157.30099487304688,157.30299377441406,0.0
2026-09-21 13:34:00+00:00,157.3090057373047,157.31300354003906,157.28500366210938,157.29800415039062,0.0
2026-09-21 13:35:00+00:00,157.2969970703125,157.3260040283203,157.2949981689453,157.3260040283203,0.0
2026-09-21 13:36:00+00:00,157.3179931640625,157.33799743652344,157.31500244140625,157.32000732421875,0.0
2026-09-21 13:37:00+00:00,157.32000732421875,157.33399963378906,157.31500244140625,157.3280029296875,0.0
2026-09-21 13:38:00+00:00,157.33299255371094,157.33999633789062,157.32000732421875,157.3350067138672,0.0
2026-09-21 13:39:00+00:00,157.33999633789062,157.343994140625,157.3179931640625,157.3209991455078,0.0
2026-09-21 13:40:00+00:00,157.3209991455078,157.3350067138672,157.31500244140625,157.32400512695312,0.0
2026-09-21 13:41:00+00:00,157.3179931640625,157.3509979248047,157.30999755859375,157.3470001220703,0.0
2026-09-21 13:42:00+00:00,157.343994140625,157.3520050048828,157.33900451660156,157.3520050048828,0.0
2026-09-21 13:43:00+00:00,157.3419952392578,157.36500549316406,157.3419952392578,157.35499572753906,0.0
2026-09-21 13:44:00+00:00,157.35499572753906,157.38600158691406,157.3489990234375,157.3780059814453,0.0
2026-09-21 13:45:00+00:00,157.3780059814453,157.4010009765625,157.3780059814453,157.3939971923828,0.0
2026-09-21 13:46:00+00:00,157.3939971923828,157.40899658203125,157.3719940185547,157.3820037841797,0.0
2026-09-21 13:47:00+00:00,157.38499450683594,157.4239959716797,157.38099670410156,157.41200256347656,0.0
2026-09-21 13:48:00+00:00,157.41700744628906,157.4340057373047,157.41000366210938,157.43299865722656,0.0
2026-09-21 13:49:00+00:00,157.427001953125,157.43800354003906,157.41700744628906,157.41799926757812,0.0
2026-09-21 13:50:00+00:00,157.41799926757812,157.4340057373047,157.41099548339844,157.42100524902344,0.0
2026-09-21 13:51:00+00:00,157.41400146484375,157.42599487304688,157.4040069580078,157.4219970703125,0.0
2026-09-21 13:52:00+00:00,157.41799926757812,157.4340057373047,157.41200256347656,157.42300415039062,0.0
2026-09-21 13:53:00+00:00,157.41799926757812,157.4340057373047,157.41700744628906,157.4199981689453,0.0
2026-09-21 13:54:00+00:00,157.4199981689453,157.42599487304688,157.38699340820312,157.41799926757812,0.0
2026-09-21 13:55:00+00:00,157.41799926757812,157.43800354003906,157.41799926757812,157.43099975585938,0.0
2026-09-21 13:56:00+00:00,157.42999267578125,157.43600463867188,157.41700744628906,157.42100524902344,0.0
2026-09-21 13:57:00+00:00,157.4250030517578,157.42799377441406,157.41600036621094,157.41799926757812,0.0
2026-09-21 13:58:00+00:00,157.41799926757812,157.4340057373047,157.406005859375,157.42100524902344,0.0
2026-09-21 13:59:00+00:00,157.4250030517578,157.4320068359375,157.41299438476562,157.42799377441406,0.0
2026-09-21 14:00:00+00:00,157.4250030517578,157.42999267578125,157.406005859375,157.4219970703125,0.0
2026-09-21 14:01:00+00:00,157.4219970703125,157.4340057373047,157.41200256347656,157.4239959716797,0.0
2026-09-21 14:02:00+00:00,157.41900634765625,157.43600463867188,157.40699768066406,157.42100524902344,0.0
2026-09-21 14:03:00+00:00,157.41900634765625,157.46099853515625,157.41799926757812,157.45700073242188,0.0
2026-09-21 14:04:00+00:00,157.45700073242188,157.468994140625,157.447998046875,157.45599365234375,0.0
2026-09-21 14:05:00+00:00,157.46299743652344,157.47000122070312,157.4550018310547,157.4600067138672,0.0
2026-09-21 14:06:00+00:00,157.46200561523438,157.46499633789062,157.4510040283203,157.45599365234375,0.0
2026-09-21 14:07:00+00:00,157.45700073242188,157.47000122070312,157.4510040283203,157.45799255371094,0.0
2026-09-21 14:08:00+00:00,157.4499969482422,157.45599365234375,157.44000244140625,157.45399475097656,0.0
2026-09-21 14:09:00+00:00,157.45399475097656,157.4600067138672,157.44200134277344,157.44900512695312,0.0
2026-09-21 14:10:00+00:00,157.447998046875,157.45700073242188,157.41400146484375,157.4340057373047,0.0
2026-09-21 14:11:00+00:00,157.43800354003906,157.44500732421875,157.40699768066406,157.41200256347656,0.0
2026-09-21 14:12:00+00:00,157.41600036621094,157.42599487304688,157.40899658203125,157.42300415039062,0.0
2026-09-21 14:13:00+00:00,157.42100524902344,157.43600463867188,157.40899658203125,157.4250030517578,0.0
2026-09-21 14:14:00+00:00,157.4250030517578,157.4320068359375,157.3939971923828,157.39500427246094,0.0
2026-09-21 14:15:00+00:00,157.39500427246094,157.4029998779297,157.375,157.3820037841797,0.0
2026-09-21 14:16:00+00:00,157.38299560546875,157.39999389648438,157.37100219726562,157.38400268554688,0.0
2026-09-21 14:17:00+00:00,157.3820037841797,157.4040069580078,157.38099670410156,157.39599609375,0.0
2026-09-21 14:18:00+00:00,157.39599609375,157.4320068359375,157.39500427246094,157.4199981689453,0.0
2026-09-21 14:19:00+00:00,157.4239959716797,157.43699645996094,157.41799926757812,157.4239959716797,0.0
2026-09-21 14:20:00+00:00,157.41900634765625,157.427001953125,157.40899658203125,157.42100524902344,0.0
2026-09-21 14:21:00+00:00,157.42599487304688,157.427001953125,157.3780059814453,157.4040069580078,0.0
2026-09-21 14:22:00+00:00,157.4040069580078,157.41400146484375,157.39199829101562,157.4010009765625,0.0
2026-09-21 14:23:00+00:00,157.39500427246094,157.41200256347656,157.38499450683594,157.38600158691406,0.0
2026-09-21 14:24:00+00:00,157.38499450683594,157.41799926757812,157.38499450683594,157.4010009765625,0.0
2026-09-21 14:25:00+00:00,157.40699768066406,157.41200256347656,157.39500427246094,157.39700317382812,0.0
2026-09-21 14:26:00+00:00,157.39599609375,157.4029998779297,157.38099670410156,157.38499450683594,0.0
2026-09-21 14:27:00+00:00,157.38499450683594,157.3939971923828,157.37100219726562,157.38099670410156,0.0
2026-09-21 14:28:00+00:00,157.3820037841797,157.38400268554688,157.35000610351562,157.36099243164062,0.0
2026-09-21 14:29:00+00:00,157.36000061035156,157.37100219726562,157.3520050048828,157.36000061035156,0.0
2026-09-21 14:30:00+00:00,157.36000061035156,157.3979949951172,157.36000061035156,157.36900329589844,0.0
2026-09-21 14:31:00+00:00,157.36900329589844,157.3769989013672,157.34100341796875,157.3419952392578,0.0
2026-09-21 14:32:00+00:00,157.343994140625,157.35499572753906,157.3350067138672,157.34500122070312,0.0
2026-09-21 14:33:00+00:00,157.34500122070312,157.3520050048828,157.31900024414062,157.3249969482422,0.0
2026-09-21 14:34:00+00:00,157.322998046875,157.36199951171875,157.322998046875,157.35000610351562,0.0
2026-09-21 14:35:00+00:00,157.3520050048828,157.36300659179688,157.33700561523438,157.35499572753906,0.0
2026-09-21 14:36:00+00:00,157.35499572753906,157.36599731445312,157.3489990234375,157.35899353027344,0.0
2026-09-21 14:37:00+00:00,157.35899353027344,157.37600708007812,157.35499572753906,157.36399841308594,0.0
2026-09-21 14:38:00+00:00,157.3679962158203,157.37399291992188,157.35499572753906,157.35499572753906,0.0
2026-09-21 14:39:00+00:00,157.35499572753906,157.37399291992188,157.35499572753906,157.36000061035156,0.0
2026-09-21 14:40:00+00:00,157.36599731445312,157.3679962158203,157.3509979248047,157.35499572753906,0.0
2026-09-21 14:41:00+00:00,157.35400390625,157.37600708007812,157.322998046875,157.36300659179688,0.0
2026-09-21 14:42:00+00:00,157.36500549316406,157.38800048828125,157.35699462890625,157.37100219726562,0.0
2026-09-21 14:43:00+00:00,157.37100219726562,157.40199279785156,157.37100219726562,157.4010009765625,0.0
2026-09-21 14:44:00+00:00,157.39599609375,157.4010009765625,157.3820037841797,157.39300537109375,0.0
2026-09-21 14:45:00+00:00,157.39300537109375,157.39999389648438,157.36900329589844,157.38299560546875,0.0
2026-09-21 14:46:00+00:00,157.3800048828125,157.40199279785156,157.3780059814453,157.3820037841797,0.0
2026-09-21 14:47:00+00:00,157.39100646972656,157.406005859375,157.3679962158203,157.39700317382812,0.0
2026-09-21 14:48:00+00:00,157.39300537109375,157.43299865722656,157.38999938964844,157.4320068359375,0.0
2026-09-21 14:49:00+00:00,157.4290008544922,157.4499969482422,157.4250030517578,157.44400024414062,0.0
2026-09-21 14:50:00+00:00,157.44400024414062,157.46499633789062,157.43600463867188,157.45799255371094,0.0
2026-09-21 14:51:00+00:00,157.45899963378906,157.46499633789062,157.44400024414062,157.45799255371094,0.0
2026-09-21 14:52:00+00:00,157.4550018310547,157.46600341796875,157.44500732421875,157.44500732421875,0.0
2026-09-21 14:53:00+00:00,157.4510040283203,157.46200561523438,157.4429931640625,157.4499969482422,0.0
2026-09-21 14:54:00+00:00,157.4499969482422,157.4969940185547,157.44500732421875,157.4810028076172,0.0
2026-09-21 14:55:00+00:00,157.4810028076172,157.52200317382812,157.4810028076172,157.5030059814453,0.0
2026-09-21 14:56:00+00:00,157.5030059814453,157.51100158691406,157.4669952392578,157.47900390625,0.0
2026-09-21 14:57:00+00:00,157.4720001220703,157.5,157.4550018310547,157.46400451660156,0.0
2026-09-21 14:58:00+00:00,157.46499633789062,157.4759979248047,157.4530029296875,157.47300720214844,0.0
2026-09-21 14:59:00+00:00,157.4669952392578,157.4739990234375,157.447998046875,157.45899963378906,0.0
2026-09-21 15:00:00+00:00,157.45399475097656,157.46099853515625,157.4429931640625,157.44900512695312,0.0
2026-09-21 15:01:00+00:00,157.44900512695312,157.48500061035156,157.44900512695312,157.47000122070312,0.0
2026-09-21 15:02:00+00:00,157.4739990234375,157.4969940185547,157.46499633789062,157.4770050048828,0.0
2026-09-21 15:03:00+00:00,157.4810028076172,157.5050048828125,157.46800231933594,157.50100708007812,0.0
2026-09-21 15:04:00+00:00,157.4949951171875,157.5,157.48199462890625,157.48800659179688,0.0
2026-09-21 15:05:00+00:00,157.47900390625,157.49099731445312,157.46400451660156,157.4739990234375,0.0
2026-09-21 15:06:00+00:00,157.47000122070312,157.47500610351562,157.45399475097656,157.47000122070312,0.0
2026-09-21 15:07:00+00:00,157.46400451660156,157.48300170898438,157.45700073242188,157.468994140625,0.0
2026-09-21 15:08:00+00:00,157.47500610351562,157.48599243164062,157.4669952392578,157.48300170898438,0.0
2026-09-21 15:09:00+00:00,157.47999572753906,157.49600219726562,157.4550018310547,157.45599365234375,0.0
2026-09-21 15:10:00+00:00,157.4600067138672,157.47500610351562,157.4550018310547,157.4669952392578,0.0
2026-09-21 15:11:00+00:00,157.4669952392578,157.4770050048828,157.4499969482422,157.4669952392578,0.0
2026-09-21 15:12:00+00:00,157.4669952392578,157.4759979248047,157.46499633789062,157.46499633789062,0.0
2026-09-21 15:13:00+00:00,157.46600341796875,157.4759979248047,157.4429931640625,157.4499969482422,0.0
2026-09-21 15:14:00+00:00,157.44900512695312,157.45799255371094,157.42999267578125,157.43299865722656,0.0
2026-09-21 15:15:00+00:00,157.42999267578125,157.447998046875,157.42799377441406,157.44400024414062,0.0
2026-09-21 15:16:00+00:00,157.4499969482422,157.4510040283203,157.42999267578125,157.43099975585938,0.0
2026-09-21 15:17:00+00:00,157.42999267578125,157.44700622558594,157.42100524902344,157.42999267578125,0.0
2026-09-21 15:18:00+00:00,157.4239959716797,157.43499755859375,157.41099548339844,157.4290008544922,0.0
2026-09-21 15:19:00+00:00,157.4290008544922,157.43499755859375,157.4199981689453,157.42999267578125,0.0
2026-09-21 15:20:00+00:00,157.4250030517578,157.4499969482422,157.4199981689453,157.4459991455078,0.0
2026-09-21 15:21:00+00:00,157.44200134277344,157.46499633789062,157.44200134277344,157.45599365234375,0.0
2026-09-21 15:22:00+00:00,157.45599365234375,157.47500610351562,157.45599365234375,157.4669952392578,0.0
2026-09-21 15:23:00+00:00,157.46800231933594,157.47900390625,157.4669952392578,157.4720001220703,0.0
2026-09-21 15:24:00+00:00,157.4770050048828,157.48699951171875,157.46600341796875,157.46800231933594,0.0
2026-09-21 15:25:00+00:00,157.46800231933594,157.47500610351562,157.43499755859375,157.4429931640625,0.0
2026-09-21 15:26:00+00:00,157.44200134277344,157.46200561523438,157.43499755859375,157.4550018310547,0.0
2026-09-21 15:27:00+00:00,157.4550018310547,157.468994140625,157.4550018310547,157.46200561523438,0.0
2026-09-21 15:28:00+00:00,157.45899963378906,157.46800231933594,157.45599365234375,157.45899963378906,0.0
2026-09-21 15:29:00+00:00,157.45899963378906,157.47900390625,157.45599365234375,157.4739990234375,0.0
2026-09-21 15:30:00+00:00,157.47000122070312,157.50999450683594,157.468994140625,157.5050048828125,0.0
2026-09-21 15:31:00+00:00,157.5050048828125,157.51499938964844,157.5019989013672,157.5050048828125,0.0
2026-09-21 15:32:00+00:00,157.5070037841797,157.51100158691406,157.48800659179688,157.49600219726562,0.0
2026-09-21 15:33:00+00:00,157.49000549316406,157.50100708007812,157.47999572753906,157.48800659179688,0.0
2026-09-21 15:34:00+00:00,157.4810028076172,157.4980010986328,157.4669952392578,157.46800231933594,0.0
2026-09-21 15:35:00+00:00,157.4669952392578,157.48599243164062,157.46600341796875,157.47999572753906,0.0
2026-09-21 15:36:00+00:00,157.47999572753906,157.4980010986328,157.45700073242188,157.4770050048828,0.0
2026-09-21 15:37:00+00:00,157.47000122070312,157.48300170898438,157.4669952392578,157.47000122070312,0.0
2026-09-21 15:38:00+00:00,157.47000122070312,157.4810028076172,157.45599365234375,157.45899963378906,0.0
2026-09-21 15:39:00+00:00,157.45899963378906,157.48800659179688,157.45700073242188,157.48500061035156,0.0
2026-09-21 15:40:00+00:00,157.48399353027344,157.51499938964844,157.48199462890625,157.51499938964844,0.0
2026-09-21 15:41:00+00:00,157.50999450683594,157.5260009765625,157.5070037841797,157.51699829101562,0.0
2026-09-21 15:42:00+00:00,157.52200317382812,157.5290069580078,157.50599670410156,157.50799560546875,0.0
2026-09-21 15:43:00+00:00,157.51600646972656,157.52099609375,157.4949951171875,157.50100708007812,0.0
2026-09-21 15:44:00+00:00,157.50100708007812,157.50900268554688,157.49600219726562,157.4969940185547,0.0
2026-09-21 15:45:00+00:00,157.4969940185547,157.50399780273438,157.47999572753906,157.49000549316406,0.0
2026-09-21 15:46:00+00:00,157.48399353027344,157.5019989013672,157.4810028076172,157.48399353027344,0.0
2026-09-21 15:47:00+00:00,157.48800659179688,157.4929962158203,157.47300720214844,157.4810028076172,0.0
2026-09-21 15:48:00+00:00,157.4810028076172,157.50799560546875,157.47999572753906,157.49400329589844,0.0
2026-09-21 15:49:00+00:00,157.49400329589844,157.50100708007812,157.49200439453125,157.4929962158203,0.0
2026-09-21 15:50:00+00:00,157.49400329589844,157.5019989013672,157.44400024414062,157.4739990234375,0.0
2026-09-21 15:51:00+00:00,157.46600341796875,157.48300170898438,157.46499633789062,157.468994140625,0.0
2026-09-21 15:52:00+00:00,157.468994140625,157.4770050048828,157.46800231933594,157.47300720214844,0.0
2026-09-21 15:53:00+00:00,157.46800231933594,157.48300170898438,157.46499633789062,157.47000122070312,0.0
2026-09-21 15:54:00+00:00,157.47000122070312,157.47999572753906,157.45700073242188,157.46299743652344,0.0
2026-09-21 15:55:00+00:00,157.45799255371094,157.46600341796875,157.44700622558594,157.45599365234375,0.0
2026-09-21 15:56:00+00:00,157.4550018310547,157.4739990234375,157.4550018310547,157.46400451660156,0.0
2026-09-21 15:57:00+00:00,157.46200561523438,157.4810028076172,157.45799255371094,157.47799682617188,0.0
2026-09-21 15:58:00+00:00,157.4770050048828,157.48199462890625,157.468994140625,157.47500610351562,0.0
2026-09-21 15:59:00+00:00,157.47799682617188,157.4969940185547,157.47000122070312,157.48500061035156,0.0
2026-09-21 16:00:00+00:00,157.48300170898438,157.4929962158203,157.4739990234375,157.48199462890625,0.0
2026-09-21 16:01:00+00:00,157.48500061035156,157.48899841308594,157.468994140625,157.48300170898438,0.0
2026-09-21 16:02:00+00:00,157.48300170898438,157.49200439453125,157.45899963378906,157.45899963378906,0.0
2026-09-21 16:03:00+00:00,157.4600067138672,157.46400451660156,157.44400024414062,157.45199584960938,0.0
2026-09-21 16:04:00+00:00,157.44500732421875,157.45399475097656,157.43499755859375,157.44500732421875,0.0
2026-09-21 16:05:00+00:00,157.44500732421875,157.46200561523438,157.44500732421875,157.45599365234375,0.0
2026-09-21 16:06:00+00:00,157.4550018310547,157.46200561523438,157.43099975585938,157.4340057373047,0.0
2026-09-21 16:07:00+00:00,157.43800354003906,157.4409942626953,157.38999938964844,157.40899658203125,0.0
2026-09-21 16:08:00+00:00,157.4149932861328,157.41700744628906,157.38400268554688,157.39599609375,0.0
2026-09-21 16:09:00+00:00,157.3979949951172,157.41200256347656,157.3820037841797,157.38900756835938,0.0
2026-09-21 16:10:00+00:00,157.38400268554688,157.39199829101562,157.36000061035156,157.36399841308594,0.0
2026-09-21 16:11:00+00:00,157.36000061035156,157.37100219726562,157.34300231933594,157.35899353027344,0.0
2026-09-21 16:12:00+00:00,157.36099243164062,157.38699340820312,157.35000610351562,157.3730010986328,0.0
2026-09-21 16:13:00+00:00,157.3719940185547,157.3769989013672,157.35499572753906,157.37100219726562,0.0
2026-09-21 16:14:00+00:00,157.3679962158203,157.38999938964844,157.3470001220703,157.35400390625,0.0
2026-09-21 16:15:00+00:00,157.35000610351562,157.36199951171875,157.33900451660156,157.35299682617188,0.0
2026-09-21 16:16:00+00:00,157.34500122070312,157.36599731445312,157.34500122070312,157.35299682617188,0.0
2026-09-21 16:17:00+00:00,157.35000610351562,157.3699951171875,157.35000610351562,157.36300659179688,0.0
2026-09-21 16:18:00+00:00,157.36000061035156,157.36599731445312,157.3350067138672,157.343994140625,0.0
2026-09-21 16:19:00+00:00,157.34300231933594,157.3470001220703,157.3209991455078,157.33099365234375,0.0
2026-09-21 16:20:00+00:00,157.33099365234375,157.33599853515625,157.30599975585938,157.3070068359375,0.0
2026-09-21 16:21:00+00:00,157.30599975585938,157.33999633789062,157.30599975585938,157.33700561523438,0.0
2026-09-21 16:22:00+00:00,157.33200073242188,157.34100341796875,157.3209991455078,157.33599853515625,0.0
2026-09-21 16:23:00+00:00,157.33999633789062,157.35800170898438,157.33200073242188,157.35400390625,0.0
2026-09-21 16:24:00+00:00,157.3470001220703,157.38099670410156,157.3459930419922,157.375,0.0
2026-09-21 16:25:00+00:00,157.36900329589844,157.38800048828125,157.36700439453125,157.38099670410156,0.0
2026-09-21 16:26:00+00:00,157.38099670410156,157.38600158691406,157.35800170898438,157.36300659179688,0.0
2026-09-21 16:27:00+00:00,157.36399841308594,157.36900329589844,157.3560028076172,157.36000061035156,0.0
2026-09-21 16:28:00+00:00,157.36000061035156,157.3769989013672,157.35800170898438,157.37399291992188,0.0
2026-09-21 16:29:00+00:00,157.37100219726562,157.39199829101562,157.3699951171875,157.38800048828125,0.0
2026-09-21 16:30:00+00:00,157.38499450683594,157.4010009765625,157.38299560546875,157.38400268554688,0.0
2026-09-21 16:31:00+00:00,157.38499450683594,157.39199829101562,157.38099670410156,157.38499450683594,0.0
2026-09-21 16:32:00+00:00,157.38499450683594,157.39999389648438,157.38099670410156,157.38800048828125,0.0
2026-09-21 16:33:00+00:00,157.38600158691406,157.38900756835938,157.36599731445312,157.37600708007812,0.0
2026-09-21 16:34:00+00:00,157.3769989013672,157.3820037841797,157.3699951171875,157.3769989013672,0.0
2026-09-21 16:35:00+00:00,157.37399291992188,157.39100646972656,157.37100219726562,157.38400268554688,0.0
2026-09-21 16:36:00+00:00,157.38699340820312,157.39300537109375,157.3800048828125,157.38099670410156,0.0
2026-09-21 16:37:00+00:00,157.3820037841797,157.38999938964844,157.35499572753906,157.35699462890625,0.0
2026-09-21 16:38:00+00:00,157.35800170898438,157.36900329589844,157.3560028076172,157.36399841308594,0.0
2026-09-21 16:39:00+00:00,157.36500549316406,157.39100646972656,157.36000061035156,157.38999938964844,0.0
2026-09-21 16:40:00+00:00,157.38400268554688,157.39999389648438,157.38400268554688,157.39100646972656,0.0
2026-09-21 16:41:00+00:00,157.39599609375,157.4010009765625,157.38800048828125,157.39300537109375,0.0
2026-09-21 16:42:00+00:00,157.39599609375,157.41200256347656,157.38999938964844,157.39999389648438,0.0
2026-09-21 16:43:00+00:00,157.39999389648438,157.4149932861328,157.39999389648438,157.406005859375,0.0
2026-09-21 16:44:00+00:00,157.406005859375,157.42100524902344,157.4010009765625,157.41000366210938,0.0
2026-09-21 16:45:00+00:00,157.41600036621094,157.4340057373047,157.40699768066406,157.427001953125,0.0
2026-09-21 16:46:00+00:00,157.42100524902344,157.43699645996094,157.42100524902344,157.4250030517578,0.0
2026-09-21 16:47:00+00:00,157.4250030517578,157.43600463867188,157.4250030517578,157.42599487304688,0.0
2026-09-21 16:48:00+00:00,157.42599487304688,157.4409942626953,157.4250030517578,157.4320068359375,0.0
2026-09-21 16:49:00+00:00,157.4320068359375,157.43699645996094,157.4080047607422,157.41900634765625,0.0
2026-09-21 16:50:00+00:00,157.4219970703125,157.42599487304688,157.4029998779297,157.41600036621094,0.0
2026-09-21 16:51:00+00:00,157.41200256347656,157.42999267578125,157.41000366210938,157.4239959716797,0.0
2026-09-21 16:52:00+00:00,157.4250030517578,157.43600463867188,157.41000366210938,157.41000366210938,0.0
2026-09-21 16:53:00+00:00,157.41299438476562,157.41799926757812,157.40499877929688,157.41600036621094,0.0
2026-09-21 16:54:00+00:00,157.4149932861328,157.41600036621094,157.4029998779297,157.41000366210938,0.0
2026-09-21 16:55:00+00:00,157.40699768066406,157.4149932861328,157.38999938964844,157.39199829101562,0.0
2026-09-21 16:56:00+00:00,157.3990020751953,157.406005859375,157.3800048828125,157.39500427246094,0.0
2026-09-21 16:57:00+00:00,157.39500427246094,157.41299438476562,157.39300537109375,157.40499877929688,0.0
2026-09-21 16:58:00+00:00,157.4080047607422,157.4199981689453,157.40499877929688,157.41200256347656,0.0
2026-09-21 16:59:00+00:00,157.41099548339844,157.4199981689453,157.406005859375,157.4199981689453,0.0
2026-09-21 17:00:00+00:00,157.4199981689453,157.4320068359375,157.41200256347656,157.4239959716797,0.0
2026-09-21 17:01:00+00:00,157.41799926757812,157.4239959716797,157.39199829101562,157.39999389648438,0.0
2026-09-21 17:02:00+00:00,157.39300537109375,157.41400146484375,157.39300537109375,157.406005859375,0.0
2026-09-21 17:03:00+00:00,157.39999389648438,157.41299438476562,157.39599609375,157.39999389648438,0.0
2026-09-21 17:04:00+00:00,157.39999389648438,157.41000366210938,157.39500427246094,157.39999389648438,0.0
2026-09-21 17:05:00+00:00,157.39999389648438,157.4080047607422,157.39700317382812,157.3979949951172,0.0
2026-09-21 17:06:00+00:00,157.39700317382812,157.40699768066406,157.39700317382812,157.4029998779297,0.0
2026-09-21 17:07:00+00:00,157.39999389648438,157.41000366210938,157.3939971923828,157.4010009765625,0.0
2026-09-21 17:08:00+00:00,157.3990020751953,157.406005859375,157.39500427246094,157.39700317382812,0.0
2026-09-21 17:09:00+00:00,157.39700317382812,157.4040069580078,157.3939971923828,157.39599609375,0.0
2026-09-21 17:10:00+00:00,157.4010009765625,157.41099548339844,157.39500427246094,157.4080047607422,0.0
2026-09-21 17:11:00+00:00,157.4029998779297,157.4290008544922,157.39999389648438,157.42799377441406,0.0
2026-09-21 17:12:00+00:00,157.4219970703125,157.42799377441406,157.4080047607422,157.41099548339844,0.0
2026-09-21 17:13:00+00:00,157.41099548339844,157.41900634765625,157.4029998779297,157.40899658203125,0.0
2026-09-21 17:14:00+00:00,157.41099548339844,157.4320068359375,157.4080047607422,157.42599487304688,0.0
2026-09-21 17:15:00+00:00,157.42799377441406,157.43699645996094,157.42100524902344,157.4320068359375,0.0
2026-09-21 17:16:00+00:00,157.43099975585938,157.44200134277344,157.43099975585938,157.43800354003906,0.0
2026-09-21 17:17:00+00:00,157.4320068359375,157.44500732421875,157.43099975585938,157.43499755859375,0.0
2026-09-21 17:18:00+00:00,157.43499755859375,157.44500732421875,157.4250030517578,157.427001953125,0.0
2026-09-21 17:19:00+00:00,157.42999267578125,157.44700622558594,157.42799377441406,157.43800354003906,0.0
2026-09-21 17:20:00+00:00,157.43800354003906,157.4429931640625,157.4320068359375,157.43299865722656,0.0
2026-09-21 17:21:00+00:00,157.43299865722656,157.44000244140625,157.4199981689453,157.42999267578125,0.0
2026-09-21 17:22:00+00:00,157.4239959716797,157.43099975585938,157.4219970703125,157.42599487304688,0.0
2026-09-21 17:23:00+00:00,157.42300415039062,157.44000244140625,157.42300415039062,157.43499755859375,0.0
2026-09-21 17:24:00+00:00,157.43499755859375,157.44700622558594,157.43299865722656,157.43899536132812,0.0
2026-09-21 17:25:00+00:00,157.43600463867188,157.44000244140625,157.42100524902344,157.42100524902344,0.0
2026-09-21 17:26:00+00:00,157.4219970703125,157.4290008544922,157.41000366210938,157.41799926757812,0.0
2026-09-21 17:27:00+00:00,157.41000366210938,157.41900634765625,157.40899658203125,157.41200256347656,0.0
2026-09-21 17:28:00+00:00,157.41799926757812,157.4199981689453,157.41099548339844,157.4149932861328,0.0
2026-09-21 17:29:00+00:00,157.41400146484375,157.41799926757812,157.406005859375,157.41000366210938,0.0
2026-09-21 17:30:00+00:00,157.4149932861328,157.4149932861328,157.4149932861328,157.4149932861328,0.0
