time,Open,High,Low,Close,Volume
2026-08-10 23:00:00+00:00,159.24099731445312,159.26199340820312,159.23199462890625,159.2469940185547,0.0
2026-08-10 23:05:00+00:00,159.2519989013672,159.2760009765625,159.24200439453125,159.26300048828125,0.0
2026-08-10 23:10:00+00:00,159.27000427246094,159.2779998779297,159.24600219726562,159.25,0.0
2026-08-10 23:15:00+00:00,159.25599670410156,159.27200317382812,159.24000549316406,159.25799560546875,0.0
2026-08-10 23:20:00+00:00,159.25100708007812,159.27099609375,159.23699951171875,159.24600219726562,0.0
2026-08-10 23:25:00+00:00,159.25399780273438,159.27499389648438,159.2429962158203,159.2570037841797,0.0
2026-08-10 23:30:00+00:00,159.2570037841797,159.2899932861328,159.25599670410156,159.2830047607422,0.0
2026-08-10 23:35:00+00:00,159.2760009765625,159.2899932861328,159.2519989013672,159.2760009765625,0.0
2026-08-10 23:40:00+00:00,159.26499938964844,159.28799438476562,159.26300048828125,159.26600646972656,0.0
2026-08-10 23:45:00+00:00,159.26600646972656,159.2760009765625,159.1750030517578,159.17799377441406,0.0
2026-08-10 23:50:00+00:00,159.17799377441406,159.22000122070312,159.17599487304688,159.19900512695312,0.0
2026-08-10 23:55:00+00:00,159.197998046875,159.21200561523438,159.12100219726562,159.14999389648438,0.0
2026-08-11 00:00:00+00:00,159.14999389648438,159.16299438476562,159.11300659179688,159.1300048828125,0.0
2026-08-11 00:05:00+00:00,159.1280059814453,159.18299865722656,159.12399291992188,159.14999389648438,0.0
2026-08-11 00:10:00+00:00,159.13999938964844,159.16099548339844,159.13499450683594,159.14199829101562,0.0
2026-08-11 00:15:00+00:00,159.13900756835938,159.18800354003906,159.13900756835938,159.1739959716797,0.0
2026-08-11 00:20:00+00:00,159.1790008544922,159.197998046875,159.1529998779297,159.18800354003906,0.0
2026-08-11 00:25:00+00:00,159.18600463867188,159.19700622558594,159.1699981689453,159.18600463867188,0.0
2026-08-11 00:30:00+00:00,159.1909942626953,159.1959991455078,159.16400146484375,159.1750030517578,0.0
2026-08-11 00:35:00+00:00,159.1750030517578,159.1840057373047,159.06700134277344,159.093994140625,0.0
2026-08-11 00:40:00+00:00,159.10000610351562,159.11900329589844,158.9199981689453,159.0070037841797,0.0
2026-08-11 00:45:00+00:00,159.01699829101562,159.08399963378906,159.0,159.05599975585938,0.0
2026-08-11 00:50:00+00:00,159.05599975585938,159.10800170898438,159.0330047607422,159.0780029296875,0.0
2026-08-11 00:55:00+00:00,159.08900451660156,159.15199279785156,159.04800415039062,159.14500427246094,0.0
2026-08-11 01:00:00+00:00,159.14199829101562,159.18299865722656,159.125,159.13099670410156,0.0
2026-08-11 01:05:00+00:00,159.13099670410156,159.1479949951172,159.0749969482422,159.1009979248047,0.0
2026-08-11 01:10:00+00:00,159.1009979248047,159.13900756835938,159.0970001220703,159.11599731445312,0.0
2026-08-11 01:15:00+00:00,159.11199951171875,159.12600708007812,159.07000732421875,159.08399963378906,0.0
2026-08-11 01:20:00+00:00,159.07400512695312,159.10699462890625,159.06100463867188,159.0919952392578,0.0
2026-08-11 01:25:00+00:00,159.1020050048828,159.11099243164062,159.0659942626953,159.08200073242188,0.0
2026-08-11 01:30:00+00:00,159.08299255371094,159.0989990234375,159.06399536132812,159.0679931640625,0.0
2026-08-11 01:35:00+00:00,159.0679931640625,159.0989990234375,159.06500244140625,159.08700561523438,0.0
2026-08-11 01:40:00+00:00,159.0780029296875,159.13900756835938,159.07400512695312,159.12399291992188,0.0
2026-08-11 01:45:00+00:00,159.13600158691406,159.13900756835938,159.0970001220703,159.1060028076172,0.0
2026-08-11 01:50:00+00:00,159.1060028076172,159.15199279785156,159.1060028076172,159.12899780273438,0.0
2026-08-11 01:55:00+00:00,159.13099670410156,159.17799377441406,159.1280059814453,159.16299438476562,0.0
2026-08-11 02:00:00+00:00,159.16200256347656,159.19700622558594,159.1540069580078,159.1820068359375,0.0
2026-08-11 02:05:00+00:00,159.1820068359375,159.2100067138672,159.17100524902344,159.2010040283203,0.0
2026-08-11 02:10:00+00:00,159.2010040283203,159.26600646972656,159.2010040283203,159.2169952392578,0.0
2026-08-11 02:15:00+00:00,159.2169952392578,159.26499938964844,159.2050018310547,159.2570037841797,0.0
2026-08-11 02:20:00+00:00,159.2480010986328,159.30099487304688,159.24200439453125,159.29400634765625,0.0
2026-08-11 02:25:00+00:00,159.29600524902344,159.3090057373047,159.2480010986328,159.2729949951172,0.0
2026-08-11 02:30:00+00:00,159.2790069580078,159.31199645996094,159.27200317382812,159.27699279785156,0.0
2026-08-11 02:35:00+00:00,159.28700256347656,159.2969970703125,159.26199340820312,159.27000427246094,0.0
2026-08-11 02:40:00+00:00,159.26499938964844,159.30299377441406,159.26499938964844,159.28700256347656,0.0
2026-08-11 02:45:00+00:00,159.28700256347656,159.30499267578125,159.26699829101562,159.28599548339844,0.0
2026-08-11 02:50:00+00:00,159.2740020751953,159.29400634765625,159.26100158691406,159.2740020751953,0.0
2026-08-11 02:55:00+00:00,159.2790069580078,159.2989959716797,159.24899291992188,159.25999450683594,0.0
2026-08-11 03:00:00+00:00,159.2570037841797,159.26600646972656,159.21299743652344,159.2449951171875,0.0
2026-08-11 03:05:00+00:00,159.2449951171875,159.27000427246094,159.21299743652344,159.22300720214844,0.0
2026-08-11 03:10:00+00:00,159.22900390625,159.25599670410156,159.218994140625,159.22900390625,0.0
2026-08-11 03:15:00+00:00,159.2239990234375,159.23699951171875,159.18499755859375,159.18499755859375,0.0
2026-08-11 03:20:00+00:00,159.18600463867188,159.218994140625,159.1840057373047,159.197998046875,0.0
2026-08-11 03:25:00+00:00,159.197998046875,159.21099853515625,159.16000366210938,159.17100524902344,0.0
2026-08-11 03:30:00+00:00,159.16299438476562,159.17300415039062,159.13900756835938,159.14999389648438,0.0
2026-08-11 03:35:00+00:00,159.14999389648438,159.18099975585938,159.1490020751953,159.177001953125,0.0
2026-08-11 03:40:00+00:00,159.16799926757812,159.21200561523438,159.16400146484375,159.19900512695312,0.0
2026-08-11 03:45:00+00:00,159.20199584960938,159.21200561523438,159.18699645996094,159.197998046875,0.0
2026-08-11 03:50:00+00:00,159.1959991455078,159.20700073242188,159.16200256347656,159.16200256347656,0.0
2026-08-11 03:55:00+00:00,159.16900634765625,159.21099853515625,159.16000366210938,159.1999969482422,0.0
2026-08-11 04:00:00+00:00,159.1959991455078,159.20599365234375,159.1719970703125,159.18800354003906,0.0
2026-08-11 04:05:00+00:00,159.1820068359375,159.20599365234375,159.1739959716797,159.197998046875,0.0
2026-08-11 04:10:00+00:00,159.2010040283203,159.20700073242188,159.1750030517578,159.19000244140625,0.0
2026-08-11 04:15:00+00:00,159.18299865722656,159.19200134277344,159.15499877929688,159.16799926757812,0.0
2026-08-11 04:20:00+00:00,159.16799926757812,159.17999267578125,159.16700744628906,159.17599487304688,0.0
2026-08-11 04:25:00+00:00,159.1719970703125,159.17999267578125,159.16299438476562,159.16799926757812,0.0
2026-08-11 04:30:00+00:00,159.16799926757812,159.21299743652344,159.16799926757812,159.2050018310547,0.0
2026-08-11 04:35:00+00:00,159.2100067138672,159.21099853515625,159.18600463867188,159.20199584960938,0.0
2026-08-11 04:40:00+00:00,159.19900512695312,159.2429962158203,159.197998046875,159.21200561523438,0.0
2026-08-11 04:45:00+00:00,159.21200561523438,159.24899291992188,159.21099853515625,159.23800659179688,0.0
2026-08-11 04:50:00+00:00,159.23699951171875,159.25100708007812,159.21400451660156,159.22799682617188,0.0
2026-08-11 04:55:00+00:00,159.218994140625,159.22999572753906,159.17999267578125,159.1840057373047,0.0
2026-08-11 05:00:00+00:00,159.18299865722656,159.2100067138672,159.177001953125,159.19700622558594,0.0
2026-08-11 05:05:00+00:00,159.19700622558594,159.21400451660156,159.17999267578125,159.1840057373047,0.0
2026-08-11 05:10:00+00:00,159.18800354003906,159.20700073242188,159.18299865722656,159.18800354003906,0.0
2026-08-11 05:15:00+00:00,159.18899536132812,159.20799255371094,159.17599487304688,159.18299865722656,0.0
2026-08-11 05:20:00+00:00,159.18299865722656,159.20799255371094,159.18299865722656,159.20199584960938,0.0
2026-08-11 05:25:00+00:00,159.19400024414062,159.2050018310547,159.177001953125,159.177001953125,0.0
2026-08-11 05:30:00+00:00,159.177001953125,159.1929931640625,159.1490020751953,159.1739959716797,0.0
2026-08-11 05:35:00+00:00,159.1739959716797,159.20700073242188,159.17300415039062,159.177001953125,0.0
2026-08-11 05:40:00+00:00,159.177001953125,159.18499755859375,159.14700317382812,159.15499877929688,0.0
2026-08-11 05:45:00+00:00,159.1490020751953,159.18099975585938,159.1490020751953,159.17300415039062,0.0
2026-08-11 05:50:00+00:00,159.17300415039062,159.22900390625,159.1719970703125,159.21600341796875,0.0
2026-08-11 05:55:00+00:00,159.21600341796875,159.2310028076172,159.1959991455078,159.2010040283203,0.0
2026-08-11 06:00:00+00:00,159.1999969482422,159.20899963378906,159.17300415039062,159.1959991455078,0.0
2026-08-11 06:05:00+00:00,159.18800354003906,159.21600341796875,159.18499755859375,159.19500732421875,0.0
2026-08-11 06:10:00+00:00,159.19200134277344,159.23199462890625,159.19200134277344,159.21299743652344,0.0
2026-08-11 06:15:00+00:00,159.21299743652344,159.23599243164062,159.18699645996094,159.22799682617188,0.0
2026-08-11 06:20:00+00:00,159.22300720214844,159.24099731445312,159.19700622558594,159.21200561523438,0.0
2026-08-11 06:25:00+00:00,159.2169952392578,159.2209930419922,159.197998046875,159.21800231933594,0.0
2026-08-11 06:30:00+00:00,159.21299743652344,159.24000549316406,159.2100067138672,159.2239990234375,0.0
2026-08-11 06:35:00+00:00,159.22300720214844,159.23899841308594,159.20899963378906,159.22300720214844,0.0
2026-08-11 06:40:00+00:00,159.21299743652344,159.22500610351562,159.17599487304688,159.22000122070312,0.0
2026-08-11 06:45:00+00:00,159.2169952392578,159.22799682617188,159.21099853515625,159.21299743652344,0.0
2026-08-11 06:50:00+00:00,159.2209930419922,159.2310028076172,159.20799255371094,159.2220001220703,0.0
2026-08-11 06:55:00+00:00,159.21600341796875,159.2220001220703,159.18699645996094,159.20799255371094,0.0
2026-08-11 07:00:00+00:00,159.2050018310547,159.31100463867188,159.19500732421875,159.26699829101562,0.0
2026-08-11 07:05:00+00:00,159.26699829101562,159.3040008544922,159.25,159.29400634765625,0.0
2026-08-11 07:10:00+00:00,159.29400634765625,159.32200622558594,159.27999877929688,159.2899932861328,0.0
2026-08-11 07:15:00+00:00,159.2899932861328,159.31199645996094,159.2740020751953,159.29800415039062,0.0
2026-08-11 07:20:00+00:00,159.2969970703125,159.3159942626953,159.2779998779297,159.27999877929688,0.0
2026-08-11 07:25:00+00:00,159.27999877929688,159.29299926757812,159.25399780273438,159.26199340820312,0.0
2026-08-11 07:30:00+00:00,159.27000427246094,159.29299926757812,159.26199340820312,159.27200317382812,0.0
2026-08-11 07:35:00+00:00,159.2790069580078,159.28799438476562,159.26400756835938,159.27999877929688,0.0
2026-08-11 07:40:00+00:00,159.2790069580078,159.322998046875,159.2790069580078,159.31300354003906,0.0
2026-08-11 07:45:00+00:00,159.30999755859375,159.33999633789062,159.29800415039062,159.29800415039062,0.0
2026-08-11 07:50:00+00:00,159.29800415039062,159.3280029296875,159.29100036621094,159.31399536132812,0.0
2026-08-11 07:55:00+00:00,159.31500244140625,159.3769989013672,159.31199645996094,159.3560028076172,0.0
2026-08-11 08:00:00+00:00,159.36099243164062,159.36399841308594,159.3090057373047,159.32699584960938,0.0
2026-08-11 08:05:00+00:00,159.33200073242188,159.35000610351562,159.32400512695312,159.33799743652344,0.0
2026-08-11 08:10:00+00:00,159.33799743652344,159.35800170898438,159.33599853515625,159.343994140625,0.0
2026-08-11 08:15:00+00:00,159.343994140625,159.35800170898438,159.32200622558594,159.3350067138672,0.0
2026-08-11 08:20:00+00:00,159.33399963378906,159.3459930419922,159.31199645996094,159.31300354003906,0.0
2026-08-11 08:25:00+00:00,159.31300354003906,159.3300018310547,159.28700256347656,159.29200744628906,0.0
2026-08-11 08:30:00+00:00,159.28900146484375,159.30599975585938,159.27699279785156,159.2949981689453,0.0
2026-08-11 08:35:00+00:00,159.29600524902344,159.31300354003906,159.28799438476562,159.30099487304688,0.0
2026-08-11 08:40:00+00:00,159.30099487304688,159.31199645996094,159.29400634765625,159.30099487304688,0.0
2026-08-11 08:45:00+00:00,159.30099487304688,159.33799743652344,159.30099487304688,159.3280029296875,0.0
2026-08-11 08:50:00+00:00,159.3249969482422,159.35800170898438,159.32400512695312,159.343994140625,0.0
2026-08-11 08:55:00+00:00,159.343994140625,159.37100219726562,159.32400512695312,159.3489990234375,0.0
2026-08-11 09:00:00+00:00,159.3489990234375,159.38999938964844,159.33700561523438,159.33700561523438,0.0
2026-08-11 09:05:00+00:00,159.34100341796875,159.38299560546875,159.33700561523438,159.37100219726562,0.0
2026-08-11 09:10:00+00:00,159.37100219726562,159.3800048828125,159.3489990234375,159.36399841308594,0.0
2026-08-11 09:15:00+00:00,159.36000061035156,159.36900329589844,159.32400512695312,159.34300231933594,0.0
2026-08-11 09:20:00+00:00,159.34300231933594,159.35699462890625,159.3350067138672,159.33999633789062,0.0
2026-08-11 09:25:00+00:00,159.33999633789062,159.3520050048828,159.3249969482422,159.3300018310547,0.0
2026-08-11 09:30:00+00:00,159.3280029296875,159.3350067138672,159.3040008544922,159.31399536132812,0.0
2026-08-11 09:35:00+00:00,159.31399536132812,159.3280029296875,159.30599975585938,159.3070068359375,0.0
2026-08-11 09:40:00+00:00,159.31399536132812,159.32699584960938,159.30499267578125,159.3159942626953,0.0
2026-08-11 09:45:00+00:00,159.31500244140625,159.32200622558594,159.26499938964844,159.27000427246094,0.0
2026-08-11 09:50:00+00:00,159.27099609375,159.2969970703125,159.26499938964844,159.29100036621094,0.0
2026-08-11 09:55:00+00:00,159.29100036621094,159.2969970703125,159.2740020751953,159.28199768066406,0.0
2026-08-11 10:00:00+00:00,159.2760009765625,159.31900024414062,159.27499389648438,159.2949981689453,0.0
2026-08-11 10:05:00+00:00,159.2969970703125,159.31199645996094,159.2830047607422,159.30299377441406,0.0
2026-08-11 10:10:00+00:00,159.3090057373047,159.32000732421875,159.2899932861328,159.31900024414062,0.0
2026-08-11 10:15:00+00:00,159.32000732421875,159.33099365234375,159.30599975585938,159.33099365234375,0.0
2026-08-11 10:20:00+00:00,159.32699584960938,159.3300018310547,159.2689971923828,159.29400634765625,0.0
2026-08-11 10:25:00+00:00,159.29800415039062,159.30799865722656,159.18600463867188,159.25399780273438,0.0
2026-08-11 10:30:00+00:00,159.25399780273438,159.2830047607422,159.23899841308594,159.2480010986328,0.0
2026-08-11 10:35:00+00:00,159.24899291992188,159.27000427246094,159.2270050048828,159.2449951171875,0.0
2026-08-11 10:40:00+00:00,159.24600219726562,159.26699829101562,159.24099731445312,159.25100708007812,0.0
2026-08-11 10:45:00+00:00,159.2469940185547,159.25900268554688,159.2310028076172,159.2519989013672,0.0
2026-08-11 10:50:00+00:00,159.2519989013672,159.27699279785156,159.2519989013672,159.26300048828125,0.0
2026-08-11 10:55:00+00:00,159.2570037841797,159.27099609375,159.20199584960938,159.22500610351562,0.0
2026-08-11 11:00:00+00:00,159.2239990234375,159.24400329589844,159.0489959716797,159.1060028076172,0.0
2026-08-11 11:05:00+00:00,159.10000610351562,159.13299560546875,159.0590057373047,159.11500549316406,0.0
2026-08-11 11:10:00+00:00,159.11500549316406,159.12399291992188,159.0679931640625,159.0919952392578,0.0
2026-08-11 11:15:00+00:00,159.08999633789062,159.1219940185547,159.08099365234375,159.11300659179688,0.0
2026-08-11 11:20:00+00:00,159.11599731445312,159.156005859375,159.1020050048828,159.14700317382812,0.0
2026-08-11 11:25:00+00:00,159.15199279785156,159.19000244140625,159.14100646972656,159.18499755859375,0.0
2026-08-11 11:30:00+00:00,159.17999267578125,159.21099853515625,159.16200256347656,159.18099975585938,0.0
2026-08-11 11:35:00+00:00,159.18499755859375,159.197998046875,159.16600036621094,159.16900634765625,0.0
2026-08-11 11:40:00+00:00,159.1699981689453,159.21200561523438,159.16600036621094,159.20899963378906,0.0
2026-08-11 11:45:00+00:00,159.2100067138672,159.24000549316406,159.19900512695312,159.2310028076172,0.0
2026-08-11 11:50:00+00:00,159.22999572753906,159.25,159.22000122070312,159.23300170898438,0.0
2026-08-11 11:55:00+00:00,159.23599243164062,159.2530059814453,159.2209930419922,159.24400329589844,0.0
2026-08-11 12:00:00+00:00,159.2449951171875,159.2779998779297,159.24200439453125,159.25100708007812,0.0
2026-08-11 12:05:00+00:00,159.2469940185547,159.25799560546875,159.1929931640625,159.20199584960938,0.0
2026-08-11 12:10:00+00:00,159.20199584960938,159.27200317382812,159.1840057373047,159.25999450683594,0.0
2026-08-11 12:15:00+00:00,159.25599670410156,159.2899932861328,159.2550048828125,159.27999877929688,0.0
2026-08-11 12:20:00+00:00,159.2790069580078,159.36500549316406,159.2689971923828,159.33099365234375,0.0
2026-08-11 12:25:00+00:00,159.33200073242188,159.35000610351562,159.2969970703125,159.30799865722656,0.0
2026-08-11 12:30:00+00:00,159.31100463867188,159.31399536132812,159.2449951171875,159.28199768066406,0.0
2026-08-11 12:35:00+00:00,159.2790069580078,159.2899932861328,159.2519989013672,159.27699279785156,0.0
2026-08-11 12:40:00+00:00,159.27000427246094,159.28399658203125,159.25100708007812,159.25799560546875,0.0
2026-08-11 12:45:00+00:00,159.2550048828125,159.27099609375,159.23800659179688,159.26400756835938,0.0
2026-08-11 12:50:00+00:00,159.25900268554688,159.302001953125,159.25900268554688,159.27699279785156,0.0
2026-08-11 12:55:00+00:00,159.27699279785156,159.28399658203125,159.25100708007812,159.27000427246094,0.0
2026-08-11 13:00:00+00:00,159.26499938964844,159.27099609375,159.18600463867188,159.2220001220703,0.0
2026-08-11 13:05:00+00:00,159.21600341796875,159.2239990234375,159.16700744628906,159.20199584960938,0.0
2026-08-11 13:10:00+00:00,159.20700073242188,159.2220001220703,159.1909942626953,159.21499633789062,0.0
2026-08-11 13:15:00+00:00,159.21499633789062,159.24200439453125,159.1790008544922,159.21200561523438,0.0
2026-08-11 13:20:00+00:00,159.20700073242188,159.21600341796875,159.18899536132812,159.197998046875,0.0
2026-08-11 13:25:00+00:00,159.2010040283203,159.22500610351562,159.19000244140625,159.22000122070312,0.0
2026-08-11 13:30:00+00:00,159.21499633789062,159.25799560546875,159.1929931640625,159.2480010986328,0.0
2026-08-11 13:35:00+00:00,159.25,159.25900268554688,159.20399475097656,159.22900390625,0.0
2026-08-11 13:40:00+00:00,159.2209930419922,159.24899291992188,159.2100067138672,159.21600341796875,0.0
2026-08-11 13:45:00+00:00,159.21600341796875,159.2469940185547,159.17799377441406,159.22799682617188,0.0
2026-08-11 13:50:00+00:00,159.2310028076172,159.23399353027344,159.1909942626953,159.21400451660156,0.0
2026-08-11 13:55:00+00:00,159.218994140625,159.2429962158203,159.21400451660156,159.22999572753906,0.0
2026-08-11 14:00:00+00:00,159.22900390625,159.27699279785156,159.22900390625,159.26400756835938,0.0
2026-08-11 14:05:00+00:00,159.26300048828125,159.29400634765625,159.2429962158203,159.2689971923828,0.0
2026-08-11 14:10:00+00:00,159.26800537109375,159.28399658203125,159.2550048828125,159.26199340820312,0.0
2026-08-11 14:15:00+00:00,159.26499938964844,159.27200317382812,159.2270050048828,159.22900390625,0.0
2026-08-11 14:20:00+00:00,159.23599243164062,159.25799560546875,159.21299743652344,159.21600341796875,0.0
2026-08-11 14:25:00+00:00,159.21600341796875,159.27000427246094,159.21299743652344,159.23899841308594,0.0
2026-08-11 14:30:00+00:00,159.23899841308594,159.25999450683594,159.21800231933594,159.2270050048828,0.0
2026-08-11 14:35:00+00:00,159.2270050048828,159.23899841308594,159.19200134277344,159.21600341796875,0.0
2026-08-11 14:40:00+00:00,159.2169952392578,159.24000549316406,159.21400451660156,159.22500610351562,0.0
2026-08-11 14:45:00+00:00,159.2239990234375,159.2449951171875,159.20599365234375,159.24000549316406,0.0
2026-08-11 14:50:00+00:00,159.23599243164062,159.25799560546875,159.2169952392578,159.22900390625,0.0
2026-08-11 14:55:00+00:00,159.23199462890625,159.2530059814453,159.2239990234375,159.22999572753906,0.0
2026-08-11 15:00:00+00:00,159.22999572753906,159.23899841308594,159.1959991455078,159.21299743652344,0.0
2026-08-11 15:05:00+00:00,159.20599365234375,159.25100708007812,159.20399475097656,159.23599243164062,0.0
2026-08-11 15:10:00+00:00,159.22799682617188,159.25900268554688,159.21600341796875,159.25799560546875,0.0
2026-08-11 15:15:00+00:00,159.25100708007812,159.2729949951172,159.24099731445312,159.25599670410156,0.0
2026-08-11 15:20:00+00:00,159.2480010986328,159.25799560546875,159.22799682617188,159.23899841308594,0.0
2026-08-11 15:25:00+00:00,159.23899841308594,159.26800537109375,159.22799682617188,159.26100158691406,0.0
2026-08-11 15:30:00+00:00,159.26800537109375,159.31199645996094,159.2550048828125,159.2989959716797,0.0
2026-08-11 15:35:00+00:00,159.28900146484375,159.3090057373047,159.28599548339844,159.30099487304688,0.0
2026-08-11 15:40:00+00:00,159.29800415039062,159.3280029296875,159.28900146484375,159.3209991455078,0.0
2026-08-11 15:45:00+00:00,159.31399536132812,159.32200622558594,159.28599548339844,159.29400634765625,0.0
2026-08-11 15:50:00+00:00,159.2989959716797,159.31199645996094,159.28199768066406,159.2899932861328,0.0
2026-08-11 15:55:00+00:00,159.28199768066406,159.28799438476562,159.24400329589844,159.24400329589844,0.0
2026-08-11 16:00:00+00:00,159.24400329589844,159.25799560546875,159.21800231933594,159.24400329589844,0.0
2026-08-11 16:05:00+00:00,159.25,159.2530059814453,159.22500610351562,159.22799682617188,0.0
2026-08-11 16:10:00+00:00,159.2239990234375,159.2429962158203,159.21499633789062,159.22799682617188,0.0
2026-08-11 16:15:00+00:00,159.22799682617188,159.24600219726562,159.2050018310547,159.23599243164062,0.0
2026-08-11 16:20:00+00:00,159.23699951171875,159.2530059814453,159.22500610351562,159.23899841308594,0.0
2026-08-11 16:25:00+00:00,159.2449951171875,159.2530059814453,159.2239990234375,159.22500610351562,0.0
2026-08-11 16:30:00+00:00,159.22500610351562,159.25599670410156,159.2239990234375,159.24000549316406,0.0
2026-08-11 16:35:00+00:00,159.24000549316406,159.24899291992188,159.22900390625,159.2469940185547,0.0
2026-08-11 16:40:00+00:00,159.24600219726562,159.25,159.22799682617188,159.23199462890625,0.0
2026-08-11 16:45:00+00:00,159.22999572753906,159.2550048828125,159.22799682617188,159.24600219726562,0.0
2026-08-11 16:50:00+00:00,159.24600219726562,159.2689971923828,159.24099731445312,159.25599670410156,0.0
2026-08-11 16:55:00+00:00,159.25599670410156,159.2689971923828,159.2480010986328,159.26100158691406,0.0
2026-08-11 17:00:00+00:00,159.26499938964844,159.281005859375,159.25399780273438,159.27099609375,0.0
2026-08-11 17:05:00+00:00,159.26800537109375,159.30099487304688,159.26400756835938,159.2989959716797,0.0
2026-08-11 17:10:00+00:00,159.29299926757812,159.30999755859375,159.28599548339844,159.3040008544922,0.0
2026-08-11 17:15:00+00:00,159.302001953125,159.3280029296875,159.302001953125,159.32000732421875,0.0
2026-08-11 17:20:00+00:00,159.3159942626953,159.33700561523438,159.30099487304688,159.33099365234375,0.0
2026-08-11 17:25:00+00:00,159.33099365234375,159.3520050048828,159.32400512695312,159.3300018310547,0.0
2026-08-11 17:30:00+00:00,159.3260040283203,159.34800720214844,159.32400512695312,159.3419952392578,0.0
2026-08-11 17:35:00+00:00,159.3419952392578,159.35000610351562,159.32699584960938,159.3280029296875,0.0
2026-08-11 17:40:00+00:00,159.3300018310547,159.3350067138672,159.3040008544922,159.30999755859375,0.0
2026-08-11 17:45:00+00:00,159.3159942626953,159.3179931640625,159.2830047607422,159.28799438476562,0.0
2026-08-11 17:50:00+00:00,159.28799438476562,159.30799865722656,159.28500366210938,159.302001953125,0.0
2026-08-11 17:55:00+00:00,159.302001953125,159.3159942626953,159.29800415039062,159.30599975585938,0.0
2026-08-11 18:00:00+00:00,159.31199645996094,159.32200622558594,159.30299377441406,159.31500244140625,0.0
2026-08-11 18:05:00+00:00,159.31399536132812,159.32400512695312,159.3090057373047,159.3179931640625,0.0
2026-08-11 18:10:00+00:00,159.3179931640625,159.33099365234375,159.3159942626953,159.32200622558594,0.0
2026-08-11 18:15:00+00:00,159.31700134277344,159.3459930419922,159.30599975585938,159.3280029296875,0.0
2026-08-11 18:20:00+00:00,159.32699584960938,159.33999633789062,159.3209991455078,159.32899475097656,0.0
2026-08-11 18:25:00+00:00,159.3260040283203,159.33599853515625,159.31399536132812,159.3249969482422,0.0
2026-08-11 18:30:00+00:00,159.31900024414062,159.33399963378906,159.2790069580078,159.28900146484375,0.0
2026-08-11 18:35:00+00:00,159.28900146484375,159.3000030517578,159.2740020751953,159.27999877929688,0.0
2026-08-11 18:40:00+00:00,159.281005859375,159.302001953125,159.26800537109375,159.27699279785156,0.0
2026-08-11 18:45:00+00:00,159.27999877929688,159.28799438476562,159.26699829101562,159.2689971923828,0.0
2026-08-11 18:50:00+00:00,159.2689971923828,159.2760009765625,159.25599670410156,159.26600646972656,0.0
2026-08-11 18:55:00+00:00,159.26600646972656,159.27699279785156,159.2530059814453,159.27099609375,0.0
2026-08-11 19:00:00+00:00,159.25999450683594,159.28700256347656,159.25599670410156,159.27999877929688,0.0
2026-08-11 19:05:00+00:00,159.2779998779297,159.28599548339844,159.26800537109375,159.27200317382812,0.0
2026-08-11 19:10:00+00:00,159.27499389648438,159.27699279785156,159.2449951171875,159.26300048828125,0.0
2026-08-11 19:15:00+00:00,159.2550048828125,159.2969970703125,159.25399780273438,159.28500366210938,0.0
2026-08-11 19:20:00+00:00,159.2830047607422,159.29100036621094,159.2790069580078,159.28599548339844,0.0
2026-08-11 19:25:00+00:00,159.27999877929688,159.2899932861328,159.27699279785156,159.28700256347656,0.0
2026-08-11 19:30:00+00:00,159.2790069580078,159.28900146484375,159.25599670410156,159.2570037841797,0.0
2026-08-11 19:35:00+00:00,159.2570037841797,159.2760009765625,159.2550048828125,159.25599670410156,0.0
2026-08-11 19:40:00+00:00,159.25599670410156,159.2740020751953,159.2550048828125,159.26400756835938,0.0
2026-08-11 19:45:00+00:00,159.26199340820312,159.2729949951172,159.25799560546875,159.25999450683594,0.0
2026-08-11 19:50:00+00:00,159.26199340820312,159.26699829101562,159.24000549316406,159.2550048828125,0.0
2026-08-11 19:55:00+00:00,159.25,159.30499267578125,159.24400329589844,159.27999877929688,0.0
2026-08-11 20:00:00+00:00,159.28399658203125,159.30599975585938,159.27699279785156,159.28399658203125,0.0
2026-08-11 20:05:00+00:00,159.281005859375,159.28900146484375,159.2779998779297,159.28199768066406,0.0
2026-08-11 20:10:00+00:00,159.2830047607422,159.29100036621094,159.26800537109375,159.2830047607422,0.0
2026-08-11 20:15:00+00:00,159.28599548339844,159.29100036621094,159.2760009765625,159.27699279785156,0.0
2026-08-11 20:20:00+00:00,159.2760009765625,159.28900146484375,159.2760009765625,159.28399658203125,0.0
2026-08-11 20:25:00+00:00,159.28500366210938,159.28900146484375,159.27499389648438,159.28399658203125,0.0
2026-08-11 20:30:00+00:00,159.281005859375,159.33900451660156,159.2790069580078,159.33099365234375,0.0
2026-08-11 20:35:00+00:00,159.33200073242188,159.3560028076172,159.3300018310547,159.3520050048828,0.0
2026-08-11 20:40:00+00:00,159.3489990234375,159.36500549316406,159.34500122070312,159.3520050048828,0.0
2026-08-11 20:45:00+00:00,159.35299682617188,159.36399841308594,159.31399536132812,159.3179931640625,0.0
2026-08-11 20:50:00+00:00,159.3179931640625,159.33399963378906,159.29600524902344,159.3000030517578,0.0
2026-08-11 20:55:00+00:00,159.30099487304688,159.31199645996094,159.23399353027344,159.25999450683594,0.0
2026-08-11 21:00:00+00:00,159.24200439453125,159.3000030517578,159.21800231933594,159.26600646972656,0.0
2026-08-11 21:05:00+00:00,159.2310028076172,159.25799560546875,159.21800231933594,159.25799560546875,0.0
2026-08-11 21:10:00+00:00,159.23399353027344,159.28399658203125,159.23399353027344,159.2729949951172,0.0
2026-08-11 21:15:00+00:00,159.25900268554688,159.28399658203125,159.25900268554688,159.2740020751953,0.0
2026-08-11 21:20:00+00:00,159.25900268554688,159.28399658203125,159.2530059814453,159.27200317382812,0.0
2026-08-11 21:25:00+00:00,159.2740020751953,159.28199768066406,159.2310028076172,159.26300048828125,0.0
2026-08-11 21:30:00+00:00,159.23899841308594,159.27000427246094,159.23399353027344,159.27000427246094,0.0
2026-08-11 21:35:00+00:00,159.25,159.27200317382812,159.23199462890625,159.2530059814453,0.0
2026-08-11 21:40:00+00:00,159.24899291992188,159.2740020751953,159.23199462890625,159.23899841308594,0.0
2026-08-11 21:45:00+00:00,159.23899841308594,159.2689971923828,159.23199462890625,159.24899291992188,0.0
2026-08-11 21:50:00+00:00,159.26100158691406,159.27499389648438,159.24200439453125,159.27200317382812,0.0
2026-08-11 21:55:00+00:00,159.27200317382812,159.2740020751953,159.25599670410156,159.25999450683594,0.0
2026-08-11 22:00:00+00:00,159.25999450683594,159.2969970703125,159.25999450683594,159.2830047607422,0.0
2026-08-11 22:05:00+00:00,159.28199768066406,159.29299926757812,159.26400756835938,159.28799438476562,0.0
2026-08-11 22:10:00+00:00,159.2899932861328,159.30499267578125,159.2740020751953,159.2790069580078,0.0
2026-08-11 22:15:00+00:00,159.29600524902344,159.30299377441406,159.2760009765625,159.27699279785156,0.0
2026-08-11 22:20:00+00:00,159.29200744628906,159.29600524902344,159.27699279785156,159.2899932861328,0.0
2026-08-11 22:25:00+00:00,159.29200744628906,159.2969970703125,159.2689971923828,159.28799438476562,0.0
2026-08-11 22:30:00+00:00,159.28700256347656,159.2899932861328,159.2550048828125,159.2740020751953,0.0
2026-08-11 22:35:00+00:00,159.26100158691406,159.281005859375,159.2550048828125,159.27099609375,0.0
2026-08-11 22:40:00+00:00,159.25799560546875,159.29299926757812,159.25799560546875,159.2779998779297,0.0
2026-08-11 22:45:00+00:00,159.27699279785156,159.27699279785156,159.2519989013672,159.27000427246094,0.0
2026-08-11 22:50:00+00:00,159.25799560546875,159.2779998779297,159.2519989013672,159.25799560546875,0.0
2026-08-11 22:55:00+00:00,159.2519989013672,159.26600646972656,159.25100708007812,159.26499938964844,0.0
2026-08-11 23:00:00+00:00,159.25599670410156,159.28399658203125,159.25399780273438,159.27200317382812,0.0
2026-08-11 23:05:00+00:00,159.27200317382812,159.28199768066406,159.25799560546875,159.26199340820312,0.0
2026-08-11 23:10:00+00:00,159.26800537109375,159.281005859375,159.25900268554688,159.281005859375,0.0
2026-08-11 23:15:00+00:00,159.27699279785156,159.29400634765625,159.27000427246094,159.28500366210938,0.0
2026-08-11 23:20:00+00:00,159.28500366210938,159.2949981689453,159.2790069580078,159.2790069580078,0.0
2026-08-11 23:25:00+00:00,159.2790069580078,159.2989959716797,159.2779998779297,159.28799438476562,0.0
2026-08-11 23:30:00+00:00,159.28799438476562,159.3000030517578,159.281005859375,159.28399658203125,0.0
2026-08-11 23:35:00+00:00,159.281005859375,159.2899932861328,159.2779998779297,159.2779998779297,0.0
2026-08-11 23:40:00+00:00,159.2779998779297,159.2899932861328,159.2550048828125,159.26199340820312,0.0
2026-08-11 23:45:00+00:00,159.26199340820312,159.27999877929688,159.26199340820312,159.26699829101562,0.0
2026-08-11 23:50:00+00:00,159.26699829101562,159.28799438476562,159.26499938964844,159.27999877929688,0.0
2026-08-11 23:55:00+00:00,159.27499389648438,159.28599548339844,159.26300048828125,159.2760009765625,0.0
2026-08-12 00:00:00+00:00,159.26499938964844,159.28500366210938,159.20899963378906,159.2469940185547,0.0
2026-08-12 00:05:00+00:00,159.24200439453125,159.24400329589844,159.19400024414062,159.21200561523438,0.0
2026-08-12 00:10:00+00:00,159.20899963378906,159.24099731445312,159.2050018310547,159.22999572753906,0.0
2026-08-12 00:15:00+00:00,159.22999572753906,159.24400329589844,159.19400024414062,159.1999969482422,0.0
2026-08-12 00:20:00+00:00,159.1999969482422,159.2259979248047,159.1999969482422,159.22300720214844,0.0
2026-08-12 00:25:00+00:00,159.218994140625,159.24899291992188,159.21299743652344,159.23899841308594,0.0
2026-08-12 00:30:00+00:00,159.23899841308594,159.26400756835938,159.23800659179688,159.2519989013672,0.0
2026-08-12 00:35:00+00:00,159.24200439453125,159.2790069580078,159.24200439453125,159.26600646972656,0.0
2026-08-12 00:40:00+00:00,159.26699829101562,159.2729949951172,159.2480010986328,159.2570037841797,0.0
2026-08-12 00:45:00+00:00,159.2570037841797,159.2949981689453,159.2530059814453,159.281005859375,0.0
2026-08-12 00:50:00+00:00,159.28199768066406,159.36399841308594,159.27999877929688,159.3459930419922,0.0
2026-08-12 00:55:00+00:00,159.343994140625,159.36900329589844,159.3260040283203,159.33599853515625,0.0
2026-08-12 01:00:00+00:00,159.33599853515625,159.37600708007812,159.33299255371094,159.33599853515625,0.0
2026-08-12 01:05:00+00:00,159.34300231933594,159.36099243164062,159.3249969482422,159.3350067138672,0.0
2026-08-12 01:10:00+00:00,159.3350067138672,159.35000610351562,159.3280029296875,159.33700561523438,0.0
2026-08-12 01:15:00+00:00,159.32899475097656,159.34100341796875,159.3040008544922,159.31500244140625,0.0
2026-08-12 01:20:00+00:00,159.31500244140625,159.35000610351562,159.31300354003906,159.33200073242188,0.0
2026-08-12 01:25:00+00:00,159.33799743652344,159.34800720214844,159.32000732421875,159.33999633789062,0.0
2026-08-12 01:30:00+00:00,159.33799743652344,159.3459930419922,159.31399536132812,159.33299255371094,0.0
2026-08-12 01:35:00+00:00,159.33399963378906,159.33700561523438,159.30999755859375,159.3159942626953,0.0
2026-08-12 01:40:00+00:00,159.3159942626953,159.3260040283203,159.29600524902344,159.3000030517578,0.0
2026-08-12 01:45:00+00:00,159.30499267578125,159.31100463867188,159.29200744628906,159.2969970703125,0.0
2026-08-12 01:50:00+00:00,159.29200744628906,159.32200622558594,159.2899932861328,159.3209991455078,0.0
2026-08-12 01:55:00+00:00,159.31199645996094,159.33599853515625,159.31199645996094,159.3260040283203,0.0
2026-08-12 02:00:00+00:00,159.33399963378906,159.36900329589844,159.3260040283203,159.36000061035156,0.0
2026-08-12 02:05:00+00:00,159.35400390625,159.36399841308594,159.3280029296875,159.33999633789062,0.0
2026-08-12 02:10:00+00:00,159.33999633789062,159.3730010986328,159.33900451660156,159.36700439453125,0.0
2026-08-12 02:15:00+00:00,159.36900329589844,159.4320068359375,159.36300659179688,159.41700744628906,0.0
2026-08-12 02:20:00+00:00,159.4239959716797,159.427001953125,159.40499877929688,159.40899658203125,0.0
2026-08-12 02:25:00+00:00,159.41700744628906,159.41900634765625,159.38299560546875,159.39500427246094,0.0
2026-08-12 02:30:00+00:00,159.38999938964844,159.40199279785156,159.36900329589844,159.3800048828125,0.0
2026-08-12 02:35:00+00:00,159.38099670410156,159.39700317382812,159.3730010986328,159.38999938964844,0.0
2026-08-12 02:40:00+00:00,159.38999938964844,159.41799926757812,159.38900756835938,159.4029998779297,0.0
2026-08-12 02:45:00+00:00,159.41000366210938,159.41000366210938,159.38999938964844,159.39100646972656,0.0
2026-08-12 02:50:00+00:00,159.3990020751953,159.40199279785156,159.38600158691406,159.3979949951172,0.0
2026-08-12 02:55:00+00:00,159.39199829101562,159.4080047607422,159.38699340820312,159.39199829101562,0.0
2026-08-12 03:00:00+00:00,159.39199829101562,159.42100524902344,159.39199829101562,159.4199981689453,0.0
2026-08-12 03:05:00+00:00,159.41400146484375,159.43299865722656,159.40199279785156,159.41600036621094,0.0
2026-08-12 03:10:00+00:00,159.41600036621094,159.43299865722656,159.41400146484375,159.4219970703125,0.0
2026-08-12 03:15:00+00:00,159.41900634765625,159.447998046875,159.41799926757812,159.44500732421875,0.0
2026-08-12 03:20:00+00:00,159.43800354003906,159.45199584960938,159.43299865722656,159.447998046875,0.0
2026-08-12 03:25:00+00:00,159.4459991455078,159.45799255371094,159.43899536132812,159.45599365234375,0.0
2026-08-12 03:30:00+00:00,159.45399475097656,159.45700073242188,159.4340057373047,159.4429931640625,0.0
2026-08-12 03:35:00+00:00,159.43899536132812,159.44500732421875,159.4250030517578,159.44000244140625,0.0
2026-08-12 03:40:00+00:00,159.43899536132812,159.4459991455078,159.42799377441406,159.44500732421875,0.0
2026-08-12 03:45:00+00:00,159.43800354003906,159.44900512695312,159.4320068359375,159.43499755859375,0.0
2026-08-12 03:50:00+00:00,159.43499755859375,159.44400024414062,159.41600036621094,159.4239959716797,0.0
2026-08-12 03:55:00+00:00,159.41799926757812,159.4320068359375,159.41700744628906,159.42599487304688,0.0
2026-08-12 04:00:00+00:00,159.4199981689453,159.43299865722656,159.41600036621094,159.4290008544922,0.0
2026-08-12 04:05:00+00:00,159.427001953125,159.43299865722656,159.41600036621094,159.42599487304688,0.0
2026-08-12 04:10:00+00:00,159.4239959716797,159.4510040283203,159.41799926757812,159.44900512695312,0.0
2026-08-12 04:15:00+00:00,159.4409942626953,159.46099853515625,159.4409942626953,159.4550018310547,0.0
2026-08-12 04:20:00+00:00,159.4499969482422,159.4600067138672,159.4409942626953,159.4429931640625,0.0
2026-08-12 04:25:00+00:00,159.44500732421875,159.44900512695312,159.42799377441406,159.4340057373047,0.0
2026-08-12 04:30:00+00:00,159.4320068359375,159.44900512695312,159.4320068359375,159.44200134277344,0.0
2026-08-12 04:35:00+00:00,159.44200134277344,159.44900512695312,159.41900634765625,159.41900634765625,0.0
2026-08-12 04:40:00+00:00,159.42300415039062,159.42599487304688,159.36199951171875,159.3820037841797,0.0
2026-08-12 04:45:00+00:00,159.3769989013672,159.40199279785156,159.3769989013672,159.3939971923828,0.0
2026-08-12 04:50:00+00:00,159.3939971923828,159.41000366210938,159.38900756835938,159.40499877929688,0.0
2026-08-12 04:55:00+00:00,159.39999389648438,159.41400146484375,159.39300537109375,159.41299438476562,0.0
2026-08-12 05:00:00+00:00,159.4080047607422,159.4219970703125,159.4029998779297,159.41799926757812,0.0
2026-08-12 05:05:00+00:00,159.41600036621094,159.43699645996094,159.41099548339844,159.42300415039062,0.0
2026-08-12 05:10:00+00:00,159.42799377441406,159.42999267578125,159.40499877929688,159.41000366210938,0.0
2026-08-12 05:15:00+00:00,159.41200256347656,159.41900634765625,159.39300537109375,159.41200256347656,0.0
2026-08-12 05:20:00+00:00,159.406005859375,159.42999267578125,159.40199279785156,159.4250030517578,0.0
2026-08-12 05:25:00+00:00,159.41900634765625,159.42799377441406,159.41700744628906,159.4199981689453,0.0
2026-08-12 05:30:00+00:00,159.41900634765625,159.42599487304688,159.30599975585938,159.406005859375,0.0
2026-08-12 05:35:00+00:00,159.40699768066406,159.41299438476562,159.3780059814453,159.3780059814453,0.0
2026-08-12 05:40:00+00:00,159.3780059814453,159.40699768066406,159.3780059814453,159.38299560546875,0.0
2026-08-12 05:45:00+00:00,159.38299560546875,159.41099548339844,159.3820037841797,159.39300537109375,0.0
2026-08-12 05:50:00+00:00,159.39300537109375,159.41099548339844,159.3820037841797,159.38900756835938,0.0
2026-08-12 05:55:00+00:00,159.3820037841797,159.41600036621094,159.3800048828125,159.406005859375,0.0
2026-08-12 06:00:00+00:00,159.40499877929688,159.427001953125,159.37899780273438,159.3979949951172,0.0
2026-08-12 06:05:00+00:00,159.3939971923828,159.4149932861328,159.38299560546875,159.40499877929688,0.0
2026-08-12 06:10:00+00:00,159.40499877929688,159.4149932861328,159.37399291992188,159.37899780273438,0.0
2026-08-12 06:15:00+00:00,159.38600158691406,159.38999938964844,159.35899353027344,159.36199951171875,0.0
2026-08-12 06:20:00+00:00,159.36000061035156,159.38499450683594,159.33900451660156,159.37600708007812,0.0
2026-08-12 06:25:00+00:00,159.37600708007812,159.40899658203125,159.3730010986328,159.4029998779297,0.0
2026-08-12 06:30:00+00:00,159.39500427246094,159.42300415039062,159.3800048828125,159.38699340820312,0.0
2026-08-12 06:35:00+00:00,159.38699340820312,159.3979949951172,159.36900329589844,159.375,0.0
2026-08-12 06:40:00+00:00,159.3780059814453,159.38299560546875,159.35499572753906,159.375,0.0
2026-08-12 06:45:00+00:00,159.36900329589844,159.3979949951172,159.3679962158203,159.39100646972656,0.0
2026-08-12 06:50:00+00:00,159.38999938964844,159.3979949951172,159.37399291992188,159.38400268554688,0.0
2026-08-12 06:55:00+00:00,159.3780059814453,159.38400268554688,159.36099243164062,159.37899780273438,0.0
2026-08-12 07:00:00+00:00,159.3769989013672,159.38600158691406,159.36199951171875,159.3780059814453,0.0
2026-08-12 07:05:00+00:00,159.37399291992188,159.3820037841797,159.3260040283203,159.34100341796875,0.0
2026-08-12 07:10:00+00:00,159.34300231933594,159.39100646972656,159.33599853515625,159.38400268554688,0.0
2026-08-12 07:15:00+00:00,159.38499450683594,159.39700317382812,159.36900329589844,159.3800048828125,0.0
2026-08-12 07:20:00+00:00,159.3800048828125,159.38800048828125,159.3520050048828,159.3719940185547,0.0
2026-08-12 07:25:00+00:00,159.3719940185547,159.3820037841797,159.35299682617188,159.37600708007812,0.0
2026-08-12 07:30:00+00:00,159.3679962158203,159.3769989013672,159.33700561523438,159.3520050048828,0.0
2026-08-12 07:35:00+00:00,159.35499572753906,159.36000061035156,159.33200073242188,159.33900451660156,0.0
2026-08-12 07:40:00+00:00,159.3419952392578,159.36000061035156,159.33900451660156,159.3520050048828,0.0
2026-08-12 07:45:00+00:00,159.3520050048828,159.36199951171875,159.34500122070312,159.35299682617188,0.0
2026-08-12 07:50:00+00:00,159.3560028076172,159.36199951171875,159.3459930419922,159.35800170898438,0.0
2026-08-12 07:55:00+00:00,159.35400390625,159.3800048828125,159.35400390625,159.36500549316406,0.0
2026-08-12 08:00:00+00:00,159.3679962158203,159.3719940185547,159.3520050048828,159.3520050048828,0.0
2026-08-12 08:05:00+00:00,159.35699462890625,159.35800170898438,159.33599853515625,159.34300231933594,0.0
2026-08-12 08:10:00+00:00,159.34300231933594,159.3520050048828,159.31700134277344,159.32000732421875,0.0
2026-08-12 08:15:00+00:00,159.3179931640625,159.3459930419922,159.3159942626953,159.3249969482422,0.0
2026-08-12 08:20:00+00:00,159.32400512695312,159.33200073242188,159.31100463867188,159.32699584960938,0.0
2026-08-12 08:25:00+00:00,159.3209991455078,159.3520050048828,159.32000732421875,159.343994140625,0.0
2026-08-12 08:30:00+00:00,159.3419952392578,159.36000061035156,159.33700561523438,159.34500122070312,0.0
2026-08-12 08:35:00+00:00,159.34500122070312,159.35400390625,159.27999877929688,159.3040008544922,0.0
2026-08-12 08:40:00+00:00,159.3040008544922,159.3249969482422,159.3040008544922,159.31100463867188,0.0
2026-08-12 08:45:00+00:00,159.31199645996094,159.33799743652344,159.3040008544922,159.33299255371094,0.0
2026-08-12 08:50:00+00:00,159.32699584960938,159.33700561523438,159.3159942626953,159.32899475097656,0.0
2026-08-12 08:55:00+00:00,159.32899475097656,159.3509979248047,159.28900146484375,159.31500244140625,0.0
2026-08-12 09:00:00+00:00,159.3090057373047,159.33599853515625,159.29400634765625,159.30299377441406,0.0
2026-08-12 09:05:00+00:00,159.29600524902344,159.31500244140625,159.29299926757812,159.2969970703125,0.0
2026-08-12 09:10:00+00:00,159.30299377441406,159.30499267578125,159.25799560546875,159.25900268554688,0.0
2026-08-12 09:15:00+00:00,159.26199340820312,159.26800537109375,159.2030029296875,159.22300720214844,0.0
2026-08-12 09:20:00+00:00,159.21800231933594,159.2259979248047,158.56700134277344,158.8679962158203,0.0
2026-08-12 09:25:00+00:00,158.85699462890625,159.06100463867188,158.85499572753906,159.03399658203125,0.0
2026-08-12 09:30:00+00:00,159.02699279785156,159.11900329589844,159.0019989013672,159.08900451660156,0.0
2026-08-12 09:35:00+00:00,159.09800720214844,159.1230010986328,159.0540008544922,159.07000732421875,0.0
2026-08-12 09:40:00+00:00,159.072998046875,159.08399963378906,159.03199768066406,159.06900024414062,0.0
2026-08-12 09:45:00+00:00,159.0749969482422,159.1280059814453,159.06500244140625,159.1179962158203,0.0
2026-08-12 09:50:00+00:00,159.12600708007812,159.1510009765625,159.0469970703125,159.10800170898438,0.0
2026-08-12 09:55:00+00:00,159.10800170898438,159.16200256347656,159.10699462890625,159.14999389648438,0.0
2026-08-12 10:00:00+00:00,159.14999389648438,159.21299743652344,159.14700317382812,159.1929931640625,0.0
2026-08-12 10:05:00+00:00,159.1929931640625,159.197998046875,159.14700317382812,159.1540069580078,0.0
2026-08-12 10:10:00+00:00,159.1540069580078,159.18800354003906,159.14700317382812,159.1719970703125,0.0
2026-08-12 10:15:00+00:00,159.1719970703125,159.19700622558594,159.16000366210938,159.177001953125,0.0
2026-08-12 10:20:00+00:00,159.17599487304688,159.1840057373047,159.13299560546875,159.16400146484375,0.0
2026-08-12 10:25:00+00:00,159.1580047607422,159.1699981689453,159.13999938964844,159.16000366210938,0.0
2026-08-12 10:30:00+00:00,159.16200256347656,159.18699645996094,159.1540069580078,159.16400146484375,0.0
2026-08-12 10:35:00+00:00,159.16400146484375,159.1820068359375,159.13600158691406,159.13699340820312,0.0
2026-08-12 10:40:00+00:00,159.13699340820312,159.14700317382812,159.09100341796875,159.09300231933594,0.0
2026-08-12 10:45:00+00:00,159.09300231933594,159.2239990234375,159.09300231933594,159.16099548339844,0.0
2026-08-12 10:50:00+00:00,159.16799926757812,159.19900512695312,159.156005859375,159.1649932861328,0.0
2026-08-12 10:55:00+00:00,159.1649932861328,159.18800354003906,159.1479949951172,159.1750030517578,0.0
2026-08-12 11:00:00+00:00,159.17599487304688,159.1820068359375,159.1479949951172,159.156005859375,0.0
2026-08-12 11:05:00+00:00,159.156005859375,159.16400146484375,159.13400268554688,159.1510009765625,0.0
2026-08-12 11:10:00+00:00,159.1439971923828,159.1510009765625,159.10299682617188,159.1219940185547,0.0
2026-08-12 11:15:00+00:00,159.1230010986328,159.14999389648438,159.1020050048828,159.13400268554688,0.0
2026-08-12 11:20:00+00:00,159.13299560546875,159.1490020751953,159.11900329589844,159.12899780273438,0.0
2026-08-12 11:25:00+00:00,159.1269989013672,159.14599609375,159.10400390625,159.1199951171875,0.0
2026-08-12 11:30:00+00:00,159.11199951171875,159.1280059814453,159.093994140625,159.11199951171875,0.0
2026-08-12 11:35:00+00:00,159.11199951171875,159.12100219726562,159.10000610351562,159.10400390625,0.0
2026-08-12 11:40:00+00:00,159.10400390625,159.11199951171875,159.05099487304688,159.08200073242188,0.0
2026-08-12 11:45:00+00:00,159.0800018310547,159.08599853515625,159.0500030517578,159.07699584960938,0.0
2026-08-12 11:50:00+00:00,159.07400512695312,159.09800720214844,159.0540008544922,159.08799743652344,0.0
2026-08-12 11:55:00+00:00,159.08599853515625,159.1009979248047,159.06900024414062,159.09300231933594,0.0
2026-08-12 12:00:00+00:00,159.09300231933594,159.10800170898438,159.0709991455078,159.08700561523438,0.0
2026-08-12 12:05:00+00:00,159.0850067138672,159.0970001220703,159.07400512695312,159.08099365234375,0.0
2026-08-12 12:10:00+00:00,159.0780029296875,159.08599853515625,158.99400329589844,159.03599548339844,0.0
2026-08-12 12:15:00+00:00,159.03599548339844,159.08999633789062,159.02499389648438,159.0659942626953,0.0
2026-08-12 12:20:00+00:00,159.0709991455078,159.0749969482422,159.0290069580078,159.0570068359375,0.0
2026-08-12 12:25:00+00:00,159.052001953125,159.0749969482422,158.92100524902344,158.9459991455078,0.0
2026-08-12 12:30:00+00:00,158.92100524902344,159.18899536132812,158.63900756835938,158.9409942626953,0.0
2026-08-12 12:35:00+00:00,158.9550018310547,158.98599243164062,158.8280029296875,158.843994140625,0.0
2026-08-12 12:40:00+00:00,158.83399963378906,158.9029998779297,158.73599243164062,158.81900024414062,0.0
2026-08-12 12:45:00+00:00,158.81500244140625,158.98500061035156,158.81500244140625,158.8939971923828,0.0
2026-08-12 12:50:00+00:00,158.8979949951172,158.99099731445312,158.875,158.8939971923828,0.0
2026-08-12 12:55:00+00:00,158.90199279785156,158.9320068359375,158.7779998779297,158.802001953125,0.0
2026-08-12 13:00:00+00:00,158.80299377441406,158.89599609375,158.78700256347656,158.85899353027344,0.0
2026-08-12 13:05:00+00:00,158.86300659179688,158.86900329589844,158.68800354003906,158.76100158691406,0.0
2026-08-12 13:10:00+00:00,158.76699829101562,158.88999938964844,158.7469940185547,158.88299560546875,0.0
2026-08-12 13:15:00+00:00,158.8769989013672,158.906005859375,158.81399536132812,158.84100341796875,0.0
2026-08-12 13:20:00+00:00,158.84100341796875,158.89999389648438,158.81399536132812,158.85499572753906,0.0
2026-08-12 13:25:00+00:00,158.85400390625,158.8979949951172,158.83900451660156,158.83900451660156,0.0
2026-08-12 13:30:00+00:00,158.82899475097656,158.88499450683594,158.8070068359375,158.86700439453125,0.0
2026-08-12 13:35:00+00:00,158.86099243164062,158.968994140625,158.8520050048828,158.9499969482422,0.0
2026-08-12 13:40:00+00:00,158.9499969482422,159.02999877929688,158.9459991455078,158.9929962158203,0.0
2026-08-12 13:45:00+00:00,158.9929962158203,159.03700256347656,158.9669952392578,158.99600219726562,0.0
2026-08-12 13:50:00+00:00,158.99000549316406,158.9969940185547,158.92599487304688,158.9600067138672,0.0
2026-08-12 13:55:00+00:00,158.96400451660156,159.0399932861328,158.9600067138672,159.01499938964844,0.0
2026-08-12 14:00:00+00:00,159.0189971923828,159.08799743652344,158.99000549316406,159.0260009765625,0.0
2026-08-12 14:05:00+00:00,159.02000427246094,159.1219940185547,159.01400756835938,159.11900329589844,0.0
2026-08-12 14:10:00+00:00,159.11399841308594,159.1230010986328,159.08900451660156,159.1009979248047,0.0
2026-08-12 14:15:00+00:00,159.10000610351562,159.15699768066406,159.08599853515625,159.093994140625,0.0
2026-08-12 14:20:00+00:00,159.09800720214844,159.1060028076172,159.03900146484375,159.08200073242188,0.0
2026-08-12 14:25:00+00:00,159.0760040283203,159.10499572753906,159.04400634765625,159.093994140625,0.0
2026-08-12 14:30:00+00:00,159.10000610351562,159.22900390625,159.0399932861328,159.13800048828125,0.0
2026-08-12 14:35:00+00:00,159.1320037841797,159.15499877929688,159.11399841308594,159.13699340820312,0.0
2026-08-12 14:40:00+00:00,159.13800048828125,159.20599365234375,159.11399841308594,159.18600463867188,0.0
2026-08-12 14:45:00+00:00,159.18800354003906,159.23899841308594,159.1510009765625,159.22999572753906,0.0
2026-08-12 14:50:00+00:00,159.23699951171875,159.23899841308594,159.1790008544922,159.19500732421875,0.0
2026-08-12 14:55:00+00:00,159.18899536132812,159.24200439453125,159.16799926757812,159.197998046875,0.0
2026-08-12 15:00:00+00:00,159.197998046875,159.2469940185547,159.19200134277344,159.22999572753906,0.0
2026-08-12 15:05:00+00:00,159.23399353027344,159.2519989013672,159.19000244140625,159.19500732421875,0.0
2026-08-12 15:10:00+00:00,159.1959991455078,159.23199462890625,159.17999267578125,159.1929931640625,0.0
2026-08-12 15:15:00+00:00,159.197998046875,159.2259979248047,159.1929931640625,159.22300720214844,0.0
2026-08-12 15:20:00+00:00,159.218994140625,159.2469940185547,159.2050018310547,159.2050018310547,0.0
2026-08-12 15:25:00+00:00,159.2050018310547,159.24899291992188,159.20399475097656,159.24000549316406,0.0
2026-08-12 15:30:00+00:00,159.23899841308594,159.2480010986328,159.2169952392578,159.23800659179688,0.0
2026-08-12 15:35:00+00:00,159.24000549316406,159.28500366210938,159.22900390625,159.27099609375,0.0
2026-08-12 15:40:00+00:00,159.2740020751953,159.28599548339844,159.25599670410156,159.27000427246094,0.0
2026-08-12 15:45:00+00:00,159.27200317382812,159.2899932861328,159.2570037841797,159.26499938964844,0.0
2026-08-12 15:50:00+00:00,159.2550048828125,159.2729949951172,159.2270050048828,159.2270050048828,0.0
2026-08-12 15:55:00+00:00,159.2270050048828,159.2469940185547,159.21299743652344,159.22900390625,0.0
2026-08-12 16:00:00+00:00,159.2259979248047,159.23599243164062,159.1959991455078,159.22799682617188,0.0
2026-08-12 16:05:00+00:00,159.2270050048828,159.3090057373047,159.2270050048828,159.27999877929688,0.0
2026-08-12 16:10:00+00:00,159.27699279785156,159.29600524902344,159.25399780273438,159.26600646972656,0.0
2026-08-12 16:15:00+00:00,159.27000427246094,159.3000030517578,159.26100158691406,159.28700256347656,0.0
2026-08-12 16:20:00+00:00,159.29400634765625,159.3280029296875,159.28599548339844,159.32400512695312,0.0
2026-08-12 16:25:00+00:00,159.3159942626953,159.33799743652344,159.3040008544922,159.3179931640625,0.0
2026-08-12 16:30:00+00:00,159.32200622558594,159.36199951171875,159.31500244140625,159.35499572753906,0.0
2026-08-12 16:35:00+00:00,159.3520050048828,159.3699951171875,159.343994140625,159.36000061035156,0.0
2026-08-12 16:40:00+00:00,159.35699462890625,159.36199951171875,159.3300018310547,159.3520050048828,0.0
2026-08-12 16:45:00+00:00,159.3520050048828,159.40899658203125,159.3489990234375,159.39599609375,0.0
2026-08-12 16:50:00+00:00,159.40699768066406,159.40699768066406,159.37899780273438,159.38099670410156,0.0
2026-08-12 16:55:00+00:00,159.38099670410156,159.41000366210938,159.3780059814453,159.3800048828125,0.0
2026-08-12 17:00:00+00:00,159.38800048828125,159.39300537109375,159.35000610351562,159.38400268554688,0.0
2026-08-12 17:05:00+00:00,159.38499450683594,159.38600158691406,159.35400390625,159.3699951171875,0.0
2026-08-12 17:10:00+00:00,159.3699951171875,159.41000366210938,159.36900329589844,159.4080047607422,0.0
2026-08-12 17:15:00+00:00,159.4010009765625,159.43099975585938,159.4010009765625,159.42100524902344,0.0
2026-08-12 17:20:00+00:00,159.4199981689453,159.43299865722656,159.39199829101562,159.427001953125,0.0
2026-08-12 17:25:00+00:00,159.43099975585938,159.4320068359375,159.41299438476562,159.4219970703125,0.0
2026-08-12 17:30:00+00:00,159.41700744628906,159.46299743652344,159.41700744628906,159.4510040283203,0.0
2026-08-12 17:35:00+00:00,159.44400024414062,159.49200439453125,159.4409942626953,159.48800659179688,0.0
2026-08-12 17:40:00+00:00,159.48699951171875,159.50900268554688,159.4669952392578,159.50399780273438,0.0
2026-08-12 17:45:00+00:00,159.50399780273438,159.52699279785156,159.46499633789062,159.468994140625,0.0
2026-08-12 17:50:00+00:00,159.47500610351562,159.4969940185547,159.47000122070312,159.4949951171875,0.0
2026-08-12 17:55:00+00:00,159.4929962158203,159.5070037841797,159.47000122070312,159.4949951171875,0.0
2026-08-12 18:00:00+00:00,159.5019989013672,159.54400634765625,159.49200439453125,159.49400329589844,0.0
2026-08-12 18:05:00+00:00,159.50100708007812,159.5189971923828,159.4929962158203,159.5070037841797,0.0
2026-08-12 18:10:00+00:00,159.51800537109375,159.51800537109375,159.4499969482422,159.48699951171875,0.0
2026-08-12 18:15:00+00:00,159.48699951171875,159.4980010986328,159.4739990234375,159.4759979248047,0.0
2026-08-12 18:20:00+00:00,159.47900390625,159.4949951171875,159.46400451660156,159.47900390625,0.0
2026-08-12 18:25:00+00:00,159.47799682617188,159.48300170898438,159.4239959716797,159.45399475097656,0.0
2026-08-12 18:30:00+00:00,159.45399475097656,159.48300170898438,159.4499969482422,159.4530029296875,0.0
2026-08-12 18:35:00+00:00,159.45199584960938,159.468994140625,159.43099975585938,159.4669952392578,0.0
2026-08-12 18:40:00+00:00,159.46200561523438,159.47900390625,159.46099853515625,159.468994140625,0.0
2026-08-12 18:45:00+00:00,159.46600341796875,159.47900390625,159.4530029296875,159.45399475097656,0.0
2026-08-12 18:50:00+00:00,159.46200561523438,159.48300170898438,159.45399475097656,159.4810028076172,0.0
2026-08-12 18:55:00+00:00,159.47799682617188,159.5,159.4759979248047,159.48899841308594,0.0
2026-08-12 19:00:00+00:00,159.4949951171875,159.51100158691406,159.4770050048828,159.5030059814453,0.0
2026-08-12 19:05:00+00:00,159.5030059814453,159.5070037841797,159.48399353027344,159.49899291992188,0.0
2026-08-12 19:10:00+00:00,159.4949951171875,159.5030059814453,159.47999572753906,159.48800659179688,0.0
2026-08-12 19:15:00+00:00,159.48899841308594,159.49600219726562,159.45899963378906,159.4600067138672,0.0
2026-08-12 19:20:00+00:00,159.4600067138672,159.4770050048828,159.44900512695312,159.468994140625,0.0
2026-08-12 19:25:00+00:00,159.47300720214844,159.48699951171875,159.45799255371094,159.48300170898438,0.0
2026-08-12 19:30:00+00:00,159.47799682617188,159.48800659179688,159.46800231933594,159.47999572753906,0.0
2026-08-12 19:35:00+00:00,159.47900390625,159.49899291992188,159.4600067138672,159.48399353027344,0.0
2026-08-12 19:40:00+00:00,159.4810028076172,159.50900268554688,159.47900390625,159.49600219726562,0.0
2026-08-12 19:45:00+00:00,159.49099731445312,159.4980010986328,159.4759979248047,159.48800659179688,0.0
2026-08-12 19:50:00+00:00,159.48300170898438,159.5019989013672,159.48199462890625,159.4980010986328,0.0
2026-08-12 19:55:00+00:00,159.4949951171875,159.51600646972656,159.45799255371094,159.48800659179688,0.0
2026-08-12 20:00:00+00:00,159.48599243164062,159.5050048828125,159.47799682617188,159.49099731445312,0.0
2026-08-12 20:05:00+00:00,159.49099731445312,159.5030059814453,159.47000122070312,159.48500061035156,0.0
2026-08-12 20:10:00+00:00,159.48399353027344,159.5030059814453,159.4600067138672,159.4969940185547,0.0
2026-08-12 20:15:00+00:00,159.4969940185547,159.50399780273438,159.4770050048828,159.47900390625,0.0
2026-08-12 20:20:00+00:00,159.4770050048828,159.48500061035156,159.46400451660156,159.47000122070312,0.0
2026-08-12 20:25:00+00:00,159.46400451660156,159.4739990234375,159.4510040283203,159.46099853515625,0.0
2026-08-12 20:30:00+00:00,159.4550018310547,159.47300720214844,159.45199584960938,159.45899963378906,0.0
2026-08-12 20:35:00+00:00,159.4550018310547,159.45799255371094,159.4010009765625,159.4199981689453,0.0
2026-08-12 20:40:00+00:00,159.4290008544922,159.44500732421875,159.41400146484375,159.4239959716797,0.0
2026-08-12 20:45:00+00:00,159.41299438476562,159.43600463867188,159.4010009765625,159.41000366210938,0.0
2026-08-12 20:50:00+00:00,159.41200256347656,159.4409942626953,159.39199829101562,159.41900634765625,0.0
2026-08-12 20:55:00+00:00,159.41299438476562,159.4409942626953,159.39599609375,159.4010009765625,0.0
2026-08-12 21:00:00+00:00,159.3990020751953,159.4250030517578,159.38900756835938,159.39999389648438,0.0
2026-08-12 21:05:00+00:00,159.4010009765625,159.40699768066406,159.36900329589844,159.40699768066406,0.0
2026-08-12 21:10:00+00:00,159.38400268554688,159.41299438476562,159.36000061035156,159.39599609375,0.0
2026-08-12 21:15:00+00:00,159.39599609375,159.41799926757812,159.37899780273438,159.4010009765625,0.0
2026-08-12 21:20:00+00:00,159.39500427246094,159.42100524902344,159.3800048828125,159.4040069580078,0.0
2026-08-12 21:25:00+00:00,159.39500427246094,159.4040069580078,159.38499450683594,159.39100646972656,0.0
2026-08-12 21:30:00+00:00,159.38600158691406,159.41900634765625,159.3769989013672,159.39599609375,0.0
2026-08-12 21:35:00+00:00,159.39599609375,159.41700744628906,159.38600158691406,159.3990020751953,0.0
2026-08-12 21:40:00+00:00,159.40899658203125,159.41900634765625,159.3939971923828,159.39599609375,0.0
2026-08-12 21:45:00+00:00,159.41600036621094,159.41700744628906,159.38299560546875,159.4029998779297,0.0
2026-08-12 21:50:00+00:00,159.40699768066406,159.41099548339844,159.3820037841797,159.38600158691406,0.0
2026-08-12 21:55:00+00:00,159.406005859375,159.406005859375,159.38400268554688,159.38800048828125,0.0
2026-08-12 22:00:00+00:00,159.38699340820312,159.4530029296875,159.38699340820312,159.4429931640625,0.0
2026-08-12 22:05:00+00:00,159.43299865722656,159.45399475097656,159.42999267578125,159.43099975585938,0.0
2026-08-12 22:10:00+00:00,159.43899536132812,159.4510040283203,159.41600036621094,159.427001953125,0.0
2026-08-12 22:15:00+00:00,159.427001953125,159.43800354003906,159.41600036621094,159.43299865722656,0.0
2026-08-12 22:20:00+00:00,159.4219970703125,159.43800354003906,159.41900634765625,159.42999267578125,0.0
2026-08-12 22:25:00+00:00,159.42599487304688,159.43800354003906,159.41099548339844,159.41200256347656,0.0
2026-08-12 22:30:00+00:00,159.41200256347656,159.4340057373047,159.41099548339844,159.4250030517578,0.0
2026-08-12 22:35:00+00:00,159.4250030517578,159.4290008544922,159.4010009765625,159.4010009765625,0.0
2026-08-12 22:40:00+00:00,159.4010009765625,159.41700744628906,159.38900756835938,159.4040069580078,0.0
2026-08-12 22:45:00+00:00,159.38999938964844,159.41099548339844,159.38499450683594,159.39599609375,0.0
2026-08-12 22:50:00+00:00,159.39599609375,159.4040069580078,159.38400268554688,159.39500427246094,0.0
2026-08-12 22:55:00+00:00,159.38600158691406,159.40199279785156,159.38499450683594,159.38699340820312,0.0
2026-08-12 23:00:00+00:00,159.37899780273438,159.38999938964844,159.36300659179688,159.3730010986328,0.0
2026-08-12 23:05:00+00:00,159.36700439453125,159.37899780273438,159.35499572753906,159.36199951171875,0.0
2026-08-12 23:10:00+00:00,159.36199951171875,159.38099670410156,159.36199951171875,159.37600708007812,0.0
2026-08-12 23:15:00+00:00,159.3719940185547,159.3800048828125,159.34500122070312,159.3520050048828,0.0
2026-08-12 23:20:00+00:00,159.36000061035156,159.36000061035156,159.31199645996094,159.32899475097656,0.0
2026-08-12 23:25:00+00:00,159.33799743652344,159.34800720214844,159.32699584960938,159.33700561523438,0.0
2026-08-12 23:30:00+00:00,159.33200073242188,159.35899353027344,159.3260040283203,159.3509979248047,0.0
2026-08-12 23:35:00+00:00,159.3509979248047,159.37399291992188,159.35000610351562,159.36500549316406,0.0
2026-08-12 23:40:00+00:00,159.36500549316406,159.38699340820312,159.36500549316406,159.375,0.0
2026-08-12 23:45:00+00:00,159.3699951171875,159.3800048828125,159.34300231933594,159.34500122070312,0.0
2026-08-12 23:50:00+00:00,159.35000610351562,159.375,159.33900451660156,159.34500122070312,0.0
2026-08-12 23:55:00+00:00,159.3509979248047,159.35400390625,159.31300354003906,159.3350067138672,0.0
2026-08-13 00:00:00+00:00,159.33599853515625,159.33799743652344,159.2790069580078,159.30499267578125,0.0
2026-08-13 00:05:00+00:00,159.31300354003906,159.33799743652344,159.3040008544922,159.32400512695312,0.0
2026-08-13 00:10:00+00:00,159.3300018310547,159.3679962158203,159.32200622558594,159.36500549316406,0.0
2026-08-13 00:15:00+00:00,159.36500549316406,159.38400268554688,159.3280029296875,159.34300231933594,0.0
2026-08-13 00:20:00+00:00,159.3419952392578,159.35699462890625,159.3179931640625,159.33599853515625,0.0
2026-08-13 00:25:00+00:00,159.33700561523438,159.34800720214844,159.29800415039062,159.3179931640625,0.0
2026-08-13 00:30:00+00:00,159.31300354003906,159.33599853515625,159.28900146484375,159.3070068359375,0.0
2026-08-13 00:35:00+00:00,159.3090057373047,159.31700134277344,159.281005859375,159.29200744628906,0.0
2026-08-13 00:40:00+00:00,159.29200744628906,159.2989959716797,159.23800659179688,159.25399780273438,0.0
2026-08-13 00:45:00+00:00,159.25900268554688,159.30799865722656,159.25399780273438,159.3000030517578,0.0
2026-08-13 00:50:00+00:00,159.2989959716797,159.3470001220703,159.28399658203125,159.3179931640625,0.0
2026-08-13 00:55:00+00:00,159.32000732421875,159.3470001220703,159.30299377441406,159.31399536132812,0.0
2026-08-13 01:00:00+00:00,159.31700134277344,159.3350067138672,159.30099487304688,159.3280029296875,0.0
2026-08-13 01:05:00+00:00,159.322998046875,159.33599853515625,159.30599975585938,159.3159942626953,0.0
2026-08-13 01:10:00+00:00,159.3159942626953,159.322998046875,159.29400634765625,159.30999755859375,0.0
2026-08-13 01:15:00+00:00,159.30799865722656,159.3249969482422,159.2729949951172,159.29800415039062,0.0
2026-08-13 01:20:00+00:00,159.29400634765625,159.3249969482422,159.29299926757812,159.3040008544922,0.0
2026-08-13 01:25:00+00:00,159.3040008544922,159.3260040283203,159.2989959716797,159.3249969482422,0.0
2026-08-13 01:30:00+00:00,159.31700134277344,159.3280029296875,159.2899932861328,159.29299926757812,0.0
2026-08-13 01:35:00+00:00,159.2949981689453,159.3209991455078,159.27999877929688,159.30999755859375,0.0
2026-08-13 01:40:00+00:00,159.30499267578125,159.3209991455078,159.28500366210938,159.31100463867188,0.0
2026-08-13 01:45:00+00:00,159.31500244140625,159.33700561523438,159.3090057373047,159.3209991455078,0.0
2026-08-13 01:50:00+00:00,159.3249969482422,159.35899353027344,159.3179931640625,159.34800720214844,0.0
2026-08-13 01:55:00+00:00,159.34800720214844,159.3679962158203,159.3419952392578,159.3419952392578,0.0
2026-08-13 02:00:00+00:00,159.3419952392578,159.36300659179688,159.33299255371094,159.35899353027344,0.0
2026-08-13 02:05:00+00:00,159.35299682617188,159.3979949951172,159.35299682617188,159.37899780273438,0.0
2026-08-13 02:10:00+00:00,159.3800048828125,159.4040069580078,159.3780059814453,159.39700317382812,0.0
2026-08-13 02:15:00+00:00,159.39199829101562,159.43600463867188,159.38900756835938,159.4320068359375,0.0
2026-08-13 02:20:00+00:00,159.427001953125,159.4320068359375,159.4010009765625,159.4290008544922,0.0
2026-08-13 02:25:00+00:00,159.4250030517578,159.44500732421875,159.4149932861328,159.43299865722656,0.0
2026-08-13 02:30:00+00:00,159.4409942626953,159.4530029296875,159.41400146484375,159.44000244140625,0.0
2026-08-13 02:35:00+00:00,159.43899536132812,159.48300170898438,159.43899536132812,159.45899963378906,0.0
2026-08-13 02:40:00+00:00,159.45599365234375,159.468994140625,159.427001953125,159.42799377441406,0.0
2026-08-13 02:45:00+00:00,159.42799377441406,159.44900512695312,159.4199981689453,159.42100524902344,0.0
2026-08-13 02:50:00+00:00,159.4320068359375,159.45899963378906,159.41900634765625,159.4429931640625,0.0
2026-08-13 02:55:00+00:00,159.4429931640625,159.4530029296875,159.4250030517578,159.4250030517578,0.0
2026-08-13 03:00:00+00:00,159.4250030517578,159.4429931640625,159.41299438476562,159.41900634765625,0.0
2026-08-13 03:05:00+00:00,159.41400146484375,159.44000244140625,159.39999389648438,159.4320068359375,0.0
2026-08-13 03:10:00+00:00,159.4409942626953,159.4429931640625,159.41700744628906,159.4290008544922,0.0
2026-08-13 03:15:00+00:00,159.4290008544922,159.4669952392578,159.42799377441406,159.46499633789062,0.0
2026-08-13 03:20:00+00:00,159.45700073242188,159.48800659179688,159.4550018310547,159.46800231933594,0.0
2026-08-13 03:25:00+00:00,159.4600067138672,159.4739990234375,159.45599365234375,159.46400451660156,0.0
2026-08-13 03:30:00+00:00,159.46400451660156,159.47799682617188,159.4510040283203,159.45599365234375,0.0
2026-08-13 03:35:00+00:00,159.45700073242188,159.45899963378906,159.43699645996094,159.43899536132812,0.0
2026-08-13 03:40:00+00:00,159.44200134277344,159.44900512695312,159.41600036621094,159.4199981689453,0.0
2026-08-13 03:45:00+00:00,159.41799926757812,159.46099853515625,159.41700744628906,159.44500732421875,0.0
2026-08-13 03:50:00+00:00,159.44200134277344,159.44900512695312,159.41799926757812,159.43099975585938,0.0
2026-08-13 03:55:00+00:00,159.42300415039062,159.43800354003906,159.42300415039062,159.4290008544922,0.0
2026-08-13 04:00:00+00:00,159.42100524902344,159.45399475097656,159.41900634765625,159.43899536132812,0.0
2026-08-13 04:05:00+00:00,159.4459991455078,159.45899963378906,159.43499755859375,159.45599365234375,0.0
2026-08-13 04:10:00+00:00,159.4510040283203,159.46499633789062,159.4429931640625,159.4550018310547,0.0
2026-08-13 04:15:00+00:00,159.4550018310547,159.4720001220703,159.44900512695312,159.4669952392578,0.0
2026-08-13 04:20:00+00:00,159.45899963378906,159.4770050048828,159.4550018310547,159.45799255371094,0.0
2026-08-13 04:25:00+00:00,159.45599365234375,159.46400451660156,159.44000244140625,159.4409942626953,0.0
2026-08-13 04:30:00+00:00,159.4409942626953,159.44900512695312,159.427001953125,159.44000244140625,0.0
2026-08-13 04:35:00+00:00,159.44000244140625,159.46099853515625,159.44000244140625,159.45799255371094,0.0
2026-08-13 04:40:00+00:00,159.4530029296875,159.47500610351562,159.4530029296875,159.46400451660156,0.0
2026-08-13 04:45:00+00:00,159.45700073242188,159.46400451660156,159.17599487304688,159.34800720214844,0.0
2026-08-13 04:50:00+00:00,159.3560028076172,159.3699951171875,159.29600524902344,159.3249969482422,0.0
2026-08-13 04:55:00+00:00,159.3300018310547,159.33599853515625,159.1719970703125,159.2429962158203,0.0
2026-08-13 05:00:00+00:00,159.2429962158203,159.281005859375,159.22000122070312,159.25599670410156,0.0
2026-08-13 05:05:00+00:00,159.2469940185547,159.31399536132812,159.23800659179688,159.3040008544922,0.0
2026-08-13 05:10:00+00:00,159.30299377441406,159.32899475097656,159.28900146484375,159.28900146484375,0.0
2026-08-13 05:15:00+00:00,159.29200744628906,159.2989959716797,159.26100158691406,159.29600524902344,0.0
2026-08-13 05:20:00+00:00,159.28700256347656,159.33599853515625,159.28700256347656,159.3249969482422,0.0
2026-08-13 05:25:00+00:00,159.32400512695312,159.34500122070312,159.30599975585938,159.33299255371094,0.0
2026-08-13 05:30:00+00:00,159.3350067138672,159.37100219726562,159.322998046875,159.34800720214844,0.0
2026-08-13 05:35:00+00:00,159.34300231933594,159.35400390625,159.33900451660156,159.34500122070312,0.0
2026-08-13 05:40:00+00:00,159.34100341796875,159.36500549316406,159.33799743652344,159.34800720214844,0.0
2026-08-13 05:45:00+00:00,159.343994140625,159.36500549316406,159.31900024414062,159.33399963378906,0.0
2026-08-13 05:50:00+00:00,159.3260040283203,159.34500122070312,159.3159942626953,159.32400512695312,0.0
2026-08-13 05:55:00+00:00,159.32400512695312,159.3280029296875,159.24000549316406,159.2740020751953,0.0
2026-08-13 06:00:00+00:00,159.2740020751953,159.33999633789062,159.25399780273438,159.3280029296875,0.0
2026-08-13 06:05:00+00:00,159.3280029296875,159.36000061035156,159.30799865722656,159.3489990234375,0.0
2026-08-13 06:10:00+00:00,159.3489990234375,159.41099548339844,159.3489990234375,159.3820037841797,0.0
2026-08-13 06:15:00+00:00,159.3820037841797,159.3990020751953,159.35800170898438,159.36599731445312,0.0
2026-08-13 06:20:00+00:00,159.36500549316406,159.3780059814453,159.3509979248047,159.36700439453125,0.0
2026-08-13 06:25:00+00:00,159.36700439453125,159.4080047607422,159.36300659179688,159.39100646972656,0.0
2026-08-13 06:30:00+00:00,159.3939971923828,159.44500732421875,159.38999938964844,159.4340057373047,0.0
2026-08-13 06:35:00+00:00,159.4320068359375,159.44500732421875,159.41000366210938,159.42999267578125,0.0
2026-08-13 06:40:00+00:00,159.42999267578125,159.44500732421875,159.40899658203125,159.40899658203125,0.0
2026-08-13 06:45:00+00:00,159.40899658203125,159.4320068359375,159.38900756835938,159.41400146484375,0.0
2026-08-13 06:50:00+00:00,159.4080047607422,159.4239959716797,159.37600708007812,159.38999938964844,0.0
2026-08-13 06:55:00+00:00,159.38900756835938,159.39500427246094,159.35299682617188,159.37899780273438,0.0
2026-08-13 07:00:00+00:00,159.38800048828125,159.4029998779297,159.36300659179688,159.3699951171875,0.0
2026-08-13 07:05:00+00:00,159.3699951171875,159.39500427246094,159.35800170898438,159.3719940185547,0.0
2026-08-13 07:10:00+00:00,159.375,159.406005859375,159.36700439453125,159.3939971923828,0.0
2026-08-13 07:15:00+00:00,159.3939971923828,159.41099548339844,159.38600158691406,159.39700317382812,0.0
2026-08-13 07:20:00+00:00,159.3979949951172,159.41099548339844,159.3679962158203,159.3769989013672,0.0
2026-08-13 07:25:00+00:00,159.3769989013672,159.38699340820312,159.36500549316406,159.37899780273438,0.0
2026-08-13 07:30:00+00:00,159.37899780273438,159.40199279785156,159.35699462890625,159.3820037841797,0.0
2026-08-13 07:35:00+00:00,159.3800048828125,159.39199829101562,159.3509979248047,159.3520050048828,0.0
2026-08-13 07:40:00+00:00,159.3520050048828,159.3730010986328,159.33399963378906,159.33599853515625,0.0
2026-08-13 07:45:00+00:00,159.33599853515625,159.36300659179688,159.3300018310547,159.35699462890625,0.0
2026-08-13 07:50:00+00:00,159.35899353027344,159.36000061035156,159.31399536132812,159.3350067138672,0.0
2026-08-13 07:55:00+00:00,159.33099365234375,159.36700439453125,159.32699584960938,159.35699462890625,0.0
2026-08-13 08:00:00+00:00,159.36099243164062,159.4029998779297,159.33700561523438,159.39599609375,0.0
2026-08-13 08:05:00+00:00,159.39100646972656,159.4010009765625,159.3520050048828,159.36599731445312,0.0
2026-08-13 08:10:00+00:00,159.36599731445312,159.37899780273438,159.35800170898438,159.3699951171875,0.0
2026-08-13 08:15:00+00:00,159.375,159.38699340820312,159.35699462890625,159.37899780273438,0.0
2026-08-13 08:20:00+00:00,159.38600158691406,159.38800048828125,159.36500549316406,159.38099670410156,0.0
2026-08-13 08:25:00+00:00,159.37399291992188,159.3979949951172,159.36900329589844,159.39700317382812,0.0
2026-08-13 08:30:00+00:00,159.3939971923828,159.4040069580078,159.37600708007812,159.37600708007812,0.0
2026-08-13 08:35:00+00:00,159.37899780273438,159.38900756835938,159.36500549316406,159.3780059814453,0.0
2026-08-13 08:40:00+00:00,159.3800048828125,159.41099548339844,159.3769989013672,159.38999938964844,0.0
2026-08-13 08:45:00+00:00,159.39599609375,159.39700317382812,159.37100219726562,159.39300537109375,0.0
2026-08-13 08:50:00+00:00,159.38699340820312,159.3990020751953,159.3769989013672,159.38900756835938,0.0
2026-08-13 08:55:00+00:00,159.3939971923828,159.41200256347656,159.38699340820312,159.3979949951172,0.0
2026-08-13 09:00:00+00:00,159.3990020751953,159.43699645996094,159.38900756835938,159.41900634765625,0.0
2026-08-13 09:05:00+00:00,159.42300415039062,159.42799377441406,159.39199829101562,159.4029998779297,0.0
2026-08-13 09:10:00+00:00,159.4029998779297,159.41200256347656,159.3800048828125,159.38600158691406,0.0
2026-08-13 09:15:00+00:00,159.38699340820312,159.3939971923828,159.35800170898438,159.36500549316406,0.0
2026-08-13 09:20:00+00:00,159.36500549316406,159.38400268554688,159.36399841308594,159.37399291992188,0.0
2026-08-13 09:25:00+00:00,159.3780059814453,159.38699340820312,159.36399841308594,159.37899780273438,0.0
2026-08-13 09:30:00+00:00,159.38699340820312,159.39700317382812,159.36399841308594,159.3699951171875,0.0
2026-08-13 09:35:00+00:00,159.3699951171875,159.3769989013672,159.34300231933594,159.36000061035156,0.0
2026-08-13 09:40:00+00:00,159.35499572753906,159.3719940185547,159.35299682617188,159.35400390625,0.0
2026-08-13 09:45:00+00:00,159.35299682617188,159.36000061035156,159.3300018310547,159.33399963378906,0.0
2026-08-13 09:50:00+00:00,159.33399963378906,159.3509979248047,159.33099365234375,159.33299255371094,0.0
2026-08-13 09:55:00+00:00,159.33700561523438,159.3419952392578,159.3179931640625,159.33399963378906,0.0
2026-08-13 10:00:00+00:00,159.33399963378906,159.36599731445312,159.33200073242188,159.35000610351562,0.0
2026-08-13 10:05:00+00:00,159.35400390625,159.35499572753906,159.3260040283203,159.3419952392578,0.0
2026-08-13 10:10:00+00:00,159.33999633789062,159.36000061035156,159.33099365234375,159.34800720214844,0.0
2026-08-13 10:15:00+00:00,159.3509979248047,159.36000061035156,159.31700134277344,159.3280029296875,0.0
2026-08-13 10:20:00+00:00,159.3300018310547,159.343994140625,159.31700134277344,159.3249969482422,0.0
2026-08-13 10:25:00+00:00,159.3249969482422,159.33900451660156,159.31700134277344,159.3260040283203,0.0
2026-08-13 10:30:00+00:00,159.3249969482422,159.33200073242188,159.31100463867188,159.3159942626953,0.0
2026-08-13 10:35:00+00:00,159.3159942626953,159.33999633789062,159.3159942626953,159.33299255371094,0.0
2026-08-13 10:40:00+00:00,159.33299255371094,159.3419952392578,159.3209991455078,159.32200622558594,0.0
2026-08-13 10:45:00+00:00,159.322998046875,159.343994140625,159.31900024414062,159.33399963378906,0.0
2026-08-13 10:50:00+00:00,159.33299255371094,159.34500122070312,159.32899475097656,159.34300231933594,0.0
2026-08-13 10:55:00+00:00,159.33399963378906,159.35800170898438,159.32899475097656,159.33799743652344,0.0
2026-08-13 11:00:00+00:00,159.33799743652344,159.3520050048828,159.32899475097656,159.33999633789062,0.0
2026-08-13 11:05:00+00:00,159.33999633789062,159.34800720214844,159.31700134277344,159.31700134277344,0.0
2026-08-13 11:10:00+00:00,159.32400512695312,159.3280029296875,159.24600219726562,159.29400634765625,0.0
2026-08-13 11:15:00+00:00,159.29400634765625,159.32000732421875,159.28500366210938,159.31500244140625,0.0
2026-08-13 11:20:00+00:00,159.3070068359375,159.3209991455078,159.27699279785156,159.27999877929688,0.0
2026-08-13 11:25:00+00:00,159.27999877929688,159.3000030517578,159.27499389648438,159.29299926757812,0.0
2026-08-13 11:30:00+00:00,159.28799438476562,159.31100463867188,159.281005859375,159.29600524902344,0.0
2026-08-13 11:35:00+00:00,159.29600524902344,159.30099487304688,159.2790069580078,159.28399658203125,0.0
2026-08-13 11:40:00+00:00,159.28700256347656,159.30099487304688,159.28199768066406,159.28599548339844,0.0
2026-08-13 11:45:00+00:00,159.28700256347656,159.30999755859375,159.28199768066406,159.29600524902344,0.0
2026-08-13 11:50:00+00:00,159.29600524902344,159.32899475097656,159.2899932861328,159.3260040283203,0.0
2026-08-13 11:55:00+00:00,159.31900024414062,159.3459930419922,159.31900024414062,159.3300018310547,0.0
2026-08-13 12:00:00+00:00,159.33099365234375,159.36099243164062,159.3209991455078,159.33399963378906,0.0
2026-08-13 12:05:00+00:00,159.33200073242188,159.33999633789062,159.3090057373047,159.3260040283203,0.0
2026-08-13 12:10:00+00:00,159.31900024414062,159.35299682617188,159.31900024414062,159.33799743652344,0.0
2026-08-13 12:15:00+00:00,159.33799743652344,159.3719940185547,159.33200073242188,159.35299682617188,0.0
2026-08-13 12:20:00+00:00,159.3489990234375,159.36399841308594,159.34100341796875,159.35699462890625,0.0
2026-08-13 12:25:00+00:00,159.3509979248047,159.36399841308594,159.26100158691406,159.343994140625,0.0
2026-08-13 12:30:00+00:00,159.3249969482422,159.41299438476562,159.2270050048828,159.30099487304688,0.0
2026-08-13 12:35:00+00:00,159.30099487304688,159.3459930419922,159.28500366210938,159.2899932861328,0.0
2026-08-13 12:40:00+00:00,159.2899932861328,159.30499267578125,159.25399780273438,159.2899932861328,0.0
2026-08-13 12:45:00+00:00,159.29400634765625,159.2989959716797,159.1909942626953,159.21200561523438,0.0
2026-08-13 12:50:00+00:00,159.21200561523438,159.27099609375,159.18899536132812,159.24600219726562,0.0
2026-08-13 12:55:00+00:00,159.24899291992188,159.2519989013672,159.16799926757812,159.16900634765625,0.0
2026-08-13 13:00:00+00:00,159.1699981689453,159.22000122070312,159.14700317382812,159.2010040283203,0.0
2026-08-13 13:05:00+00:00,159.19500732421875,159.23699951171875,159.16400146484375,159.20199584960938,0.0
2026-08-13 13:10:00+00:00,159.20700073242188,159.2270050048828,159.1790008544922,159.19900512695312,0.0
2026-08-13 13:15:00+00:00,159.19700622558594,159.22300720214844,159.18299865722656,159.22000122070312,0.0
2026-08-13 13:20:00+00:00,159.21499633789062,159.25100708007812,159.19400024414062,159.24400329589844,0.0
2026-08-13 13:25:00+00:00,159.2429962158203,159.28700256347656,159.24200439453125,159.281005859375,0.0
2026-08-13 13:30:00+00:00,159.28199768066406,159.3260040283203,159.2779998779297,159.31199645996094,0.0
2026-08-13 13:35:00+00:00,159.30499267578125,159.33700561523438,159.29800415039062,159.30799865722656,0.0
2026-08-13 13:40:00+00:00,159.30499267578125,159.3260040283203,159.2899932861328,159.30099487304688,0.0
2026-08-13 13:45:00+00:00,159.302001953125,159.3090057373047,159.2519989013672,159.27499389648438,0.0
2026-08-13 13:50:00+00:00,159.27499389648438,159.30799865722656,159.21099853515625,159.26699829101562,0.0
2026-08-13 13:55:00+00:00,159.26800537109375,159.29600524902344,159.2429962158203,159.26199340820312,0.0
2026-08-13 14:00:00+00:00,159.26199340820312,159.32699584960938,159.21800231933594,159.26699829101562,0.0
2026-08-13 14:05:00+00:00,159.26800537109375,159.2830047607422,159.1790008544922,159.19900512695312,0.0
2026-08-13 14:10:00+00:00,159.197998046875,159.20399475097656,159.03399658203125,159.07400512695312,0.0
2026-08-13 14:15:00+00:00,159.07400512695312,159.10699462890625,159.01800537109375,159.0500030517578,0.0
2026-08-13 14:20:00+00:00,159.0570068359375,159.10499572753906,159.0399932861328,159.0659942626953,0.0
2026-08-13 14:25:00+00:00,159.0659942626953,159.13900756835938,159.06300354003906,159.13499450683594,0.0
2026-08-13 14:30:00+00:00,159.13600158691406,159.17599487304688,159.11000061035156,159.14700317382812,0.0
2026-08-13 14:35:00+00:00,159.14700317382812,159.16900634765625,159.12899780273438,159.14199829101562,0.0
2026-08-13 14:40:00+00:00,159.14300537109375,159.1479949951172,159.10299682617188,159.1439971923828,0.0
2026-08-13 14:45:00+00:00,159.13900756835938,159.19700622558594,159.13699340820312,159.18600463867188,0.0
2026-08-13 14:50:00+00:00,159.1820068359375,159.1959991455078,159.1269989013672,159.1540069580078,0.0
2026-08-13 14:55:00+00:00,159.15499877929688,159.1719970703125,159.12600708007812,159.16299438476562,0.0
2026-08-13 15:00:00+00:00,159.16299438476562,159.1999969482422,159.15199279785156,159.1750030517578,0.0
2026-08-13 15:05:00+00:00,159.17300415039062,159.25100708007812,159.16799926757812,159.23699951171875,0.0
2026-08-13 15:10:00+00:00,159.23800659179688,159.3040008544922,159.22900390625,159.2989959716797,0.0
2026-08-13 15:15:00+00:00,159.29200744628906,159.33299255371094,159.28599548339844,159.32400512695312,0.0
2026-08-13 15:20:00+00:00,159.32400512695312,159.35499572753906,159.28799438476562,159.2969970703125,0.0
2026-08-13 15:25:00+00:00,159.29800415039062,159.3730010986328,159.28700256347656,159.36300659179688,0.0
2026-08-13 15:30:00+00:00,159.36399841308594,159.38699340820312,159.33299255371094,159.35800170898438,0.0
2026-08-13 15:35:00+00:00,159.35699462890625,159.36599731445312,159.30299377441406,159.31199645996094,0.0
2026-08-13 15:40:00+00:00,159.31300354003906,159.33599853515625,159.2899932861328,159.3249969482422,0.0
2026-08-13 15:45:00+00:00,159.3249969482422,159.34300231933594,159.30999755859375,159.3249969482422,0.0
2026-08-13 15:50:00+00:00,159.3249969482422,159.3679962158203,159.322998046875,159.3560028076172,0.0
2026-08-13 15:55:00+00:00,159.35400390625,159.36399841308594,159.3300018310547,159.3489990234375,0.0
2026-08-13 16:00:00+00:00,159.35000610351562,159.36900329589844,159.34100341796875,159.35000610351562,0.0
2026-08-13 16:05:00+00:00,159.35000610351562,159.36300659179688,159.33700561523438,159.3520050048828,0.0
2026-08-13 16:10:00+00:00,159.35499572753906,159.43600463867188,159.3520050048828,159.41700744628906,0.0
2026-08-13 16:15:00+00:00,159.4219970703125,159.43499755859375,159.40499877929688,159.4290008544922,0.0
2026-08-13 16:20:00+00:00,159.42799377441406,159.46099853515625,159.42799377441406,159.43499755859375,0.0
2026-08-13 16:25:00+00:00,159.43899536132812,159.4739990234375,159.42300415039062,159.46800231933594,0.0
2026-08-13 16:30:00+00:00,159.46400451660156,159.4929962158203,159.44000244140625,159.4409942626953,0.0
2026-08-13 16:35:00+00:00,159.4429931640625,159.4709930419922,159.42999267578125,159.4530029296875,0.0
2026-08-13 16:40:00+00:00,159.45799255371094,159.46299743652344,159.42599487304688,159.45199584960938,0.0
2026-08-13 16:45:00+00:00,159.45899963378906,159.4759979248047,159.44000244140625,159.46499633789062,0.0
2026-08-13 16:50:00+00:00,159.45700073242188,159.48300170898438,159.4499969482422,159.4759979248047,0.0
2026-08-13 16:55:00+00:00,159.4770050048828,159.4969940185547,159.46600341796875,159.4770050048828,0.0
2026-08-13 17:00:00+00:00,159.47500610351562,159.5019989013672,159.46400451660156,159.4949951171875,0.0
2026-08-13 17:05:00+00:00,159.49099731445312,159.52099609375,159.48699951171875,159.50900268554688,0.0
2026-08-13 17:10:00+00:00,159.5070037841797,159.51300048828125,159.46400451660156,159.49200439453125,0.0
2026-08-13 17:15:00+00:00,159.49200439453125,159.5070037841797,159.4770050048828,159.49400329589844,0.0
2026-08-13 17:20:00+00:00,159.4929962158203,159.50100708007812,159.47900390625,159.47900390625,0.0
2026-08-13 17:25:00+00:00,159.48199462890625,159.5240020751953,159.4739990234375,159.52099609375,0.0
2026-08-13 17:30:00+00:00,159.51600646972656,159.56900024414062,159.51499938964844,159.5330047607422,0.0
2026-08-13 17:35:00+00:00,159.53500366210938,159.5399932861328,159.48899841308594,159.49000549316406,0.0
2026-08-13 17:40:00+00:00,159.49000549316406,159.51600646972656,159.49000549316406,159.5070037841797,0.0
2026-08-13 17:45:00+00:00,159.5070037841797,159.54200744628906,159.5050048828125,159.51499938964844,0.0
2026-08-13 17:50:00+00:00,159.51100158691406,159.5229949951172,159.5050048828125,159.5070037841797,0.0
2026-08-13 17:55:00+00:00,159.5070037841797,159.531005859375,159.5019989013672,159.51400756835938,0.0
2026-08-13 18:00:00+00:00,159.51699829101562,159.54200744628906,159.51199340820312,159.5290069580078,0.0
2026-08-13 18:05:00+00:00,159.5279998779297,159.53500366210938,159.5019989013672,159.50799560546875,0.0
2026-08-13 18:10:00+00:00,159.50599670410156,159.50900268554688,159.43099975585938,159.4600067138672,0.0
2026-08-13 18:15:00+00:00,159.45199584960938,159.4810028076172,159.45199584960938,159.46499633789062,0.0
2026-08-13 18:20:00+00:00,159.46499633789062,159.5050048828125,159.46400451660156,159.4770050048828,0.0
2026-08-13 18:25:00+00:00,159.47799682617188,159.4929962158203,159.4669952392578,159.4759979248047,0.0
2026-08-13 18:30:00+00:00,159.47900390625,159.5070037841797,159.46400451660156,159.5030059814453,0.0
2026-08-13 18:35:00+00:00,159.49600219726562,159.50799560546875,159.4739990234375,159.47999572753906,0.0
2026-08-13 18:40:00+00:00,159.47900390625,159.48599243164062,159.46600341796875,159.48500061035156,0.0
2026-08-13 18:45:00+00:00,159.47799682617188,159.50399780273438,159.47799682617188,159.49200439453125,0.0
2026-08-13 18:50:00+00:00,159.49200439453125,159.5050048828125,159.48399353027344,159.4949951171875,0.0
2026-08-13 18:55:00+00:00,159.49200439453125,159.51199340820312,159.48300170898438,159.50399780273438,0.0
2026-08-13 19:00:00+00:00,159.50399780273438,159.52099609375,159.49099731445312,159.50399780273438,0.0
2026-08-13 19:05:00+00:00,159.5019989013672,159.51600646972656,159.49400329589844,159.50100708007812,0.0
2026-08-13 19:10:00+00:00,159.5050048828125,159.51600646972656,159.4929962158203,159.50100708007812,0.0
2026-08-13 19:15:00+00:00,159.5050048828125,159.51400756835938,159.49099731445312,159.49400329589844,0.0
2026-08-13 19:20:00+00:00,159.49400329589844,159.50100708007812,159.48599243164062,159.49099731445312,0.0
2026-08-13 19:25:00+00:00,159.49200439453125,159.5,159.48800659179688,159.4969940185547,0.0
2026-08-13 19:30:00+00:00,159.4929962158203,159.50399780273438,159.48300170898438,159.49099731445312,0.0
2026-08-13 19:35:00+00:00,159.49099731445312,159.51400756835938,159.48899841308594,159.50900268554688,0.0
2026-08-13 19:40:00+00:00,159.50900268554688,159.53500366210938,159.50599670410156,159.5290069580078,0.0
2026-08-13 19:45:00+00:00,159.5260009765625,159.54200744628906,159.51499938964844,159.53500366210938,0.0
2026-08-13 19:50:00+00:00,159.52999877929688,159.53700256347656,159.49600219726562,159.5,0.0
2026-08-13 19:55:00+00:00,159.5030059814453,159.5189971923828,159.48899841308594,159.51300048828125,0.0
2026-08-13 20:00:00+00:00,159.51300048828125,159.52499389648438,159.4949951171875,159.50999450683594,0.0
2026-08-13 20:05:00+00:00,159.50900268554688,159.54200744628906,159.50900268554688,159.5279998779297,0.0
2026-08-13 20:10:00+00:00,159.5279998779297,159.5330047607422,159.52200317382812,159.52499389648438,0.0
2026-08-13 20:15:00+00:00,159.5229949951172,159.55599975585938,159.52200317382812,159.552001953125,0.0
2026-08-13 20:20:00+00:00,159.5469970703125,159.5590057373047,159.54600524902344,159.5500030517578,0.0
2026-08-13 20:25:00+00:00,159.5500030517578,159.56300354003906,159.53199768066406,159.54400634765625,0.0
2026-08-13 20:30:00+00:00,159.53900146484375,159.5570068359375,159.5330047607422,159.54600524902344,0.0
2026-08-13 20:35:00+00:00,159.54600524902344,159.5590057373047,159.54400634765625,159.5449981689453,0.0
2026-08-13 20:40:00+00:00,159.5500030517578,159.5659942626953,159.54400634765625,159.55099487304688,0.0
2026-08-13 20:45:00+00:00,159.55099487304688,159.56199645996094,159.5019989013672,159.5050048828125,0.0
2026-08-13 20:50:00+00:00,159.50399780273438,159.51800537109375,159.48599243164062,159.50999450683594,0.0
2026-08-13 20:55:00+00:00,159.4980010986328,159.5189971923828,159.46800231933594,159.468994140625,0.0
2026-08-13 21:00:00+00:00,159.45700073242188,159.47799682617188,159.44500732421875,159.4530029296875,0.0
2026-08-13 21:05:00+00:00,159.46099853515625,159.47900390625,159.4290008544922,159.46200561523438,0.0
2026-08-13 21:10:00+00:00,159.46400451660156,159.4770050048828,159.4459991455078,159.45199584960938,0.0
2026-08-13 21:15:00+00:00,159.46200561523438,159.48399353027344,159.44500732421875,159.47999572753906,0.0
2026-08-13 21:20:00+00:00,159.4759979248047,159.4929962158203,159.45599365234375,159.48199462890625,0.0
2026-08-13 21:25:00+00:00,159.49000549316406,159.49000549316406,159.43899536132812,159.45899963378906,0.0
2026-08-13 21:30:00+00:00,159.45799255371094,159.48399353027344,159.43299865722656,159.4530029296875,0.0
2026-08-13 21:35:00+00:00,159.46200561523438,159.48800659179688,159.43899536132812,159.4709930419922,0.0
2026-08-13 21:40:00+00:00,159.46299743652344,159.5050048828125,159.4340057373047,159.48300170898438,0.0
2026-08-13 21:45:00+00:00,159.48199462890625,159.5240020751953,159.4340057373047,159.50799560546875,0.0
2026-08-13 21:50:00+00:00,159.50799560546875,159.5260009765625,159.47000122070312,159.50399780273438,0.0
2026-08-13 21:55:00+00:00,159.50599670410156,159.5279998779297,159.45799255371094,159.46400451660156,0.0
2026-08-13 22:00:00+00:00,159.4720001220703,159.51400756835938,159.44500732421875,159.47999572753906,0.0
2026-08-13 22:05:00+00:00,159.47000122070312,159.49099731445312,159.47000122070312,159.4720001220703,0.0
2026-08-13 22:10:00+00:00,159.4720001220703,159.52200317382812,159.4720001220703,159.48699951171875,0.0
2026-08-13 22:15:00+00:00,159.4949951171875,159.5030059814453,159.48300170898438,159.4969940185547,0.0
2026-08-13 22:20:00+00:00,159.48800659179688,159.50399780273438,159.4739990234375,159.47799682617188,0.0
2026-08-13 22:25:00+00:00,159.47799682617188,159.51699829101562,159.47799682617188,159.50100708007812,0.0
2026-08-13 22:30:00+00:00,159.50100708007812,159.51699829101562,159.49600219726562,159.51300048828125,0.0
2026-08-13 22:35:00+00:00,159.4969940185547,159.51400756835938,159.48399353027344,159.48500061035156,0.0
2026-08-13 22:40:00+00:00,159.48500061035156,159.50399780273438,159.4739990234375,159.49400329589844,0.0
2026-08-13 22:45:00+00:00,159.47900390625,159.5,159.4759979248047,159.48199462890625,0.0
2026-08-13 22:50:00+00:00,159.48199462890625,159.5,159.46200561523438,159.46499633789062,0.0
2026-08-13 22:55:00+00:00,159.46499633789062,159.47900390625,159.45399475097656,159.4669952392578,0.0
2026-08-13 23:00:00+00:00,159.45799255371094,159.4739990234375,159.4340057373047,159.43800354003906,0.0
2026-08-13 23:05:00+00:00,159.4429931640625,159.45399475097656,159.43800354003906,159.44000244140625,0.0
2026-08-13 23:10:00+00:00,159.44000244140625,159.46299743652344,159.44000244140625,159.45399475097656,0.0
2026-08-13 23:15:00+00:00,159.4499969482422,159.47500610351562,159.4499969482422,159.4709930419922,0.0
2026-08-13 23:20:00+00:00,159.46800231933594,159.47799682617188,159.46400451660156,159.4720001220703,0.0
2026-08-13 23:25:00+00:00,159.46800231933594,159.47900390625,159.46800231933594,159.46800231933594,0.0
2026-08-13 23:30:00+00:00,159.46800231933594,159.48399353027344,159.46800231933594,159.47000122070312,0.0
2026-08-13 23:35:00+00:00,159.47000122070312,159.47999572753906,159.46800231933594,159.468994140625,0.0
2026-08-13 23:40:00+00:00,159.468994140625,159.47999572753906,159.4429931640625,159.45799255371094,0.0
2026-08-13 23:45:00+00:00,159.4550018310547,159.46499633789062,159.43899536132812,159.447998046875,0.0
2026-08-13 23:50:00+00:00,159.44200134277344,159.4530029296875,159.43899536132812,159.44000244140625,0.0
2026-08-13 23:55:00+00:00,159.44000244140625,159.44900512695312,159.42300415039062,159.4290008544922,0.0
2026-08-14 00:00:00+00:00,159.427001953125,159.49200439453125,159.39100646972656,159.46800231933594,0.0
2026-08-14 00:05:00+00:00,159.47000122070312,159.48800659179688,159.4499969482422,159.47900390625,0.0
2026-08-14 00:10:00+00:00,159.47799682617188,159.50999450683594,159.45899963378906,159.46600341796875,0.0
2026-08-14 00:15:00+00:00,159.46299743652344,159.47799682617188,159.4250030517578,159.43600463867188,0.0
2026-08-14 00:20:00+00:00,159.4290008544922,159.44200134277344,159.39199829101562,159.4199981689453,0.0
2026-08-14 00:25:00+00:00,159.41799926757812,159.43899536132812,159.39599609375,159.39999389648438,0.0
2026-08-14 00:30:00+00:00,159.39999389648438,159.42799377441406,159.39300537109375,159.39599609375,0.0
2026-08-14 00:35:00+00:00,159.3979949951172,159.42100524902344,159.3769989013672,159.4029998779297,0.0
2026-08-14 00:40:00+00:00,159.406005859375,159.4239959716797,159.39700317382812,159.41200256347656,0.0
2026-08-14 00:45:00+00:00,159.4149932861328,159.43699645996094,159.4040069580078,159.42999267578125,0.0
2026-08-14 00:50:00+00:00,159.4320068359375,159.4530029296875,159.35499572753906,159.36700439453125,0.0
2026-08-14 00:55:00+00:00,159.35800170898438,159.39100646972656,159.34500122070312,159.3679962158203,0.0
2026-08-14 01:00:00+00:00,159.3679962158203,159.406005859375,159.34800720214844,159.3979949951172,0.0
2026-08-14 01:05:00+00:00,159.3979949951172,159.42100524902344,159.3699951171875,159.39500427246094,0.0
2026-08-14 01:10:00+00:00,159.39599609375,159.43600463867188,159.38699340820312,159.4239959716797,0.0
2026-08-14 01:15:00+00:00,159.42799377441406,159.44700622558594,159.39700317382812,159.4429931640625,0.0
2026-08-14 01:20:00+00:00,159.44000244140625,159.45799255371094,159.41799926757812,159.44900512695312,0.0
2026-08-14 01:25:00+00:00,159.4409942626953,159.45399475097656,159.41900634765625,159.43499755859375,0.0
2026-08-14 01:30:00+00:00,159.43499755859375,159.4530029296875,159.40699768066406,159.41600036621094,0.0
2026-08-14 01:35:00+00:00,159.4080047607422,159.4320068359375,159.40499877929688,159.41000366210938,0.0
2026-08-14 01:40:00+00:00,159.41200256347656,159.4429931640625,159.40899658203125,159.44000244140625,0.0
2026-08-14 01:45:00+00:00,159.4409942626953,159.45199584960938,159.427001953125,159.4409942626953,0.0
2026-08-14 01:50:00+00:00,159.4320068359375,159.44200134277344,159.41900634765625,159.43099975585938,0.0
2026-08-14 01:55:00+00:00,159.42799377441406,159.4550018310547,159.41299438476562,159.4429931640625,0.0
2026-08-14 02:00:00+00:00,159.4409942626953,159.44900512695312,159.42799377441406,159.43299865722656,0.0
2026-08-14 02:05:00+00:00,159.4340057373047,159.4510040283203,159.42999267578125,159.43299865722656,0.0
2026-08-14 02:10:00+00:00,159.4320068359375,159.43800354003906,159.41900634765625,159.42999267578125,0.0
2026-08-14 02:15:00+00:00,159.427001953125,159.43499755859375,159.41099548339844,159.42799377441406,0.0
2026-08-14 02:20:00+00:00,159.41799926757812,159.42999267578125,159.4029998779297,159.40699768066406,0.0
2026-08-14 02:25:00+00:00,159.4080047607422,159.41400146484375,159.38299560546875,159.3979949951172,0.0
2026-08-14 02:30:00+00:00,159.39500427246094,159.4040069580078,159.38099670410156,159.38999938964844,0.0
2026-08-14 02:35:00+00:00,159.38600158691406,159.39700317382812,159.3699951171875,159.37600708007812,0.0
2026-08-14 02:40:00+00:00,159.38299560546875,159.39199829101562,159.37399291992188,159.38499450683594,0.0
2026-08-14 02:45:00+00:00,159.3820037841797,159.4219970703125,159.38099670410156,159.41400146484375,0.0
2026-08-14 02:50:00+00:00,159.41400146484375,159.42599487304688,159.40499877929688,159.42300415039062,0.0
2026-08-14 02:55:00+00:00,159.41700744628906,159.4250030517578,159.4029998779297,159.4040069580078,0.0
2026-08-14 03:00:00+00:00,159.4040069580078,159.42100524902344,159.3800048828125,159.3820037841797,0.0
2026-08-14 03:05:00+00:00,159.38600158691406,159.39100646972656,159.35800170898438,159.38299560546875,0.0
2026-08-14 03:10:00+00:00,159.38299560546875,159.39500427246094,159.36900329589844,159.36900329589844,0.0
2026-08-14 03:15:00+00:00,159.36900329589844,159.38499450683594,159.36700439453125,159.375,0.0
2026-08-14 03:20:00+00:00,159.37399291992188,159.38299560546875,159.3280029296875,159.33799743652344,0.0
2026-08-14 03:25:00+00:00,159.33700561523438,159.36000061035156,159.32000732421875,159.3300018310547,0.0
2026-08-14 03:30:00+00:00,159.33700561523438,159.36599731445312,159.3300018310547,159.3489990234375,0.0
2026-08-14 03:35:00+00:00,159.35299682617188,159.37100219726562,159.33700561523438,159.36399841308594,0.0
2026-08-14 03:40:00+00:00,159.35800170898438,159.36599731445312,159.3459930419922,159.35899353027344,0.0
2026-08-14 03:45:00+00:00,159.36199951171875,159.38400268554688,159.35499572753906,159.37399291992188,0.0
2026-08-14 03:50:00+00:00,159.3730010986328,159.41200256347656,159.36300659179688,159.39599609375,0.0
2026-08-14 03:55:00+00:00,159.39599609375,159.406005859375,159.37399291992188,159.375,0.0
2026-08-14 04:00:00+00:00,159.375,159.38600158691406,159.34800720214844,159.36599731445312,0.0
2026-08-14 04:05:00+00:00,159.36000061035156,159.36700439453125,159.3459930419922,159.3520050048828,0.0
2026-08-14 04:10:00+00:00,159.35299682617188,159.36199951171875,159.32899475097656,159.34300231933594,0.0
2026-08-14 04:15:00+00:00,159.34300231933594,159.36300659179688,159.34300231933594,159.34800720214844,0.0
2026-08-14 04:20:00+00:00,159.34800720214844,159.36900329589844,159.3419952392578,159.35000610351562,0.0
2026-08-14 04:25:00+00:00,159.35299682617188,159.375,159.3489990234375,159.35699462890625,0.0
2026-08-14 04:30:00+00:00,159.35699462890625,159.3730010986328,159.3520050048828,159.35899353027344,0.0
2026-08-14 04:35:00+00:00,159.35899353027344,159.36700439453125,159.33299255371094,159.34100341796875,0.0
2026-08-14 04:40:00+00:00,159.3459930419922,159.35899353027344,159.33799743652344,159.35400390625,0.0
2026-08-14 04:45:00+00:00,159.35800170898438,159.3679962158203,159.3509979248047,159.36700439453125,0.0
2026-08-14 04:50:00+00:00,159.35899353027344,159.36900329589844,159.3520050048828,159.35400390625,0.0
2026-08-14 04:55:00+00:00,159.35400390625,159.36000061035156,159.343994140625,159.35299682617188,0.0
2026-08-14 05:00:00+00:00,159.34800720214844,159.3560028076172,159.3280029296875,159.32899475097656,0.0
2026-08-14 05:05:00+00:00,159.32899475097656,159.34500122070312,159.3179931640625,159.3260040283203,0.0
2026-08-14 05:10:00+00:00,159.32699584960938,159.33399963378906,159.3159942626953,159.31700134277344,0.0
2026-08-14 05:15:00+00:00,159.3159942626953,159.32200622558594,159.29200744628906,159.302001953125,0.0
2026-08-14 05:20:00+00:00,159.29800415039062,159.32200622558594,159.2969970703125,159.30799865722656,0.0
2026-08-14 05:25:00+00:00,159.30999755859375,159.33200073242188,159.30499267578125,159.31500244140625,0.0
2026-08-14 05:30:00+00:00,159.31300354003906,159.32899475097656,159.30099487304688,159.31300354003906,0.0
2026-08-14 05:35:00+00:00,159.30799865722656,159.32200622558594,159.30299377441406,159.31399536132812,0.0
2026-08-14 05:40:00+00:00,159.31399536132812,159.3209991455078,159.12899780273438,159.2689971923828,0.0
2026-08-14 05:45:00+00:00,159.26400756835938,159.31199645996094,159.26199340820312,159.2899932861328,0.0
2026-08-14 05:50:00+00:00,159.2899932861328,159.3000030517578,159.25799560546875,159.26400756835938,0.0
2026-08-14 05:55:00+00:00,159.26400756835938,159.28700256347656,159.2530059814453,159.25900268554688,0.0
2026-08-14 06:00:00+00:00,159.2550048828125,159.26300048828125,159.17799377441406,159.20799255371094,0.0
2026-08-14 06:05:00+00:00,159.20700073242188,159.21600341796875,159.1510009765625,159.18699645996094,0.0
2026-08-14 06:10:00+00:00,159.1840057373047,159.20899963378906,159.13999938964844,159.19900512695312,0.0
2026-08-14 06:15:00+00:00,159.20899963378906,159.23899841308594,159.18800354003906,159.22900390625,0.0
2026-08-14 06:20:00+00:00,159.23199462890625,159.28399658203125,159.22799682617188,159.27200317382812,0.0
2026-08-14 06:25:00+00:00,159.27499389648438,159.2779998779297,159.24200439453125,159.27099609375,0.0
2026-08-14 06:30:00+00:00,159.26600646972656,159.27699279785156,159.2429962158203,159.26600646972656,0.0
2026-08-14 06:35:00+00:00,159.26600646972656,159.2760009765625,159.2429962158203,159.25599670410156,0.0
2026-08-14 06:40:00+00:00,159.26100158691406,159.27699279785156,159.24200439453125,159.2480010986328,0.0
2026-08-14 06:45:00+00:00,159.24899291992188,159.25100708007812,159.21200561523438,159.21499633789062,0.0
2026-08-14 06:50:00+00:00,159.21499633789062,159.2519989013672,159.21099853515625,159.2429962158203,0.0
2026-08-14 06:55:00+00:00,159.24400329589844,159.2570037841797,159.2259979248047,159.23899841308594,0.0
2026-08-14 07:00:00+00:00,159.23899841308594,159.2480010986328,159.21400451660156,159.2259979248047,0.0
2026-08-14 07:05:00+00:00,159.218994140625,159.2550048828125,159.2169952392578,159.2259979248047,0.0
2026-08-14 07:10:00+00:00,159.22900390625,159.27000427246094,159.22500610351562,159.27000427246094,0.0
2026-08-14 07:15:00+00:00,159.26199340820312,159.28399658203125,159.26100158691406,159.2760009765625,0.0
2026-08-14 07:20:00+00:00,159.2790069580078,159.31300354003906,159.26800537109375,159.2899932861328,0.0
2026-08-14 07:25:00+00:00,159.2899932861328,159.29600524902344,159.2729949951172,159.28599548339844,0.0
2026-08-14 07:30:00+00:00,159.29200744628906,159.29400634765625,159.2740020751953,159.2779998779297,0.0
2026-08-14 07:35:00+00:00,159.28199768066406,159.28599548339844,159.26199340820312,159.26499938964844,0.0
2026-08-14 07:40:00+00:00,159.26600646972656,159.2740020751953,159.23899841308594,159.2530059814453,0.0
2026-08-14 07:45:00+00:00,159.25399780273438,159.2570037841797,159.19700622558594,159.197998046875,0.0
2026-08-14 07:50:00+00:00,159.197998046875,159.23899841308594,159.1959991455078,159.2220001220703,0.0
2026-08-14 07:55:00+00:00,159.22000122070312,159.23399353027344,159.1959991455078,159.2030029296875,0.0
2026-08-14 08:00:00+00:00,159.1999969482422,159.21200561523438,159.177001953125,159.18600463867188,0.0
2026-08-14 08:05:00+00:00,159.1909942626953,159.19200134277344,159.15699768066406,159.16000366210938,0.0
2026-08-14 08:10:00+00:00,159.1649932861328,159.19500732421875,159.15699768066406,159.18600463867188,0.0
2026-08-14 08:15:00+00:00,159.1929931640625,159.2270050048828,159.1750030517578,159.2100067138672,0.0
2026-08-14 08:20:00+00:00,159.20700073242188,159.2209930419922,159.12600708007812,159.1439971923828,0.0
2026-08-14 08:25:00+00:00,159.1490020751953,159.16700744628906,159.08399963378906,159.125,0.0
2026-08-14 08:30:00+00:00,159.1179962158203,159.12600708007812,159.06199645996094,159.09300231933594,0.0
2026-08-14 08:35:00+00:00,159.08700561523438,159.10000610351562,159.05599975585938,159.08700561523438,0.0
2026-08-14 08:40:00+00:00,159.0850067138672,159.13900756835938,159.0659942626953,159.12600708007812,0.0
2026-08-14 08:45:00+00:00,159.12100219726562,159.16799926757812,159.11500549316406,159.1479949951172,0.0
2026-08-14 08:50:00+00:00,159.1479949951172,159.18899536132812,159.1479949951172,159.15699768066406,0.0
2026-08-14 08:55:00+00:00,159.15699768066406,159.177001953125,159.1439971923828,159.1739959716797,0.0
2026-08-14 09:00:00+00:00,159.16900634765625,159.19400024414062,159.1269989013672,159.1320037841797,0.0
2026-08-14 09:05:00+00:00,159.13099670410156,159.16099548339844,159.1199951171875,159.13600158691406,0.0
2026-08-14 09:10:00+00:00,159.14300537109375,159.15699768066406,159.11500549316406,159.1199951171875,0.0
2026-08-14 09:15:00+00:00,159.1199951171875,159.15199279785156,159.10699462890625,159.1439971923828,0.0
2026-08-14 09:20:00+00:00,159.1439971923828,159.1649932861328,159.1439971923828,159.14999389648438,0.0
2026-08-14 09:25:00+00:00,159.1540069580078,159.1719970703125,159.13299560546875,159.16900634765625,0.0
2026-08-14 09:30:00+00:00,159.16299438476562,159.18800354003906,159.14999389648438,159.1790008544922,0.0
2026-08-14 09:35:00+00:00,159.1820068359375,159.1959991455078,159.16900634765625,159.16900634765625,0.0
2026-08-14 09:40:00+00:00,159.16900634765625,159.17999267578125,159.13999938964844,159.1479949951172,0.0
2026-08-14 09:45:00+00:00,159.1490020751953,159.1490020751953,159.11900329589844,159.1199951171875,0.0
2026-08-14 09:50:00+00:00,159.12600708007812,159.13699340820312,159.11500549316406,159.11700439453125,0.0
2026-08-14 09:55:00+00:00,159.1230010986328,159.1649932861328,159.11599731445312,159.13699340820312,0.0
2026-08-14 10:00:00+00:00,159.1439971923828,159.16000366210938,159.1320037841797,159.14100646972656,0.0
2026-08-14 10:05:00+00:00,159.1479949951172,159.14999389648438,159.10400390625,159.11000061035156,0.0
2026-08-14 10:10:00+00:00,159.11000061035156,159.12600708007812,159.08200073242188,159.1219940185547,0.0
2026-08-14 10:15:00+00:00,159.11399841308594,159.15199279785156,159.11099243164062,159.14700317382812,0.0
2026-08-14 10:20:00+00:00,159.14199829101562,159.17300415039062,159.14199829101562,159.14500427246094,0.0
2026-08-14 10:25:00+00:00,159.14500427246094,159.1820068359375,159.14199829101562,159.16099548339844,0.0
2026-08-14 10:30:00+00:00,159.15899658203125,159.1790008544922,159.1540069580078,159.16099548339844,0.0
2026-08-14 10:35:00+00:00,159.16099548339844,159.16900634765625,159.13900756835938,159.156005859375,0.0
2026-08-14 10:40:00+00:00,159.15499877929688,159.1790008544922,159.14500427246094,159.16799926757812,0.0
2026-08-14 10:45:00+00:00,159.16099548339844,159.17799377441406,159.1510009765625,159.16799926757812,0.0
2026-08-14 10:50:00+00:00,159.16799926757812,159.17300415039062,159.14599609375,159.156005859375,0.0
2026-08-14 10:55:00+00:00,159.156005859375,159.1929931640625,159.1510009765625,159.1739959716797,0.0
2026-08-14 11:00:00+00:00,159.1739959716797,159.18899536132812,159.156005859375,159.16799926757812,0.0
2026-08-14 11:05:00+00:00,159.16700744628906,159.1929931640625,159.15499877929688,159.17599487304688,0.0
2026-08-14 11:10:00+00:00,159.1739959716797,159.19200134277344,159.16200256347656,159.16400146484375,0.0
2026-08-14 11:15:00+00:00,159.16400146484375,159.17100524902344,159.1020050048828,159.1269989013672,0.0
2026-08-14 11:20:00+00:00,159.1219940185547,159.14300537109375,159.10699462890625,159.125,0.0
2026-08-14 11:25:00+00:00,159.1179962158203,159.1540069580078,159.11300659179688,159.1439971923828,0.0
2026-08-14 11:30:00+00:00,159.13900756835938,159.16000366210938,159.1269989013672,159.1320037841797,0.0
2026-08-14 11:35:00+00:00,159.1300048828125,159.13900756835938,159.0989990234375,159.10400390625,0.0
2026-08-14 11:40:00+00:00,159.10400390625,159.10899353027344,159.03399658203125,159.07000732421875,0.0
2026-08-14 11:45:00+00:00,159.0679931640625,159.12399291992188,159.0679931640625,159.11000061035156,0.0
2026-08-14 11:50:00+00:00,159.10400390625,159.11300659179688,159.07400512695312,159.10000610351562,0.0
2026-08-14 11:55:00+00:00,159.0989990234375,159.1280059814453,159.093994140625,159.10699462890625,0.0
2026-08-14 12:00:00+00:00,159.10400390625,159.11399841308594,159.03700256347656,159.05999755859375,0.0
2026-08-14 12:05:00+00:00,159.05999755859375,159.08099365234375,158.8699951171875,159.01400756835938,0.0
2026-08-14 12:10:00+00:00,159.00900268554688,159.0970001220703,158.99200439453125,159.0399932861328,0.0
2026-08-14 12:15:00+00:00,159.04100036621094,159.0500030517578,158.94400024414062,158.94900512695312,0.0
2026-08-14 12:20:00+00:00,158.95599365234375,158.96499633789062,158.8000030517578,158.83599853515625,0.0
2026-08-14 12:25:00+00:00,158.83999633789062,158.8470001220703,158.75999450683594,158.7989959716797,0.0
2026-08-14 12:30:00+00:00,158.7899932861328,158.80299377441406,158.59500122070312,158.69400024414062,0.0
2026-08-14 12:35:00+00:00,158.70199584960938,158.8489990234375,158.66900634765625,158.83200073242188,0.0
2026-08-14 12:40:00+00:00,158.83099365234375,158.9040069580078,158.8209991455078,158.89999389648438,0.0
2026-08-14 12:45:00+00:00,158.8990020751953,158.91900634765625,158.83599853515625,158.88400268554688,0.0
2026-08-14 12:50:00+00:00,158.87600708007812,158.91200256347656,158.83399963378906,158.8730010986328,0.0
2026-08-14 12:55:00+00:00,158.86700439453125,158.95899963378906,158.86500549316406,158.91799926757812,0.0
2026-08-14 13:00:00+00:00,158.92100524902344,158.99600219726562,158.8990020751953,158.9720001220703,0.0
2026-08-14 13:05:00+00:00,158.9759979248047,159.0240020751953,158.93499755859375,159.01100158691406,0.0
2026-08-14 13:10:00+00:00,159.01699829101562,159.06700134277344,158.98399353027344,159.06300354003906,0.0
2026-08-14 13:15:00+00:00,159.05999755859375,159.09300231933594,159.0500030517578,159.06399536132812,0.0
2026-08-14 13:20:00+00:00,159.06399536132812,159.08099365234375,158.9739990234375,158.98800659179688,0.0
2026-08-14 13:25:00+00:00,158.98500061035156,159.0019989013672,158.9340057373047,158.97999572753906,0.0
2026-08-14 13:30:00+00:00,158.97999572753906,159.01499938964844,158.91000366210938,158.92300415039062,0.0
2026-08-14 13:35:00+00:00,158.9199981689453,158.92799377441406,158.83399963378906,158.83900451660156,0.0
2026-08-14 13:40:00+00:00,158.84100341796875,158.91099548339844,158.8090057373047,158.8419952392578,0.0
2026-08-14 13:45:00+00:00,158.84100341796875,158.906005859375,158.78900146484375,158.8820037841797,0.0
2026-08-14 13:50:00+00:00,158.88400268554688,158.9720001220703,158.83599853515625,158.95599365234375,0.0
2026-08-14 13:55:00+00:00,158.9530029296875,158.98500061035156,158.91799926757812,158.9409942626953,0.0
2026-08-14 14:00:00+00:00,158.93699645996094,159.01800537109375,158.89100646972656,158.95599365234375,0.0
2026-08-14 14:05:00+00:00,158.95700073242188,159.04400634765625,158.95599365234375,159.02200317382812,0.0
2026-08-14 14:10:00+00:00,159.0260009765625,159.0330047607422,158.98500061035156,159.01499938964844,0.0
2026-08-14 14:15:00+00:00,159.00799560546875,159.06199645996094,158.9709930419922,159.05499267578125,0.0
2026-08-14 14:20:00+00:00,159.06300354003906,159.06300354003906,158.97000122070312,158.98399353027344,0.0
2026-08-14 14:25:00+00:00,158.98500061035156,158.99099731445312,158.91900634765625,158.9499969482422,0.0
2026-08-14 14:30:00+00:00,158.9510040283203,159.0330047607422,158.94500732421875,159.02099609375,0.0
2026-08-14 14:35:00+00:00,159.02499389648438,159.0399932861328,158.9739990234375,158.98800659179688,0.0
2026-08-14 14:40:00+00:00,158.98500061035156,159.0330047607422,158.9600067138672,158.96499633789062,0.0
2026-08-14 14:45:00+00:00,158.96600341796875,159.01499938964844,158.96499633789062,159.0,0.0
2026-08-14 14:50:00+00:00,158.99899291992188,159.02200317382812,158.97300720214844,159.00599670410156,0.0
2026-08-14 14:55:00+00:00,159.01100158691406,159.06100463867188,158.98599243164062,159.0290069580078,0.0
2026-08-14 15:00:00+00:00,159.0260009765625,159.05599975585938,158.9429931640625,158.98500061035156,0.0
2026-08-14 15:05:00+00:00,158.98399353027344,159.0500030517578,158.97000122070312,159.04100036621094,0.0
2026-08-14 15:10:00+00:00,159.0449981689453,159.08099365234375,159.02200317382812,159.0780029296875,0.0
2026-08-14 15:15:00+00:00,159.07200622558594,159.14599609375,159.0709991455078,159.1300048828125,0.0
2026-08-14 15:20:00+00:00,159.1300048828125,159.1790008544922,159.1269989013672,159.15499877929688,0.0
2026-08-14 15:25:00+00:00,159.15499877929688,159.17100524902344,159.1020050048828,159.12899780273438,0.0
2026-08-14 15:30:00+00:00,159.1230010986328,159.13800048828125,159.08599853515625,159.1219940185547,0.0
2026-08-14 15:35:00+00:00,159.1199951171875,159.1490020751953,159.09500122070312,159.14500427246094,0.0
2026-08-14 15:40:00+00:00,159.1490020751953,159.19200134277344,159.14700317382812,159.17100524902344,0.0
2026-08-14 15:45:00+00:00,159.17100524902344,159.18499755859375,159.14999389648438,159.16299438476562,0.0
2026-08-14 15:50:00+00:00,159.16299438476562,159.2030029296875,159.16099548339844,159.19200134277344,0.0
2026-08-14 15:55:00+00:00,159.19000244140625,159.21600341796875,159.1649932861328,159.20899963378906,0.0
2026-08-14 16:00:00+00:00,159.20899963378906,159.25100708007812,159.197998046875,159.23300170898438,0.0
2026-08-14 16:05:00+00:00,159.23199462890625,159.2830047607422,159.22000122070312,159.27000427246094,0.0
2026-08-14 16:10:00+00:00,159.26499938964844,159.281005859375,159.25599670410156,159.2790069580078,0.0
2026-08-14 16:15:00+00:00,159.2740020751953,159.281005859375,159.24200439453125,159.2550048828125,0.0
2026-08-14 16:20:00+00:00,159.26100158691406,159.29400634765625,159.24099731445312,159.29100036621094,0.0
2026-08-14 16:25:00+00:00,159.28500366210938,159.33299255371094,159.2830047607422,159.3260040283203,0.0
2026-08-14 16:30:00+00:00,159.32000732421875,159.34500122070312,159.29200744628906,159.3000030517578,0.0
2026-08-14 16:35:00+00:00,159.2989959716797,159.30599975585938,159.2519989013672,159.2729949951172,0.0
2026-08-14 16:40:00+00:00,159.2790069580078,159.33900451660156,159.27200317382812,159.33099365234375,0.0
2026-08-14 16:45:00+00:00,159.33099365234375,159.34300231933594,159.3179931640625,159.33700561523438,0.0
2026-08-14 16:50:00+00:00,159.33799743652344,159.36700439453125,159.33599853515625,159.36300659179688,0.0
2026-08-14 16:55:00+00:00,159.3560028076172,159.3719940185547,159.3520050048828,159.36199951171875,0.0
2026-08-14 17:00:00+00:00,159.36000061035156,159.38600158691406,159.3489990234375,159.37899780273438,0.0
2026-08-14 17:05:00+00:00,159.3730010986328,159.3939971923828,159.36700439453125,159.38900756835938,0.0
2026-08-14 17:10:00+00:00,159.38499450683594,159.39999389648438,159.37100219726562,159.375,0.0
2026-08-14 17:15:00+00:00,159.3769989013672,159.39100646972656,159.36399841308594,159.38800048828125,0.0
2026-08-14 17:20:00+00:00,159.38499450683594,159.4010009765625,159.38099670410156,159.38800048828125,0.0
2026-08-14 17:25:00+00:00,159.39199829101562,159.3979949951172,159.35800170898438,159.36000061035156,0.0
2026-08-14 17:30:00+00:00,159.36099243164062,159.39100646972656,159.36000061035156,159.3769989013672,0.0
2026-08-14 17:35:00+00:00,159.3769989013672,159.3820037841797,159.343994140625,159.3520050048828,0.0
2026-08-14 17:40:00+00:00,159.35499572753906,159.3780059814453,159.33900451660156,159.3719940185547,0.0
2026-08-14 17:45:00+00:00,159.3719940185547,159.3800048828125,159.36099243164062,159.36500549316406,0.0
2026-08-14 17:50:00+00:00,159.3719940185547,159.3730010986328,159.3520050048828,159.35400390625,0.0
2026-08-14 17:55:00+00:00,159.35400390625,159.3699951171875,159.3520050048828,159.35800170898438,0.0
2026-08-14 18:00:00+00:00,159.35899353027344,159.375,159.35000610351562,159.35400390625,0.0
2026-08-14 18:05:00+00:00,159.35400390625,159.36599731445312,159.33999633789062,159.3560028076172,0.0
2026-08-14 18:10:00+00:00,159.35699462890625,159.39199829101562,159.35400390625,159.38400268554688,0.0
2026-08-14 18:15:00+00:00,159.38400268554688,159.39300537109375,159.36399841308594,159.36599731445312,0.0
2026-08-14 18:20:00+00:00,159.36599731445312,159.3780059814453,159.36199951171875,159.36599731445312,0.0
2026-08-14 18:25:00+00:00,159.36599731445312,159.37600708007812,159.3509979248047,159.3719940185547,0.0
2026-08-14 18:30:00+00:00,159.36399841308594,159.38600158691406,159.36300659179688,159.38299560546875,0.0
2026-08-14 18:35:00+00:00,159.3780059814453,159.38699340820312,159.37399291992188,159.38499450683594,0.0
2026-08-14 18:40:00+00:00,159.38099670410156,159.38499450683594,159.36599731445312,159.36900329589844,0.0
2026-08-14 18:45:00+00:00,159.3679962158203,159.3820037841797,159.36399841308594,159.36500549316406,0.0
2026-08-14 18:50:00+00:00,159.36599731445312,159.37100219726562,159.3520050048828,159.36399841308594,0.0
2026-08-14 18:55:00+00:00,159.36300659179688,159.38600158691406,159.36000061035156,159.37600708007812,0.0
2026-08-14 19:00:00+00:00,159.3730010986328,159.38299560546875,159.36199951171875,159.37899780273438,0.0
2026-08-14 19:05:00+00:00,159.37899780273438,159.38699340820312,159.36599731445312,159.36900329589844,0.0
2026-08-14 19:10:00+00:00,159.37100219726562,159.38499450683594,159.36099243164062,159.3800048828125,0.0
2026-08-14 19:15:00+00:00,159.38400268554688,159.38800048828125,159.36700439453125,159.3719940185547,0.0
2026-08-14 19:20:00+00:00,159.3730010986328,159.38699340820312,159.36000061035156,159.3800048828125,0.0
2026-08-14 19:25:00+00:00,159.3780059814453,159.3820037841797,159.36300659179688,159.36599731445312,0.0
2026-08-14 19:30:00+00:00,159.36599731445312,159.38699340820312,159.36199951171875,159.3679962158203,0.0
2026-08-14 19:35:00+00:00,159.37399291992188,159.38499450683594,159.36500549316406,159.3699951171875,0.0
2026-08-14 19:40:00+00:00,159.37100219726562,159.38999938964844,159.36700439453125,159.38099670410156,0.0
2026-08-14 19:45:00+00:00,159.38499450683594,159.3979949951172,159.37899780273438,159.38099670410156,0.0
2026-08-14 19:50:00+00:00,159.38099670410156,159.38900756835938,159.35800170898438,159.36900329589844,0.0
2026-08-14 19:55:00+00:00,159.3719940185547,159.3800048828125,159.35699462890625,159.35800170898438,0.0
2026-08-14 20:00:00+00:00,159.35800170898438,159.3699951171875,159.33399963378906,159.33999633789062,0.0
2026-08-14 20:05:00+00:00,159.33999633789062,159.36700439453125,159.33799743652344,159.34500122070312,0.0
2026-08-14 20:10:00+00:00,159.3470001220703,159.36199951171875,159.34300231933594,159.35499572753906,0.0
2026-08-14 20:15:00+00:00,159.3560028076172,159.36199951171875,159.343994140625,159.3489990234375,0.0
2026-08-14 20:20:00+00:00,159.3489990234375,159.35800170898438,159.33399963378906,159.3459930419922,0.0
2026-08-14 20:25:00+00:00,159.33999633789062,159.34800720214844,159.31500244140625,159.32200622558594,0.0
2026-08-14 20:30:00+00:00,159.3209991455078,159.3459930419922,159.3090057373047,159.33700561523438,0.0
2026-08-14 20:35:00+00:00,159.33999633789062,159.3520050048828,159.32899475097656,159.33700561523438,0.0
2026-08-14 20:40:00+00:00,159.3459930419922,159.3459930419922,159.3209991455078,159.32400512695312,0.0
2026-08-14 20:45:00+00:00,159.32400512695312,159.3489990234375,159.3040008544922,159.31100463867188,0.0
2026-08-14 20:50:00+00:00,159.30999755859375,159.33399963378906,159.30099487304688,159.31700134277344,0.0
2026-08-14 20:55:00+00:00,159.32000732421875,159.3300018310547,159.24600219726562,159.28500366210938,0.0
2026-08-14 21:00:00+00:00,159.30499267578125,159.30499267578125,159.30499267578125,159.30499267578125,0.0
2026-08-16 23:00:00+00:00,159.13400268554688,159.17799377441406,159.1269989013672,159.1439971923828,0.0
2026-08-16 23:05:00+00:00,159.1529998779297,159.19200134277344,159.13999938964844,159.16600036621094,0.0
2026-08-16 23:10:00+00:00,159.16000366210938,159.20700073242188,159.1540069580078,159.1909942626953,0.0
2026-08-16 23:15:00+00:00,159.1959991455078,159.23899841308594,159.18699645996094,159.2270050048828,0.0
2026-08-16 23:20:00+00:00,159.23800659179688,159.24099731445312,159.21200561523438,159.2169952392578,0.0
2026-08-16 23:25:00+00:00,159.21499633789062,159.2270050048828,159.2030029296875,159.20399475097656,0.0
2026-08-16 23:30:00+00:00,159.20399475097656,159.22500610351562,159.2010040283203,159.20899963378906,0.0
2026-08-16 23:35:00+00:00,159.20899963378906,159.22000122070312,159.19000244140625,159.20899963378906,0.0
2026-08-16 23:40:00+00:00,159.2100067138672,159.2100067138672,159.16099548339844,159.1750030517578,0.0
2026-08-16 23:45:00+00:00,159.1750030517578,159.1929931640625,159.16799926757812,159.17300415039062,0.0
2026-08-16 23:50:00+00:00,159.18800354003906,159.25,159.1790008544922,159.24400329589844,0.0
2026-08-16 23:55:00+00:00,159.24000549316406,159.2480010986328,159.21400451660156,159.218994140625,0.0
2026-08-17 00:00:00+00:00,159.2220001220703,159.24899291992188,159.14999389648438,159.16099548339844,0.0
2026-08-17 00:05:00+00:00,159.1540069580078,159.18800354003906,159.13900756835938,159.1649932861328,0.0
2026-08-17 00:10:00+00:00,159.1719970703125,159.1739959716797,159.12399291992188,159.14300537109375,0.0
2026-08-17 00:15:00+00:00,159.15199279785156,159.1529998779297,159.09500122070312,159.11199951171875,0.0
2026-08-17 00:20:00+00:00,159.11700439453125,159.12100219726562,159.03700256347656,159.0570068359375,0.0
2026-08-17 00:25:00+00:00,159.052001953125,159.0959930419922,159.0290069580078,159.08799743652344,0.0
2026-08-17 00:30:00+00:00,159.08399963378906,159.0959930419922,159.031005859375,159.0540008544922,0.0
2026-08-17 00:35:00+00:00,159.0449981689453,159.08700561523438,159.03399658203125,159.0590057373047,0.0
2026-08-17 00:40:00+00:00,159.052001953125,159.0800018310547,159.0399932861328,159.0679931640625,0.0
2026-08-17 00:45:00+00:00,159.07200622558594,159.08700561523438,159.05999755859375,159.07699584960938,0.0
2026-08-17 00:50:00+00:00,159.07400512695312,159.11099243164062,159.0050048828125,159.05999755859375,0.0
2026-08-17 00:55:00+00:00,159.06500244140625,159.07200622558594,158.99899291992188,159.01800537109375,0.0
2026-08-17 01:00:00+00:00,159.02000427246094,159.0760040283203,158.97999572753906,159.0469970703125,0.0
2026-08-17 01:05:00+00:00,159.04600524902344,159.0709991455078,159.01400756835938,159.0709991455078,0.0
2026-08-17 01:10:00+00:00,159.0659942626953,159.07200622558594,159.02499389648438,159.0469970703125,0.0
2026-08-17 01:15:00+00:00,159.04200744628906,159.05499267578125,159.02099609375,159.0449981689453,0.0
2026-08-17 01:20:00+00:00,159.0449981689453,159.07000732421875,159.00999450683594,159.02699279785156,0.0
2026-08-17 01:25:00+00:00,159.02699279785156,159.04600524902344,159.0189971923828,159.0279998779297,0.0
2026-08-17 01:30:00+00:00,159.02999877929688,159.08900451660156,159.02000427246094,159.0749969482422,0.0
2026-08-17 01:35:00+00:00,159.08399963378906,159.09800720214844,159.0709991455078,159.08099365234375,0.0
2026-08-17 01:40:00+00:00,159.08900451660156,159.10499572753906,159.0800018310547,159.08599853515625,0.0
2026-08-17 01:45:00+00:00,159.08599853515625,159.1009979248047,159.05799865722656,159.06700134277344,0.0
2026-08-17 01:50:00+00:00,159.06199645996094,159.08900451660156,159.05299377441406,159.06100463867188,0.0
2026-08-17 01:55:00+00:00,159.06199645996094,159.08299255371094,159.052001953125,159.052001953125,0.0
2026-08-17 02:00:00+00:00,159.052001953125,159.06900024414062,159.0449981689453,159.0449981689453,0.0
2026-08-17 02:05:00+00:00,159.0500030517578,159.0679931640625,159.0330047607422,159.0489959716797,0.0
2026-08-17 02:10:00+00:00,159.052001953125,159.05999755859375,159.02499389648438,159.02699279785156,0.0
2026-08-17 02:15:00+00:00,159.02699279785156,159.0449981689453,158.9459991455078,158.96800231933594,0.0
2026-08-17 02:20:00+00:00,158.96200561523438,159.0240020751953,158.95799255371094,159.00399780273438,0.0
2026-08-17 02:25:00+00:00,159.01100158691406,159.01199340820312,158.97799682617188,158.99200439453125,0.0
2026-08-17 02:30:00+00:00,158.99200439453125,159.04800415039062,158.98699951171875,159.0290069580078,0.0
2026-08-17 02:35:00+00:00,159.02999877929688,159.03799438476562,159.01199340820312,159.0279998779297,0.0
2026-08-17 02:40:00+00:00,159.0290069580078,159.03900146484375,159.01499938964844,159.03900146484375,0.0
2026-08-17 02:45:00+00:00,159.03700256347656,159.0449981689453,159.01600646972656,159.0290069580078,0.0
2026-08-17 02:50:00+00:00,159.02699279785156,159.04600524902344,159.01400756835938,159.0260009765625,0.0
2026-08-17 02:55:00+00:00,159.0260009765625,159.0449981689453,159.02499389648438,159.0330047607422,0.0
2026-08-17 03:00:00+00:00,159.03399658203125,159.08299255371094,159.0330047607422,159.0749969482422,0.0
2026-08-17 03:05:00+00:00,159.07200622558594,159.08299255371094,159.0540008544922,159.0659942626953,0.0
2026-08-17 03:10:00+00:00,159.06500244140625,159.08700561523438,159.06300354003906,159.0780029296875,0.0
2026-08-17 03:15:00+00:00,159.07000732421875,159.07899475097656,159.05299377441406,159.06500244140625,0.0
2026-08-17 03:20:00+00:00,159.0709991455078,159.0780029296875,159.0590057373047,159.06300354003906,0.0
2026-08-17 03:25:00+00:00,159.06100463867188,159.09500122070312,159.06100463867188,159.0919952392578,0.0
2026-08-17 03:30:00+00:00,159.0850067138672,159.10699462890625,159.0780029296875,159.0970001220703,0.0
2026-08-17 03:35:00+00:00,159.09800720214844,159.13600158691406,159.0970001220703,159.1280059814453,0.0
2026-08-17 03:40:00+00:00,159.1300048828125,159.13699340820312,159.11599731445312,159.125,0.0
2026-08-17 03:45:00+00:00,159.1300048828125,159.14199829101562,159.11900329589844,159.12899780273438,0.0
2026-08-17 03:50:00+00:00,159.13499450683594,159.14700317382812,159.12100219726562,159.125,0.0
2026-08-17 03:55:00+00:00,159.1269989013672,159.13099670410156,159.0850067138672,159.08900451660156,0.0
2026-08-17 04:00:00+00:00,159.08999633789062,159.10299682617188,159.0749969482422,159.0749969482422,0.0
2026-08-17 04:05:00+00:00,159.0749969482422,159.08599853515625,159.05099487304688,159.0590057373047,0.0
2026-08-17 04:10:00+00:00,159.05999755859375,159.07400512695312,159.052001953125,159.06300354003906,0.0
2026-08-17 04:15:00+00:00,159.06300354003906,159.0850067138672,159.05299377441406,159.0780029296875,0.0
2026-08-17 04:20:00+00:00,159.07699584960938,159.10800170898438,159.0760040283203,159.0919952392578,0.0
2026-08-17 04:25:00+00:00,159.0959930419922,159.10299682617188,159.0780029296875,159.0970001220703,0.0
2026-08-17 04:30:00+00:00,159.09500122070312,159.10899353027344,159.08799743652344,159.08999633789062,0.0
2026-08-17 04:35:00+00:00,159.09300231933594,159.09800720214844,159.04400634765625,159.0469970703125,0.0
2026-08-17 04:40:00+00:00,159.0540008544922,159.07000732421875,159.04299926757812,159.05299377441406,0.0
2026-08-17 04:45:00+00:00,159.052001953125,159.07899475097656,159.0469970703125,159.0780029296875,0.0
2026-08-17 04:50:00+00:00,159.07699584960938,159.09100341796875,159.0659942626953,159.08299255371094,0.0
2026-08-17 04:55:00+00:00,159.08299255371094,159.12899780273438,159.08299255371094,159.1199951171875,0.0
2026-08-17 05:00:00+00:00,159.11500549316406,159.1230010986328,159.0919952392578,159.0989990234375,0.0
2026-08-17 05:05:00+00:00,159.0970001220703,159.10800170898438,159.08399963378906,159.09500122070312,0.0
2026-08-17 05:10:00+00:00,159.09500122070312,159.1219940185547,159.093994140625,159.11000061035156,0.0
2026-08-17 05:15:00+00:00,159.11000061035156,159.1199951171875,159.0709991455078,159.07400512695312,0.0
2026-08-17 05:20:00+00:00,159.072998046875,159.08200073242188,159.04200744628906,159.0469970703125,0.0
2026-08-17 05:25:00+00:00,159.04800415039062,159.06300354003906,159.0240020751953,159.03799438476562,0.0
2026-08-17 05:30:00+00:00,159.03799438476562,159.07200622558594,159.03399658203125,159.05099487304688,0.0
2026-08-17 05:35:00+00:00,159.05099487304688,159.06900024414062,159.0260009765625,159.0290069580078,0.0
2026-08-17 05:40:00+00:00,159.0260009765625,159.03500366210938,158.9720001220703,159.0240020751953,0.0
2026-08-17 05:45:00+00:00,159.02699279785156,159.05999755859375,159.01499938964844,159.03700256347656,0.0
2026-08-17 05:50:00+00:00,159.04100036621094,159.0679931640625,159.031005859375,159.0590057373047,0.0
2026-08-17 05:55:00+00:00,159.0590057373047,159.0970001220703,159.04800415039062,159.08200073242188,0.0
2026-08-17 06:00:00+00:00,159.08099365234375,159.08900451660156,159.0240020751953,159.0540008544922,0.0
2026-08-17 06:05:00+00:00,159.05599975585938,159.0850067138672,159.04100036621094,159.07200622558594,0.0
2026-08-17 06:10:00+00:00,159.07000732421875,159.11099243164062,159.0659942626953,159.09100341796875,0.0
2026-08-17 06:15:00+00:00,159.09500122070312,159.10299682617188,159.0760040283203,159.07899475097656,0.0
2026-08-17 06:20:00+00:00,159.0760040283203,159.08599853515625,159.05299377441406,159.0800018310547,0.0
2026-08-17 06:25:00+00:00,159.07400512695312,159.0850067138672,159.02099609375,159.02099609375,0.0
2026-08-17 06:30:00+00:00,159.02499389648438,159.05799865722656,159.02099609375,159.0290069580078,0.0
2026-08-17 06:35:00+00:00,159.03500366210938,159.0570068359375,159.01600646972656,159.0229949951172,0.0
2026-08-17 06:40:00+00:00,159.01699829101562,159.0570068359375,159.01600646972656,159.0260009765625,0.0
2026-08-17 06:45:00+00:00,159.0290069580078,159.03599548339844,158.97900390625,158.9980010986328,0.0
2026-08-17 06:50:00+00:00,159.00399780273438,159.00399780273438,158.95199584960938,158.9530029296875,0.0
2026-08-17 06:55:00+00:00,158.95399475097656,158.9720001220703,158.9320068359375,158.95899963378906,0.0
2026-08-17 07:00:00+00:00,158.9600067138672,159.00100708007812,158.95199584960938,158.96299743652344,0.0
2026-08-17 07:05:00+00:00,158.96299743652344,158.97500610351562,158.8780059814453,158.89700317382812,0.0
2026-08-17 07:10:00+00:00,158.89500427246094,158.92999267578125,158.87899780273438,158.91600036621094,0.0
2026-08-17 07:15:00+00:00,158.91700744628906,158.9290008544922,158.85699462890625,158.88400268554688,0.0
2026-08-17 07:20:00+00:00,158.88400268554688,158.906005859375,158.86300659179688,158.90199279785156,0.0
2026-08-17 07:25:00+00:00,158.89700317382812,158.9550018310547,158.88400268554688,158.89300537109375,0.0
2026-08-17 07:30:00+00:00,158.88900756835938,158.91600036621094,158.86399841308594,158.88999938964844,0.0
2026-08-17 07:35:00+00:00,158.88400268554688,158.92100524902344,158.87600708007812,158.91099548339844,0.0
2026-08-17 07:40:00+00:00,158.91900634765625,158.9219970703125,158.83900451660156,158.8780059814453,0.0
2026-08-17 07:45:00+00:00,158.875,158.95700073242188,158.8730010986328,158.9499969482422,0.0
2026-08-17 07:50:00+00:00,158.94900512695312,158.98599243164062,158.92799377441406,158.96499633789062,0.0
2026-08-17 07:55:00+00:00,158.96499633789062,158.98199462890625,158.94500732421875,158.95199584960938,0.0
2026-08-17 08:00:00+00:00,158.94700622558594,159.0,158.9429931640625,158.98699951171875,0.0
2026-08-17 08:05:00+00:00,158.9949951171875,158.9969940185547,158.96299743652344,158.96400451660156,0.0
2026-08-17 08:10:00+00:00,158.9720001220703,158.9980010986328,158.9510040283203,158.95799255371094,0.0
2026-08-17 08:15:00+00:00,158.95799255371094,159.02099609375,158.9530029296875,158.99000549316406,0.0
2026-08-17 08:20:00+00:00,158.99000549316406,159.01600646972656,158.97000122070312,158.9720001220703,0.0
2026-08-17 08:25:00+00:00,158.97300720214844,158.9929962158203,158.9340057373047,158.93600463867188,0.0
2026-08-17 08:30:00+00:00,158.9429931640625,158.9739990234375,158.9250030517578,158.97000122070312,0.0
2026-08-17 08:35:00+00:00,158.9669952392578,159.0469970703125,158.94900512695312,159.03799438476562,0.0
2026-08-17 08:40:00+00:00,159.03599548339844,159.08099365234375,159.0240020751953,159.06900024414062,0.0
2026-08-17 08:45:00+00:00,159.07699584960938,159.08799743652344,159.05599975585938,159.0780029296875,0.0
2026-08-17 08:50:00+00:00,159.07699584960938,159.12899780273438,159.0709991455078,159.11900329589844,0.0
2026-08-17 08:55:00+00:00,159.11199951171875,159.14999389648438,159.10899353027344,159.1219940185547,0.0
2026-08-17 09:00:00+00:00,159.1219940185547,159.1790008544922,159.1199951171875,159.1490020751953,0.0
2026-08-17 09:05:00+00:00,159.15499877929688,159.16600036621094,159.10899353027344,159.12399291992188,0.0
2026-08-17 09:10:00+00:00,159.11900329589844,159.1439971923828,159.0919952392578,159.093994140625,0.0
2026-08-17 09:15:00+00:00,159.1009979248047,159.11199951171875,159.06199645996094,159.10400390625,0.0
2026-08-17 09:20:00+00:00,159.10000610351562,159.11900329589844,159.08299255371094,159.0959930419922,0.0
2026-08-17 09:25:00+00:00,159.0959930419922,159.14300537109375,159.09300231933594,159.1280059814453,0.0
2026-08-17 09:30:00+00:00,159.12399291992188,159.15499877929688,159.11500549316406,159.12100219726562,0.0
2026-08-17 09:35:00+00:00,159.12399291992188,159.13900756835938,159.11099243164062,159.1199951171875,0.0
2026-08-17 09:40:00+00:00,159.12399291992188,159.13900756835938,159.10000610351562,159.11399841308594,0.0
2026-08-17 09:45:00+00:00,159.11399841308594,159.14300537109375,159.10699462890625,159.13600158691406,0.0
2026-08-17 09:50:00+00:00,159.13800048828125,159.18099975585938,159.125,159.16799926757812,0.0
2026-08-17 09:55:00+00:00,159.1649932861328,159.18499755859375,159.15899658203125,159.16700744628906,0.0
2026-08-17 10:00:00+00:00,159.16299438476562,159.18800354003906,159.15699768066406,159.1790008544922,0.0
2026-08-17 10:05:00+00:00,159.17300415039062,159.20599365234375,159.1719970703125,159.19400024414062,0.0
2026-08-17 10:10:00+00:00,159.19500732421875,159.2030029296875,159.15899658203125,159.17100524902344,0.0
2026-08-17 10:15:00+00:00,159.17100524902344,159.18099975585938,159.14700317382812,159.156005859375,0.0
2026-08-17 10:20:00+00:00,159.1490020751953,159.1929931640625,159.1490020751953,159.16400146484375,0.0
2026-08-17 10:25:00+00:00,159.16400146484375,159.2030029296875,159.09800720214844,159.10899353027344,0.0
2026-08-17 10:30:00+00:00,159.11199951171875,159.16900634765625,159.1020050048828,159.14500427246094,0.0
2026-08-17 10:35:00+00:00,159.14500427246094,159.16600036621094,159.13400268554688,159.15899658203125,0.0
2026-08-17 10:40:00+00:00,159.1510009765625,159.16299438476562,159.13900756835938,159.14300537109375,0.0
2026-08-17 10:45:00+00:00,159.14700317382812,159.16000366210938,159.14100646972656,159.15199279785156,0.0
2026-08-17 10:50:00+00:00,159.15699768066406,159.1999969482422,159.14999389648438,159.1909942626953,0.0
2026-08-17 10:55:00+00:00,159.197998046875,159.2010040283203,159.17999267578125,159.18299865722656,0.0
2026-08-17 11:00:00+00:00,159.18299865722656,159.20399475097656,159.15699768066406,159.177001953125,0.0
2026-08-17 11:05:00+00:00,159.1719970703125,159.1929931640625,159.1540069580078,159.1649932861328,0.0
2026-08-17 11:10:00+00:00,159.1649932861328,159.2030029296875,159.16400146484375,159.1959991455078,0.0
2026-08-17 11:15:00+00:00,159.18899536132812,159.2429962158203,159.18499755859375,159.24200439453125,0.0
2026-08-17 11:20:00+00:00,159.23500061035156,159.2429962158203,159.21400451660156,159.2220001220703,0.0
2026-08-17 11:25:00+00:00,159.2220001220703,159.24600219726562,159.21299743652344,159.23500061035156,0.0
2026-08-17 11:30:00+00:00,159.23500061035156,159.25399780273438,159.20899963378906,159.2100067138672,0.0
2026-08-17 11:35:00+00:00,159.20899963378906,159.24200439453125,159.20799255371094,159.24000549316406,0.0
2026-08-17 11:40:00+00:00,159.23300170898438,159.26300048828125,159.22900390625,159.2570037841797,0.0
2026-08-17 11:45:00+00:00,159.25399780273438,159.2760009765625,159.24600219726562,159.26400756835938,0.0
2026-08-17 11:50:00+00:00,159.26400756835938,159.28399658203125,159.22900390625,159.23199462890625,0.0
2026-08-17 11:55:00+00:00,159.23199462890625,159.2570037841797,159.22500610351562,159.23800659179688,0.0
2026-08-17 12:00:00+00:00,159.23399353027344,159.2519989013672,159.19200134277344,159.20399475097656,0.0
2026-08-17 12:05:00+00:00,159.20399475097656,159.22799682617188,159.197998046875,159.21800231933594,0.0
2026-08-17 12:10:00+00:00,159.21600341796875,159.24099731445312,159.18899536132812,159.22900390625,0.0
2026-08-17 12:15:00+00:00,159.23199462890625,159.24899291992188,159.2220001220703,159.22900390625,0.0
2026-08-17 12:20:00+00:00,159.22900390625,159.2429962158203,159.21099853515625,159.2270050048828,0.0
2026-08-17 12:25:00+00:00,159.22000122070312,159.28599548339844,159.21099853515625,159.26300048828125,0.0
2026-08-17 12:30:00+00:00,159.26199340820312,159.28799438476562,159.24400329589844,159.26600646972656,0.0
2026-08-17 12:35:00+00:00,159.25999450683594,159.27999877929688,159.25399780273438,159.27200317382812,0.0
2026-08-17 12:40:00+00:00,159.27099609375,159.27999877929688,159.2570037841797,159.26800537109375,0.0
2026-08-17 12:45:00+00:00,159.26300048828125,159.28199768066406,159.25399780273438,159.27000427246094,0.0
2026-08-17 12:50:00+00:00,159.2760009765625,159.2790069580078,159.2530059814453,159.26300048828125,0.0
2026-08-17 12:55:00+00:00,159.26600646972656,159.27000427246094,159.23899841308594,159.24600219726562,0.0
2026-08-17 13:00:00+00:00,159.24200439453125,159.26699829101562,159.21200561523438,159.26600646972656,0.0
2026-08-17 13:05:00+00:00,159.26199340820312,159.26800537109375,159.24000549316406,159.24099731445312,0.0
2026-08-17 13:10:00+00:00,159.24099731445312,159.26699829101562,159.23199462890625,159.25999450683594,0.0
2026-08-17 13:15:00+00:00,159.25999450683594,159.2760009765625,159.24099731445312,159.2469940185547,0.0
2026-08-17 13:20:00+00:00,159.2429962158203,159.2689971923828,159.24000549316406,159.2530059814453,0.0
2026-08-17 13:25:00+00:00,159.2550048828125,159.28199768066406,159.24200439453125,159.27499389648438,0.0
2026-08-17 13:30:00+00:00,159.2729949951172,159.3159942626953,159.26400756835938,159.3000030517578,0.0
2026-08-17 13:35:00+00:00,159.3000030517578,159.33900451660156,159.27699279785156,159.3249969482422,0.0
2026-08-17 13:40:00+00:00,159.3249969482422,159.35699462890625,159.302001953125,159.3489990234375,0.0
2026-08-17 13:45:00+00:00,159.3520050048828,159.38400268554688,159.3419952392578,159.34500122070312,0.0
2026-08-17 13:50:00+00:00,159.34500122070312,159.3520050048828,159.2899932861328,159.31500244140625,0.0
2026-08-17 13:55:00+00:00,159.31900024414062,159.3260040283203,159.2570037841797,159.26300048828125,0.0
2026-08-17 14:00:00+00:00,159.25999450683594,159.28599548339844,159.2239990234375,159.23300170898438,0.0
2026-08-17 14:05:00+00:00,159.2270050048828,159.25900268554688,159.22300720214844,159.2480010986328,0.0
2026-08-17 14:10:00+00:00,159.2480010986328,159.26699829101562,159.23699951171875,159.24200439453125,0.0
2026-08-17 14:15:00+00:00,159.2469940185547,159.24899291992188,159.1999969482422,159.22300720214844,0.0
2026-08-17 14:20:00+00:00,159.218994140625,159.23199462890625,159.1820068359375,159.197998046875,0.0
2026-08-17 14:25:00+00:00,159.197998046875,159.26300048828125,159.1959991455078,159.23899841308594,0.0
2026-08-17 14:30:00+00:00,159.24400329589844,159.24600219726562,159.2239990234375,159.22799682617188,0.0
2026-08-17 14:35:00+00:00,159.22799682617188,159.26400756835938,159.21400451660156,159.24400329589844,0.0
2026-08-17 14:40:00+00:00,159.24400329589844,159.2519989013672,159.21299743652344,159.23899841308594,0.0
2026-08-17 14:45:00+00:00,159.24099731445312,159.26400756835938,159.22799682617188,159.23699951171875,0.0
2026-08-17 14:50:00+00:00,159.24400329589844,159.30999755859375,159.21600341796875,159.2969970703125,0.0
2026-08-17 14:55:00+00:00,159.29200744628906,159.3000030517578,159.26699829101562,159.28399658203125,0.0
2026-08-17 15:00:00+00:00,159.28399658203125,159.3260040283203,159.2729949951172,159.3090057373047,0.0
2026-08-17 15:05:00+00:00,159.30499267578125,159.3419952392578,159.3040008544922,159.32699584960938,0.0
2026-08-17 15:10:00+00:00,159.32699584960938,159.33399963378906,159.30299377441406,159.3159942626953,0.0
2026-08-17 15:15:00+00:00,159.3159942626953,159.35699462890625,159.3040008544922,159.34500122070312,0.0
2026-08-17 15:20:00+00:00,159.3419952392578,159.3730010986328,159.33900451660156,159.34800720214844,0.0
2026-08-17 15:25:00+00:00,159.343994140625,159.36399841308594,159.33200073242188,159.34300231933594,0.0
2026-08-17 15:30:00+00:00,159.33900451660156,159.36099243164062,159.3280029296875,159.35299682617188,0.0
2026-08-17 15:35:00+00:00,159.35499572753906,159.36300659179688,159.33700561523438,159.35400390625,0.0
2026-08-17 15:40:00+00:00,159.35699462890625,159.4029998779297,159.3509979248047,159.39300537109375,0.0
2026-08-17 15:45:00+00:00,159.39700317382812,159.4010009765625,159.35299682617188,159.37399291992188,0.0
2026-08-17 15:50:00+00:00,159.36700439453125,159.37600708007812,159.3489990234375,159.35699462890625,0.0
2026-08-17 15:55:00+00:00,159.3560028076172,159.36399841308594,159.33700561523438,159.33900451660156,0.0
2026-08-17 16:00:00+00:00,159.33999633789062,159.3820037841797,159.33999633789062,159.38099670410156,0.0
2026-08-17 16:05:00+00:00,159.37600708007812,159.39500427246094,159.35699462890625,159.3719940185547,0.0
2026-08-17 16:10:00+00:00,159.3780059814453,159.38299560546875,159.3489990234375,159.36300659179688,0.0
2026-08-17 16:15:00+00:00,159.36300659179688,159.3719940185547,159.343994140625,159.3470001220703,0.0
2026-08-17 16:20:00+00:00,159.3489990234375,159.35800170898438,159.3260040283203,159.3520050048828,0.0
2026-08-17 16:25:00+00:00,159.3509979248047,159.36700439453125,159.343994140625,159.35899353027344,0.0
2026-08-17 16:30:00+00:00,159.35899353027344,159.3699951171875,159.3509979248047,159.35899353027344,0.0
2026-08-17 16:35:00+00:00,159.35899353027344,159.3719940185547,159.3419952392578,159.3419952392578,0.0
2026-08-17 16:40:00+00:00,159.3419952392578,159.3730010986328,159.33900451660156,159.3509979248047,0.0
2026-08-17 16:45:00+00:00,159.3509979248047,159.3699951171875,159.3509979248047,159.3560028076172,0.0
2026-08-17 16:50:00+00:00,159.35499572753906,159.3780059814453,159.34300231933594,159.3489990234375,0.0
2026-08-17 16:55:00+00:00,159.34800720214844,159.3679962158203,159.343994140625,159.36300659179688,0.0
2026-08-17 17:00:00+00:00,159.36099243164062,159.36700439453125,159.3489990234375,159.35299682617188,0.0
2026-08-17 17:05:00+00:00,159.35299682617188,159.37100219726562,159.3489990234375,159.3560028076172,0.0
2026-08-17 17:10:00+00:00,159.35400390625,159.3699951171875,159.35299682617188,159.36399841308594,0.0
2026-08-17 17:15:00+00:00,159.36399841308594,159.40699768066406,159.36099243164062,159.40199279785156,0.0
2026-08-17 17:20:00+00:00,159.4010009765625,159.44900512695312,159.3990020751953,159.43299865722656,0.0
2026-08-17 17:25:00+00:00,159.43699645996094,159.4510040283203,159.4149932861328,159.4239959716797,0.0
2026-08-17 17:30:00+00:00,159.41900634765625,159.47500610351562,159.41600036621094,159.46800231933594,0.0
2026-08-17 17:35:00+00:00,159.46400451660156,159.5030059814453,159.45599365234375,159.49400329589844,0.0
2026-08-17 17:40:00+00:00,159.49400329589844,159.5050048828125,159.45700073242188,159.45799255371094,0.0
2026-08-17 17:45:00+00:00,159.45799255371094,159.4669952392578,159.43899536132812,159.44900512695312,0.0
2026-08-17 17:50:00+00:00,159.44900512695312,159.49200439453125,159.447998046875,159.47999572753906,0.0
2026-08-17 17:55:00+00:00,159.47999572753906,159.5050048828125,159.4770050048828,159.49099731445312,0.0
2026-08-17 18:00:00+00:00,159.48699951171875,159.50599670410156,159.48199462890625,159.49400329589844,0.0
2026-08-17 18:05:00+00:00,159.4980010986328,159.5189971923828,159.47900390625,159.50599670410156,0.0
2026-08-17 18:10:00+00:00,159.5030059814453,159.5229949951172,159.47900390625,159.48399353027344,0.0
2026-08-17 18:15:00+00:00,159.48399353027344,159.51600646972656,159.47900390625,159.5070037841797,0.0
2026-08-17 18:20:00+00:00,159.5070037841797,159.55599975585938,159.5070037841797,159.54299926757812,0.0
2026-08-17 18:25:00+00:00,159.54299926757812,159.58900451660156,159.54299926757812,159.56300354003906,0.0
2026-08-17 18:30:00+00:00,159.56199645996094,159.58999633789062,159.56199645996094,159.5800018310547,0.0
2026-08-17 18:35:00+00:00,159.58099365234375,159.58399963378906,159.56399536132812,159.572998046875,0.0
2026-08-17 18:40:00+00:00,159.56700134277344,159.572998046875,159.5399932861328,159.55799865722656,0.0
2026-08-17 18:45:00+00:00,159.55799865722656,159.58999633789062,159.552001953125,159.5780029296875,0.0
2026-08-17 18:50:00+00:00,159.5800018310547,159.5850067138672,159.56399536132812,159.57899475097656,0.0
2026-08-17 18:55:00+00:00,159.5800018310547,159.5970001220703,159.56300354003906,159.58999633789062,0.0
2026-08-17 19:00:00+00:00,159.58900451660156,159.593994140625,159.56199645996094,159.5659942626953,0.0
2026-08-17 19:05:00+00:00,159.5679931640625,159.572998046875,159.5489959716797,159.55599975585938,0.0
2026-08-17 19:10:00+00:00,159.56199645996094,159.56500244140625,159.49099731445312,159.4980010986328,0.0
2026-08-17 19:15:00+00:00,159.4980010986328,159.50900268554688,159.46499633789062,159.4759979248047,0.0
2026-08-17 19:20:00+00:00,159.4759979248047,159.4810028076172,159.44000244140625,159.44700622558594,0.0
2026-08-17 19:25:00+00:00,159.4499969482422,159.45700073242188,159.4239959716797,159.43299865722656,0.0
2026-08-17 19:30:00+00:00,159.4290008544922,159.4550018310547,159.4040069580078,159.44400024414062,0.0
2026-08-17 19:35:00+00:00,159.44000244140625,159.44900512695312,159.41700744628906,159.427001953125,0.0
2026-08-17 19:40:00+00:00,159.4219970703125,159.43600463867188,159.41700744628906,159.42100524902344,0.0
2026-08-17 19:45:00+00:00,159.4239959716797,159.4459991455078,159.41900634765625,159.43600463867188,0.0
2026-08-17 19:50:00+00:00,159.43299865722656,159.46499633789062,159.42799377441406,159.46499633789062,0.0
2026-08-17 19:55:00+00:00,159.46200561523438,159.47799682617188,159.4550018310547,159.45599365234375,0.0
2026-08-17 20:00:00+00:00,159.45700073242188,159.47799682617188,159.44400024414062,159.46299743652344,0.0
2026-08-17 20:05:00+00:00,159.46200561523438,159.49200439453125,159.45899963378906,159.49099731445312,0.0
2026-08-17 20:10:00+00:00,159.48800659179688,159.51199340820312,159.48300170898438,159.5030059814453,0.0
2026-08-17 20:15:00+00:00,159.49899291992188,159.50599670410156,159.46299743652344,159.4720001220703,0.0
2026-08-17 20:20:00+00:00,159.46499633789062,159.48300170898438,159.46200561523438,159.4759979248047,0.0
2026-08-17 20:25:00+00:00,159.4720001220703,159.48300170898438,159.468994140625,159.48199462890625,0.0
2026-08-17 20:30:00+00:00,159.4810028076172,159.50100708007812,159.47000122070312,159.4770050048828,0.0
2026-08-17 20:35:00+00:00,159.47300720214844,159.47799682617188,159.46400451660156,159.47500610351562,0.0
2026-08-17 20:40:00+00:00,159.4709930419922,159.47799682617188,159.46400451660156,159.4720001220703,0.0
2026-08-17 20:45:00+00:00,159.4720001220703,159.4929962158203,159.46200561523438,159.46299743652344,0.0
2026-08-17 20:50:00+00:00,159.46299743652344,159.47900390625,159.447998046875,159.46200561523438,0.0
2026-08-17 20:55:00+00:00,159.4600067138672,159.4770050048828,159.4149932861328,159.4149932861328,0.0
2026-08-17 21:00:00+00:00,159.4040069580078,159.49099731445312,159.4040069580078,159.44000244140625,0.0
2026-08-17 21:05:00+00:00,159.44700622558594,159.48199462890625,159.44400024414062,159.447998046875,0.0
2026-08-17 21:10:00+00:00,159.4499969482422,159.46200561523438,159.3990020751953,159.39999389648438,0.0
2026-08-17 21:15:00+00:00,159.38600158691406,159.40899658203125,159.281005859375,159.3939971923828,0.0
2026-08-17 21:20:00+00:00,159.38099670410156,159.39199829101562,159.35000610351562,159.3679962158203,0.0
2026-08-17 21:25:00+00:00,159.35299682617188,159.38900756835938,159.35299682617188,159.37100219726562,0.0
2026-08-17 21:30:00+00:00,159.3719940185547,159.39100646972656,159.35899353027344,159.37100219726562,0.0
2026-08-17 21:35:00+00:00,159.3719940185547,159.39300537109375,159.36300659179688,159.3769989013672,0.0
2026-08-17 21:40:00+00:00,159.37600708007812,159.427001953125,159.35499572753906,159.41000366210938,0.0
2026-08-17 21:45:00+00:00,159.41000366210938,159.42999267578125,159.3719940185547,159.38099670410156,0.0
2026-08-17 21:50:00+00:00,159.3820037841797,159.40699768066406,159.3699951171875,159.3990020751953,0.0
2026-08-17 21:55:00+00:00,159.38800048828125,159.39700317382812,159.3560028076172,159.39700317382812,0.0
2026-08-17 22:00:00+00:00,159.3769989013672,159.46800231933594,159.3509979248047,159.4429931640625,0.0
2026-08-17 22:05:00+00:00,159.4429931640625,159.46600341796875,159.4429931640625,159.44700622558594,0.0
2026-08-17 22:10:00+00:00,159.45799255371094,159.4770050048828,159.43899536132812,159.4709930419922,0.0
2026-08-17 22:15:00+00:00,159.45799255371094,159.47300720214844,159.44200134277344,159.45899963378906,0.0
2026-08-17 22:20:00+00:00,159.4510040283203,159.46600341796875,159.4250030517578,159.4320068359375,0.0
2026-08-17 22:25:00+00:00,159.43600463867188,159.43699645996094,159.39500427246094,159.41700744628906,0.0
2026-08-17 22:30:00+00:00,159.40499877929688,159.42799377441406,159.39999389648438,159.41099548339844,0.0
2026-08-17 22:35:00+00:00,159.41600036621094,159.43299865722656,159.40899658203125,159.4320068359375,0.0
2026-08-17 22:40:00+00:00,159.4199981689453,159.4340057373047,159.41000366210938,159.42599487304688,0.0
2026-08-17 22:45:00+00:00,159.41299438476562,159.42599487304688,159.4029998779297,159.40699768066406,0.0
2026-08-17 22:50:00+00:00,159.41400146484375,159.42300415039062,159.4029998779297,159.41400146484375,0.0
2026-08-17 22:55:00+00:00,159.4040069580078,159.41600036621094,159.4029998779297,159.41099548339844,0.0
2026-08-17 23:00:00+00:00,159.406005859375,159.4239959716797,159.38099670410156,159.39999389648438,0.0
2026-08-17 23:05:00+00:00,159.3939971923828,159.4029998779297,159.3520050048828,159.35800170898438,0.0
2026-08-17 23:10:00+00:00,159.36300659179688,159.38800048828125,159.35499572753906,159.38499450683594,0.0
2026-08-17 23:15:00+00:00,159.38499450683594,159.38699340820312,159.3730010986328,159.37399291992188,0.0
2026-08-17 23:20:00+00:00,159.37399291992188,159.38699340820312,159.3730010986328,159.3820037841797,0.0
2026-08-17 23:25:00+00:00,159.37399291992188,159.38400268554688,159.36000061035156,159.36500549316406,0.0
2026-08-17 23:30:00+00:00,159.36000061035156,159.3719940185547,159.33399963378906,159.33999633789062,0.0
2026-08-17 23:35:00+00:00,159.3470001220703,159.3560028076172,159.33900451660156,159.35400390625,0.0
2026-08-17 23:40:00+00:00,159.3459930419922,159.35400390625,159.3090057373047,159.3179931640625,0.0
2026-08-17 23:45:00+00:00,159.32000732421875,159.3280029296875,159.30799865722656,159.31399536132812,0.0
2026-08-17 23:50:00+00:00,159.31399536132812,159.34100341796875,159.31399536132812,159.33099365234375,0.0
2026-08-17 23:55:00+00:00,159.33099365234375,159.35499572753906,159.31700134277344,159.3249969482422,0.0
2026-08-18 00:00:00+00:00,159.3249969482422,159.36700439453125,159.3040008544922,159.33099365234375,0.0
2026-08-18 00:05:00+00:00,159.3260040283203,159.37600708007812,159.3159942626953,159.37600708007812,0.0
2026-08-18 00:10:00+00:00,159.36900329589844,159.39599609375,159.35299682617188,159.3769989013672,0.0
2026-08-18 00:15:00+00:00,159.36900329589844,159.38900756835938,159.35699462890625,159.3800048828125,0.0
2026-08-18 00:20:00+00:00,159.3800048828125,159.41900634765625,159.37899780273438,159.40199279785156,0.0
2026-08-18 00:25:00+00:00,159.39999389648438,159.43600463867188,159.39100646972656,159.4250030517578,0.0
2026-08-18 00:30:00+00:00,159.4219970703125,159.48599243164062,159.4199981689453,159.45799255371094,0.0
2026-08-18 00:35:00+00:00,159.46400451660156,159.48199462890625,159.44900512695312,159.4600067138672,0.0
2026-08-18 00:40:00+00:00,159.45700073242188,159.4929962158203,159.4510040283203,159.48300170898438,0.0
2026-08-18 00:45:00+00:00,159.48800659179688,159.5240020751953,159.48199462890625,159.51300048828125,0.0
2026-08-18 00:50:00+00:00,159.51400756835938,159.51699829101562,159.4459991455078,159.4530029296875,0.0
2026-08-18 00:55:00+00:00,159.45399475097656,159.47999572753906,159.4199981689453,159.4219970703125,0.0
2026-08-18 01:00:00+00:00,159.4219970703125,159.49400329589844,159.4219970703125,159.48699951171875,0.0
2026-08-18 01:05:00+00:00,159.47999572753906,159.49099731445312,159.42599487304688,159.4320068359375,0.0
2026-08-18 01:10:00+00:00,159.4290008544922,159.4409942626953,159.38900756835938,159.3979949951172,0.0
2026-08-18 01:15:00+00:00,159.4029998779297,159.4499969482422,159.39500427246094,159.4250030517578,0.0
2026-08-18 01:20:00+00:00,159.4250030517578,159.4669952392578,159.4239959716797,159.4429931640625,0.0
2026-08-18 01:25:00+00:00,159.447998046875,159.46499633789062,159.42599487304688,159.44400024414062,0.0
2026-08-18 01:30:00+00:00,159.4429931640625,159.45399475097656,159.4290008544922,159.44000244140625,0.0
2026-08-18 01:35:00+00:00,159.4409942626953,159.45399475097656,159.4010009765625,159.406005859375,0.0
2026-08-18 01:40:00+00:00,159.40899658203125,159.43600463867188,159.3990020751953,159.4199981689453,0.0
2026-08-18 01:45:00+00:00,159.4239959716797,159.48599243164062,159.4199981689453,159.4709930419922,0.0
2026-08-18 01:50:00+00:00,159.4720001220703,159.4929962158203,159.44900512695312,159.46800231933594,0.0
2026-08-18 01:55:00+00:00,159.4669952392578,159.51199340820312,159.4530029296875,159.5,0.0
2026-08-18 02:00:00+00:00,159.4980010986328,159.5449981689453,159.49400329589844,159.51800537109375,0.0
2026-08-18 02:05:00+00:00,159.51600646972656,159.5240020751953,159.48800659179688,159.50799560546875,0.0
2026-08-18 02:10:00+00:00,159.51600646972656,159.531005859375,159.5070037841797,159.51800537109375,0.0
2026-08-18 02:15:00+00:00,159.51600646972656,159.5240020751953,159.48500061035156,159.50799560546875,0.0
2026-08-18 02:20:00+00:00,159.5070037841797,159.51400756835938,159.46800231933594,159.4929962158203,0.0
2026-08-18 02:25:00+00:00,159.4929962158203,159.49899291992188,159.4709930419922,159.48199462890625,0.0
2026-08-18 02:30:00+00:00,159.4770050048828,159.4980010986328,159.46299743652344,159.47900390625,0.0
2026-08-18 02:35:00+00:00,159.47900390625,159.50900268554688,159.4669952392578,159.50100708007812,0.0
2026-08-18 02:40:00+00:00,159.5030059814453,159.5070037841797,159.48300170898438,159.49600219726562,0.0
2026-08-18 02:45:00+00:00,159.49899291992188,159.50999450683594,159.46800231933594,159.4759979248047,0.0
2026-08-18 02:50:00+00:00,159.4739990234375,159.48500061035156,159.46600341796875,159.46800231933594,0.0
2026-08-18 02:55:00+00:00,159.4709930419922,159.47900390625,159.44900512695312,159.4550018310547,0.0
2026-08-18 03:00:00+00:00,159.45199584960938,159.49600219726562,159.45199584960938,159.48199462890625,0.0
2026-08-18 03:05:00+00:00,159.48500061035156,159.49600219726562,159.47799682617188,159.48500061035156,0.0
2026-08-18 03:10:00+00:00,159.47999572753906,159.49400329589844,159.47799682617188,159.48199462890625,0.0
2026-08-18 03:15:00+00:00,159.48199462890625,159.5030059814453,159.47900390625,159.49899291992188,0.0
2026-08-18 03:20:00+00:00,159.49400329589844,159.50999450683594,159.4709930419922,159.5030059814453,0.0
2026-08-18 03:25:00+00:00,159.5030059814453,159.51400756835938,159.4929962158203,159.50999450683594,0.0
2026-08-18 03:30:00+00:00,159.50599670410156,159.53500366210938,159.50599670410156,159.52699279785156,0.0
2026-08-18 03:35:00+00:00,159.531005859375,159.5469970703125,159.5189971923828,159.54100036621094,0.0
2026-08-18 03:40:00+00:00,159.53399658203125,159.56900024414062,159.52099609375,159.55499267578125,0.0
2026-08-18 03:45:00+00:00,159.55499267578125,159.56500244140625,159.54200744628906,159.5590057373047,0.0
2026-08-18 03:50:00+00:00,159.5570068359375,159.5679931640625,159.54100036621094,159.5500030517578,0.0
2026-08-18 03:55:00+00:00,159.5500030517578,159.5590057373047,159.52699279785156,159.54800415039062,0.0
2026-08-18 04:00:00+00:00,159.54800415039062,159.5970001220703,159.54400634765625,159.58099365234375,0.0
2026-08-18 04:05:00+00:00,159.58099365234375,159.63699340820312,159.58099365234375,159.6219940185547,0.0
2026-08-18 04:10:00+00:00,159.6230010986328,159.69500732421875,159.61599731445312,159.6649932861328,0.0
2026-08-18 04:15:00+00:00,159.66299438476562,159.69400024414062,159.656005859375,159.6840057373047,0.0
2026-08-18 04:20:00+00:00,159.6840057373047,159.7259979248047,159.6739959716797,159.677001953125,0.0
2026-08-18 04:25:00+00:00,159.67799377441406,159.70199584960938,159.65499877929688,159.697998046875,0.0
2026-08-18 04:30:00+00:00,159.69200134277344,159.75,159.69200134277344,159.72900390625,0.0
2026-08-18 04:35:00+00:00,159.73199462890625,159.74200439453125,159.70599365234375,159.7239990234375,0.0
2026-08-18 04:40:00+00:00,159.7310028076172,159.73300170898438,159.67799377441406,159.69000244140625,0.0
2026-08-18 04:45:00+00:00,159.69000244140625,159.70599365234375,159.66400146484375,159.67100524902344,0.0
2026-08-18 04:50:00+00:00,159.67999267578125,159.71099853515625,159.6719970703125,159.70899963378906,0.0
2026-08-18 04:55:00+00:00,159.70599365234375,159.7100067138672,159.67100524902344,159.69700622558594,0.0
2026-08-18 05:00:00+00:00,159.68899536132812,159.7100067138672,159.67100524902344,159.70399475097656,0.0
2026-08-18 05:05:00+00:00,159.7030029296875,159.72500610351562,159.68899536132812,159.71499633789062,0.0
2026-08-18 05:10:00+00:00,159.71400451660156,159.7259979248047,159.69700622558594,159.718994140625,0.0
2026-08-18 05:15:00+00:00,159.72000122070312,159.73399353027344,159.69400024414062,159.7010040283203,0.0
2026-08-18 05:20:00+00:00,159.69400024414062,159.70399475097656,159.66900634765625,159.67799377441406,0.0
2026-08-18 05:25:00+00:00,159.67799377441406,159.69900512695312,159.6540069580078,159.66900634765625,0.0
2026-08-18 05:30:00+00:00,159.6699981689453,159.6959991455078,159.66400146484375,159.6820068359375,0.0
2026-08-18 05:35:00+00:00,159.68499755859375,159.6929931640625,159.66799926757812,159.67799377441406,0.0
2026-08-18 05:40:00+00:00,159.677001953125,159.6999969482422,159.6719970703125,159.67300415039062,0.0
2026-08-18 05:45:00+00:00,159.67300415039062,159.6820068359375,159.65199279785156,159.66400146484375,0.0
2026-08-18 05:50:00+00:00,159.65699768066406,159.66400146484375,159.64100646972656,159.64199829101562,0.0
2026-08-18 05:55:00+00:00,159.6510009765625,159.66900634765625,159.61599731445312,159.66299438476562,0.0
2026-08-18 06:00:00+00:00,159.656005859375,159.70700073242188,159.64300537109375,159.69700622558594,0.0
2026-08-18 06:05:00+00:00,159.69400024414062,159.72999572753906,159.68699645996094,159.7100067138672,0.0
2026-08-18 06:10:00+00:00,159.70399475097656,159.71200561523438,159.6699981689453,159.68499755859375,0.0
2026-08-18 06:15:00+00:00,159.68299865722656,159.73800659179688,159.68099975585938,159.71800231933594,0.0
2026-08-18 06:20:00+00:00,159.71800231933594,159.7740020751953,159.7169952392578,159.73800659179688,0.0
2026-08-18 06:25:00+00:00,159.74200439453125,159.75599670410156,159.70799255371094,159.71800231933594,0.0
2026-08-18 06:30:00+00:00,159.71800231933594,159.74899291992188,159.69500732421875,159.7429962158203,0.0
2026-08-18 06:35:00+00:00,159.7469940185547,159.7790069580078,159.74400329589844,159.76600646972656,0.0
2026-08-18 06:40:00+00:00,159.76699829101562,159.77099609375,159.73899841308594,159.74000549316406,0.0
2026-08-18 06:45:00+00:00,159.7449951171875,159.75999450683594,159.73199462890625,159.74099731445312,0.0
2026-08-18 06:50:00+00:00,159.74099731445312,159.77200317382812,159.73899841308594,159.7519989013672,0.0
2026-08-18 06:55:00+00:00,159.7519989013672,159.76699829101562,159.70899963378906,159.71600341796875,0.0
2026-08-18 07:00:00+00:00,159.71800231933594,159.73800659179688,159.6820068359375,159.69200134277344,0.0
2026-08-18 07:05:00+00:00,159.697998046875,159.73699951171875,159.69000244140625,159.70799255371094,0.0
2026-08-18 07:10:00+00:00,159.71099853515625,159.7469940185547,159.70799255371094,159.73699951171875,0.0
2026-08-18 07:15:00+00:00,159.73699951171875,159.76199340820312,159.73300170898438,159.74899291992188,0.0
2026-08-18 07:20:00+00:00,159.74400329589844,159.76100158691406,159.70399475097656,159.71099853515625,0.0
2026-08-18 07:25:00+00:00,159.70700073242188,159.73699951171875,159.697998046875,159.72799682617188,0.0
2026-08-18 07:30:00+00:00,159.72799682617188,159.75399780273438,159.71600341796875,159.7449951171875,0.0
2026-08-18 07:35:00+00:00,159.7449951171875,159.7519989013672,159.7050018310547,159.7169952392578,0.0
2026-08-18 07:40:00+00:00,159.70899963378906,159.7270050048828,159.7030029296875,159.71200561523438,0.0
2026-08-18 07:45:00+00:00,159.70599365234375,159.71099853515625,159.6840057373047,159.68600463867188,0.0
2026-08-18 07:50:00+00:00,159.68600463867188,159.7209930419922,159.6719970703125,159.697998046875,0.0
2026-08-18 07:55:00+00:00,159.697998046875,159.7220001220703,159.69000244140625,159.7169952392578,0.0
2026-08-18 08:00:00+00:00,159.7220001220703,159.72799682617188,159.70700073242188,159.7169952392578,0.0
2026-08-18 08:05:00+00:00,159.718994140625,159.73199462890625,159.70799255371094,159.7100067138672,0.0
2026-08-18 08:10:00+00:00,159.71099853515625,159.7239990234375,159.697998046875,159.718994140625,0.0
2026-08-18 08:15:00+00:00,159.71800231933594,159.73300170898438,159.71499633789062,159.7220001220703,0.0
2026-08-18 08:20:00+00:00,159.718994140625,159.73399353027344,159.7169952392578,159.72300720214844,0.0
2026-08-18 08:25:00+00:00,159.72300720214844,159.73599243164062,159.71800231933594,159.72500610351562,0.0
2026-08-18 08:30:00+00:00,159.72500610351562,159.74400329589844,159.70399475097656,159.71099853515625,0.0
2026-08-18 08:35:00+00:00,159.71099853515625,159.718994140625,159.6790008544922,159.68899536132812,0.0
2026-08-18 08:40:00+00:00,159.68600463867188,159.69200134277344,159.64199829101562,159.64700317382812,0.0
2026-08-18 08:45:00+00:00,159.64300537109375,159.6699981689453,159.63099670410156,159.64999389648438,0.0
2026-08-18 08:50:00+00:00,159.64999389648438,159.6719970703125,159.64700317382812,159.65899658203125,0.0
2026-08-18 08:55:00+00:00,159.66000366210938,159.6739959716797,159.6269989013672,159.6649932861328,0.0
2026-08-18 09:00:00+00:00,159.66799926757812,159.69400024414062,159.6649932861328,159.6790008544922,0.0
2026-08-18 09:05:00+00:00,159.67100524902344,159.68099975585938,159.65899658203125,159.66700744628906,0.0
2026-08-18 09:10:00+00:00,159.66700744628906,159.68099975585938,159.65899658203125,159.66700744628906,0.0
2026-08-18 09:15:00+00:00,159.66200256347656,159.6820068359375,159.63299560546875,159.63800048828125,0.0
2026-08-18 09:20:00+00:00,159.63299560546875,159.6490020751953,159.6219940185547,159.63600158691406,0.0
2026-08-18 09:25:00+00:00,159.6280059814453,159.63699340820312,159.60000610351562,159.61300659179688,0.0
2026-08-18 09:30:00+00:00,159.60899353027344,159.62399291992188,159.58099365234375,159.60800170898438,0.0
2026-08-18 09:35:00+00:00,159.60800170898438,159.62600708007812,159.58700561523438,159.60499572753906,0.0
2026-08-18 09:40:00+00:00,159.60400390625,159.63299560546875,159.59800720214844,159.61599731445312,0.0
2026-08-18 09:45:00+00:00,159.61399841308594,159.625,159.6060028076172,159.60899353027344,0.0
2026-08-18 09:50:00+00:00,159.61700439453125,159.6280059814453,159.6060028076172,159.60800170898438,0.0
2026-08-18 09:55:00+00:00,159.60800170898438,159.6179962158203,159.5850067138672,159.60400390625,0.0
2026-08-18 10:00:00+00:00,159.60400390625,159.61700439453125,159.5970001220703,159.61000061035156,0.0
2026-08-18 10:05:00+00:00,159.60899353027344,159.6300048828125,159.59800720214844,159.62600708007812,0.0
2026-08-18 10:10:00+00:00,159.6219940185547,159.6739959716797,159.6219940185547,159.6739959716797,0.0
2026-08-18 10:15:00+00:00,159.66700744628906,159.6820068359375,159.656005859375,159.6580047607422,0.0
2026-08-18 10:20:00+00:00,159.6580047607422,159.6929931640625,159.6580047607422,159.6929931640625,0.0
2026-08-18 10:25:00+00:00,159.68499755859375,159.70599365234375,159.66700744628906,159.6719970703125,0.0
2026-08-18 10:30:00+00:00,159.6719970703125,159.69000244140625,159.66200256347656,159.66900634765625,0.0
2026-08-18 10:35:00+00:00,159.67100524902344,159.68299865722656,159.64700317382812,159.64999389648438,0.0
2026-08-18 10:40:00+00:00,159.64999389648438,159.68299865722656,159.64599609375,159.6790008544922,0.0
2026-08-18 10:45:00+00:00,159.67799377441406,159.68600463867188,159.66700744628906,159.67599487304688,0.0
2026-08-18 10:50:00+00:00,159.6739959716797,159.71499633789062,159.6739959716797,159.70700073242188,0.0
2026-08-18 10:55:00+00:00,159.7010040283203,159.7100067138672,159.68800354003906,159.70599365234375,0.0
2026-08-18 11:00:00+00:00,159.70199584960938,159.7239990234375,159.69700622558594,159.71499633789062,0.0
2026-08-18 11:05:00+00:00,159.71499633789062,159.73800659179688,159.71400451660156,159.718994140625,0.0
2026-08-18 11:10:00+00:00,159.72000122070312,159.73500061035156,159.71499633789062,159.7209930419922,0.0
2026-08-18 11:15:00+00:00,159.7220001220703,159.73699951171875,159.71400451660156,159.7169952392578,0.0
2026-08-18 11:20:00+00:00,159.71800231933594,159.74200439453125,159.71600341796875,159.7239990234375,0.0
2026-08-18 11:25:00+00:00,159.7270050048828,159.74099731445312,159.7220001220703,159.73399353027344,0.0
2026-08-18 11:30:00+00:00,159.74000549316406,159.7449951171875,159.7239990234375,159.73899841308594,0.0
2026-08-18 11:35:00+00:00,159.73300170898438,159.73800659179688,159.69700622558594,159.71499633789062,0.0
2026-08-18 11:40:00+00:00,159.71800231933594,159.73300170898438,159.70599365234375,159.7209930419922,0.0
2026-08-18 11:45:00+00:00,159.71499633789062,159.73199462890625,159.70700073242188,159.718994140625,0.0
2026-08-18 11:50:00+00:00,159.718994140625,159.72300720214844,159.7050018310547,159.70799255371094,0.0
2026-08-18 11:55:00+00:00,159.70599365234375,159.71299743652344,159.68800354003906,159.69400024414062,0.0
2026-08-18 12:00:00+00:00,159.69900512695312,159.7100067138672,159.65199279785156,159.66600036621094,0.0
2026-08-18 12:05:00+00:00,159.66299438476562,159.69900512695312,159.6580047607422,159.69000244140625,0.0
2026-08-18 12:10:00+00:00,159.68800354003906,159.697998046875,159.66299438476562,159.67100524902344,0.0
2026-08-18 12:15:00+00:00,159.66400146484375,159.6840057373047,159.65199279785156,159.66099548339844,0.0
2026-08-18 12:20:00+00:00,159.66400146484375,159.66799926757812,159.63299560546875,159.66200256347656,0.0
2026-08-18 12:25:00+00:00,159.65699768066406,159.677001953125,159.6439971923828,159.66200256347656,0.0
2026-08-18 12:30:00+00:00,159.6750030517578,159.6959991455078,159.6320037841797,159.6820068359375,0.0
2026-08-18 12:35:00+00:00,159.68499755859375,159.71600341796875,159.6739959716797,159.70399475097656,0.0
2026-08-18 12:40:00+00:00,159.70799255371094,159.7209930419922,159.6719970703125,159.67300415039062,0.0
2026-08-18 12:45:00+00:00,159.67599487304688,159.69000244140625,159.6580047607422,159.66400146484375,0.0
2026-08-18 12:50:00+00:00,159.65899658203125,159.677001953125,159.6490020751953,159.66099548339844,0.0
2026-08-18 12:55:00+00:00,159.66099548339844,159.66900634765625,159.63400268554688,159.66400146484375,0.0
2026-08-18 13:00:00+00:00,159.66299438476562,159.66799926757812,159.61199951171875,159.62100219726562,0.0
2026-08-18 13:05:00+00:00,159.6269989013672,159.65499877929688,159.62100219726562,159.63099670410156,0.0
2026-08-18 13:10:00+00:00,159.63800048828125,159.64100646972656,159.61399841308594,159.6280059814453,0.0
2026-08-18 13:15:00+00:00,159.625,159.66600036621094,159.61900329589844,159.66000366210938,0.0
2026-08-18 13:20:00+00:00,159.6580047607422,159.66900634765625,159.63699340820312,159.6580047607422,0.0
2026-08-18 13:25:00+00:00,159.65899658203125,159.67599487304688,159.64599609375,159.65899658203125,0.0
2026-08-18 13:30:00+00:00,159.65899658203125,159.72300720214844,159.6020050048828,159.61099243164062,0.0
2026-08-18 13:35:00+00:00,159.60800170898438,159.6280059814453,159.55999755859375,159.5760040283203,0.0
2026-08-18 13:40:00+00:00,159.5749969482422,159.62600708007812,159.55999755859375,159.62100219726562,0.0
2026-08-18 13:45:00+00:00,159.61700439453125,159.6230010986328,159.5679931640625,159.58700561523438,0.0
2026-08-18 13:50:00+00:00,159.58799743652344,159.61300659179688,159.57200622558594,159.5989990234375,0.0
2026-08-18 13:55:00+00:00,159.5989990234375,159.60699462890625,159.5659942626953,159.57200622558594,0.0
2026-08-18 14:00:00+00:00,159.5800018310547,159.5800018310547,159.5260009765625,159.5260009765625,0.0
2026-08-18 14:05:00+00:00,159.5260009765625,159.53599548339844,159.4739990234375,159.4969940185547,0.0
2026-08-18 14:10:00+00:00,159.4969940185547,159.53900146484375,159.49600219726562,159.53500366210938,0.0
2026-08-18 14:15:00+00:00,159.531005859375,159.5399932861328,159.4810028076172,159.5070037841797,0.0
2026-08-18 14:20:00+00:00,159.5,159.52000427246094,159.44900512695312,159.45700073242188,0.0
2026-08-18 14:25:00+00:00,159.46099853515625,159.49600219726562,159.44200134277344,159.47900390625,0.0
2026-08-18 14:30:00+00:00,159.4739990234375,159.5279998779297,159.47300720214844,159.50799560546875,0.0
2026-08-18 14:35:00+00:00,159.51300048828125,159.5540008544922,159.50599670410156,159.5449981689453,0.0
2026-08-18 14:40:00+00:00,159.5399932861328,159.5500030517578,159.4949951171875,159.50900268554688,0.0
2026-08-18 14:45:00+00:00,159.50900268554688,159.53599548339844,159.49000549316406,159.50599670410156,0.0
2026-08-18 14:50:00+00:00,159.5030059814453,159.54400634765625,159.42300415039062,159.5279998779297,0.0
2026-08-18 14:55:00+00:00,159.5240020751953,159.56900024414062,159.4929962158203,159.5500030517578,0.0
2026-08-18 15:00:00+00:00,159.5489959716797,159.5659942626953,159.48800659179688,159.49899291992188,0.0
2026-08-18 15:05:00+00:00,159.5,159.56399536132812,159.49600219726562,159.56199645996094,0.0
2026-08-18 15:10:00+00:00,159.56300354003906,159.60899353027344,159.5449981689453,159.60400390625,0.0
2026-08-18 15:15:00+00:00,159.60400390625,159.61700439453125,159.5709991455078,159.58200073242188,0.0
2026-08-18 15:20:00+00:00,159.5780029296875,159.61599731445312,159.5489959716797,159.61000061035156,0.0
2026-08-18 15:25:00+00:00,159.61500549316406,159.6269989013672,159.6009979248047,159.61700439453125,0.0
2026-08-18 15:30:00+00:00,159.61099243164062,159.64599609375,159.60699462890625,159.61099243164062,0.0
2026-08-18 15:35:00+00:00,159.61099243164062,159.61599731445312,159.58599853515625,159.59800720214844,0.0
2026-08-18 15:40:00+00:00,159.5970001220703,159.60800170898438,159.57400512695312,159.5970001220703,0.0
2026-08-18 15:45:00+00:00,159.5959930419922,159.60000610351562,159.54800415039062,159.54800415039062,0.0
2026-08-18 15:50:00+00:00,159.54800415039062,159.5749969482422,159.53399658203125,159.56300354003906,0.0
2026-08-18 15:55:00+00:00,159.5709991455078,159.59800720214844,159.56500244140625,159.5959930419922,0.0
2026-08-18 16:00:00+00:00,159.59300231933594,159.5959930419922,159.56300354003906,159.57899475097656,0.0
2026-08-18 16:05:00+00:00,159.5780029296875,159.58999633789062,159.55499267578125,159.55999755859375,0.0
2026-08-18 16:10:00+00:00,159.55999755859375,159.572998046875,159.54600524902344,159.5590057373047,0.0
2026-08-18 16:15:00+00:00,159.5590057373047,159.5760040283203,159.5500030517578,159.56300354003906,0.0
2026-08-18 16:20:00+00:00,159.56100463867188,159.5659942626953,159.53599548339844,159.55499267578125,0.0
2026-08-18 16:25:00+00:00,159.55499267578125,159.60499572753906,159.5489959716797,159.593994140625,0.0
2026-08-18 16:30:00+00:00,159.593994140625,159.625,159.59100341796875,159.61900329589844,0.0
2026-08-18 16:35:00+00:00,159.61900329589844,159.63900756835938,159.6020050048828,159.61199951171875,0.0
2026-08-18 16:40:00+00:00,159.61099243164062,159.61300659179688,159.56900024414062,159.572998046875,0.0
2026-08-18 16:45:00+00:00,159.57400512695312,159.58700561523438,159.5590057373047,159.5679931640625,0.0
2026-08-18 16:50:00+00:00,159.56500244140625,159.58200073242188,159.5540008544922,159.56100463867188,0.0
2026-08-18 16:55:00+00:00,159.56199645996094,159.59100341796875,159.55799865722656,159.56700134277344,0.0
2026-08-18 17:00:00+00:00,159.5709991455078,159.58700561523438,159.5570068359375,159.5780029296875,0.0
2026-08-18 17:05:00+00:00,159.5760040283203,159.60299682617188,159.57200622558594,159.58399963378906,0.0
2026-08-18 17:10:00+00:00,159.58399963378906,159.6009979248047,159.58299255371094,159.5959930419922,0.0
2026-08-18 17:15:00+00:00,159.60000610351562,159.61000061035156,159.5919952392578,159.6009979248047,0.0
2026-08-18 17:20:00+00:00,159.6060028076172,159.60800170898438,159.58200073242188,159.5970001220703,0.0
2026-08-18 17:25:00+00:00,159.5970001220703,159.61199951171875,159.5919952392578,159.593994140625,0.0
2026-08-18 17:30:00+00:00,159.593994140625,159.63800048828125,159.59300231933594,159.6020050048828,0.0
2026-08-18 17:35:00+00:00,159.60400390625,159.625,159.6009979248047,159.60699462890625,0.0
2026-08-18 17:40:00+00:00,159.61300659179688,159.62100219726562,159.5970001220703,159.61099243164062,0.0
2026-08-18 17:45:00+00:00,159.60800170898438,159.61399841308594,159.5970001220703,159.60699462890625,0.0
2026-08-18 17:50:00+00:00,159.60499572753906,159.6219940185547,159.5970001220703,159.61199951171875,0.0
2026-08-18 17:55:00+00:00,159.61399841308594,159.62100219726562,159.59300231933594,159.59800720214844,0.0
2026-08-18 18:00:00+00:00,159.5959930419922,159.61500549316406,159.5959930419922,159.60400390625,0.0
2026-08-18 18:05:00+00:00,159.60299682617188,159.61199951171875,159.58399963378906,159.58900451660156,0.0
2026-08-18 18:10:00+00:00,159.58399963378906,159.6009979248047,159.57400512695312,159.58799743652344,0.0
2026-08-18 18:15:00+00:00,159.58599853515625,159.58900451660156,159.57400512695312,159.5800018310547,0.0
2026-08-18 18:20:00+00:00,159.5800018310547,159.58799743652344,159.5590057373047,159.572998046875,0.0
2026-08-18 18:25:00+00:00,159.57000732421875,159.5919952392578,159.56700134277344,159.58900451660156,0.0
2026-08-18 18:30:00+00:00,159.58399963378906,159.6009979248047,159.58299255371094,159.59300231933594,0.0
2026-08-18 18:35:00+00:00,159.59300231933594,159.62100219726562,159.59100341796875,159.60800170898438,0.0
2026-08-18 18:40:00+00:00,159.60699462890625,159.62899780273438,159.60699462890625,159.6219940185547,0.0
2026-08-18 18:45:00+00:00,159.6199951171875,159.63099670410156,159.60800170898438,159.6179962158203,0.0
2026-08-18 18:50:00+00:00,159.6230010986328,159.6230010986328,159.60699462890625,159.61300659179688,0.0
2026-08-18 18:55:00+00:00,159.61000061035156,159.61500549316406,159.59500122070312,159.60000610351562,0.0
2026-08-18 19:00:00+00:00,159.60299682617188,159.61199951171875,159.59100341796875,159.61099243164062,0.0
2026-08-18 19:05:00+00:00,159.60699462890625,159.6269989013672,159.6060028076172,159.61199951171875,0.0
2026-08-18 19:10:00+00:00,159.61599731445312,159.62100219726562,159.572998046875,159.58999633789062,0.0
2026-08-18 19:15:00+00:00,159.59500122070312,159.60899353027344,159.58200073242188,159.5919952392578,0.0
2026-08-18 19:20:00+00:00,159.5919952392578,159.60400390625,159.5709991455078,159.5850067138672,0.0
2026-08-18 19:25:00+00:00,159.58200073242188,159.61399841308594,159.58200073242188,159.60899353027344,0.0
2026-08-18 19:30:00+00:00,159.6060028076172,159.6219940185547,159.5959930419922,159.6060028076172,0.0
2026-08-18 19:35:00+00:00,159.61000061035156,159.61399841308594,159.59800720214844,159.6060028076172,0.0
2026-08-18 19:40:00+00:00,159.60800170898438,159.61399841308594,159.57400512695312,159.6060028076172,0.0
2026-08-18 19:45:00+00:00,159.6009979248047,159.6199951171875,159.58999633789062,159.61000061035156,0.0
2026-08-18 19:50:00+00:00,159.60800170898438,159.63099670410156,159.6060028076172,159.62399291992188,0.0
2026-08-18 19:55:00+00:00,159.625,159.6490020751953,159.6219940185547,159.63600158691406,0.0
2026-08-18 20:00:00+00:00,159.64300537109375,159.66099548339844,159.63499450683594,159.6540069580078,0.0
2026-08-18 20:05:00+00:00,159.6540069580078,159.6750030517578,159.6510009765625,159.66799926757812,0.0
2026-08-18 20:10:00+00:00,159.6699981689453,159.6719970703125,159.64700317382812,159.64700317382812,0.0
2026-08-18 20:15:00+00:00,159.64700317382812,159.66099548339844,159.64500427246094,159.64999389648438,0.0
2026-08-18 20:20:00+00:00,159.6510009765625,159.66000366210938,159.64500427246094,159.65199279785156,0.0
2026-08-18 20:25:00+00:00,159.6540069580078,159.66000366210938,159.63999938964844,159.64999389648438,0.0
2026-08-18 20:30:00+00:00,159.64700317382812,159.65699768066406,159.63900756835938,159.64700317382812,0.0
2026-08-18 20:35:00+00:00,159.64199829101562,159.6540069580078,159.63699340820312,159.6439971923828,0.0
2026-08-18 20:40:00+00:00,159.6510009765625,159.656005859375,159.64100646972656,159.6510009765625,0.0
2026-08-18 20:45:00+00:00,159.6479949951172,159.66299438476562,159.6320037841797,159.63699340820312,0.0
2026-08-18 20:50:00+00:00,159.63699340820312,159.65199279785156,159.63600158691406,159.63699340820312,0.0
2026-08-18 20:55:00+00:00,159.63900756835938,159.64700317382812,159.58399963378906,159.5959930419922,0.0
2026-08-18 21:00:00+00:00,159.5919952392578,159.61500549316406,159.468994140625,159.59800720214844,0.0
2026-08-18 21:05:00+00:00,159.59800720214844,159.61300659179688,159.58900451660156,159.58900451660156,0.0
2026-08-18 21:10:00+00:00,159.58900451660156,159.61500549316406,159.58700561523438,159.6009979248047,0.0
2026-08-18 21:15:00+00:00,159.60299682617188,159.62100219726562,159.59500122070312,159.60299682617188,0.0
2026-08-18 21:20:00+00:00,159.6009979248047,159.62100219726562,159.5959930419922,159.5959930419922,0.0
2026-08-18 21:25:00+00:00,159.6020050048828,159.6179962158203,159.5959930419922,159.59800720214844,0.0
2026-08-18 21:30:00+00:00,159.60800170898438,159.61900329589844,159.5959930419922,159.61000061035156,0.0
2026-08-18 21:35:00+00:00,159.60299682617188,159.61300659179688,159.54299926757812,159.55499267578125,0.0
2026-08-18 21:40:00+00:00,159.55599975585938,159.59100341796875,159.54400634765625,159.5540008544922,0.0
2026-08-18 21:45:00+00:00,159.55499267578125,159.5749969482422,159.54400634765625,159.56900024414062,0.0
2026-08-18 21:50:00+00:00,159.57200622558594,159.58299255371094,159.55499267578125,159.57699584960938,0.0
2026-08-18 21:55:00+00:00,159.57000732421875,159.58900451660156,159.55499267578125,159.58099365234375,0.0
2026-08-18 22:00:00+00:00,159.57699584960938,159.61900329589844,159.5540008544922,159.58200073242188,0.0
2026-08-18 22:05:00+00:00,159.57699584960938,159.59300231933594,159.5760040283203,159.58799743652344,0.0
2026-08-18 22:10:00+00:00,159.58700561523438,159.64500427246094,159.5800018310547,159.63900756835938,0.0
2026-08-18 22:15:00+00:00,159.64199829101562,159.64300537109375,159.60800170898438,159.62399291992188,0.0
2026-08-18 22:20:00+00:00,159.61099243164062,159.62899780273438,159.61000061035156,159.62100219726562,0.0
2026-08-18 22:25:00+00:00,159.62600708007812,159.63499450683594,159.61300659179688,159.62100219726562,0.0
2026-08-18 22:30:00+00:00,159.62600708007812,159.63400268554688,159.5970001220703,159.60400390625,0.0
2026-08-18 22:35:00+00:00,159.6020050048828,159.61700439453125,159.58099365234375,159.6020050048828,0.0
2026-08-18 22:40:00+00:00,159.59500122070312,159.61399841308594,159.5919952392578,159.6020050048828,0.0
2026-08-18 22:45:00+00:00,159.6020050048828,159.62100219726562,159.5850067138672,159.5850067138672,0.0
2026-08-18 22:50:00+00:00,159.5850067138672,159.5989990234375,159.58299255371094,159.58799743652344,0.0
2026-08-18 22:55:00+00:00,159.58900451660156,159.5970001220703,159.58299255371094,159.58900451660156,0.0
2026-08-18 23:00:00+00:00,159.58299255371094,159.59500122070312,159.53599548339844,159.5449981689453,0.0
2026-08-18 23:05:00+00:00,159.5449981689453,159.56900024414062,159.54400634765625,159.55799865722656,0.0
2026-08-18 23:10:00+00:00,159.5540008544922,159.5659942626953,159.531005859375,159.56500244140625,0.0
2026-08-18 23:15:00+00:00,159.56100463867188,159.5709991455078,159.5489959716797,159.5679931640625,0.0
2026-08-18 23:20:00+00:00,159.5590057373047,159.56900024414062,159.5489959716797,159.55099487304688,0.0
2026-08-18 23:25:00+00:00,159.55099487304688,159.58799743652344,159.5500030517578,159.57699584960938,0.0
2026-08-18 23:30:00+00:00,159.57699584960938,159.5850067138672,159.55099487304688,159.5709991455078,0.0
2026-08-18 23:35:00+00:00,159.57000732421875,159.60800170898438,159.57000732421875,159.5959930419922,0.0
2026-08-18 23:40:00+00:00,159.5959930419922,159.6060028076172,159.5850067138672,159.593994140625,0.0
2026-08-18 23:45:00+00:00,159.59500122070312,159.60899353027344,159.58099365234375,159.58700561523438,0.0
2026-08-18 23:50:00+00:00,159.58700561523438,159.59500122070312,159.5540008544922,159.55999755859375,0.0
2026-08-18 23:55:00+00:00,159.55999755859375,159.57899475097656,159.53500366210938,159.5500030517578,0.0
2026-08-19 00:00:00+00:00,159.5500030517578,159.55299377441406,159.45599365234375,159.48399353027344,0.0
2026-08-19 00:05:00+00:00,159.48300170898438,159.5050048828125,159.45199584960938,159.47999572753906,0.0
2026-08-19 00:10:00+00:00,159.48699951171875,159.4949951171875,159.427001953125,159.44500732421875,0.0
2026-08-19 00:15:00+00:00,159.4459991455078,159.47000122070312,159.42799377441406,159.46299743652344,0.0
2026-08-19 00:20:00+00:00,159.46099853515625,159.49200439453125,159.45599365234375,159.468994140625,0.0
2026-08-19 00:25:00+00:00,159.4669952392578,159.5050048828125,159.45700073242188,159.49000549316406,0.0
2026-08-19 00:30:00+00:00,159.49899291992188,159.53500366210938,159.4739990234375,159.4949951171875,0.0
2026-08-19 00:35:00+00:00,159.49899291992188,159.51100158691406,159.4459991455078,159.45899963378906,0.0
2026-08-19 00:40:00+00:00,159.45799255371094,159.48199462890625,159.4340057373047,159.4759979248047,0.0
2026-08-19 00:45:00+00:00,159.46600341796875,159.48300170898438,159.4510040283203,159.4600067138672,0.0
2026-08-19 00:50:00+00:00,159.46299743652344,159.47300720214844,159.38499450683594,159.43299865722656,0.0
2026-08-19 00:55:00+00:00,159.43899536132812,159.47900390625,159.406005859375,159.46200561523438,0.0
2026-08-19 01:00:00+00:00,159.45599365234375,159.5050048828125,159.447998046875,159.4810028076172,0.0
2026-08-19 01:05:00+00:00,159.47900390625,159.49899291992188,159.45399475097656,159.468994140625,0.0
2026-08-19 01:10:00+00:00,159.47000122070312,159.50599670410156,159.46400451660156,159.50100708007812,0.0
2026-08-19 01:15:00+00:00,159.49099731445312,159.5229949951172,159.4810028076172,159.48399353027344,0.0
2026-08-19 01:20:00+00:00,159.48300170898438,159.51300048828125,159.4759979248047,159.50599670410156,0.0
2026-08-19 01:25:00+00:00,159.49899291992188,159.52499389648438,159.48399353027344,159.5019989013672,0.0
2026-08-19 01:30:00+00:00,159.50100708007812,159.5019989013672,159.46299743652344,159.48399353027344,0.0
2026-08-19 01:35:00+00:00,159.4770050048828,159.48599243164062,159.447998046875,159.44900512695312,0.0
2026-08-19 01:40:00+00:00,159.44900512695312,159.46400451660156,159.43600463867188,159.46299743652344,0.0
2026-08-19 01:45:00+00:00,159.46400451660156,159.47900390625,159.44900512695312,159.47500610351562,0.0
2026-08-19 01:50:00+00:00,159.4739990234375,159.49200439453125,159.46400451660156,159.48300170898438,0.0
2026-08-19 01:55:00+00:00,159.4759979248047,159.48599243164062,159.43800354003906,159.447998046875,0.0
2026-08-19 02:00:00+00:00,159.4459991455078,159.4709930419922,159.43800354003906,159.44700622558594,0.0
2026-08-19 02:05:00+00:00,159.44500732421875,159.45199584960938,159.39999389648438,159.40499877929688,0.0
2026-08-19 02:10:00+00:00,159.40199279785156,159.4250030517578,159.3820037841797,159.3990020751953,0.0
2026-08-19 02:15:00+00:00,159.39700317382812,159.4199981689453,159.33599853515625,159.3560028076172,0.0
2026-08-19 02:20:00+00:00,159.35400390625,159.37399291992188,159.3070068359375,159.33299255371094,0.0
2026-08-19 02:25:00+00:00,159.33299255371094,159.37600708007812,159.3300018310547,159.36500549316406,0.0
2026-08-19 02:30:00+00:00,159.36500549316406,159.4029998779297,159.34300231933594,159.40199279785156,0.0
2026-08-19 02:35:00+00:00,159.40199279785156,159.40199279785156,159.34300231933594,159.3489990234375,0.0
2026-08-19 02:40:00+00:00,159.3489990234375,159.36300659179688,159.28599548339844,159.31100463867188,0.0
2026-08-19 02:45:00+00:00,159.31300354003906,159.3350067138672,159.2899932861328,159.3249969482422,0.0
2026-08-19 02:50:00+00:00,159.3249969482422,159.375,159.32400512695312,159.36700439453125,0.0
2026-08-19 02:55:00+00:00,159.36000061035156,159.37600708007812,159.3520050048828,159.36399841308594,0.0
2026-08-19 03:00:00+00:00,159.36500549316406,159.3730010986328,159.33099365234375,159.35899353027344,0.0
2026-08-19 03:05:00+00:00,159.35899353027344,159.39300537109375,159.35899353027344,159.3780059814453,0.0
2026-08-19 03:10:00+00:00,159.3780059814453,159.3990020751953,159.35899353027344,159.38499450683594,0.0
2026-08-19 03:15:00+00:00,159.38299560546875,159.38900756835938,159.3699951171875,159.37899780273438,0.0
2026-08-19 03:20:00+00:00,159.3820037841797,159.39599609375,159.3679962158203,159.3780059814453,0.0
2026-08-19 03:25:00+00:00,159.3769989013672,159.38999938964844,159.36700439453125,159.38699340820312,0.0
2026-08-19 03:30:00+00:00,159.3820037841797,159.43099975585938,159.3699951171875,159.41200256347656,0.0
2026-08-19 03:35:00+00:00,159.40899658203125,159.4429931640625,159.40699768066406,159.42999267578125,0.0
2026-08-19 03:40:00+00:00,159.43699645996094,159.4409942626953,159.406005859375,159.40899658203125,0.0
2026-08-19 03:45:00+00:00,159.406005859375,159.42599487304688,159.4040069580078,159.41600036621094,0.0
2026-08-19 03:50:00+00:00,159.41600036621094,159.42599487304688,159.4080047607422,159.41799926757812,0.0
2026-08-19 03:55:00+00:00,159.41799926757812,159.43499755859375,159.41700744628906,159.4199981689453,0.0
2026-08-19 04:00:00+00:00,159.4199981689453,159.4250030517578,159.4029998779297,159.41299438476562,0.0
2026-08-19 04:05:00+00:00,159.41900634765625,159.4219970703125,159.4080047607422,159.40899658203125,0.0
2026-08-19 04:10:00+00:00,159.41299438476562,159.41799926757812,159.38099670410156,159.38299560546875,0.0
2026-08-19 04:15:00+00:00,159.38299560546875,159.3990020751953,159.37899780273438,159.38099670410156,0.0
2026-08-19 04:20:00+00:00,159.38400268554688,159.38999938964844,159.35000610351562,159.36099243164062,0.0
2026-08-19 04:25:00+00:00,159.3560028076172,159.37399291992188,159.34300231933594,159.34500122070312,0.0
2026-08-19 04:30:00+00:00,159.34800720214844,159.3520050048828,159.2310028076172,159.31500244140625,0.0
2026-08-19 04:35:00+00:00,159.3209991455078,159.3509979248047,159.31399536132812,159.35000610351562,0.0
2026-08-19 04:40:00+00:00,159.34100341796875,159.3780059814453,159.33999633789062,159.36300659179688,0.0
2026-08-19 04:45:00+00:00,159.35699462890625,159.36399841308594,159.3040008544922,159.30999755859375,0.0
2026-08-19 04:50:00+00:00,159.30799865722656,159.32899475097656,159.29600524902344,159.31700134277344,0.0
2026-08-19 04:55:00+00:00,159.31700134277344,159.34100341796875,159.29100036621094,159.3260040283203,0.0
2026-08-19 05:00:00+00:00,159.3260040283203,159.33200073242188,159.28399658203125,159.29400634765625,0.0
2026-08-19 05:05:00+00:00,159.29400634765625,159.3209991455078,159.29400634765625,159.3000030517578,0.0
2026-08-19 05:10:00+00:00,159.302001953125,159.3280029296875,159.29600524902344,159.2969970703125,0.0
2026-08-19 05:15:00+00:00,159.30499267578125,159.30599975585938,159.23399353027344,159.25900268554688,0.0
2026-08-19 05:20:00+00:00,159.2570037841797,159.27999877929688,159.24000549316406,159.2449951171875,0.0
2026-08-19 05:25:00+00:00,159.2449951171875,159.29299926757812,159.24400329589844,159.27200317382812,0.0
2026-08-19 05:30:00+00:00,159.27099609375,159.27699279785156,159.20399475097656,159.21400451660156,0.0
2026-08-19 05:35:00+00:00,159.21299743652344,159.25799560546875,159.21099853515625,159.23599243164062,0.0
2026-08-19 05:40:00+00:00,159.22999572753906,159.26300048828125,159.2239990234375,159.25,0.0
2026-08-19 05:45:00+00:00,159.25399780273438,159.2689971923828,159.21499633789062,159.24099731445312,0.0
2026-08-19 05:50:00+00:00,159.24200439453125,159.30499267578125,159.23899841308594,159.2989959716797,0.0
2026-08-19 05:55:00+00:00,159.29600524902344,159.32699584960938,159.281005859375,159.2949981689453,0.0
2026-08-19 06:00:00+00:00,159.2899932861328,159.2969970703125,159.23899841308594,159.2570037841797,0.0
2026-08-19 06:05:00+00:00,159.26300048828125,159.26800537109375,159.22500610351562,159.22999572753906,0.0
2026-08-19 06:10:00+00:00,159.23800659179688,159.2429962158203,159.2010040283203,159.2429962158203,0.0
2026-08-19 06:15:00+00:00,159.23599243164062,159.2429962158203,159.18899536132812,159.20399475097656,0.0
2026-08-19 06:20:00+00:00,159.20399475097656,159.21499633789062,159.14700317382812,159.1820068359375,0.0
2026-08-19 06:25:00+00:00,159.177001953125,159.18600463867188,159.1479949951172,159.1510009765625,0.0
2026-08-19 06:30:00+00:00,159.1540069580078,159.177001953125,159.11099243164062,159.1439971923828,0.0
2026-08-19 06:35:00+00:00,159.1479949951172,159.16200256347656,159.11900329589844,159.156005859375,0.0
2026-08-19 06:40:00+00:00,159.16000366210938,159.21099853515625,159.1439971923828,159.20700073242188,0.0
2026-08-19 06:45:00+00:00,159.2100067138672,159.2550048828125,159.1909942626953,159.24000549316406,0.0
2026-08-19 06:50:00+00:00,159.24200439453125,159.2469940185547,159.20799255371094,159.22500610351562,0.0
2026-08-19 06:55:00+00:00,159.22500610351562,159.2550048828125,159.21400451660156,159.23899841308594,0.0
2026-08-19 07:00:00+00:00,159.24400329589844,159.25100708007812,159.1929931640625,159.2100067138672,0.0
2026-08-19 07:05:00+00:00,159.2100067138672,159.2169952392578,159.16200256347656,159.18299865722656,0.0
2026-08-19 07:10:00+00:00,159.18299865722656,159.22300720214844,159.18099975585938,159.21800231933594,0.0
2026-08-19 07:15:00+00:00,159.21800231933594,159.281005859375,159.21499633789062,159.24000549316406,0.0
2026-08-19 07:20:00+00:00,159.24600219726562,159.2550048828125,159.177001953125,159.18600463867188,0.0
2026-08-19 07:25:00+00:00,159.1790008544922,159.20700073242188,159.16799926757812,159.19400024414062,0.0
2026-08-19 07:30:00+00:00,159.19400024414062,159.20599365234375,159.1439971923828,159.14700317382812,0.0
2026-08-19 07:35:00+00:00,159.14999389648438,159.17100524902344,159.1199951171875,159.16600036621094,0.0
2026-08-19 07:40:00+00:00,159.15899658203125,159.17799377441406,159.13400268554688,159.1719970703125,0.0
2026-08-19 07:45:00+00:00,159.16799926757812,159.1929931640625,159.1510009765625,159.19000244140625,0.0
2026-08-19 07:50:00+00:00,159.18899536132812,159.19700622558594,159.13099670410156,159.13400268554688,0.0
2026-08-19 07:55:00+00:00,159.13999938964844,159.19200134277344,159.13400268554688,159.16299438476562,0.0
2026-08-19 08:00:00+00:00,159.16299438476562,159.1820068359375,159.13400268554688,159.1439971923828,0.0
2026-08-19 08:05:00+00:00,159.1439971923828,159.15699768066406,159.08399963378906,159.12399291992188,0.0
2026-08-19 08:10:00+00:00,159.1179962158203,159.13400268554688,159.072998046875,159.0970001220703,0.0
2026-08-19 08:15:00+00:00,159.0970001220703,159.10299682617188,159.0489959716797,159.05499267578125,0.0
2026-08-19 08:20:00+00:00,159.05499267578125,159.08200073242188,159.052001953125,159.0679931640625,0.0
2026-08-19 08:25:00+00:00,159.0679931640625,159.13299560546875,159.0679931640625,159.09800720214844,0.0
2026-08-19 08:30:00+00:00,159.09300231933594,159.11000061035156,159.07899475097656,159.0800018310547,0.0
2026-08-19 08:35:00+00:00,159.08200073242188,159.10899353027344,159.06700134277344,159.08599853515625,0.0
2026-08-19 08:40:00+00:00,159.09100341796875,159.09800720214844,159.0540008544922,159.07000732421875,0.0
2026-08-19 08:45:00+00:00,159.06700134277344,159.09800720214844,159.06500244140625,159.07000732421875,0.0
2026-08-19 08:50:00+00:00,159.0709991455078,159.1479949951172,159.0709991455078,159.13600158691406,0.0
2026-08-19 08:55:00+00:00,159.13099670410156,159.1719970703125,159.1269989013672,159.16200256347656,0.0
2026-08-19 09:00:00+00:00,159.16200256347656,159.2169952392578,159.156005859375,159.16400146484375,0.0
2026-08-19 09:05:00+00:00,159.16400146484375,159.1999969482422,159.15499877929688,159.19200134277344,0.0
2026-08-19 09:10:00+00:00,159.18800354003906,159.23399353027344,159.18800354003906,159.22500610351562,0.0
2026-08-19 09:15:00+00:00,159.23199462890625,159.26600646972656,159.20399475097656,159.2050018310547,0.0
2026-08-19 09:20:00+00:00,159.21099853515625,159.2209930419922,159.15499877929688,159.17799377441406,0.0
2026-08-19 09:25:00+00:00,159.17799377441406,159.2100067138672,159.16600036621094,159.17799377441406,0.0
2026-08-19 09:30:00+00:00,159.17799377441406,159.1840057373047,159.093994140625,159.11399841308594,0.0
2026-08-19 09:35:00+00:00,159.11399841308594,159.15499877929688,159.10299682617188,159.1439971923828,0.0
2026-08-19 09:40:00+00:00,159.13900756835938,159.14700317382812,159.11700439453125,159.1219940185547,0.0
2026-08-19 09:45:00+00:00,159.1219940185547,159.13600158691406,159.0959930419922,159.09800720214844,0.0
2026-08-19 09:50:00+00:00,159.0970001220703,159.11199951171875,159.06500244140625,159.1009979248047,0.0
2026-08-19 09:55:00+00:00,159.09800720214844,159.12399291992188,159.07400512695312,159.08399963378906,0.0
2026-08-19 10:00:00+00:00,159.08399963378906,159.0970001220703,159.05099487304688,159.0760040283203,0.0
2026-08-19 10:05:00+00:00,159.06900024414062,159.11099243164062,159.0659942626953,159.08900451660156,0.0
2026-08-19 10:10:00+00:00,159.08900451660156,159.0959930419922,159.01300048828125,159.0500030517578,0.0
2026-08-19 10:15:00+00:00,159.0449981689453,159.05799865722656,159.02200317382812,159.0240020751953,0.0
2026-08-19 10:20:00+00:00,159.0279998779297,159.052001953125,158.99400329589844,159.02499389648438,0.0
2026-08-19 10:25:00+00:00,159.0290069580078,159.06700134277344,159.01600646972656,159.05299377441406,0.0
2026-08-19 10:30:00+00:00,159.05299377441406,159.08099365234375,159.02200317382812,159.04400634765625,0.0
2026-08-19 10:35:00+00:00,159.05099487304688,159.09100341796875,159.04400634765625,159.08099365234375,0.0
2026-08-19 10:40:00+00:00,159.07899475097656,159.08399963378906,159.0449981689453,159.05599975585938,0.0
2026-08-19 10:45:00+00:00,159.06300354003906,159.06900024414062,159.03199768066406,159.04200744628906,0.0
2026-08-19 10:50:00+00:00,159.04100036621094,159.08099365234375,159.04100036621094,159.0679931640625,0.0
2026-08-19 10:55:00+00:00,159.0679931640625,159.11099243164062,159.0679931640625,159.09500122070312,0.0
2026-08-19 11:00:00+00:00,159.09300231933594,159.1230010986328,159.08099365234375,159.09300231933594,0.0
2026-08-19 11:05:00+00:00,159.09300231933594,159.15899658203125,159.09300231933594,159.1439971923828,0.0
2026-08-19 11:10:00+00:00,159.1439971923828,159.16000366210938,159.11599731445312,159.1219940185547,0.0
2026-08-19 11:15:00+00:00,159.1219940185547,159.1280059814453,159.08399963378906,159.08700561523438,0.0
2026-08-19 11:20:00+00:00,159.08700561523438,159.1219940185547,159.08700561523438,159.10699462890625,0.0
2026-08-19 11:25:00+00:00,159.10400390625,159.11700439453125,159.0919952392578,159.10699462890625,0.0
2026-08-19 11:30:00+00:00,159.10699462890625,159.1269989013672,159.0970001220703,159.09800720214844,0.0
2026-08-19 11:35:00+00:00,159.0970001220703,159.15899658203125,159.0919952392578,159.14500427246094,0.0
2026-08-19 11:40:00+00:00,159.13999938964844,159.18699645996094,159.13900756835938,159.1580047607422,0.0
2026-08-19 11:45:00+00:00,159.16400146484375,159.16600036621094,159.0959930419922,159.10699462890625,0.0
2026-08-19 11:50:00+00:00,159.10899353027344,159.13699340820312,159.10000610351562,159.11700439453125,0.0
2026-08-19 11:55:00+00:00,159.11700439453125,159.14500427246094,159.10800170898438,159.13400268554688,0.0
2026-08-19 12:00:00+00:00,159.14199829101562,159.1540069580078,159.08399963378906,159.0989990234375,0.0
2026-08-19 12:05:00+00:00,159.1060028076172,159.1060028076172,159.0679931640625,159.08799743652344,0.0
2026-08-19 12:10:00+00:00,159.08700561523438,159.11300659179688,159.0800018310547,159.11000061035156,0.0
2026-08-19 12:15:00+00:00,159.10299682617188,159.11199951171875,159.04200744628906,159.05299377441406,0.0
2026-08-19 12:20:00+00:00,159.04299926757812,159.06300354003906,158.92300415039062,158.98599243164062,0.0
2026-08-19 12:25:00+00:00,158.98599243164062,159.05799865722656,158.968994140625,159.0330047607422,0.0
2026-08-19 12:30:00+00:00,159.03199768066406,159.03799438476562,158.67100524902344,158.70599365234375,0.0
2026-08-19 12:35:00+00:00,158.70399475097656,158.79800415039062,158.1540069580078,158.2790069580078,0.0
2026-08-19 12:40:00+00:00,158.27200317382812,158.5749969482422,158.2469940185547,158.44400024414062,0.0
2026-08-19 12:45:00+00:00,158.47500610351562,158.59800720214844,158.36199951171875,158.48800659179688,0.0
2026-08-19 12:50:00+00:00,158.48199462890625,158.593994140625,158.43699645996094,158.46299743652344,0.0
2026-08-19 12:55:00+00:00,158.4720001220703,158.60000610351562,158.42799377441406,158.60000610351562,0.0
2026-08-19 13:00:00+00:00,158.58700561523438,158.6009979248047,158.44900512695312,158.4980010986328,0.0
2026-08-19 13:05:00+00:00,158.49600219726562,158.54100036621094,158.40499877929688,158.40499877929688,0.0
2026-08-19 13:10:00+00:00,158.40199279785156,158.43699645996094,158.31300354003906,158.3820037841797,0.0
2026-08-19 13:15:00+00:00,158.3730010986328,158.44700622558594,158.3470001220703,158.39700317382812,0.0
2026-08-19 13:20:00+00:00,158.38900756835938,158.47300720214844,158.35400390625,158.46299743652344,0.0
2026-08-19 13:25:00+00:00,158.47500610351562,158.53599548339844,158.4040069580078,158.41600036621094,0.0
2026-08-19 13:30:00+00:00,158.4080047607422,158.43800354003906,158.35400390625,158.42100524902344,0.0
2026-08-19 13:35:00+00:00,158.42100524902344,158.52699279785156,158.38900756835938,158.40899658203125,0.0
2026-08-19 13:40:00+00:00,158.40199279785156,158.50999450683594,158.3820037841797,158.4720001220703,0.0
2026-08-19 13:45:00+00:00,158.47300720214844,158.53399658203125,158.40699768066406,158.4510040283203,0.0
2026-08-19 13:50:00+00:00,158.4499969482422,158.52699279785156,158.43099975585938,158.46200561523438,0.0
2026-08-19 13:55:00+00:00,158.4550018310547,158.5189971923828,158.38900756835938,158.4320068359375,0.0
2026-08-19 14:00:00+00:00,158.4340057373047,158.468994140625,158.3719940185547,158.41099548339844,0.0
2026-08-19 14:05:00+00:00,158.41099548339844,158.45199584960938,158.38499450683594,158.4029998779297,0.0
2026-08-19 14:10:00+00:00,158.41099548339844,158.41299438476562,158.25599670410156,158.30299377441406,0.0
2026-08-19 14:15:00+00:00,158.3000030517578,158.32000732421875,158.23800659179688,158.28799438476562,0.0
2026-08-19 14:20:00+00:00,158.29100036621094,158.35899353027344,158.25900268554688,158.3249969482422,0.0
2026-08-19 14:25:00+00:00,158.32699584960938,158.33700561523438,158.26600646972656,158.27999877929688,0.0
2026-08-19 14:30:00+00:00,158.2740020751953,158.28500366210938,158.072998046875,158.14500427246094,0.0
2026-08-19 14:35:00+00:00,158.13699340820312,158.15199279785156,158.03799438476562,158.0489959716797,0.0
2026-08-19 14:40:00+00:00,158.05499267578125,158.16600036621094,158.0469970703125,158.1439971923828,0.0
2026-08-19 14:45:00+00:00,158.14700317382812,158.28399658203125,158.13900756835938,158.2740020751953,0.0
2026-08-19 14:50:00+00:00,158.281005859375,158.3560028076172,158.26600646972656,158.33700561523438,0.0
2026-08-19 14:55:00+00:00,158.33700561523438,158.38499450683594,158.28799438476562,158.343994140625,0.0
2026-08-19 15:00:00+00:00,158.34800720214844,158.46099853515625,158.3419952392578,158.4219970703125,0.0
2026-08-19 15:05:00+00:00,158.427001953125,158.47000122070312,158.38999938964844,158.468994140625,0.0
2026-08-19 15:10:00+00:00,158.46299743652344,158.49099731445312,158.39500427246094,158.39500427246094,0.0
2026-08-19 15:15:00+00:00,158.3939971923828,158.43099975585938,158.35000610351562,158.4080047607422,0.0
2026-08-19 15:20:00+00:00,158.4040069580078,158.4969940185547,158.38699340820312,158.49200439453125,0.0
2026-08-19 15:25:00+00:00,158.48599243164062,158.52499389648438,158.46400451660156,158.4949951171875,0.0
2026-08-19 15:30:00+00:00,158.49000549316406,158.5229949951172,158.43499755859375,158.44500732421875,0.0
2026-08-19 15:35:00+00:00,158.44400024414062,158.45399475097656,158.39999389648438,158.44000244140625,0.0
2026-08-19 15:40:00+00:00,158.44400024414062,158.47799682617188,158.38499450683594,158.39700317382812,0.0
2026-08-19 15:45:00+00:00,158.39700317382812,158.45399475097656,158.37600708007812,158.43099975585938,0.0
2026-08-19 15:50:00+00:00,158.43099975585938,158.48800659179688,158.43099975585938,158.46099853515625,0.0
2026-08-19 15:55:00+00:00,158.46600341796875,158.49400329589844,158.44900512695312,158.4530029296875,0.0
2026-08-19 16:00:00+00:00,158.4499969482422,158.48800659179688,158.41700744628906,158.42100524902344,0.0
2026-08-19 16:05:00+00:00,158.4199981689453,158.50100708007812,158.4080047607422,158.41400146484375,0.0
2026-08-19 16:10:00+00:00,158.4149932861328,158.44000244140625,158.38900756835938,158.40699768066406,0.0
2026-08-19 16:15:00+00:00,158.41200256347656,158.44700622558594,158.39300537109375,158.43899536132812,0.0
2026-08-19 16:20:00+00:00,158.43899536132812,158.4499969482422,158.38900756835938,158.40199279785156,0.0
2026-08-19 16:25:00+00:00,158.40199279785156,158.43600463867188,158.37100219726562,158.41900634765625,0.0
2026-08-19 16:30:00+00:00,158.41099548339844,158.42599487304688,158.38400268554688,158.38900756835938,0.0
2026-08-19 16:35:00+00:00,158.38900756835938,158.41799926757812,158.38699340820312,158.4010009765625,0.0
2026-08-19 16:40:00+00:00,158.40499877929688,158.42799377441406,158.37399291992188,158.3939971923828,0.0
2026-08-19 16:45:00+00:00,158.39300537109375,158.4010009765625,158.343994140625,158.36700439453125,0.0
2026-08-19 16:50:00+00:00,158.3699951171875,158.3699951171875,158.3179931640625,158.343994140625,0.0
2026-08-19 16:55:00+00:00,158.34500122070312,158.39199829101562,158.30999755859375,158.38499450683594,0.0
2026-08-19 17:00:00+00:00,158.3800048828125,158.4219970703125,158.3179931640625,158.40699768066406,0.0
2026-08-19 17:05:00+00:00,158.40899658203125,158.47999572753906,158.4040069580078,158.45599365234375,0.0
2026-08-19 17:10:00+00:00,158.4550018310547,158.50999450683594,158.44900512695312,158.4770050048828,0.0
2026-08-19 17:15:00+00:00,158.4770050048828,158.5189971923828,158.4459991455078,158.4550018310547,0.0
2026-08-19 17:20:00+00:00,158.44900512695312,158.48199462890625,158.4429931640625,158.46800231933594,0.0
2026-08-19 17:25:00+00:00,158.46800231933594,158.51400756835938,158.4669952392578,158.4980010986328,0.0
2026-08-19 17:30:00+00:00,158.49200439453125,158.5290069580078,158.48599243164062,158.50799560546875,0.0
2026-08-19 17:35:00+00:00,158.5030059814453,158.5570068359375,158.5019989013672,158.55299377441406,0.0
2026-08-19 17:40:00+00:00,158.5469970703125,158.55599975585938,158.50599670410156,158.53799438476562,0.0
2026-08-19 17:45:00+00:00,158.54200744628906,158.5800018310547,158.53599548339844,158.57899475097656,0.0
2026-08-19 17:50:00+00:00,158.57400512695312,158.61399841308594,158.5570068359375,158.6020050048828,0.0
2026-08-19 17:55:00+00:00,158.5989990234375,158.61199951171875,158.5709991455078,158.58200073242188,0.0
2026-08-19 18:00:00+00:00,158.58399963378906,158.5970001220703,158.4149932861328,158.42599487304688,0.0
2026-08-19 18:05:00+00:00,158.41799926757812,158.49000549316406,158.38099670410156,158.3990020751953,0.0
2026-08-19 18:10:00+00:00,158.4010009765625,158.41299438476562,158.35400390625,158.3990020751953,0.0
2026-08-19 18:15:00+00:00,158.39199829101562,158.44700622558594,158.38999938964844,158.4080047607422,0.0
2026-08-19 18:20:00+00:00,158.41400146484375,158.49600219726562,158.406005859375,158.47500610351562,0.0
2026-08-19 18:25:00+00:00,158.4759979248047,158.50100708007812,158.4739990234375,158.49099731445312,0.0
2026-08-19 18:30:00+00:00,158.47799682617188,158.49200439453125,158.39999389648438,158.406005859375,0.0
2026-08-19 18:35:00+00:00,158.406005859375,158.41400146484375,158.33700561523438,158.35699462890625,0.0
2026-08-19 18:40:00+00:00,158.35800170898438,158.35899353027344,158.2570037841797,158.32200622558594,0.0
2026-08-19 18:45:00+00:00,158.3209991455078,158.33700561523438,158.27999877929688,158.28700256347656,0.0
2026-08-19 18:50:00+00:00,158.281005859375,158.3280029296875,158.281005859375,158.28599548339844,0.0
2026-08-19 18:55:00+00:00,158.28700256347656,158.32200622558594,158.26199340820312,158.31900024414062,0.0
2026-08-19 19:00:00+00:00,158.31300354003906,158.35400390625,158.31199645996094,158.33799743652344,0.0
2026-08-19 19:05:00+00:00,158.33999633789062,158.3679962158203,158.27099609375,158.27999877929688,0.0
2026-08-19 19:10:00+00:00,158.27999877929688,158.3070068359375,158.26199340820312,158.29400634765625,0.0
2026-08-19 19:15:00+00:00,158.3000030517578,158.30299377441406,158.2469940185547,158.2550048828125,0.0
2026-08-19 19:20:00+00:00,158.2570037841797,158.2790069580078,158.23300170898438,158.23500061035156,0.0
2026-08-19 19:25:00+00:00,158.23800659179688,158.2469940185547,158.1300048828125,158.14599609375,0.0
2026-08-19 19:30:00+00:00,158.1540069580078,158.1840057373047,158.1320037841797,158.16799926757812,0.0
2026-08-19 19:35:00+00:00,158.16400146484375,158.27000427246094,158.16400146484375,158.22000122070312,0.0
2026-08-19 19:40:00+00:00,158.2220001220703,158.25799560546875,158.1959991455078,158.2570037841797,0.0
2026-08-19 19:45:00+00:00,158.24899291992188,158.28799438476562,158.24400329589844,158.26300048828125,0.0
2026-08-19 19:50:00+00:00,158.26100158691406,158.27200317382812,158.18899536132812,158.19000244140625,0.0
2026-08-19 19:55:00+00:00,158.18899536132812,158.21400451660156,158.09300231933594,158.13900756835938,0.0
2026-08-19 20:00:00+00:00,158.14500427246094,158.14700317382812,158.0850067138672,158.11599731445312,0.0
2026-08-19 20:05:00+00:00,158.11199951171875,158.15899658203125,158.11199951171875,158.1320037841797,0.0
2026-08-19 20:10:00+00:00,158.13499450683594,158.1719970703125,158.12899780273438,158.15199279785156,0.0
2026-08-19 20:15:00+00:00,158.15699768066406,158.18699645996094,158.15199279785156,158.17999267578125,0.0
2026-08-19 20:20:00+00:00,158.1739959716797,158.18499755859375,158.16400146484375,158.17300415039062,0.0
2026-08-19 20:25:00+00:00,158.1699981689453,158.22000122070312,158.1699981689453,158.20599365234375,0.0
2026-08-19 20:30:00+00:00,158.20700073242188,158.22300720214844,158.18800354003906,158.1909942626953,0.0
2026-08-19 20:35:00+00:00,158.19400024414062,158.197998046875,158.16200256347656,158.17300415039062,0.0
2026-08-19 20:40:00+00:00,158.1649932861328,158.18899536132812,158.1320037841797,158.15499877929688,0.0
2026-08-19 20:45:00+00:00,158.156005859375,158.16000366210938,158.13299560546875,158.14500427246094,0.0
2026-08-19 20:50:00+00:00,158.1439971923828,158.16099548339844,158.13299560546875,158.1529998779297,0.0
2026-08-19 20:55:00+00:00,158.1540069580078,158.1739959716797,158.1300048828125,158.1439971923828,0.0
2026-08-19 21:00:00+00:00,158.1219940185547,158.1219940185547,158.0570068359375,158.11099243164062,0.0
2026-08-19 21:05:00+00:00,158.10800170898438,158.11300659179688,158.07200622558594,158.11300659179688,0.0
2026-08-19 21:10:00+00:00,158.09100341796875,158.11300659179688,158.0800018310547,158.093994140625,0.0
2026-08-19 21:15:00+00:00,158.093994140625,158.13499450683594,158.08200073242188,158.08900451660156,0.0
2026-08-19 21:20:00+00:00,158.08900451660156,158.1020050048828,158.07899475097656,158.08799743652344,0.0
2026-08-19 21:25:00+00:00,158.08700561523438,158.11300659179688,158.0850067138672,158.0970001220703,0.0
2026-08-19 21:30:00+00:00,158.0970001220703,158.1179962158203,158.08299255371094,158.0959930419922,0.0
2026-08-19 21:35:00+00:00,158.0959930419922,158.11900329589844,158.0850067138672,158.10000610351562,0.0
2026-08-19 21:40:00+00:00,158.093994140625,158.1230010986328,158.08399963378906,158.10299682617188,0.0
2026-08-19 21:45:00+00:00,158.10299682617188,158.1230010986328,158.093994140625,158.11099243164062,0.0
2026-08-19 21:50:00+00:00,158.0919952392578,158.11099243164062,158.08900451660156,158.09800720214844,0.0
2026-08-19 21:55:00+00:00,158.11000061035156,158.14500427246094,158.07000732421875,158.10000610351562,0.0
2026-08-19 22:00:00+00:00,158.09500122070312,158.11099243164062,158.01499938964844,158.0279998779297,0.0
2026-08-19 22:05:00+00:00,158.03599548339844,158.07400512695312,158.01199340820312,158.05499267578125,0.0
2026-08-19 22:10:00+00:00,158.06900024414062,158.08399963378906,158.04299926757812,158.05499267578125,0.0
2026-08-19 22:15:00+00:00,158.06300354003906,158.0760040283203,158.0330047607422,158.0679931640625,0.0
2026-08-19 22:20:00+00:00,158.06399536132812,158.0760040283203,158.0399932861328,158.05999755859375,0.0
2026-08-19 22:25:00+00:00,158.04800415039062,158.0760040283203,158.04800415039062,158.06399536132812,0.0
2026-08-19 22:30:00+00:00,158.06399536132812,158.10499572753906,158.05999755859375,158.08599853515625,0.0
2026-08-19 22:35:00+00:00,158.09300231933594,158.1179962158203,158.08299255371094,158.10699462890625,0.0
2026-08-19 22:40:00+00:00,158.10699462890625,158.13900756835938,158.10000610351562,158.1199951171875,0.0
2026-08-19 22:45:00+00:00,158.12899780273438,158.1479949951172,158.11300659179688,158.14599609375,0.0
2026-08-19 22:50:00+00:00,158.13400268554688,158.19700622558594,158.13400268554688,158.18800354003906,0.0
2026-08-19 22:55:00+00:00,158.19000244140625,158.1959991455078,158.16099548339844,158.1719970703125,0.0
2026-08-19 23:00:00+00:00,158.18099975585938,158.23599243164062,158.18099975585938,158.20199584960938,0.0
2026-08-19 23:05:00+00:00,158.21200561523438,158.21200561523438,158.17599487304688,158.19900512695312,0.0
2026-08-19 23:10:00+00:00,158.20599365234375,158.23399353027344,158.1959991455078,158.21600341796875,0.0
2026-08-19 23:15:00+00:00,158.20899963378906,158.2310028076172,158.2030029296875,158.20399475097656,0.0
2026-08-19 23:20:00+00:00,158.20399475097656,158.2169952392578,158.1929931640625,158.20599365234375,0.0
2026-08-19 23:25:00+00:00,158.21600341796875,158.23800659179688,158.20399475097656,158.23500061035156,0.0
2026-08-19 23:30:00+00:00,158.22500610351562,158.2530059814453,158.21400451660156,158.2530059814453,0.0
2026-08-19 23:35:00+00:00,158.25,158.26400756835938,158.20899963378906,158.21400451660156,0.0
2026-08-19 23:40:00+00:00,158.22300720214844,158.25999450683594,158.21299743652344,158.25,0.0
2026-08-19 23:45:00+00:00,158.25,158.27000427246094,158.24200439453125,158.25399780273438,0.0
2026-08-19 23:50:00+00:00,158.25399780273438,158.26499938964844,158.22900390625,158.24000549316406,0.0
2026-08-19 23:55:00+00:00,158.2449951171875,158.281005859375,158.23599243164062,158.25900268554688,0.0
2026-08-20 00:00:00+00:00,158.2550048828125,158.2830047607422,158.15499877929688,158.19000244140625,0.0
2026-08-20 00:05:00+00:00,158.19400024414062,158.3509979248047,158.19200134277344,158.33599853515625,0.0
2026-08-20 00:10:00+00:00,158.33599853515625,158.3780059814453,158.3159942626953,158.33099365234375,0.0
2026-08-20 00:15:00+00:00,158.32699584960938,158.33200073242188,158.25399780273438,158.29200744628906,0.0
2026-08-20 00:20:00+00:00,158.29800415039062,158.36199951171875,158.29100036621094,158.34500122070312,0.0
2026-08-20 00:25:00+00:00,158.343994140625,158.36599731445312,158.322998046875,158.3419952392578,0.0
2026-08-20 00:30:00+00:00,158.33399963378906,158.34300231933594,158.2779998779297,158.3159942626953,0.0
2026-08-20 00:35:00+00:00,158.3159942626953,158.34300231933594,158.2949981689453,158.33799743652344,0.0
2026-08-20 00:40:00+00:00,158.33099365234375,158.36900329589844,158.3280029296875,158.36900329589844,0.0
2026-08-20 00:45:00+00:00,158.36300659179688,158.4029998779297,158.3560028076172,158.3939971923828,0.0
2026-08-20 00:50:00+00:00,158.39100646972656,158.43899536132812,158.38499450683594,158.40499877929688,0.0
2026-08-20 00:55:00+00:00,158.406005859375,158.41900634765625,158.3509979248047,158.4040069580078,0.0
2026-08-20 01:00:00+00:00,158.3990020751953,158.48199462890625,158.39100646972656,158.45399475097656,0.0
2026-08-20 01:05:00+00:00,158.45399475097656,158.49099731445312,158.44400024414062,158.44900512695312,0.0
2026-08-20 01:10:00+00:00,158.45799255371094,158.51499938964844,158.44400024414062,158.46099853515625,0.0
2026-08-20 01:15:00+00:00,158.46099853515625,158.49400329589844,158.41299438476562,158.4250030517578,0.0
2026-08-20 01:20:00+00:00,158.41799926757812,158.43299865722656,158.38600158691406,158.39700317382812,0.0
2026-08-20 01:25:00+00:00,158.38900756835938,158.4250030517578,158.36199951171875,158.37399291992188,0.0
2026-08-20 01:30:00+00:00,158.37600708007812,158.4199981689453,158.32000732421875,158.36599731445312,0.0
2026-08-20 01:35:00+00:00,158.3679962158203,158.41700744628906,158.35499572753906,158.3990020751953,0.0
2026-08-20 01:40:00+00:00,158.3990020751953,158.48699951171875,158.3990020751953,158.47900390625,0.0
2026-08-20 01:45:00+00:00,158.47900390625,158.56199645996094,158.468994140625,158.55799865722656,0.0
2026-08-20 01:50:00+00:00,158.55099487304688,158.5679931640625,158.50900268554688,158.5240020751953,0.0
2026-08-20 01:55:00+00:00,158.52499389648438,158.56100463867188,158.49400329589844,158.52999877929688,0.0
2026-08-20 02:00:00+00:00,158.5240020751953,158.53700256347656,158.29800415039062,158.468994140625,0.0
2026-08-20 02:05:00+00:00,158.45899963378906,158.50799560546875,158.40499877929688,158.49899291992188,0.0
2026-08-20 02:10:00+00:00,158.49899291992188,158.53799438476562,158.46600341796875,158.48699951171875,0.0
2026-08-20 02:15:00+00:00,158.48800659179688,158.50599670410156,158.45899963378906,158.48899841308594,0.0
2026-08-20 02:20:00+00:00,158.49200439453125,158.51699829101562,158.447998046875,158.46400451660156,0.0
2026-08-20 02:25:00+00:00,158.46299743652344,158.48500061035156,158.4340057373047,158.44700622558594,0.0
2026-08-20 02:30:00+00:00,158.447998046875,158.45599365234375,158.40699768066406,158.42100524902344,0.0
2026-08-20 02:35:00+00:00,158.42100524902344,158.45199584960938,158.4080047607422,158.4250030517578,0.0
2026-08-20 02:40:00+00:00,158.4250030517578,158.43600463867188,158.38400268554688,158.42599487304688,0.0
2026-08-20 02:45:00+00:00,158.42999267578125,158.44200134277344,158.4040069580078,158.43299865722656,0.0
2026-08-20 02:50:00+00:00,158.43299865722656,158.46600341796875,158.42799377441406,158.44900512695312,0.0
2026-08-20 02:55:00+00:00,158.44700622558594,158.4709930419922,158.43299865722656,158.43899536132812,0.0
2026-08-20 03:00:00+00:00,158.43800354003906,158.45599365234375,158.4199981689453,158.44200134277344,0.0
2026-08-20 03:05:00+00:00,158.44200134277344,158.49099731445312,158.4409942626953,158.4720001220703,0.0
2026-08-20 03:10:00+00:00,158.4669952392578,158.47500610351562,158.38299560546875,158.39599609375,0.0
2026-08-20 03:15:00+00:00,158.38900756835938,158.4340057373047,158.38900756835938,158.4010009765625,0.0
2026-08-20 03:20:00+00:00,158.40899658203125,158.41200256347656,158.3719940185547,158.37600708007812,0.0
2026-08-20 03:25:00+00:00,158.38299560546875,158.4409942626953,158.3699951171875,158.42999267578125,0.0
2026-08-20 03:30:00+00:00,158.4250030517578,158.4510040283203,158.4149932861328,158.44900512695312,0.0
2026-08-20 03:35:00+00:00,158.447998046875,158.4770050048828,158.4459991455078,158.4600067138672,0.0
2026-08-20 03:40:00+00:00,158.45399475097656,158.4709930419922,158.4409942626953,158.44400024414062,0.0
2026-08-20 03:45:00+00:00,158.44400024414062,158.4530029296875,158.4340057373047,158.43800354003906,0.0
2026-08-20 03:50:00+00:00,158.43800354003906,158.46800231933594,158.40699768066406,158.40699768066406,0.0
2026-08-20 03:55:00+00:00,158.41400146484375,158.44200134277344,158.4080047607422,158.42999267578125,0.0
2026-08-20 04:00:00+00:00,158.42799377441406,158.43899536132812,158.4149932861328,158.4290008544922,0.0
2026-08-20 04:05:00+00:00,158.4320068359375,158.4499969482422,158.4219970703125,158.4239959716797,0.0
2026-08-20 04:10:00+00:00,158.427001953125,158.4499969482422,158.41099548339844,158.42799377441406,0.0
2026-08-20 04:15:00+00:00,158.43600463867188,158.4709930419922,158.4239959716797,158.46099853515625,0.0
2026-08-20 04:20:00+00:00,158.4600067138672,158.4709930419922,158.44700622558594,158.45899963378906,0.0
2026-08-20 04:25:00+00:00,158.4600067138672,158.47799682617188,158.44000244140625,158.46499633789062,0.0
2026-08-20 04:30:00+00:00,158.46800231933594,158.4980010986328,158.45899963378906,158.49600219726562,0.0
2026-08-20 04:35:00+00:00,158.48899841308594,158.52499389648438,158.48899841308594,158.51499938964844,0.0
2026-08-20 04:40:00+00:00,158.51499938964844,158.53700256347656,158.50999450683594,158.53599548339844,0.0
2026-08-20 04:45:00+00:00,158.53700256347656,158.56399536132812,158.53199768066406,158.54600524902344,0.0
2026-08-20 04:50:00+00:00,158.54600524902344,158.61500549316406,158.5240020751953,158.59500122070312,0.0
2026-08-20 04:55:00+00:00,158.59800720214844,158.63400268554688,158.46099853515625,158.56399536132812,0.0
2026-08-20 05:00:00+00:00,158.56700134277344,158.58299255371094,158.5279998779297,158.54600524902344,0.0
2026-08-20 05:05:00+00:00,158.5469970703125,158.58399963378906,158.54600524902344,158.57699584960938,0.0
2026-08-20 05:10:00+00:00,158.5780029296875,158.61399841308594,158.56500244140625,158.57400512695312,0.0
2026-08-20 05:15:00+00:00,158.5749969482422,158.61199951171875,158.56900024414062,158.58099365234375,0.0
2026-08-20 05:20:00+00:00,158.5800018310547,158.61900329589844,158.5709991455078,158.61099243164062,0.0
2026-08-20 05:25:00+00:00,158.61199951171875,158.67999267578125,158.61099243164062,158.6750030517578,0.0
2026-08-20 05:30:00+00:00,158.6719970703125,158.7100067138672,158.64300537109375,158.68800354003906,0.0
2026-08-20 05:35:00+00:00,158.69000244140625,158.7100067138672,158.677001953125,158.6929931640625,0.0
2026-08-20 05:40:00+00:00,158.68899536132812,158.7310028076172,158.6790008544922,158.71400451660156,0.0
2026-08-20 05:45:00+00:00,158.71800231933594,158.72799682617188,158.6750030517578,158.67999267578125,0.0
2026-08-20 05:50:00+00:00,158.6790008544922,158.7030029296875,158.65699768066406,158.66799926757812,0.0
2026-08-20 05:55:00+00:00,158.66799926757812,158.67599487304688,158.60299682617188,158.62899780273438,0.0
2026-08-20 06:00:00+00:00,158.6300048828125,158.65499877929688,158.60499572753906,158.63499450683594,0.0
2026-08-20 06:05:00+00:00,158.63499450683594,158.65899658203125,158.6060028076172,158.61399841308594,0.0
2026-08-20 06:10:00+00:00,158.61000061035156,158.61599731445312,158.5240020751953,158.5489959716797,0.0
2026-08-20 06:15:00+00:00,158.5500030517578,158.57200622558594,158.5019989013672,158.50399780273438,0.0
2026-08-20 06:20:00+00:00,158.50399780273438,158.53500366210938,158.4550018310547,158.4770050048828,0.0
2026-08-20 06:25:00+00:00,158.4770050048828,158.53700256347656,158.4770050048828,158.5019989013672,0.0
2026-08-20 06:30:00+00:00,158.5030059814453,158.5469970703125,158.48500061035156,158.52000427246094,0.0
2026-08-20 06:35:00+00:00,158.52099609375,158.531005859375,158.45700073242188,158.4759979248047,0.0
2026-08-20 06:40:00+00:00,158.4759979248047,158.5019989013672,158.46400451660156,158.47300720214844,0.0
2026-08-20 06:45:00+00:00,158.4709930419922,158.47900390625,158.39999389648438,158.46499633789062,0.0
2026-08-20 06:50:00+00:00,158.45899963378906,158.4810028076172,158.44400024414062,158.447998046875,0.0
2026-08-20 06:55:00+00:00,158.44400024414062,158.45199584960938,158.35299682617188,158.36000061035156,0.0
2026-08-20 07:00:00+00:00,158.35899353027344,158.42599487304688,158.32899475097656,158.40199279785156,0.0
2026-08-20 07:05:00+00:00,158.40199279785156,158.41799926757812,158.32000732421875,158.39500427246094,0.0
2026-08-20 07:10:00+00:00,158.3979949951172,158.40699768066406,158.35400390625,158.39199829101562,0.0
2026-08-20 07:15:00+00:00,158.38499450683594,158.4429931640625,158.38400268554688,158.4080047607422,0.0
2026-08-20 07:20:00+00:00,158.41400146484375,158.50100708007812,158.40199279785156,158.48899841308594,0.0
2026-08-20 07:25:00+00:00,158.48899841308594,158.54600524902344,158.4810028076172,158.52099609375,0.0
2026-08-20 07:30:00+00:00,158.52200317382812,158.54299926757812,158.44900512695312,158.44900512695312,0.0
2026-08-20 07:35:00+00:00,158.4499969482422,158.4810028076172,158.4290008544922,158.46600341796875,0.0
2026-08-20 07:40:00+00:00,158.4720001220703,158.4720001220703,158.39500427246094,158.45599365234375,0.0
2026-08-20 07:45:00+00:00,158.45599365234375,158.50599670410156,158.43899536132812,158.49000549316406,0.0
2026-08-20 07:50:00+00:00,158.49200439453125,158.50100708007812,158.4499969482422,158.4720001220703,0.0
2026-08-20 07:55:00+00:00,158.46600341796875,158.4739990234375,158.4199981689453,158.43499755859375,0.0
2026-08-20 08:00:00+00:00,158.43699645996094,158.48899841308594,158.4290008544922,158.4429931640625,0.0
2026-08-20 08:05:00+00:00,158.4409942626953,158.47999572753906,158.41200256347656,158.42300415039062,0.0
2026-08-20 08:10:00+00:00,158.42799377441406,158.43499755859375,158.38900756835938,158.3990020751953,0.0
2026-08-20 08:15:00+00:00,158.3939971923828,158.4320068359375,158.36900329589844,158.42100524902344,0.0
2026-08-20 08:20:00+00:00,158.4219970703125,158.43299865722656,158.39500427246094,158.41000366210938,0.0
2026-08-20 08:25:00+00:00,158.41000366210938,158.4949951171875,158.38900756835938,158.48699951171875,0.0
2026-08-20 08:30:00+00:00,158.48599243164062,158.52000427246094,158.46400451660156,158.4720001220703,0.0
2026-08-20 08:35:00+00:00,158.4669952392578,158.4929962158203,158.4340057373047,158.46299743652344,0.0
2026-08-20 08:40:00+00:00,158.46299743652344,158.50599670410156,158.4530029296875,158.49099731445312,0.0
2026-08-20 08:45:00+00:00,158.48899841308594,158.51800537109375,158.4770050048828,158.50799560546875,0.0
2026-08-20 08:50:00+00:00,158.51499938964844,158.53500366210938,158.49099731445312,158.5050048828125,0.0
2026-08-20 08:55:00+00:00,158.5050048828125,158.53500366210938,158.48800659179688,158.48899841308594,0.0
2026-08-20 09:00:00+00:00,158.49000549316406,158.49600219726562,158.44700622558594,158.46800231933594,0.0
2026-08-20 09:05:00+00:00,158.46800231933594,158.4949951171875,158.4340057373047,158.44400024414062,0.0
2026-08-20 09:10:00+00:00,158.44500732421875,158.44700622558594,158.3769989013672,158.4040069580078,0.0
2026-08-20 09:15:00+00:00,158.4040069580078,158.41200256347656,158.26800537109375,158.28500366210938,0.0
2026-08-20 09:20:00+00:00,158.28399658203125,158.29100036621094,158.1959991455078,158.25900268554688,0.0
2026-08-20 09:25:00+00:00,158.25900268554688,158.30799865722656,158.22999572753906,158.29100036621094,0.0
2026-08-20 09:30:00+00:00,158.302001953125,158.3070068359375,158.2480010986328,158.28799438476562,0.0
2026-08-20 09:35:00+00:00,158.28900146484375,158.3509979248047,158.2830047607422,158.33999633789062,0.0
2026-08-20 09:40:00+00:00,158.33900451660156,158.36199951171875,158.281005859375,158.302001953125,0.0
2026-08-20 09:45:00+00:00,158.30299377441406,158.36199951171875,158.30299377441406,158.34100341796875,0.0
2026-08-20 09:50:00+00:00,158.3459930419922,158.35400390625,158.2989959716797,158.33700561523438,0.0
2026-08-20 09:55:00+00:00,158.3419952392578,158.3800048828125,158.32899475097656,158.3350067138672,0.0
2026-08-20 10:00:00+00:00,158.33900451660156,158.3769989013672,158.30999755859375,158.3350067138672,0.0
2026-08-20 10:05:00+00:00,158.32899475097656,158.33399963378906,158.25599670410156,158.25599670410156,0.0
2026-08-20 10:10:00+00:00,158.2550048828125,158.28399658203125,158.23399353027344,158.2779998779297,0.0
2026-08-20 10:15:00+00:00,158.2779998779297,158.28399658203125,158.2480010986328,158.26499938964844,0.0
2026-08-20 10:20:00+00:00,158.26499938964844,158.3209991455078,158.26400756835938,158.3000030517578,0.0
2026-08-20 10:25:00+00:00,158.29600524902344,158.30499267578125,158.2570037841797,158.26300048828125,0.0
2026-08-20 10:30:00+00:00,158.26400756835938,158.30999755859375,158.25999450683594,158.27999877929688,0.0
2026-08-20 10:35:00+00:00,158.2790069580078,158.31199645996094,158.26199340820312,158.3040008544922,0.0
2026-08-20 10:40:00+00:00,158.29800415039062,158.36599731445312,158.29400634765625,158.36500549316406,0.0
2026-08-20 10:45:00+00:00,158.35800170898438,158.42100524902344,158.35800170898438,158.41400146484375,0.0
2026-08-20 10:50:00+00:00,158.41900634765625,158.48399353027344,158.41200256347656,158.4709930419922,0.0
2026-08-20 10:55:00+00:00,158.4709930419922,158.52200317382812,158.45199584960938,158.4669952392578,0.0
2026-08-20 11:00:00+00:00,158.4669952392578,158.5540008544922,158.4669952392578,158.5449981689453,0.0
2026-08-20 11:05:00+00:00,158.54400634765625,158.5970001220703,158.53799438476562,158.56700134277344,0.0
2026-08-20 11:10:00+00:00,158.56700134277344,158.61300659179688,158.5570068359375,158.61099243164062,0.0
2026-08-20 11:15:00+00:00,158.60299682617188,158.63999938964844,158.60299682617188,158.61399841308594,0.0
2026-08-20 11:20:00+00:00,158.60699462890625,158.61700439453125,158.54400634765625,158.56500244140625,0.0
2026-08-20 11:25:00+00:00,158.5570068359375,158.57699584960938,158.5189971923828,158.57400512695312,0.0
2026-08-20 11:30:00+00:00,158.5709991455078,158.5919952392578,158.52999877929688,158.53599548339844,0.0
2026-08-20 11:35:00+00:00,158.54400634765625,158.5749969482422,158.53599548339844,158.54200744628906,0.0
2026-08-20 11:40:00+00:00,158.54800415039062,158.6439971923828,158.53500366210938,158.6320037841797,0.0
2026-08-20 11:45:00+00:00,158.63800048828125,158.6929931640625,158.62600708007812,158.6529998779297,0.0
2026-08-20 11:50:00+00:00,158.6490020751953,158.71099853515625,158.64599609375,158.677001953125,0.0
2026-08-20 11:55:00+00:00,158.68499755859375,158.69200134277344,158.61900329589844,158.65699768066406,0.0
2026-08-20 12:00:00+00:00,158.66000366210938,158.7469940185547,158.63900756835938,158.72000122070312,0.0
2026-08-20 12:05:00+00:00,158.71299743652344,158.80099487304688,158.71299743652344,158.76199340820312,0.0
2026-08-20 12:10:00+00:00,158.76100158691406,158.76699829101562,158.70599365234375,158.7239990234375,0.0
2026-08-20 12:15:00+00:00,158.71800231933594,158.72900390625,158.64700317382812,158.66400146484375,0.0
2026-08-20 12:20:00+00:00,158.67300415039062,158.6959991455078,158.62600708007812,158.66799926757812,0.0
2026-08-20 12:25:00+00:00,158.66099548339844,158.67300415039062,158.63499450683594,158.65199279785156,0.0
2026-08-20 12:30:00+00:00,158.66000366210938,158.7790069580078,158.61199951171875,158.7740020751953,0.0
2026-08-20 12:35:00+00:00,158.76800537109375,158.7740020751953,158.72300720214844,158.72900390625,0.0
2026-08-20 12:40:00+00:00,158.72900390625,158.73699951171875,158.63900756835938,158.63900756835938,0.0
2026-08-20 12:45:00+00:00,158.63900756835938,158.69700622558594,158.60400390625,158.61599731445312,0.0
2026-08-20 12:50:00+00:00,158.61099243164062,158.66799926757812,158.59300231933594,158.656005859375,0.0
2026-08-20 12:55:00+00:00,158.656005859375,158.6699981689453,158.61599731445312,158.63499450683594,0.0
2026-08-20 13:00:00+00:00,158.63800048828125,158.64599609375,158.5469970703125,158.5679931640625,0.0
2026-08-20 13:05:00+00:00,158.5679931640625,158.60000610351562,158.53399658203125,158.57400512695312,0.0
2026-08-20 13:10:00+00:00,158.57200622558594,158.64199829101562,158.54600524902344,158.6300048828125,0.0
2026-08-20 13:15:00+00:00,158.625,158.64999389648438,158.5659942626953,158.57400512695312,0.0
2026-08-20 13:20:00+00:00,158.56700134277344,158.61599731445312,158.5570068359375,158.60699462890625,0.0
2026-08-20 13:25:00+00:00,158.60299682617188,158.65899658203125,158.6009979248047,158.6199951171875,0.0
2026-08-20 13:30:00+00:00,158.62899780273438,158.72300720214844,158.5919952392578,158.697998046875,0.0
2026-08-20 13:35:00+00:00,158.69900512695312,158.70599365234375,158.60899353027344,158.6490020751953,0.0
2026-08-20 13:40:00+00:00,158.6490020751953,158.6929931640625,158.64700317382812,158.68099975585938,0.0
2026-08-20 13:45:00+00:00,158.67599487304688,158.81500244140625,158.6649932861328,158.80799865722656,0.0
2026-08-20 13:50:00+00:00,158.81300354003906,158.81300354003906,158.74099731445312,158.75100708007812,0.0
2026-08-20 13:55:00+00:00,158.7449951171875,158.8350067138672,158.72900390625,158.8249969482422,0.0
2026-08-20 14:00:00+00:00,158.82000732421875,158.87600708007812,158.7779998779297,158.86399841308594,0.0
2026-08-20 14:05:00+00:00,158.86900329589844,158.88900756835938,158.83900451660156,158.85400390625,0.0
2026-08-20 14:10:00+00:00,158.85400390625,158.8769989013672,158.81900024414062,158.85800170898438,0.0
2026-08-20 14:15:00+00:00,158.85800170898438,158.89300537109375,158.8280029296875,158.83599853515625,0.0
2026-08-20 14:20:00+00:00,158.83599853515625,158.84300231933594,158.73599243164062,158.76600646972656,0.0
2026-08-20 14:25:00+00:00,158.77200317382812,158.822998046875,158.75,158.79200744628906,0.0
2026-08-20 14:30:00+00:00,158.7899932861328,158.81399536132812,158.7689971923828,158.77200317382812,0.0
2026-08-20 14:35:00+00:00,158.77099609375,158.79200744628906,158.74000549316406,158.78599548339844,0.0
2026-08-20 14:40:00+00:00,158.78599548339844,158.802001953125,158.7469940185547,158.7469940185547,0.0
2026-08-20 14:45:00+00:00,158.7469940185547,158.7729949951172,158.71400451660156,158.71400451660156,0.0
2026-08-20 14:50:00+00:00,158.71600341796875,158.77099609375,158.70799255371094,158.7519989013672,0.0
2026-08-20 14:55:00+00:00,158.7469940185547,158.76300048828125,158.7030029296875,158.72300720214844,0.0
2026-08-20 15:00:00+00:00,158.7209930419922,158.74000549316406,158.57200622558594,158.6540069580078,0.0
2026-08-20 15:05:00+00:00,158.66099548339844,158.79100036621094,158.48899841308594,158.74200439453125,0.0
2026-08-20 15:10:00+00:00,158.74200439453125,158.822998046875,158.72300720214844,158.74200439453125,0.0
2026-08-20 15:15:00+00:00,158.74200439453125,158.79600524902344,158.73800659179688,158.77000427246094,0.0
2026-08-20 15:20:00+00:00,158.76400756835938,158.8509979248047,158.73899841308594,158.8159942626953,0.0
2026-08-20 15:25:00+00:00,158.81199645996094,158.85800170898438,158.7530059814453,158.75799560546875,0.0
2026-08-20 15:30:00+00:00,158.75999450683594,158.8350067138672,158.74899291992188,158.82899475097656,0.0
2026-08-20 15:35:00+00:00,158.83299255371094,158.90899658203125,158.8209991455078,158.88499450683594,0.0
2026-08-20 15:40:00+00:00,158.88499450683594,158.9770050048828,158.86700439453125,158.95799255371094,0.0
2026-08-20 15:45:00+00:00,158.96099853515625,158.96800231933594,158.89700317382812,158.91900634765625,0.0
2026-08-20 15:50:00+00:00,158.9199981689453,158.94200134277344,158.89300537109375,158.9239959716797,0.0
2026-08-20 15:55:00+00:00,158.91600036621094,158.9290008544922,158.84300231933594,158.84800720214844,0.0
2026-08-20 16:00:00+00:00,158.85000610351562,158.88999938964844,158.8350067138672,158.88999938964844,0.0
2026-08-20 16:05:00+00:00,158.88400268554688,158.9219970703125,158.8769989013672,158.90699768066406,0.0
2026-08-20 16:10:00+00:00,158.90699768066406,158.96499633789062,158.90199279785156,158.96400451660156,0.0
2026-08-20 16:15:00+00:00,158.95899963378906,158.98199462890625,158.9530029296875,158.95700073242188,0.0
2026-08-20 16:20:00+00:00,158.95799255371094,159.0050048828125,158.9499969482422,158.98500061035156,0.0
2026-08-20 16:25:00+00:00,158.97900390625,159.09800720214844,158.9770050048828,159.0709991455078,0.0
2026-08-20 16:30:00+00:00,159.0709991455078,159.0919952392578,159.03900146484375,159.04200744628906,0.0
2026-08-20 16:35:00+00:00,159.0399932861328,159.0709991455078,159.01400756835938,159.05599975585938,0.0
2026-08-20 16:40:00+00:00,159.05599975585938,159.0780029296875,159.0240020751953,159.04100036621094,0.0
2026-08-20 16:45:00+00:00,159.0469970703125,159.0570068359375,158.98899841308594,158.98899841308594,0.0
2026-08-20 16:50:00+00:00,158.9969940185547,159.0449981689453,158.9810028076172,159.0330047607422,0.0
2026-08-20 16:55:00+00:00,159.0330047607422,159.04299926757812,158.98800659179688,158.99400329589844,0.0
2026-08-20 17:00:00+00:00,158.99200439453125,159.0019989013672,158.96400451660156,158.9770050048828,0.0
2026-08-20 17:05:00+00:00,158.9720001220703,159.01100158691406,158.96400451660156,158.9969940185547,0.0
2026-08-20 17:10:00+00:00,158.99600219726562,159.03500366210938,158.9949951171875,159.0290069580078,0.0
2026-08-20 17:15:00+00:00,159.0240020751953,159.04600524902344,159.0019989013672,159.03700256347656,0.0
2026-08-20 17:20:00+00:00,159.03700256347656,159.05599975585938,159.03700256347656,159.0500030517578,0.0
2026-08-20 17:25:00+00:00,159.0500030517578,159.0570068359375,159.0229949951172,159.02499389648438,0.0
2026-08-20 17:30:00+00:00,159.02499389648438,159.07200622558594,159.02499389648438,159.0570068359375,0.0
2026-08-20 17:35:00+00:00,159.0570068359375,159.08099365234375,159.04800415039062,159.06900024414062,0.0
2026-08-20 17:40:00+00:00,159.072998046875,159.1009979248047,159.05299377441406,159.05799865722656,0.0
2026-08-20 17:45:00+00:00,159.05999755859375,159.07200622558594,159.04800415039062,159.05599975585938,0.0
2026-08-20 17:50:00+00:00,159.0570068359375,159.0659942626953,159.03900146484375,159.0449981689453,0.0
2026-08-20 17:55:00+00:00,159.04400634765625,159.08599853515625,159.04400634765625,159.0469970703125,0.0
2026-08-20 18:00:00+00:00,159.0489959716797,159.06900024414062,159.0330047607422,159.04800415039062,0.0
2026-08-20 18:05:00+00:00,159.04299926757812,159.0850067138672,159.031005859375,159.07699584960938,0.0
2026-08-20 18:10:00+00:00,159.0760040283203,159.15199279785156,159.0679931640625,159.12100219726562,0.0
2026-08-20 18:15:00+00:00,159.12100219726562,159.1699981689453,159.1199951171875,159.12899780273438,0.0
2026-08-20 18:20:00+00:00,159.12600708007812,159.15199279785156,159.11500549316406,159.14999389648438,0.0
2026-08-20 18:25:00+00:00,159.1439971923828,159.1750030517578,159.1199951171875,159.16600036621094,0.0
2026-08-20 18:30:00+00:00,159.16099548339844,159.17100524902344,159.125,159.13600158691406,0.0
2026-08-20 18:35:00+00:00,159.13400268554688,159.1439971923828,159.11700439453125,159.13499450683594,0.0
2026-08-20 18:40:00+00:00,159.13499450683594,159.14500427246094,159.11500549316406,159.13699340820312,0.0
2026-08-20 18:45:00+00:00,159.13699340820312,159.16000366210938,159.13600158691406,159.14999389648438,0.0
2026-08-20 18:50:00+00:00,159.14999389648438,159.1580047607422,159.1020050048828,159.1179962158203,0.0
2026-08-20 18:55:00+00:00,159.11199951171875,159.15499877929688,159.10400390625,159.14100646972656,0.0
2026-08-20 19:00:00+00:00,159.13499450683594,159.1790008544922,159.13499450683594,159.15199279785156,0.0
2026-08-20 19:05:00+00:00,159.156005859375,159.16200256347656,159.13900756835938,159.14700317382812,0.0
2026-08-20 19:10:00+00:00,159.14500427246094,159.156005859375,159.1199951171875,159.1280059814453,0.0
2026-08-20 19:15:00+00:00,159.1230010986328,159.13800048828125,159.11300659179688,159.12399291992188,0.0
2026-08-20 19:20:00+00:00,159.1280059814453,159.13099670410156,159.10000610351562,159.10899353027344,0.0
2026-08-20 19:25:00+00:00,159.11500549316406,159.1439971923828,159.10499572753906,159.13800048828125,0.0
2026-08-20 19:30:00+00:00,159.13800048828125,159.15199279785156,159.10899353027344,159.1219940185547,0.0
2026-08-20 19:35:00+00:00,159.1219940185547,159.1300048828125,159.0989990234375,159.11199951171875,0.0
2026-08-20 19:40:00+00:00,159.10800170898438,159.13699340820312,159.10499572753906,159.13299560546875,0.0
2026-08-20 19:45:00+00:00,159.13400268554688,159.1439971923828,159.1230010986328,159.125,0.0
2026-08-20 19:50:00+00:00,159.12899780273438,159.13499450683594,159.11199951171875,159.11500549316406,0.0
2026-08-20 19:55:00+00:00,159.11500549316406,159.13699340820312,159.10699462890625,159.11199951171875,0.0
2026-08-20 20:00:00+00:00,159.11199951171875,159.12100219726562,159.0959930419922,159.10400390625,0.0
2026-08-20 20:05:00+00:00,159.10000610351562,159.1230010986328,159.09800720214844,159.11500549316406,0.0
2026-08-20 20:10:00+00:00,159.11199951171875,159.11599731445312,159.0959930419922,159.11500549316406,0.0
2026-08-20 20:15:00+00:00,159.11599731445312,159.12100219726562,159.10899353027344,159.11199951171875,0.0
2026-08-20 20:20:00+00:00,159.11199951171875,159.14100646972656,159.11099243164062,159.13400268554688,0.0
2026-08-20 20:25:00+00:00,159.13400268554688,159.14100646972656,159.11700439453125,159.11900329589844,0.0
2026-08-20 20:30:00+00:00,159.11900329589844,159.125,159.0919952392578,159.0959930419922,0.0
2026-08-20 20:35:00+00:00,159.0959930419922,159.1020050048828,159.08299255371094,159.08299255371094,0.0
2026-08-20 20:40:00+00:00,159.08599853515625,159.0919952392578,159.06900024414062,159.0749969482422,0.0
2026-08-20 20:45:00+00:00,159.0749969482422,159.08399963378906,159.05499267578125,159.06700134277344,0.0
2026-08-20 20:50:00+00:00,159.06100463867188,159.09100341796875,159.06100463867188,159.06900024414062,0.0
2026-08-20 20:55:00+00:00,159.06900024414062,159.08099365234375,159.01300048828125,159.01600646972656,0.0
2026-08-20 21:00:00+00:00,159.01199340820312,159.01199340820312,158.98199462890625,159.01199340820312,0.0
2026-08-20 21:05:00+00:00,159.01400756835938,159.072998046875,158.9980010986328,159.04299926757812,0.0
2026-08-20 21:10:00+00:00,159.04299926757812,159.06700134277344,159.0229949951172,159.04800415039062,0.0
2026-08-20 21:15:00+00:00,159.05999755859375,159.0749969482422,159.01100158691406,159.03199768066406,0.0
2026-08-20 21:20:00+00:00,159.03399658203125,159.04200744628906,159.00900268554688,159.0260009765625,0.0
2026-08-20 21:25:00+00:00,159.03599548339844,159.04100036621094,159.0229949951172,159.03799438476562,0.0
2026-08-20 21:30:00+00:00,159.03399658203125,159.0449981689453,158.98699951171875,159.0399932861328,0.0
2026-08-20 21:35:00+00:00,159.0469970703125,159.0500030517578,158.98699951171875,159.0469970703125,0.0
2026-08-20 21:40:00+00:00,159.03199768066406,159.07699584960938,159.01499938964844,159.0570068359375,0.0
2026-08-20 21:45:00+00:00,159.03199768066406,159.0590057373047,159.0240020751953,159.04600524902344,0.0
2026-08-20 21:50:00+00:00,159.04800415039062,159.0590057373047,159.0260009765625,159.04600524902344,0.0
2026-08-20 21:55:00+00:00,159.031005859375,159.05499267578125,158.98699951171875,159.02000427246094,0.0
2026-08-20 22:00:00+00:00,159.0260009765625,159.07899475097656,159.01199340820312,159.0240020751953,0.0
2026-08-20 22:05:00+00:00,159.0240020751953,159.04299926757812,159.01499938964844,159.0260009765625,0.0
2026-08-20 22:10:00+00:00,159.03199768066406,159.03500366210938,159.00999450683594,159.01300048828125,0.0
2026-08-20 22:15:00+00:00,159.01300048828125,159.03500366210938,159.01300048828125,159.02999877929688,0.0
2026-08-20 22:20:00+00:00,159.0290069580078,159.03199768066406,158.99600219726562,158.99600219726562,0.0
2026-08-20 22:25:00+00:00,158.99600219726562,159.00900268554688,158.94500732421875,158.9720001220703,0.0
2026-08-20 22:30:00+00:00,158.97300720214844,159.01199340820312,158.9720001220703,158.9969940185547,0.0
2026-08-20 22:35:00+00:00,159.0019989013672,159.00999450683594,158.98500061035156,158.98599243164062,0.0
2026-08-20 22:40:00+00:00,158.98699951171875,159.00399780273438,158.9709930419922,158.99000549316406,0.0
2026-08-20 22:45:00+00:00,158.9980010986328,159.00399780273438,158.9709930419922,158.98599243164062,0.0
2026-08-20 22:50:00+00:00,158.9759979248047,158.98599243164062,158.9340057373047,158.96299743652344,0.0
2026-08-20 22:55:00+00:00,158.95799255371094,158.97500610351562,158.94900512695312,158.9550018310547,0.0
2026-08-20 23:00:00+00:00,158.9510040283203,158.96099853515625,158.91299438476562,158.91900634765625,0.0
2026-08-20 23:05:00+00:00,158.91900634765625,158.94900512695312,158.91900634765625,158.9290008544922,0.0
2026-08-20 23:10:00+00:00,158.9290008544922,158.94000244140625,158.8939971923828,158.90499877929688,0.0
2026-08-20 23:15:00+00:00,158.9010009765625,158.91200256347656,158.875,158.89199829101562,0.0
2026-08-20 23:20:00+00:00,158.88400268554688,158.89700317382812,158.8820037841797,158.88800048828125,0.0
2026-08-20 23:25:00+00:00,158.88299560546875,158.91400146484375,158.86900329589844,158.8990020751953,0.0
2026-08-20 23:30:00+00:00,158.9010009765625,158.9429931640625,158.86700439453125,158.92999267578125,0.0
2026-08-20 23:35:00+00:00,158.93099975585938,158.94700622558594,158.92100524902344,158.92799377441406,0.0
2026-08-20 23:40:00+00:00,158.93099975585938,158.93699645996094,158.87899780273438,158.9029998779297,0.0
2026-08-20 23:45:00+00:00,158.90499877929688,158.9219970703125,158.86399841308594,158.8820037841797,0.0
2026-08-20 23:50:00+00:00,158.87899780273438,158.92999267578125,158.87399291992188,158.91900634765625,0.0
2026-08-20 23:55:00+00:00,158.91900634765625,158.927001953125,158.88900756835938,158.88999938964844,0.0
2026-08-21 00:00:00+00:00,158.89300537109375,158.98599243164062,158.86399841308594,158.95799255371094,0.0
2026-08-21 00:05:00+00:00,158.95899963378906,159.02200317382812,158.94900512695312,158.99899291992188,0.0
2026-08-21 00:10:00+00:00,159.0050048828125,159.01499938964844,158.94900512695312,158.96099853515625,0.0
2026-08-21 00:15:00+00:00,158.96200561523438,158.9969940185547,158.90899658203125,158.9239959716797,0.0
2026-08-21 00:20:00+00:00,158.92300415039062,158.97000122070312,158.9040069580078,158.96499633789062,0.0
2026-08-21 00:25:00+00:00,158.96499633789062,159.0240020751953,158.94900512695312,158.99200439453125,0.0
2026-08-21 00:30:00+00:00,158.99600219726562,159.07899475097656,158.99099731445312,159.06199645996094,0.0
2026-08-21 00:35:00+00:00,159.06700134277344,159.09100341796875,159.03399658203125,159.07400512695312,0.0
2026-08-21 00:40:00+00:00,159.07400512695312,159.10000610351562,159.05799865722656,159.0800018310547,0.0
2026-08-21 00:45:00+00:00,159.08799743652344,159.12899780273438,159.07400512695312,159.10899353027344,0.0
2026-08-21 00:50:00+00:00,159.11099243164062,159.1199951171875,159.04800415039062,159.07400512695312,0.0
2026-08-21 00:55:00+00:00,159.07400512695312,159.11599731445312,159.04800415039062,159.0970001220703,0.0
2026-08-21 01:00:00+00:00,159.08900451660156,159.13400268554688,159.05599975585938,159.10400390625,0.0
2026-08-21 01:05:00+00:00,159.0959930419922,159.1300048828125,159.07899475097656,159.10000610351562,0.0
2026-08-21 01:10:00+00:00,159.11199951171875,159.12399291992188,159.05799865722656,159.06900024414062,0.0
2026-08-21 01:15:00+00:00,159.06900024414062,159.08799743652344,159.01800537109375,159.04800415039062,0.0
2026-08-21 01:20:00+00:00,159.04400634765625,159.05799865722656,158.96400451660156,158.9759979248047,0.0
2026-08-21 01:25:00+00:00,158.9759979248047,158.98699951171875,158.94400024414062,158.97500610351562,0.0
2026-08-21 01:30:00+00:00,158.97500610351562,158.9759979248047,158.91600036621094,158.92999267578125,0.0
2026-08-21 01:35:00+00:00,158.93299865722656,158.96200561523438,158.9010009765625,158.95199584960938,0.0
2026-08-21 01:40:00+00:00,158.95599365234375,158.99600219726562,158.95199584960938,158.99600219726562,0.0
2026-08-21 01:45:00+00:00,158.98899841308594,158.9980010986328,158.94400024414062,158.94700622558594,0.0
2026-08-21 01:50:00+00:00,158.94700622558594,159.0019989013672,158.94400024414062,158.98599243164062,0.0
2026-08-21 01:55:00+00:00,158.98199462890625,158.98800659179688,158.9409942626953,158.94500732421875,0.0
2026-08-21 02:00:00+00:00,158.94900512695312,158.98599243164062,158.91799926757812,158.98500061035156,0.0
2026-08-21 02:05:00+00:00,158.97999572753906,159.02099609375,158.9669952392578,158.9929962158203,0.0
2026-08-21 02:10:00+00:00,158.98599243164062,159.00100708007812,158.96200561523438,158.9709930419922,0.0
2026-08-21 02:15:00+00:00,158.9709930419922,159.01300048828125,158.9709930419922,159.00399780273438,0.0
2026-08-21 02:20:00+00:00,158.99600219726562,159.0240020751953,158.93600463867188,158.95799255371094,0.0
2026-08-21 02:25:00+00:00,158.96800231933594,158.99400329589844,158.94500732421875,158.99400329589844,0.0
2026-08-21 02:30:00+00:00,158.98699951171875,158.9929962158203,158.9429931640625,158.94700622558594,0.0
2026-08-21 02:35:00+00:00,158.94400024414062,158.95399475097656,158.91000366210938,158.91400146484375,0.0
2026-08-21 02:40:00+00:00,158.9199981689453,158.947998046875,158.88800048828125,158.9320068359375,0.0
2026-08-21 02:45:00+00:00,158.92599487304688,158.9320068359375,158.8719940185547,158.88900756835938,0.0
2026-08-21 02:50:00+00:00,158.89700317382812,158.94000244140625,158.87899780273438,158.93600463867188,0.0
2026-08-21 02:55:00+00:00,158.93699645996094,158.9709930419922,158.92799377441406,158.96499633789062,0.0
2026-08-21 03:00:00+00:00,158.96200561523438,158.98899841308594,158.9409942626953,158.98500061035156,0.0
2026-08-21 03:05:00+00:00,158.98899841308594,158.99099731445312,158.94900512695312,158.95899963378906,0.0
2026-08-21 03:10:00+00:00,158.96299743652344,158.97500610351562,158.94400024414062,158.95899963378906,0.0
2026-08-21 03:15:00+00:00,158.95199584960938,158.96800231933594,158.93299865722656,158.9550018310547,0.0
2026-08-21 03:20:00+00:00,158.9550018310547,158.98500061035156,158.94900512695312,158.98300170898438,0.0
2026-08-21 03:25:00+00:00,158.9759979248047,159.00599670410156,158.96800231933594,159.0,0.0
2026-08-21 03:30:00+00:00,158.9980010986328,159.05999755859375,158.99400329589844,159.04299926757812,0.0
2026-08-21 03:35:00+00:00,159.04299926757812,159.08799743652344,159.04100036621094,159.0540008544922,0.0
2026-08-21 03:40:00+00:00,159.052001953125,159.06900024414062,159.03599548339844,159.03599548339844,0.0
2026-08-21 03:45:00+00:00,159.03599548339844,159.07000732421875,159.03599548339844,159.05299377441406,0.0
2026-08-21 03:50:00+00:00,159.05099487304688,159.07000732421875,159.01400756835938,159.01699829101562,0.0
2026-08-21 03:55:00+00:00,159.01499938964844,159.02200317382812,158.98399353027344,158.9929962158203,0.0
2026-08-21 04:00:00+00:00,158.99400329589844,159.01199340820312,158.9530029296875,158.968994140625,0.0
2026-08-21 04:05:00+00:00,158.9600067138672,158.99400329589844,158.94700622558594,158.98399353027344,0.0
2026-08-21 04:10:00+00:00,158.97900390625,158.9969940185547,158.9669952392578,158.9759979248047,0.0
2026-08-21 04:15:00+00:00,158.98300170898438,158.99600219726562,158.96499633789062,158.96600341796875,0.0
2026-08-21 04:20:00+00:00,158.97000122070312,159.01199340820312,158.96600341796875,159.00599670410156,0.0
2026-08-21 04:25:00+00:00,159.00399780273438,159.02999877929688,159.00100708007812,159.00799560546875,0.0
2026-08-21 04:30:00+00:00,159.0070037841797,159.031005859375,159.0050048828125,159.01400756835938,0.0
2026-08-21 04:35:00+00:00,159.01300048828125,159.05099487304688,159.01300048828125,159.0290069580078,0.0
2026-08-21 04:40:00+00:00,159.03500366210938,159.06399536132812,159.0260009765625,159.0330047607422,0.0
2026-08-21 04:45:00+00:00,159.02699279785156,159.05599975585938,159.02200317382812,159.05299377441406,0.0
2026-08-21 04:50:00+00:00,159.0469970703125,159.0540008544922,159.02699279785156,159.03700256347656,0.0
2026-08-21 04:55:00+00:00,159.03199768066406,159.03799438476562,158.98399353027344,158.9969940185547,0.0
2026-08-21 05:00:00+00:00,158.9969940185547,159.02999877929688,158.9949951171875,159.00100708007812,0.0
2026-08-21 05:05:00+00:00,158.9980010986328,159.01499938964844,158.98699951171875,159.0050048828125,0.0
2026-08-21 05:10:00+00:00,159.0019989013672,159.01699829101562,158.98599243164062,159.01300048828125,0.0
2026-08-21 05:15:00+00:00,159.00900268554688,159.02099609375,158.9969940185547,159.01400756835938,0.0
2026-08-21 05:20:00+00:00,159.01800537109375,159.031005859375,159.00999450683594,159.01400756835938,0.0
2026-08-21 05:25:00+00:00,159.01400756835938,159.0290069580078,159.00100708007812,159.01699829101562,0.0
2026-08-21 05:30:00+00:00,159.01800537109375,159.01800537109375,158.9600067138672,158.96099853515625,0.0
2026-08-21 05:35:00+00:00,158.96099853515625,158.97000122070312,158.88600158691406,158.9219970703125,0.0
2026-08-21 05:40:00+00:00,158.91099548339844,158.9429931640625,158.8470001220703,158.8470001220703,0.0
2026-08-21 05:45:00+00:00,158.8560028076172,158.89700317382812,158.82400512695312,158.82699584960938,0.0
2026-08-21 05:50:00+00:00,158.83399963378906,158.8560028076172,158.80999755859375,158.84800720214844,0.0
2026-08-21 05:55:00+00:00,158.84500122070312,158.85899353027344,158.8159942626953,158.8300018310547,0.0
2026-08-21 06:00:00+00:00,158.8300018310547,158.88800048828125,158.78500366210938,158.86900329589844,0.0
2026-08-21 06:05:00+00:00,158.86900329589844,158.90499877929688,158.85800170898438,158.875,0.0
2026-08-21 06:10:00+00:00,158.86900329589844,158.91600036621094,158.86700439453125,158.9029998779297,0.0
2026-08-21 06:15:00+00:00,158.8990020751953,158.93800354003906,158.875,158.93299865722656,0.0
2026-08-21 06:20:00+00:00,158.93099975585938,158.96800231933594,158.92100524902344,158.95399475097656,0.0
2026-08-21 06:25:00+00:00,158.9600067138672,158.97999572753906,158.947998046875,158.9770050048828,0.0
2026-08-21 06:30:00+00:00,158.9739990234375,158.98800659179688,158.89999389648438,158.9029998779297,0.0
2026-08-21 06:35:00+00:00,158.90899658203125,158.95199584960938,158.89100646972656,158.93099975585938,0.0
2026-08-21 06:40:00+00:00,158.93899536132812,158.96299743652344,158.91799926757812,158.927001953125,0.0
2026-08-21 06:45:00+00:00,158.927001953125,158.95799255371094,158.88699340820312,158.88800048828125,0.0
2026-08-21 06:50:00+00:00,158.88800048828125,158.9080047607422,158.87100219726562,158.89599609375,0.0
2026-08-21 06:55:00+00:00,158.89599609375,158.93099975585938,158.8800048828125,158.88699340820312,0.0
2026-08-21 07:00:00+00:00,158.88900756835938,158.91900634765625,158.8260040283203,158.8520050048828,0.0
2026-08-21 07:05:00+00:00,158.8560028076172,158.91000366210938,158.83900451660156,158.89999389648438,0.0
2026-08-21 07:10:00+00:00,158.8990020751953,158.93299865722656,158.88299560546875,158.88600158691406,0.0
2026-08-21 07:15:00+00:00,158.88600158691406,158.906005859375,158.8560028076172,158.86700439453125,0.0
2026-08-21 07:20:00+00:00,158.86500549316406,158.91799926757812,158.86399841308594,158.88999938964844,0.0
2026-08-21 07:25:00+00:00,158.88499450683594,158.9040069580078,158.8719940185547,158.87600708007812,0.0
2026-08-21 07:30:00+00:00,158.88400268554688,158.89199829101562,158.80799865722656,158.8260040283203,0.0
2026-08-21 07:35:00+00:00,158.8260040283203,158.8419952392578,158.76600646972656,158.781005859375,0.0
2026-08-21 07:40:00+00:00,158.77499389648438,158.8459930419922,158.75799560546875,158.8419952392578,0.0
2026-08-21 07:45:00+00:00,158.8350067138672,158.843994140625,158.76400756835938,158.7689971923828,0.0
2026-08-21 07:50:00+00:00,158.76800537109375,158.84500122070312,158.72900390625,158.8179931640625,0.0
2026-08-21 07:55:00+00:00,158.8179931640625,158.83999633789062,158.7969970703125,158.81700134277344,0.0
2026-08-21 08:00:00+00:00,158.81700134277344,158.83799743652344,158.76600646972656,158.7969970703125,0.0
2026-08-21 08:05:00+00:00,158.8000030517578,158.8699951171875,158.7740020751953,158.83299255371094,0.0
2026-08-21 08:10:00+00:00,158.83299255371094,158.8419952392578,158.8040008544922,158.80999755859375,0.0
2026-08-21 08:15:00+00:00,158.80799865722656,158.84300231933594,158.78399658203125,158.802001953125,0.0
2026-08-21 08:20:00+00:00,158.8070068359375,158.84300231933594,158.79100036621094,158.7969970703125,0.0
2026-08-21 08:25:00+00:00,158.8000030517578,158.80099487304688,158.71600341796875,158.7239990234375,0.0
2026-08-21 08:30:00+00:00,158.7239990234375,158.75,158.6840057373047,158.6840057373047,0.0
2026-08-21 08:35:00+00:00,158.68800354003906,158.70899963378906,158.60400390625,158.61099243164062,0.0
2026-08-21 08:40:00+00:00,158.6060028076172,158.625,158.55099487304688,158.56900024414062,0.0
2026-08-21 08:45:00+00:00,158.57000732421875,158.63999938964844,158.5570068359375,158.60000610351562,0.0
2026-08-21 08:50:00+00:00,158.60000610351562,158.60699462890625,158.54600524902344,158.57000732421875,0.0
2026-08-21 08:55:00+00:00,158.5659942626953,158.58999633789062,158.50799560546875,158.52200317382812,0.0
2026-08-21 09:00:00+00:00,158.5279998779297,158.5570068359375,158.46099853515625,158.4770050048828,0.0
2026-08-21 09:05:00+00:00,158.4770050048828,158.53900146484375,158.3780059814453,158.38900756835938,0.0
2026-08-21 09:10:00+00:00,158.3979949951172,158.43899536132812,158.3470001220703,158.4149932861328,0.0
2026-08-21 09:15:00+00:00,158.41700744628906,158.46600341796875,158.40499877929688,158.45799255371094,0.0
2026-08-21 09:20:00+00:00,158.45599365234375,158.48300170898438,158.41700744628906,158.45899963378906,0.0
2026-08-21 09:25:00+00:00,158.45899963378906,158.51699829101562,158.45799255371094,158.48599243164062,0.0
2026-08-21 09:30:00+00:00,158.48599243164062,158.52000427246094,158.44200134277344,158.45399475097656,0.0
2026-08-21 09:35:00+00:00,158.45799255371094,158.4980010986328,158.4510040283203,158.48500061035156,0.0
2026-08-21 09:40:00+00:00,158.47900390625,158.5500030517578,158.47799682617188,158.53399658203125,0.0
2026-08-21 09:45:00+00:00,158.5330047607422,158.58200073242188,158.5260009765625,158.54800415039062,0.0
2026-08-21 09:50:00+00:00,158.5489959716797,158.5959930419922,158.54800415039062,158.5679931640625,0.0
2026-08-21 09:55:00+00:00,158.56500244140625,158.60800170898438,158.552001953125,158.5970001220703,0.0
2026-08-21 10:00:00+00:00,158.60299682617188,158.61900329589844,158.56700134277344,158.60400390625,0.0
2026-08-21 10:05:00+00:00,158.60400390625,158.63800048828125,158.5760040283203,158.62399291992188,0.0
2026-08-21 10:10:00+00:00,158.62899780273438,158.6479949951172,158.61500549316406,158.63699340820312,0.0
2026-08-21 10:15:00+00:00,158.6320037841797,158.63800048828125,158.5659942626953,158.57899475097656,0.0
2026-08-21 10:20:00+00:00,158.57899475097656,158.60800170898438,158.572998046875,158.57400512695312,0.0
2026-08-21 10:25:00+00:00,158.5800018310547,158.58599853515625,158.51800537109375,158.52699279785156,0.0
2026-08-21 10:30:00+00:00,158.5330047607422,158.5749969482422,158.52699279785156,158.5679931640625,0.0
2026-08-21 10:35:00+00:00,158.5659942626953,158.58299255371094,158.552001953125,158.56700134277344,0.0
2026-08-21 10:40:00+00:00,158.57400512695312,158.61199951171875,158.57400512695312,158.58999633789062,0.0
2026-08-21 10:45:00+00:00,158.58900451660156,158.6320037841797,158.58200073242188,158.625,0.0
2026-08-21 10:50:00+00:00,158.625,158.718994140625,158.625,158.70599365234375,0.0
2026-08-21 10:55:00+00:00,158.7050018310547,158.73500061035156,158.68299865722656,158.69500732421875,0.0
2026-08-21 11:00:00+00:00,158.697998046875,158.70799255371094,158.67599487304688,158.69000244140625,0.0
2026-08-21 11:05:00+00:00,158.69000244140625,158.76800537109375,158.68600463867188,158.72900390625,0.0
2026-08-21 11:10:00+00:00,158.7310028076172,158.74200439453125,158.70399475097656,158.72799682617188,0.0
2026-08-21 11:15:00+00:00,158.73300170898438,158.73300170898438,158.69700622558594,158.71299743652344,0.0
2026-08-21 11:20:00+00:00,158.71200561523438,158.72799682617188,158.58700561523438,158.61500549316406,0.0
2026-08-21 11:25:00+00:00,158.61900329589844,158.64599609375,158.5489959716797,158.55999755859375,0.0
2026-08-21 11:30:00+00:00,158.5540008544922,158.67100524902344,158.5469970703125,158.6439971923828,0.0
2026-08-21 11:35:00+00:00,158.6439971923828,158.6580047607422,158.5489959716797,158.58900451660156,0.0
2026-08-21 11:40:00+00:00,158.5959930419922,158.66299438476562,158.58700561523438,158.62399291992188,0.0
2026-08-21 11:45:00+00:00,158.62399291992188,158.69200134277344,158.6199951171875,158.67300415039062,0.0
2026-08-21 11:50:00+00:00,158.6719970703125,158.7100067138672,158.66600036621094,158.69400024414062,0.0
2026-08-21 11:55:00+00:00,158.69700622558594,158.71200561523438,158.64599609375,158.6820068359375,0.0
2026-08-21 12:00:00+00:00,158.6820068359375,158.70899963378906,158.6179962158203,158.69700622558594,0.0
2026-08-21 12:05:00+00:00,158.69700622558594,158.70599365234375,158.64599609375,158.69000244140625,0.0
2026-08-21 12:10:00+00:00,158.68699645996094,158.7169952392578,158.68499755859375,158.71400451660156,0.0
2026-08-21 12:15:00+00:00,158.71200561523438,158.7530059814453,158.69500732421875,158.71499633789062,0.0
2026-08-21 12:20:00+00:00,158.71099853515625,158.73899841308594,158.66200256347656,158.67999267578125,0.0
2026-08-21 12:25:00+00:00,158.6790008544922,158.71400451660156,158.6719970703125,158.6999969482422,0.0
2026-08-21 12:30:00+00:00,158.6999969482422,158.7689971923828,158.69900512695312,158.74400329589844,0.0
2026-08-21 12:35:00+00:00,158.74899291992188,158.8350067138672,158.73800659179688,158.82699584960938,0.0
2026-08-21 12:40:00+00:00,158.83200073242188,158.8459930419922,158.74200439453125,158.7689971923828,0.0
2026-08-21 12:45:00+00:00,158.76400756835938,158.7899932861328,158.75100708007812,158.77099609375,0.0
2026-08-21 12:50:00+00:00,158.76400756835938,158.81199645996094,158.76199340820312,158.76600646972656,0.0
2026-08-21 12:55:00+00:00,158.76699829101562,158.79200744628906,158.73399353027344,158.7530059814453,0.0
2026-08-21 13:00:00+00:00,158.7469940185547,158.79200744628906,158.71600341796875,158.77699279785156,0.0
2026-08-21 13:05:00+00:00,158.781005859375,158.83700561523438,158.75599670410156,158.8000030517578,0.0
2026-08-21 13:10:00+00:00,158.79800415039062,158.81900024414062,158.7689971923828,158.7790069580078,0.0
2026-08-21 13:15:00+00:00,158.78599548339844,158.87100219726562,158.77499389648438,158.84300231933594,0.0
2026-08-21 13:20:00+00:00,158.83999633789062,158.86900329589844,158.8070068359375,158.8489990234375,0.0
2026-08-21 13:25:00+00:00,158.8489990234375,158.8699951171875,158.83200073242188,158.85299682617188,0.0
2026-08-21 13:30:00+00:00,158.85800170898438,158.88699340820312,158.83399963378906,158.87100219726562,0.0
2026-08-21 13:35:00+00:00,158.86099243164062,158.8719940185547,158.8000030517578,158.81700134277344,0.0
2026-08-21 13:40:00+00:00,158.822998046875,158.8459930419922,158.8040008544922,158.8260040283203,0.0
2026-08-21 13:45:00+00:00,158.81700134277344,158.89599609375,158.81399536132812,158.85400390625,0.0
2026-08-21 13:50:00+00:00,158.85400390625,158.86300659179688,158.76400756835938,158.77000427246094,0.0
2026-08-21 13:55:00+00:00,158.7689971923828,158.80299377441406,158.75,158.77000427246094,0.0
2026-08-21 14:00:00+00:00,158.7729949951172,158.84500122070312,158.76300048828125,158.8249969482422,0.0
2026-08-21 14:05:00+00:00,158.8249969482422,158.8820037841797,158.80299377441406,158.86199951171875,0.0
2026-08-21 14:10:00+00:00,158.86199951171875,158.88099670410156,158.8280029296875,158.83599853515625,0.0
2026-08-21 14:15:00+00:00,158.83599853515625,158.85499572753906,158.81399536132812,158.8470001220703,0.0
2026-08-21 14:20:00+00:00,158.84800720214844,158.89300537109375,158.8470001220703,158.87399291992188,0.0
2026-08-21 14:25:00+00:00,158.86700439453125,158.89199829101562,158.84800720214844,158.8820037841797,0.0
2026-08-21 14:30:00+00:00,158.88099670410156,158.9669952392578,158.88099670410156,158.96099853515625,0.0
2026-08-21 14:35:00+00:00,158.9669952392578,159.00799560546875,158.95199584960938,158.9709930419922,0.0
2026-08-21 14:40:00+00:00,158.96499633789062,158.99899291992188,158.91700744628906,158.9739990234375,0.0
2026-08-21 14:45:00+00:00,158.9720001220703,158.97900390625,158.927001953125,158.94200134277344,0.0
2026-08-21 14:50:00+00:00,158.93800354003906,158.96099853515625,158.8990020751953,158.9409942626953,0.0
2026-08-21 14:55:00+00:00,158.93600463867188,159.00399780273438,158.9290008544922,158.95199584960938,0.0
2026-08-21 15:00:00+00:00,158.95199584960938,158.98699951171875,158.91200256347656,158.93299865722656,0.0
2026-08-21 15:05:00+00:00,158.9320068359375,158.98500061035156,158.91799926757812,158.9770050048828,0.0
2026-08-21 15:10:00+00:00,158.9739990234375,159.03199768066406,158.947998046875,159.00900268554688,0.0
2026-08-21 15:15:00+00:00,159.01600646972656,159.0399932861328,158.98899841308594,158.9969940185547,0.0
2026-08-21 15:20:00+00:00,159.00399780273438,159.03500366210938,158.98699951171875,159.03199768066406,0.0
2026-08-21 15:25:00+00:00,159.02699279785156,159.03399658203125,158.94900512695312,158.9759979248047,0.0
2026-08-21 15:30:00+00:00,158.9770050048828,158.99000549316406,158.9290008544922,158.93499755859375,0.0
2026-08-21 15:35:00+00:00,158.9290008544922,158.97300720214844,158.9040069580078,158.93899536132812,0.0
2026-08-21 15:40:00+00:00,158.93899536132812,158.9550018310547,158.90699768066406,158.9219970703125,0.0
2026-08-21 15:45:00+00:00,158.9149932861328,158.95700073242188,158.91200256347656,158.9499969482422,0.0
2026-08-21 15:50:00+00:00,158.9499969482422,158.95899963378906,158.9219970703125,158.93499755859375,0.0
2026-08-21 15:55:00+00:00,158.93499755859375,158.94900512695312,158.89700317382812,158.91600036621094,0.0
2026-08-21 16:00:00+00:00,158.91000366210938,158.94400024414062,158.91000366210938,158.92300415039062,0.0
2026-08-21 16:05:00+00:00,158.92300415039062,158.9810028076172,158.91700744628906,158.9669952392578,0.0
2026-08-21 16:10:00+00:00,158.96499633789062,158.9720001220703,158.93600463867188,158.9429931640625,0.0
2026-08-21 16:15:00+00:00,158.9429931640625,158.9709930419922,158.93699645996094,158.96400451660156,0.0
2026-08-21 16:20:00+00:00,158.9709930419922,158.9709930419922,158.82000732421875,158.94000244140625,0.0
2026-08-21 16:25:00+00:00,158.93499755859375,158.97000122070312,158.91400146484375,158.947998046875,0.0
2026-08-21 16:30:00+00:00,158.947998046875,158.96099853515625,158.9290008544922,158.947998046875,0.0
2026-08-21 16:35:00+00:00,158.94900512695312,158.95799255371094,158.927001953125,158.93600463867188,0.0
2026-08-21 16:40:00+00:00,158.92999267578125,158.9669952392578,158.9290008544922,158.9459991455078,0.0
2026-08-21 16:45:00+00:00,158.9499969482422,158.9550018310547,158.92599487304688,158.92999267578125,0.0
2026-08-21 16:50:00+00:00,158.92999267578125,158.96299743652344,158.91900634765625,158.94500732421875,0.0
2026-08-21 16:55:00+00:00,158.9429931640625,158.968994140625,158.93899536132812,158.95899963378906,0.0
2026-08-21 17:00:00+00:00,158.95899963378906,159.0019989013672,158.95899963378906,158.99899291992188,0.0
2026-08-21 17:05:00+00:00,158.9929962158203,159.03599548339844,158.99099731445312,159.01199340820312,0.0
2026-08-21 17:10:00+00:00,159.0050048828125,159.03500366210938,159.00399780273438,159.01499938964844,0.0
2026-08-21 17:15:00+00:00,159.02000427246094,159.04400634765625,159.00100708007812,159.01600646972656,0.0
2026-08-21 17:20:00+00:00,159.01100158691406,159.02699279785156,159.00399780273438,159.01699829101562,0.0
2026-08-21 17:25:00+00:00,159.01699829101562,159.03399658203125,158.95700073242188,158.98899841308594,0.0
2026-08-21 17:30:00+00:00,158.98699951171875,159.01100158691406,158.9739990234375,158.97500610351562,0.0
2026-08-21 17:35:00+00:00,158.97500610351562,159.0,158.96499633789062,158.99000549316406,0.0
2026-08-21 17:40:00+00:00,158.99600219726562,159.02000427246094,158.98599243164062,159.01499938964844,0.0
2026-08-21 17:45:00+00:00,159.01400756835938,159.03700256347656,159.00900268554688,159.02699279785156,0.0
2026-08-21 17:50:00+00:00,159.0279998779297,159.03500366210938,159.00399780273438,159.01300048828125,0.0
2026-08-21 17:55:00+00:00,159.01300048828125,159.02499389648438,159.00399780273438,159.01600646972656,0.0
2026-08-21 18:00:00+00:00,159.01199340820312,159.01699829101562,158.97900390625,158.99099731445312,0.0
2026-08-21 18:05:00+00:00,158.98800659179688,159.01199340820312,158.98599243164062,159.0019989013672,0.0
2026-08-21 18:10:00+00:00,159.0030059814453,159.01699829101562,158.99899291992188,159.01600646972656,0.0
2026-08-21 18:15:00+00:00,159.01100158691406,159.0240020751953,159.0030059814453,159.0050048828125,0.0
2026-08-21 18:20:00+00:00,159.0050048828125,159.03500366210938,159.0050048828125,159.02499389648438,0.0
2026-08-21 18:25:00+00:00,159.0279998779297,159.0279998779297,159.00100708007812,159.01600646972656,0.0
2026-08-21 18:30:00+00:00,159.01400756835938,159.03199768066406,159.01199340820312,159.02000427246094,0.0
2026-08-21 18:35:00+00:00,159.02200317382812,159.03700256347656,159.0019989013672,159.01400756835938,0.0
2026-08-21 18:40:00+00:00,159.01400756835938,159.0330047607422,159.01199340820312,159.0279998779297,0.0
2026-08-21 18:45:00+00:00,159.0240020751953,159.0330047607422,159.01199340820312,159.03199768066406,0.0
2026-08-21 18:50:00+00:00,159.0279998779297,159.052001953125,159.0260009765625,159.0290069580078,0.0
2026-08-21 18:55:00+00:00,159.0330047607422,159.0469970703125,159.01300048828125,159.01400756835938,0.0
2026-08-21 19:00:00+00:00,159.01499938964844,159.031005859375,159.0019989013672,159.01499938964844,0.0
2026-08-21 19:05:00+00:00,159.01400756835938,159.0229949951172,159.00999450683594,159.01499938964844,0.0
2026-08-21 19:10:00+00:00,159.02000427246094,159.03900146484375,159.01499938964844,159.0290069580078,0.0
2026-08-21 19:15:00+00:00,159.0330047607422,159.04200744628906,159.02200317382812,159.0240020751953,0.0
2026-08-21 19:20:00+00:00,159.0229949951172,159.031005859375,159.01199340820312,159.0240020751953,0.0
2026-08-21 19:25:00+00:00,159.0240020751953,159.04100036621094,159.0229949951172,159.03599548339844,0.0
2026-08-21 19:30:00+00:00,159.02999877929688,159.03799438476562,159.01400756835938,159.02200317382812,0.0
2026-08-21 19:35:00+00:00,159.0229949951172,159.0290069580078,158.99000549316406,158.99000549316406,0.0
2026-08-21 19:40:00+00:00,158.9980010986328,159.01199340820312,158.98899841308594,159.01100158691406,0.0
2026-08-21 19:45:00+00:00,159.01100158691406,159.01199340820312,158.9550018310547,158.9550018310547,0.0
2026-08-21 19:50:00+00:00,158.9600067138672,158.99400329589844,158.95799255371094,158.97500610351562,0.0
2026-08-21 19:55:00+00:00,158.97500610351562,159.00799560546875,158.97500610351562,158.9949951171875,0.0
2026-08-21 20:00:00+00:00,158.9980010986328,159.01300048828125,158.98899841308594,158.99099731445312,0.0
2026-08-21 20:05:00+00:00,158.9969940185547,159.01199340820312,158.98300170898438,158.98399353027344,0.0
2026-08-21 20:10:00+00:00,158.99000549316406,159.00799560546875,158.9810028076172,158.99200439453125,0.0
2026-08-21 20:15:00+00:00,158.99099731445312,158.9929962158203,158.96499633789062,158.99200439453125,0.0
2026-08-21 20:20:00+00:00,158.98399353027344,159.0019989013672,158.9810028076172,158.9929962158203,0.0
2026-08-21 20:25:00+00:00,158.99200439453125,159.01600646972656,158.9810028076172,159.00399780273438,0.0
2026-08-21 20:30:00+00:00,159.00799560546875,159.01800537109375,158.99600219726562,159.00399780273438,0.0
2026-08-21 20:35:00+00:00,158.9980010986328,159.00799560546875,158.99400329589844,159.0019989013672,0.0
2026-08-21 20:40:00+00:00,159.0019989013672,159.01300048828125,158.9669952392578,158.9720001220703,0.0
2026-08-21 20:45:00+00:00,158.96800231933594,158.99200439453125,158.96800231933594,158.9709930419922,0.0
2026-08-21 20:50:00+00:00,158.97000122070312,158.9949951171875,158.97000122070312,158.98300170898438,0.0
2026-08-21 20:55:00+00:00,158.9720001220703,158.9929962158203,158.86199951171875,158.86199951171875,0.0
2026-08-21 22:55:00+00:00,158.94000244140625,158.94000244140625,158.94000244140625,158.94000244140625,0.0
2026-08-23 23:00:00+00:00,158.96299743652344,158.98199462890625,158.93499755859375,158.95399475097656,0.0
2026-08-23 23:05:00+00:00,158.94900512695312,158.96299743652344,158.94500732421875,158.9550018310547,0.0
2026-08-23 23:10:00+00:00,158.94900512695312,158.9600067138672,158.94000244140625,158.95599365234375,0.0
2026-08-23 23:15:00+00:00,158.95399475097656,158.96400451660156,158.947998046875,158.95899963378906,0.0
2026-08-23 23:20:00+00:00,158.9530029296875,158.9709930419922,158.94900512695312,158.97000122070312,0.0
2026-08-23 23:25:00+00:00,158.968994140625,158.98800659179688,158.95399475097656,158.9669952392578,0.0
2026-08-23 23:30:00+00:00,158.96299743652344,158.98599243164062,158.9600067138672,158.97799682617188,0.0
2026-08-23 23:35:00+00:00,158.9759979248047,158.98800659179688,158.96400451660156,158.98800659179688,0.0
2026-08-23 23:40:00+00:00,158.97799682617188,159.0030059814453,158.9770050048828,158.9810028076172,0.0
2026-08-23 23:45:00+00:00,158.98300170898438,158.9980010986328,158.97300720214844,158.9739990234375,0.0
2026-08-23 23:50:00+00:00,158.97500610351562,158.98500061035156,158.9250030517578,158.92999267578125,0.0
2026-08-23 23:55:00+00:00,158.93499755859375,158.94400024414062,158.86399841308594,158.87100219726562,0.0
2026-08-24 00:00:00+00:00,158.8699951171875,158.88699340820312,158.843994140625,158.87100219726562,0.0
2026-08-24 00:05:00+00:00,158.86599731445312,158.88800048828125,158.80599975585938,158.8459930419922,0.0
2026-08-24 00:10:00+00:00,158.8459930419922,158.86399841308594,158.80499267578125,158.83799743652344,0.0
2026-08-24 00:15:00+00:00,158.83799743652344,158.83900451660156,158.7969970703125,158.8249969482422,0.0
2026-08-24 00:20:00+00:00,158.8209991455078,158.8260040283203,158.7259979248047,158.7480010986328,0.0
2026-08-24 00:25:00+00:00,158.7469940185547,158.77699279785156,158.73500061035156,158.7729949951172,0.0
2026-08-24 00:30:00+00:00,158.76600646972656,158.7899932861328,158.7270050048828,158.73399353027344,0.0
2026-08-24 00:35:00+00:00,158.73699951171875,158.76300048828125,158.70899963378906,158.7259979248047,0.0
2026-08-24 00:40:00+00:00,158.73399353027344,158.76300048828125,158.72300720214844,158.74600219726562,0.0
2026-08-24 00:45:00+00:00,158.7449951171875,158.81300354003906,158.7169952392578,158.78700256347656,0.0
2026-08-24 00:50:00+00:00,158.78900146484375,158.80999755859375,158.73599243164062,158.74600219726562,0.0
2026-08-24 00:55:00+00:00,158.74099731445312,158.78900146484375,158.697998046875,158.7239990234375,0.0
2026-08-24 01:00:00+00:00,158.7239990234375,158.78900146484375,158.71099853515625,158.78199768066406,0.0
2026-08-24 01:05:00+00:00,158.77999877929688,158.81399536132812,158.75599670410156,158.79200744628906,0.0
2026-08-24 01:10:00+00:00,158.78700256347656,158.8470001220703,158.77999877929688,158.843994140625,0.0
2026-08-24 01:15:00+00:00,158.83599853515625,158.88699340820312,158.83599853515625,158.8769989013672,0.0
2026-08-24 01:20:00+00:00,158.8780059814453,158.9219970703125,158.85499572753906,158.86000061035156,0.0
2026-08-24 01:25:00+00:00,158.86000061035156,158.9239959716797,158.86000061035156,158.91299438476562,0.0
2026-08-24 01:30:00+00:00,158.91700744628906,158.9530029296875,158.91000366210938,158.91700744628906,0.0
2026-08-24 01:35:00+00:00,158.91600036621094,158.947998046875,158.91400146484375,158.9239959716797,0.0
2026-08-24 01:40:00+00:00,158.9239959716797,158.93299865722656,158.8800048828125,158.88800048828125,0.0
2026-08-24 01:45:00+00:00,158.88800048828125,158.89999389648438,158.86500549316406,158.86500549316406,0.0
2026-08-24 01:50:00+00:00,158.86500549316406,158.88600158691406,158.8459930419922,158.85499572753906,0.0
2026-08-24 01:55:00+00:00,158.85400390625,158.86300659179688,158.822998046875,158.8419952392578,0.0
2026-08-24 02:00:00+00:00,158.83599853515625,158.8560028076172,158.81199645996094,158.8300018310547,0.0
2026-08-24 02:05:00+00:00,158.82699584960938,158.86000061035156,158.82400512695312,158.8470001220703,0.0
2026-08-24 02:10:00+00:00,158.8470001220703,158.86300659179688,158.8300018310547,158.8300018310547,0.0
2026-08-24 02:15:00+00:00,158.83900451660156,158.85299682617188,158.8040008544922,158.83399963378906,0.0
2026-08-24 02:20:00+00:00,158.83399963378906,158.8470001220703,158.8249969482422,158.8249969482422,0.0
2026-08-24 02:25:00+00:00,158.8280029296875,158.86000061035156,158.80999755859375,158.85000610351562,0.0
2026-08-24 02:30:00+00:00,158.85800170898438,158.906005859375,158.8470001220703,158.9040069580078,0.0
2026-08-24 02:35:00+00:00,158.90499877929688,158.91799926757812,158.88499450683594,158.9029998779297,0.0
2026-08-24 02:40:00+00:00,158.9010009765625,158.91799926757812,158.88600158691406,158.88800048828125,0.0
2026-08-24 02:45:00+00:00,158.88699340820312,158.9040069580078,158.875,158.89999389648438,0.0
2026-08-24 02:50:00+00:00,158.8939971923828,158.9149932861328,158.86700439453125,158.87399291992188,0.0
2026-08-24 02:55:00+00:00,158.8679962158203,158.88900756835938,158.85800170898438,158.8730010986328,0.0
2026-08-24 03:00:00+00:00,158.8730010986328,158.91600036621094,158.8719940185547,158.9040069580078,0.0
2026-08-24 03:05:00+00:00,158.9040069580078,158.9429931640625,158.90199279785156,158.9149932861328,0.0
2026-08-24 03:10:00+00:00,158.91700744628906,158.93600463867188,158.90499877929688,158.9199981689453,0.0
2026-08-24 03:15:00+00:00,158.92100524902344,158.92999267578125,158.9040069580078,158.91299438476562,0.0
2026-08-24 03:20:00+00:00,158.9080047607422,158.93699645996094,158.89199829101562,158.89300537109375,0.0
2026-08-24 03:25:00+00:00,158.8990020751953,158.91799926757812,158.89300537109375,158.91099548339844,0.0
2026-08-24 03:30:00+00:00,158.91400146484375,158.92100524902344,158.90499877929688,158.91099548339844,0.0
2026-08-24 03:35:00+00:00,158.91700744628906,158.94400024414062,158.91000366210938,158.9320068359375,0.0
2026-08-24 03:40:00+00:00,158.9290008544922,158.94700622558594,158.9199981689453,158.93899536132812,0.0
2026-08-24 03:45:00+00:00,158.93899536132812,158.95700073242188,158.9219970703125,158.95599365234375,0.0
2026-08-24 03:50:00+00:00,158.9499969482422,158.97000122070312,158.9250030517578,158.9250030517578,0.0
2026-08-24 03:55:00+00:00,158.9250030517578,158.94900512695312,158.91200256347656,158.927001953125,0.0
2026-08-24 04:00:00+00:00,158.927001953125,158.94900512695312,158.90699768066406,158.94200134277344,0.0
2026-08-24 04:05:00+00:00,158.94000244140625,158.96099853515625,158.93699645996094,158.9550018310547,0.0
2026-08-24 04:10:00+00:00,158.95599365234375,158.96299743652344,158.80799865722656,158.9080047607422,0.0
2026-08-24 04:15:00+00:00,158.90699768066406,158.94000244140625,158.8990020751953,158.91299438476562,0.0
2026-08-24 04:20:00+00:00,158.9149932861328,158.9219970703125,158.88900756835938,158.9010009765625,0.0
2026-08-24 04:25:00+00:00,158.90499877929688,158.906005859375,158.80799865722656,158.83700561523438,0.0
2026-08-24 04:30:00+00:00,158.83700561523438,158.86199951171875,158.82400512695312,158.84100341796875,0.0
2026-08-24 04:35:00+00:00,158.84100341796875,158.8730010986328,158.8249969482422,158.86599731445312,0.0
2026-08-24 04:40:00+00:00,158.86500549316406,158.8769989013672,158.85000610351562,158.86700439453125,0.0
2026-08-24 04:45:00+00:00,158.86700439453125,158.9199981689453,158.86500549316406,158.90199279785156,0.0
2026-08-24 04:50:00+00:00,158.8979949951172,158.9080047607422,158.86099243164062,158.86199951171875,0.0
2026-08-24 04:55:00+00:00,158.86199951171875,158.87899780273438,158.8509979248047,158.85800170898438,0.0
2026-08-24 05:00:00+00:00,158.85899353027344,158.91600036621094,158.8509979248047,158.88099670410156,0.0
2026-08-24 05:05:00+00:00,158.88400268554688,158.9219970703125,158.8769989013672,158.9080047607422,0.0
2026-08-24 05:10:00+00:00,158.906005859375,158.93600463867188,158.89700317382812,158.91900634765625,0.0
2026-08-24 05:15:00+00:00,158.91900634765625,158.927001953125,158.88699340820312,158.88999938964844,0.0
2026-08-24 05:20:00+00:00,158.88999938964844,158.9320068359375,158.88900756835938,158.92999267578125,0.0
2026-08-24 05:25:00+00:00,158.927001953125,158.93800354003906,158.91400146484375,158.9219970703125,0.0
2026-08-24 05:30:00+00:00,158.9250030517578,158.94500732421875,158.91900634765625,158.92799377441406,0.0
2026-08-24 05:35:00+00:00,158.9250030517578,158.95199584960938,158.9040069580078,158.94000244140625,0.0
2026-08-24 05:40:00+00:00,158.94400024414062,158.9759979248047,158.94000244140625,158.968994140625,0.0
2026-08-24 05:45:00+00:00,158.96099853515625,158.9720001220703,158.93699645996094,158.94700622558594,0.0
2026-08-24 05:50:00+00:00,158.94900512695312,158.95700073242188,158.91600036621094,158.93499755859375,0.0
2026-08-24 05:55:00+00:00,158.93600463867188,158.93699645996094,158.88800048828125,158.8979949951172,0.0
2026-08-24 06:00:00+00:00,158.8979949951172,158.9199981689453,158.8730010986328,158.8800048828125,0.0
2026-08-24 06:05:00+00:00,158.8800048828125,158.8939971923828,158.8520050048828,158.88600158691406,0.0
2026-08-24 06:10:00+00:00,158.88299560546875,158.91000366210938,158.8719940185547,158.87899780273438,0.0
2026-08-24 06:15:00+00:00,158.87899780273438,158.91900634765625,158.8520050048828,158.91799926757812,0.0
2026-08-24 06:20:00+00:00,158.91200256347656,158.95599365234375,158.90199279785156,158.94400024414062,0.0
2026-08-24 06:25:00+00:00,158.94500732421875,158.96099853515625,158.93600463867188,158.9459991455078,0.0
2026-08-24 06:30:00+00:00,158.94000244140625,158.96099853515625,158.92999267578125,158.94900512695312,0.0
2026-08-24 06:35:00+00:00,158.95199584960938,158.9810028076172,158.9429931640625,158.96499633789062,0.0
2026-08-24 06:40:00+00:00,158.96499633789062,158.9810028076172,158.9499969482422,158.9510040283203,0.0
2026-08-24 06:45:00+00:00,158.9499969482422,158.97999572753906,158.94000244140625,158.96099853515625,0.0
2026-08-24 06:50:00+00:00,158.96600341796875,158.96600341796875,158.92599487304688,158.96099853515625,0.0
2026-08-24 06:55:00+00:00,158.9550018310547,159.03199768066406,158.9550018310547,159.031005859375,0.0
2026-08-24 07:00:00+00:00,159.02699279785156,159.04100036621094,158.97900390625,158.9929962158203,0.0
2026-08-24 07:05:00+00:00,158.99200439453125,159.09300231933594,158.98399353027344,159.0780029296875,0.0
2026-08-24 07:10:00+00:00,159.08399963378906,159.11199951171875,159.0500030517578,159.0850067138672,0.0
2026-08-24 07:15:00+00:00,159.0800018310547,159.13499450683594,159.0760040283203,159.1009979248047,0.0
2026-08-24 07:20:00+00:00,159.1009979248047,159.10699462890625,159.0749969482422,159.10400390625,0.0
2026-08-24 07:25:00+00:00,159.1020050048828,159.1490020751953,159.1020050048828,159.1269989013672,0.0
2026-08-24 07:30:00+00:00,159.1269989013672,159.14599609375,159.08700561523438,159.08799743652344,0.0
2026-08-24 07:35:00+00:00,159.09300231933594,159.12100219726562,159.0850067138672,159.11199951171875,0.0
2026-08-24 07:40:00+00:00,159.11199951171875,159.18699645996094,159.10400390625,159.16000366210938,0.0
2026-08-24 07:45:00+00:00,159.16600036621094,159.1840057373047,159.1269989013672,159.156005859375,0.0
2026-08-24 07:50:00+00:00,159.15199279785156,159.16600036621094,159.1300048828125,159.14500427246094,0.0
2026-08-24 07:55:00+00:00,159.14500427246094,159.16200256347656,159.1199951171875,159.1580047607422,0.0
2026-08-24 08:00:00+00:00,159.15499877929688,159.21400451660156,159.1510009765625,159.19400024414062,0.0
2026-08-24 08:05:00+00:00,159.19500732421875,159.21600341796875,159.1439971923828,159.19700622558594,0.0
2026-08-24 08:10:00+00:00,159.2030029296875,159.23899841308594,159.19000244140625,159.23199462890625,0.0
2026-08-24 08:15:00+00:00,159.2270050048828,159.2480010986328,159.2209930419922,159.22999572753906,0.0
2026-08-24 08:20:00+00:00,159.22999572753906,159.2429962158203,159.2239990234375,159.22999572753906,0.0
2026-08-24 08:25:00+00:00,159.2310028076172,159.27099609375,159.22999572753906,159.26499938964844,0.0
2026-08-24 08:30:00+00:00,159.26499938964844,159.28199768066406,159.25599670410156,159.27200317382812,0.0
2026-08-24 08:35:00+00:00,159.27499389648438,159.2790069580078,159.24000549316406,159.24000549316406,0.0
2026-08-24 08:40:00+00:00,159.24000549316406,159.2480010986328,159.2050018310547,159.21400451660156,0.0
2026-08-24 08:45:00+00:00,159.21499633789062,159.22300720214844,159.16400146484375,159.1739959716797,0.0
2026-08-24 08:50:00+00:00,159.1750030517578,159.1929931640625,159.1540069580078,159.16200256347656,0.0
2026-08-24 08:55:00+00:00,159.16200256347656,159.19700622558594,159.15199279785156,159.18899536132812,0.0
2026-08-24 09:00:00+00:00,159.19200134277344,159.19700622558594,159.14500427246094,159.16299438476562,0.0
2026-08-24 09:05:00+00:00,159.16200256347656,159.2030029296875,159.15499877929688,159.18600463867188,0.0
2026-08-24 09:10:00+00:00,159.18600463867188,159.2050018310547,159.17100524902344,159.17599487304688,0.0
2026-08-24 09:15:00+00:00,159.17300415039062,159.1999969482422,159.16099548339844,159.19000244140625,0.0
2026-08-24 09:20:00+00:00,159.19000244140625,159.22300720214844,159.18600463867188,159.2100067138672,0.0
2026-08-24 09:25:00+00:00,159.2100067138672,159.23399353027344,159.18699645996094,159.19500732421875,0.0
2026-08-24 09:30:00+00:00,159.19400024414062,159.1959991455078,159.15499877929688,159.1739959716797,0.0
2026-08-24 09:35:00+00:00,159.16700744628906,159.19000244140625,159.16700744628906,159.1719970703125,0.0
2026-08-24 09:40:00+00:00,159.1750030517578,159.20700073242188,159.1699981689453,159.2030029296875,0.0
2026-08-24 09:45:00+00:00,159.20199584960938,159.22500610351562,159.18099975585938,159.19700622558594,0.0
2026-08-24 09:50:00+00:00,159.197998046875,159.20899963378906,159.18299865722656,159.18899536132812,0.0
2026-08-24 09:55:00+00:00,159.18299865722656,159.21600341796875,159.1699981689453,159.197998046875,0.0
2026-08-24 10:00:00+00:00,159.2050018310547,159.21499633789062,159.18499755859375,159.2010040283203,0.0
2026-08-24 10:05:00+00:00,159.1959991455078,159.2100067138672,159.17999267578125,159.1999969482422,0.0
2026-08-24 10:10:00+00:00,159.197998046875,159.20899963378906,159.16700744628906,159.18099975585938,0.0
2026-08-24 10:15:00+00:00,159.18099975585938,159.18800354003906,159.13299560546875,159.14999389648438,0.0
2026-08-24 10:20:00+00:00,159.14599609375,159.16299438476562,159.1179962158203,159.156005859375,0.0
2026-08-24 10:25:00+00:00,159.156005859375,159.16900634765625,159.13299560546875,159.16900634765625,0.0
2026-08-24 10:30:00+00:00,159.1699981689453,159.1699981689453,159.11599731445312,159.11599731445312,0.0
2026-08-24 10:35:00+00:00,159.11700439453125,159.14100646972656,159.11500549316406,159.13099670410156,0.0
2026-08-24 10:40:00+00:00,159.125,159.1699981689453,159.1179962158203,159.16799926757812,0.0
2026-08-24 10:45:00+00:00,159.16200256347656,159.2010040283203,159.15199279785156,159.18800354003906,0.0
2026-08-24 10:50:00+00:00,159.18800354003906,159.20599365234375,159.17300415039062,159.17300415039062,0.0
2026-08-24 10:55:00+00:00,159.1790008544922,159.2050018310547,159.15499877929688,159.197998046875,0.0
2026-08-24 11:00:00+00:00,159.20599365234375,159.23199462890625,159.1929931640625,159.2270050048828,0.0
2026-08-24 11:05:00+00:00,159.2239990234375,159.23199462890625,159.1929931640625,159.2050018310547,0.0
2026-08-24 11:10:00+00:00,159.2050018310547,159.22999572753906,159.1999969482422,159.2050018310547,0.0
2026-08-24 11:15:00+00:00,159.20799255371094,159.2220001220703,159.19000244140625,159.1909942626953,0.0
2026-08-24 11:20:00+00:00,159.1929931640625,159.20899963378906,159.17999267578125,159.18099975585938,0.0
2026-08-24 11:25:00+00:00,159.18600463867188,159.19500732421875,159.16799926757812,159.17799377441406,0.0
2026-08-24 11:30:00+00:00,159.1699981689453,159.20199584960938,159.14500427246094,159.17599487304688,0.0
2026-08-24 11:35:00+00:00,159.16400146484375,159.17300415039062,158.99000549316406,159.06500244140625,0.0
2026-08-24 11:40:00+00:00,159.0709991455078,159.09300231933594,159.04100036621094,159.04800415039062,0.0
2026-08-24 11:45:00+00:00,159.04299926757812,159.0679931640625,159.0189971923828,159.0590057373047,0.0
2026-08-24 11:50:00+00:00,159.05499267578125,159.10699462890625,159.05499267578125,159.07200622558594,0.0
2026-08-24 11:55:00+00:00,159.06900024414062,159.08700561523438,159.04200744628906,159.05999755859375,0.0
2026-08-24 12:00:00+00:00,159.06199645996094,159.0959930419922,159.052001953125,159.09100341796875,0.0
2026-08-24 12:05:00+00:00,159.0850067138672,159.1219940185547,159.0850067138672,159.11300659179688,0.0
2026-08-24 12:10:00+00:00,159.10699462890625,159.11700439453125,159.06700134277344,159.0679931640625,0.0
2026-08-24 12:15:00+00:00,159.07000732421875,159.0780029296875,158.99899291992188,158.99899291992188,0.0
2026-08-24 12:20:00+00:00,159.00799560546875,159.00900268554688,158.90499877929688,158.94700622558594,0.0
2026-08-24 12:25:00+00:00,158.94700622558594,158.97000122070312,158.91700744628906,158.94200134277344,0.0
2026-08-24 12:30:00+00:00,158.94200134277344,159.05299377441406,158.9199981689453,158.9739990234375,0.0
2026-08-24 12:35:00+00:00,158.9739990234375,158.97900390625,158.88999938964844,158.9199981689453,0.0
2026-08-24 12:40:00+00:00,158.91799926757812,159.0050048828125,158.8769989013672,158.99600219726562,0.0
2026-08-24 12:45:00+00:00,158.99000549316406,159.031005859375,158.98500061035156,159.0050048828125,0.0
2026-08-24 12:50:00+00:00,159.0,159.01199340820312,158.96600341796875,158.99200439453125,0.0
2026-08-24 12:55:00+00:00,158.99400329589844,159.052001953125,158.99000549316406,159.04200744628906,0.0
2026-08-24 13:00:00+00:00,159.04200744628906,159.06700134277344,159.01100158691406,159.06399536132812,0.0
2026-08-24 13:05:00+00:00,159.05799865722656,159.1009979248047,159.05499267578125,159.07400512695312,0.0
2026-08-24 13:10:00+00:00,159.0749969482422,159.1009979248047,159.06500244140625,159.07000732421875,0.0
2026-08-24 13:15:00+00:00,159.07400512695312,159.09800720214844,159.06500244140625,159.08200073242188,0.0
2026-08-24 13:20:00+00:00,159.08799743652344,159.13499450683594,159.0760040283203,159.11599731445312,0.0
2026-08-24 13:25:00+00:00,159.11900329589844,159.16200256347656,159.11099243164062,159.14500427246094,0.0
2026-08-24 13:30:00+00:00,159.14599609375,159.1529998779297,159.11700439453125,159.12100219726562,0.0
2026-08-24 13:35:00+00:00,159.11700439453125,159.1540069580078,159.0959930419922,159.1230010986328,0.0
2026-08-24 13:40:00+00:00,159.125,159.1439971923828,159.0919952392578,159.13600158691406,0.0
2026-08-24 13:45:00+00:00,159.13699340820312,159.1510009765625,159.05599975585938,159.06500244140625,0.0
2026-08-24 13:50:00+00:00,159.07200622558594,159.1179962158203,159.05999755859375,159.093994140625,0.0
2026-08-24 13:55:00+00:00,159.09500122070312,159.15199279785156,159.0919952392578,159.1009979248047,0.0
2026-08-24 14:00:00+00:00,159.10699462890625,159.12899780273438,159.0679931640625,159.10299682617188,0.0
2026-08-24 14:05:00+00:00,159.10499572753906,159.13900756835938,159.0919952392578,159.13499450683594,0.0
2026-08-24 14:10:00+00:00,159.12899780273438,159.1580047607422,159.11900329589844,159.13800048828125,0.0
2026-08-24 14:15:00+00:00,159.13800048828125,159.17999267578125,159.12399291992188,159.1320037841797,0.0
2026-08-24 14:20:00+00:00,159.1280059814453,159.16900634765625,159.1280059814453,159.13699340820312,0.0
2026-08-24 14:25:00+00:00,159.1320037841797,159.13900756835938,159.08799743652344,159.10400390625,0.0
2026-08-24 14:30:00+00:00,159.0970001220703,159.13600158691406,159.09500122070312,159.11500549316406,0.0
2026-08-24 14:35:00+00:00,159.11000061035156,159.1269989013672,159.0850067138672,159.1060028076172,0.0
2026-08-24 14:40:00+00:00,159.1060028076172,159.1529998779297,159.10299682617188,159.11399841308594,0.0
2026-08-24 14:45:00+00:00,159.11599731445312,159.1540069580078,159.11300659179688,159.13099670410156,0.0
2026-08-24 14:50:00+00:00,159.13299560546875,159.16700744628906,159.1320037841797,159.14500427246094,0.0
2026-08-24 14:55:00+00:00,159.14500427246094,159.2010040283203,159.14300537109375,159.1959991455078,0.0
2026-08-24 15:00:00+00:00,159.19500732421875,159.2010040283203,159.14199829101562,159.1490020751953,0.0
2026-08-24 15:05:00+00:00,159.1479949951172,159.1699981689453,159.1219940185547,159.13999938964844,0.0
2026-08-24 15:10:00+00:00,159.13999938964844,159.14700317382812,159.1199951171875,159.1280059814453,0.0
2026-08-24 15:15:00+00:00,159.12899780273438,159.14700317382812,159.11900329589844,159.13900756835938,0.0
2026-08-24 15:20:00+00:00,159.13900756835938,159.17100524902344,159.13099670410156,159.16099548339844,0.0
2026-08-24 15:25:00+00:00,159.15499877929688,159.16299438476562,159.06300354003906,159.08399963378906,0.0
2026-08-24 15:30:00+00:00,159.07899475097656,159.1479949951172,159.06900024414062,159.1300048828125,0.0
2026-08-24 15:35:00+00:00,159.1300048828125,159.15899658203125,159.12399291992188,159.15699768066406,0.0
2026-08-24 15:40:00+00:00,159.14999389648438,159.16900634765625,159.13999938964844,159.15899658203125,0.0
2026-08-24 15:45:00+00:00,159.15499877929688,159.16600036621094,159.1269989013672,159.1300048828125,0.0
2026-08-24 15:50:00+00:00,159.1280059814453,159.15899658203125,159.12100219726562,159.14199829101562,0.0
2026-08-24 15:55:00+00:00,159.1439971923828,159.19400024414062,159.14199829101562,159.1699981689453,0.0
2026-08-24 16:00:00+00:00,159.1699981689453,159.19500732421875,159.0570068359375,159.0919952392578,0.0
2026-08-24 16:05:00+00:00,159.0919952392578,159.11900329589844,159.07000732421875,159.11300659179688,0.0
2026-08-24 16:10:00+00:00,159.1060028076172,159.1219940185547,159.06500244140625,159.0800018310547,0.0
2026-08-24 16:15:00+00:00,159.08299255371094,159.0919952392578,159.04400634765625,159.05999755859375,0.0
2026-08-24 16:20:00+00:00,159.05999755859375,159.08399963378906,159.04100036621094,159.0570068359375,0.0
2026-08-24 16:25:00+00:00,159.0590057373047,159.08399963378906,159.04200744628906,159.07899475097656,0.0
2026-08-24 16:30:00+00:00,159.0749969482422,159.08399963378906,159.0449981689453,159.07000732421875,0.0
2026-08-24 16:35:00+00:00,159.07000732421875,159.0780029296875,159.0,159.0449981689453,0.0
2026-08-24 16:40:00+00:00,159.03799438476562,159.09100341796875,159.03799438476562,159.08200073242188,0.0
2026-08-24 16:45:00+00:00,159.07699584960938,159.11099243164062,159.05999755859375,159.08999633789062,0.0
2026-08-24 16:50:00+00:00,159.08999633789062,159.0989990234375,159.07000732421875,159.0919952392578,0.0
2026-08-24 16:55:00+00:00,159.09100341796875,159.12399291992188,159.0679931640625,159.072998046875,0.0
2026-08-24 17:00:00+00:00,159.06900024414062,159.08900451660156,159.0500030517578,159.08900451660156,0.0
2026-08-24 17:05:00+00:00,159.08299255371094,159.10899353027344,158.97999572753906,159.06100463867188,0.0
2026-08-24 17:10:00+00:00,159.0540008544922,159.0970001220703,159.04600524902344,159.08200073242188,0.0
2026-08-24 17:15:00+00:00,159.08099365234375,159.11300659179688,159.06100463867188,159.09500122070312,0.0
2026-08-24 17:20:00+00:00,159.08999633789062,159.16900634765625,159.08999633789062,159.15499877929688,0.0
2026-08-24 17:25:00+00:00,159.16200256347656,159.1750030517578,159.13999938964844,159.14100646972656,0.0
2026-08-24 17:30:00+00:00,159.1439971923828,159.17100524902344,159.1199951171875,159.1580047607422,0.0
2026-08-24 17:35:00+00:00,159.16000366210938,159.16700744628906,159.14100646972656,159.14500427246094,0.0
2026-08-24 17:40:00+00:00,159.1529998779297,159.1750030517578,159.14500427246094,159.1580047607422,0.0
2026-08-24 17:45:00+00:00,159.15899658203125,159.19200134277344,159.1490020751953,159.1699981689453,0.0
2026-08-24 17:50:00+00:00,159.1750030517578,159.18899536132812,159.1580047607422,159.16799926757812,0.0
2026-08-24 17:55:00+00:00,159.16799926757812,159.17799377441406,159.14599609375,159.15699768066406,0.0
2026-08-24 18:00:00+00:00,159.1540069580078,159.17599487304688,159.13999938964844,159.16099548339844,0.0
2026-08-24 18:05:00+00:00,159.16099548339844,159.197998046875,159.16099548339844,159.18299865722656,0.0
2026-08-24 18:10:00+00:00,159.1820068359375,159.19200134277344,159.1699981689453,159.1739959716797,0.0
2026-08-24 18:15:00+00:00,159.1739959716797,159.18099975585938,159.13099670410156,159.15899658203125,0.0
2026-08-24 18:20:00+00:00,159.1529998779297,159.16299438476562,159.14300537109375,159.1529998779297,0.0
2026-08-24 18:25:00+00:00,159.1529998779297,159.1580047607422,159.1320037841797,159.13800048828125,0.0
2026-08-24 18:30:00+00:00,159.13900756835938,159.1909942626953,159.13699340820312,159.1820068359375,0.0
2026-08-24 18:35:00+00:00,159.1820068359375,159.2100067138672,159.17999267578125,159.19200134277344,0.0
2026-08-24 18:40:00+00:00,159.19500732421875,159.19900512695312,159.16799926757812,159.18800354003906,0.0
2026-08-24 18:45:00+00:00,159.18600463867188,159.21200561523438,159.17799377441406,159.20899963378906,0.0
2026-08-24 18:50:00+00:00,159.2030029296875,159.21400451660156,159.17999267578125,159.1959991455078,0.0
2026-08-24 18:55:00+00:00,159.1929931640625,159.20599365234375,159.1739959716797,159.1750030517578,0.0
2026-08-24 19:00:00+00:00,159.17599487304688,159.19200134277344,159.1649932861328,159.1750030517578,0.0
2026-08-24 19:05:00+00:00,159.1739959716797,159.1909942626953,159.1649932861328,159.1840057373047,0.0
2026-08-24 19:10:00+00:00,159.18299865722656,159.19400024414062,159.16700744628906,159.1790008544922,0.0
2026-08-24 19:15:00+00:00,159.1820068359375,159.2100067138672,159.17799377441406,159.2030029296875,0.0
2026-08-24 19:20:00+00:00,159.20599365234375,159.21200561523438,159.18499755859375,159.2030029296875,0.0
2026-08-24 19:25:00+00:00,159.20700073242188,159.2169952392578,159.19900512695312,159.20799255371094,0.0
2026-08-24 19:30:00+00:00,159.2100067138672,159.21600341796875,159.17799377441406,159.1790008544922,0.0
2026-08-24 19:35:00+00:00,159.17799377441406,159.18800354003906,159.16900634765625,159.1790008544922,0.0
2026-08-24 19:40:00+00:00,159.17799377441406,159.1820068359375,159.14700317382812,159.15699768066406,0.0
2026-08-24 19:45:00+00:00,159.15699768066406,159.1649932861328,159.13499450683594,159.13499450683594,0.0
2026-08-24 19:50:00+00:00,159.14199829101562,159.14199829101562,159.1280059814453,159.1320037841797,0.0
2026-08-24 19:55:00+00:00,159.13499450683594,159.18499755859375,159.1199951171875,159.16299438476562,0.0
2026-08-24 20:00:00+00:00,159.1580047607422,159.18099975585938,159.1529998779297,159.1739959716797,0.0
2026-08-24 20:05:00+00:00,159.16600036621094,159.1739959716797,159.13699340820312,159.14999389648438,0.0
2026-08-24 20:10:00+00:00,159.14100646972656,159.1510009765625,159.1320037841797,159.14500427246094,0.0
2026-08-24 20:15:00+00:00,159.14500427246094,159.15199279785156,159.13499450683594,159.13600158691406,0.0
2026-08-24 20:20:00+00:00,159.13499450683594,159.15199279785156,159.13299560546875,159.1510009765625,0.0
2026-08-24 20:25:00+00:00,159.14500427246094,159.16700744628906,159.13699340820312,159.14700317382812,0.0
2026-08-24 20:30:00+00:00,159.14599609375,159.1529998779297,159.1439971923828,159.15199279785156,0.0
2026-08-24 20:35:00+00:00,159.1479949951172,159.1529998779297,159.13600158691406,159.13900756835938,0.0
2026-08-24 20:40:00+00:00,159.13699340820312,159.14599609375,159.12399291992188,159.13099670410156,0.0
2026-08-24 20:45:00+00:00,159.125,159.12899780273438,159.093994140625,159.10000610351562,0.0
2026-08-24 20:50:00+00:00,159.0959930419922,159.10899353027344,159.0780029296875,159.09800720214844,0.0
2026-08-24 20:55:00+00:00,159.08299255371094,159.10299682617188,159.0570068359375,159.0749969482422,0.0
2026-08-24 21:00:00+00:00,159.06199645996094,159.0760040283203,159.0330047607422,159.0540008544922,0.0
2026-08-24 21:05:00+00:00,159.05299377441406,159.0590057373047,159.03500366210938,159.052001953125,0.0
2026-08-24 21:10:00+00:00,159.02699279785156,159.0540008544922,159.02699279785156,159.04600524902344,0.0
2026-08-24 21:15:00+00:00,159.04200744628906,159.06500244140625,158.99200439453125,159.0240020751953,0.0
2026-08-24 21:20:00+00:00,159.0449981689453,159.07000732421875,159.02200317382812,159.03599548339844,0.0
2026-08-24 21:25:00+00:00,159.052001953125,159.052001953125,159.0279998779297,159.03599548339844,0.0
2026-08-24 21:30:00+00:00,159.0500030517578,159.05499267578125,159.02499389648438,159.0279998779297,0.0
2026-08-24 21:35:00+00:00,159.0290069580078,159.0570068359375,159.0260009765625,159.0489959716797,0.0
2026-08-24 21:40:00+00:00,159.05599975585938,159.08200073242188,159.01600646972656,159.05599975585938,0.0
2026-08-24 21:45:00+00:00,159.0679931640625,159.0780029296875,159.04400634765625,159.07400512695312,0.0
2026-08-24 21:50:00+00:00,159.0590057373047,159.12100219726562,159.04100036621094,159.06399536132812,0.0
2026-08-24 21:55:00+00:00,159.08599853515625,159.09100341796875,159.0030059814453,159.0659942626953,0.0
2026-08-24 22:00:00+00:00,159.05299377441406,159.08999633789062,159.00799560546875,159.0500030517578,0.0
2026-08-24 22:05:00+00:00,159.0500030517578,159.0989990234375,159.0489959716797,159.08200073242188,0.0
2026-08-24 22:10:00+00:00,159.09500122070312,159.10299682617188,159.08200073242188,159.08399963378906,0.0
2026-08-24 22:15:00+00:00,159.08399963378906,159.1060028076172,159.08299255371094,159.10499572753906,0.0
2026-08-24 22:20:00+00:00,159.08900451660156,159.11900329589844,159.08399963378906,159.10000610351562,0.0
2026-08-24 22:25:00+00:00,159.10800170898438,159.12100219726562,159.09800720214844,159.10800170898438,0.0
2026-08-24 22:30:00+00:00,159.10800170898438,159.1219940185547,159.0919952392578,159.09500122070312,0.0
2026-08-24 22:35:00+00:00,159.09500122070312,159.11199951171875,159.0919952392578,159.10899353027344,0.0
2026-08-24 22:40:00+00:00,159.0970001220703,159.11900329589844,159.09100341796875,159.09800720214844,0.0
2026-08-24 22:45:00+00:00,159.0989990234375,159.10400390625,159.08799743652344,159.08900451660156,0.0
2026-08-24 22:50:00+00:00,159.0970001220703,159.10299682617188,159.08799743652344,159.1009979248047,0.0
2026-08-24 22:55:00+00:00,159.08900451660156,159.10400390625,159.08900451660156,159.093994140625,0.0
2026-08-24 23:00:00+00:00,159.093994140625,159.1020050048828,159.06500244140625,159.06700134277344,0.0
2026-08-24 23:05:00+00:00,159.06700134277344,159.07699584960938,159.052001953125,159.0590057373047,0.0
2026-08-24 23:10:00+00:00,159.06100463867188,159.07699584960938,159.052001953125,159.0659942626953,0.0
2026-08-24 23:15:00+00:00,159.0659942626953,159.08299255371094,159.0570068359375,159.07000732421875,0.0
2026-08-24 23:20:00+00:00,159.07000732421875,159.10499572753906,159.07000732421875,159.10400390625,0.0
2026-08-24 23:25:00+00:00,159.10299682617188,159.11599731445312,159.09300231933594,159.10699462890625,0.0
2026-08-24 23:30:00+00:00,159.10800170898438,159.13099670410156,159.1060028076172,159.1269989013672,0.0
2026-08-24 23:35:00+00:00,159.1219940185547,159.13999938964844,159.11700439453125,159.12899780273438,0.0
2026-08-24 23:40:00+00:00,159.12899780273438,159.1529998779297,159.1280059814453,159.1490020751953,0.0
2026-08-24 23:45:00+00:00,159.14500427246094,159.15499877929688,159.1269989013672,159.1300048828125,0.0
2026-08-24 23:50:00+00:00,159.1300048828125,159.15899658203125,159.1179962158203,159.1300048828125,0.0
2026-08-24 23:55:00+00:00,159.12100219726562,159.14100646972656,159.11199951171875,159.1280059814453,0.0
2026-08-25 00:00:00+00:00,159.1269989013672,159.13900756835938,159.0919952392578,159.11399841308594,0.0
2026-08-25 00:05:00+00:00,159.11500549316406,159.13800048828125,159.08399963378906,159.12100219726562,0.0
2026-08-25 00:10:00+00:00,159.12600708007812,159.14599609375,159.09100341796875,159.10899353027344,0.0
2026-08-25 00:15:00+00:00,159.11399841308594,159.14300537109375,159.1020050048828,159.13800048828125,0.0
2026-08-25 00:20:00+00:00,159.13499450683594,159.1649932861328,159.1269989013672,159.14199829101562,0.0
2026-08-25 00:25:00+00:00,159.13999938964844,159.16400146484375,159.1269989013672,159.1269989013672,0.0
2026-08-25 00:30:00+00:00,159.1269989013672,159.1479949951172,159.11599731445312,159.1269989013672,0.0
2026-08-25 00:35:00+00:00,159.1269989013672,159.14199829101562,159.1020050048828,159.1230010986328,0.0
2026-08-25 00:40:00+00:00,159.1300048828125,159.13600158691406,159.10400390625,159.1179962158203,0.0
2026-08-25 00:45:00+00:00,159.1179962158203,159.13099670410156,159.1020050048828,159.11700439453125,0.0
2026-08-25 00:50:00+00:00,159.11099243164062,159.1929931640625,159.0919952392578,159.17999267578125,0.0
2026-08-25 00:55:00+00:00,159.1820068359375,159.18800354003906,159.1540069580078,159.18600463867188,0.0
2026-08-25 01:00:00+00:00,159.18499755859375,159.22300720214844,159.17599487304688,159.18299865722656,0.0
2026-08-25 01:05:00+00:00,159.18600463867188,159.19700622558594,159.12600708007812,159.13499450683594,0.0
2026-08-25 01:10:00+00:00,159.13099670410156,159.16400146484375,159.12100219726562,159.1280059814453,0.0
2026-08-25 01:15:00+00:00,159.1269989013672,159.1649932861328,159.12600708007812,159.15899658203125,0.0
2026-08-25 01:20:00+00:00,159.1580047607422,159.18299865722656,159.14999389648438,159.17799377441406,0.0
2026-08-25 01:25:00+00:00,159.1699981689453,159.19700622558594,159.13900756835938,159.1490020751953,0.0
2026-08-25 01:30:00+00:00,159.1479949951172,159.1959991455078,159.14599609375,159.18699645996094,0.0
2026-08-25 01:35:00+00:00,159.18699645996094,159.2239990234375,159.18499755859375,159.20199584960938,0.0
2026-08-25 01:40:00+00:00,159.20199584960938,159.21299743652344,159.18899536132812,159.197998046875,0.0
2026-08-25 01:45:00+00:00,159.197998046875,159.23800659179688,159.197998046875,159.21499633789062,0.0
2026-08-25 01:50:00+00:00,159.2209930419922,159.26400756835938,159.21499633789062,159.25799560546875,0.0
2026-08-25 01:55:00+00:00,159.2519989013672,159.30999755859375,159.2449951171875,159.26800537109375,0.0
2026-08-25 02:00:00+00:00,159.25999450683594,159.29800415039062,159.2530059814453,159.2830047607422,0.0
2026-08-25 02:05:00+00:00,159.2830047607422,159.3280029296875,159.2689971923828,159.2779998779297,0.0
2026-08-25 02:10:00+00:00,159.27000427246094,159.2899932861328,159.25999450683594,159.2740020751953,0.0
2026-08-25 02:15:00+00:00,159.26600646972656,159.28399658203125,159.2519989013672,159.2779998779297,0.0
2026-08-25 02:20:00+00:00,159.27699279785156,159.29200744628906,159.24600219726562,159.2530059814453,0.0
2026-08-25 02:25:00+00:00,159.26100158691406,159.28500366210938,159.24400329589844,159.2519989013672,0.0
2026-08-25 02:30:00+00:00,159.2519989013672,159.2989959716797,159.2449951171875,159.29100036621094,0.0
2026-08-25 02:35:00+00:00,159.29100036621094,159.2989959716797,159.26800537109375,159.2760009765625,0.0
2026-08-25 02:40:00+00:00,159.2760009765625,159.3070068359375,159.27499389648438,159.28199768066406,0.0
2026-08-25 02:45:00+00:00,159.281005859375,159.33399963378906,159.281005859375,159.31900024414062,0.0
2026-08-25 02:50:00+00:00,159.31500244140625,159.3679962158203,159.31500244140625,159.3470001220703,0.0
2026-08-25 02:55:00+00:00,159.343994140625,159.39700317382812,159.343994140625,159.35499572753906,0.0
2026-08-25 03:00:00+00:00,159.35499572753906,159.3769989013672,159.34500122070312,159.3459930419922,0.0
2026-08-25 03:05:00+00:00,159.34800720214844,159.36500549316406,159.32200622558594,159.34100341796875,0.0
2026-08-25 03:10:00+00:00,159.3419952392578,159.3800048828125,159.3419952392578,159.35499572753906,0.0
2026-08-25 03:15:00+00:00,159.3560028076172,159.38299560546875,159.35400390625,159.35800170898438,0.0
2026-08-25 03:20:00+00:00,159.35800170898438,159.3780059814453,159.35800170898438,159.3719940185547,0.0
2026-08-25 03:25:00+00:00,159.36500549316406,159.3820037841797,159.35499572753906,159.36900329589844,0.0
2026-08-25 03:30:00+00:00,159.3730010986328,159.3939971923828,159.36500549316406,159.36900329589844,0.0
2026-08-25 03:35:00+00:00,159.36900329589844,159.3820037841797,159.35000610351562,159.35899353027344,0.0
2026-08-25 03:40:00+00:00,159.3520050048828,159.36000061035156,159.33599853515625,159.3470001220703,0.0
2026-08-25 03:45:00+00:00,159.33900451660156,159.35899353027344,159.33599853515625,159.33700561523438,0.0
2026-08-25 03:50:00+00:00,159.33700561523438,159.35000610351562,159.33700561523438,159.33799743652344,0.0
2026-08-25 03:55:00+00:00,159.33799743652344,159.3470001220703,159.31399536132812,159.32400512695312,0.0
2026-08-25 04:00:00+00:00,159.32400512695312,159.3470001220703,159.31399536132812,159.33900451660156,0.0
2026-08-25 04:05:00+00:00,159.33999633789062,159.36000061035156,159.33700561523438,159.3509979248047,0.0
2026-08-25 04:10:00+00:00,159.3509979248047,159.3699951171875,159.33799743652344,159.34100341796875,0.0
2026-08-25 04:15:00+00:00,159.3459930419922,159.36300659179688,159.34100341796875,159.3489990234375,0.0
2026-08-25 04:20:00+00:00,159.3489990234375,159.35899353027344,159.32400512695312,159.32699584960938,0.0
2026-08-25 04:25:00+00:00,159.3280029296875,159.3459930419922,159.3179931640625,159.33200073242188,0.0
2026-08-25 04:30:00+00:00,159.33200073242188,159.33900451660156,159.26600646972656,159.2740020751953,0.0
2026-08-25 04:35:00+00:00,159.27200317382812,159.30799865722656,159.27200317382812,159.27499389648438,0.0
2026-08-25 04:40:00+00:00,159.27499389648438,159.281005859375,159.24000549316406,159.2519989013672,0.0
2026-08-25 04:45:00+00:00,159.2530059814453,159.26300048828125,159.20700073242188,159.21299743652344,0.0
2026-08-25 04:50:00+00:00,159.21400451660156,159.2729949951172,159.2100067138672,159.26300048828125,0.0
2026-08-25 04:55:00+00:00,159.27200317382812,159.3090057373047,159.26199340820312,159.30099487304688,0.0
2026-08-25 05:00:00+00:00,159.302001953125,159.30999755859375,159.28199768066406,159.28399658203125,0.0
2026-08-25 05:05:00+00:00,159.2899932861328,159.3000030517578,159.27499389648438,159.2899932861328,0.0
2026-08-25 05:10:00+00:00,159.29299926757812,159.33900451660156,159.28799438476562,159.31500244140625,0.0
2026-08-25 05:15:00+00:00,159.31300354003906,159.33299255371094,159.30499267578125,159.32000732421875,0.0
2026-08-25 05:20:00+00:00,159.3209991455078,159.33700561523438,159.30299377441406,159.30799865722656,0.0
2026-08-25 05:25:00+00:00,159.30499267578125,159.33299255371094,159.2899932861328,159.3209991455078,0.0
2026-08-25 05:30:00+00:00,159.31500244140625,159.33700561523438,159.3070068359375,159.32899475097656,0.0
2026-08-25 05:35:00+00:00,159.33299255371094,159.3489990234375,159.3249969482422,159.33799743652344,0.0
2026-08-25 05:40:00+00:00,159.33799743652344,159.3470001220703,159.30499267578125,159.322998046875,0.0
2026-08-25 05:45:00+00:00,159.32200622558594,159.32899475097656,159.30499267578125,159.31300354003906,0.0
2026-08-25 05:50:00+00:00,159.32000732421875,159.32200622558594,159.302001953125,159.30499267578125,0.0
2026-08-25 05:55:00+00:00,159.31100463867188,159.33200073242188,159.30099487304688,159.33200073242188,0.0
2026-08-25 06:00:00+00:00,159.33099365234375,159.33799743652344,159.3040008544922,159.32000732421875,0.0
2026-08-25 06:05:00+00:00,159.32899475097656,159.33099365234375,159.302001953125,159.3090057373047,0.0
2026-08-25 06:10:00+00:00,159.30499267578125,159.30799865722656,159.26800537109375,159.29100036621094,0.0
2026-08-25 06:15:00+00:00,159.2899932861328,159.33200073242188,159.2899932861328,159.31700134277344,0.0
2026-08-25 06:20:00+00:00,159.322998046875,159.36599731445312,159.3159942626953,159.35400390625,0.0
2026-08-25 06:25:00+00:00,159.35800170898438,159.36500549316406,159.3280029296875,159.33399963378906,0.0
2026-08-25 06:30:00+00:00,159.3300018310547,159.34500122070312,159.29400634765625,159.31100463867188,0.0
2026-08-25 06:35:00+00:00,159.31399536132812,159.37100219726562,159.30099487304688,159.35699462890625,0.0
2026-08-25 06:40:00+00:00,159.3520050048828,159.35899353027344,159.3260040283203,159.35299682617188,0.0
2026-08-25 06:45:00+00:00,159.35400390625,159.38099670410156,159.35299682617188,159.36500549316406,0.0
2026-08-25 06:50:00+00:00,159.36399841308594,159.36900329589844,159.3470001220703,159.35000610351562,0.0
2026-08-25 06:55:00+00:00,159.3489990234375,159.41099548339844,159.34300231933594,159.4080047607422,0.0
2026-08-25 07:00:00+00:00,159.4029998779297,159.4250030517578,159.36700439453125,159.37100219726562,0.0
2026-08-25 07:05:00+00:00,159.3699951171875,159.3820037841797,159.3459930419922,159.3730010986328,0.0
2026-08-25 07:10:00+00:00,159.3719940185547,159.38400268554688,159.3470001220703,159.36199951171875,0.0
2026-08-25 07:15:00+00:00,159.36700439453125,159.37600708007812,159.30999755859375,159.3300018310547,0.0
2026-08-25 07:20:00+00:00,159.32899475097656,159.3719940185547,159.32000732421875,159.36199951171875,0.0
2026-08-25 07:25:00+00:00,159.35499572753906,159.42300415039062,159.34100341796875,159.39599609375,0.0
2026-08-25 07:30:00+00:00,159.39599609375,159.43800354003906,159.39100646972656,159.41700744628906,0.0
2026-08-25 07:35:00+00:00,159.4149932861328,159.4290008544922,159.3939971923828,159.40699768066406,0.0
2026-08-25 07:40:00+00:00,159.406005859375,159.45399475097656,159.3979949951172,159.43699645996094,0.0
2026-08-25 07:45:00+00:00,159.43800354003906,159.45599365234375,159.42100524902344,159.4340057373047,0.0
2026-08-25 07:50:00+00:00,159.43299865722656,159.44200134277344,159.41900634765625,159.43499755859375,0.0
2026-08-25 07:55:00+00:00,159.4340057373047,159.44500732421875,159.42100524902344,159.43899536132812,0.0
2026-08-25 08:00:00+00:00,159.43800354003906,159.45399475097656,159.4219970703125,159.4459991455078,0.0
2026-08-25 08:05:00+00:00,159.4459991455078,159.48899841308594,159.44500732421875,159.4709930419922,0.0
2026-08-25 08:10:00+00:00,159.47799682617188,159.49099731445312,159.46600341796875,159.46800231933594,0.0
2026-08-25 08:15:00+00:00,159.46800231933594,159.47500610351562,159.447998046875,159.4669952392578,0.0
2026-08-25 08:20:00+00:00,159.46499633789062,159.49099731445312,159.33799743652344,159.37399291992188,0.0
2026-08-25 08:25:00+00:00,159.37399291992188,159.42599487304688,159.3509979248047,159.41299438476562,0.0
2026-08-25 08:30:00+00:00,159.41299438476562,159.43699645996094,159.38600158691406,159.38600158691406,0.0
2026-08-25 08:35:00+00:00,159.38299560546875,159.40199279785156,159.35299682617188,159.38499450683594,0.0
2026-08-25 08:40:00+00:00,159.38099670410156,159.39700317382812,159.35299682617188,159.35699462890625,0.0
2026-08-25 08:45:00+00:00,159.3560028076172,159.36900329589844,159.32000732421875,159.35899353027344,0.0
2026-08-25 08:50:00+00:00,159.35899353027344,159.3769989013672,159.33799743652344,159.375,0.0
2026-08-25 08:55:00+00:00,159.37399291992188,159.38900756835938,159.33900451660156,159.33999633789062,0.0
2026-08-25 09:00:00+00:00,159.34100341796875,159.35899353027344,159.27999877929688,159.27999877929688,0.0
2026-08-25 09:05:00+00:00,159.28799438476562,159.3070068359375,159.25799560546875,159.25999450683594,0.0
2026-08-25 09:10:00+00:00,159.25900268554688,159.27699279785156,159.21800231933594,159.23699951171875,0.0
2026-08-25 09:15:00+00:00,159.24099731445312,159.28900146484375,159.2310028076172,159.2779998779297,0.0
2026-08-25 09:20:00+00:00,159.2779998779297,159.32200622558594,159.27099609375,159.31700134277344,0.0
2026-08-25 09:25:00+00:00,159.31500244140625,159.3489990234375,159.3090057373047,159.3090057373047,0.0
2026-08-25 09:30:00+00:00,159.3159942626953,159.34300231933594,159.2530059814453,159.2760009765625,0.0
2026-08-25 09:35:00+00:00,159.27000427246094,159.28700256347656,159.23300170898438,159.27699279785156,0.0
2026-08-25 09:40:00+00:00,159.27999877929688,159.30299377441406,159.25999450683594,159.29400634765625,0.0
2026-08-25 09:45:00+00:00,159.29400634765625,159.30999755859375,159.27000427246094,159.2949981689453,0.0
2026-08-25 09:50:00+00:00,159.2949981689453,159.3040008544922,159.25799560546875,159.28399658203125,0.0
2026-08-25 09:55:00+00:00,159.2830047607422,159.29299926757812,159.24099731445312,159.281005859375,0.0
2026-08-25 10:00:00+00:00,159.2760009765625,159.302001953125,159.23699951171875,159.29800415039062,0.0
2026-08-25 10:05:00+00:00,159.2949981689453,159.31300354003906,159.28599548339844,159.3040008544922,0.0
2026-08-25 10:10:00+00:00,159.3040008544922,159.3280029296875,159.2899932861328,159.2899932861328,0.0
2026-08-25 10:15:00+00:00,159.2899932861328,159.3090057373047,159.27000427246094,159.2899932861328,0.0
2026-08-25 10:20:00+00:00,159.29200744628906,159.30999755859375,159.2830047607422,159.3000030517578,0.0
2026-08-25 10:25:00+00:00,159.2949981689453,159.30999755859375,159.28500366210938,159.3040008544922,0.0
2026-08-25 10:30:00+00:00,159.2989959716797,159.30299377441406,159.27000427246094,159.29200744628906,0.0
2026-08-25 10:35:00+00:00,159.29200744628906,159.2989959716797,159.2519989013672,159.25399780273438,0.0
2026-08-25 10:40:00+00:00,159.25399780273438,159.2729949951172,159.25,159.26499938964844,0.0
2026-08-25 10:45:00+00:00,159.26499938964844,159.281005859375,159.2570037841797,159.27499389648438,0.0
2026-08-25 10:50:00+00:00,159.27499389648438,159.302001953125,159.2689971923828,159.2740020751953,0.0
2026-08-25 10:55:00+00:00,159.27699279785156,159.28599548339844,159.26600646972656,159.2790069580078,0.0
2026-08-25 11:00:00+00:00,159.28199768066406,159.28599548339844,159.2530059814453,159.25799560546875,0.0
2026-08-25 11:05:00+00:00,159.25799560546875,159.33200073242188,159.25599670410156,159.2989959716797,0.0
2026-08-25 11:10:00+00:00,159.29800415039062,159.30499267578125,159.27499389648438,159.28799438476562,0.0
2026-08-25 11:15:00+00:00,159.29299926757812,159.31399536132812,159.27999877929688,159.30499267578125,0.0
2026-08-25 11:20:00+00:00,159.3040008544922,159.31900024414062,159.28500366210938,159.3090057373047,0.0
2026-08-25 11:25:00+00:00,159.3090057373047,159.32200622558594,159.30599975585938,159.3070068359375,0.0
2026-08-25 11:30:00+00:00,159.3070068359375,159.31100463867188,159.26499938964844,159.27699279785156,0.0
2026-08-25 11:35:00+00:00,159.27999877929688,159.29600524902344,159.27099609375,159.27200317382812,0.0
2026-08-25 11:40:00+00:00,159.27099609375,159.2989959716797,159.26600646972656,159.29200744628906,0.0
2026-08-25 11:45:00+00:00,159.2899932861328,159.30099487304688,159.24000549316406,159.24600219726562,0.0
2026-08-25 11:50:00+00:00,159.24099731445312,159.26699829101562,159.2270050048828,159.25999450683594,0.0
2026-08-25 11:55:00+00:00,159.25599670410156,159.26699829101562,159.23899841308594,159.24400329589844,0.0
2026-08-25 12:00:00+00:00,159.24400329589844,159.26199340820312,159.18800354003906,159.2310028076172,0.0
2026-08-25 12:05:00+00:00,159.2310028076172,159.2429962158203,159.2100067138672,159.23399353027344,0.0
2026-08-25 12:10:00+00:00,159.23399353027344,159.2790069580078,159.2310028076172,159.23899841308594,0.0
2026-08-25 12:15:00+00:00,159.24200439453125,159.2550048828125,159.23500061035156,159.2449951171875,0.0
2026-08-25 12:20:00+00:00,159.2429962158203,159.25999450683594,159.22000122070312,159.25399780273438,0.0
2026-08-25 12:25:00+00:00,159.2530059814453,159.25999450683594,159.24000549316406,159.24400329589844,0.0
2026-08-25 12:30:00+00:00,159.24899291992188,159.2790069580078,159.2259979248047,159.27000427246094,0.0
2026-08-25 12:35:00+00:00,159.27000427246094,159.2949981689453,159.2550048828125,159.27699279785156,0.0
2026-08-25 12:40:00+00:00,159.281005859375,159.2949981689453,159.26800537109375,159.26800537109375,0.0
2026-08-25 12:45:00+00:00,159.27200317382812,159.28799438476562,159.25999450683594,159.2760009765625,0.0
2026-08-25 12:50:00+00:00,159.281005859375,159.28700256347656,159.2550048828125,159.2729949951172,0.0
2026-08-25 12:55:00+00:00,159.27099609375,159.2949981689453,159.25999450683594,159.2899932861328,0.0
2026-08-25 13:00:00+00:00,159.29200744628906,159.30099487304688,159.25599670410156,159.26499938964844,0.0
2026-08-25 13:05:00+00:00,159.26400756835938,159.2760009765625,159.218994140625,159.23399353027344,0.0
2026-08-25 13:10:00+00:00,159.23300170898438,159.23399353027344,159.10800170898438,159.16799926757812,0.0
2026-08-25 13:15:00+00:00,159.16900634765625,159.2270050048828,159.15699768066406,159.2030029296875,0.0
2026-08-25 13:20:00+00:00,159.20899963378906,159.23899841308594,159.19900512695312,159.2310028076172,0.0
2026-08-25 13:25:00+00:00,159.2270050048828,159.23300170898438,159.1959991455078,159.1959991455078,0.0
2026-08-25 13:30:00+00:00,159.19700622558594,159.25100708007812,159.1580047607422,159.24099731445312,0.0
2026-08-25 13:35:00+00:00,159.23800659179688,159.2570037841797,159.21299743652344,159.23599243164062,0.0
2026-08-25 13:40:00+00:00,159.23500061035156,159.26400756835938,159.2220001220703,159.2550048828125,0.0
2026-08-25 13:45:00+00:00,159.25399780273438,159.2740020751953,159.23599243164062,159.2429962158203,0.0
2026-08-25 13:50:00+00:00,159.24400329589844,159.26100158691406,159.21299743652344,159.25799560546875,0.0
2026-08-25 13:55:00+00:00,159.2550048828125,159.25900268554688,159.19700622558594,159.19700622558594,0.0
2026-08-25 14:00:00+00:00,159.21099853515625,159.28799438476562,159.19200134277344,159.2760009765625,0.0
2026-08-25 14:05:00+00:00,159.28199768066406,159.28700256347656,159.22799682617188,159.25,0.0
2026-08-25 14:10:00+00:00,159.24200439453125,159.26300048828125,159.23800659179688,159.24099731445312,0.0
2026-08-25 14:15:00+00:00,159.2469940185547,159.2790069580078,159.23199462890625,159.25999450683594,0.0
2026-08-25 14:20:00+00:00,159.25900268554688,159.28900146484375,159.25599670410156,159.281005859375,0.0
2026-08-25 14:25:00+00:00,159.2790069580078,159.28799438476562,159.2480010986328,159.25599670410156,0.0
2026-08-25 14:30:00+00:00,159.2550048828125,159.3260040283203,159.23199462890625,159.2480010986328,0.0
2026-08-25 14:35:00+00:00,159.25100708007812,159.25900268554688,159.2310028076172,159.2480010986328,0.0
2026-08-25 14:40:00+00:00,159.25100708007812,159.27999877929688,159.23500061035156,159.23500061035156,0.0
2026-08-25 14:45:00+00:00,159.23500061035156,159.24099731445312,159.18299865722656,159.2030029296875,0.0
2026-08-25 14:50:00+00:00,159.20399475097656,159.26600646972656,159.19500732421875,159.24200439453125,0.0
2026-08-25 14:55:00+00:00,159.24200439453125,159.27099609375,159.22999572753906,159.2530059814453,0.0
2026-08-25 15:00:00+00:00,159.2480010986328,159.2689971923828,159.23899841308594,159.25799560546875,0.0
2026-08-25 15:05:00+00:00,159.25399780273438,159.27699279785156,159.24099731445312,159.25,0.0
2026-08-25 15:10:00+00:00,159.25,159.27499389648438,159.2449951171875,159.25900268554688,0.0
2026-08-25 15:15:00+00:00,159.25900268554688,159.28599548339844,159.25100708007812,159.25900268554688,0.0
2026-08-25 15:20:00+00:00,159.25599670410156,159.2689971923828,159.22999572753906,159.26499938964844,0.0
2026-08-25 15:25:00+00:00,159.26300048828125,159.2899932861328,159.2550048828125,159.28599548339844,0.0
2026-08-25 15:30:00+00:00,159.29100036621094,159.29200744628906,159.20599365234375,159.2239990234375,0.0
2026-08-25 15:35:00+00:00,159.218994140625,159.23599243164062,159.1750030517578,159.21299743652344,0.0
2026-08-25 15:40:00+00:00,159.21499633789062,159.22500610351562,159.17999267578125,159.21200561523438,0.0
2026-08-25 15:45:00+00:00,159.2050018310547,159.22300720214844,159.17599487304688,159.22000122070312,0.0
2026-08-25 15:50:00+00:00,159.21800231933594,159.24099731445312,159.20599365234375,159.23800659179688,0.0
2026-08-25 15:55:00+00:00,159.23800659179688,159.25900268554688,159.2050018310547,159.20799255371094,0.0
2026-08-25 16:00:00+00:00,159.20799255371094,159.22900390625,159.197998046875,159.21800231933594,0.0
2026-08-25 16:05:00+00:00,159.22000122070312,159.24200439453125,159.20899963378906,159.23699951171875,0.0
2026-08-25 16:10:00+00:00,159.23899841308594,159.24899291992188,159.23199462890625,159.2429962158203,0.0
2026-08-25 16:15:00+00:00,159.24000549316406,159.2729949951172,159.24000549316406,159.26800537109375,0.0
2026-08-25 16:20:00+00:00,159.26800537109375,159.2740020751953,159.2449951171875,159.26199340820312,0.0
2026-08-25 16:25:00+00:00,159.26199340820312,159.2729949951172,159.2480010986328,159.26199340820312,0.0
2026-08-25 16:30:00+00:00,159.2570037841797,159.26400756835938,159.2449951171875,159.25599670410156,0.0
2026-08-25 16:35:00+00:00,159.2550048828125,159.27499389648438,159.24000549316406,159.2550048828125,0.0
2026-08-25 16:40:00+00:00,159.2530059814453,159.26699829101562,159.2480010986328,159.25900268554688,0.0
2026-08-25 16:45:00+00:00,159.2550048828125,159.2729949951172,159.25,159.26699829101562,0.0
2026-08-25 16:50:00+00:00,159.26699829101562,159.29299926757812,159.25799560546875,159.2830047607422,0.0
2026-08-25 16:55:00+00:00,159.28399658203125,159.29299926757812,159.2530059814453,159.2729949951172,0.0
2026-08-25 17:00:00+00:00,159.2689971923828,159.29200744628906,159.26800537109375,159.27200317382812,0.0
2026-08-25 17:05:00+00:00,159.27200317382812,159.31100463867188,159.26699829101562,159.30299377441406,0.0
2026-08-25 17:10:00+00:00,159.3000030517578,159.31300354003906,159.29299926757812,159.29600524902344,0.0
2026-08-25 17:15:00+00:00,159.29800415039062,159.31399536132812,159.28599548339844,159.29299926757812,0.0
2026-08-25 17:20:00+00:00,159.2899932861328,159.30799865722656,159.28399658203125,159.3040008544922,0.0
2026-08-25 17:25:00+00:00,159.30299377441406,159.30999755859375,159.2779998779297,159.28900146484375,0.0
2026-08-25 17:30:00+00:00,159.28399658203125,159.29200744628906,159.26699829101562,159.27499389648438,0.0
2026-08-25 17:35:00+00:00,159.2740020751953,159.281005859375,159.24899291992188,159.2530059814453,0.0
2026-08-25 17:40:00+00:00,159.25799560546875,159.2689971923828,159.24899291992188,159.25999450683594,0.0
2026-08-25 17:45:00+00:00,159.26499938964844,159.27000427246094,159.24600219726562,159.24899291992188,0.0
2026-08-25 17:50:00+00:00,159.24899291992188,159.25599670410156,159.22300720214844,159.23300170898438,0.0
2026-08-25 17:55:00+00:00,159.23399353027344,159.24000549316406,159.20899963378906,159.21600341796875,0.0
2026-08-25 18:00:00+00:00,159.21499633789062,159.24000549316406,159.21499633789062,159.2239990234375,0.0
2026-08-25 18:05:00+00:00,159.22500610351562,159.22999572753906,159.20799255371094,159.21200561523438,0.0
2026-08-25 18:10:00+00:00,159.21200561523438,159.2169952392578,159.18600463867188,159.20899963378906,0.0
2026-08-25 18:15:00+00:00,159.20899963378906,159.2239990234375,159.197998046875,159.21299743652344,0.0
2026-08-25 18:20:00+00:00,159.21299743652344,159.24099731445312,159.2100067138672,159.24000549316406,0.0
2026-08-25 18:25:00+00:00,159.23300170898438,159.23800659179688,159.21400451660156,159.22999572753906,0.0
2026-08-25 18:30:00+00:00,159.2259979248047,159.2310028076172,159.2220001220703,159.2270050048828,0.0
2026-08-25 18:35:00+00:00,159.2239990234375,159.2429962158203,159.2220001220703,159.23800659179688,0.0
2026-08-25 18:40:00+00:00,159.23899841308594,159.2550048828125,159.23300170898438,159.25100708007812,0.0
2026-08-25 18:45:00+00:00,159.25,159.2550048828125,159.23699951171875,159.24200439453125,0.0
2026-08-25 18:50:00+00:00,159.23699951171875,159.25100708007812,159.22999572753906,159.2449951171875,0.0
2026-08-25 18:55:00+00:00,159.2449951171875,159.25,159.21800231933594,159.21800231933594,0.0
2026-08-25 19:00:00+00:00,159.22300720214844,159.23699951171875,159.21400451660156,159.2310028076172,0.0
2026-08-25 19:05:00+00:00,159.2310028076172,159.23699951171875,159.19700622558594,159.20399475097656,0.0
2026-08-25 19:10:00+00:00,159.20899963378906,159.21299743652344,159.18699645996094,159.1959991455078,0.0
2026-08-25 19:15:00+00:00,159.1959991455078,159.20399475097656,159.1490020751953,159.17100524902344,0.0
2026-08-25 19:20:00+00:00,159.16900634765625,159.18299865722656,159.16200256347656,159.16600036621094,0.0
2026-08-25 19:25:00+00:00,159.1649932861328,159.2010040283203,159.16299438476562,159.1999969482422,0.0
2026-08-25 19:30:00+00:00,159.1959991455078,159.21200561523438,159.19500732421875,159.20399475097656,0.0
2026-08-25 19:35:00+00:00,159.20799255371094,159.218994140625,159.19500732421875,159.1959991455078,0.0
2026-08-25 19:40:00+00:00,159.1959991455078,159.20399475097656,159.1790008544922,159.18699645996094,0.0
2026-08-25 19:45:00+00:00,159.1840057373047,159.19200134277344,159.14500427246094,159.1510009765625,0.0
2026-08-25 19:50:00+00:00,159.1479949951172,159.16700744628906,159.0970001220703,159.11599731445312,0.0
2026-08-25 19:55:00+00:00,159.11199951171875,159.14199829101562,159.0749969482422,159.13499450683594,0.0
2026-08-25 20:00:00+00:00,159.13499450683594,159.16700744628906,159.11900329589844,159.15699768066406,0.0
2026-08-25 20:05:00+00:00,159.16099548339844,159.1719970703125,159.14100646972656,159.1439971923828,0.0
2026-08-25 20:10:00+00:00,159.14300537109375,159.16600036621094,159.125,159.14300537109375,0.0
2026-08-25 20:15:00+00:00,159.14500427246094,159.16600036621094,159.13299560546875,159.156005859375,0.0
2026-08-25 20:20:00+00:00,159.1580047607422,159.17999267578125,159.1490020751953,159.1739959716797,0.0
2026-08-25 20:25:00+00:00,159.1750030517578,159.19700622558594,159.15699768066406,159.17799377441406,0.0
2026-08-25 20:30:00+00:00,159.177001953125,159.2169952392578,159.17100524902344,159.2100067138672,0.0
2026-08-25 20:35:00+00:00,159.21200561523438,159.21600341796875,159.19200134277344,159.2100067138672,0.0
2026-08-25 20:40:00+00:00,159.20799255371094,159.23800659179688,159.2030029296875,159.20399475097656,0.0
2026-08-25 20:45:00+00:00,159.20700073242188,159.21800231933594,159.1739959716797,159.197998046875,0.0
2026-08-25 20:50:00+00:00,159.19700622558594,159.21099853515625,159.18600463867188,159.2050018310547,0.0
2026-08-25 20:55:00+00:00,159.1929931640625,159.21499633789062,159.13600158691406,159.16400146484375,0.0
2026-08-25 21:00:00+00:00,159.13499450683594,159.2209930419922,159.13299560546875,159.20399475097656,0.0
2026-08-25 21:05:00+00:00,159.18099975585938,159.21299743652344,159.1739959716797,159.17599487304688,0.0
2026-08-25 21:10:00+00:00,159.17599487304688,159.20799255371094,159.17599487304688,159.19500732421875,0.0
2026-08-25 21:15:00+00:00,159.20399475097656,159.20700073242188,159.17799377441406,159.19200134277344,0.0
2026-08-25 21:20:00+00:00,159.1909942626953,159.20199584960938,159.1840057373047,159.1909942626953,0.0
2026-08-25 21:25:00+00:00,159.1909942626953,159.2030029296875,159.1790008544922,159.2010040283203,0.0
2026-08-25 21:30:00+00:00,159.1909942626953,159.21299743652344,159.1739959716797,159.20199584960938,0.0
2026-08-25 21:35:00+00:00,159.1909942626953,159.2030029296875,159.17799377441406,159.18299865722656,0.0
2026-08-25 21:40:00+00:00,159.19200134277344,159.2010040283203,159.17599487304688,159.1790008544922,0.0
2026-08-25 21:45:00+00:00,159.19500732421875,159.20399475097656,159.16900634765625,159.1909942626953,0.0
2026-08-25 21:50:00+00:00,159.1909942626953,159.2010040283203,159.16700744628906,159.19700622558594,0.0
2026-08-25 21:55:00+00:00,159.19500732421875,159.2010040283203,159.1840057373047,159.19500732421875,0.0
2026-08-25 22:00:00+00:00,159.18699645996094,159.2209930419922,159.18099975585938,159.1999969482422,0.0
2026-08-25 22:05:00+00:00,159.1999969482422,159.22000122070312,159.1999969482422,159.20700073242188,0.0
2026-08-25 22:10:00+00:00,159.20799255371094,159.23599243164062,159.20399475097656,159.21400451660156,0.0
2026-08-25 22:15:00+00:00,159.22000122070312,159.22799682617188,159.197998046875,159.20700073242188,0.0
2026-08-25 22:20:00+00:00,159.20399475097656,159.21099853515625,159.18600463867188,159.1959991455078,0.0
2026-08-25 22:25:00+00:00,159.18899536132812,159.21200561523438,159.18699645996094,159.1999969482422,0.0
2026-08-25 22:30:00+00:00,159.20199584960938,159.21299743652344,159.1959991455078,159.19700622558594,0.0
2026-08-25 22:35:00+00:00,159.20199584960938,159.21200561523438,159.19400024414062,159.19900512695312,0.0
2026-08-25 22:40:00+00:00,159.19900512695312,159.21099853515625,159.19000244140625,159.1909942626953,0.0
2026-08-25 22:45:00+00:00,159.1909942626953,159.20399475097656,159.19000244140625,159.2010040283203,0.0
2026-08-25 22:50:00+00:00,159.1999969482422,159.20599365234375,159.19000244140625,159.2030029296875,0.0
2026-08-25 22:55:00+00:00,159.19700622558594,159.20599365234375,159.19000244140625,159.1929931640625,0.0
2026-08-25 23:00:00+00:00,159.19200134277344,159.20700073242188,159.19200134277344,159.2010040283203,0.0
2026-08-25 23:05:00+00:00,159.19400024414062,159.2259979248047,159.19400024414062,159.22500610351562,0.0
2026-08-25 23:10:00+00:00,159.21800231933594,159.23599243164062,159.21800231933594,159.2239990234375,0.0
2026-08-25 23:15:00+00:00,159.2239990234375,159.23300170898438,159.21499633789062,159.2220001220703,0.0
2026-08-25 23:20:00+00:00,159.22000122070312,159.22900390625,159.21499633789062,159.2270050048828,0.0
2026-08-25 23:25:00+00:00,159.22799682617188,159.2480010986328,159.21800231933594,159.23899841308594,0.0
2026-08-25 23:30:00+00:00,159.24000549316406,159.26199340820312,159.23699951171875,159.25900268554688,0.0
2026-08-25 23:35:00+00:00,159.25,159.25999450683594,159.23500061035156,159.24400329589844,0.0
2026-08-25 23:40:00+00:00,159.2449951171875,159.26199340820312,159.24000549316406,159.25,0.0
2026-08-25 23:45:00+00:00,159.25,159.26100158691406,159.23399353027344,159.25,0.0
2026-08-25 23:50:00+00:00,159.24600219726562,159.25100708007812,159.23399353027344,159.24000549316406,0.0
2026-08-25 23:55:00+00:00,159.24000549316406,159.25,159.20700073242188,159.20899963378906,0.0
2026-08-26 00:00:00+00:00,159.20899963378906,159.2469940185547,159.20899963378906,159.23300170898438,0.0
2026-08-26 00:05:00+00:00,159.23399353027344,159.25900268554688,159.2209930419922,159.22300720214844,0.0
2026-08-26 00:10:00+00:00,159.22799682617188,159.23500061035156,159.20700073242188,159.21600341796875,0.0
2026-08-26 00:15:00+00:00,159.21600341796875,159.24099731445312,159.21600341796875,159.22999572753906,0.0
2026-08-26 00:20:00+00:00,159.23599243164062,159.2449951171875,159.2209930419922,159.23800659179688,0.0
2026-08-26 00:25:00+00:00,159.23800659179688,159.2530059814453,159.21499633789062,159.22799682617188,0.0
2026-08-26 00:30:00+00:00,159.218994140625,159.2270050048828,159.1929931640625,159.21499633789062,0.0
2026-08-26 00:35:00+00:00,159.2100067138672,159.2270050048828,159.19400024414062,159.19700622558594,0.0
2026-08-26 00:40:00+00:00,159.19900512695312,159.20700073242188,159.1479949951172,159.16000366210938,0.0
2026-08-26 00:45:00+00:00,159.16200256347656,159.16900634765625,159.10000610351562,159.1179962158203,0.0
2026-08-26 00:50:00+00:00,159.11700439453125,159.1490020751953,159.09800720214844,159.10899353027344,0.0
2026-08-26 00:55:00+00:00,159.11000061035156,159.1739959716797,159.10499572753906,159.16400146484375,0.0
2026-08-26 01:00:00+00:00,159.1649932861328,159.16799926757812,159.1320037841797,159.14999389648438,0.0
2026-08-26 01:05:00+00:00,159.1510009765625,159.17799377441406,159.14199829101562,159.15199279785156,0.0
2026-08-26 01:10:00+00:00,159.15199279785156,159.18499755859375,159.14999389648438,159.16200256347656,0.0
2026-08-26 01:15:00+00:00,159.16099548339844,159.17100524902344,159.1439971923828,159.1439971923828,0.0
2026-08-26 01:20:00+00:00,159.1439971923828,159.16200256347656,159.13299560546875,159.15199279785156,0.0
2026-08-26 01:25:00+00:00,159.1479949951172,159.16799926757812,159.1320037841797,159.15899658203125,0.0
2026-08-26 01:30:00+00:00,159.1580047607422,159.16600036621094,159.13600158691406,159.1540069580078,0.0
2026-08-26 01:35:00+00:00,159.1490020751953,159.16299438476562,159.0800018310547,159.08999633789062,0.0
2026-08-26 01:40:00+00:00,159.08999633789062,159.1199951171875,159.07000732421875,159.08700561523438,0.0
2026-08-26 01:45:00+00:00,159.08200073242188,159.0989990234375,159.04800415039062,159.0540008544922,0.0
2026-08-26 01:50:00+00:00,159.0570068359375,159.06199645996094,158.95799255371094,159.0330047607422,0.0
2026-08-26 01:55:00+00:00,159.0290069580078,159.06199645996094,159.01699829101562,159.04400634765625,0.0
2026-08-26 02:00:00+00:00,159.04600524902344,159.05299377441406,158.88900756835938,158.9149932861328,0.0
2026-08-26 02:05:00+00:00,158.9149932861328,158.947998046875,158.875,158.92599487304688,0.0
2026-08-26 02:10:00+00:00,158.9250030517578,158.9550018310547,158.88999938964844,158.94900512695312,0.0
2026-08-26 02:15:00+00:00,158.9459991455078,158.98399353027344,158.94000244140625,158.95199584960938,0.0
2026-08-26 02:20:00+00:00,158.94500732421875,158.97000122070312,158.89999389648438,158.9340057373047,0.0
2026-08-26 02:25:00+00:00,158.93600463867188,158.97999572753906,158.9250030517578,158.96499633789062,0.0
2026-08-26 02:30:00+00:00,158.97000122070312,158.9929962158203,158.9600067138672,158.968994140625,0.0
2026-08-26 02:35:00+00:00,158.968994140625,159.02099609375,158.968994140625,159.0050048828125,0.0
2026-08-26 02:40:00+00:00,159.0050048828125,159.03599548339844,158.968994140625,158.98399353027344,0.0
2026-08-26 02:45:00+00:00,158.99000549316406,159.00799560546875,158.9720001220703,159.00100708007812,0.0
2026-08-26 02:50:00+00:00,159.00399780273438,159.03700256347656,159.0,159.02699279785156,0.0
2026-08-26 02:55:00+00:00,159.03399658203125,159.04600524902344,159.02200317382812,159.03199768066406,0.0
2026-08-26 03:00:00+00:00,159.03799438476562,159.03900146484375,158.9929962158203,158.99400329589844,0.0
2026-08-26 03:05:00+00:00,158.99400329589844,159.02499389648438,158.99400329589844,158.9969940185547,0.0
2026-08-26 03:10:00+00:00,158.99400329589844,159.02200317382812,158.98800659179688,159.02200317382812,0.0
2026-08-26 03:15:00+00:00,159.01800537109375,159.0260009765625,158.9969940185547,159.0030059814453,0.0
2026-08-26 03:20:00+00:00,159.0019989013672,159.00900268554688,158.9759979248047,158.99000549316406,0.0
2026-08-26 03:25:00+00:00,158.99000549316406,158.99899291992188,158.947998046875,158.97999572753906,0.0
2026-08-26 03:30:00+00:00,158.97500610351562,158.98899841308594,158.89300537109375,158.91900634765625,0.0
2026-08-26 03:35:00+00:00,158.9250030517578,158.9459991455078,158.89999389648438,158.93299865722656,0.0
2026-08-26 03:40:00+00:00,158.93099975585938,158.96800231933594,158.92799377441406,158.947998046875,0.0
2026-08-26 03:45:00+00:00,158.9499969482422,158.98199462890625,158.94900512695312,158.95199584960938,0.0
2026-08-26 03:50:00+00:00,158.95399475097656,158.9739990234375,158.93499755859375,158.95399475097656,0.0
2026-08-26 03:55:00+00:00,158.947998046875,158.9720001220703,158.93299865722656,158.95599365234375,0.0
2026-08-26 04:00:00+00:00,158.95199584960938,158.98300170898438,158.93600463867188,158.9770050048828,0.0
2026-08-26 04:05:00+00:00,158.9770050048828,158.98699951171875,158.96499633789062,158.9739990234375,0.0
2026-08-26 04:10:00+00:00,158.96800231933594,159.0050048828125,158.9669952392578,158.9969940185547,0.0
2026-08-26 04:15:00+00:00,158.99899291992188,159.02699279785156,158.9709930419922,158.99099731445312,0.0
2026-08-26 04:20:00+00:00,158.98899841308594,159.01199340820312,158.96499633789062,158.98199462890625,0.0
2026-08-26 04:25:00+00:00,158.97999572753906,159.0019989013672,158.97799682617188,158.9929962158203,0.0
2026-08-26 04:30:00+00:00,158.9929962158203,158.99899291992188,158.95700073242188,158.97500610351562,0.0
2026-08-26 04:35:00+00:00,158.97500610351562,158.98899841308594,158.9669952392578,158.98300170898438,0.0
2026-08-26 04:40:00+00:00,158.9770050048828,159.00599670410156,158.9739990234375,158.98699951171875,0.0
2026-08-26 04:45:00+00:00,158.98800659179688,159.01199340820312,158.9810028076172,159.0070037841797,0.0
2026-08-26 04:50:00+00:00,159.00100708007812,159.04100036621094,159.0,159.0279998779297,0.0
2026-08-26 04:55:00+00:00,159.02099609375,159.0399932861328,159.00599670410156,159.02699279785156,0.0
2026-08-26 05:00:00+00:00,159.0330047607422,159.0500030517578,159.01699829101562,159.02499389648438,0.0
2026-08-26 05:05:00+00:00,159.0279998779297,159.0449981689453,159.00999450683594,159.01699829101562,0.0
2026-08-26 05:10:00+00:00,159.01800537109375,159.03599548339844,159.01499938964844,159.0229949951172,0.0
2026-08-26 05:15:00+00:00,159.02200317382812,159.02200317382812,158.9929962158203,159.00599670410156,0.0
2026-08-26 05:20:00+00:00,159.00100708007812,159.0260009765625,159.0,159.02099609375,0.0
2026-08-26 05:25:00+00:00,159.0189971923828,159.0240020751953,159.00799560546875,159.01300048828125,0.0
2026-08-26 05:30:00+00:00,159.01300048828125,159.0189971923828,158.9669952392578,158.9720001220703,0.0
2026-08-26 05:35:00+00:00,158.9739990234375,159.0019989013672,158.968994140625,158.99000549316406,0.0
2026-08-26 05:40:00+00:00,158.98899841308594,158.99000549316406,158.95700073242188,158.96400451660156,0.0
2026-08-26 05:45:00+00:00,158.96800231933594,158.98800659179688,158.96099853515625,158.98399353027344,0.0
2026-08-26 05:50:00+00:00,158.9810028076172,159.00799560546875,158.9770050048828,159.0019989013672,0.0
2026-08-26 05:55:00+00:00,159.0019989013672,159.01300048828125,158.99000549316406,159.00900268554688,0.0
2026-08-26 06:00:00+00:00,159.0070037841797,159.05299377441406,159.0,159.03500366210938,0.0
2026-08-26 06:05:00+00:00,159.03599548339844,159.05099487304688,159.02099609375,159.04400634765625,0.0
2026-08-26 06:10:00+00:00,159.04200744628906,159.0919952392578,159.04200744628906,159.072998046875,0.0
2026-08-26 06:15:00+00:00,159.07200622558594,159.08200073242188,159.03500366210938,159.04299926757812,0.0
2026-08-26 06:20:00+00:00,159.03599548339844,159.05999755859375,159.03500366210938,159.05099487304688,0.0
2026-08-26 06:25:00+00:00,159.05099487304688,159.07200622558594,159.0399932861328,159.05099487304688,0.0
2026-08-26 06:30:00+00:00,159.0570068359375,159.09100341796875,159.04100036621094,159.0800018310547,0.0
2026-08-26 06:35:00+00:00,159.07699584960938,159.1230010986328,159.07699584960938,159.1060028076172,0.0
2026-08-26 06:40:00+00:00,159.10000610351562,159.11000061035156,159.0780029296875,159.08200073242188,0.0
2026-08-26 06:45:00+00:00,159.08200073242188,159.08900451660156,159.05999755859375,159.0749969482422,0.0
2026-08-26 06:50:00+00:00,159.072998046875,159.09300231933594,159.06199645996094,159.06199645996094,0.0
2026-08-26 06:55:00+00:00,159.06199645996094,159.08200073242188,159.04200744628906,159.05499267578125,0.0
2026-08-26 07:00:00+00:00,159.0500030517578,159.06199645996094,158.9739990234375,158.99000549316406,0.0
2026-08-26 07:05:00+00:00,158.9929962158203,159.01499938964844,158.97999572753906,158.98899841308594,0.0
2026-08-26 07:10:00+00:00,158.98300170898438,159.00100708007812,158.95799255371094,158.9949951171875,0.0
2026-08-26 07:15:00+00:00,158.9949951171875,159.01800537109375,158.97999572753906,159.00900268554688,0.0
2026-08-26 07:20:00+00:00,159.0070037841797,159.0279998779297,159.0050048828125,159.02000427246094,0.0
2026-08-26 07:25:00+00:00,159.02000427246094,159.0469970703125,159.0050048828125,159.04299926757812,0.0
2026-08-26 07:30:00+00:00,159.03700256347656,159.04600524902344,159.0050048828125,159.0189971923828,0.0
2026-08-26 07:35:00+00:00,159.01600646972656,159.02699279785156,158.98500061035156,158.98800659179688,0.0
2026-08-26 07:40:00+00:00,158.98800659179688,159.01199340820312,158.98699951171875,159.0050048828125,0.0
2026-08-26 07:45:00+00:00,159.0050048828125,159.0229949951172,158.97000122070312,158.9949951171875,0.0
2026-08-26 07:50:00+00:00,158.99000549316406,159.00799560546875,158.97999572753906,158.9980010986328,0.0
2026-08-26 07:55:00+00:00,158.99099731445312,159.01600646972656,158.98800659179688,159.00399780273438,0.0
2026-08-26 08:00:00+00:00,159.01199340820312,159.01499938964844,158.96800231933594,158.96800231933594,0.0
2026-08-26 08:05:00+00:00,158.96800231933594,158.9770050048828,158.93499755859375,158.96299743652344,0.0
2026-08-26 08:10:00+00:00,158.96299743652344,158.98399353027344,158.95599365234375,158.96499633789062,0.0
2026-08-26 08:15:00+00:00,158.9709930419922,158.97999572753906,158.9250030517578,158.95399475097656,0.0
2026-08-26 08:20:00+00:00,158.95399475097656,158.9949951171875,158.9510040283203,158.96499633789062,0.0
2026-08-26 08:25:00+00:00,158.9720001220703,158.9770050048828,158.93600463867188,158.9499969482422,0.0
2026-08-26 08:30:00+00:00,158.9499969482422,158.98800659179688,158.947998046875,158.96099853515625,0.0
2026-08-26 08:35:00+00:00,158.9550018310547,158.9810028076172,158.9499969482422,158.96299743652344,0.0
2026-08-26 08:40:00+00:00,158.96299743652344,159.0070037841797,158.9600067138672,158.98800659179688,0.0
2026-08-26 08:45:00+00:00,158.9810028076172,158.99200439453125,158.9600067138672,158.96499633789062,0.0
2026-08-26 08:50:00+00:00,158.96800231933594,158.98699951171875,158.9600067138672,158.98500061035156,0.0
2026-08-26 08:55:00+00:00,158.97900390625,159.0330047607422,158.97799682617188,159.00599670410156,0.0
2026-08-26 09:00:00+00:00,159.00599670410156,159.0449981689453,158.9929962158203,159.01499938964844,0.0
2026-08-26 09:05:00+00:00,159.02200317382812,159.0570068359375,159.01499938964844,159.0449981689453,0.0
2026-08-26 09:10:00+00:00,159.04600524902344,159.05299377441406,159.01199340820312,159.02000427246094,0.0
2026-08-26 09:15:00+00:00,159.02000427246094,159.0260009765625,158.97500610351562,158.97799682617188,0.0
2026-08-26 09:20:00+00:00,158.97799682617188,158.99899291992188,158.96400451660156,158.9949951171875,0.0
2026-08-26 09:25:00+00:00,158.9929962158203,159.00399780273438,158.98199462890625,159.0,0.0
2026-08-26 09:30:00+00:00,158.99899291992188,159.0019989013672,158.9720001220703,158.98699951171875,0.0
2026-08-26 09:35:00+00:00,158.98300170898438,158.98699951171875,158.96800231933594,158.98699951171875,0.0
2026-08-26 09:40:00+00:00,158.98599243164062,159.00599670410156,158.96600341796875,158.9669952392578,0.0
2026-08-26 09:45:00+00:00,158.96499633789062,158.98699951171875,158.9550018310547,158.98699951171875,0.0
2026-08-26 09:50:00+00:00,158.97900390625,158.98699951171875,158.9510040283203,158.96499633789062,0.0
2026-08-26 09:55:00+00:00,158.9550018310547,158.9980010986328,158.9530029296875,158.98199462890625,0.0
2026-08-26 10:00:00+00:00,158.98500061035156,159.00100708007812,158.97799682617188,158.97999572753906,0.0
2026-08-26 10:05:00+00:00,158.98199462890625,158.99899291992188,158.97900390625,158.98800659179688,0.0
2026-08-26 10:10:00+00:00,158.98800659179688,159.01100158691406,158.98500061035156,159.00999450683594,0.0
2026-08-26 10:15:00+00:00,159.0030059814453,159.0330047607422,158.9980010986328,159.0290069580078,0.0
2026-08-26 10:20:00+00:00,159.0290069580078,159.0330047607422,159.00999450683594,159.0229949951172,0.0
2026-08-26 10:25:00+00:00,159.0229949951172,159.04400634765625,159.02200317382812,159.0330047607422,0.0
2026-08-26 10:30:00+00:00,159.0279998779297,159.03399658203125,159.00999450683594,159.01400756835938,0.0
2026-08-26 10:35:00+00:00,159.01400756835938,159.0330047607422,159.01199340820312,159.01800537109375,0.0
2026-08-26 10:40:00+00:00,159.01300048828125,159.06500244140625,159.01300048828125,159.0570068359375,0.0
2026-08-26 10:45:00+00:00,159.052001953125,159.08900451660156,159.04600524902344,159.0800018310547,0.0
2026-08-26 10:50:00+00:00,159.0800018310547,159.1020050048828,159.0780029296875,159.08299255371094,0.0
2026-08-26 10:55:00+00:00,159.08099365234375,159.12100219726562,159.0800018310547,159.08900451660156,0.0
2026-08-26 11:00:00+00:00,159.08700561523438,159.1009979248047,159.0540008544922,159.0749969482422,0.0
2026-08-26 11:05:00+00:00,159.07400512695312,159.11399841308594,159.072998046875,159.1060028076172,0.0
2026-08-26 11:10:00+00:00,159.1060028076172,159.11399841308594,159.08799743652344,159.09500122070312,0.0
2026-08-26 11:15:00+00:00,159.093994140625,159.11500549316406,159.09100341796875,159.10000610351562,0.0
2026-08-26 11:20:00+00:00,159.10000610351562,159.16099548339844,159.0959930419922,159.14999389648438,0.0
2026-08-26 11:25:00+00:00,159.14999389648438,159.1580047607422,159.1300048828125,159.13900756835938,0.0
2026-08-26 11:30:00+00:00,159.13900756835938,159.15699768066406,159.11500549316406,159.11599731445312,0.0
2026-08-26 11:35:00+00:00,159.11599731445312,159.14300537109375,159.10800170898438,159.1320037841797,0.0
2026-08-26 11:40:00+00:00,159.13800048828125,159.14300537109375,159.1179962158203,159.1269989013672,0.0
2026-08-26 11:45:00+00:00,159.12399291992188,159.1320037841797,159.10499572753906,159.11000061035156,0.0
2026-08-26 11:50:00+00:00,159.11199951171875,159.1219940185547,159.10000610351562,159.10000610351562,0.0
2026-08-26 11:55:00+00:00,159.10000610351562,159.11099243164062,159.0780029296875,159.0780029296875,0.0
2026-08-26 12:00:00+00:00,159.0780029296875,159.08700561523438,159.0399932861328,159.05299377441406,0.0
2026-08-26 12:05:00+00:00,159.05299377441406,159.06199645996094,159.0279998779297,159.05499267578125,0.0
2026-08-26 12:10:00+00:00,159.05999755859375,159.07699584960938,159.0500030517578,159.05499267578125,0.0
2026-08-26 12:15:00+00:00,159.06100463867188,159.06199645996094,159.00399780273438,159.01600646972656,0.0
2026-08-26 12:20:00+00:00,159.0240020751953,159.03199768066406,158.99200439453125,158.9980010986328,0.0
2026-08-26 12:25:00+00:00,158.9980010986328,159.00399780273438,158.9409942626953,158.95899963378906,0.0
2026-08-26 12:30:00+00:00,158.9409942626953,159.1179962158203,158.88800048828125,159.08299255371094,0.0
2026-08-26 12:35:00+00:00,159.08900451660156,159.1479949951172,159.06399536132812,159.13800048828125,0.0
2026-08-26 12:40:00+00:00,159.1320037841797,159.1739959716797,159.11399841308594,159.13600158691406,0.0
2026-08-26 12:45:00+00:00,159.13499450683594,159.18800354003906,159.12600708007812,159.17999267578125,0.0
2026-08-26 12:50:00+00:00,159.17999267578125,159.2550048828125,159.16799926757812,159.18800354003906,0.0
2026-08-26 12:55:00+00:00,159.18800354003906,159.24600219726562,159.18699645996094,159.22999572753906,0.0
2026-08-26 13:00:00+00:00,159.22999572753906,159.29400634765625,159.2259979248047,159.27699279785156,0.0
2026-08-26 13:05:00+00:00,159.28399658203125,159.30499267578125,159.2530059814453,159.2969970703125,0.0
2026-08-26 13:10:00+00:00,159.29200744628906,159.32400512695312,159.26400756835938,159.27200317382812,0.0
2026-08-26 13:15:00+00:00,159.2729949951172,159.32200622558594,159.2550048828125,159.26199340820312,0.0
2026-08-26 13:20:00+00:00,159.26300048828125,159.3070068359375,159.25799560546875,159.28700256347656,0.0
2026-08-26 13:25:00+00:00,159.28599548339844,159.30599975585938,159.26199340820312,159.2760009765625,0.0
2026-08-26 13:30:00+00:00,159.2760009765625,159.32400512695312,159.2570037841797,159.322998046875,0.0
2026-08-26 13:35:00+00:00,159.31900024414062,159.3560028076172,159.3159942626953,159.33999633789062,0.0
2026-08-26 13:40:00+00:00,159.34300231933594,159.3699951171875,159.32699584960938,159.35699462890625,0.0
2026-08-26 13:45:00+00:00,159.35499572753906,159.3679962158203,159.322998046875,159.35400390625,0.0
2026-08-26 13:50:00+00:00,159.34800720214844,159.36700439453125,159.31500244140625,159.3260040283203,0.0
2026-08-26 13:55:00+00:00,159.3249969482422,159.39500427246094,159.31500244140625,159.39500427246094,0.0
2026-08-26 14:00:00+00:00,159.38999938964844,159.4219970703125,159.37399291992188,159.38800048828125,0.0
2026-08-26 14:05:00+00:00,159.38900756835938,159.41700744628906,159.37399291992188,159.375,0.0
2026-08-26 14:10:00+00:00,159.375,159.3979949951172,159.35699462890625,159.38800048828125,0.0
2026-08-26 14:15:00+00:00,159.38900756835938,159.43699645996094,159.38400268554688,159.4290008544922,0.0
2026-08-26 14:20:00+00:00,159.4290008544922,159.44400024414062,159.40499877929688,159.4290008544922,0.0
2026-08-26 14:25:00+00:00,159.43299865722656,159.4429931640625,159.39999389648438,159.4199981689453,0.0
2026-08-26 14:30:00+00:00,159.41299438476562,159.4429931640625,159.38400268554688,159.39300537109375,0.0
2026-08-26 14:35:00+00:00,159.39300537109375,159.41099548339844,159.36500549316406,159.375,0.0
2026-08-26 14:40:00+00:00,159.375,159.38400268554688,159.34100341796875,159.36500549316406,0.0
2026-08-26 14:45:00+00:00,159.36399841308594,159.4219970703125,159.36300659179688,159.41200256347656,0.0
2026-08-26 14:50:00+00:00,159.41000366210938,159.42599487304688,159.3730010986328,159.38800048828125,0.0
2026-08-26 14:55:00+00:00,159.38800048828125,159.42300415039062,159.37600708007812,159.4029998779297,0.0
2026-08-26 15:00:00+00:00,159.4029998779297,159.41299438476562,159.37600708007812,159.3800048828125,0.0
2026-08-26 15:05:00+00:00,159.3800048828125,159.39199829101562,159.3459930419922,159.3509979248047,0.0
2026-08-26 15:10:00+00:00,159.3509979248047,159.3730010986328,159.3350067138672,159.36399841308594,0.0
2026-08-26 15:15:00+00:00,159.36700439453125,159.38499450683594,159.3489990234375,159.35699462890625,0.0
2026-08-26 15:20:00+00:00,159.3520050048828,159.3820037841797,159.3509979248047,159.36199951171875,0.0
2026-08-26 15:25:00+00:00,159.3679962158203,159.38299560546875,159.36000061035156,159.36500549316406,0.0
2026-08-26 15:30:00+00:00,159.3699951171875,159.3769989013672,159.35499572753906,159.3560028076172,0.0
2026-08-26 15:35:00+00:00,159.35800170898438,159.36700439453125,159.34300231933594,159.3489990234375,0.0
2026-08-26 15:40:00+00:00,159.3419952392578,159.35499572753906,159.3179931640625,159.35299682617188,0.0
2026-08-26 15:45:00+00:00,159.3489990234375,159.35699462890625,159.31300354003906,159.33099365234375,0.0
2026-08-26 15:50:00+00:00,159.32899475097656,159.39300537109375,159.3249969482422,159.35899353027344,0.0
2026-08-26 15:55:00+00:00,159.35800170898438,159.39199829101562,159.34500122070312,159.36500549316406,0.0
2026-08-26 16:00:00+00:00,159.36199951171875,159.3719940185547,159.34100341796875,159.34800720214844,0.0
2026-08-26 16:05:00+00:00,159.3459930419922,159.35699462890625,159.33700561523438,159.35000610351562,0.0
2026-08-26 16:10:00+00:00,159.35299682617188,159.36399841308594,159.3209991455078,159.32400512695312,0.0
2026-08-26 16:15:00+00:00,159.32899475097656,159.32899475097656,159.29400634765625,159.30799865722656,0.0
2026-08-26 16:20:00+00:00,159.30799865722656,159.33700561523438,159.30299377441406,159.3300018310547,0.0
2026-08-26 16:25:00+00:00,159.3300018310547,159.3509979248047,159.32000732421875,159.34300231933594,0.0
2026-08-26 16:30:00+00:00,159.34500122070312,159.3699951171875,159.33799743652344,159.36399841308594,0.0
2026-08-26 16:35:00+00:00,159.36099243164062,159.3780059814453,159.35800170898438,159.37399291992188,0.0
2026-08-26 16:40:00+00:00,159.3679962158203,159.38800048828125,159.36500549316406,159.37600708007812,0.0
2026-08-26 16:45:00+00:00,159.3769989013672,159.39700317382812,159.35899353027344,159.35899353027344,0.0
2026-08-26 16:50:00+00:00,159.35899353027344,159.41700744628906,159.35499572753906,159.41200256347656,0.0
2026-08-26 16:55:00+00:00,159.41700744628906,159.42799377441406,159.4080047607422,159.41700744628906,0.0
2026-08-26 17:00:00+00:00,159.41200256347656,159.41799926757812,159.38499450683594,159.4029998779297,0.0
2026-08-26 17:05:00+00:00,159.39999389648438,159.427001953125,159.39700317382812,159.41600036621094,0.0
2026-08-26 17:10:00+00:00,159.41600036621094,159.42599487304688,159.40499877929688,159.40499877929688,0.0
2026-08-26 17:15:00+00:00,159.406005859375,159.4149932861328,159.3699951171875,159.37399291992188,0.0
2026-08-26 17:20:00+00:00,159.3780059814453,159.39199829101562,159.3679962158203,159.37100219726562,0.0
2026-08-26 17:25:00+00:00,159.37100219726562,159.38699340820312,159.36900329589844,159.3769989013672,0.0
2026-08-26 17:30:00+00:00,159.37100219726562,159.3780059814453,159.3560028076172,159.36000061035156,0.0
2026-08-26 17:35:00+00:00,159.36000061035156,159.38900756835938,159.3560028076172,159.38099670410156,0.0
2026-08-26 17:40:00+00:00,159.38800048828125,159.39100646972656,159.3699951171875,159.38299560546875,0.0
2026-08-26 17:45:00+00:00,159.38299560546875,159.41700744628906,159.38299560546875,159.41000366210938,0.0
2026-08-26 17:50:00+00:00,159.41000366210938,159.41600036621094,159.38499450683594,159.4029998779297,0.0
2026-08-26 17:55:00+00:00,159.3979949951172,159.4149932861328,159.38699340820312,159.38699340820312,0.0
2026-08-26 18:00:00+00:00,159.38800048828125,159.40199279785156,159.3820037841797,159.38900756835938,0.0
2026-08-26 18:05:00+00:00,159.38699340820312,159.4029998779297,159.3800048828125,159.38400268554688,0.0
2026-08-26 18:10:00+00:00,159.38999938964844,159.39100646972656,159.3679962158203,159.3780059814453,0.0
2026-08-26 18:15:00+00:00,159.37899780273438,159.38999938964844,159.37399291992188,159.3820037841797,0.0
2026-08-26 18:20:00+00:00,159.3820037841797,159.4029998779297,159.3820037841797,159.39300537109375,0.0
2026-08-26 18:25:00+00:00,159.39300537109375,159.4040069580078,159.38999938964844,159.39599609375,0.0
2026-08-26 18:30:00+00:00,159.39500427246094,159.41099548339844,159.39500427246094,159.4010009765625,0.0
2026-08-26 18:35:00+00:00,159.39999389648438,159.41700744628906,159.3979949951172,159.40699768066406,0.0
2026-08-26 18:40:00+00:00,159.40899658203125,159.41600036621094,159.3979949951172,159.40199279785156,0.0
2026-08-26 18:45:00+00:00,159.4029998779297,159.40499877929688,159.38499450683594,159.38699340820312,0.0
2026-08-26 18:50:00+00:00,159.38699340820312,159.4010009765625,159.38299560546875,159.39500427246094,0.0
2026-08-26 18:55:00+00:00,159.39500427246094,159.41099548339844,159.38099670410156,159.39599609375,0.0
2026-08-26 19:00:00+00:00,159.39599609375,159.41200256347656,159.38299560546875,159.38499450683594,0.0
2026-08-26 19:05:00+00:00,159.38400268554688,159.39199829101562,159.3679962158203,159.3719940185547,0.0
2026-08-26 19:10:00+00:00,159.3699951171875,159.3769989013672,159.35699462890625,159.36399841308594,0.0
2026-08-26 19:15:00+00:00,159.36000061035156,159.39199829101562,159.35800170898438,159.38900756835938,0.0
2026-08-26 19:20:00+00:00,159.38600158691406,159.39300537109375,159.3800048828125,159.38600158691406,0.0
2026-08-26 19:25:00+00:00,159.38099670410156,159.38800048828125,159.36900329589844,159.37399291992188,0.0
2026-08-26 19:30:00+00:00,159.37399291992188,159.3820037841797,159.31900024414062,159.35699462890625,0.0
2026-08-26 19:35:00+00:00,159.3560028076172,159.3679962158203,159.35000610351562,159.36199951171875,0.0
2026-08-26 19:40:00+00:00,159.36199951171875,159.36700439453125,159.3419952392578,159.34800720214844,0.0
2026-08-26 19:45:00+00:00,159.3489990234375,159.36000061035156,159.33700561523438,159.35299682617188,0.0
2026-08-26 19:50:00+00:00,159.35400390625,159.375,159.3520050048828,159.35499572753906,0.0
2026-08-26 19:55:00+00:00,159.36099243164062,159.36700439453125,159.33900451660156,159.34500122070312,0.0
2026-08-26 20:00:00+00:00,159.34100341796875,159.35699462890625,159.33299255371094,159.34800720214844,0.0
2026-08-26 20:05:00+00:00,159.3509979248047,159.36300659179688,159.33799743652344,159.3419952392578,0.0
2026-08-26 20:10:00+00:00,159.33799743652344,159.35699462890625,159.33799743652344,159.343994140625,0.0
2026-08-26 20:15:00+00:00,159.343994140625,159.35400390625,159.33799743652344,159.33999633789062,0.0
2026-08-26 20:20:00+00:00,159.34100341796875,159.34800720214844,159.3260040283203,159.33399963378906,0.0
2026-08-26 20:25:00+00:00,159.32699584960938,159.3350067138672,159.31199645996094,159.31399536132812,0.0
2026-08-26 20:30:00+00:00,159.31500244140625,159.3249969482422,159.30999755859375,159.3159942626953,0.0
2026-08-26 20:35:00+00:00,159.31900024414062,159.3249969482422,159.28700256347656,159.2949981689453,0.0
2026-08-26 20:40:00+00:00,159.28799438476562,159.2969970703125,159.28500366210938,159.28799438476562,0.0
2026-08-26 20:45:00+00:00,159.28399658203125,159.322998046875,159.28399658203125,159.30299377441406,0.0
2026-08-26 20:50:00+00:00,159.302001953125,159.3209991455078,159.29800415039062,159.31300354003906,0.0
2026-08-26 20:55:00+00:00,159.31199645996094,159.3209991455078,159.2779998779297,159.28599548339844,0.0
2026-08-26 21:00:00+00:00,159.2740020751953,159.2760009765625,159.2530059814453,159.27000427246094,0.0
2026-08-26 21:05:00+00:00,159.26600646972656,159.27200317382812,159.26100158691406,159.26499938964844,0.0
2026-08-26 21:10:00+00:00,159.27200317382812,159.27200317382812,159.2259979248047,159.2480010986328,0.0
2026-08-26 21:15:00+00:00,159.24099731445312,159.26800537109375,159.23300170898438,159.25900268554688,0.0
2026-08-26 21:20:00+00:00,159.2530059814453,159.26199340820312,159.23399353027344,159.24099731445312,0.0
2026-08-26 21:25:00+00:00,159.23800659179688,159.2740020751953,159.23800659179688,159.25799560546875,0.0
2026-08-26 21:30:00+00:00,159.25399780273438,159.27499389648438,159.2310028076172,159.2429962158203,0.0
2026-08-26 21:35:00+00:00,159.2429962158203,159.27000427246094,159.2310028076172,159.27000427246094,0.0
2026-08-26 21:40:00+00:00,159.26800537109375,159.2740020751953,159.2480010986328,159.2740020751953,0.0
2026-08-26 21:45:00+00:00,159.26800537109375,159.27499389648438,159.24099731445312,159.26800537109375,0.0
2026-08-26 21:50:00+00:00,159.2480010986328,159.27099609375,159.24200439453125,159.24600219726562,0.0
2026-08-26 21:55:00+00:00,159.25,159.3179931640625,159.23899841308594,159.24400329589844,0.0
2026-08-26 22:00:00+00:00,159.26199340820312,159.33299255371094,159.24099731445312,159.27499389648438,0.0
2026-08-26 22:05:00+00:00,159.27000427246094,159.28799438476562,159.2689971923828,159.27999877929688,0.0
2026-08-26 22:10:00+00:00,159.2779998779297,159.29800415039062,159.26699829101562,159.29299926757812,0.0
2026-08-26 22:15:00+00:00,159.29600524902344,159.2969970703125,159.26800537109375,159.281005859375,0.0
2026-08-26 22:20:00+00:00,159.27000427246094,159.28700256347656,159.26699829101562,159.2779998779297,0.0
2026-08-26 22:25:00+00:00,159.2689971923828,159.281005859375,159.25599670410156,159.26800537109375,0.0
2026-08-26 22:30:00+00:00,159.26100158691406,159.281005859375,159.2550048828125,159.26100158691406,0.0
2026-08-26 22:35:00+00:00,159.27099609375,159.2760009765625,159.2480010986328,159.25599670410156,0.0
2026-08-26 22:40:00+00:00,159.25799560546875,159.26800537109375,159.24600219726562,159.24600219726562,0.0
2026-08-26 22:45:00+00:00,159.24600219726562,159.25999450683594,159.24600219726562,159.25599670410156,0.0
2026-08-26 22:50:00+00:00,159.2480010986328,159.25999450683594,159.23800659179688,159.24899291992188,0.0
2026-08-26 22:55:00+00:00,159.24899291992188,159.2689971923828,159.2469940185547,159.26800537109375,0.0
2026-08-26 23:00:00+00:00,159.25799560546875,159.27000427246094,159.2239990234375,159.24200439453125,0.0
2026-08-26 23:05:00+00:00,159.24200439453125,159.2519989013672,159.23300170898438,159.24200439453125,0.0
2026-08-26 23:10:00+00:00,159.24200439453125,159.24899291992188,159.21800231933594,159.2239990234375,0.0
2026-08-26 23:15:00+00:00,159.218994140625,159.22900390625,159.2030029296875,159.2030029296875,0.0
2026-08-26 23:20:00+00:00,159.20399475097656,159.2259979248047,159.20399475097656,159.21499633789062,0.0
2026-08-26 23:25:00+00:00,159.22300720214844,159.25399780273438,159.21800231933594,159.2519989013672,0.0
2026-08-26 23:30:00+00:00,159.24600219726562,159.25399780273438,159.22999572753906,159.2310028076172,0.0
2026-08-26 23:35:00+00:00,159.2310028076172,159.24099731445312,159.22900390625,159.23599243164062,0.0
2026-08-26 23:40:00+00:00,159.23199462890625,159.2530059814453,159.22999572753906,159.2480010986328,0.0
2026-08-26 23:45:00+00:00,159.2429962158203,159.26199340820312,159.2270050048828,159.2429962158203,0.0
2026-08-26 23:50:00+00:00,159.2429962158203,159.2740020751953,159.2429962158203,159.26400756835938,0.0
2026-08-26 23:55:00+00:00,159.26199340820312,159.2740020751953,159.2449951171875,159.2449951171875,0.0
2026-08-27 00:00:00+00:00,159.24899291992188,159.2550048828125,159.17100524902344,159.19500732421875,0.0
2026-08-27 00:05:00+00:00,159.197998046875,159.21299743652344,159.1540069580078,159.17100524902344,0.0
2026-08-27 00:10:00+00:00,159.17100524902344,159.1909942626953,159.12600708007812,159.14100646972656,0.0
2026-08-27 00:15:00+00:00,159.14100646972656,159.15699768066406,159.1300048828125,159.14999389648438,0.0
2026-08-27 00:20:00+00:00,159.1490020751953,159.17599487304688,159.11700439453125,159.13600158691406,0.0
2026-08-27 00:25:00+00:00,159.13400268554688,159.15199279785156,159.11500549316406,159.13800048828125,0.0
2026-08-27 00:30:00+00:00,159.14300537109375,159.1580047607422,159.10899353027344,159.11000061035156,0.0
2026-08-27 00:35:00+00:00,159.11000061035156,159.16400146484375,159.10800170898438,159.14500427246094,0.0
2026-08-27 00:40:00+00:00,159.13999938964844,159.1490020751953,159.1199951171875,159.13999938964844,0.0
2026-08-27 00:45:00+00:00,159.13800048828125,159.1699981689453,159.13699340820312,159.14500427246094,0.0
2026-08-27 00:50:00+00:00,159.13999938964844,159.1909942626953,159.1230010986328,159.1439971923828,0.0
2026-08-27 00:55:00+00:00,159.1490020751953,159.19500732421875,159.13699340820312,159.17599487304688,0.0
2026-08-27 01:00:00+00:00,159.177001953125,159.20799255371094,159.1699981689453,159.17300415039062,0.0
2026-08-27 01:05:00+00:00,159.17300415039062,159.20399475097656,159.1719970703125,159.18800354003906,0.0
2026-08-27 01:10:00+00:00,159.17999267578125,159.18899536132812,159.16000366210938,159.16799926757812,0.0
2026-08-27 01:15:00+00:00,159.16000366210938,159.1929931640625,159.14700317382812,159.18099975585938,0.0
2026-08-27 01:20:00+00:00,159.17999267578125,159.20399475097656,159.15699768066406,159.1649932861328,0.0
2026-08-27 01:25:00+00:00,159.1719970703125,159.197998046875,159.1529998779297,159.16099548339844,0.0
2026-08-27 01:30:00+00:00,159.15499877929688,159.2270050048828,159.1320037841797,159.1750030517578,0.0
2026-08-27 01:35:00+00:00,159.1719970703125,159.27999877929688,159.12600708007812,159.2779998779297,0.0
2026-08-27 01:40:00+00:00,159.26600646972656,159.28199768066406,159.20599365234375,159.22500610351562,0.0
2026-08-27 01:45:00+00:00,159.21499633789062,159.24899291992188,159.20899963378906,159.23399353027344,0.0
2026-08-27 01:50:00+00:00,159.23599243164062,159.25900268554688,159.2270050048828,159.24000549316406,0.0
2026-08-27 01:55:00+00:00,159.24000549316406,159.2570037841797,159.22000122070312,159.2530059814453,0.0
2026-08-27 02:00:00+00:00,159.24600219726562,159.30499267578125,159.24400329589844,159.2830047607422,0.0
2026-08-27 02:05:00+00:00,159.2899932861328,159.3040008544922,159.25599670410156,159.26699829101562,0.0
2026-08-27 02:10:00+00:00,159.25999450683594,159.30299377441406,159.25900268554688,159.30299377441406,0.0
2026-08-27 02:15:00+00:00,159.302001953125,159.35000610351562,159.2949981689453,159.3350067138672,0.0
2026-08-27 02:20:00+00:00,159.3350067138672,159.3780059814453,159.32699584960938,159.36900329589844,0.0
2026-08-27 02:25:00+00:00,159.36900329589844,159.37899780273438,159.35299682617188,159.375,0.0
2026-08-27 02:30:00+00:00,159.36700439453125,159.39999389648438,159.3520050048828,159.36700439453125,0.0
2026-08-27 02:35:00+00:00,159.36700439453125,159.375,159.33700561523438,159.34100341796875,0.0
2026-08-27 02:40:00+00:00,159.3489990234375,159.3489990234375,159.3159942626953,159.33799743652344,0.0
2026-08-27 02:45:00+00:00,159.33099365234375,159.33900451660156,159.2949981689453,159.31199645996094,0.0
2026-08-27 02:50:00+00:00,159.30799865722656,159.3419952392578,159.29400634765625,159.3209991455078,0.0
2026-08-27 02:55:00+00:00,159.32000732421875,159.33799743652344,159.31300354003906,159.32699584960938,0.0
2026-08-27 03:00:00+00:00,159.33299255371094,159.34800720214844,159.31700134277344,159.32400512695312,0.0
2026-08-27 03:05:00+00:00,159.32400512695312,159.34300231933594,159.3159942626953,159.31900024414062,0.0
2026-08-27 03:10:00+00:00,159.3260040283203,159.3260040283203,159.30099487304688,159.30799865722656,0.0
2026-08-27 03:15:00+00:00,159.3040008544922,159.32899475097656,159.30099487304688,159.3280029296875,0.0
2026-08-27 03:20:00+00:00,159.322998046875,159.33700561523438,159.3159942626953,159.32899475097656,0.0
2026-08-27 03:25:00+00:00,159.32899475097656,159.35299682617188,159.32899475097656,159.34100341796875,0.0
2026-08-27 03:30:00+00:00,159.34100341796875,159.36599731445312,159.34100341796875,159.35499572753906,0.0
2026-08-27 03:35:00+00:00,159.35499572753906,159.37399291992188,159.35400390625,159.3679962158203,0.0
2026-08-27 03:40:00+00:00,159.36500549316406,159.3730010986328,159.33799743652344,159.3520050048828,0.0
2026-08-27 03:45:00+00:00,159.3489990234375,159.35800170898438,159.33399963378906,159.3419952392578,0.0
2026-08-27 03:50:00+00:00,159.33700561523438,159.3520050048828,159.32899475097656,159.3509979248047,0.0
2026-08-27 03:55:00+00:00,159.34800720214844,159.35800170898438,159.33999633789062,159.34300231933594,0.0
2026-08-27 04:00:00+00:00,159.3419952392578,159.3509979248047,159.3249969482422,159.3300018310547,0.0
2026-08-27 04:05:00+00:00,159.33099365234375,159.3520050048828,159.3249969482422,159.343994140625,0.0
2026-08-27 04:10:00+00:00,159.35000610351562,159.35400390625,159.33200073242188,159.3520050048828,0.0
2026-08-27 04:15:00+00:00,159.3459930419922,159.36099243164062,159.34100341796875,159.3509979248047,0.0
2026-08-27 04:20:00+00:00,159.3509979248047,159.3719940185547,159.35000610351562,159.36399841308594,0.0
2026-08-27 04:25:00+00:00,159.35800170898438,159.36500549316406,159.3419952392578,159.36500549316406,0.0
2026-08-27 04:30:00+00:00,159.36300659179688,159.38299560546875,159.3520050048828,159.36599731445312,0.0
2026-08-27 04:35:00+00:00,159.36500549316406,159.38400268554688,159.36000061035156,159.36199951171875,0.0
2026-08-27 04:40:00+00:00,159.36199951171875,159.37399291992188,159.3509979248047,159.35800170898438,0.0
2026-08-27 04:45:00+00:00,159.3560028076172,159.3699951171875,159.343994140625,159.3560028076172,0.0
2026-08-27 04:50:00+00:00,159.3560028076172,159.3730010986328,159.35499572753906,159.35800170898438,0.0
2026-08-27 04:55:00+00:00,159.35899353027344,159.3820037841797,159.35299682617188,159.36099243164062,0.0
2026-08-27 05:00:00+00:00,159.35499572753906,159.3730010986328,159.3419952392578,159.34500122070312,0.0
2026-08-27 05:05:00+00:00,159.34500122070312,159.38600158691406,159.3300018310547,159.343994140625,0.0
2026-08-27 05:10:00+00:00,159.3520050048828,159.3520050048828,159.3249969482422,159.33900451660156,0.0
2026-08-27 05:15:00+00:00,159.34100341796875,159.3520050048828,159.32899475097656,159.33399963378906,0.0
2026-08-27 05:20:00+00:00,159.3300018310547,159.33700561523438,159.31500244140625,159.3249969482422,0.0
2026-08-27 05:25:00+00:00,159.3249969482422,159.33200073242188,159.28799438476562,159.29299926757812,0.0
2026-08-27 05:30:00+00:00,159.29100036621094,159.31199645996094,159.2790069580078,159.3040008544922,0.0
2026-08-27 05:35:00+00:00,159.30999755859375,159.32200622558594,159.29299926757812,159.31399536132812,0.0
2026-08-27 05:40:00+00:00,159.31399536132812,159.32899475097656,159.30999755859375,159.31199645996094,0.0
2026-08-27 05:45:00+00:00,159.3179931640625,159.343994140625,159.31100463867188,159.3350067138672,0.0
2026-08-27 05:50:00+00:00,159.32899475097656,159.3780059814453,159.32899475097656,159.36399841308594,0.0
2026-08-27 05:55:00+00:00,159.36500549316406,159.38299560546875,159.35000610351562,159.36000061035156,0.0
2026-08-27 06:00:00+00:00,159.36000061035156,159.38999938964844,159.33999633789062,159.37899780273438,0.0
2026-08-27 06:05:00+00:00,159.37399291992188,159.38099670410156,159.3520050048828,159.35299682617188,0.0
2026-08-27 06:10:00+00:00,159.35299682617188,159.36599731445312,159.33700561523438,159.3459930419922,0.0
2026-08-27 06:15:00+00:00,159.3459930419922,159.3719940185547,159.3459930419922,159.35699462890625,0.0
2026-08-27 06:20:00+00:00,159.35699462890625,159.36599731445312,159.3350067138672,159.34100341796875,0.0
2026-08-27 06:25:00+00:00,159.34100341796875,159.35800170898438,159.3300018310547,159.34300231933594,0.0
2026-08-27 06:30:00+00:00,159.34300231933594,159.3820037841797,159.34300231933594,159.35699462890625,0.0
2026-08-27 06:35:00+00:00,159.35499572753906,159.36199951171875,159.343994140625,159.35899353027344,0.0
2026-08-27 06:40:00+00:00,159.35299682617188,159.36199951171875,159.3419952392578,159.343994140625,0.0
2026-08-27 06:45:00+00:00,159.34500122070312,159.3719940185547,159.3300018310547,159.36500549316406,0.0
2026-08-27 06:50:00+00:00,159.36500549316406,159.38099670410156,159.35000610351562,159.35699462890625,0.0
2026-08-27 06:55:00+00:00,159.35000610351562,159.36199951171875,159.33799743652344,159.3520050048828,0.0
2026-08-27 07:00:00+00:00,159.3520050048828,159.35899353027344,159.2949981689453,159.3209991455078,0.0
2026-08-27 07:05:00+00:00,159.3209991455078,159.33900451660156,159.30599975585938,159.30999755859375,0.0
2026-08-27 07:10:00+00:00,159.31199645996094,159.32200622558594,159.27999877929688,159.29400634765625,0.0
2026-08-27 07:15:00+00:00,159.28799438476562,159.3090057373047,159.26800537109375,159.281005859375,0.0
2026-08-27 07:20:00+00:00,159.2779998779297,159.30799865722656,159.27699279785156,159.30099487304688,0.0
2026-08-27 07:25:00+00:00,159.30599975585938,159.34300231933594,159.302001953125,159.32400512695312,0.0
2026-08-27 07:30:00+00:00,159.32400512695312,159.34500122070312,159.322998046875,159.32699584960938,0.0
2026-08-27 07:35:00+00:00,159.32699584960938,159.35800170898438,159.3040008544922,159.3520050048828,0.0
2026-08-27 07:40:00+00:00,159.35499572753906,159.35800170898438,159.3300018310547,159.3300018310547,0.0
2026-08-27 07:45:00+00:00,159.3350067138672,159.35000610351562,159.3300018310547,159.33299255371094,0.0
2026-08-27 07:50:00+00:00,159.33299255371094,159.3730010986328,159.33299255371094,159.3520050048828,0.0
2026-08-27 07:55:00+00:00,159.3520050048828,159.36300659179688,159.32200622558594,159.3520050048828,0.0
2026-08-27 08:00:00+00:00,159.3520050048828,159.3679962158203,159.30799865722656,159.31300354003906,0.0
2026-08-27 08:05:00+00:00,159.31300354003906,159.33900451660156,159.29100036621094,159.30799865722656,0.0
2026-08-27 08:10:00+00:00,159.3070068359375,159.322998046875,159.2830047607422,159.31700134277344,0.0
2026-08-27 08:15:00+00:00,159.31399536132812,159.32400512695312,159.29299926757812,159.3209991455078,0.0
2026-08-27 08:20:00+00:00,159.3159942626953,159.34100341796875,159.31300354003906,159.32000732421875,0.0
2026-08-27 08:25:00+00:00,159.3209991455078,159.33599853515625,159.30799865722656,159.3260040283203,0.0
2026-08-27 08:30:00+00:00,159.3249969482422,159.3459930419922,159.3249969482422,159.33399963378906,0.0
2026-08-27 08:35:00+00:00,159.33700561523438,159.3489990234375,159.3179931640625,159.33599853515625,0.0
2026-08-27 08:40:00+00:00,159.33599853515625,159.34800720214844,159.2830047607422,159.30099487304688,0.0
2026-08-27 08:45:00+00:00,159.29600524902344,159.30599975585938,159.27499389648438,159.28700256347656,0.0
2026-08-27 08:50:00+00:00,159.28199768066406,159.30599975585938,159.27699279785156,159.30099487304688,0.0
2026-08-27 08:55:00+00:00,159.2949981689453,159.3249969482422,159.28799438476562,159.3179931640625,0.0
2026-08-27 09:00:00+00:00,159.31900024414062,159.35299682617188,159.30499267578125,159.3419952392578,0.0
2026-08-27 09:05:00+00:00,159.34800720214844,159.35499572753906,159.3300018310547,159.33999633789062,0.0
2026-08-27 09:10:00+00:00,159.33700561523438,159.36099243164062,159.33099365234375,159.3470001220703,0.0
2026-08-27 09:15:00+00:00,159.3509979248047,159.38400268554688,159.34500122070312,159.37600708007812,0.0
2026-08-27 09:20:00+00:00,159.37600708007812,159.38999938964844,159.36000061035156,159.3699951171875,0.0
2026-08-27 09:25:00+00:00,159.3699951171875,159.41299438476562,159.3699951171875,159.38999938964844,0.0
2026-08-27 09:30:00+00:00,159.39500427246094,159.43499755859375,159.38800048828125,159.42799377441406,0.0
2026-08-27 09:35:00+00:00,159.42799377441406,159.4759979248047,159.42300415039062,159.4709930419922,0.0
2026-08-27 09:40:00+00:00,159.46499633789062,159.49000549316406,159.45199584960938,159.47999572753906,0.0
2026-08-27 09:45:00+00:00,159.47900390625,159.48599243164062,159.4499969482422,159.4550018310547,0.0
2026-08-27 09:50:00+00:00,159.4499969482422,159.45899963378906,159.4409942626953,159.4429931640625,0.0
2026-08-27 09:55:00+00:00,159.44500732421875,159.48199462890625,159.44000244140625,159.47300720214844,0.0
2026-08-27 10:00:00+00:00,159.4709930419922,159.49000549316406,159.45399475097656,159.468994140625,0.0
2026-08-27 10:05:00+00:00,159.46800231933594,159.48699951171875,159.45700073242188,159.46499633789062,0.0
2026-08-27 10:10:00+00:00,159.46499633789062,159.4709930419922,159.4409942626953,159.447998046875,0.0
2026-08-27 10:15:00+00:00,159.4409942626953,159.4510040283203,159.4199981689453,159.4239959716797,0.0
2026-08-27 10:20:00+00:00,159.42799377441406,159.4340057373047,159.41299438476562,159.42799377441406,0.0
2026-08-27 10:25:00+00:00,159.42599487304688,159.45899963378906,159.4239959716797,159.44500732421875,0.0
2026-08-27 10:30:00+00:00,159.44900512695312,159.4720001220703,159.44500732421875,159.46600341796875,0.0
2026-08-27 10:35:00+00:00,159.468994140625,159.4969940185547,159.46200561523438,159.48899841308594,0.0
2026-08-27 10:40:00+00:00,159.49400329589844,159.5260009765625,159.45799255371094,159.46800231933594,0.0
2026-08-27 10:45:00+00:00,159.46299743652344,159.4969940185547,159.46299743652344,159.4810028076172,0.0
2026-08-27 10:50:00+00:00,159.48300170898438,159.4949951171875,159.4669952392578,159.4720001220703,0.0
2026-08-27 10:55:00+00:00,159.4669952392578,159.48500061035156,159.4600067138672,159.4739990234375,0.0
2026-08-27 11:00:00+00:00,159.4709930419922,159.4980010986328,159.46299743652344,159.4949951171875,0.0
2026-08-27 11:05:00+00:00,159.49200439453125,159.4980010986328,159.47000122070312,159.48599243164062,0.0
2026-08-27 11:10:00+00:00,159.47900390625,159.4969940185547,159.4720001220703,159.4720001220703,0.0
2026-08-27 11:15:00+00:00,159.4720001220703,159.48599243164062,159.4510040283203,159.45899963378906,0.0
2026-08-27 11:20:00+00:00,159.45899963378906,159.4720001220703,159.44700622558594,159.4550018310547,0.0
2026-08-27 11:25:00+00:00,159.4550018310547,159.4720001220703,159.4459991455078,159.46299743652344,0.0
2026-08-27 11:30:00+00:00,159.46099853515625,159.4720001220703,159.41700744628906,159.44500732421875,0.0
2026-08-27 11:35:00+00:00,159.4459991455078,159.4739990234375,159.4340057373047,159.45399475097656,0.0
2026-08-27 11:40:00+00:00,159.4530029296875,159.4709930419922,159.4409942626953,159.4669952392578,0.0
2026-08-27 11:45:00+00:00,159.47000122070312,159.51499938964844,159.45700073242188,159.49400329589844,0.0
2026-08-27 11:50:00+00:00,159.4929962158203,159.50900268554688,159.43800354003906,159.447998046875,0.0
2026-08-27 11:55:00+00:00,159.44200134277344,159.45399475097656,159.41200256347656,159.4340057373047,0.0
2026-08-27 12:00:00+00:00,159.4340057373047,159.4429931640625,159.3979949951172,159.4219970703125,0.0
2026-08-27 12:05:00+00:00,159.4219970703125,159.43499755859375,159.3800048828125,159.38900756835938,0.0
2026-08-27 12:10:00+00:00,159.38299560546875,159.42599487304688,159.37399291992188,159.41000366210938,0.0
2026-08-27 12:15:00+00:00,159.4149932861328,159.4219970703125,159.36199951171875,159.36300659179688,0.0
2026-08-27 12:20:00+00:00,159.36099243164062,159.38800048828125,159.3419952392578,159.38499450683594,0.0
2026-08-27 12:25:00+00:00,159.37899780273438,159.4290008544922,159.3679962158203,159.3990020751953,0.0
2026-08-27 12:30:00+00:00,159.39999389648438,159.4409942626953,159.36500549316406,159.42300415039062,0.0
2026-08-27 12:35:00+00:00,159.41700744628906,159.44500732421875,159.41400146484375,159.41900634765625,0.0
2026-08-27 12:40:00+00:00,159.41900634765625,159.44500732421875,159.3979949951172,159.41700744628906,0.0
2026-08-27 12:45:00+00:00,159.41299438476562,159.43499755859375,159.406005859375,159.42999267578125,0.0
2026-08-27 12:50:00+00:00,159.43600463867188,159.44700622558594,159.40899658203125,159.41799926757812,0.0
2026-08-27 12:55:00+00:00,159.4219970703125,159.43099975585938,159.3990020751953,159.4080047607422,0.0
2026-08-27 13:00:00+00:00,159.41000366210938,159.42599487304688,159.36900329589844,159.40199279785156,0.0
2026-08-27 13:05:00+00:00,159.40199279785156,159.42999267578125,159.3990020751953,159.42300415039062,0.0
2026-08-27 13:10:00+00:00,159.427001953125,159.45399475097656,159.42100524902344,159.4429931640625,0.0
2026-08-27 13:15:00+00:00,159.44900512695312,159.4669952392578,159.4199981689453,159.43600463867188,0.0
2026-08-27 13:20:00+00:00,159.43699645996094,159.43899536132812,159.36399841308594,159.38600158691406,0.0
2026-08-27 13:25:00+00:00,159.38499450683594,159.39300537109375,159.33999633789062,159.36199951171875,0.0
2026-08-27 13:30:00+00:00,159.36199951171875,159.39100646972656,159.34300231933594,159.38299560546875,0.0
2026-08-27 13:35:00+00:00,159.3800048828125,159.39100646972656,159.35899353027344,159.38099670410156,0.0
2026-08-27 13:40:00+00:00,159.38499450683594,159.39700317382812,159.36900329589844,159.38900756835938,0.0
2026-08-27 13:45:00+00:00,159.38900756835938,159.42100524902344,159.3699951171875,159.38699340820312,0.0
2026-08-27 13:50:00+00:00,159.39500427246094,159.41200256347656,159.3800048828125,159.3820037841797,0.0
2026-08-27 13:55:00+00:00,159.38400268554688,159.38900756835938,159.3350067138672,159.36099243164062,0.0
2026-08-27 14:00:00+00:00,159.36300659179688,159.375,159.33999633789062,159.33999633789062,0.0
2026-08-27 14:05:00+00:00,159.34100341796875,159.36000061035156,159.2899932861328,159.3300018310547,0.0
2026-08-27 14:10:00+00:00,159.3260040283203,159.36199951171875,159.30999755859375,159.343994140625,0.0
2026-08-27 14:15:00+00:00,159.34300231933594,159.35499572753906,159.32000732421875,159.33599853515625,0.0
2026-08-27 14:20:00+00:00,159.33200073242188,159.3730010986328,159.32699584960938,159.3719940185547,0.0
2026-08-27 14:25:00+00:00,159.36599731445312,159.3730010986328,159.33700561523438,159.33799743652344,0.0
2026-08-27 14:30:00+00:00,159.33799743652344,159.3419952392578,159.30799865722656,159.30999755859375,0.0
2026-08-27 14:35:00+00:00,159.30999755859375,159.3280029296875,159.28799438476562,159.3000030517578,0.0
2026-08-27 14:40:00+00:00,159.2969970703125,159.3459930419922,159.28199768066406,159.33599853515625,0.0
2026-08-27 14:45:00+00:00,159.33599853515625,159.34300231933594,159.30599975585938,159.33099365234375,0.0
2026-08-27 14:50:00+00:00,159.33099365234375,159.343994140625,159.2969970703125,159.31900024414062,0.0
2026-08-27 14:55:00+00:00,159.32000732421875,159.33599853515625,159.27000427246094,159.3260040283203,0.0
2026-08-27 15:00:00+00:00,159.33099365234375,159.33099365234375,159.27000427246094,159.2989959716797,0.0
2026-08-27 15:05:00+00:00,159.3000030517578,159.3249969482422,159.2740020751953,159.3159942626953,0.0
2026-08-27 15:10:00+00:00,159.32000732421875,159.3300018310547,159.29800415039062,159.3209991455078,0.0
2026-08-27 15:15:00+00:00,159.32000732421875,159.3280029296875,159.28799438476562,159.322998046875,0.0
2026-08-27 15:20:00+00:00,159.32400512695312,159.3280029296875,159.302001953125,159.31399536132812,0.0
2026-08-27 15:25:00+00:00,159.31399536132812,159.32899475097656,159.30299377441406,159.30599975585938,0.0
2026-08-27 15:30:00+00:00,159.30599975585938,159.31500244140625,159.27999877929688,159.28900146484375,0.0
2026-08-27 15:35:00+00:00,159.2899932861328,159.30499267578125,159.28500366210938,159.29200744628906,0.0
2026-08-27 15:40:00+00:00,159.29200744628906,159.29800415039062,159.27000427246094,159.2740020751953,0.0
2026-08-27 15:45:00+00:00,159.2740020751953,159.30499267578125,159.27000427246094,159.28599548339844,0.0
2026-08-27 15:50:00+00:00,159.28399658203125,159.29299926757812,159.2449951171875,159.25,0.0
2026-08-27 15:55:00+00:00,159.25,159.26600646972656,159.23300170898438,159.26199340820312,0.0
2026-08-27 16:00:00+00:00,159.25799560546875,159.2760009765625,159.2469940185547,159.26699829101562,0.0
2026-08-27 16:05:00+00:00,159.26699829101562,159.29299926757812,159.26300048828125,159.2760009765625,0.0
2026-08-27 16:10:00+00:00,159.27099609375,159.28199768066406,159.24600219726562,159.25900268554688,0.0
2026-08-27 16:15:00+00:00,159.25900268554688,159.2779998779297,159.25799560546875,159.26699829101562,0.0
2026-08-27 16:20:00+00:00,159.26699829101562,159.27200317382812,159.24000549316406,159.25900268554688,0.0
2026-08-27 16:25:00+00:00,159.25900268554688,159.2790069580078,159.24600219726562,159.2550048828125,0.0
2026-08-27 16:30:00+00:00,159.25399780273438,159.26100158691406,159.24000549316406,159.2429962158203,0.0
2026-08-27 16:35:00+00:00,159.24200439453125,159.26199340820312,159.24200439453125,159.2550048828125,0.0
2026-08-27 16:40:00+00:00,159.25900268554688,159.27499389648438,159.25399780273438,159.26600646972656,0.0
2026-08-27 16:45:00+00:00,159.2689971923828,159.30599975585938,159.26100158691406,159.2949981689453,0.0
2026-08-27 16:50:00+00:00,159.2949981689453,159.30599975585938,159.2830047607422,159.2949981689453,0.0
2026-08-27 16:55:00+00:00,159.29400634765625,159.3040008544922,159.2779998779297,159.28900146484375,0.0
2026-08-27 17:00:00+00:00,159.28900146484375,159.2949981689453,159.25999450683594,159.27099609375,0.0
2026-08-27 17:05:00+00:00,159.27200317382812,159.30099487304688,159.27099609375,159.29600524902344,0.0
2026-08-27 17:10:00+00:00,159.2949981689453,159.3249969482422,159.29400634765625,159.31900024414062,0.0
2026-08-27 17:15:00+00:00,159.3179931640625,159.33099365234375,159.3070068359375,159.3090057373047,0.0
2026-08-27 17:20:00+00:00,159.30799865722656,159.3179931640625,159.2949981689453,159.3070068359375,0.0
2026-08-27 17:25:00+00:00,159.30599975585938,159.31399536132812,159.29800415039062,159.30999755859375,0.0
2026-08-27 17:30:00+00:00,159.30499267578125,159.32699584960938,159.30499267578125,159.31199645996094,0.0
2026-08-27 17:35:00+00:00,159.31500244140625,159.3419952392578,159.31100463867188,159.34100341796875,0.0
2026-08-27 17:40:00+00:00,159.3350067138672,159.36900329589844,159.33299255371094,159.35800170898438,0.0
2026-08-27 17:45:00+00:00,159.35800170898438,159.38800048828125,159.35400390625,159.3699951171875,0.0
2026-08-27 17:50:00+00:00,159.37100219726562,159.39300537109375,159.3679962158203,159.37600708007812,0.0
2026-08-27 17:55:00+00:00,159.38099670410156,159.4080047607422,159.3730010986328,159.40199279785156,0.0
2026-08-27 18:00:00+00:00,159.39999389648438,159.4550018310547,159.39599609375,159.4499969482422,0.0
2026-08-27 18:05:00+00:00,159.4550018310547,159.4600067138672,159.4340057373047,159.447998046875,0.0
2026-08-27 18:10:00+00:00,159.44400024414062,159.45399475097656,159.41600036621094,159.41700744628906,0.0
2026-08-27 18:15:00+00:00,159.41700744628906,159.427001953125,159.41000366210938,159.42300415039062,0.0
2026-08-27 18:20:00+00:00,159.4199981689453,159.43600463867188,159.41000366210938,159.42100524902344,0.0
2026-08-27 18:25:00+00:00,159.42100524902344,159.4340057373047,159.40699768066406,159.4219970703125,0.0
2026-08-27 18:30:00+00:00,159.41799926757812,159.43800354003906,159.41600036621094,159.4340057373047,0.0
2026-08-27 18:35:00+00:00,159.42999267578125,159.43600463867188,159.41700744628906,159.42999267578125,0.0
2026-08-27 18:40:00+00:00,159.42999267578125,159.43699645996094,159.4199981689453,159.4290008544922,0.0
2026-08-27 18:45:00+00:00,159.427001953125,159.44000244140625,159.42599487304688,159.43499755859375,0.0
2026-08-27 18:50:00+00:00,159.43099975585938,159.43600463867188,159.40899658203125,159.41799926757812,0.0
2026-08-27 18:55:00+00:00,159.41799926757812,159.43499755859375,159.40499877929688,159.4290008544922,0.0
2026-08-27 19:00:00+00:00,159.42799377441406,159.4340057373047,159.4080047607422,159.4239959716797,0.0
2026-08-27 19:05:00+00:00,159.41799926757812,159.42300415039062,159.39500427246094,159.40699768066406,0.0
2026-08-27 19:10:00+00:00,159.40699768066406,159.43800354003906,159.406005859375,159.43299865722656,0.0
2026-08-27 19:15:00+00:00,159.4290008544922,159.447998046875,159.41600036621094,159.42599487304688,0.0
2026-08-27 19:20:00+00:00,159.42300415039062,159.43299865722656,159.41700744628906,159.41700744628906,0.0
2026-08-27 19:25:00+00:00,159.41700744628906,159.43699645996094,159.41600036621094,159.43499755859375,0.0
2026-08-27 19:30:00+00:00,159.42999267578125,159.4409942626953,159.41700744628906,159.42300415039062,0.0
2026-08-27 19:35:00+00:00,159.41900634765625,159.42599487304688,159.40699768066406,159.41600036621094,0.0
2026-08-27 19:40:00+00:00,159.41400146484375,159.4239959716797,159.406005859375,159.41400146484375,0.0
2026-08-27 19:45:00+00:00,159.40899658203125,159.41700744628906,159.40199279785156,159.41000366210938,0.0
2026-08-27 19:50:00+00:00,159.41000366210938,159.4250030517578,159.40499877929688,159.40699768066406,0.0
2026-08-27 19:55:00+00:00,159.40699768066406,159.4239959716797,159.39599609375,159.41600036621094,0.0
2026-08-27 20:00:00+00:00,159.41200256347656,159.4219970703125,159.4010009765625,159.4029998779297,0.0
2026-08-27 20:05:00+00:00,159.40199279785156,159.41099548339844,159.39300537109375,159.3979949951172,0.0
2026-08-27 20:10:00+00:00,159.39700317382812,159.41099548339844,159.39199829101562,159.39700317382812,0.0
2026-08-27 20:15:00+00:00,159.39599609375,159.4040069580078,159.39100646972656,159.39500427246094,0.0
2026-08-27 20:20:00+00:00,159.39199829101562,159.39700317382812,159.38099670410156,159.39700317382812,0.0
2026-08-27 20:25:00+00:00,159.39199829101562,159.41099548339844,159.38800048828125,159.39199829101562,0.0
2026-08-27 20:30:00+00:00,159.39100646972656,159.39599609375,159.38800048828125,159.39199829101562,0.0
2026-08-27 20:35:00+00:00,159.39300537109375,159.39500427246094,159.3769989013672,159.38099670410156,0.0
2026-08-27 20:40:00+00:00,159.3780059814453,159.39100646972656,159.375,159.37899780273438,0.0
2026-08-27 20:45:00+00:00,159.37600708007812,159.38800048828125,159.3699951171875,159.37600708007812,0.0
2026-08-27 20:50:00+00:00,159.3780059814453,159.3939971923828,159.37399291992188,159.38299560546875,0.0
2026-08-27 20:55:00+00:00,159.38299560546875,159.41400146484375,159.36199951171875,159.36700439453125,0.0
2026-08-27 21:00:00+00:00,159.37600708007812,159.37600708007812,159.3040008544922,159.35499572753906,0.0
2026-08-27 21:05:00+00:00,159.36199951171875,159.41000366210938,159.33999633789062,159.4010009765625,0.0
2026-08-27 21:10:00+00:00,159.4029998779297,159.4080047607422,159.3820037841797,159.40199279785156,0.0
2026-08-27 21:15:00+00:00,159.3979949951172,159.41700744628906,159.38800048828125,159.38900756835938,0.0
2026-08-27 21:20:00+00:00,159.40499877929688,159.41200256347656,159.35899353027344,159.36099243164062,0.0
2026-08-27 21:25:00+00:00,159.3679962158203,159.3820037841797,159.3560028076172,159.36199951171875,0.0
2026-08-27 21:30:00+00:00,159.37100219726562,159.38600158691406,159.35800170898438,159.3800048828125,0.0
2026-08-27 21:35:00+00:00,159.3719940185547,159.38499450683594,159.36099243164062,159.3699951171875,0.0
2026-08-27 21:40:00+00:00,159.36300659179688,159.38600158691406,159.3560028076172,159.38299560546875,0.0
2026-08-27 21:45:00+00:00,159.3820037841797,159.3990020751953,159.35400390625,159.3560028076172,0.0
2026-08-27 21:50:00+00:00,159.3560028076172,159.375,159.35400390625,159.37100219726562,0.0
2026-08-27 21:55:00+00:00,159.37100219726562,159.3769989013672,159.35400390625,159.36199951171875,0.0
2026-08-27 22:00:00+00:00,159.36199951171875,159.38400268554688,159.34800720214844,159.37899780273438,0.0
2026-08-27 22:05:00+00:00,159.36700439453125,159.38699340820312,159.35400390625,159.35499572753906,0.0
2026-08-27 22:10:00+00:00,159.3679962158203,159.3699951171875,159.3470001220703,159.35899353027344,0.0
2026-08-27 22:15:00+00:00,159.35000610351562,159.36300659179688,159.3489990234375,159.36300659179688,0.0
2026-08-27 22:20:00+00:00,159.35000610351562,159.3820037841797,159.3489990234375,159.3730010986328,0.0
2026-08-27 22:25:00+00:00,159.37399291992188,159.39500427246094,159.36599731445312,159.38699340820312,0.0
2026-08-27 22:30:00+00:00,159.3800048828125,159.39300537109375,159.3730010986328,159.375,0.0
2026-08-27 22:35:00+00:00,159.38900756835938,159.38900756835938,159.36000061035156,159.36300659179688,0.0
2026-08-27 22:40:00+00:00,159.36300659179688,159.3780059814453,159.36199951171875,159.3769989013672,0.0
2026-08-27 22:45:00+00:00,159.36399841308594,159.3780059814453,159.36099243164062,159.36700439453125,0.0
2026-08-27 22:50:00+00:00,159.375,159.3769989013672,159.36199951171875,159.36900329589844,0.0
2026-08-27 22:55:00+00:00,159.36300659179688,159.37399291992188,159.3489990234375,159.3509979248047,0.0
2026-08-27 23:00:00+00:00,159.35000610351562,159.3719940185547,159.3470001220703,159.35800170898438,0.0
2026-08-27 23:05:00+00:00,159.35499572753906,159.36700439453125,159.35400390625,159.36000061035156,0.0
2026-08-27 23:10:00+00:00,159.35499572753906,159.36500549316406,159.34500122070312,159.35000610351562,0.0
2026-08-27 23:15:00+00:00,159.3470001220703,159.36099243164062,159.343994140625,159.35299682617188,0.0
2026-08-27 23:20:00+00:00,159.34500122070312,159.36099243164062,159.33900451660156,159.34100341796875,0.0
2026-08-27 23:25:00+00:00,159.3489990234375,159.36599731445312,159.33900451660156,159.3520050048828,0.0
2026-08-27 23:30:00+00:00,159.3520050048828,159.37399291992188,159.35000610351562,159.35499572753906,0.0
2026-08-27 23:35:00+00:00,159.36099243164062,159.36199951171875,159.32699584960938,159.33599853515625,0.0
2026-08-27 23:40:00+00:00,159.32899475097656,159.3470001220703,159.32899475097656,159.33399963378906,0.0
2026-08-27 23:45:00+00:00,159.33700561523438,159.33999633789062,159.30499267578125,159.31300354003906,0.0
2026-08-27 23:50:00+00:00,159.30499267578125,159.32699584960938,159.3040008544922,159.31900024414062,0.0
2026-08-27 23:55:00+00:00,159.31900024414062,159.32699584960938,159.30499267578125,159.30799865722656,0.0
2026-08-28 00:00:00+00:00,159.3070068359375,159.33299255371094,159.29200744628906,159.3249969482422,0.0
2026-08-28 00:05:00+00:00,159.32000732421875,159.3489990234375,159.31399536132812,159.34300231933594,0.0
2026-08-28 00:10:00+00:00,159.33999633789062,159.36000061035156,159.33700561523438,159.34100341796875,0.0
2026-08-28 00:15:00+00:00,159.34100341796875,159.38499450683594,159.33900451660156,159.3730010986328,0.0
2026-08-28 00:20:00+00:00,159.37100219726562,159.38999938964844,159.35400390625,159.35899353027344,0.0
2026-08-28 00:25:00+00:00,159.35899353027344,159.38400268554688,159.35699462890625,159.36199951171875,0.0
2026-08-28 00:30:00+00:00,159.36000061035156,159.3730010986328,159.3520050048828,159.35800170898438,0.0
2026-08-28 00:35:00+00:00,159.35499572753906,159.36300659179688,159.3300018310547,159.34800720214844,0.0
2026-08-28 00:40:00+00:00,159.34300231933594,159.35000610351562,159.3260040283203,159.343994140625,0.0
2026-08-28 00:45:00+00:00,159.33799743652344,159.3489990234375,159.30999755859375,159.33299255371094,0.0
2026-08-28 00:50:00+00:00,159.32699584960938,159.3730010986328,159.31900024414062,159.32200622558594,0.0
2026-08-28 00:55:00+00:00,159.33700561523438,159.36900329589844,159.31399536132812,159.36000061035156,0.0
2026-08-28 01:00:00+00:00,159.36500549316406,159.38400268554688,159.35400390625,159.35400390625,0.0
2026-08-28 01:05:00+00:00,159.35400390625,159.36700439453125,159.33200073242188,159.34800720214844,0.0
2026-08-28 01:10:00+00:00,159.34500122070312,159.36500549316406,159.33999633789062,159.34300231933594,0.0
2026-08-28 01:15:00+00:00,159.34500122070312,159.35800170898438,159.3249969482422,159.35499572753906,0.0
2026-08-28 01:20:00+00:00,159.35499572753906,159.36399841308594,159.3280029296875,159.35899353027344,0.0
2026-08-28 01:25:00+00:00,159.36300659179688,159.37399291992188,159.34800720214844,159.3719940185547,0.0
2026-08-28 01:30:00+00:00,159.36700439453125,159.3820037841797,159.35699462890625,159.36300659179688,0.0
2026-08-28 01:35:00+00:00,159.36399841308594,159.375,159.3419952392578,159.35499572753906,0.0
2026-08-28 01:40:00+00:00,159.35400390625,159.3990020751953,159.34800720214844,159.39599609375,0.0
2026-08-28 01:45:00+00:00,159.38999938964844,159.43499755859375,159.3820037841797,159.41400146484375,0.0
2026-08-28 01:50:00+00:00,159.41200256347656,159.43800354003906,159.40199279785156,159.42999267578125,0.0
2026-08-28 01:55:00+00:00,159.43699645996094,159.44500732421875,159.41400146484375,159.42599487304688,0.0
2026-08-28 02:00:00+00:00,159.42599487304688,159.45199584960938,159.4239959716797,159.44200134277344,0.0
2026-08-28 02:05:00+00:00,159.4409942626953,159.44900512695312,159.4250030517578,159.43899536132812,0.0
2026-08-28 02:10:00+00:00,159.43899536132812,159.45700073242188,159.4340057373047,159.4429931640625,0.0
2026-08-28 02:15:00+00:00,159.44400024414062,159.45599365234375,159.3979949951172,159.4199981689453,0.0
2026-08-28 02:20:00+00:00,159.4149932861328,159.43099975585938,159.38800048828125,159.38800048828125,0.0
2026-08-28 02:25:00+00:00,159.38800048828125,159.41600036621094,159.38600158691406,159.40899658203125,0.0
2026-08-28 02:30:00+00:00,159.40699768066406,159.44700622558594,159.406005859375,159.43499755859375,0.0
2026-08-28 02:35:00+00:00,159.4340057373047,159.44200134277344,159.41600036621094,159.42599487304688,0.0
2026-08-28 02:40:00+00:00,159.41900634765625,159.44900512695312,159.41700744628906,159.4409942626953,0.0
2026-08-28 02:45:00+00:00,159.4409942626953,159.4669952392578,159.43699645996094,159.43699645996094,0.0
2026-08-28 02:50:00+00:00,159.43699645996094,159.447998046875,159.406005859375,159.41400146484375,0.0
2026-08-28 02:55:00+00:00,159.41400146484375,159.44500732421875,159.41099548339844,159.43299865722656,0.0
2026-08-28 03:00:00+00:00,159.43600463867188,159.45399475097656,159.42799377441406,159.44500732421875,0.0
2026-08-28 03:05:00+00:00,159.44400024414062,159.4550018310547,159.43800354003906,159.447998046875,0.0
2026-08-28 03:10:00+00:00,159.44500732421875,159.46400451660156,159.4340057373047,159.4550018310547,0.0
2026-08-28 03:15:00+00:00,159.4550018310547,159.46299743652344,159.44200134277344,159.447998046875,0.0
2026-08-28 03:20:00+00:00,159.4459991455078,159.4550018310547,159.44000244140625,159.44700622558594,0.0
2026-08-28 03:25:00+00:00,159.44400024414062,159.4510040283203,159.42799377441406,159.42999267578125,0.0
2026-08-28 03:30:00+00:00,159.43600463867188,159.45199584960938,159.42999267578125,159.4409942626953,0.0
2026-08-28 03:35:00+00:00,159.4409942626953,159.4600067138672,159.43099975585938,159.44000244140625,0.0
2026-08-28 03:40:00+00:00,159.43600463867188,159.44700622558594,159.4290008544922,159.43099975585938,0.0
2026-08-28 03:45:00+00:00,159.43099975585938,159.447998046875,159.43099975585938,159.44500732421875,0.0
2026-08-28 03:50:00+00:00,159.4409942626953,159.45700073242188,159.44000244140625,159.4499969482422,0.0
2026-08-28 03:55:00+00:00,159.44500732421875,159.46099853515625,159.44200134277344,159.44400024414062,0.0
2026-08-28 04:00:00+00:00,159.44400024414062,159.47900390625,159.44400024414062,159.468994140625,0.0
2026-08-28 04:05:00+00:00,159.468994140625,159.47500610351562,159.45700073242188,159.4669952392578,0.0
2026-08-28 04:10:00+00:00,159.4669952392578,159.47900390625,159.46499633789062,159.46600341796875,0.0
2026-08-28 04:15:00+00:00,159.46600341796875,159.4759979248047,159.45599365234375,159.45700073242188,0.0
2026-08-28 04:20:00+00:00,159.46299743652344,159.49000549316406,159.45700073242188,159.48599243164062,0.0
2026-08-28 04:25:00+00:00,159.47999572753906,159.48899841308594,159.4770050048828,159.47900390625,0.0
2026-08-28 04:30:00+00:00,159.47900390625,159.49899291992188,159.47799682617188,159.48899841308594,0.0
2026-08-28 04:35:00+00:00,159.49099731445312,159.4980010986328,159.47999572753906,159.48199462890625,0.0
2026-08-28 04:40:00+00:00,159.48500061035156,159.48800659179688,159.46600341796875,159.47500610351562,0.0
2026-08-28 04:45:00+00:00,159.4759979248047,159.49099731445312,159.47000122070312,159.48800659179688,0.0
2026-08-28 04:50:00+00:00,159.48300170898438,159.5019989013672,159.48199462890625,159.48300170898438,0.0
2026-08-28 04:55:00+00:00,159.48800659179688,159.51499938964844,159.47999572753906,159.4929962158203,0.0
2026-08-28 05:00:00+00:00,159.4929962158203,159.53799438476562,159.49200439453125,159.52099609375,0.0
2026-08-28 05:05:00+00:00,159.51800537109375,159.5449981689453,159.51499938964844,159.54200744628906,0.0
2026-08-28 05:10:00+00:00,159.53599548339844,159.5540008544922,159.53399658203125,159.54400634765625,0.0
2026-08-28 05:15:00+00:00,159.5449981689453,159.5489959716797,159.5229949951172,159.5290069580078,0.0
2026-08-28 05:20:00+00:00,159.53700256347656,159.55999755859375,159.5240020751953,159.55299377441406,0.0
2026-08-28 05:25:00+00:00,159.552001953125,159.55599975585938,159.53500366210938,159.53599548339844,0.0
2026-08-28 05:30:00+00:00,159.53599548339844,159.55099487304688,159.52999877929688,159.54100036621094,0.0
2026-08-28 05:35:00+00:00,159.54800415039062,159.5489959716797,159.51499938964844,159.53399658203125,0.0
2026-08-28 05:40:00+00:00,159.5279998779297,159.552001953125,159.5279998779297,159.54400634765625,0.0
2026-08-28 05:45:00+00:00,159.53599548339844,159.54600524902344,159.52200317382812,159.53399658203125,0.0
2026-08-28 05:50:00+00:00,159.531005859375,159.53700256347656,159.50599670410156,159.50900268554688,0.0
2026-08-28 05:55:00+00:00,159.50999450683594,159.52499389648438,159.4949951171875,159.51800537109375,0.0
2026-08-28 06:00:00+00:00,159.5229949951172,159.54200744628906,159.51499938964844,159.5290069580078,0.0
2026-08-28 06:05:00+00:00,159.5290069580078,159.53500366210938,159.5070037841797,159.50999450683594,0.0
2026-08-28 06:10:00+00:00,159.51199340820312,159.52999877929688,159.5050048828125,159.5229949951172,0.0
2026-08-28 06:15:00+00:00,159.51600646972656,159.5290069580078,159.5,159.5050048828125,0.0
2026-08-28 06:20:00+00:00,159.50599670410156,159.51400756835938,159.4709930419922,159.47999572753906,0.0
2026-08-28 06:25:00+00:00,159.48199462890625,159.49200439453125,159.46600341796875,159.4739990234375,0.0
2026-08-28 06:30:00+00:00,159.4739990234375,159.5070037841797,159.4669952392578,159.468994140625,0.0
2026-08-28 06:35:00+00:00,159.47000122070312,159.48500061035156,159.447998046875,159.4550018310547,0.0
2026-08-28 06:40:00+00:00,159.46099853515625,159.4759979248047,159.44000244140625,159.44900512695312,0.0
2026-08-28 06:45:00+00:00,159.4510040283203,159.45199584960938,159.4239959716797,159.4409942626953,0.0
2026-08-28 06:50:00+00:00,159.44200134277344,159.45199584960938,159.4290008544922,159.4409942626953,0.0
2026-08-28 06:55:00+00:00,159.4409942626953,159.44700622558594,159.4080047607422,159.41400146484375,0.0
2026-08-28 07:00:00+00:00,159.4149932861328,159.4459991455078,159.4040069580078,159.43499755859375,0.0
2026-08-28 07:05:00+00:00,159.4409942626953,159.45700073242188,159.4340057373047,159.4499969482422,0.0
2026-08-28 07:10:00+00:00,159.4499969482422,159.4720001220703,159.44500732421875,159.45700073242188,0.0
2026-08-28 07:15:00+00:00,159.45700073242188,159.5050048828125,159.4499969482422,159.48599243164062,0.0
2026-08-28 07:20:00+00:00,159.48399353027344,159.50100708007812,159.4810028076172,159.49600219726562,0.0
2026-08-28 07:25:00+00:00,159.4929962158203,159.49899291992188,159.45899963378906,159.46299743652344,0.0
2026-08-28 07:30:00+00:00,159.46200561523438,159.468994140625,159.447998046875,159.45599365234375,0.0
2026-08-28 07:35:00+00:00,159.45700073242188,159.468994140625,159.43499755859375,159.46600341796875,0.0
2026-08-28 07:40:00+00:00,159.46099853515625,159.48800659179688,159.44900512695312,159.48699951171875,0.0
2026-08-28 07:45:00+00:00,159.48199462890625,159.5019989013672,159.46400451660156,159.46800231933594,0.0
2026-08-28 07:50:00+00:00,159.46800231933594,159.49600219726562,159.46499633789062,159.48399353027344,0.0
2026-08-28 07:55:00+00:00,159.48300170898438,159.5070037841797,159.47500610351562,159.50100708007812,0.0
2026-08-28 08:00:00+00:00,159.5019989013672,159.52999877929688,159.4949951171875,159.51300048828125,0.0
2026-08-28 08:05:00+00:00,159.51300048828125,159.5540008544922,159.51300048828125,159.54200744628906,0.0
2026-08-28 08:10:00+00:00,159.54600524902344,159.57200622558594,159.53199768066406,159.56900024414062,0.0
2026-08-28 08:15:00+00:00,159.56700134277344,159.5760040283203,159.55299377441406,159.55299377441406,0.0
2026-08-28 08:20:00+00:00,159.55299377441406,159.56100463867188,159.53199768066406,159.53799438476562,0.0
2026-08-28 08:25:00+00:00,159.53799438476562,159.57000732421875,159.5260009765625,159.56900024414062,0.0
2026-08-28 08:30:00+00:00,159.56500244140625,159.5749969482422,159.5399932861328,159.5449981689453,0.0
2026-08-28 08:35:00+00:00,159.55299377441406,159.5540008544922,159.52000427246094,159.53399658203125,0.0
2026-08-28 08:40:00+00:00,159.52699279785156,159.552001953125,159.5260009765625,159.54400634765625,0.0
2026-08-28 08:45:00+00:00,159.55099487304688,159.5760040283203,159.54400634765625,159.56500244140625,0.0
2026-08-28 08:50:00+00:00,159.56900024414062,159.58700561523438,159.56399536132812,159.57400512695312,0.0
2026-08-28 08:55:00+00:00,159.5760040283203,159.58799743652344,159.5679931640625,159.5679931640625,0.0
2026-08-28 09:00:00+00:00,159.5679931640625,159.59500122070312,159.56399536132812,159.58200073242188,0.0
2026-08-28 09:05:00+00:00,159.58799743652344,159.63600158691406,159.5800018310547,159.61700439453125,0.0
2026-08-28 09:10:00+00:00,159.61700439453125,159.63099670410156,159.60699462890625,159.62399291992188,0.0
2026-08-28 09:15:00+00:00,159.625,159.6510009765625,159.6179962158203,159.6199951171875,0.0
2026-08-28 09:20:00+00:00,159.62100219726562,159.63699340820312,159.61199951171875,159.62399291992188,0.0
2026-08-28 09:25:00+00:00,159.62399291992188,159.6439971923828,159.62100219726562,159.63099670410156,0.0
2026-08-28 09:30:00+00:00,159.6320037841797,159.6529998779297,159.6280059814453,159.63699340820312,0.0
2026-08-28 09:35:00+00:00,159.63600158691406,159.66600036621094,159.63099670410156,159.65499877929688,0.0
2026-08-28 09:40:00+00:00,159.64999389648438,159.66799926757812,159.6490020751953,159.65699768066406,0.0
2026-08-28 09:45:00+00:00,159.6510009765625,159.66200256347656,159.63099670410156,159.64199829101562,0.0
2026-08-28 09:50:00+00:00,159.64199829101562,159.68099975585938,159.64199829101562,159.67599487304688,0.0
2026-08-28 09:55:00+00:00,159.6699981689453,159.69200134277344,159.66700744628906,159.68299865722656,0.0
2026-08-28 10:00:00+00:00,159.68299865722656,159.69400024414062,159.66799926757812,159.67100524902344,0.0
2026-08-28 10:05:00+00:00,159.6699981689453,159.677001953125,159.65499877929688,159.66000366210938,0.0
2026-08-28 10:10:00+00:00,159.6649932861328,159.6820068359375,159.656005859375,159.6739959716797,0.0
2026-08-28 10:15:00+00:00,159.67999267578125,159.68099975585938,159.6540069580078,159.6649932861328,0.0
2026-08-28 10:20:00+00:00,159.65899658203125,159.67599487304688,159.656005859375,159.6580047607422,0.0
2026-08-28 10:25:00+00:00,159.6580047607422,159.6739959716797,159.64999389648438,159.6719970703125,0.0
2026-08-28 10:30:00+00:00,159.66700744628906,159.6739959716797,159.64999389648438,159.65199279785156,0.0
2026-08-28 10:35:00+00:00,159.65199279785156,159.66400146484375,159.64500427246094,159.6479949951172,0.0
2026-08-28 10:40:00+00:00,159.6540069580078,159.6649932861328,159.63099670410156,159.65499877929688,0.0
2026-08-28 10:45:00+00:00,159.65499877929688,159.6790008544922,159.6540069580078,159.66900634765625,0.0
2026-08-28 10:50:00+00:00,159.677001953125,159.68600463867188,159.66000366210938,159.66200256347656,0.0
2026-08-28 10:55:00+00:00,159.66099548339844,159.6699981689453,159.6320037841797,159.63299560546875,0.0
2026-08-28 11:00:00+00:00,159.63299560546875,159.66000366210938,159.6269989013672,159.64500427246094,0.0
2026-08-28 11:05:00+00:00,159.64500427246094,159.66299438476562,159.64100646972656,159.6580047607422,0.0
2026-08-28 11:10:00+00:00,159.6529998779297,159.67100524902344,159.64500427246094,159.64999389648438,0.0
2026-08-28 11:15:00+00:00,159.64999389648438,159.66000366210938,159.64100646972656,159.64500427246094,0.0
2026-08-28 11:20:00+00:00,159.64500427246094,159.67300415039062,159.64500427246094,159.66099548339844,0.0
2026-08-28 11:25:00+00:00,159.66099548339844,159.6750030517578,159.65499877929688,159.65899658203125,0.0
2026-08-28 11:30:00+00:00,159.65899658203125,159.68099975585938,159.64999389648438,159.6699981689453,0.0
2026-08-28 11:35:00+00:00,159.6699981689453,159.6820068359375,159.66000366210938,159.66000366210938,0.0
2026-08-28 11:40:00+00:00,159.66700744628906,159.68099975585938,159.66000366210938,159.66799926757812,0.0
2026-08-28 11:45:00+00:00,159.66600036621094,159.68600463867188,159.66099548339844,159.67799377441406,0.0
2026-08-28 11:50:00+00:00,159.67999267578125,159.68499755859375,159.6580047607422,159.66000366210938,0.0
2026-08-28 11:55:00+00:00,159.66000366210938,159.6739959716797,159.6479949951172,159.6479949951172,0.0
2026-08-28 12:00:00+00:00,159.6479949951172,159.6580047607422,159.63099670410156,159.6510009765625,0.0
2026-08-28 12:05:00+00:00,159.6479949951172,159.67300415039062,159.64599609375,159.6649932861328,0.0
2026-08-28 12:10:00+00:00,159.6649932861328,159.6790008544922,159.6439971923828,159.6540069580078,0.0
2026-08-28 12:15:00+00:00,159.64999389648438,159.6580047607422,159.59800720214844,159.61300659179688,0.0
2026-08-28 12:20:00+00:00,159.61700439453125,159.6280059814453,159.5919952392578,159.59500122070312,0.0
2026-08-28 12:25:00+00:00,159.59500122070312,159.61599731445312,159.58799743652344,159.593994140625,0.0
2026-08-28 12:30:00+00:00,159.593994140625,159.6230010986328,159.59100341796875,159.60899353027344,0.0
2026-08-28 12:35:00+00:00,159.60800170898438,159.64100646972656,159.60000610351562,159.63099670410156,0.0
2026-08-28 12:40:00+00:00,159.63600158691406,159.64199829101562,159.6060028076172,159.6060028076172,0.0
2026-08-28 12:45:00+00:00,159.6060028076172,159.62399291992188,159.58599853515625,159.60800170898438,0.0
2026-08-28 12:50:00+00:00,159.60800170898438,159.625,159.5970001220703,159.5989990234375,0.0
2026-08-28 12:55:00+00:00,159.5989990234375,159.60499572753906,159.55799865722656,159.5749969482422,0.0
2026-08-28 13:00:00+00:00,159.57000732421875,159.60499572753906,159.55999755859375,159.6020050048828,0.0
2026-08-28 13:05:00+00:00,159.5959930419922,159.60800170898438,159.5850067138672,159.58799743652344,0.0
2026-08-28 13:10:00+00:00,159.58799743652344,159.64199829101562,159.5760040283203,159.63499450683594,0.0
2026-08-28 13:15:00+00:00,159.63499450683594,159.6529998779297,159.6300048828125,159.63099670410156,0.0
2026-08-28 13:20:00+00:00,159.63499450683594,159.65699768066406,159.625,159.64500427246094,0.0
2026-08-28 13:25:00+00:00,159.64500427246094,159.656005859375,159.625,159.63600158691406,0.0
2026-08-28 13:30:00+00:00,159.6320037841797,159.64300537109375,159.60400390625,159.625,0.0
2026-08-28 13:35:00+00:00,159.6280059814453,159.65899658203125,159.62399291992188,159.63499450683594,0.0
2026-08-28 13:40:00+00:00,159.63499450683594,159.66099548339844,159.63400268554688,159.6490020751953,0.0
2026-08-28 13:45:00+00:00,159.6479949951172,159.6540069580078,159.625,159.6320037841797,0.0
2026-08-28 13:50:00+00:00,159.625,159.63299560546875,159.60299682617188,159.61199951171875,0.0
2026-08-28 13:55:00+00:00,159.61199951171875,159.6929931640625,159.531005859375,159.66200256347656,0.0
2026-08-28 14:00:00+00:00,159.63999938964844,159.73300170898438,159.38499450683594,159.71200561523438,0.0
2026-08-28 14:05:00+00:00,159.7100067138672,159.74000549316406,159.6580047607422,159.70799255371094,0.0
2026-08-28 14:10:00+00:00,159.70899963378906,159.88299560546875,159.70799255371094,159.875,0.0
2026-08-28 14:15:00+00:00,159.8699951171875,159.9250030517578,159.82400512695312,159.92300415039062,0.0
2026-08-28 14:20:00+00:00,159.91600036621094,159.94400024414062,159.875,159.9199981689453,0.0
2026-08-28 14:25:00+00:00,159.9250030517578,159.94500732421875,159.86199951171875,159.88800048828125,0.0
2026-08-28 14:30:00+00:00,159.8820037841797,159.91000366210938,159.8459930419922,159.8459930419922,0.0
2026-08-28 14:35:00+00:00,159.8459930419922,159.9040069580078,159.83700561523438,159.88999938964844,0.0
2026-08-28 14:40:00+00:00,159.88400268554688,159.91000366210938,159.843994140625,159.86300659179688,0.0
2026-08-28 14:45:00+00:00,159.86399841308594,159.93499755859375,159.8560028076172,159.92300415039062,0.0
2026-08-28 14:50:00+00:00,159.92300415039062,159.93699645996094,159.88400268554688,159.89700317382812,0.0
2026-08-28 14:55:00+00:00,159.8979949951172,159.8979949951172,159.83900451660156,159.8679962158203,0.0
2026-08-28 15:00:00+00:00,159.8719940185547,159.9219970703125,159.8249969482422,159.89999389648438,0.0
2026-08-28 15:05:00+00:00,159.8979949951172,159.93899536132812,159.89599609375,159.9250030517578,0.0
2026-08-28 15:10:00+00:00,159.92799377441406,159.97799682617188,159.92100524902344,159.9600067138672,0.0
2026-08-28 15:15:00+00:00,159.96200561523438,159.97799682617188,159.947998046875,159.968994140625,0.0
2026-08-28 15:20:00+00:00,159.9709930419922,159.98399353027344,159.9530029296875,159.9600067138672,0.0
2026-08-28 15:25:00+00:00,159.95899963378906,159.98800659179688,159.9459991455078,159.97300720214844,0.0
2026-08-28 15:30:00+00:00,159.97799682617188,159.99000549316406,159.96299743652344,159.9810028076172,0.0
2026-08-28 15:35:00+00:00,159.98899841308594,160.03199768066406,159.96400451660156,160.01100158691406,0.0
2026-08-28 15:40:00+00:00,160.01199340820312,160.0590057373047,160.00399780273438,160.0399932861328,0.0
2026-08-28 15:45:00+00:00,160.03399658203125,160.05999755859375,159.9739990234375,160.04100036621094,0.0
2026-08-28 15:50:00+00:00,160.03799438476562,160.0469970703125,159.9669952392578,159.99600219726562,0.0
2026-08-28 15:55:00+00:00,159.9969940185547,160.0050048828125,159.9510040283203,159.97500610351562,0.0
2026-08-28 16:00:00+00:00,159.97500610351562,160.0019989013672,159.95399475097656,159.9969940185547,0.0
2026-08-28 16:05:00+00:00,159.9949951171875,160.06100463867188,159.99099731445312,160.04100036621094,0.0
2026-08-28 16:10:00+00:00,160.04100036621094,160.09100341796875,160.0399932861328,160.06399536132812,0.0
2026-08-28 16:15:00+00:00,160.0590057373047,160.1300048828125,160.05099487304688,160.125,0.0
2026-08-28 16:20:00+00:00,160.1280059814453,160.1540069580078,160.10800170898438,160.14599609375,0.0
2026-08-28 16:25:00+00:00,160.14700317382812,160.1479949951172,160.11000061035156,160.13299560546875,0.0
2026-08-28 16:30:00+00:00,160.13600158691406,160.15699768066406,160.11000061035156,160.14700317382812,0.0
2026-08-28 16:35:00+00:00,160.14500427246094,160.15499877929688,160.1219940185547,160.13800048828125,0.0
2026-08-28 16:40:00+00:00,160.1439971923828,160.197998046875,160.13600158691406,160.19000244140625,0.0
2026-08-28 16:45:00+00:00,160.18299865722656,160.1929931640625,160.1649932861328,160.16700744628906,0.0
2026-08-28 16:50:00+00:00,160.16799926757812,160.1959991455078,160.16600036621094,160.18299865722656,0.0
2026-08-28 16:55:00+00:00,160.18299865722656,160.20199584960938,160.18099975585938,160.19500732421875,0.0
2026-08-28 17:00:00+00:00,160.18899536132812,160.2010040283203,160.15699768066406,160.16799926757812,0.0
2026-08-28 17:05:00+00:00,160.16799926757812,160.1929931640625,160.16299438476562,160.1699981689453,0.0
2026-08-28 17:10:00+00:00,160.17599487304688,160.177001953125,160.1320037841797,160.15499877929688,0.0
2026-08-28 17:15:00+00:00,160.1479949951172,160.1790008544922,160.13999938964844,160.16600036621094,0.0
2026-08-28 17:20:00+00:00,160.16299438476562,160.1739959716797,160.15499877929688,160.1739959716797,0.0
2026-08-28 17:25:00+00:00,160.1649932861328,160.1840057373047,160.15199279785156,160.15699768066406,0.0
2026-08-28 17:30:00+00:00,160.15699768066406,160.18600463867188,160.15199279785156,160.1699981689453,0.0
2026-08-28 17:35:00+00:00,160.16700744628906,160.18699645996094,160.1580047607422,160.17799377441406,0.0
2026-08-28 17:40:00+00:00,160.17799377441406,160.20199584960938,160.17599487304688,160.19200134277344,0.0
2026-08-28 17:45:00+00:00,160.19400024414062,160.20199584960938,160.16700744628906,160.18099975585938,0.0
2026-08-28 17:50:00+00:00,160.1790008544922,160.18699645996094,160.16400146484375,160.1699981689453,0.0
2026-08-28 17:55:00+00:00,160.1699981689453,160.18699645996094,160.16799926757812,160.17799377441406,0.0
2026-08-28 18:00:00+00:00,160.17599487304688,160.1909942626953,160.1699981689453,160.18299865722656,0.0
2026-08-28 18:05:00+00:00,160.18299865722656,160.19000244140625,160.13800048828125,160.1699981689453,0.0
2026-08-28 18:10:00+00:00,160.16900634765625,160.17599487304688,160.16200256347656,160.16700744628906,0.0
2026-08-28 18:15:00+00:00,160.1699981689453,160.18099975585938,160.15499877929688,160.177001953125,0.0
2026-08-28 18:20:00+00:00,160.177001953125,160.18099975585938,160.15199279785156,160.15899658203125,0.0
2026-08-28 18:25:00+00:00,160.1580047607422,160.16600036621094,160.12899780273438,160.14599609375,0.0
2026-08-28 18:30:00+00:00,160.1479949951172,160.16700744628906,160.1439971923828,160.14999389648438,0.0
2026-08-28 18:35:00+00:00,160.14999389648438,160.1719970703125,160.14300537109375,160.16600036621094,0.0
2026-08-28 18:40:00+00:00,160.16799926757812,160.17999267578125,160.15499877929688,160.15499877929688,0.0
2026-08-28 18:45:00+00:00,160.15499877929688,160.16900634765625,160.1479949951172,160.15699768066406,0.0
2026-08-28 18:50:00+00:00,160.156005859375,160.16900634765625,160.14500427246094,160.1580047607422,0.0
2026-08-28 18:55:00+00:00,160.15899658203125,160.16799926757812,160.12899780273438,160.13299560546875,0.0
2026-08-28 19:00:00+00:00,160.13699340820312,160.1479949951172,160.08299255371094,160.08900451660156,0.0
2026-08-28 19:05:00+00:00,160.093994140625,160.09800720214844,160.07400512695312,160.08999633789062,0.0
2026-08-28 19:10:00+00:00,160.08599853515625,160.12600708007812,160.08399963378906,160.11300659179688,0.0
2026-08-28 19:15:00+00:00,160.11099243164062,160.12399291992188,160.10000610351562,160.10000610351562,0.0
2026-08-28 19:20:00+00:00,160.10000610351562,160.1060028076172,160.072998046875,160.0749969482422,0.0
2026-08-28 19:25:00+00:00,160.0760040283203,160.08099365234375,160.0590057373047,160.06300354003906,0.0
2026-08-28 19:30:00+00:00,160.06199645996094,160.08700561523438,160.06199645996094,160.0760040283203,0.0
2026-08-28 19:35:00+00:00,160.0760040283203,160.10299682617188,160.0749969482422,160.07899475097656,0.0
2026-08-28 19:40:00+00:00,160.0780029296875,160.08799743652344,160.0679931640625,160.08099365234375,0.0
2026-08-28 19:45:00+00:00,160.08599853515625,160.1020050048828,160.07200622558594,160.09300231933594,0.0
2026-08-28 19:50:00+00:00,160.09300231933594,160.1060028076172,160.08200073242188,160.08299255371094,0.0
2026-08-28 19:55:00+00:00,160.08299255371094,160.08999633789062,160.04299926757812,160.0780029296875,0.0
2026-08-28 20:00:00+00:00,160.08099365234375,160.08799743652344,160.06399536132812,160.08700561523438,0.0
2026-08-28 20:05:00+00:00,160.08099365234375,160.09300231933594,160.06100463867188,160.08099365234375,0.0
2026-08-28 20:10:00+00:00,160.0800018310547,160.0970001220703,160.07400512695312,160.08200073242188,0.0
2026-08-28 20:15:00+00:00,160.0749969482422,160.09500122070312,160.07000732421875,160.08799743652344,0.0
2026-08-28 20:20:00+00:00,160.08900451660156,160.10000610351562,160.072998046875,160.08700561523438,0.0
2026-08-28 20:25:00+00:00,160.08799743652344,160.09500122070312,160.0590057373047,160.06399536132812,0.0
2026-08-28 20:30:00+00:00,160.05999755859375,160.10000610351562,160.0570068359375,160.0919952392578,0.0
2026-08-28 20:35:00+00:00,160.0919952392578,160.11599731445312,160.0850067138672,160.10899353027344,0.0
2026-08-28 20:40:00+00:00,160.10699462890625,160.13999938964844,160.0989990234375,160.1219940185547,0.0
2026-08-28 20:45:00+00:00,160.11099243164062,160.13099670410156,160.09300231933594,160.09500122070312,0.0
2026-08-28 20:50:00+00:00,160.09500122070312,160.11399841308594,160.08099365234375,160.08099365234375,0.0
2026-08-28 20:55:00+00:00,160.08900451660156,160.1219940185547,160.00399780273438,160.03799438476562,0.0
2026-08-30 23:00:00+00:00,160.10400390625,160.1300048828125,160.1020050048828,160.12399291992188,0.0
2026-08-30 23:05:00+00:00,160.1199951171875,160.1959991455078,160.1199951171875,160.1959991455078,0.0
2026-08-30 23:10:00+00:00,160.19000244140625,160.2010040283203,160.15899658203125,160.16799926757812,0.0
2026-08-30 23:15:00+00:00,160.16400146484375,160.1959991455078,160.16299438476562,160.1699981689453,0.0
2026-08-30 23:20:00+00:00,160.16900634765625,160.1790008544922,160.1439971923828,160.15699768066406,0.0
2026-08-30 23:25:00+00:00,160.1580047607422,160.16799926757812,160.14500427246094,160.16700744628906,0.0
2026-08-30 23:30:00+00:00,160.16000366210938,160.16799926757812,160.11700439453125,160.1320037841797,0.0
2026-08-30 23:35:00+00:00,160.12899780273438,160.13499450683594,160.10800170898438,160.12399291992188,0.0
2026-08-30 23:40:00+00:00,160.1179962158203,160.14199829101562,160.10800170898438,160.13800048828125,0.0
2026-08-30 23:45:00+00:00,160.13499450683594,160.156005859375,160.11500549316406,160.11900329589844,0.0
2026-08-30 23:50:00+00:00,160.11900329589844,160.13299560546875,160.10899353027344,160.1199951171875,0.0
2026-08-30 23:55:00+00:00,160.1199951171875,160.13499450683594,160.10899353027344,160.11099243164062,0.0
2026-08-31 00:00:00+00:00,160.11399841308594,160.11700439453125,160.00799560546875,160.0279998779297,0.0
2026-08-31 00:05:00+00:00,160.02099609375,160.0290069580078,159.968994140625,159.99600219726562,0.0
2026-08-31 00:10:00+00:00,159.99899291992188,160.04600524902344,159.9949951171875,160.0019989013672,0.0
2026-08-31 00:15:00+00:00,159.99600219726562,160.00900268554688,159.9499969482422,159.98500061035156,0.0
2026-08-31 00:20:00+00:00,159.97799682617188,160.04100036621094,159.9770050048828,160.03500366210938,0.0
2026-08-31 00:25:00+00:00,160.02999877929688,160.05999755859375,160.02200317382812,160.0399932861328,0.0
2026-08-31 00:30:00+00:00,160.0399932861328,160.0469970703125,160.00100708007812,160.01300048828125,0.0
2026-08-31 00:35:00+00:00,160.01400756835938,160.0229949951172,159.98500061035156,160.01699829101562,0.0
2026-08-31 00:40:00+00:00,160.01400756835938,160.05299377441406,160.0030059814453,160.03599548339844,0.0
2026-08-31 00:45:00+00:00,160.04200744628906,160.052001953125,160.01100158691406,160.03500366210938,0.0
2026-08-31 00:50:00+00:00,160.0279998779297,160.04200744628906,159.96800231933594,159.99000549316406,0.0
2026-08-31 00:55:00+00:00,159.99000549316406,160.00999450683594,159.9510040283203,159.95899963378906,0.0
2026-08-31 01:00:00+00:00,159.9600067138672,159.9810028076172,159.92100524902344,159.93600463867188,0.0
2026-08-31 01:05:00+00:00,159.93699645996094,159.97500610351562,159.92799377441406,159.96299743652344,0.0
2026-08-31 01:10:00+00:00,159.96299743652344,159.9759979248047,159.927001953125,159.9550018310547,0.0
2026-08-31 01:15:00+00:00,159.95899963378906,159.96499633789062,159.90899658203125,159.9149932861328,0.0
2026-08-31 01:20:00+00:00,159.9149932861328,159.9290008544922,159.80299377441406,159.81700134277344,0.0
2026-08-31 01:25:00+00:00,159.822998046875,159.85800170898438,159.80299377441406,159.822998046875,0.0
2026-08-31 01:30:00+00:00,159.8209991455078,159.86500549316406,159.79100036621094,159.86199951171875,0.0
2026-08-31 01:35:00+00:00,159.86099243164062,159.86300659179688,159.81100463867188,159.83599853515625,0.0
2026-08-31 01:40:00+00:00,159.83299255371094,159.85000610351562,159.7480010986328,159.802001953125,0.0
2026-08-31 01:45:00+00:00,159.79800415039062,159.82400512695312,159.78500366210938,159.81300354003906,0.0
2026-08-31 01:50:00+00:00,159.8159942626953,159.82000732421875,159.77499389648438,159.7949981689453,0.0
2026-08-31 01:55:00+00:00,159.78799438476562,159.8350067138672,159.78799438476562,159.8179931640625,0.0
2026-08-31 02:00:00+00:00,159.8179931640625,159.843994140625,159.81700134277344,159.8260040283203,0.0
2026-08-31 02:05:00+00:00,159.82000732421875,159.8350067138672,159.79200744628906,159.802001953125,0.0
2026-08-31 02:10:00+00:00,159.7989959716797,159.81500244140625,159.78199768066406,159.78900146484375,0.0
2026-08-31 02:15:00+00:00,159.7830047607422,159.81500244140625,159.76600646972656,159.78900146484375,0.0
2026-08-31 02:20:00+00:00,159.781005859375,159.80099487304688,159.76499938964844,159.76499938964844,0.0
2026-08-31 02:25:00+00:00,159.76800537109375,159.7729949951172,159.7259979248047,159.75399780273438,0.0
2026-08-31 02:30:00+00:00,159.7530059814453,159.79600524902344,159.74400329589844,159.79200744628906,0.0
2026-08-31 02:35:00+00:00,159.78500366210938,159.81500244140625,159.77999877929688,159.79200744628906,0.0
2026-08-31 02:40:00+00:00,159.78900146484375,159.81500244140625,159.77499389648438,159.78399658203125,0.0
2026-08-31 02:45:00+00:00,159.78199768066406,159.79800415039062,159.76199340820312,159.76499938964844,0.0
2026-08-31 02:50:00+00:00,159.76499938964844,159.7790069580078,159.75100708007812,159.76100158691406,0.0
2026-08-31 02:55:00+00:00,159.76600646972656,159.8000030517578,159.7530059814453,159.7689971923828,0.0
2026-08-31 03:00:00+00:00,159.76800537109375,159.781005859375,159.7449951171875,159.7740020751953,0.0
2026-08-31 03:05:00+00:00,159.77000427246094,159.78799438476562,159.76499938964844,159.77999877929688,0.0
2026-08-31 03:10:00+00:00,159.7790069580078,159.79200744628906,159.76499938964844,159.77200317382812,0.0
2026-08-31 03:15:00+00:00,159.77200317382812,159.77499389648438,159.7519989013672,159.77200317382812,0.0
2026-08-31 03:20:00+00:00,159.77099609375,159.7899932861328,159.76300048828125,159.78599548339844,0.0
2026-08-31 03:25:00+00:00,159.78399658203125,159.7989959716797,159.77699279785156,159.79200744628906,0.0
2026-08-31 03:30:00+00:00,159.79200744628906,159.8350067138672,159.781005859375,159.83099365234375,0.0
2026-08-31 03:35:00+00:00,159.8249969482422,159.83999633789062,159.82400512695312,159.82899475097656,0.0
2026-08-31 03:40:00+00:00,159.82899475097656,159.84300231933594,159.8070068359375,159.81900024414062,0.0
2026-08-31 03:45:00+00:00,159.81300354003906,159.822998046875,159.8000030517578,159.8090057373047,0.0
2026-08-31 03:50:00+00:00,159.80499267578125,159.81199645996094,159.79100036621094,159.8040008544922,0.0
2026-08-31 03:55:00+00:00,159.8040008544922,159.8209991455078,159.7949981689453,159.79600524902344,0.0
2026-08-31 04:00:00+00:00,159.79600524902344,159.80299377441406,159.74000549316406,159.74600219726562,0.0
2026-08-31 04:05:00+00:00,159.7519989013672,159.7830047607422,159.74600219726562,159.76199340820312,0.0
2026-08-31 04:10:00+00:00,159.76100158691406,159.7729949951172,159.7480010986328,159.75999450683594,0.0
2026-08-31 04:15:00+00:00,159.75999450683594,159.7949981689453,159.75999450683594,159.79200744628906,0.0
2026-08-31 04:20:00+00:00,159.78500366210938,159.81300354003906,159.78500366210938,159.8040008544922,0.0
2026-08-31 04:25:00+00:00,159.8040008544922,159.822998046875,159.7969970703125,159.8179931640625,0.0
2026-08-31 04:30:00+00:00,159.81500244140625,159.83099365234375,159.8000030517578,159.802001953125,0.0
2026-08-31 04:35:00+00:00,159.80299377441406,159.81100463867188,159.7899932861328,159.80099487304688,0.0
2026-08-31 04:40:00+00:00,159.8070068359375,159.81500244140625,159.75,159.76300048828125,0.0
2026-08-31 04:45:00+00:00,159.76199340820312,159.77699279785156,159.7519989013672,159.76199340820312,0.0
2026-08-31 04:50:00+00:00,159.76199340820312,159.78799438476562,159.75900268554688,159.77999877929688,0.0
2026-08-31 04:55:00+00:00,159.78700256347656,159.7969970703125,159.7760009765625,159.78700256347656,0.0
2026-08-31 05:00:00+00:00,159.78500366210938,159.80799865722656,159.78399658203125,159.78900146484375,0.0
2026-08-31 05:05:00+00:00,159.78500366210938,159.7989959716797,159.77000427246094,159.7779998779297,0.0
2026-08-31 05:10:00+00:00,159.77499389648438,159.79100036621094,159.77000427246094,159.77499389648438,0.0
2026-08-31 05:15:00+00:00,159.7760009765625,159.81300354003906,159.76100158691406,159.8070068359375,0.0
2026-08-31 05:20:00+00:00,159.80799865722656,159.83099365234375,159.79200744628906,159.7949981689453,0.0
2026-08-31 05:25:00+00:00,159.79400634765625,159.80499267578125,159.76499938964844,159.76699829101562,0.0
2026-08-31 05:30:00+00:00,159.7740020751953,159.81700134277344,159.76699829101562,159.79100036621094,0.0
2026-08-31 05:35:00+00:00,159.7899932861328,159.81300354003906,159.78799438476562,159.80799865722656,0.0
2026-08-31 05:40:00+00:00,159.802001953125,159.8260040283203,159.8000030517578,159.81900024414062,0.0
2026-08-31 05:45:00+00:00,159.81300354003906,159.84300231933594,159.8000030517578,159.83599853515625,0.0
2026-08-31 05:50:00+00:00,159.83599853515625,159.87399291992188,159.8209991455078,159.86500549316406,0.0
2026-08-31 05:55:00+00:00,159.8679962158203,159.875,159.81900024414062,159.8280029296875,0.0
2026-08-31 06:00:00+00:00,159.822998046875,159.85899353027344,159.80099487304688,159.83599853515625,0.0
2026-08-31 06:05:00+00:00,159.82899475097656,159.8459930419922,159.81500244140625,159.84500122070312,0.0
2026-08-31 06:10:00+00:00,159.8350067138672,159.84500122070312,159.80299377441406,159.81100463867188,0.0
2026-08-31 06:15:00+00:00,159.80499267578125,159.822998046875,159.7899932861328,159.8090057373047,0.0
2026-08-31 06:20:00+00:00,159.80499267578125,159.83599853515625,159.77999877929688,159.83399963378906,0.0
2026-08-31 06:25:00+00:00,159.8280029296875,159.87399291992188,159.82200622558594,159.86399841308594,0.0
2026-08-31 06:30:00+00:00,159.8560028076172,159.90899658203125,159.85400390625,159.9029998779297,0.0
2026-08-31 06:35:00+00:00,159.89700317382812,159.9149932861328,159.8719940185547,159.875,0.0
2026-08-31 06:40:00+00:00,159.87399291992188,159.8800048828125,159.83900451660156,159.84800720214844,0.0
2026-08-31 06:45:00+00:00,159.8520050048828,159.88099670410156,159.8350067138672,159.8679962158203,0.0
2026-08-31 06:50:00+00:00,159.86500549316406,159.8820037841797,159.84800720214844,159.85299682617188,0.0
2026-08-31 06:55:00+00:00,159.85299682617188,159.875,159.79400634765625,159.8000030517578,0.0
2026-08-31 07:00:00+00:00,159.7949981689453,159.81900024414062,159.7740020751953,159.80299377441406,0.0
2026-08-31 07:05:00+00:00,159.80299377441406,159.81100463867188,159.75999450683594,159.77499389648438,0.0
2026-08-31 07:10:00+00:00,159.77499389648438,159.781005859375,159.66799926757812,159.67799377441406,0.0
2026-08-31 07:15:00+00:00,159.67100524902344,159.67799377441406,159.60000610351562,159.6269989013672,0.0
2026-08-31 07:20:00+00:00,159.6199951171875,159.63900756835938,159.5540008544922,159.5540008544922,0.0
2026-08-31 07:25:00+00:00,159.55499267578125,159.61099243164062,159.54600524902344,159.593994140625,0.0
2026-08-31 07:30:00+00:00,159.58799743652344,159.61099243164062,159.53900146484375,159.60400390625,0.0
2026-08-31 07:35:00+00:00,159.60899353027344,159.63800048828125,159.59300231933594,159.62399291992188,0.0
2026-08-31 07:40:00+00:00,159.62899780273438,159.64300537109375,159.58799743652344,159.6199951171875,0.0
2026-08-31 07:45:00+00:00,159.62600708007812,159.63099670410156,159.5749969482422,159.58200073242188,0.0
2026-08-31 07:50:00+00:00,159.58200073242188,159.60899353027344,159.57400512695312,159.5749969482422,0.0
2026-08-31 07:55:00+00:00,159.5749969482422,159.58799743652344,159.54800415039062,159.5760040283203,0.0
2026-08-31 08:00:00+00:00,159.5749969482422,159.57699584960938,159.47000122070312,159.48899841308594,0.0
2026-08-31 08:05:00+00:00,159.48899841308594,159.55599975585938,159.4739990234375,159.5449981689453,0.0
2026-08-31 08:10:00+00:00,159.5399932861328,159.59100341796875,159.53900146484375,159.57000732421875,0.0
2026-08-31 08:15:00+00:00,159.56500244140625,159.60699462890625,159.5500030517578,159.56500244140625,0.0
2026-08-31 08:20:00+00:00,159.56500244140625,159.5989990234375,159.54400634765625,159.59500122070312,0.0
2026-08-31 08:25:00+00:00,159.6009979248047,159.62399291992188,159.58900451660156,159.61599731445312,0.0
2026-08-31 08:30:00+00:00,159.61500549316406,159.64599609375,159.61099243164062,159.63600158691406,0.0
2026-08-31 08:35:00+00:00,159.62899780273438,159.64700317382812,159.60699462890625,159.6219940185547,0.0
2026-08-31 08:40:00+00:00,159.61399841308594,159.66700744628906,159.61300659179688,159.656005859375,0.0
2026-08-31 08:45:00+00:00,159.66299438476562,159.67100524902344,159.6269989013672,159.66200256347656,0.0
2026-08-31 08:50:00+00:00,159.66200256347656,159.6929931640625,159.66099548339844,159.6909942626953,0.0
2026-08-31 08:55:00+00:00,159.6840057373047,159.75,159.68099975585938,159.73500061035156,0.0
2026-08-31 09:00:00+00:00,159.73699951171875,159.75100708007812,159.7050018310547,159.7209930419922,0.0
2026-08-31 09:05:00+00:00,159.72799682617188,159.75599670410156,159.718994140625,159.718994140625,0.0
2026-08-31 09:10:00+00:00,159.7259979248047,159.74000549316406,159.6959991455078,159.70399475097656,0.0
2026-08-31 09:15:00+00:00,159.697998046875,159.72000122070312,159.68499755859375,159.70799255371094,0.0
2026-08-31 09:20:00+00:00,159.71099853515625,159.71600341796875,159.6840057373047,159.6959991455078,0.0
2026-08-31 09:25:00+00:00,159.6959991455078,159.72799682617188,159.68899536132812,159.6999969482422,0.0
2026-08-31 09:30:00+00:00,159.69400024414062,159.74200439453125,159.69400024414062,159.73199462890625,0.0
2026-08-31 09:35:00+00:00,159.73199462890625,159.75799560546875,159.72900390625,159.75100708007812,0.0
2026-08-31 09:40:00+00:00,159.75100708007812,159.76699829101562,159.7030029296875,159.72300720214844,0.0
2026-08-31 09:45:00+00:00,159.7220001220703,159.74400329589844,159.71600341796875,159.73500061035156,0.0
2026-08-31 09:50:00+00:00,159.72999572753906,159.7449951171875,159.71099853515625,159.7169952392578,0.0
2026-08-31 09:55:00+00:00,159.71600341796875,159.73599243164062,159.71299743652344,159.72799682617188,0.0
2026-08-31 10:00:00+00:00,159.73500061035156,159.74099731445312,159.697998046875,159.70199584960938,0.0
2026-08-31 10:05:00+00:00,159.6999969482422,159.74200439453125,159.697998046875,159.73199462890625,0.0
2026-08-31 10:10:00+00:00,159.73199462890625,159.74099731445312,159.71499633789062,159.71600341796875,0.0
2026-08-31 10:15:00+00:00,159.7209930419922,159.77699279785156,159.71600341796875,159.7550048828125,0.0
2026-08-31 10:20:00+00:00,159.75399780273438,159.75999450683594,159.7259979248047,159.74099731445312,0.0
2026-08-31 10:25:00+00:00,159.73800659179688,159.7469940185547,159.7209930419922,159.72999572753906,0.0
2026-08-31 10:30:00+00:00,159.72500610351562,159.7469940185547,159.72500610351562,159.74000549316406,0.0
2026-08-31 10:35:00+00:00,159.74000549316406,159.7530059814453,159.7259979248047,159.7259979248047,0.0
2026-08-31 10:40:00+00:00,159.72999572753906,159.74400329589844,159.71200561523438,159.73599243164062,0.0
2026-08-31 10:45:00+00:00,159.73599243164062,159.7469940185547,159.72799682617188,159.72799682617188,0.0
2026-08-31 10:50:00+00:00,159.72799682617188,159.7429962158203,159.6999969482422,159.72799682617188,0.0
2026-08-31 10:55:00+00:00,159.72500610351562,159.72999572753906,159.70799255371094,159.7209930419922,0.0
2026-08-31 11:00:00+00:00,159.7209930419922,159.73300170898438,159.69700622558594,159.7050018310547,0.0
2026-08-31 11:05:00+00:00,159.6999969482422,159.71400451660156,159.68099975585938,159.68600463867188,0.0
2026-08-31 11:10:00+00:00,159.68600463867188,159.70199584960938,159.6699981689453,159.67100524902344,0.0
2026-08-31 11:15:00+00:00,159.67100524902344,159.67799377441406,159.65699768066406,159.6580047607422,0.0
2026-08-31 11:20:00+00:00,159.6580047607422,159.66400146484375,159.63099670410156,159.6479949951172,0.0
2026-08-31 11:25:00+00:00,159.6490020751953,159.6490020751953,159.61599731445312,159.6199951171875,0.0
2026-08-31 11:30:00+00:00,159.6199951171875,159.6719970703125,159.60000610351562,159.66600036621094,0.0
2026-08-31 11:35:00+00:00,159.66200256347656,159.6820068359375,159.6510009765625,159.66799926757812,0.0
2026-08-31 11:40:00+00:00,159.67100524902344,159.67300415039062,159.63600158691406,159.66700744628906,0.0
2026-08-31 11:45:00+00:00,159.67100524902344,159.70599365234375,159.66299438476562,159.69400024414062,0.0
2026-08-31 11:50:00+00:00,159.6929931640625,159.69700622558594,159.66400146484375,159.68299865722656,0.0
2026-08-31 11:55:00+00:00,159.68800354003906,159.7100067138672,159.6750030517578,159.70700073242188,0.0
2026-08-31 12:00:00+00:00,159.70199584960938,159.70799255371094,159.6750030517578,159.6999969482422,0.0
2026-08-31 12:05:00+00:00,159.69900512695312,159.76300048828125,159.69000244140625,159.7100067138672,0.0
2026-08-31 12:10:00+00:00,159.7100067138672,159.7270050048828,159.69000244140625,159.69900512695312,0.0
2026-08-31 12:15:00+00:00,159.69700622558594,159.7169952392578,159.68600463867188,159.6959991455078,0.0
2026-08-31 12:20:00+00:00,159.7030029296875,159.73199462890625,159.67300415039062,159.72500610351562,0.0
2026-08-31 12:25:00+00:00,159.72500610351562,159.7760009765625,159.7220001220703,159.7760009765625,0.0
2026-08-31 12:30:00+00:00,159.77000427246094,159.81100463867188,159.76300048828125,159.80499267578125,0.0
2026-08-31 12:35:00+00:00,159.80499267578125,159.85299682617188,159.80099487304688,159.822998046875,0.0
2026-08-31 12:40:00+00:00,159.8209991455078,159.8419952392578,159.80799865722656,159.8249969482422,0.0
2026-08-31 12:45:00+00:00,159.81900024414062,159.8509979248047,159.81500244140625,159.84100341796875,0.0
2026-08-31 12:50:00+00:00,159.83599853515625,159.8520050048828,159.83200073242188,159.84800720214844,0.0
2026-08-31 12:55:00+00:00,159.8459930419922,159.88499450683594,159.843994140625,159.875,0.0
2026-08-31 13:00:00+00:00,159.8780059814453,159.89599609375,159.86199951171875,159.87899780273438,0.0
2026-08-31 13:05:00+00:00,159.8730010986328,159.8820037841797,159.8459930419922,159.85400390625,0.0
2026-08-31 13:10:00+00:00,159.86000061035156,159.86900329589844,159.84100341796875,159.85699462890625,0.0
2026-08-31 13:15:00+00:00,159.85800170898438,159.86700439453125,159.81900024414062,159.83299255371094,0.0
2026-08-31 13:20:00+00:00,159.83299255371094,159.8679962158203,159.8280029296875,159.83599853515625,0.0
2026-08-31 13:25:00+00:00,159.83599853515625,159.8419952392578,159.75999450683594,159.78599548339844,0.0
2026-08-31 13:30:00+00:00,159.78399658203125,159.83099365234375,159.78199768066406,159.8249969482422,0.0
2026-08-31 13:35:00+00:00,159.8249969482422,159.84300231933594,159.79800415039062,159.80099487304688,0.0
2026-08-31 13:40:00+00:00,159.80099487304688,159.84100341796875,159.77499389648438,159.83399963378906,0.0
2026-08-31 13:45:00+00:00,159.8350067138672,159.8470001220703,159.80999755859375,159.8260040283203,0.0
2026-08-31 13:50:00+00:00,159.8260040283203,159.8719940185547,159.81100463867188,159.85800170898438,0.0
2026-08-31 13:55:00+00:00,159.85400390625,159.8699951171875,159.81199645996094,159.82400512695312,0.0
2026-08-31 14:00:00+00:00,159.8249969482422,159.8560028076172,159.81500244140625,159.822998046875,0.0
2026-08-31 14:05:00+00:00,159.82200622558594,159.83399963378906,159.8000030517578,159.80499267578125,0.0
2026-08-31 14:10:00+00:00,159.80499267578125,159.8280029296875,159.79800415039062,159.80499267578125,0.0
2026-08-31 14:15:00+00:00,159.802001953125,159.82200622558594,159.7760009765625,159.78700256347656,0.0
2026-08-31 14:20:00+00:00,159.79100036621094,159.7949981689453,159.77099609375,159.781005859375,0.0
2026-08-31 14:25:00+00:00,159.77699279785156,159.78599548339844,159.7530059814453,159.7779998779297,0.0
2026-08-31 14:30:00+00:00,159.78399658203125,159.8070068359375,159.75,159.7969970703125,0.0
2026-08-31 14:35:00+00:00,159.79100036621094,159.7969970703125,159.59300231933594,159.71400451660156,0.0
2026-08-31 14:40:00+00:00,159.71400451660156,159.7530059814453,159.66799926757812,159.72000122070312,0.0
2026-08-31 14:45:00+00:00,159.7209930419922,159.7270050048828,159.6580047607422,159.7220001220703,0.0
2026-08-31 14:50:00+00:00,159.7209930419922,159.7449951171875,159.65699768066406,159.66600036621094,0.0
2026-08-31 14:55:00+00:00,159.6649932861328,159.76100158691406,159.63400268554688,159.7030029296875,0.0
2026-08-31 15:00:00+00:00,159.70700073242188,159.75599670410156,159.67799377441406,159.74899291992188,0.0
2026-08-31 15:05:00+00:00,159.74899291992188,159.76600646972656,159.70799255371094,159.72000122070312,0.0
2026-08-31 15:10:00+00:00,159.7169952392578,159.74400329589844,159.6909942626953,159.74000549316406,0.0
2026-08-31 15:15:00+00:00,159.73599243164062,159.76600646972656,159.7259979248047,159.74899291992188,0.0
2026-08-31 15:20:00+00:00,159.7550048828125,159.8000030517578,159.74000549316406,159.78399658203125,0.0
2026-08-31 15:25:00+00:00,159.78199768066406,159.79600524902344,159.7469940185547,159.74899291992188,0.0
2026-08-31 15:30:00+00:00,159.75100708007812,159.7729949951172,159.73199462890625,159.75900268554688,0.0
2026-08-31 15:35:00+00:00,159.75399780273438,159.76199340820312,159.72999572753906,159.73599243164062,0.0
2026-08-31 15:40:00+00:00,159.73599243164062,159.7469940185547,159.71299743652344,159.7310028076172,0.0
2026-08-31 15:45:00+00:00,159.72500610351562,159.7310028076172,159.68800354003906,159.70799255371094,0.0
2026-08-31 15:50:00+00:00,159.70799255371094,159.73300170898438,159.70700073242188,159.72300720214844,0.0
2026-08-31 15:55:00+00:00,159.7270050048828,159.75599670410156,159.7220001220703,159.7429962158203,0.0
2026-08-31 16:00:00+00:00,159.74000549316406,159.74200439453125,159.6959991455078,159.72000122070312,0.0
2026-08-31 16:05:00+00:00,159.7169952392578,159.7209930419922,159.67599487304688,159.69000244140625,0.0
2026-08-31 16:10:00+00:00,159.6909942626953,159.70399475097656,159.6750030517578,159.68600463867188,0.0
2026-08-31 16:15:00+00:00,159.68600463867188,159.70599365234375,159.67599487304688,159.6999969482422,0.0
2026-08-31 16:20:00+00:00,159.6999969482422,159.70399475097656,159.66099548339844,159.66200256347656,0.0
2026-08-31 16:25:00+00:00,159.66299438476562,159.69500732421875,159.66000366210938,159.68699645996094,0.0
2026-08-31 16:30:00+00:00,159.6929931640625,159.7209930419922,159.6840057373047,159.71600341796875,0.0
2026-08-31 16:35:00+00:00,159.71299743652344,159.73199462890625,159.7010040283203,159.7209930419922,0.0
2026-08-31 16:40:00+00:00,159.72000122070312,159.7209930419922,159.6840057373047,159.7010040283203,0.0
2026-08-31 16:45:00+00:00,159.7010040283203,159.71099853515625,159.68299865722656,159.6999969482422,0.0
2026-08-31 16:50:00+00:00,159.6999969482422,159.70700073242188,159.66299438476562,159.6739959716797,0.0
2026-08-31 16:55:00+00:00,159.6739959716797,159.70399475097656,159.6699981689453,159.67599487304688,0.0
2026-08-31 17:00:00+00:00,159.67999267578125,159.697998046875,159.6750030517578,159.68600463867188,0.0
2026-08-31 17:05:00+00:00,159.68600463867188,159.70599365234375,159.6820068359375,159.68800354003906,0.0
2026-08-31 17:10:00+00:00,159.68899536132812,159.697998046875,159.6719970703125,159.6790008544922,0.0
2026-08-31 17:15:00+00:00,159.67799377441406,159.69400024414062,159.67599487304688,159.68800354003906,0.0
2026-08-31 17:20:00+00:00,159.68499755859375,159.69400024414062,159.66400146484375,159.68099975585938,0.0
2026-08-31 17:25:00+00:00,159.6820068359375,159.69900512695312,159.6699981689453,159.69000244140625,0.0
2026-08-31 17:30:00+00:00,159.6909942626953,159.7050018310547,159.68600463867188,159.7010040283203,0.0
2026-08-31 17:35:00+00:00,159.697998046875,159.7209930419922,159.69000244140625,159.71299743652344,0.0
2026-08-31 17:40:00+00:00,159.7100067138672,159.71499633789062,159.68299865722656,159.6929931640625,0.0
2026-08-31 17:45:00+00:00,159.69000244140625,159.69700622558594,159.66200256347656,159.66400146484375,0.0
2026-08-31 17:50:00+00:00,159.66400146484375,159.70899963378906,159.66400146484375,159.69000244140625,0.0
2026-08-31 17:55:00+00:00,159.69000244140625,159.6999969482422,159.67799377441406,159.68699645996094,0.0
2026-08-31 18:00:00+00:00,159.68899536132812,159.71099853515625,159.67100524902344,159.67999267578125,0.0
2026-08-31 18:05:00+00:00,159.68600463867188,159.69500732421875,159.67599487304688,159.68699645996094,0.0
2026-08-31 18:10:00+00:00,159.6909942626953,159.697998046875,159.6840057373047,159.68699645996094,0.0
2026-08-31 18:15:00+00:00,159.6840057373047,159.69700622558594,159.677001953125,159.68800354003906,0.0
2026-08-31 18:20:00+00:00,159.68899536132812,159.69500732421875,159.68099975585938,159.68600463867188,0.0
2026-08-31 18:25:00+00:00,159.68299865722656,159.72300720214844,159.68099975585938,159.70899963378906,0.0
2026-08-31 18:30:00+00:00,159.70899963378906,159.7519989013672,159.70799255371094,159.74400329589844,0.0
2026-08-31 18:35:00+00:00,159.73899841308594,159.77499389648438,159.73199462890625,159.77499389648438,0.0
2026-08-31 18:40:00+00:00,159.76800537109375,159.79400634765625,159.7480010986328,159.78500366210938,0.0
2026-08-31 18:45:00+00:00,159.78599548339844,159.802001953125,159.76600646972656,159.77099609375,0.0
2026-08-31 18:50:00+00:00,159.7729949951172,159.77999877929688,159.75100708007812,159.76699829101562,0.0
2026-08-31 18:55:00+00:00,159.76100158691406,159.81500244140625,159.7530059814453,159.79299926757812,0.0
2026-08-31 19:00:00+00:00,159.7949981689453,159.81399536132812,159.75999450683594,159.7760009765625,0.0
2026-08-31 19:05:00+00:00,159.77000427246094,159.78399658203125,159.75599670410156,159.75599670410156,0.0
2026-08-31 19:10:00+00:00,159.75799560546875,159.77699279785156,159.74200439453125,159.76499938964844,0.0
2026-08-31 19:15:00+00:00,159.76499938964844,159.7760009765625,159.7449951171875,159.7519989013672,0.0
2026-08-31 19:20:00+00:00,159.7449951171875,159.7550048828125,159.7209930419922,159.7220001220703,0.0
2026-08-31 19:25:00+00:00,159.7220001220703,159.74000549316406,159.71299743652344,159.7259979248047,0.0
2026-08-31 19:30:00+00:00,159.72999572753906,159.73599243164062,159.7030029296875,159.72000122070312,0.0
2026-08-31 19:35:00+00:00,159.718994140625,159.781005859375,159.71800231933594,159.7760009765625,0.0
2026-08-31 19:40:00+00:00,159.7729949951172,159.7949981689453,159.77200317382812,159.78700256347656,0.0
2026-08-31 19:45:00+00:00,159.78399658203125,159.7989959716797,159.77200317382812,159.7779998779297,0.0
2026-08-31 19:50:00+00:00,159.781005859375,159.78599548339844,159.74899291992188,159.7550048828125,0.0
2026-08-31 19:55:00+00:00,159.74899291992188,159.781005859375,159.74200439453125,159.7449951171875,0.0
2026-08-31 20:00:00+00:00,159.7469940185547,159.7530059814453,159.71800231933594,159.72900390625,0.0
2026-08-31 20:05:00+00:00,159.73199462890625,159.7530059814453,159.7239990234375,159.7429962158203,0.0
2026-08-31 20:10:00+00:00,159.73800659179688,159.74600219726562,159.72999572753906,159.73800659179688,0.0
2026-08-31 20:15:00+00:00,159.74000549316406,159.75399780273438,159.73599243164062,159.74600219726562,0.0
2026-08-31 20:20:00+00:00,159.74600219726562,159.75599670410156,159.74099731445312,159.75100708007812,0.0
2026-08-31 20:25:00+00:00,159.7480010986328,159.75399780273438,159.7449951171875,159.74600219726562,0.0
2026-08-31 20:30:00+00:00,159.7469940185547,159.7740020751953,159.7449951171875,159.76499938964844,0.0
2026-08-31 20:35:00+00:00,159.76400756835938,159.7729949951172,159.7570037841797,159.75999450683594,0.0
2026-08-31 20:40:00+00:00,159.7570037841797,159.76699829101562,159.7429962158203,159.7530059814453,0.0
2026-08-31 20:45:00+00:00,159.74600219726562,159.75999450683594,159.72999572753906,159.74000549316406,0.0
2026-08-31 20:50:00+00:00,159.73500061035156,159.7449951171875,159.7270050048828,159.73500061035156,0.0
2026-08-31 20:55:00+00:00,159.73899841308594,159.7480010986328,159.71600341796875,159.7259979248047,0.0
2026-08-31 21:00:00+00:00,159.72500610351562,159.73800659179688,159.7169952392578,159.7310028076172,0.0
2026-08-31 21:05:00+00:00,159.7270050048828,159.74000549316406,159.69900512695312,159.73800659179688,0.0
2026-08-31 21:10:00+00:00,159.70599365234375,159.76400756835938,159.70599365234375,159.75999450683594,0.0
2026-08-31 21:15:00+00:00,159.75999450683594,159.76400756835938,159.74099731445312,159.75,0.0
2026-08-31 21:20:00+00:00,159.75,159.7550048828125,159.73399353027344,159.73800659179688,0.0
2026-08-31 21:25:00+00:00,159.74000549316406,159.7550048828125,159.73599243164062,159.74099731445312,0.0
2026-08-31 21:30:00+00:00,159.74099731445312,159.75399780273438,159.73399353027344,159.73800659179688,0.0
2026-08-31 21:35:00+00:00,159.7519989013672,159.76300048828125,159.73599243164062,159.74099731445312,0.0
2026-08-31 21:40:00+00:00,159.74099731445312,159.76499938964844,159.73800659179688,159.7519989013672,0.0
2026-08-31 21:45:00+00:00,159.74000549316406,159.75900268554688,159.72000122070312,159.73899841308594,0.0
2026-08-31 21:50:00+00:00,159.73599243164062,159.7530059814453,159.70199584960938,159.72500610351562,0.0
2026-08-31 21:55:00+00:00,159.72500610351562,159.7429962158203,159.70700073242188,159.70700073242188,0.0
2026-08-31 22:00:00+00:00,159.70899963378906,159.78399658203125,159.69400024414062,159.7550048828125,0.0
2026-08-31 22:05:00+00:00,159.7550048828125,159.77000427246094,159.72799682617188,159.75,0.0
2026-08-31 22:10:00+00:00,159.74600219726562,159.75999450683594,159.72999572753906,159.74099731445312,0.0
2026-08-31 22:15:00+00:00,159.7480010986328,159.75799560546875,159.73599243164062,159.7519989013672,0.0
2026-08-31 22:20:00+00:00,159.7530059814453,159.76600646972656,159.73800659179688,159.7519989013672,0.0
2026-08-31 22:25:00+00:00,159.7519989013672,159.76800537109375,159.73699951171875,159.74200439453125,0.0
2026-08-31 22:30:00+00:00,159.74899291992188,159.76600646972656,159.73800659179688,159.76400756835938,0.0
2026-08-31 22:35:00+00:00,159.75100708007812,159.76600646972656,159.7429962158203,159.75399780273438,0.0
2026-08-31 22:40:00+00:00,159.76499938964844,159.78199768066406,159.75399780273438,159.76699829101562,0.0
2026-08-31 22:45:00+00:00,159.77699279785156,159.781005859375,159.76400756835938,159.76499938964844,0.0
2026-08-31 22:50:00+00:00,159.76499938964844,159.781005859375,159.76300048828125,159.77999877929688,0.0
2026-08-31 22:55:00+00:00,159.76600646972656,159.781005859375,159.76400756835938,159.76800537109375,0.0
2026-08-31 23:00:00+00:00,159.76800537109375,159.82899475097656,159.76699829101562,159.8179931640625,0.0
2026-08-31 23:05:00+00:00,159.8179931640625,159.82899475097656,159.79800415039062,159.8090057373047,0.0
2026-08-31 23:10:00+00:00,159.80499267578125,159.82899475097656,159.79800415039062,159.82899475097656,0.0
2026-08-31 23:15:00+00:00,159.82000732421875,159.8300018310547,159.79299926757812,159.80099487304688,0.0
2026-08-31 23:20:00+00:00,159.79299926757812,159.8040008544922,159.7899932861328,159.802001953125,0.0
2026-08-31 23:25:00+00:00,159.79600524902344,159.80299377441406,159.7830047607422,159.79100036621094,0.0
2026-08-31 23:30:00+00:00,159.79400634765625,159.8090057373047,159.78399658203125,159.7949981689453,0.0
2026-08-31 23:35:00+00:00,159.7949981689453,159.80299377441406,159.78399658203125,159.80099487304688,0.0
2026-08-31 23:40:00+00:00,159.79200744628906,159.80099487304688,159.7550048828125,159.7689971923828,0.0
2026-08-31 23:45:00+00:00,159.76199340820312,159.77699279785156,159.7550048828125,159.76499938964844,0.0
2026-08-31 23:50:00+00:00,159.75599670410156,159.76400756835938,159.73399353027344,159.7519989013672,0.0
2026-08-31 23:55:00+00:00,159.74600219726562,159.7689971923828,159.73399353027344,159.75,0.0
2026-09-01 00:00:00+00:00,159.74400329589844,159.83700561523438,159.7429962158203,159.82000732421875,0.0
2026-09-01 00:05:00+00:00,159.82000732421875,159.8300018310547,159.71400451660156,159.73800659179688,0.0
2026-09-01 00:10:00+00:00,159.72999572753906,159.7429962158203,159.69500732421875,159.6999969482422,0.0
2026-09-01 00:15:00+00:00,159.6999969482422,159.74200439453125,159.68299865722656,159.68800354003906,0.0
2026-09-01 00:20:00+00:00,159.68699645996094,159.6959991455078,159.6280059814453,159.65199279785156,0.0
2026-09-01 00:25:00+00:00,159.65899658203125,159.67999267578125,159.63699340820312,159.65899658203125,0.0
2026-09-01 00:30:00+00:00,159.65899658203125,159.70899963378906,159.6510009765625,159.68099975585938,0.0
2026-09-01 00:35:00+00:00,159.69000244140625,159.73599243164062,159.68099975585938,159.7239990234375,0.0
2026-09-01 00:40:00+00:00,159.71499633789062,159.75599670410156,159.7100067138672,159.75100708007812,0.0
2026-09-01 00:45:00+00:00,159.7429962158203,159.781005859375,159.72500610351562,159.77000427246094,0.0
2026-09-01 00:50:00+00:00,159.76199340820312,159.78900146484375,159.73199462890625,159.76300048828125,0.0
2026-09-01 00:55:00+00:00,159.75799560546875,159.81300354003906,159.7480010986328,159.7969970703125,0.0
2026-09-01 01:00:00+00:00,159.79200744628906,159.81300354003906,159.75900268554688,159.7760009765625,0.0
2026-09-01 01:05:00+00:00,159.7740020751953,159.7989959716797,159.75900268554688,159.7790069580078,0.0
2026-09-01 01:10:00+00:00,159.7790069580078,159.8090057373047,159.7570037841797,159.8000030517578,0.0
2026-09-01 01:15:00+00:00,159.7989959716797,159.83700561523438,159.79200744628906,159.8280029296875,0.0
2026-09-01 01:20:00+00:00,159.83099365234375,159.85000610351562,159.81399536132812,159.84300231933594,0.0
2026-09-01 01:25:00+00:00,159.8419952392578,159.843994140625,159.8000030517578,159.80799865722656,0.0
2026-09-01 01:30:00+00:00,159.80799865722656,159.83700561523438,159.8000030517578,159.80799865722656,0.0
2026-09-01 01:35:00+00:00,159.8070068359375,159.81399536132812,159.77999877929688,159.8040008544922,0.0
2026-09-01 01:40:00+00:00,159.802001953125,159.8090057373047,159.76300048828125,159.77200317382812,0.0
2026-09-01 01:45:00+00:00,159.77200317382812,159.80499267578125,159.77200317382812,159.7949981689453,0.0
2026-09-01 01:50:00+00:00,159.7949981689453,159.8209991455078,159.78900146484375,159.7969970703125,0.0
2026-09-01 01:55:00+00:00,159.7899932861328,159.7989959716797,159.697998046875,159.75399780273438,0.0
2026-09-01 02:00:00+00:00,159.7449951171875,159.8249969482422,159.7449951171875,159.82200622558594,0.0
2026-09-01 02:05:00+00:00,159.81199645996094,159.84500122070312,159.79600524902344,159.82899475097656,0.0
2026-09-01 02:10:00+00:00,159.8300018310547,159.83999633789062,159.79400634765625,159.79600524902344,0.0
2026-09-01 02:15:00+00:00,159.7989959716797,159.82400512695312,159.77499389648438,159.7779998779297,0.0
2026-09-01 02:20:00+00:00,159.77699279785156,159.79200744628906,159.77000427246094,159.77699279785156,0.0
2026-09-01 02:25:00+00:00,159.77699279785156,159.78700256347656,159.75799560546875,159.76100158691406,0.0
2026-09-01 02:30:00+00:00,159.76100158691406,159.79100036621094,159.76100158691406,159.77999877929688,0.0
2026-09-01 02:35:00+00:00,159.7779998779297,159.81199645996094,159.77099609375,159.802001953125,0.0
2026-09-01 02:40:00+00:00,159.80299377441406,159.81199645996094,159.77699279785156,159.77999877929688,0.0
2026-09-01 02:45:00+00:00,159.7779998779297,159.81300354003906,159.77699279785156,159.80799865722656,0.0
2026-09-01 02:50:00+00:00,159.80999755859375,159.81199645996094,159.78500366210938,159.79299926757812,0.0
2026-09-01 02:55:00+00:00,159.79299926757812,159.8000030517578,159.7779998779297,159.77999877929688,0.0
2026-09-01 03:00:00+00:00,159.77999877929688,159.81300354003906,159.77999877929688,159.8040008544922,0.0
2026-09-01 03:05:00+00:00,159.80599975585938,159.80999755859375,159.7760009765625,159.80099487304688,0.0
2026-09-01 03:10:00+00:00,159.802001953125,159.8090057373047,159.7779998779297,159.7830047607422,0.0
2026-09-01 03:15:00+00:00,159.77999877929688,159.78599548339844,159.76300048828125,159.7740020751953,0.0
2026-09-01 03:20:00+00:00,159.7740020751953,159.7989959716797,159.7729949951172,159.78900146484375,0.0
2026-09-01 03:25:00+00:00,159.78900146484375,159.802001953125,159.7779998779297,159.78700256347656,0.0
2026-09-01 03:30:00+00:00,159.78599548339844,159.80499267578125,159.77999877929688,159.79400634765625,0.0
2026-09-01 03:35:00+00:00,159.7899932861328,159.81199645996094,159.78599548339844,159.7949981689453,0.0
2026-09-01 03:40:00+00:00,159.79400634765625,159.8000030517578,159.7760009765625,159.77699279785156,0.0
2026-09-01 03:45:00+00:00,159.77699279785156,159.79100036621094,159.7760009765625,159.77999877929688,0.0
2026-09-01 03:50:00+00:00,159.77999877929688,159.81100463867188,159.7779998779297,159.802001953125,0.0
2026-09-01 03:55:00+00:00,159.802001953125,159.80799865722656,159.79100036621094,159.7989959716797,0.0
2026-09-01 04:00:00+00:00,159.80599975585938,159.81900024414062,159.7949981689453,159.8159942626953,0.0
2026-09-01 04:05:00+00:00,159.81300354003906,159.83599853515625,159.80499267578125,159.8249969482422,0.0
2026-09-01 04:10:00+00:00,159.83200073242188,159.843994140625,159.81300354003906,159.8280029296875,0.0
2026-09-01 04:15:00+00:00,159.8209991455078,159.83700561523438,159.8000030517578,159.8249969482422,0.0
2026-09-01 04:20:00+00:00,159.822998046875,159.83399963378906,159.82000732421875,159.8209991455078,0.0
2026-09-01 04:25:00+00:00,159.8209991455078,159.86199951171875,159.8209991455078,159.83900451660156,0.0
2026-09-01 04:30:00+00:00,159.83900451660156,159.85000610351562,159.82699584960938,159.83299255371094,0.0
2026-09-01 04:35:00+00:00,159.83299255371094,159.86300659179688,159.8280029296875,159.85000610351562,0.0
2026-09-01 04:40:00+00:00,159.85499572753906,159.86700439453125,159.843994140625,159.8459930419922,0.0
2026-09-01 04:45:00+00:00,159.8459930419922,159.86700439453125,159.84500122070312,159.85899353027344,0.0
2026-09-01 04:50:00+00:00,159.85899353027344,159.86599731445312,159.84100341796875,159.85299682617188,0.0
2026-09-01 04:55:00+00:00,159.8470001220703,159.8820037841797,159.8470001220703,159.86599731445312,0.0
2026-09-01 05:00:00+00:00,159.86599731445312,159.875,159.83799743652344,159.84100341796875,0.0
2026-09-01 05:05:00+00:00,159.84100341796875,159.86300659179688,159.83700561523438,159.85800170898438,0.0
2026-09-01 05:10:00+00:00,159.85899353027344,159.8730010986328,159.85499572753906,159.8730010986328,0.0
2026-09-01 05:15:00+00:00,159.86900329589844,159.89300537109375,159.8679962158203,159.88499450683594,0.0
2026-09-01 05:20:00+00:00,159.8820037841797,159.90499877929688,159.8699951171875,159.8730010986328,0.0
2026-09-01 05:25:00+00:00,159.8730010986328,159.88999938964844,159.86399841308594,159.8719940185547,0.0
2026-09-01 05:30:00+00:00,159.86500549316406,159.89700317382812,159.86500549316406,159.8820037841797,0.0
2026-09-01 05:35:00+00:00,159.87899780273438,159.89100646972656,159.8350067138672,159.86099243164062,0.0
2026-09-01 05:40:00+00:00,159.86300659179688,159.8699951171875,159.8249969482422,159.83399963378906,0.0
2026-09-01 05:45:00+00:00,159.83399963378906,159.8459930419922,159.82200622558594,159.8280029296875,0.0
2026-09-01 05:50:00+00:00,159.83700561523438,159.86900329589844,159.82699584960938,159.85000610351562,0.0
2026-09-01 05:55:00+00:00,159.84800720214844,159.88600158691406,159.84300231933594,159.87399291992188,0.0
2026-09-01 06:00:00+00:00,159.8800048828125,159.89300537109375,159.86000061035156,159.88900756835938,0.0
2026-09-01 06:05:00+00:00,159.88699340820312,159.90499877929688,159.875,159.89300537109375,0.0
2026-09-01 06:10:00+00:00,159.88900756835938,159.9250030517578,159.8800048828125,159.91799926757812,0.0
2026-09-01 06:15:00+00:00,159.91799926757812,159.92999267578125,159.9029998779297,159.91799926757812,0.0
2026-09-01 06:20:00+00:00,159.91400146484375,159.93299865722656,159.91099548339844,159.92599487304688,0.0
2026-09-01 06:25:00+00:00,159.92599487304688,159.95599365234375,159.9239959716797,159.94200134277344,0.0
2026-09-01 06:30:00+00:00,159.94200134277344,159.9759979248047,159.94200134277344,159.968994140625,0.0
2026-09-01 06:35:00+00:00,159.97300720214844,159.98199462890625,159.96200561523438,159.968994140625,0.0
2026-09-01 06:40:00+00:00,159.968994140625,159.97500610351562,159.93800354003906,159.9709930419922,0.0
2026-09-01 06:45:00+00:00,159.968994140625,159.97900390625,159.9530029296875,159.9709930419922,0.0
2026-09-01 06:50:00+00:00,159.9669952392578,159.98199462890625,159.9550018310547,159.96299743652344,0.0
2026-09-01 06:55:00+00:00,159.96200561523438,159.968994140625,159.92799377441406,159.9459991455078,0.0
2026-09-01 07:00:00+00:00,159.94000244140625,159.96299743652344,159.91400146484375,159.9409942626953,0.0
2026-09-01 07:05:00+00:00,159.9409942626953,159.9770050048828,159.93600463867188,159.9499969482422,0.0
2026-09-01 07:10:00+00:00,159.94900512695312,159.96600341796875,159.94000244140625,159.9409942626953,0.0
2026-09-01 07:15:00+00:00,159.947998046875,159.97000122070312,159.9409942626953,159.96600341796875,0.0
2026-09-01 07:20:00+00:00,159.96600341796875,159.99099731445312,159.96200561523438,159.97999572753906,0.0
2026-09-01 07:25:00+00:00,159.97799682617188,159.98599243164062,159.9669952392578,159.98399353027344,0.0
2026-09-01 07:30:00+00:00,159.97799682617188,160.01800537109375,159.9770050048828,160.01199340820312,0.0
2026-09-01 07:35:00+00:00,160.01199340820312,160.0229949951172,160.0019989013672,160.00999450683594,0.0
2026-09-01 07:40:00+00:00,160.0030059814453,160.02200317382812,159.9759979248047,160.01300048828125,0.0
2026-09-01 07:45:00+00:00,160.01300048828125,160.02000427246094,159.99000549316406,159.99600219726562,0.0
2026-09-01 07:50:00+00:00,159.99099731445312,160.00599670410156,159.97000122070312,159.98399353027344,0.0
2026-09-01 07:55:00+00:00,159.98399353027344,159.99200439453125,159.9669952392578,159.97900390625,0.0
2026-09-01 08:00:00+00:00,159.97900390625,160.0229949951172,159.97900390625,160.00999450683594,0.0
2026-09-01 08:05:00+00:00,160.01499938964844,160.0240020751953,159.927001953125,160.01300048828125,0.0
2026-09-01 08:10:00+00:00,160.00799560546875,160.0229949951172,159.96800231933594,159.9770050048828,0.0
2026-09-01 08:15:00+00:00,159.9770050048828,160.0,159.96600341796875,159.97000122070312,0.0
2026-09-01 08:20:00+00:00,159.9669952392578,160.0,159.9550018310547,159.9969940185547,0.0
2026-09-01 08:25:00+00:00,159.99899291992188,160.01199340820312,159.968994140625,159.98500061035156,0.0
2026-09-01 08:30:00+00:00,159.98300170898438,159.99099731445312,159.9550018310547,159.9759979248047,0.0
2026-09-01 08:35:00+00:00,159.97500610351562,159.98300170898438,159.96200561523438,159.96400451660156,0.0
2026-09-01 08:40:00+00:00,159.96400451660156,159.97300720214844,159.94500732421875,159.96200561523438,0.0
2026-09-01 08:45:00+00:00,159.96099853515625,159.96200561523438,159.91799926757812,159.92599487304688,0.0
2026-09-01 08:50:00+00:00,159.91799926757812,159.94700622558594,159.91799926757812,159.9320068359375,0.0
2026-09-01 08:55:00+00:00,159.93600463867188,159.95199584960938,159.92100524902344,159.92100524902344,0.0
2026-09-01 09:00:00+00:00,159.9199981689453,159.94500732421875,159.91099548339844,159.91600036621094,0.0
2026-09-01 09:05:00+00:00,159.91099548339844,159.9219970703125,159.89300537109375,159.91700744628906,0.0
2026-09-01 09:10:00+00:00,159.91799926757812,159.9219970703125,159.89100646972656,159.89100646972656,0.0
2026-09-01 09:15:00+00:00,159.89199829101562,159.9219970703125,159.88600158691406,159.91200256347656,0.0
2026-09-01 09:20:00+00:00,159.91099548339844,159.9499969482422,159.90699768066406,159.94200134277344,0.0
2026-09-01 09:25:00+00:00,159.94200134277344,159.9739990234375,159.93099975585938,159.96800231933594,0.0
2026-09-01 09:30:00+00:00,159.96800231933594,159.97900390625,159.95599365234375,159.96200561523438,0.0
2026-09-01 09:35:00+00:00,159.95799255371094,159.9759979248047,159.9499969482422,159.96200561523438,0.0
2026-09-01 09:40:00+00:00,159.96499633789062,159.97300720214844,159.95599365234375,159.9720001220703,0.0
2026-09-01 09:45:00+00:00,159.9669952392578,159.99099731445312,159.9669952392578,159.98500061035156,0.0
2026-09-01 09:50:00+00:00,159.98500061035156,160.02099609375,159.98300170898438,160.00900268554688,0.0
2026-09-01 09:55:00+00:00,160.00900268554688,160.06100463867188,160.00399780273438,160.0489959716797,0.0
2026-09-01 10:00:00+00:00,160.0489959716797,160.06500244140625,160.03599548339844,160.04100036621094,0.0
2026-09-01 10:05:00+00:00,160.0469970703125,160.0570068359375,160.01800537109375,160.01800537109375,0.0
2026-09-01 10:10:00+00:00,160.01800537109375,160.03900146484375,160.0019989013672,160.0330047607422,0.0
2026-09-01 10:15:00+00:00,160.03799438476562,160.03900146484375,160.01699829101562,160.01800537109375,0.0
2026-09-01 10:20:00+00:00,160.01800537109375,160.02499389648438,159.97500610351562,159.99099731445312,0.0
2026-09-01 10:25:00+00:00,159.9949951171875,160.01199340820312,159.98599243164062,160.00100708007812,0.0
2026-09-01 10:30:00+00:00,160.0070037841797,160.03700256347656,160.00100708007812,160.031005859375,0.0
2026-09-01 10:35:00+00:00,160.0240020751953,160.0540008544922,160.01699829101562,160.04400634765625,0.0
2026-09-01 10:40:00+00:00,160.04400634765625,160.07200622558594,160.04299926757812,160.0679931640625,0.0
2026-09-01 10:45:00+00:00,160.0679931640625,160.10000610351562,160.06700134277344,160.08900451660156,0.0
2026-09-01 10:50:00+00:00,160.08900451660156,160.11300659179688,160.08200073242188,160.10899353027344,0.0
2026-09-01 10:55:00+00:00,160.10800170898438,160.11300659179688,160.08299255371094,160.08299255371094,0.0
2026-09-01 11:00:00+00:00,160.08599853515625,160.13499450683594,160.08299255371094,160.12899780273438,0.0
2026-09-01 11:05:00+00:00,160.1300048828125,160.13900756835938,160.11599731445312,160.12100219726562,0.0
2026-09-01 11:10:00+00:00,160.12100219726562,160.1300048828125,160.1009979248047,160.1269989013672,0.0
2026-09-01 11:15:00+00:00,160.12899780273438,160.1479949951172,160.11700439453125,160.13400268554688,0.0
2026-09-01 11:20:00+00:00,160.1320037841797,160.14500427246094,159.98300170898438,160.1060028076172,0.0
2026-09-01 11:25:00+00:00,160.10699462890625,160.1199951171875,160.04800415039062,160.06300354003906,0.0
2026-09-01 11:30:00+00:00,160.0590057373047,160.08299255371094,160.03799438476562,160.07699584960938,0.0
2026-09-01 11:35:00+00:00,160.07400512695312,160.08700561523438,160.05599975585938,160.05599975585938,0.0
2026-09-01 11:40:00+00:00,160.05599975585938,160.07899475097656,160.0449981689453,160.04600524902344,0.0
2026-09-01 11:45:00+00:00,160.04600524902344,160.0749969482422,160.0330047607422,160.0679931640625,0.0
2026-09-01 11:50:00+00:00,160.07000732421875,160.08999633789062,160.05599975585938,160.08099365234375,0.0
2026-09-01 11:55:00+00:00,160.08200073242188,160.1269989013672,160.08099365234375,160.10800170898438,0.0
2026-09-01 12:00:00+00:00,160.10800170898438,160.13699340820312,160.1060028076172,160.1179962158203,0.0
2026-09-01 12:05:00+00:00,160.1179962158203,160.17599487304688,160.1179962158203,160.16799926757812,0.0
2026-09-01 12:10:00+00:00,160.16700744628906,160.16900634765625,160.13499450683594,160.14199829101562,0.0
2026-09-01 12:15:00+00:00,160.14199829101562,160.1479949951172,160.11199951171875,160.1199951171875,0.0
2026-09-01 12:20:00+00:00,160.1179962158203,160.16400146484375,160.1179962158203,160.1540069580078,0.0
2026-09-01 12:25:00+00:00,160.1540069580078,160.16700744628906,160.12399291992188,160.16099548339844,0.0
2026-09-01 12:30:00+00:00,160.16099548339844,160.1929931640625,160.14599609375,160.18699645996094,0.0
2026-09-01 12:35:00+00:00,160.1820068359375,160.20899963378906,160.1280059814453,160.16099548339844,0.0
2026-09-01 12:40:00+00:00,160.16200256347656,160.1909942626953,160.15699768066406,160.16900634765625,0.0
2026-09-01 12:45:00+00:00,160.17100524902344,160.1750030517578,160.00999450683594,160.11900329589844,0.0
2026-09-01 12:50:00+00:00,160.11900329589844,160.13400268554688,160.09500122070312,160.10499572753906,0.0
2026-09-01 12:55:00+00:00,160.10800170898438,160.1280059814453,160.08399963378906,160.1009979248047,0.0
2026-09-01 13:00:00+00:00,160.1020050048828,160.16099548339844,160.09800720214844,160.1540069580078,0.0
2026-09-01 13:05:00+00:00,160.156005859375,160.16299438476562,160.11700439453125,160.1280059814453,0.0
2026-09-01 13:10:00+00:00,160.1280059814453,160.14599609375,160.10299682617188,160.11199951171875,0.0
2026-09-01 13:15:00+00:00,160.11099243164062,160.11700439453125,160.08399963378906,160.08999633789062,0.0
2026-09-01 13:20:00+00:00,160.0850067138672,160.12100219726562,160.07000732421875,160.10800170898438,0.0
2026-09-01 13:25:00+00:00,160.10800170898438,160.11599731445312,160.08200073242188,160.08200073242188,0.0
2026-09-01 13:30:00+00:00,160.08700561523438,160.08700561523438,160.04299926757812,160.052001953125,0.0
2026-09-01 13:35:00+00:00,160.0469970703125,160.0749969482422,160.0240020751953,160.04600524902344,0.0
2026-09-01 13:40:00+00:00,160.04800415039062,160.06199645996094,160.02000427246094,160.0290069580078,0.0
2026-09-01 13:45:00+00:00,160.0290069580078,160.08099365234375,160.02200317382812,160.0709991455078,0.0
2026-09-01 13:50:00+00:00,160.0709991455078,160.093994140625,160.0679931640625,160.08599853515625,0.0
2026-09-01 13:55:00+00:00,160.09100341796875,160.09500122070312,159.99200439453125,159.99200439453125,0.0
2026-09-01 14:00:00+00:00,160.00399780273438,160.0780029296875,159.91200256347656,160.0590057373047,0.0
2026-09-01 14:05:00+00:00,160.0590057373047,160.0679931640625,159.99000549316406,160.0019989013672,0.0
2026-09-01 14:10:00+00:00,160.0030059814453,160.01499938964844,159.9770050048828,159.9810028076172,0.0
2026-09-01 14:15:00+00:00,159.98300170898438,160.0050048828125,159.94200134277344,159.95399475097656,0.0
2026-09-01 14:20:00+00:00,159.95399475097656,159.96299743652344,159.89700317382812,159.90199279785156,0.0
2026-09-01 14:25:00+00:00,159.906005859375,159.95799255371094,159.88800048828125,159.94900512695312,0.0
2026-09-01 14:30:00+00:00,159.947998046875,159.95399475097656,159.89100646972656,159.90899658203125,0.0
2026-09-01 14:35:00+00:00,159.91700744628906,159.97500610351562,159.89500427246094,159.9720001220703,0.0
2026-09-01 14:40:00+00:00,159.9669952392578,160.02099609375,159.9600067138672,160.0030059814453,0.0
2026-09-01 14:45:00+00:00,160.0030059814453,160.0469970703125,159.97999572753906,160.04299926757812,0.0
2026-09-01 14:50:00+00:00,160.03799438476562,160.06199645996094,160.01499938964844,160.03700256347656,0.0
2026-09-01 14:55:00+00:00,160.03700256347656,160.08999633789062,160.03599548339844,160.0709991455078,0.0
2026-09-01 15:00:00+00:00,160.0659942626953,160.093994140625,160.0489959716797,160.0709991455078,0.0
2026-09-01 15:05:00+00:00,160.0709991455078,160.08299255371094,160.0330047607422,160.04600524902344,0.0
2026-09-01 15:10:00+00:00,160.0489959716797,160.07200622558594,160.03599548339844,160.05499267578125,0.0
2026-09-01 15:15:00+00:00,160.05599975585938,160.07400512695312,160.0399932861328,160.0540008544922,0.0
2026-09-01 15:20:00+00:00,160.0540008544922,160.08599853515625,160.05099487304688,160.07899475097656,0.0
2026-09-01 15:25:00+00:00,160.0800018310547,160.10800170898438,160.07000732421875,160.072998046875,0.0
2026-09-01 15:30:00+00:00,160.07699584960938,160.093994140625,160.0679931640625,160.0709991455078,0.0
2026-09-01 15:35:00+00:00,160.0760040283203,160.08299255371094,160.06399536132812,160.08200073242188,0.0
2026-09-01 15:40:00+00:00,160.0780029296875,160.08299255371094,160.03900146484375,160.03900146484375,0.0
2026-09-01 15:45:00+00:00,160.04100036621094,160.05799865722656,160.01300048828125,160.04600524902344,0.0
2026-09-01 15:50:00+00:00,160.0449981689453,160.04800415039062,160.01300048828125,160.03599548339844,0.0
2026-09-01 15:55:00+00:00,160.03599548339844,160.0659942626953,160.0189971923828,160.0279998779297,0.0
2026-09-01 16:00:00+00:00,160.0260009765625,160.03900146484375,160.01300048828125,160.03199768066406,0.0
2026-09-01 16:05:00+00:00,160.02699279785156,160.04200744628906,160.0,160.03399658203125,0.0
2026-09-01 16:10:00+00:00,160.03399658203125,160.0780029296875,160.03399658203125,160.06900024414062,0.0
2026-09-01 16:15:00+00:00,160.0679931640625,160.1199951171875,160.0540008544922,160.11000061035156,0.0
2026-09-01 16:20:00+00:00,160.11000061035156,160.14500427246094,160.11000061035156,160.13800048828125,0.0
2026-09-01 16:25:00+00:00,160.13600158691406,160.16299438476562,160.1300048828125,160.15699768066406,0.0
2026-09-01 16:30:00+00:00,160.16099548339844,160.177001953125,160.14599609375,160.1529998779297,0.0
2026-09-01 16:35:00+00:00,160.1510009765625,160.16299438476562,160.10299682617188,160.10499572753906,0.0
2026-09-01 16:40:00+00:00,160.10499572753906,160.13299560546875,160.0970001220703,160.125,0.0
2026-09-01 16:45:00+00:00,160.1280059814453,160.14300537109375,160.11500549316406,160.13600158691406,0.0
2026-09-01 16:50:00+00:00,160.13600158691406,160.15499877929688,160.11700439453125,160.14700317382812,0.0
2026-09-01 16:55:00+00:00,160.14599609375,160.17300415039062,160.14199829101562,160.16099548339844,0.0
2026-09-01 17:00:00+00:00,160.16099548339844,160.17599487304688,160.156005859375,160.16900634765625,0.0
2026-09-01 17:05:00+00:00,160.16400146484375,160.17300415039062,160.14300537109375,160.14599609375,0.0
2026-09-01 17:10:00+00:00,160.1510009765625,160.1719970703125,160.14100646972656,160.16299438476562,0.0
2026-09-01 17:15:00+00:00,160.16299438476562,160.19700622558594,160.16299438476562,160.18699645996094,0.0
2026-09-01 17:20:00+00:00,160.18800354003906,160.19200134277344,160.16000366210938,160.1719970703125,0.0
2026-09-01 17:25:00+00:00,160.16700744628906,160.20899963378906,160.16099548339844,160.16799926757812,0.0
2026-09-01 17:30:00+00:00,160.16700744628906,160.197998046875,160.14199829101562,160.1909942626953,0.0
2026-09-01 17:35:00+00:00,160.19200134277344,160.20399475097656,160.17599487304688,160.2030029296875,0.0
2026-09-01 17:40:00+00:00,160.19900512695312,160.21600341796875,160.19400024414062,160.20599365234375,0.0
2026-09-01 17:45:00+00:00,160.2100067138672,160.24200439453125,160.2030029296875,160.23399353027344,0.0
2026-09-01 17:50:00+00:00,160.23399353027344,160.24000549316406,160.22300720214844,160.23399353027344,0.0
2026-09-01 17:55:00+00:00,160.23399353027344,160.2480010986328,160.23300170898438,160.23800659179688,0.0
2026-09-01 18:00:00+00:00,160.24099731445312,160.2480010986328,160.1929931640625,160.22300720214844,0.0
2026-09-01 18:05:00+00:00,160.22000122070312,160.23699951171875,160.21299743652344,160.22999572753906,0.0
2026-09-01 18:10:00+00:00,160.22999572753906,160.2469940185547,160.22999572753906,160.23599243164062,0.0
2026-09-01 18:15:00+00:00,160.23599243164062,160.2469940185547,160.23599243164062,160.24000549316406,0.0
2026-09-01 18:20:00+00:00,160.23800659179688,160.2469940185547,160.2239990234375,160.2310028076172,0.0
2026-09-01 18:25:00+00:00,160.22799682617188,160.24400329589844,160.22799682617188,160.23500061035156,0.0
2026-09-01 18:30:00+00:00,160.23399353027344,160.26300048828125,160.23199462890625,160.24400329589844,0.0
2026-09-01 18:35:00+00:00,160.2449951171875,160.25999450683594,160.24200439453125,160.25,0.0
2026-09-01 18:40:00+00:00,160.24400329589844,160.27200317382812,160.24400329589844,160.2550048828125,0.0
2026-09-01 18:45:00+00:00,160.24899291992188,160.25799560546875,160.23399353027344,160.2429962158203,0.0
2026-09-01 18:50:00+00:00,160.23899841308594,160.2429962158203,160.20599365234375,160.2100067138672,0.0
2026-09-01 18:55:00+00:00,160.20799255371094,160.2310028076172,160.18600463867188,160.197998046875,0.0
2026-09-01 19:00:00+00:00,160.19900512695312,160.22000122070312,160.1840057373047,160.19000244140625,0.0
2026-09-01 19:05:00+00:00,160.18699645996094,160.2050018310547,160.1719970703125,160.19200134277344,0.0
2026-09-01 19:10:00+00:00,160.19500732421875,160.19900512695312,160.1820068359375,160.18699645996094,0.0
2026-09-01 19:15:00+00:00,160.19200134277344,160.19900512695312,160.17999267578125,160.197998046875,0.0
2026-09-01 19:20:00+00:00,160.19400024414062,160.20799255371094,160.1929931640625,160.2010040283203,0.0
2026-09-01 19:25:00+00:00,160.1999969482422,160.22999572753906,160.1999969482422,160.22500610351562,0.0
2026-09-01 19:30:00+00:00,160.22500610351562,160.22900390625,160.1820068359375,160.21600341796875,0.0
2026-09-01 19:35:00+00:00,160.21299743652344,160.23300170898438,160.21200561523438,160.22500610351562,0.0
2026-09-01 19:40:00+00:00,160.2270050048828,160.24200439453125,160.2209930419922,160.23500061035156,0.0
2026-09-01 19:45:00+00:00,160.23599243164062,160.24899291992188,160.23399353027344,160.24600219726562,0.0
2026-09-01 19:50:00+00:00,160.23899841308594,160.2469940185547,160.22799682617188,160.23599243164062,0.0
2026-09-01 19:55:00+00:00,160.23800659179688,160.24099731445312,160.21499633789062,160.22000122070312,0.0
2026-09-01 20:00:00+00:00,160.22000122070312,160.24400329589844,160.218994140625,160.22799682617188,0.0
2026-09-01 20:05:00+00:00,160.2259979248047,160.23300170898438,160.20399475097656,160.20799255371094,0.0
2026-09-01 20:10:00+00:00,160.21400451660156,160.24000549316406,160.20700073242188,160.23599243164062,0.0
2026-09-01 20:15:00+00:00,160.23199462890625,160.24099731445312,160.2050018310547,160.2050018310547,0.0
2026-09-01 20:20:00+00:00,160.20599365234375,160.21499633789062,160.197998046875,160.1999969482422,0.0
2026-09-01 20:25:00+00:00,160.1999969482422,160.21099853515625,160.18899536132812,160.197998046875,0.0
2026-09-01 20:30:00+00:00,160.19000244140625,160.2169952392578,160.19000244140625,160.21600341796875,0.0
2026-09-01 20:35:00+00:00,160.21600341796875,160.22300720214844,160.19400024414062,160.20700073242188,0.0
2026-09-01 20:40:00+00:00,160.20700073242188,160.2169952392578,160.17799377441406,160.1909942626953,0.0
2026-09-01 20:45:00+00:00,160.1909942626953,160.2030029296875,160.177001953125,160.18499755859375,0.0
2026-09-01 20:50:00+00:00,160.1909942626953,160.2010040283203,160.18099975585938,160.19200134277344,0.0
2026-09-01 20:55:00+00:00,160.19000244140625,160.2030029296875,160.15199279785156,160.16299438476562,0.0
2026-09-01 21:00:00+00:00,160.14100646972656,160.18499755859375,160.1230010986328,160.13400268554688,0.0
2026-09-01 21:05:00+00:00,160.14999389648438,160.15699768066406,160.13600158691406,160.1479949951172,0.0
2026-09-01 21:10:00+00:00,160.1479949951172,160.15499877929688,160.13299560546875,160.14599609375,0.0
2026-09-01 21:15:00+00:00,160.13900756835938,160.16400146484375,160.1280059814453,160.15199279785156,0.0
2026-09-01 21:20:00+00:00,160.13299560546875,160.15699768066406,160.12899780273438,160.1439971923828,0.0
2026-09-01 21:25:00+00:00,160.1320037841797,160.16099548339844,160.1320037841797,160.13600158691406,0.0
2026-09-01 21:30:00+00:00,160.13600158691406,160.1840057373047,160.13600158691406,160.18099975585938,0.0
2026-09-01 21:35:00+00:00,160.1490020751953,160.18800354003906,160.14500427246094,160.16799926757812,0.0
2026-09-01 21:40:00+00:00,160.16799926757812,160.1790008544922,160.1490020751953,160.1510009765625,0.0
2026-09-01 21:45:00+00:00,160.177001953125,160.177001953125,160.10000610351562,160.1510009765625,0.0
2026-09-01 21:50:00+00:00,160.14999389648438,160.17300415039062,160.093994140625,160.1439971923828,0.0
2026-09-01 21:55:00+00:00,160.14700317382812,160.17100524902344,160.1020050048828,160.13999938964844,0.0
2026-09-01 22:00:00+00:00,160.13600158691406,160.17799377441406,160.11399841308594,160.1649932861328,0.0
2026-09-01 22:05:00+00:00,160.16299438476562,160.17799377441406,160.1540069580078,160.17799377441406,0.0
2026-09-01 22:10:00+00:00,160.1750030517578,160.17799377441406,160.1490020751953,160.1490020751953,0.0
2026-09-01 22:15:00+00:00,160.1490020751953,160.16900634765625,160.1490020751953,160.15199279785156,0.0
2026-09-01 22:20:00+00:00,160.16000366210938,160.16900634765625,160.14999389648438,160.1540069580078,0.0
2026-09-01 22:25:00+00:00,160.16000366210938,160.1820068359375,160.15199279785156,160.1719970703125,0.0
2026-09-01 22:30:00+00:00,160.16700744628906,160.18099975585938,160.1510009765625,160.16400146484375,0.0
2026-09-01 22:35:00+00:00,160.16400146484375,160.1820068359375,160.16200256347656,160.16600036621094,0.0
2026-09-01 22:40:00+00:00,160.1750030517578,160.197998046875,160.16600036621094,160.1909942626953,0.0
2026-09-01 22:45:00+00:00,160.19000244140625,160.20799255371094,160.1820068359375,160.19500732421875,0.0
2026-09-01 22:50:00+00:00,160.20199584960938,160.20700073242188,160.1790008544922,160.19900512695312,0.0
2026-09-01 22:55:00+00:00,160.197998046875,160.2050018310547,160.18800354003906,160.1929931640625,0.0
2026-09-01 23:00:00+00:00,160.19400024414062,160.22000122070312,160.19400024414062,160.21400451660156,0.0
2026-09-01 23:05:00+00:00,160.20700073242188,160.23399353027344,160.2050018310547,160.21800231933594,0.0
2026-09-01 23:10:00+00:00,160.21800231933594,160.22799682617188,160.20700073242188,160.20799255371094,0.0
2026-09-01 23:15:00+00:00,160.20799255371094,160.22000122070312,160.20599365234375,160.20700073242188,0.0
2026-09-01 23:20:00+00:00,160.20700073242188,160.21600341796875,160.18800354003906,160.2050018310547,0.0
2026-09-01 23:25:00+00:00,160.1999969482422,160.21099853515625,160.1929931640625,160.20399475097656,0.0
2026-09-01 23:30:00+00:00,160.19400024414062,160.20799255371094,160.17100524902344,160.17599487304688,0.0
2026-09-01 23:35:00+00:00,160.177001953125,160.18499755859375,160.14700317382812,160.16200256347656,0.0
2026-09-01 23:40:00+00:00,160.16299438476562,160.17599487304688,160.1540069580078,160.17100524902344,0.0
2026-09-01 23:45:00+00:00,160.16600036621094,160.19500732421875,160.16400146484375,160.17300415039062,0.0
2026-09-01 23:50:00+00:00,160.17300415039062,160.19700622558594,160.1699981689453,160.18899536132812,0.0
2026-09-01 23:55:00+00:00,160.18099975585938,160.21200561523438,160.1790008544922,160.1929931640625,0.0
2026-09-02 00:00:00+00:00,160.19400024414062,160.21600341796875,160.13499450683594,160.1490020751953,0.0
2026-09-02 00:05:00+00:00,160.1540069580078,160.2100067138672,160.14100646972656,160.19500732421875,0.0
2026-09-02 00:10:00+00:00,160.19500732421875,160.23300170898438,160.19000244140625,160.19700622558594,0.0
2026-09-02 00:15:00+00:00,160.19700622558594,160.218994140625,160.18699645996094,160.20599365234375,0.0
2026-09-02 00:20:00+00:00,160.1999969482422,160.2100067138672,160.12899780273438,160.14599609375,0.0
2026-09-02 00:25:00+00:00,160.14500427246094,160.20199584960938,160.14300537109375,160.18699645996094,0.0
2026-09-02 00:30:00+00:00,160.18800354003906,160.24099731445312,160.17799377441406,160.2310028076172,0.0
2026-09-02 00:35:00+00:00,160.22799682617188,160.25,160.22000122070312,160.22999572753906,0.0
2026-09-02 00:40:00+00:00,160.22900390625,160.2449951171875,160.16000366210938,160.18099975585938,0.0
2026-09-02 00:45:00+00:00,160.17799377441406,160.2220001220703,160.17300415039062,160.21800231933594,0.0
2026-09-02 00:50:00+00:00,160.20899963378906,160.25799560546875,160.20899963378906,160.2480010986328,0.0
2026-09-02 00:55:00+00:00,160.25,160.29299926757812,160.24000549316406,160.28399658203125,0.0
2026-09-02 01:00:00+00:00,160.28399658203125,160.322998046875,160.27499389648438,160.3040008544922,0.0
2026-09-02 01:05:00+00:00,160.3040008544922,160.3209991455078,160.2949981689453,160.3000030517578,0.0
2026-09-02 01:10:00+00:00,160.2969970703125,160.30999755859375,160.2740020751953,160.2830047607422,0.0
2026-09-02 01:15:00+00:00,160.2830047607422,160.3000030517578,160.26100158691406,160.28799438476562,0.0
2026-09-02 01:20:00+00:00,160.28599548339844,160.3040008544922,160.26300048828125,160.27099609375,0.0
2026-09-02 01:25:00+00:00,160.27000427246094,160.30299377441406,160.27000427246094,160.2740020751953,0.0
2026-09-02 01:30:00+00:00,160.27699279785156,160.32400512695312,160.26800537109375,160.31500244140625,0.0
2026-09-02 01:35:00+00:00,160.31500244140625,160.34800720214844,160.31500244140625,160.33099365234375,0.0
2026-09-02 01:40:00+00:00,160.33900451660156,160.34800720214844,160.32400512695312,160.34500122070312,0.0
2026-09-02 01:45:00+00:00,160.343994140625,160.38600158691406,160.3350067138672,160.3679962158203,0.0
2026-09-02 01:50:00+00:00,160.3679962158203,160.3939971923828,160.36300659179688,160.3730010986328,0.0
2026-09-02 01:55:00+00:00,160.37399291992188,160.38800048828125,160.3560028076172,160.36500549316406,0.0
2026-09-02 02:00:00+00:00,160.36500549316406,160.3939971923828,160.33999633789062,160.34800720214844,0.0
2026-09-02 02:05:00+00:00,160.34800720214844,160.3699951171875,160.33399963378906,160.35499572753906,0.0
2026-09-02 02:10:00+00:00,160.35800170898438,160.36199951171875,160.32000732421875,160.33200073242188,0.0
2026-09-02 02:15:00+00:00,160.33200073242188,160.34300231933594,160.32000732421875,160.3350067138672,0.0
2026-09-02 02:20:00+00:00,160.33599853515625,160.3520050048828,160.3249969482422,160.33599853515625,0.0
2026-09-02 02:25:00+00:00,160.33700561523438,160.3459930419922,160.3070068359375,160.31399536132812,0.0
2026-09-02 02:30:00+00:00,160.30799865722656,160.31700134277344,160.28900146484375,160.2949981689453,0.0
2026-09-02 02:35:00+00:00,160.29400634765625,160.3070068359375,160.27000427246094,160.27699279785156,0.0
2026-09-02 02:40:00+00:00,160.2760009765625,160.28199768066406,160.24000549316406,160.2570037841797,0.0
2026-09-02 02:45:00+00:00,160.2570037841797,160.28199768066406,160.25,160.26100158691406,0.0
2026-09-02 02:50:00+00:00,160.25599670410156,160.2790069580078,160.25599670410156,160.26100158691406,0.0
2026-09-02 02:55:00+00:00,160.26100158691406,160.27000427246094,160.25,160.25799560546875,0.0
2026-09-02 03:00:00+00:00,160.25799560546875,160.26499938964844,160.22000122070312,160.23300170898438,0.0
2026-09-02 03:05:00+00:00,160.23300170898438,160.2519989013672,160.2239990234375,160.2259979248047,0.0
2026-09-02 03:10:00+00:00,160.2259979248047,160.27099609375,160.2259979248047,160.25999450683594,0.0
2026-09-02 03:15:00+00:00,160.25999450683594,160.2729949951172,160.25100708007812,160.2570037841797,0.0
2026-09-02 03:20:00+00:00,160.26199340820312,160.26499938964844,160.2449951171875,160.24600219726562,0.0
2026-09-02 03:25:00+00:00,160.2519989013672,160.26199340820312,160.24400329589844,160.25100708007812,0.0
2026-09-02 03:30:00+00:00,160.2519989013672,160.25799560546875,160.23399353027344,160.23800659179688,0.0
2026-09-02 03:35:00+00:00,160.24600219726562,160.25599670410156,160.23300170898438,160.23800659179688,0.0
2026-09-02 03:40:00+00:00,160.23399353027344,160.24099731445312,160.19900512695312,160.21400451660156,0.0
2026-09-02 03:45:00+00:00,160.2100067138672,160.22000122070312,160.19400024414062,160.2100067138672,0.0
2026-09-02 03:50:00+00:00,160.2169952392578,160.22900390625,160.20799255371094,160.22500610351562,0.0
2026-09-02 03:55:00+00:00,160.2209930419922,160.23800659179688,160.2050018310547,160.20599365234375,0.0
2026-09-02 04:00:00+00:00,160.20599365234375,160.21299743652344,160.1739959716797,160.17999267578125,0.0
2026-09-02 04:05:00+00:00,160.1820068359375,160.18800354003906,160.1580047607422,160.1820068359375,0.0
2026-09-02 04:10:00+00:00,160.18299865722656,160.19000244140625,160.1580047607422,160.1820068359375,0.0
2026-09-02 04:15:00+00:00,160.1820068359375,160.2169952392578,160.16000366210938,160.21299743652344,0.0
2026-09-02 04:20:00+00:00,160.20799255371094,160.21499633789062,160.18800354003906,160.20199584960938,0.0
2026-09-02 04:25:00+00:00,160.19700622558594,160.2030029296875,160.1699981689453,160.1999969482422,0.0
2026-09-02 04:30:00+00:00,160.19500732421875,160.20899963378906,160.16000366210938,160.16099548339844,0.0
2026-09-02 04:35:00+00:00,160.16400146484375,160.18899536132812,160.16099548339844,160.18099975585938,0.0
2026-09-02 04:40:00+00:00,160.18099975585938,160.18800354003906,160.1479949951172,160.14999389648438,0.0
2026-09-02 04:45:00+00:00,160.14999389648438,160.16400146484375,160.02999877929688,160.1300048828125,0.0
2026-09-02 04:50:00+00:00,160.12399291992188,160.1300048828125,160.031005859375,160.06500244140625,0.0
2026-09-02 04:55:00+00:00,160.0590057373047,160.11300659179688,160.0469970703125,160.10400390625,0.0
2026-09-02 05:00:00+00:00,160.10299682617188,160.1269989013672,160.07899475097656,160.12100219726562,0.0
2026-09-02 05:05:00+00:00,160.12100219726562,160.13299560546875,160.07000732421875,160.07000732421875,0.0
2026-09-02 05:10:00+00:00,160.07000732421875,160.08999633789062,160.00100708007812,160.03399658203125,0.0
2026-09-02 05:15:00+00:00,160.03399658203125,160.06300354003906,159.947998046875,160.04299926757812,0.0
2026-09-02 05:20:00+00:00,160.04299926757812,160.0679931640625,160.0330047607422,160.04400634765625,0.0
2026-09-02 05:25:00+00:00,160.0449981689453,160.06500244140625,159.968994140625,159.97000122070312,0.0
2026-09-02 05:30:00+00:00,159.9759979248047,159.9980010986328,159.94000244140625,159.99200439453125,0.0
2026-09-02 05:35:00+00:00,159.98500061035156,160.0030059814453,159.94500732421875,159.9949951171875,0.0
2026-09-02 05:40:00+00:00,159.9969940185547,160.00100708007812,159.91200256347656,159.94400024414062,0.0
2026-09-02 05:45:00+00:00,159.94500732421875,159.95199584960938,159.8560028076172,159.87399291992188,0.0
2026-09-02 05:50:00+00:00,159.8679962158203,159.91000366210938,159.82200622558594,159.85499572753906,0.0
2026-09-02 05:55:00+00:00,159.85499572753906,159.86099243164062,159.79299926757812,159.82400512695312,0.0
2026-09-02 06:00:00+00:00,159.81700134277344,159.81900024414062,159.64599609375,159.67999267578125,0.0
2026-09-02 06:05:00+00:00,159.6790008544922,159.68800354003906,159.48399353027344,159.49600219726562,0.0
2026-09-02 06:10:00+00:00,159.48899841308594,159.57400512695312,159.427001953125,159.53700256347656,0.0
2026-09-02 06:15:00+00:00,159.52999877929688,159.70700073242188,159.5290069580078,159.6840057373047,0.0
2026-09-02 06:20:00+00:00,159.69400024414062,159.69700622558594,159.61099243164062,159.61900329589844,0.0
2026-09-02 06:25:00+00:00,159.61099243164062,159.63499450683594,159.54400634765625,159.63400268554688,0.0
2026-09-02 06:30:00+00:00,159.63299560546875,159.66099548339844,159.57200622558594,159.5780029296875,0.0
2026-09-02 06:35:00+00:00,159.58099365234375,159.65499877929688,159.56300354003906,159.6060028076172,0.0
2026-09-02 06:40:00+00:00,159.5989990234375,159.61399841308594,159.49400329589844,159.50100708007812,0.0
2026-09-02 06:45:00+00:00,159.5050048828125,159.60000610351562,159.49200439453125,159.5749969482422,0.0
2026-09-02 06:50:00+00:00,159.5749969482422,159.58299255371094,159.45799255371094,159.54200744628906,0.0
2026-09-02 06:55:00+00:00,159.54200744628906,159.64500427246094,159.5240020751953,159.59500122070312,0.0
2026-09-02 07:00:00+00:00,159.58999633789062,159.70700073242188,159.58999633789062,159.7030029296875,0.0
2026-09-02 07:05:00+00:00,159.6959991455078,159.73399353027344,159.66400146484375,159.677001953125,0.0
2026-09-02 07:10:00+00:00,159.6820068359375,159.7209930419922,159.66700744628906,159.70199584960938,0.0
2026-09-02 07:15:00+00:00,159.6959991455078,159.76800537109375,159.67599487304688,159.73399353027344,0.0
2026-09-02 07:20:00+00:00,159.73300170898438,159.73699951171875,159.6510009765625,159.6529998779297,0.0
2026-09-02 07:25:00+00:00,159.6529998779297,159.68099975585938,159.60400390625,159.6580047607422,0.0
2026-09-02 07:30:00+00:00,159.65699768066406,159.6719970703125,159.55599975585938,159.56900024414062,0.0
2026-09-02 07:35:00+00:00,159.5679931640625,159.63400268554688,159.54200744628906,159.61700439453125,0.0
2026-09-02 07:40:00+00:00,159.61099243164062,159.65699768066406,159.5850067138672,159.65199279785156,0.0
2026-09-02 07:45:00+00:00,159.6510009765625,159.68600463867188,159.61399841308594,159.66799926757812,0.0
2026-09-02 07:50:00+00:00,159.66600036621094,159.6750030517578,159.62899780273438,159.64599609375,0.0
2026-09-02 07:55:00+00:00,159.64100646972656,159.7050018310547,159.6320037841797,159.68699645996094,0.0
2026-09-02 08:00:00+00:00,159.68699645996094,159.70399475097656,159.64999389648438,159.6909942626953,0.0
2026-09-02 08:05:00+00:00,159.6909942626953,159.7239990234375,159.6649932861328,159.6820068359375,0.0
2026-09-02 08:10:00+00:00,159.67599487304688,159.72500610351562,159.656005859375,159.71400451660156,0.0
2026-09-02 08:15:00+00:00,159.71200561523438,159.7550048828125,159.71200561523438,159.7480010986328,0.0
2026-09-02 08:20:00+00:00,159.7530059814453,159.76400756835938,159.6510009765625,159.65199279785156,0.0
2026-09-02 08:25:00+00:00,159.65199279785156,159.6699981689453,159.63800048828125,159.66299438476562,0.0
2026-09-02 08:30:00+00:00,159.66400146484375,159.697998046875,159.64700317382812,159.67599487304688,0.0
2026-09-02 08:35:00+00:00,159.68299865722656,159.7239990234375,159.6699981689453,159.71099853515625,0.0
2026-09-02 08:40:00+00:00,159.7050018310547,159.73699951171875,159.6999969482422,159.7169952392578,0.0
2026-09-02 08:45:00+00:00,159.72300720214844,159.7570037841797,159.70399475097656,159.75100708007812,0.0
2026-09-02 08:50:00+00:00,159.75100708007812,159.78700256347656,159.73199462890625,159.7790069580078,0.0
2026-09-02 08:55:00+00:00,159.7830047607422,159.85499572753906,159.7740020751953,159.8459930419922,0.0
2026-09-02 09:00:00+00:00,159.8459930419922,159.8820037841797,159.83700561523438,159.8459930419922,0.0
2026-09-02 09:05:00+00:00,159.843994140625,159.8520050048828,159.8260040283203,159.83999633789062,0.0
2026-09-02 09:10:00+00:00,159.83599853515625,159.8489990234375,159.80299377441406,159.81100463867188,0.0
2026-09-02 09:15:00+00:00,159.8159942626953,159.81900024414062,159.76699829101562,159.79200744628906,0.0
2026-09-02 09:20:00+00:00,159.7899932861328,159.81399536132812,159.77999877929688,159.80599975585938,0.0
2026-09-02 09:25:00+00:00,159.80599975585938,159.86300659179688,159.80599975585938,159.83799743652344,0.0
2026-09-02 09:30:00+00:00,159.83099365234375,159.85699462890625,159.82400512695312,159.83999633789062,0.0
2026-09-02 09:35:00+00:00,159.8470001220703,159.8470001220703,159.7969970703125,159.81500244140625,0.0
2026-09-02 09:40:00+00:00,159.8159942626953,159.86099243164062,159.81199645996094,159.85699462890625,0.0
2026-09-02 09:45:00+00:00,159.85299682617188,159.86199951171875,159.83599853515625,159.85499572753906,0.0
2026-09-02 09:50:00+00:00,159.85499572753906,159.86900329589844,159.8470001220703,159.8520050048828,0.0
2026-09-02 09:55:00+00:00,159.8489990234375,159.86199951171875,159.80999755859375,159.85299682617188,0.0
2026-09-02 10:00:00+00:00,159.85400390625,159.8820037841797,159.8350067138672,159.87399291992188,0.0
2026-09-02 10:05:00+00:00,159.8769989013672,159.88900756835938,159.8560028076172,159.8800048828125,0.0
2026-09-02 10:10:00+00:00,159.8769989013672,159.88400268554688,159.86099243164062,159.86199951171875,0.0
2026-09-02 10:15:00+00:00,159.86700439453125,159.87100219726562,159.85000610351562,159.86399841308594,0.0
2026-09-02 10:20:00+00:00,159.86300659179688,159.88400268554688,159.85499572753906,159.8730010986328,0.0
2026-09-02 10:25:00+00:00,159.8730010986328,159.89199829101562,159.8520050048828,159.88600158691406,0.0
2026-09-02 10:30:00+00:00,159.88600158691406,159.9080047607422,159.85699462890625,159.85699462890625,0.0
2026-09-02 10:35:00+00:00,159.85699462890625,159.87399291992188,159.85000610351562,159.86700439453125,0.0
2026-09-02 10:40:00+00:00,159.8679962158203,159.90499877929688,159.8679962158203,159.88299560546875,0.0
2026-09-02 10:45:00+00:00,159.88299560546875,159.90899658203125,159.8780059814453,159.90199279785156,0.0
2026-09-02 10:50:00+00:00,159.90199279785156,159.9219970703125,159.88600158691406,159.8979949951172,0.0
2026-09-02 10:55:00+00:00,159.89700317382812,159.91099548339844,159.88400268554688,159.88800048828125,0.0
2026-09-02 11:00:00+00:00,159.88800048828125,159.90199279785156,159.86399841308594,159.8780059814453,0.0
2026-09-02 11:05:00+00:00,159.8769989013672,159.90499877929688,159.83900451660156,159.86399841308594,0.0
2026-09-02 11:10:00+00:00,159.86300659179688,159.89300537109375,159.77699279785156,159.80799865722656,0.0
2026-09-02 11:15:00+00:00,159.81199645996094,159.8300018310547,159.7830047607422,159.7969970703125,0.0
2026-09-02 11:20:00+00:00,159.7969970703125,159.81700134277344,159.77200317382812,159.78199768066406,0.0
2026-09-02 11:25:00+00:00,159.781005859375,159.7830047607422,159.74099731445312,159.76400756835938,0.0
2026-09-02 11:30:00+00:00,159.76400756835938,159.77099609375,159.67300415039062,159.68499755859375,0.0
2026-09-02 11:35:00+00:00,159.69000244140625,159.69500732421875,159.61599731445312,159.66799926757812,0.0
2026-09-02 11:40:00+00:00,159.66799926757812,159.71299743652344,159.6510009765625,159.70399475097656,0.0
2026-09-02 11:45:00+00:00,159.7010040283203,159.74099731445312,159.66099548339844,159.67799377441406,0.0
2026-09-02 11:50:00+00:00,159.6840057373047,159.69500732421875,159.62399291992188,159.63099670410156,0.0
2026-09-02 11:55:00+00:00,159.6320037841797,159.66600036621094,159.61399841308594,159.6300048828125,0.0
2026-09-02 12:00:00+00:00,159.6300048828125,159.63800048828125,159.56500244140625,159.5659942626953,0.0
2026-09-02 12:05:00+00:00,159.5709991455078,159.6179962158203,159.5279998779297,159.58299255371094,0.0
2026-09-02 12:10:00+00:00,159.58200073242188,159.63099670410156,159.56300354003906,159.61399841308594,0.0
2026-09-02 12:15:00+00:00,159.6020050048828,159.6439971923828,159.58700561523438,159.62899780273438,0.0
2026-09-02 12:20:00+00:00,159.62600708007812,159.65499877929688,159.4929962158203,159.55999755859375,0.0
2026-09-02 12:25:00+00:00,159.56199645996094,159.63999938964844,159.55799865722656,159.62399291992188,0.0
2026-09-02 12:30:00+00:00,159.6219940185547,159.697998046875,159.62100219726562,159.69000244140625,0.0
2026-09-02 12:35:00+00:00,159.68800354003906,159.69500732421875,159.6699981689453,159.67100524902344,0.0
2026-09-02 12:40:00+00:00,159.67100524902344,159.69700622558594,159.64999389648438,159.6790008544922,0.0
2026-09-02 12:45:00+00:00,159.67599487304688,159.71099853515625,159.62600708007812,159.64700317382812,0.0
2026-09-02 12:50:00+00:00,159.64700317382812,159.69000244140625,159.6320037841797,159.63900756835938,0.0
2026-09-02 12:55:00+00:00,159.63900756835938,159.6479949951172,159.58200073242188,159.58700561523438,0.0
2026-09-02 13:00:00+00:00,159.58599853515625,159.61399841308594,159.5570068359375,159.6060028076172,0.0
2026-09-02 13:05:00+00:00,159.61099243164062,159.61599731445312,159.54600524902344,159.56100463867188,0.0
2026-09-02 13:10:00+00:00,159.55799865722656,159.58900451660156,159.5240020751953,159.58900451660156,0.0
2026-09-02 13:15:00+00:00,159.58299255371094,159.6020050048828,159.51699829101562,159.52000427246094,0.0
2026-09-02 13:20:00+00:00,159.52499389648438,159.5260009765625,159.34300231933594,159.36199951171875,0.0
2026-09-02 13:25:00+00:00,159.36500549316406,159.3699951171875,158.19400024414062,158.8509979248047,0.0
2026-09-02 13:30:00+00:00,158.8459930419922,159.04800415039062,158.67799377441406,159.01699829101562,0.0
2026-09-02 13:35:00+00:00,159.0240020751953,159.03599548339844,158.6199951171875,158.7209930419922,0.0
2026-09-02 13:40:00+00:00,158.73300170898438,158.86000061035156,158.5330047607422,158.5800018310547,0.0
2026-09-02 13:45:00+00:00,158.58900451660156,158.8090057373047,158.57899475097656,158.69700622558594,0.0
2026-09-02 13:50:00+00:00,158.7050018310547,158.7550048828125,158.5290069580078,158.58599853515625,0.0
2026-09-02 13:55:00+00:00,158.58999633789062,158.63400268554688,158.48399353027344,158.5659942626953,0.0
2026-09-02 14:00:00+00:00,158.56100463867188,158.79299926757812,158.5469970703125,158.60000610351562,0.0
2026-09-02 14:05:00+00:00,158.6009979248047,158.7259979248047,158.55999755859375,158.71299743652344,0.0
2026-09-02 14:10:00+00:00,158.72000122070312,158.73699951171875,158.59800720214844,158.67599487304688,0.0
2026-09-02 14:15:00+00:00,158.6840057373047,158.8209991455078,158.64599609375,158.77099609375,0.0
2026-09-02 14:20:00+00:00,158.781005859375,158.78399658203125,158.68699645996094,158.75399780273438,0.0
2026-09-02 14:25:00+00:00,158.7469940185547,158.7570037841797,158.6739959716797,158.71400451660156,0.0
2026-09-02 14:30:00+00:00,158.71800231933594,158.80799865722656,158.7010040283203,158.7519989013672,0.0
2026-09-02 14:35:00+00:00,158.7519989013672,158.78500366210938,158.68699645996094,158.7310028076172,0.0
2026-09-02 14:40:00+00:00,158.73399353027344,158.78700256347656,158.4969940185547,158.77699279785156,0.0
2026-09-02 14:45:00+00:00,158.77099609375,158.8159942626953,158.74000549316406,158.7779998779297,0.0
2026-09-02 14:50:00+00:00,158.7740020751953,158.85699462890625,158.73800659179688,158.75999450683594,0.0
2026-09-02 14:55:00+00:00,158.76499938964844,158.7740020751953,158.63600158691406,158.7429962158203,0.0
2026-09-02 15:00:00+00:00,158.73800659179688,158.80999755859375,158.67300415039062,158.73699951171875,0.0
2026-09-02 15:05:00+00:00,158.73599243164062,158.7519989013672,158.66200256347656,158.718994140625,0.0
2026-09-02 15:10:00+00:00,158.71200561523438,158.74600219726562,158.66799926757812,158.6929931640625,0.0
2026-09-02 15:15:00+00:00,158.68699645996094,158.70700073242188,158.64100646972656,158.66799926757812,0.0
2026-09-02 15:20:00+00:00,158.6649932861328,158.71600341796875,158.61599731445312,158.67599487304688,0.0
2026-09-02 15:25:00+00:00,158.67300415039062,158.68800354003906,158.63699340820312,158.6529998779297,0.0
2026-09-02 15:30:00+00:00,158.65699768066406,158.69900512695312,158.6009979248047,158.6959991455078,0.0
2026-09-02 15:35:00+00:00,158.69500732421875,158.7310028076172,158.6510009765625,158.67100524902344,0.0
2026-09-02 15:40:00+00:00,158.66799926757812,158.8000030517578,158.66200256347656,158.78900146484375,0.0
2026-09-02 15:45:00+00:00,158.7949981689453,158.80599975585938,158.75100708007812,158.78199768066406,0.0
2026-09-02 15:50:00+00:00,158.7760009765625,158.8249969482422,158.7760009765625,158.8040008544922,0.0
2026-09-02 15:55:00+00:00,158.80599975585938,158.81700134277344,158.7740020751953,158.79200744628906,0.0
2026-09-02 16:00:00+00:00,158.79299926757812,158.83799743652344,158.7779998779297,158.822998046875,0.0
2026-09-02 16:05:00+00:00,158.83099365234375,158.85499572753906,158.80099487304688,158.83999633789062,0.0
2026-09-02 16:10:00+00:00,158.84300231933594,158.84300231933594,158.7899932861328,158.79400634765625,0.0
2026-09-02 16:15:00+00:00,158.7949981689453,158.83200073242188,158.7949981689453,158.80499267578125,0.0
2026-09-02 16:20:00+00:00,158.80099487304688,158.8679962158203,158.7830047607422,158.85400390625,0.0
2026-09-02 16:25:00+00:00,158.85899353027344,158.875,158.8350067138672,158.8679962158203,0.0
2026-09-02 16:30:00+00:00,158.87100219726562,158.88299560546875,158.8040008544922,158.82200622558594,0.0
2026-09-02 16:35:00+00:00,158.8159942626953,158.83299255371094,158.80599975585938,158.822998046875,0.0
2026-09-02 16:40:00+00:00,158.82200622558594,158.8470001220703,158.81300354003906,158.83599853515625,0.0
2026-09-02 16:45:00+00:00,158.83299255371094,158.843994140625,158.80099487304688,158.83299255371094,0.0
2026-09-02 16:50:00+00:00,158.82899475097656,158.83700561523438,158.7899932861328,158.81199645996094,0.0
2026-09-02 16:55:00+00:00,158.81199645996094,158.85000610351562,158.80999755859375,158.8419952392578,0.0
2026-09-02 17:00:00+00:00,158.84300231933594,158.88400268554688,158.81300354003906,158.86399841308594,0.0
2026-09-02 17:05:00+00:00,158.86500549316406,158.89700317382812,158.8560028076172,158.88800048828125,0.0
2026-09-02 17:10:00+00:00,158.88900756835938,158.8990020751953,158.8719940185547,158.875,0.0
2026-09-02 17:15:00+00:00,158.8730010986328,158.96400451660156,158.8719940185547,158.93899536132812,0.0
2026-09-02 17:20:00+00:00,158.93899536132812,158.94700622558594,158.91799926757812,158.93099975585938,0.0
2026-09-02 17:25:00+00:00,158.93299865722656,158.95599365234375,158.92999267578125,158.93099975585938,0.0
2026-09-02 17:30:00+00:00,158.93699645996094,158.95599365234375,158.9199981689453,158.947998046875,0.0
2026-09-02 17:35:00+00:00,158.94900512695312,158.9550018310547,158.93299865722656,158.93800354003906,0.0
2026-09-02 17:40:00+00:00,158.9409942626953,158.9530029296875,158.8730010986328,158.91799926757812,0.0
2026-09-02 17:45:00+00:00,158.91799926757812,158.9320068359375,158.76499938964844,158.83200073242188,0.0
2026-09-02 17:50:00+00:00,158.8260040283203,158.8990020751953,158.81100463867188,158.88600158691406,0.0
2026-09-02 17:55:00+00:00,158.89100646972656,158.91000366210938,158.86900329589844,158.8730010986328,0.0
2026-09-02 18:00:00+00:00,158.87399291992188,158.88400268554688,158.83599853515625,158.8459930419922,0.0
2026-09-02 18:05:00+00:00,158.84500122070312,158.90499877929688,158.83799743652344,158.90199279785156,0.0
2026-09-02 18:10:00+00:00,158.9010009765625,158.9459991455078,158.89199829101562,158.93299865722656,0.0
2026-09-02 18:15:00+00:00,158.93299865722656,158.97500610351562,158.82000732421875,158.90499877929688,0.0
2026-09-02 18:20:00+00:00,158.89599609375,158.9510040283203,158.86900329589844,158.93800354003906,0.0
2026-09-02 18:25:00+00:00,158.93800354003906,158.9510040283203,158.927001953125,158.93800354003906,0.0
2026-09-02 18:30:00+00:00,158.93099975585938,158.9429931640625,158.89100646972656,158.91900634765625,0.0
2026-09-02 18:35:00+00:00,158.9149932861328,158.9290008544922,158.89999389648438,158.9010009765625,0.0
2026-09-02 18:40:00+00:00,158.9010009765625,158.9709930419922,158.89999389648438,158.96800231933594,0.0
2026-09-02 18:45:00+00:00,158.968994140625,158.9720001220703,158.94900512695312,158.95599365234375,0.0
2026-09-02 18:50:00+00:00,158.96099853515625,158.96099853515625,158.9219970703125,158.92599487304688,0.0
2026-09-02 18:55:00+00:00,158.92599487304688,158.96400451660156,158.91200256347656,158.93099975585938,0.0
2026-09-02 19:00:00+00:00,158.93699645996094,158.95700073242188,158.91400146484375,158.93899536132812,0.0
2026-09-02 19:05:00+00:00,158.93899536132812,158.9720001220703,158.93800354003906,158.9709930419922,0.0
2026-09-02 19:10:00+00:00,158.96400451660156,159.01300048828125,158.96299743652344,158.97900390625,0.0
2026-09-02 19:15:00+00:00,158.9770050048828,158.97999572753906,158.91400146484375,158.9239959716797,0.0
2026-09-02 19:20:00+00:00,158.9239959716797,158.93699645996094,158.90899658203125,158.9320068359375,0.0
2026-09-02 19:25:00+00:00,158.93299865722656,158.93299865722656,158.91000366210938,158.92100524902344,0.0
2026-09-02 19:30:00+00:00,158.91600036621094,158.94500732421875,158.88499450683594,158.88600158691406,0.0
2026-09-02 19:35:00+00:00,158.88499450683594,158.91099548339844,158.8769989013672,158.87899780273438,0.0
2026-09-02 19:40:00+00:00,158.87899780273438,158.8990020751953,158.8780059814453,158.88600158691406,0.0
2026-09-02 19:45:00+00:00,158.88600158691406,158.9010009765625,158.88099670410156,158.89100646972656,0.0
2026-09-02 19:50:00+00:00,158.88600158691406,158.89700317382812,158.843994140625,158.84500122070312,0.0
2026-09-02 19:55:00+00:00,158.85000610351562,158.8520050048828,158.75100708007812,158.76199340820312,0.0
2026-09-02 20:00:00+00:00,158.76199340820312,158.78399658203125,158.6479949951172,158.69700622558594,0.0
2026-09-02 20:05:00+00:00,158.69700622558594,158.72500610351562,158.66099548339844,158.69200134277344,0.0
2026-09-02 20:10:00+00:00,158.68600463867188,158.6929931640625,158.60499572753906,158.63400268554688,0.0
2026-09-02 20:15:00+00:00,158.63400268554688,158.6739959716797,158.63099670410156,158.66000366210938,0.0
2026-09-02 20:20:00+00:00,158.66400146484375,158.72000122070312,158.65899658203125,158.68800354003906,0.0
2026-09-02 20:25:00+00:00,158.68600463867188,158.71600341796875,158.66900634765625,158.68600463867188,0.0
2026-09-02 20:30:00+00:00,158.6929931640625,158.71800231933594,158.68299865722656,158.70799255371094,0.0
2026-09-02 20:35:00+00:00,158.70399475097656,158.718994140625,158.68499755859375,158.7100067138672,0.0
2026-09-02 20:40:00+00:00,158.71200561523438,158.71800231933594,158.6739959716797,158.6929931640625,0.0
2026-09-02 20:45:00+00:00,158.6929931640625,158.7220001220703,158.68800354003906,158.71099853515625,0.0
2026-09-02 20:50:00+00:00,158.70599365234375,158.72799682617188,158.69400024414062,158.7259979248047,0.0
2026-09-02 20:55:00+00:00,158.718994140625,158.72900390625,158.677001953125,158.69500732421875,0.0
2026-09-02 21:00:00+00:00,158.6739959716797,158.68600463867188,158.64700317382812,158.6580047607422,0.0
2026-09-02 21:05:00+00:00,158.65699768066406,158.6719970703125,158.6529998779297,158.65499877929688,0.0
2026-09-02 21:10:00+00:00,158.67100524902344,158.68099975585938,158.65499877929688,158.66700744628906,0.0
2026-09-02 21:15:00+00:00,158.66299438476562,158.6999969482422,158.6269989013672,158.66099548339844,0.0
2026-09-02 21:20:00+00:00,158.66299438476562,158.66900634765625,158.6490020751953,158.66299438476562,0.0
2026-09-02 21:25:00+00:00,158.6529998779297,158.66900634765625,158.65199279785156,158.65499877929688,0.0
2026-09-02 21:30:00+00:00,158.65499877929688,158.7100067138672,158.6540069580078,158.69200134277344,0.0
2026-09-02 21:35:00+00:00,158.68899536132812,158.70399475097656,158.6580047607422,158.68600463867188,0.0
2026-09-02 21:40:00+00:00,158.697998046875,158.70399475097656,158.6699981689453,158.6820068359375,0.0
2026-09-02 21:45:00+00:00,158.68800354003906,158.7030029296875,158.6540069580078,158.66400146484375,0.0
2026-09-02 21:50:00+00:00,158.67999267578125,158.69200134277344,158.64700317382812,158.6790008544922,0.0
2026-09-02 21:55:00+00:00,158.66400146484375,158.7220001220703,158.66299438476562,158.66299438476562,0.0
2026-09-02 22:00:00+00:00,158.6739959716797,158.73399353027344,158.656005859375,158.7239990234375,0.0
2026-09-02 22:05:00+00:00,158.71600341796875,158.7449951171875,158.71600341796875,158.718994140625,0.0
2026-09-02 22:10:00+00:00,158.72799682617188,158.73399353027344,158.70899963378906,158.7259979248047,0.0
2026-09-02 22:15:00+00:00,158.7239990234375,158.79600524902344,158.71400451660156,158.78399658203125,0.0
2026-09-02 22:20:00+00:00,158.77099609375,158.78700256347656,158.73300170898438,158.74000549316406,0.0
2026-09-02 22:25:00+00:00,158.74200439453125,158.77099609375,158.73399353027344,158.7570037841797,0.0
2026-09-02 22:30:00+00:00,158.75599670410156,158.78500366210938,158.75399780273438,158.7740020751953,0.0
2026-09-02 22:35:00+00:00,158.7689971923828,158.77699279785156,158.75,158.76300048828125,0.0
2026-09-02 22:40:00+00:00,158.76300048828125,158.7779998779297,158.74600219726562,158.77699279785156,0.0
2026-09-02 22:45:00+00:00,158.77699279785156,158.83999633789062,158.76199340820312,158.80799865722656,0.0
2026-09-02 22:50:00+00:00,158.80799865722656,158.81399536132812,158.74099731445312,158.7760009765625,0.0
2026-09-02 22:55:00+00:00,158.7790069580078,158.79100036621094,158.76199340820312,158.78900146484375,0.0
2026-09-02 23:00:00+00:00,158.76800537109375,158.822998046875,158.75100708007812,158.80299377441406,0.0
2026-09-02 23:05:00+00:00,158.7969970703125,158.8459930419922,158.79400634765625,158.84100341796875,0.0
2026-09-02 23:10:00+00:00,158.83299255371094,158.86700439453125,158.82899475097656,158.85000610351562,0.0
2026-09-02 23:15:00+00:00,158.85000610351562,158.85899353027344,158.81700134277344,158.8280029296875,0.0
2026-09-02 23:20:00+00:00,158.82000732421875,158.83799743652344,158.802001953125,158.81300354003906,0.0
2026-09-02 23:25:00+00:00,158.8040008544922,158.8280029296875,158.78799438476562,158.8260040283203,0.0
2026-09-02 23:30:00+00:00,158.82000732421875,158.85000610351562,158.81700134277344,158.84100341796875,0.0
2026-09-02 23:35:00+00:00,158.84100341796875,158.87899780273438,158.83900451660156,158.8719940185547,0.0
2026-09-02 23:40:00+00:00,158.8730010986328,158.88600158691406,158.86000061035156,158.88499450683594,0.0
2026-09-02 23:45:00+00:00,158.8769989013672,158.91299438476562,158.8730010986328,158.88999938964844,0.0
2026-09-02 23:50:00+00:00,158.88999938964844,158.91600036621094,158.87399291992188,158.9149932861328,0.0
2026-09-02 23:55:00+00:00,158.9149932861328,158.93499755859375,158.89100646972656,158.90199279785156,0.0
2026-09-03 00:00:00+00:00,158.89300537109375,158.92799377441406,158.82000732421875,158.85400390625,0.0
2026-09-03 00:05:00+00:00,158.85499572753906,158.9199981689453,158.84800720214844,158.88800048828125,0.0
2026-09-03 00:10:00+00:00,158.88999938964844,158.95599365234375,158.85299682617188,158.94700622558594,0.0
2026-09-03 00:15:00+00:00,158.93699645996094,158.96800231933594,158.9250030517578,158.95199584960938,0.0
2026-09-03 00:20:00+00:00,158.9530029296875,158.96400451660156,158.8300018310547,158.84500122070312,0.0
2026-09-03 00:25:00+00:00,158.84800720214844,158.87399291992188,158.80299377441406,158.81500244140625,0.0
2026-09-03 00:30:00+00:00,158.822998046875,158.82699584960938,158.7480010986328,158.75799560546875,0.0
2026-09-03 00:35:00+00:00,158.75100708007812,158.7830047607422,158.66600036621094,158.66900634765625,0.0
2026-09-03 00:40:00+00:00,158.67300415039062,158.74899291992188,158.63499450683594,158.69500732421875,0.0
2026-09-03 00:45:00+00:00,158.69500732421875,158.72799682617188,158.5760040283203,158.59800720214844,0.0
2026-09-03 00:50:00+00:00,158.6009979248047,158.63900756835938,158.54200744628906,158.61500549316406,0.0
2026-09-03 00:55:00+00:00,158.6199951171875,158.718994140625,158.60299682617188,158.70799255371094,0.0
2026-09-03 01:00:00+00:00,158.70599365234375,158.7259979248047,158.61000061035156,158.64199829101562,0.0
2026-09-03 01:05:00+00:00,158.64199829101562,158.6719970703125,158.60299682617188,158.64599609375,0.0
2026-09-03 01:10:00+00:00,158.63999938964844,158.66200256347656,158.5760040283203,158.58999633789062,0.0
2026-09-03 01:15:00+00:00,158.5989990234375,158.6230010986328,158.50799560546875,158.53399658203125,0.0
2026-09-03 01:20:00+00:00,158.53900146484375,158.62399291992188,158.51400756835938,158.60400390625,0.0
2026-09-03 01:25:00+00:00,158.6009979248047,158.61000061035156,158.4080047607422,158.4080047607422,0.0
2026-09-03 01:30:00+00:00,158.4080047607422,158.42300415039062,158.25900268554688,158.3470001220703,0.0
2026-09-03 01:35:00+00:00,158.34800720214844,158.35400390625,158.23800659179688,158.26800537109375,0.0
2026-09-03 01:40:00+00:00,158.2570037841797,158.39300537109375,158.21800231933594,158.3699951171875,0.0
2026-09-03 01:45:00+00:00,158.35899353027344,158.4459991455078,158.343994140625,158.43499755859375,0.0
2026-09-03 01:50:00+00:00,158.4429931640625,158.4709930419922,158.43299865722656,158.4510040283203,0.0
2026-09-03 01:55:00+00:00,158.44400024414062,158.5290069580078,158.42999267578125,158.50799560546875,0.0
2026-09-03 02:00:00+00:00,158.5,158.5290069580078,158.39500427246094,158.4429931640625,0.0
2026-09-03 02:05:00+00:00,158.45199584960938,158.4550018310547,158.36000061035156,158.39599609375,0.0
2026-09-03 02:10:00+00:00,158.38800048828125,158.43299865722656,158.3070068359375,158.30999755859375,0.0
2026-09-03 02:15:00+00:00,158.3179931640625,158.3489990234375,158.2830047607422,158.2899932861328,0.0
2026-09-03 02:20:00+00:00,158.28799438476562,158.29800415039062,158.10299682617188,158.1479949951172,0.0
2026-09-03 02:25:00+00:00,158.13699340820312,158.16299438476562,158.06700134277344,158.08999633789062,0.0
2026-09-03 02:30:00+00:00,158.08200073242188,158.10400390625,158.0260009765625,158.06300354003906,0.0
2026-09-03 02:35:00+00:00,158.06300354003906,158.11900329589844,157.94500732421875,157.9759979248047,0.0
2026-09-03 02:40:00+00:00,157.98500061035156,158.11700439453125,157.9459991455078,158.10699462890625,0.0
2026-09-03 02:45:00+00:00,158.10699462890625,158.15699768066406,157.9600067138672,157.99000549316406,0.0
2026-09-03 02:50:00+00:00,158.00100708007812,158.04200744628906,157.91000366210938,158.00599670410156,0.0
2026-09-03 02:55:00+00:00,158.01199340820312,158.08299255371094,157.97000122070312,158.02200317382812,0.0
2026-09-03 03:00:00+00:00,158.0330047607422,158.0330047607422,157.85899353027344,157.88099670410156,0.0
2026-09-03 03:05:00+00:00,157.8820037841797,157.89599609375,157.73199462890625,157.74400329589844,0.0
2026-09-03 03:10:00+00:00,157.7530059814453,157.7899932861328,157.61599731445312,157.73500061035156,0.0
2026-09-03 03:15:00+00:00,157.7429962158203,157.83200073242188,157.70700073242188,157.77099609375,0.0
2026-09-03 03:20:00+00:00,157.77000427246094,157.82000732421875,157.6840057373047,157.81199645996094,0.0
2026-09-03 03:25:00+00:00,157.81199645996094,157.83900451660156,157.73300170898438,157.79400634765625,0.0
2026-09-03 03:30:00+00:00,157.78599548339844,157.85000610351562,157.75799560546875,157.802001953125,0.0
2026-09-03 03:35:00+00:00,157.79800415039062,157.91700744628906,157.79100036621094,157.86300659179688,0.0
2026-09-03 03:40:00+00:00,157.86000061035156,157.89199829101562,157.822998046875,157.83799743652344,0.0
2026-09-03 03:45:00+00:00,157.8350067138672,157.8560028076172,157.7570037841797,157.7969970703125,0.0
2026-09-03 03:50:00+00:00,157.79200744628906,157.8070068359375,157.7239990234375,157.7429962158203,0.0
2026-09-03 03:55:00+00:00,157.74899291992188,157.80799865722656,157.74200439453125,157.76800537109375,0.0
2026-09-03 04:00:00+00:00,157.76499938964844,157.84800720214844,157.75,157.8470001220703,0.0
2026-09-03 04:05:00+00:00,157.83700561523438,157.8719940185547,157.79800415039062,157.8249969482422,0.0
2026-09-03 04:10:00+00:00,157.8249969482422,157.83099365234375,157.7449951171875,157.76400756835938,0.0
2026-09-03 04:15:00+00:00,157.76499938964844,157.80999755859375,157.73800659179688,157.7969970703125,0.0
2026-09-03 04:20:00+00:00,157.78700256347656,157.7969970703125,157.69700622558594,157.7100067138672,0.0
2026-09-03 04:25:00+00:00,157.71200561523438,157.7469940185547,157.697998046875,157.6999969482422,0.0
2026-09-03 04:30:00+00:00,157.6999969482422,157.7209930419922,157.53599548339844,157.64999389648438,0.0
2026-09-03 04:35:00+00:00,157.65199279785156,157.69400024414062,157.5469970703125,157.56500244140625,0.0
2026-09-03 04:40:00+00:00,157.5659942626953,157.6439971923828,157.54200744628906,157.6280059814453,0.0
2026-09-03 04:45:00+00:00,157.62899780273438,157.68099975585938,157.5959930419922,157.66400146484375,0.0
2026-09-03 04:50:00+00:00,157.66200256347656,157.6999969482422,157.64700317382812,157.6840057373047,0.0
2026-09-03 04:55:00+00:00,157.6840057373047,157.75900268554688,157.6719970703125,157.6790008544922,0.0
2026-09-03 05:00:00+00:00,157.6790008544922,157.7310028076172,157.66299438476562,157.71400451660156,0.0
2026-09-03 05:05:00+00:00,157.7100067138672,157.7570037841797,157.6999969482422,157.75,0.0
2026-09-03 05:10:00+00:00,157.75399780273438,157.78599548339844,157.72999572753906,157.73800659179688,0.0
2026-09-03 05:15:00+00:00,157.74600219726562,157.74899291992188,157.66299438476562,157.6790008544922,0.0
2026-09-03 05:20:00+00:00,157.6719970703125,157.7449951171875,157.60299682617188,157.6320037841797,0.0
2026-09-03 05:25:00+00:00,157.63099670410156,157.6529998779297,157.5469970703125,157.60499572753906,0.0
2026-09-03 05:30:00+00:00,157.60499572753906,157.6820068359375,157.58700561523438,157.66099548339844,0.0
2026-09-03 05:35:00+00:00,157.66099548339844,157.66600036621094,157.5260009765625,157.52699279785156,0.0
2026-09-03 05:40:00+00:00,157.5290069580078,157.63900756835938,157.5279998779297,157.63499450683594,0.0
2026-09-03 05:45:00+00:00,157.6320037841797,157.63699340820312,157.51400756835938,157.51400756835938,0.0
2026-09-03 05:50:00+00:00,157.51300048828125,157.5570068359375,157.4550018310547,157.4600067138672,0.0
2026-09-03 05:55:00+00:00,157.46600341796875,157.47900390625,157.36099243164062,157.36900329589844,0.0
2026-09-03 06:00:00+00:00,157.36500549316406,157.43600463867188,157.27000427246094,157.3350067138672,0.0
2026-09-03 06:05:00+00:00,157.3350067138672,157.3699951171875,157.24000549316406,157.3419952392578,0.0
2026-09-03 06:10:00+00:00,157.3470001220703,157.41099548339844,157.2949981689453,157.30099487304688,0.0
2026-09-03 06:15:00+00:00,157.2949981689453,157.32200622558594,157.21800231933594,157.32000732421875,0.0
2026-09-03 06:20:00+00:00,157.31900024414062,157.36599731445312,157.27000427246094,157.3280029296875,0.0
2026-09-03 06:25:00+00:00,157.32699584960938,157.33399963378906,157.22900390625,157.23399353027344,0.0
2026-09-03 06:30:00+00:00,157.24099731445312,157.26400756835938,157.18699645996094,157.25,0.0
2026-09-03 06:35:00+00:00,157.2480010986328,157.33299255371094,157.22300720214844,157.28199768066406,0.0
2026-09-03 06:40:00+00:00,157.28199768066406,157.28900146484375,157.1219940185547,157.13999938964844,0.0
2026-09-03 06:45:00+00:00,157.14599609375,157.18899536132812,157.04299926757812,157.0540008544922,0.0
2026-09-03 06:50:00+00:00,157.052001953125,157.11900329589844,156.99600219726562,157.01300048828125,0.0
2026-09-03 06:55:00+00:00,157.00599670410156,157.1300048828125,156.99400329589844,157.125,0.0
2026-09-03 07:00:00+00:00,157.1230010986328,157.1300048828125,156.6269989013672,156.67999267578125,0.0
2026-09-03 07:05:00+00:00,156.68499755859375,156.7310028076172,156.3509979248047,156.40499877929688,0.0
2026-09-03 07:10:00+00:00,156.41299438476562,156.7729949951172,156.34300231933594,156.75599670410156,0.0
2026-09-03 07:15:00+00:00,156.7570037841797,156.76699829101562,156.60899353027344,156.67999267578125,0.0
2026-09-03 07:20:00+00:00,156.6790008544922,156.72999572753906,156.5449981689453,156.58700561523438,0.0
2026-09-03 07:25:00+00:00,156.58799743652344,156.79400634765625,156.572998046875,156.7779998779297,0.0
2026-09-03 07:30:00+00:00,156.77999877929688,156.83200073242188,156.7310028076172,156.76600646972656,0.0
2026-09-03 07:35:00+00:00,156.75900268554688,157.36099243164062,156.552001953125,157.11000061035156,0.0
2026-09-03 07:40:00+00:00,157.11000061035156,157.22300720214844,157.1020050048828,157.1179962158203,0.0
2026-09-03 07:45:00+00:00,157.12100219726562,157.2550048828125,157.03599548339844,157.20599365234375,0.0
2026-09-03 07:50:00+00:00,157.2010040283203,157.24200439453125,157.08700561523438,157.1479949951172,0.0
2026-09-03 07:55:00+00:00,157.14700317382812,157.1490020751953,157.01499938964844,157.0500030517578,0.0
2026-09-03 08:00:00+00:00,157.0399932861328,157.14500427246094,156.97500610351562,156.9759979248047,0.0
2026-09-03 08:05:00+00:00,156.98699951171875,156.99000549316406,156.802001953125,156.88600158691406,0.0
2026-09-03 08:10:00+00:00,156.8939971923828,156.98399353027344,156.86300659179688,156.98199462890625,0.0
2026-09-03 08:15:00+00:00,156.96099853515625,157.08599853515625,156.9510040283203,157.02499389648438,0.0
2026-09-03 08:20:00+00:00,157.02499389648438,157.0500030517578,156.97300720214844,157.01199340820312,0.0
2026-09-03 08:25:00+00:00,157.01199340820312,157.0240020751953,156.8699951171875,156.87899780273438,0.0
2026-09-03 08:30:00+00:00,156.8820037841797,156.98899841308594,156.8780059814453,156.95199584960938,0.0
2026-09-03 08:35:00+00:00,156.9510040283203,156.98899841308594,156.88800048828125,156.88999938964844,0.0
2026-09-03 08:40:00+00:00,156.88999938964844,156.90499877929688,156.7480010986328,156.74899291992188,0.0
2026-09-03 08:45:00+00:00,156.75,156.76400756835938,156.5989990234375,156.64500427246094,0.0
2026-09-03 08:50:00+00:00,156.64999389648438,156.6699981689453,156.52699279785156,156.5279998779297,0.0
2026-09-03 08:55:00+00:00,156.5290069580078,156.71600341796875,156.5240020751953,156.697998046875,0.0
2026-09-03 09:00:00+00:00,156.69400024414062,156.85499572753906,156.58999633789062,156.77499389648438,0.0
2026-09-03 09:05:00+00:00,156.77499389648438,156.82699584960938,156.60800170898438,156.64599609375,0.0
2026-09-03 09:10:00+00:00,156.64599609375,156.67300415039062,156.4929962158203,156.5970001220703,0.0
2026-09-03 09:15:00+00:00,156.58399963378906,156.60800170898438,156.4029998779297,156.43099975585938,0.0
2026-09-03 09:20:00+00:00,156.43099975585938,156.58799743652344,156.43099975585938,156.52000427246094,0.0
2026-09-03 09:25:00+00:00,156.5189971923828,156.59500122070312,156.49099731445312,156.49099731445312,0.0
2026-09-03 09:30:00+00:00,156.4949951171875,156.58299255371094,156.46099853515625,156.49000549316406,0.0
2026-09-03 09:35:00+00:00,156.50100708007812,156.53599548339844,156.3990020751953,156.40199279785156,0.0
2026-09-03 09:40:00+00:00,156.40499877929688,156.43800354003906,156.30599975585938,156.343994140625,0.0
2026-09-03 09:45:00+00:00,156.35699462890625,156.36300659179688,156.18800354003906,156.21499633789062,0.0
2026-09-03 09:50:00+00:00,156.21499633789062,156.375,156.20399475097656,156.34800720214844,0.0
2026-09-03 09:55:00+00:00,156.343994140625,156.43499755859375,156.3419952392578,156.40899658203125,0.0
2026-09-03 10:00:00+00:00,156.4010009765625,156.4199981689453,156.2270050048828,156.23800659179688,0.0
2026-09-03 10:05:00+00:00,156.22900390625,156.35299682617188,156.16799926757812,156.34300231933594,0.0
2026-09-03 10:10:00+00:00,156.34300231933594,156.41700744628906,156.31500244140625,156.38999938964844,0.0
2026-09-03 10:15:00+00:00,156.39199829101562,156.41400146484375,156.31500244140625,156.38999938964844,0.0
2026-09-03 10:20:00+00:00,156.38999938964844,156.47300720214844,156.3769989013672,156.4600067138672,0.0
2026-09-03 10:25:00+00:00,156.46099853515625,156.46099853515625,156.20199584960938,156.26199340820312,0.0
2026-09-03 10:30:00+00:00,156.25799560546875,156.4149932861328,156.25,156.41200256347656,0.0
2026-09-03 10:35:00+00:00,156.41000366210938,156.4770050048828,156.3280029296875,156.36099243164062,0.0
2026-09-03 10:40:00+00:00,156.36900329589844,156.4669952392578,156.3560028076172,156.4149932861328,0.0
2026-09-03 10:45:00+00:00,156.41400146484375,156.4409942626953,156.34500122070312,156.3769989013672,0.0
2026-09-03 10:50:00+00:00,156.3730010986328,156.4040069580078,156.29800415039062,156.31199645996094,0.0
2026-09-03 10:55:00+00:00,156.3090057373047,156.34300231933594,156.27099609375,156.31700134277344,0.0
2026-09-03 11:00:00+00:00,156.3179931640625,156.36500549316406,156.2449951171875,156.2760009765625,0.0
2026-09-03 11:05:00+00:00,156.2689971923828,156.3300018310547,156.0959930419922,156.13800048828125,0.0
2026-09-03 11:10:00+00:00,156.13499450683594,156.15499877929688,156.01499938964844,156.0399932861328,0.0
2026-09-03 11:15:00+00:00,156.03700256347656,156.0919952392578,155.8300018310547,155.90899658203125,0.0
2026-09-03 11:20:00+00:00,155.89999389648438,156.01199340820312,155.87600708007812,156.0,0.0
2026-09-03 11:25:00+00:00,155.99400329589844,156.10000610351562,155.97300720214844,156.08900451660156,0.0
2026-09-03 11:30:00+00:00,156.0989990234375,156.24600219726562,156.07000732421875,156.07899475097656,0.0
2026-09-03 11:35:00+00:00,156.07699584960938,156.156005859375,156.04600524902344,156.14500427246094,0.0
2026-09-03 11:40:00+00:00,156.1529998779297,156.218994140625,156.14300537109375,156.19400024414062,0.0
2026-09-03 11:45:00+00:00,156.1999969482422,156.24400329589844,156.1219940185547,156.12899780273438,0.0
2026-09-03 11:50:00+00:00,156.1219940185547,156.20799255371094,156.10699462890625,156.1320037841797,0.0
2026-09-03 11:55:00+00:00,156.13800048828125,156.14300537109375,156.0749969482422,156.08799743652344,0.0
2026-09-03 12:00:00+00:00,156.08399963378906,156.16000366210938,155.95700073242188,156.01600646972656,0.0
2026-09-03 12:05:00+00:00,156.01800537109375,156.05099487304688,155.95199584960938,155.9980010986328,0.0
2026-09-03 12:10:00+00:00,155.9980010986328,156.06300354003906,155.91400146484375,155.9320068359375,0.0
2026-09-03 12:15:00+00:00,155.93600463867188,155.96299743652344,155.802001953125,155.8280029296875,0.0
2026-09-03 12:20:00+00:00,155.81900024414062,155.8470001220703,155.697998046875,155.73500061035156,0.0
2026-09-03 12:25:00+00:00,155.73500061035156,155.86300659179688,155.72300720214844,155.73800659179688,0.0
2026-09-03 12:30:00+00:00,155.781005859375,155.781005859375,155.51199340820312,155.68099975585938,0.0
2026-09-03 12:35:00+00:00,155.69000244140625,155.8280029296875,155.54600524902344,155.55999755859375,0.0
2026-09-03 12:40:00+00:00,155.56100463867188,155.70599365234375,155.52699279785156,155.55999755859375,0.0
2026-09-03 12:45:00+00:00,155.5540008544922,155.60800170898438,155.4929962158203,155.55999755859375,0.0
2026-09-03 12:50:00+00:00,155.5679931640625,155.61900329589844,155.38600158691406,155.43499755859375,0.0
2026-09-03 12:55:00+00:00,155.43600463867188,155.5749969482422,155.4199981689453,155.5590057373047,0.0
2026-09-03 13:00:00+00:00,155.56300354003906,155.66600036621094,155.53599548339844,155.6490020751953,0.0
2026-09-03 13:05:00+00:00,155.6540069580078,155.72000122070312,155.5500030517578,155.6479949951172,0.0
2026-09-03 13:10:00+00:00,155.63999938964844,155.74200439453125,155.6320037841797,155.6490020751953,0.0
2026-09-03 13:15:00+00:00,155.65499877929688,155.66900634765625,155.50100708007812,155.61500549316406,0.0
2026-09-03 13:20:00+00:00,155.61700439453125,155.69500732421875,155.5570068359375,155.62600708007812,0.0
2026-09-03 13:25:00+00:00,155.625,155.66900634765625,155.58999633789062,155.60000610351562,0.0
2026-09-03 13:30:00+00:00,155.60499572753906,155.68600463867188,155.58799743652344,155.63499450683594,0.0
2026-09-03 13:35:00+00:00,155.63900756835938,155.6909942626953,155.58799743652344,155.61700439453125,0.0
2026-09-03 13:40:00+00:00,155.62100219726562,155.72900390625,155.61199951171875,155.61500549316406,0.0
2026-09-03 13:45:00+00:00,155.6179962158203,155.7010040283203,155.593994140625,155.6790008544922,0.0
2026-09-03 13:50:00+00:00,155.67100524902344,155.7030029296875,155.45700073242188,155.48800659179688,0.0
2026-09-03 13:55:00+00:00,155.49099731445312,155.54600524902344,155.3679962158203,155.3769989013672,0.0
2026-09-03 14:00:00+00:00,155.37899780273438,155.52499389648438,155.3769989013672,155.4969940185547,0.0
2026-09-03 14:05:00+00:00,155.49000549316406,155.55099487304688,155.40499877929688,155.50599670410156,0.0
2026-09-03 14:10:00+00:00,155.5050048828125,155.51499938964844,155.33599853515625,155.3939971923828,0.0
2026-09-03 14:15:00+00:00,155.3990020751953,155.46800231933594,155.36900329589844,155.4669952392578,0.0
2026-09-03 14:20:00+00:00,155.46099853515625,155.57400512695312,155.4219970703125,155.45399475097656,0.0
2026-09-03 14:25:00+00:00,155.4600067138672,155.55299377441406,155.4530029296875,155.52999877929688,0.0
2026-09-03 14:30:00+00:00,155.52999877929688,155.63400268554688,155.4770050048828,155.6300048828125,0.0
2026-09-03 14:35:00+00:00,155.63099670410156,155.7729949951172,155.57899475097656,155.73500061035156,0.0
2026-09-03 14:40:00+00:00,155.73599243164062,155.7830047607422,155.69000244140625,155.71400451660156,0.0
2026-09-03 14:45:00+00:00,155.71400451660156,155.72300720214844,155.5679931640625,155.5760040283203,0.0
2026-09-03 14:50:00+00:00,155.57699584960938,155.58900451660156,155.47300720214844,155.49400329589844,0.0
2026-09-03 14:55:00+00:00,155.4980010986328,155.5760040283203,155.38600158691406,155.41600036621094,0.0
2026-09-03 15:00:00+00:00,155.4199981689453,155.47300720214844,155.343994140625,155.447998046875,0.0
2026-09-03 15:05:00+00:00,155.4409942626953,155.58900451660156,155.4409942626953,155.5659942626953,0.0
2026-09-03 15:10:00+00:00,155.55999755859375,155.65899658203125,155.53199768066406,155.61199951171875,0.0
2026-09-03 15:15:00+00:00,155.6060028076172,155.67100524902344,155.55799865722656,155.6199951171875,0.0
2026-09-03 15:20:00+00:00,155.61300659179688,155.75100708007812,155.5469970703125,155.61500549316406,0.0
2026-09-03 15:25:00+00:00,155.62399291992188,155.66700744628906,155.56300354003906,155.57899475097656,0.0
2026-09-03 15:30:00+00:00,155.57899475097656,155.58900451660156,155.4409942626953,155.4550018310547,0.0
2026-09-03 15:35:00+00:00,155.46099853515625,155.56399536132812,155.4530029296875,155.52099609375,0.0
2026-09-03 15:40:00+00:00,155.51300048828125,155.54600524902344,155.4199981689453,155.4239959716797,0.0
2026-09-03 15:45:00+00:00,155.4239959716797,155.49099731445312,155.406005859375,155.46499633789062,0.0
2026-09-03 15:50:00+00:00,155.46400451660156,155.51699829101562,155.4320068359375,155.4709930419922,0.0
2026-09-03 15:55:00+00:00,155.468994140625,155.4739990234375,155.36500549316406,155.38800048828125,0.0
2026-09-03 16:00:00+00:00,155.38400268554688,155.4409942626953,155.33999633789062,155.38699340820312,0.0
2026-09-03 16:05:00+00:00,155.38800048828125,155.4409942626953,155.3730010986328,155.3990020751953,0.0
2026-09-03 16:10:00+00:00,155.39700317382812,155.42599487304688,155.32400512695312,155.33700561523438,0.0
2026-09-03 16:15:00+00:00,155.33200073242188,155.3990020751953,155.32699584960938,155.36300659179688,0.0
2026-09-03 16:20:00+00:00,155.36099243164062,155.3990020751953,155.3280029296875,155.3280029296875,0.0
2026-09-03 16:25:00+00:00,155.3280029296875,155.4149932861328,155.3249969482422,155.39999389648438,0.0
2026-09-03 16:30:00+00:00,155.3990020751953,155.3990020751953,155.32200622558594,155.33799743652344,0.0
2026-09-03 16:35:00+00:00,155.33799743652344,155.38499450683594,155.32000732421875,155.3509979248047,0.0
2026-09-03 16:40:00+00:00,155.35299682617188,155.36900329589844,155.302001953125,155.32699584960938,0.0
2026-09-03 16:45:00+00:00,155.322998046875,155.33599853515625,155.3040008544922,155.31399536132812,0.0
2026-09-03 16:50:00+00:00,155.3159942626953,155.36700439453125,155.29400634765625,155.3560028076172,0.0
2026-09-03 16:55:00+00:00,155.35299682617188,155.36199951171875,155.30499267578125,155.3509979248047,0.0
2026-09-03 17:00:00+00:00,155.3509979248047,155.45899963378906,155.3459930419922,155.4499969482422,0.0
2026-09-03 17:05:00+00:00,155.4530029296875,155.4759979248047,155.38600158691406,155.46299743652344,0.0
2026-09-03 17:10:00+00:00,155.46299743652344,155.49099731445312,155.42300415039062,155.42999267578125,0.0
2026-09-03 17:15:00+00:00,155.4239959716797,155.43600463867188,155.38400268554688,155.4219970703125,0.0
2026-09-03 17:20:00+00:00,155.41600036621094,155.4510040283203,155.39700317382812,155.43499755859375,0.0
2026-09-03 17:25:00+00:00,155.43299865722656,155.4810028076172,155.3979949951172,155.39999389648438,0.0
2026-09-03 17:30:00+00:00,155.39999389648438,155.4219970703125,155.3780059814453,155.41299438476562,0.0
2026-09-03 17:35:00+00:00,155.41299438476562,155.45399475097656,155.40199279785156,155.41299438476562,0.0
2026-09-03 17:40:00+00:00,155.41400146484375,155.43299865722656,155.406005859375,155.4149932861328,0.0
2026-09-03 17:45:00+00:00,155.41000366210938,155.4199981689453,155.39300537109375,155.40899658203125,0.0
2026-09-03 17:50:00+00:00,155.40899658203125,155.4499969482422,155.40899658203125,155.427001953125,0.0
2026-09-03 17:55:00+00:00,155.42799377441406,155.47000122070312,155.4250030517578,155.46299743652344,0.0
2026-09-03 18:00:00+00:00,155.46499633789062,155.468994140625,155.39999389648438,155.41000366210938,0.0
2026-09-03 18:05:00+00:00,155.4149932861328,155.44000244140625,155.39999389648438,155.41299438476562,0.0
2026-09-03 18:10:00+00:00,155.4029998779297,155.4320068359375,155.38400268554688,155.4290008544922,0.0
2026-09-03 18:15:00+00:00,155.42999267578125,155.43600463867188,155.3990020751953,155.4199981689453,0.0
2026-09-03 18:20:00+00:00,155.4239959716797,155.46800231933594,155.41099548339844,155.45899963378906,0.0
2026-09-03 18:25:00+00:00,155.4530029296875,155.48699951171875,155.41299438476562,155.43899536132812,0.0
2026-09-03 18:30:00+00:00,155.43600463867188,155.54100036621094,155.43099975585938,155.5229949951172,0.0
2026-09-03 18:35:00+00:00,155.52099609375,155.552001953125,155.4969940185547,155.51600646972656,0.0
2026-09-03 18:40:00+00:00,155.50999450683594,155.54600524902344,155.5030059814453,155.53399658203125,0.0
2026-09-03 18:45:00+00:00,155.53599548339844,155.5760040283203,155.4980010986328,155.5659942626953,0.0
2026-09-03 18:50:00+00:00,155.5659942626953,155.58099365234375,155.50999450683594,155.5399932861328,0.0
2026-09-03 18:55:00+00:00,155.53599548339844,155.5469970703125,155.48599243164062,155.4949951171875,0.0
2026-09-03 19:00:00+00:00,155.48899841308594,155.5919952392578,155.4759979248047,155.5679931640625,0.0
2026-09-03 19:05:00+00:00,155.57200622558594,155.61500549316406,155.56500244140625,155.60400390625,0.0
2026-09-03 19:10:00+00:00,155.61000061035156,155.71200561523438,155.59800720214844,155.6999969482422,0.0
2026-09-03 19:15:00+00:00,155.697998046875,155.73699951171875,155.677001953125,155.68699645996094,0.0
2026-09-03 19:20:00+00:00,155.68800354003906,155.72500610351562,155.68699645996094,155.71200561523438,0.0
2026-09-03 19:25:00+00:00,155.71299743652344,155.7830047607422,155.7030029296875,155.76300048828125,0.0
2026-09-03 19:30:00+00:00,155.76400756835938,155.8209991455078,155.7259979248047,155.8159942626953,0.0
2026-09-03 19:35:00+00:00,155.81700134277344,155.8509979248047,155.7740020751953,155.78199768066406,0.0
2026-09-03 19:40:00+00:00,155.7740020751953,155.79100036621094,155.72500610351562,155.76199340820312,0.0
2026-09-03 19:45:00+00:00,155.76300048828125,155.7729949951172,155.72799682617188,155.73399353027344,0.0
2026-09-03 19:50:00+00:00,155.73500061035156,155.74400329589844,155.7050018310547,155.73500061035156,0.0
2026-09-03 19:55:00+00:00,155.73500061035156,155.74899291992188,155.68899536132812,155.74899291992188,0.0
2026-09-03 20:00:00+00:00,155.74899291992188,155.78399658203125,155.73500061035156,155.7480010986328,0.0
2026-09-03 20:05:00+00:00,155.74899291992188,155.77099609375,155.7220001220703,155.73599243164062,0.0
2026-09-03 20:10:00+00:00,155.73599243164062,155.781005859375,155.7310028076172,155.7790069580078,0.0
2026-09-03 20:15:00+00:00,155.77200317382812,155.79600524902344,155.76699829101562,155.77699279785156,0.0
2026-09-03 20:20:00+00:00,155.77200317382812,155.77999877929688,155.74600219726562,155.7530059814453,0.0
2026-09-03 20:25:00+00:00,155.7530059814453,155.76600646972656,155.7429962158203,155.7550048828125,0.0
2026-09-03 20:30:00+00:00,155.75999450683594,155.7740020751953,155.75,155.75900268554688,0.0
2026-09-03 20:35:00+00:00,155.75900268554688,155.7830047607422,155.7550048828125,155.7740020751953,0.0
2026-09-03 20:40:00+00:00,155.7740020751953,155.80299377441406,155.76600646972656,155.79800415039062,0.0
2026-09-03 20:45:00+00:00,155.7969970703125,155.80299377441406,155.7760009765625,155.78599548339844,0.0
2026-09-03 20:50:00+00:00,155.78599548339844,155.79400634765625,155.7729949951172,155.7899932861328,0.0
2026-09-03 20:55:00+00:00,155.7779998779297,155.81500244140625,155.77099609375,155.80499267578125,0.0
2026-09-03 21:00:00+00:00,155.7790069580078,155.80799865722656,155.7689971923828,155.7949981689453,0.0
2026-09-03 21:05:00+00:00,155.79600524902344,155.8040008544922,155.78500366210938,155.7949981689453,0.0
2026-09-03 21:10:00+00:00,155.7760009765625,155.83200073242188,155.77499389648438,155.8249969482422,0.0
2026-09-03 21:15:00+00:00,155.8260040283203,155.83200073242188,155.80499267578125,155.8070068359375,0.0
2026-09-03 21:20:00+00:00,155.82200622558594,155.8280029296875,155.80099487304688,155.82000732421875,0.0
2026-09-03 21:25:00+00:00,155.82000732421875,155.88999938964844,155.80999755859375,155.88400268554688,0.0
2026-09-03 21:30:00+00:00,155.88099670410156,155.88800048828125,155.79400634765625,155.83299255371094,0.0
2026-09-03 21:35:00+00:00,155.81399536132812,155.8820037841797,155.79400634765625,155.84100341796875,0.0
2026-09-03 21:40:00+00:00,155.83299255371094,155.85299682617188,155.81300354003906,155.85299682617188,0.0
2026-09-03 21:45:00+00:00,155.8520050048828,155.85899353027344,155.81700134277344,155.8350067138672,0.0
2026-09-03 21:50:00+00:00,155.8179931640625,155.8470001220703,155.8179931640625,155.843994140625,0.0
2026-09-03 21:55:00+00:00,155.843994140625,155.85499572753906,155.8090057373047,155.84800720214844,0.0
2026-09-03 22:00:00+00:00,155.84800720214844,155.86900329589844,155.7740020751953,155.85000610351562,0.0
2026-09-03 22:05:00+00:00,155.83200073242188,155.87100219726562,155.83200073242188,155.86700439453125,0.0
2026-09-03 22:10:00+00:00,155.85000610351562,155.86000061035156,155.81900024414062,155.81900024414062,0.0
2026-09-03 22:15:00+00:00,155.8179931640625,155.8560028076172,155.8179931640625,155.8560028076172,0.0
2026-09-03 22:20:00+00:00,155.84100341796875,155.875,155.84100341796875,155.85400390625,0.0
2026-09-03 22:25:00+00:00,155.85400390625,155.88099670410156,155.85400390625,155.85699462890625,0.0
2026-09-03 22:30:00+00:00,155.8560028076172,155.91099548339844,155.85400390625,155.89999389648438,0.0
2026-09-03 22:35:00+00:00,155.8979949951172,155.96600341796875,155.88999938964844,155.91400146484375,0.0
2026-09-03 22:40:00+00:00,155.9250030517578,155.95199584960938,155.91400146484375,155.92799377441406,0.0
2026-09-03 22:45:00+00:00,155.927001953125,156.0050048828125,155.9199981689453,155.97999572753906,0.0
2026-09-03 22:50:00+00:00,155.97900390625,156.1230010986328,155.9759979248047,156.09500122070312,0.0
2026-09-03 22:55:00+00:00,156.0959930419922,156.1230010986328,156.05999755859375,156.12100219726562,0.0
2026-09-03 23:00:00+00:00,156.10800170898438,156.16700744628906,156.08599853515625,156.13600158691406,0.0
2026-09-03 23:05:00+00:00,156.12600708007812,156.13600158691406,156.01600646972656,156.0399932861328,0.0
2026-09-03 23:10:00+00:00,156.03900146484375,156.11300659179688,156.0290069580078,156.06900024414062,0.0
2026-09-03 23:15:00+00:00,156.0570068359375,156.08799743652344,156.01499938964844,156.03900146484375,0.0
2026-09-03 23:20:00+00:00,156.03500366210938,156.0449981689453,155.96800231933594,155.99600219726562,0.0
2026-09-03 23:25:00+00:00,156.0030059814453,156.0330047607422,155.96099853515625,155.96400451660156,0.0
2026-09-03 23:30:00+00:00,155.96200561523438,155.97500610351562,155.7570037841797,155.88699340820312,0.0
2026-09-03 23:35:00+00:00,155.88400268554688,155.88999938964844,155.79200744628906,155.84100341796875,0.0
2026-09-03 23:40:00+00:00,155.83299255371094,155.89300537109375,155.77000427246094,155.84800720214844,0.0
2026-09-03 23:45:00+00:00,155.84500122070312,155.85299682617188,155.69700622558594,155.71400451660156,0.0
2026-09-03 23:50:00+00:00,155.71299743652344,155.75999450683594,155.64500427246094,155.64999389648438,0.0
2026-09-03 23:55:00+00:00,155.64999389648438,155.69700622558594,155.6199951171875,155.63400268554688,0.0
2026-09-04 00:00:00+00:00,155.63400268554688,155.67799377441406,155.4149932861328,155.4499969482422,0.0
2026-09-04 00:05:00+00:00,155.42999267578125,155.4980010986328,155.28199768066406,155.48800659179688,0.0
2026-09-04 00:10:00+00:00,155.47500610351562,155.6269989013672,155.41700744628906,155.56500244140625,0.0
2026-09-04 00:15:00+00:00,155.56500244140625,155.77999877929688,155.56399536132812,155.75999450683594,0.0
2026-09-04 00:20:00+00:00,155.7519989013672,155.78599548339844,155.6649932861328,155.76400756835938,0.0
2026-09-04 00:25:00+00:00,155.76100158691406,155.85299682617188,155.71499633789062,155.85299682617188,0.0
2026-09-04 00:30:00+00:00,155.84300231933594,155.94700622558594,155.83299255371094,155.91299438476562,0.0
2026-09-04 00:35:00+00:00,155.92100524902344,155.95599365234375,155.8470001220703,155.89999389648438,0.0
2026-09-04 00:40:00+00:00,155.8979949951172,155.91700744628906,155.66900634765625,155.75799560546875,0.0
2026-09-04 00:45:00+00:00,155.76699829101562,155.77000427246094,155.6280059814453,155.71600341796875,0.0
2026-09-04 00:50:00+00:00,155.72000122070312,155.73500061035156,155.6300048828125,155.63400268554688,0.0
2026-09-04 00:55:00+00:00,155.63299560546875,155.7729949951172,155.52999877929688,155.76300048828125,0.0
2026-09-04 01:00:00+00:00,155.76100158691406,155.80799865722656,155.66799926757812,155.7790069580078,0.0
2026-09-04 01:05:00+00:00,155.76699829101562,155.86599731445312,155.7270050048828,155.78199768066406,0.0
2026-09-04 01:10:00+00:00,155.78900146484375,155.90699768066406,155.71499633789062,155.89100646972656,0.0
2026-09-04 01:15:00+00:00,155.90199279785156,155.96499633789062,155.84500122070312,155.9290008544922,0.0
2026-09-04 01:20:00+00:00,155.93299865722656,155.9669952392578,155.8179931640625,155.95199584960938,0.0
2026-09-04 01:25:00+00:00,155.95199584960938,156.0399932861328,155.9040069580078,155.9040069580078,0.0
2026-09-04 01:30:00+00:00,155.9040069580078,156.03599548339844,155.87100219726562,155.99600219726562,0.0
2026-09-04 01:35:00+00:00,155.99000549316406,156.05099487304688,155.94500732421875,156.0469970703125,0.0
2026-09-04 01:40:00+00:00,156.04200744628906,156.07699584960938,156.0,156.03399658203125,0.0
2026-09-04 01:45:00+00:00,156.0279998779297,156.04800415039062,155.94400024414062,155.95599365234375,0.0
2026-09-04 01:50:00+00:00,155.96200561523438,156.02099609375,155.92100524902344,155.93099975585938,0.0
2026-09-04 01:55:00+00:00,155.93499755859375,155.95399475097656,155.8470001220703,155.84800720214844,0.0
2026-09-04 02:00:00+00:00,155.84800720214844,155.86500549316406,155.7689971923828,155.7830047607422,0.0
2026-09-04 02:05:00+00:00,155.7830047607422,155.8800048828125,155.77200317382812,155.8769989013672,0.0
2026-09-04 02:10:00+00:00,155.87100219726562,155.93600463867188,155.8470001220703,155.9080047607422,0.0
2026-09-04 02:15:00+00:00,155.906005859375,155.95199584960938,155.86599731445312,155.9409942626953,0.0
2026-09-04 02:20:00+00:00,155.93600463867188,156.01800537109375,155.9219970703125,155.9929962158203,0.0
2026-09-04 02:25:00+00:00,155.9929962158203,156.05099487304688,155.97000122070312,155.98699951171875,0.0
2026-09-04 02:30:00+00:00,155.99000549316406,156.04200744628906,155.97000122070312,156.03599548339844,0.0
2026-09-04 02:35:00+00:00,156.04200744628906,156.05799865722656,155.93800354003906,155.97799682617188,0.0
2026-09-04 02:40:00+00:00,155.9720001220703,156.0030059814453,155.91700744628906,155.98500061035156,0.0
2026-09-04 02:45:00+00:00,155.97900390625,155.9929962158203,155.94200134277344,155.96400451660156,0.0
2026-09-04 02:50:00+00:00,155.96299743652344,156.03199768066406,155.95199584960938,156.01400756835938,0.0
2026-09-04 02:55:00+00:00,156.0050048828125,156.09500122070312,155.99400329589844,156.06100463867188,0.0
2026-09-04 03:00:00+00:00,156.06500244140625,156.11599731445312,156.0500030517578,156.07200622558594,0.0
2026-09-04 03:05:00+00:00,156.07200622558594,156.11399841308594,156.0330047607422,156.08599853515625,0.0
2026-09-04 03:10:00+00:00,156.08599853515625,156.11300659179688,156.0449981689453,156.0489959716797,0.0
2026-09-04 03:15:00+00:00,156.0489959716797,156.0919952392578,156.03900146484375,156.09100341796875,0.0
2026-09-04 03:20:00+00:00,156.08700561523438,156.0919952392578,156.0279998779297,156.0500030517578,0.0
2026-09-04 03:25:00+00:00,156.052001953125,156.1060028076172,156.0489959716797,156.0919952392578,0.0
2026-09-04 03:30:00+00:00,156.0919952392578,156.1510009765625,156.09100341796875,156.12600708007812,0.0
2026-09-04 03:35:00+00:00,156.1269989013672,156.30499267578125,156.11399841308594,156.28900146484375,0.0
2026-09-04 03:40:00+00:00,156.28799438476562,156.39500427246094,156.25599670410156,156.38400268554688,0.0
2026-09-04 03:45:00+00:00,156.38400268554688,156.4409942626953,156.35000610351562,156.3730010986328,0.0
2026-09-04 03:50:00+00:00,156.36900329589844,156.38299560546875,156.31500244140625,156.36199951171875,0.0
2026-09-04 03:55:00+00:00,156.3679962158203,156.39300537109375,156.31900024414062,156.36500549316406,0.0
2026-09-04 04:00:00+00:00,156.35800170898438,156.3679962158203,156.26800537109375,156.29299926757812,0.0
2026-09-04 04:05:00+00:00,156.29299926757812,156.35299682617188,156.27000427246094,156.34300231933594,0.0
2026-09-04 04:10:00+00:00,156.3459930419922,156.36900329589844,156.31500244140625,156.35499572753906,0.0
2026-09-04 04:15:00+00:00,156.36099243164062,156.39599609375,156.35499572753906,156.375,0.0
2026-09-04 04:20:00+00:00,156.36900329589844,156.43899536132812,156.34500122070312,156.42999267578125,0.0
2026-09-04 04:25:00+00:00,156.4320068359375,156.447998046875,156.34800720214844,156.36300659179688,0.0
2026-09-04 04:30:00+00:00,156.36199951171875,156.375,156.29100036621094,156.3679962158203,0.0
2026-09-04 04:35:00+00:00,156.3679962158203,156.38699340820312,156.2760009765625,156.2830047607422,0.0
2026-09-04 04:40:00+00:00,156.2790069580078,156.28700256347656,156.2480010986328,156.26300048828125,0.0
2026-09-04 04:45:00+00:00,156.26600646972656,156.3090057373047,156.25900268554688,156.29400634765625,0.0
2026-09-04 04:50:00+00:00,156.28599548339844,156.33299255371094,156.25999450683594,156.302001953125,0.0
2026-09-04 04:55:00+00:00,156.29800415039062,156.36000061035156,156.29100036621094,156.32000732421875,0.0
2026-09-04 05:00:00+00:00,156.31700134277344,156.406005859375,156.3090057373047,156.39199829101562,0.0
2026-09-04 05:05:00+00:00,156.39199829101562,156.41799926757812,156.34500122070312,156.3520050048828,0.0
2026-09-04 05:10:00+00:00,156.34500122070312,156.3560028076172,156.25599670410156,156.26600646972656,0.0
2026-09-04 05:15:00+00:00,156.25900268554688,156.3159942626953,156.22999572753906,156.31399536132812,0.0
2026-09-04 05:20:00+00:00,156.30999755859375,156.3509979248047,156.2899932861328,156.33999633789062,0.0
2026-09-04 05:25:00+00:00,156.33999633789062,156.36599731445312,156.281005859375,156.29800415039062,0.0
2026-09-04 05:30:00+00:00,156.2949981689453,156.3280029296875,156.27200317382812,156.29600524902344,0.0
2026-09-04 05:35:00+00:00,156.29400634765625,156.33099365234375,156.28399658203125,156.322998046875,0.0
2026-09-04 05:40:00+00:00,156.33099365234375,156.34800720214844,156.3070068359375,156.33799743652344,0.0
2026-09-04 05:45:00+00:00,156.33799743652344,156.38400268554688,156.33599853515625,156.36500549316406,0.0
2026-09-04 05:50:00+00:00,156.37100219726562,156.41700744628906,156.2969970703125,156.3459930419922,0.0
2026-09-04 05:55:00+00:00,156.3470001220703,156.3560028076172,156.31199645996094,156.3280029296875,0.0
2026-09-04 06:00:00+00:00,156.3280029296875,156.44200134277344,156.29299926757812,156.43499755859375,0.0
2026-09-04 06:05:00+00:00,156.43099975585938,156.44700622558594,156.24000549316406,156.28500366210938,0.0
2026-09-04 06:10:00+00:00,156.28599548339844,156.36099243164062,156.1840057373047,156.22799682617188,0.0
2026-09-04 06:15:00+00:00,156.21800231933594,156.33799743652344,156.21800231933594,156.2899932861328,0.0
2026-09-04 06:20:00+00:00,156.29400634765625,156.2989959716797,156.22500610351562,156.22999572753906,0.0
2026-09-04 06:25:00+00:00,156.23800659179688,156.26600646972656,156.16700744628906,156.1750030517578,0.0
2026-09-04 06:30:00+00:00,156.1820068359375,156.2429962158203,156.1009979248047,156.10499572753906,0.0
2026-09-04 06:35:00+00:00,156.10499572753906,156.21200561523438,156.10499572753906,156.17100524902344,0.0
2026-09-04 06:40:00+00:00,156.16799926757812,156.18499755859375,156.08799743652344,156.1280059814453,0.0
2026-09-04 06:45:00+00:00,156.1320037841797,156.1580047607422,156.0749969482422,156.11000061035156,0.0
2026-09-04 06:50:00+00:00,156.11599731445312,156.17599487304688,156.10400390625,156.16700744628906,0.0
2026-09-04 06:55:00+00:00,156.1719970703125,156.28700256347656,156.16200256347656,156.2760009765625,0.0
2026-09-04 07:00:00+00:00,156.27000427246094,156.39300537109375,156.2449951171875,156.34100341796875,0.0
2026-09-04 07:05:00+00:00,156.34300231933594,156.37399291992188,156.30599975585938,156.35699462890625,0.0
2026-09-04 07:10:00+00:00,156.35699462890625,156.38699340820312,156.3179931640625,156.3769989013672,0.0
2026-09-04 07:15:00+00:00,156.3699951171875,156.41200256347656,156.34100341796875,156.36199951171875,0.0
2026-09-04 07:20:00+00:00,156.35499572753906,156.36300659179688,156.27000427246094,156.28599548339844,0.0
2026-09-04 07:25:00+00:00,156.28799438476562,156.35000610351562,156.26800537109375,156.2729949951172,0.0
2026-09-04 07:30:00+00:00,156.2729949951172,156.3260040283203,156.25399780273438,156.2830047607422,0.0
2026-09-04 07:35:00+00:00,156.2729949951172,156.34500122070312,156.2729949951172,156.3179931640625,0.0
2026-09-04 07:40:00+00:00,156.3179931640625,156.33799743652344,156.23500061035156,156.25999450683594,0.0
2026-09-04 07:45:00+00:00,156.2570037841797,156.27099609375,156.20799255371094,156.2310028076172,0.0
2026-09-04 07:50:00+00:00,156.23500061035156,156.3260040283203,156.22900390625,156.32000732421875,0.0
2026-09-04 07:55:00+00:00,156.3159942626953,156.3459930419922,156.2969970703125,156.2969970703125,0.0
2026-09-04 08:00:00+00:00,156.30299377441406,156.38299560546875,156.29200744628906,156.30999755859375,0.0
2026-09-04 08:05:00+00:00,156.3090057373047,156.4029998779297,156.3090057373047,156.3719940185547,0.0
2026-09-04 08:10:00+00:00,156.3719940185547,156.40199279785156,156.3560028076172,156.36399841308594,0.0
2026-09-04 08:15:00+00:00,156.36900329589844,156.39199829101562,156.31300354003906,156.33200073242188,0.0
2026-09-04 08:20:00+00:00,156.33200073242188,156.36599731445312,156.3040008544922,156.3520050048828,0.0
2026-09-04 08:25:00+00:00,156.3520050048828,156.38600158691406,156.31300354003906,156.31500244140625,0.0
2026-09-04 08:30:00+00:00,156.32000732421875,156.37899780273438,156.28399658203125,156.30299377441406,0.0
2026-09-04 08:35:00+00:00,156.3040008544922,156.3470001220703,156.28500366210938,156.33099365234375,0.0
2026-09-04 08:40:00+00:00,156.33700561523438,156.38699340820312,156.31500244140625,156.35000610351562,0.0
2026-09-04 08:45:00+00:00,156.3470001220703,156.3679962158203,156.31900024414062,156.36199951171875,0.0
2026-09-04 08:50:00+00:00,156.36300659179688,156.43699645996094,156.3560028076172,156.38800048828125,0.0
2026-09-04 08:55:00+00:00,156.39500427246094,156.43600463867188,156.35800170898438,156.41000366210938,0.0
2026-09-04 09:00:00+00:00,156.4080047607422,156.44000244140625,156.3459930419922,156.35400390625,0.0
2026-09-04 09:05:00+00:00,156.35499572753906,156.4080047607422,156.3489990234375,156.36500549316406,0.0
2026-09-04 09:10:00+00:00,156.35899353027344,156.37899780273438,156.3350067138672,156.35299682617188,0.0
2026-09-04 09:15:00+00:00,156.3520050048828,156.36900329589844,156.3000030517578,156.322998046875,0.0
2026-09-04 09:20:00+00:00,156.322998046875,156.36000061035156,156.31100463867188,156.3489990234375,0.0
2026-09-04 09:25:00+00:00,156.3520050048828,156.39300537109375,156.31100463867188,156.3719940185547,0.0
2026-09-04 09:30:00+00:00,156.3679962158203,156.52999877929688,156.3679962158203,156.48399353027344,0.0
2026-09-04 09:35:00+00:00,156.48399353027344,156.55099487304688,156.4759979248047,156.53799438476562,0.0
2026-09-04 09:40:00+00:00,156.53500366210938,156.58099365234375,156.49600219726562,156.5399932861328,0.0
2026-09-04 09:45:00+00:00,156.53599548339844,156.54100036621094,156.49600219726562,156.5240020751953,0.0
2026-09-04 09:50:00+00:00,156.5279998779297,156.5399932861328,156.47999572753906,156.48800659179688,0.0
2026-09-04 09:55:00+00:00,156.48399353027344,156.5,156.44000244140625,156.47900390625,0.0
2026-09-04 10:00:00+00:00,156.4720001220703,156.48300170898438,156.42100524902344,156.427001953125,0.0
2026-09-04 10:05:00+00:00,156.427001953125,156.45599365234375,156.4029998779297,156.41799926757812,0.0
2026-09-04 10:10:00+00:00,156.41600036621094,156.43600463867188,156.37899780273438,156.3800048828125,0.0
2026-09-04 10:15:00+00:00,156.3800048828125,156.38999938964844,156.35699462890625,156.37600708007812,0.0
2026-09-04 10:20:00+00:00,156.37600708007812,156.406005859375,156.37399291992188,156.38999938964844,0.0
2026-09-04 10:25:00+00:00,156.38400268554688,156.38999938964844,156.2949981689453,156.33200073242188,0.0
2026-09-04 10:30:00+00:00,156.33099365234375,156.3489990234375,156.27999877929688,156.33599853515625,0.0
2026-09-04 10:35:00+00:00,156.33999633789062,156.39500427246094,156.31500244140625,156.3509979248047,0.0
2026-09-04 10:40:00+00:00,156.3509979248047,156.38600158691406,156.343994140625,156.3470001220703,0.0
2026-09-04 10:45:00+00:00,156.3520050048828,156.35899353027344,156.28700256347656,156.29800415039062,0.0
2026-09-04 10:50:00+00:00,156.29800415039062,156.3179931640625,156.27499389648438,156.3000030517578,0.0
2026-09-04 10:55:00+00:00,156.2989959716797,156.33299255371094,156.29299926757812,156.322998046875,0.0
2026-09-04 11:00:00+00:00,156.32000732421875,156.33900451660156,156.29200744628906,156.2989959716797,0.0
2026-09-04 11:05:00+00:00,156.2949981689453,156.36700439453125,156.29400634765625,156.3350067138672,0.0
2026-09-04 11:10:00+00:00,156.3350067138672,156.35299682617188,156.2550048828125,156.27499389648438,0.0
2026-09-04 11:15:00+00:00,156.2790069580078,156.3260040283203,156.2740020751953,156.2969970703125,0.0
2026-09-04 11:20:00+00:00,156.2969970703125,156.30499267578125,156.25399780273438,156.2729949951172,0.0
2026-09-04 11:25:00+00:00,156.2729949951172,156.3040008544922,156.26699829101562,156.28700256347656,0.0
2026-09-04 11:30:00+00:00,156.28700256347656,156.302001953125,156.26600646972656,156.27200317382812,0.0
2026-09-04 11:35:00+00:00,156.27099609375,156.3090057373047,156.26699829101562,156.29100036621094,0.0
2026-09-04 11:40:00+00:00,156.29100036621094,156.31300354003906,156.2469940185547,156.2469940185547,0.0
2026-09-04 11:45:00+00:00,156.2469940185547,156.26199340820312,156.17100524902344,156.1929931640625,0.0
2026-09-04 11:50:00+00:00,156.18699645996094,156.22000122070312,156.1699981689453,156.19400024414062,0.0
2026-09-04 11:55:00+00:00,156.19500732421875,156.2689971923828,156.19200134277344,156.25900268554688,0.0
2026-09-04 12:00:00+00:00,156.26199340820312,156.2740020751953,156.1909942626953,156.21800231933594,0.0
2026-09-04 12:05:00+00:00,156.2100067138672,156.26100158691406,156.1909942626953,156.2429962158203,0.0
2026-09-04 12:10:00+00:00,156.24400329589844,156.24899291992188,156.1909942626953,156.20599365234375,0.0
2026-09-04 12:15:00+00:00,156.20599365234375,156.22799682617188,156.1540069580078,156.16900634765625,0.0
2026-09-04 12:20:00+00:00,156.16200256347656,156.18800354003906,156.1269989013672,156.1649932861328,0.0
2026-09-04 12:25:00+00:00,156.17799377441406,156.18299865722656,155.9600067138672,156.00799560546875,0.0
2026-09-04 12:30:00+00:00,156.01100158691406,156.7519989013672,155.9810028076172,156.48199462890625,0.0
2026-09-04 12:35:00+00:00,156.48800659179688,156.53700256347656,156.14599609375,156.27000427246094,0.0
2026-09-04 12:40:00+00:00,156.27499389648438,156.4239959716797,156.26800537109375,156.30999755859375,0.0
2026-09-04 12:45:00+00:00,156.30799865722656,156.4550018310547,155.802001953125,155.8280029296875,0.0
2026-09-04 12:50:00+00:00,155.83099365234375,155.86300659179688,155.3419952392578,155.58099365234375,0.0
2026-09-04 12:55:00+00:00,155.58599853515625,155.93499755859375,155.56300354003906,155.68499755859375,0.0
2026-09-04 13:00:00+00:00,155.6840057373047,155.98199462890625,155.67100524902344,155.9739990234375,0.0
2026-09-04 13:05:00+00:00,155.97300720214844,156.13299560546875,155.9250030517578,156.11199951171875,0.0
2026-09-04 13:10:00+00:00,156.10400390625,156.14500427246094,155.9550018310547,156.0679931640625,0.0
2026-09-04 13:15:00+00:00,156.06399536132812,156.07699584960938,155.8679962158203,155.9010009765625,0.0
2026-09-04 13:20:00+00:00,155.89300537109375,155.91900634765625,155.6750030517578,155.69700622558594,0.0
2026-09-04 13:25:00+00:00,155.70199584960938,155.76199340820312,155.593994140625,155.6060028076172,0.0
2026-09-04 13:30:00+00:00,155.61199951171875,155.77000427246094,155.47799682617188,155.7270050048828,0.0
2026-09-04 13:35:00+00:00,155.73399353027344,155.83900451660156,155.6959991455078,155.79100036621094,0.0
2026-09-04 13:40:00+00:00,155.7830047607422,155.79200744628906,155.55499267578125,155.7209930419922,0.0
2026-09-04 13:45:00+00:00,155.72000122070312,155.72999572753906,155.6060028076172,155.70799255371094,0.0
2026-09-04 13:50:00+00:00,155.6999969482422,155.82000732421875,155.66000366210938,155.74600219726562,0.0
2026-09-04 13:55:00+00:00,155.76400756835938,155.90199279785156,155.74600219726562,155.84100341796875,0.0
2026-09-04 14:00:00+00:00,155.83900451660156,156.03399658203125,155.8280029296875,156.01800537109375,0.0
2026-09-04 14:05:00+00:00,156.02200317382812,156.072998046875,155.93600463867188,156.06199645996094,0.0
2026-09-04 14:10:00+00:00,156.06700134277344,156.14999389648438,156.05999755859375,156.0800018310547,0.0
2026-09-04 14:15:00+00:00,156.07699584960938,156.1479949951172,156.0260009765625,156.0679931640625,0.0
2026-09-04 14:20:00+00:00,156.06399536132812,156.1009979248047,156.03399658203125,156.0679931640625,0.0
2026-09-04 14:25:00+00:00,156.06900024414062,156.06900024414062,155.98300170898438,156.03700256347656,0.0
2026-09-04 14:30:00+00:00,156.03700256347656,156.05499267578125,155.906005859375,155.9250030517578,0.0
2026-09-04 14:35:00+00:00,155.9219970703125,155.93899536132812,155.85400390625,155.8780059814453,0.0
2026-09-04 14:40:00+00:00,155.88699340820312,156.0019989013672,155.8780059814453,155.98699951171875,0.0
2026-09-04 14:45:00+00:00,155.98199462890625,156.093994140625,155.96400451660156,156.07899475097656,0.0
2026-09-04 14:50:00+00:00,156.0749969482422,156.1959991455078,156.06399536132812,156.13400268554688,0.0
2026-09-04 14:55:00+00:00,156.13400268554688,156.17300415039062,156.08599853515625,156.11900329589844,0.0
2026-09-04 15:00:00+00:00,156.1179962158203,156.17100524902344,156.0189971923828,156.0399932861328,0.0
2026-09-04 15:05:00+00:00,156.0489959716797,156.0970001220703,156.01800537109375,156.0780029296875,0.0
2026-09-04 15:10:00+00:00,156.08200073242188,156.08900451660156,155.9510040283203,155.95399475097656,0.0
2026-09-04 15:15:00+00:00,155.9550018310547,156.00100708007812,155.9459991455078,155.9459991455078,0.0
2026-09-04 15:20:00+00:00,155.9459991455078,156.04800415039062,155.92599487304688,156.0240020751953,0.0
2026-09-04 15:25:00+00:00,156.031005859375,156.06199645996094,156.0019989013672,156.0489959716797,0.0
2026-09-04 15:30:00+00:00,156.05499267578125,156.0919952392578,155.99600219726562,156.0709991455078,0.0
2026-09-04 15:35:00+00:00,156.07000732421875,156.1009979248047,156.0399932861328,156.0780029296875,0.0
2026-09-04 15:40:00+00:00,156.08399963378906,156.0989990234375,156.01499938964844,156.07000732421875,0.0
2026-09-04 15:45:00+00:00,156.06900024414062,156.08900451660156,156.0260009765625,156.02699279785156,0.0
2026-09-04 15:50:00+00:00,156.03500366210938,156.0919952392578,155.9770050048828,156.08299255371094,0.0
2026-09-04 15:55:00+00:00,156.0850067138672,156.12399291992188,156.04100036621094,156.10699462890625,0.0
2026-09-04 16:00:00+00:00,156.10899353027344,156.1219940185547,156.03500366210938,156.0659942626953,0.0
2026-09-04 16:05:00+00:00,156.06700134277344,156.12100219726562,156.0489959716797,156.08399963378906,0.0
2026-09-04 16:10:00+00:00,156.08299255371094,156.13600158691406,156.05099487304688,156.0780029296875,0.0
2026-09-04 16:15:00+00:00,156.08099365234375,156.08700561523438,156.04100036621094,156.05599975585938,0.0
2026-09-04 16:20:00+00:00,156.0570068359375,156.07200622558594,155.99200439453125,156.05499267578125,0.0
2026-09-04 16:25:00+00:00,156.06500244140625,156.10299682617188,156.05499267578125,156.0780029296875,0.0
2026-09-04 16:30:00+00:00,156.08399963378906,156.09300231933594,156.03599548339844,156.04600524902344,0.0
2026-09-04 16:35:00+00:00,156.0399932861328,156.072998046875,156.0290069580078,156.0659942626953,0.0
2026-09-04 16:40:00+00:00,156.07000732421875,156.08099365234375,156.01800537109375,156.04400634765625,0.0
2026-09-04 16:45:00+00:00,156.04400634765625,156.08099365234375,156.02200317382812,156.0330047607422,0.0
2026-09-04 16:50:00+00:00,156.03799438476562,156.07400512695312,156.0330047607422,156.06500244140625,0.0
2026-09-04 16:55:00+00:00,156.0679931640625,156.10299682617188,155.96400451660156,155.99099731445312,0.0
2026-09-04 17:00:00+00:00,156.0240020751953,156.18699645996094,155.98599243164062,156.1840057373047,0.0
2026-09-04 17:05:00+00:00,156.177001953125,156.1929931640625,156.09300231933594,156.10800170898438,0.0
2026-09-04 17:10:00+00:00,156.10800170898438,156.12600708007812,156.0760040283203,156.10000610351562,0.0
2026-09-04 17:15:00+00:00,156.0970001220703,156.10800170898438,156.06500244140625,156.0850067138672,0.0
2026-09-04 17:20:00+00:00,156.08299255371094,156.14300537109375,156.052001953125,156.1060028076172,0.0
2026-09-04 17:25:00+00:00,156.10400390625,156.13699340820312,156.0959930419922,156.11599731445312,0.0
2026-09-04 17:30:00+00:00,156.11599731445312,156.12399291992188,156.04800415039062,156.0590057373047,0.0
2026-09-04 17:35:00+00:00,156.0659942626953,156.1199951171875,156.05799865722656,156.0919952392578,0.0
2026-09-04 17:40:00+00:00,156.0919952392578,156.1230010986328,156.0800018310547,156.1199951171875,0.0
2026-09-04 17:45:00+00:00,156.11399841308594,156.13299560546875,156.0970001220703,156.11500549316406,0.0
2026-09-04 17:50:00+00:00,156.10800170898438,156.12100219726562,156.0800018310547,156.10299682617188,0.0
2026-09-04 17:55:00+00:00,156.10499572753906,156.1529998779297,156.10299682617188,156.13800048828125,0.0
2026-09-04 18:00:00+00:00,156.13800048828125,156.16299438476562,156.11399841308594,156.13299560546875,0.0
2026-09-04 18:05:00+00:00,156.1320037841797,156.16200256347656,156.11599731445312,156.14500427246094,0.0
2026-09-04 18:10:00+00:00,156.14500427246094,156.15699768066406,156.1280059814453,156.13800048828125,0.0
2026-09-04 18:15:00+00:00,156.13800048828125,156.16299438476562,156.13800048828125,156.156005859375,0.0
2026-09-04 18:20:00+00:00,156.15699768066406,156.18099975585938,156.13600158691406,156.1580047607422,0.0
2026-09-04 18:25:00+00:00,156.1580047607422,156.18600463867188,156.1300048828125,156.18299865722656,0.0
2026-09-04 18:30:00+00:00,156.17599487304688,156.18800354003906,156.156005859375,156.16600036621094,0.0
2026-09-04 18:35:00+00:00,156.16799926757812,156.2449951171875,156.16400146484375,156.2310028076172,0.0
2026-09-04 18:40:00+00:00,156.22799682617188,156.24600219726562,156.1750030517578,156.22799682617188,0.0
2026-09-04 18:45:00+00:00,156.23399353027344,156.28199768066406,156.22000122070312,156.2480010986328,0.0
2026-09-04 18:50:00+00:00,156.25599670410156,156.2830047607422,156.2480010986328,156.27000427246094,0.0
2026-09-04 18:55:00+00:00,156.2689971923828,156.27099609375,156.2169952392578,156.2169952392578,0.0
2026-09-04 19:00:00+00:00,156.218994140625,156.2449951171875,156.21299743652344,156.2270050048828,0.0
2026-09-04 19:05:00+00:00,156.2239990234375,156.23300170898438,156.20899963378906,156.21299743652344,0.0
2026-09-04 19:10:00+00:00,156.2169952392578,156.23800659179688,156.21200561523438,156.2220001220703,0.0
2026-09-04 19:15:00+00:00,156.22500610351562,156.22900390625,156.19200134277344,156.21299743652344,0.0
2026-09-04 19:20:00+00:00,156.2169952392578,156.23599243164062,156.21200561523438,156.21299743652344,0.0
2026-09-04 19:25:00+00:00,156.2169952392578,156.23300170898438,156.20899963378906,156.21600341796875,0.0
2026-09-04 19:30:00+00:00,156.2239990234375,156.23800659179688,156.2050018310547,156.21299743652344,0.0
2026-09-04 19:35:00+00:00,156.21299743652344,156.25,156.21299743652344,156.22500610351562,0.0
2026-09-04 19:40:00+00:00,156.2270050048828,156.23399353027344,156.2050018310547,156.218994140625,0.0
2026-09-04 19:45:00+00:00,156.21200561523438,156.23599243164062,156.21099853515625,156.2270050048828,0.0
2026-09-04 19:50:00+00:00,156.23500061035156,156.24200439453125,156.21800231933594,156.2310028076172,0.0
2026-09-04 19:55:00+00:00,156.22799682617188,156.25799560546875,156.2209930419922,156.2310028076172,0.0
2026-09-04 20:00:00+00:00,156.2310028076172,156.2729949951172,156.2259979248047,156.26400756835938,0.0
2026-09-04 20:05:00+00:00,156.26400756835938,156.2740020751953,156.25100708007812,156.2550048828125,0.0
2026-09-04 20:10:00+00:00,156.25900268554688,156.2689971923828,156.24200439453125,156.25900268554688,0.0
2026-09-04 20:15:00+00:00,156.2530059814453,156.27099609375,156.2530059814453,156.25799560546875,0.0
2026-09-04 20:20:00+00:00,156.26499938964844,156.27099609375,156.25399780273438,156.26100158691406,0.0
2026-09-04 20:25:00+00:00,156.26100158691406,156.2740020751953,156.16900634765625,156.2270050048828,0.0
2026-09-04 20:30:00+00:00,156.23199462890625,156.26100158691406,156.2259979248047,156.24600219726562,0.0
2026-09-04 20:35:00+00:00,156.25,156.26699829101562,156.23599243164062,156.25999450683594,0.0
2026-09-04 20:40:00+00:00,156.26199340820312,156.2760009765625,156.21800231933594,156.2220001220703,0.0
2026-09-04 20:45:00+00:00,156.218994140625,156.2519989013672,156.197998046875,156.2449951171875,0.0
2026-09-04 20:50:00+00:00,156.23800659179688,156.26300048828125,156.22500610351562,156.23899841308594,0.0
2026-09-04 20:55:00+00:00,156.24200439453125,156.2519989013672,156.19900512695312,156.2209930419922,0.0
2026-09-06 23:00:00+00:00,156.20799255371094,156.2239990234375,156.1490020751953,156.1529998779297,0.0
2026-09-06 23:05:00+00:00,156.16200256347656,156.19400024414062,156.1529998779297,156.1719970703125,0.0
2026-09-06 23:10:00+00:00,156.16299438476562,156.18699645996094,156.11000061035156,156.1179962158203,0.0
2026-09-06 23:15:00+00:00,156.11500549316406,156.13099670410156,156.09800720214844,156.10000610351562,0.0
2026-09-06 23:20:00+00:00,156.10000610351562,156.14599609375,156.0989990234375,156.13600158691406,0.0
2026-09-06 23:25:00+00:00,156.13800048828125,156.1490020751953,156.10000610351562,156.125,0.0
2026-09-06 23:30:00+00:00,156.1230010986328,156.15499877929688,156.08399963378906,156.0919952392578,0.0
2026-09-06 23:35:00+00:00,156.08700561523438,156.14599609375,156.08299255371094,156.1280059814453,0.0
2026-09-06 23:40:00+00:00,156.12399291992188,156.1580047607422,156.1179962158203,156.15699768066406,0.0
2026-09-06 23:45:00+00:00,156.15199279785156,156.21800231933594,156.14500427246094,156.20700073242188,0.0
2026-09-06 23:50:00+00:00,156.21600341796875,156.24400329589844,156.16000366210938,156.1649932861328,0.0
2026-09-06 23:55:00+00:00,156.16299438476562,156.2220001220703,156.1540069580078,156.197998046875,0.0
2026-09-07 00:00:00+00:00,156.197998046875,156.25900268554688,156.14199829101562,156.1739959716797,0.0
2026-09-07 00:05:00+00:00,156.1739959716797,156.24099731445312,156.1320037841797,156.1739959716797,0.0
2026-09-07 00:10:00+00:00,156.1739959716797,156.1820068359375,156.093994140625,156.1269989013672,0.0
2026-09-07 00:15:00+00:00,156.1179962158203,156.15499877929688,156.05099487304688,156.0749969482422,0.0
2026-09-07 00:20:00+00:00,156.07000732421875,156.08700561523438,155.9810028076172,156.03799438476562,0.0
2026-09-07 00:25:00+00:00,156.03799438476562,156.0469970703125,155.88400268554688,155.89199829101562,0.0
2026-09-07 00:30:00+00:00,155.9010009765625,155.91400146484375,155.8090057373047,155.85899353027344,0.0
2026-09-07 00:35:00+00:00,155.86399841308594,155.88699340820312,155.7949981689453,155.82000732421875,0.0
2026-09-07 00:40:00+00:00,155.80999755859375,155.9010009765625,155.8040008544922,155.8800048828125,0.0
2026-09-07 00:45:00+00:00,155.88800048828125,155.93099975585938,155.86399841308594,155.8990020751953,0.0
2026-09-07 00:50:00+00:00,155.9010009765625,155.94000244140625,155.83299255371094,155.9029998779297,0.0
2026-09-07 00:55:00+00:00,155.8979949951172,155.9669952392578,155.86099243164062,155.88900756835938,0.0
2026-09-07 01:00:00+00:00,155.8820037841797,155.98199462890625,155.843994140625,155.95899963378906,0.0
2026-09-07 01:05:00+00:00,155.95399475097656,155.9669952392578,155.8470001220703,155.9429931640625,0.0
2026-09-07 01:10:00+00:00,155.9409942626953,155.96600341796875,155.90899658203125,155.9510040283203,0.0
2026-09-07 01:15:00+00:00,155.94700622558594,156.0749969482422,155.93699645996094,156.0240020751953,0.0
2026-09-07 01:20:00+00:00,156.0279998779297,156.0399932861328,155.94900512695312,156.0,0.0
2026-09-07 01:25:00+00:00,155.9980010986328,156.03900146484375,155.927001953125,156.0279998779297,0.0
2026-09-07 01:30:00+00:00,156.0290069580078,156.125,156.01499938964844,156.08900451660156,0.0
2026-09-07 01:35:00+00:00,156.08900451660156,156.0989990234375,156.05099487304688,156.0709991455078,0.0
2026-09-07 01:40:00+00:00,156.06100463867188,156.10899353027344,156.0500030517578,156.0500030517578,0.0
2026-09-07 01:45:00+00:00,156.0500030517578,156.0970001220703,156.00100708007812,156.01300048828125,0.0
2026-09-07 01:50:00+00:00,156.02200317382812,156.0330047607422,155.9810028076172,156.01400756835938,0.0
2026-09-07 01:55:00+00:00,156.01400756835938,156.0469970703125,155.9980010986328,156.02699279785156,0.0
2026-09-07 02:00:00+00:00,156.0330047607422,156.04800415039062,156.01400756835938,156.03399658203125,0.0
2026-09-07 02:05:00+00:00,156.0330047607422,156.1479949951172,156.02699279785156,156.1230010986328,0.0
2026-09-07 02:10:00+00:00,156.1230010986328,156.18499755859375,156.1219940185547,156.17599487304688,0.0
2026-09-07 02:15:00+00:00,156.177001953125,156.2050018310547,156.1529998779297,156.16000366210938,0.0
2026-09-07 02:20:00+00:00,156.16000366210938,156.1909942626953,156.13099670410156,156.14700317382812,0.0
2026-09-07 02:25:00+00:00,156.14999389648438,156.1719970703125,156.12100219726562,156.1219940185547,0.0
2026-09-07 02:30:00+00:00,156.125,156.14700317382812,156.09800720214844,156.13400268554688,0.0
2026-09-07 02:35:00+00:00,156.13400268554688,156.15699768066406,156.1199951171875,156.156005859375,0.0
2026-09-07 02:40:00+00:00,156.15199279785156,156.24099731445312,156.14700317382812,156.22799682617188,0.0
2026-09-07 02:45:00+00:00,156.2220001220703,156.2449951171875,156.20199584960938,156.20599365234375,0.0
2026-09-07 02:50:00+00:00,156.20799255371094,156.23199462890625,156.19400024414062,156.20799255371094,0.0
2026-09-07 02:55:00+00:00,156.2050018310547,156.2310028076172,156.17799377441406,156.18499755859375,0.0
2026-09-07 03:00:00+00:00,156.18499755859375,156.21499633789062,156.14700317382812,156.15199279785156,0.0
2026-09-07 03:05:00+00:00,156.15199279785156,156.18499755859375,156.13699340820312,156.1820068359375,0.0
2026-09-07 03:10:00+00:00,156.18299865722656,156.1840057373047,156.125,156.12600708007812,0.0
2026-09-07 03:15:00+00:00,156.1300048828125,156.1439971923828,156.08700561523438,156.08999633789062,0.0
2026-09-07 03:20:00+00:00,156.093994140625,156.11099243164062,156.07699584960938,156.08999633789062,0.0
2026-09-07 03:25:00+00:00,156.08700561523438,156.10000610351562,156.04299926757812,156.0590057373047,0.0
2026-09-07 03:30:00+00:00,156.052001953125,156.1219940185547,156.0469970703125,156.11399841308594,0.0
2026-09-07 03:35:00+00:00,156.1199951171875,156.13099670410156,156.08200073242188,156.1219940185547,0.0
2026-09-07 03:40:00+00:00,156.1230010986328,156.1439971923828,156.09500122070312,156.11500549316406,0.0
2026-09-07 03:45:00+00:00,156.11099243164062,156.13600158691406,156.1060028076172,156.11000061035156,0.0
2026-09-07 03:50:00+00:00,156.11000061035156,156.13299560546875,156.08999633789062,156.09500122070312,0.0
2026-09-07 03:55:00+00:00,156.0989990234375,156.1020050048828,156.03500366210938,156.0449981689453,0.0
2026-09-07 04:00:00+00:00,156.04800415039062,156.1009979248047,156.03900146484375,156.09100341796875,0.0
2026-09-07 04:05:00+00:00,156.08999633789062,156.13400268554688,156.08200073242188,156.11199951171875,0.0
2026-09-07 04:10:00+00:00,156.11500549316406,156.1540069580078,156.10899353027344,156.13800048828125,0.0
2026-09-07 04:15:00+00:00,156.14100646972656,156.15699768066406,156.11599731445312,156.13299560546875,0.0
2026-09-07 04:20:00+00:00,156.13499450683594,156.17100524902344,156.13099670410156,156.16400146484375,0.0
2026-09-07 04:25:00+00:00,156.1649932861328,156.17300415039062,156.1490020751953,156.16000366210938,0.0
2026-09-07 04:30:00+00:00,156.16799926757812,156.1739959716797,156.13099670410156,156.13499450683594,0.0
2026-09-07 04:35:00+00:00,156.13499450683594,156.1439971923828,156.0709991455078,156.11500549316406,0.0
2026-09-07 04:40:00+00:00,156.11099243164062,156.12399291992188,156.06300354003906,156.07899475097656,0.0
2026-09-07 04:45:00+00:00,156.0749969482422,156.11099243164062,156.0590057373047,156.06500244140625,0.0
2026-09-07 04:50:00+00:00,156.06500244140625,156.10000610351562,156.0500030517578,156.0959930419922,0.0
2026-09-07 04:55:00+00:00,156.08700561523438,156.09500122070312,156.0240020751953,156.03900146484375,0.0
2026-09-07 05:00:00+00:00,156.05099487304688,156.06900024414062,156.00999450683594,156.04100036621094,0.0
2026-09-07 05:05:00+00:00,156.04600524902344,156.0850067138672,156.04100036621094,156.07200622558594,0.0
2026-09-07 05:10:00+00:00,156.07400512695312,156.07699584960938,156.0229949951172,156.0679931640625,0.0
2026-09-07 05:15:00+00:00,156.0679931640625,156.09800720214844,156.0679931640625,156.08200073242188,0.0
2026-09-07 05:20:00+00:00,156.07899475097656,156.0989990234375,156.05999755859375,156.07899475097656,0.0
2026-09-07 05:25:00+00:00,156.0749969482422,156.10000610351562,156.031005859375,156.03199768066406,0.0
2026-09-07 05:30:00+00:00,156.03199768066406,156.05099487304688,156.0030059814453,156.01499938964844,0.0
2026-09-07 05:35:00+00:00,156.01499938964844,156.01800537109375,155.9550018310547,155.97999572753906,0.0
2026-09-07 05:40:00+00:00,155.98800659179688,156.01499938964844,155.97999572753906,155.99099731445312,0.0
2026-09-07 05:45:00+00:00,155.99000549316406,156.01600646972656,155.95700073242188,155.96600341796875,0.0
2026-09-07 05:50:00+00:00,155.96600341796875,155.97799682617188,155.8939971923828,155.90899658203125,0.0
2026-09-07 05:55:00+00:00,155.89999389648438,155.91000366210938,155.7779998779297,155.7969970703125,0.0
2026-09-07 06:00:00+00:00,155.8000030517578,155.9080047607422,155.79600524902344,155.85499572753906,0.0
2026-09-07 06:05:00+00:00,155.86300659179688,155.8769989013672,155.78799438476562,155.8459930419922,0.0
2026-09-07 06:10:00+00:00,155.8459930419922,155.86500549316406,155.7949981689453,155.8560028076172,0.0
2026-09-07 06:15:00+00:00,155.84800720214844,155.8730010986328,155.7220001220703,155.73399353027344,0.0
2026-09-07 06:20:00+00:00,155.73199462890625,155.76800537109375,155.5330047607422,155.61199951171875,0.0
2026-09-07 06:25:00+00:00,155.61700439453125,155.73399353027344,155.5989990234375,155.68699645996094,0.0
2026-09-07 06:30:00+00:00,155.69200134277344,155.73399353027344,155.6199951171875,155.62899780273438,0.0
2026-09-07 06:35:00+00:00,155.63499450683594,155.70700073242188,155.61700439453125,155.64700317382812,0.0
2026-09-07 06:40:00+00:00,155.6479949951172,155.7220001220703,155.63400268554688,155.7050018310547,0.0
2026-09-07 06:45:00+00:00,155.7010040283203,155.78399658203125,155.7010040283203,155.76400756835938,0.0
2026-09-07 06:50:00+00:00,155.76800537109375,155.78199768066406,155.73500061035156,155.7519989013672,0.0
2026-09-07 06:55:00+00:00,155.75,155.8730010986328,155.75,155.86199951171875,0.0
2026-09-07 07:00:00+00:00,155.8699951171875,155.90499877929688,155.8209991455078,155.82200622558594,0.0
2026-09-07 07:05:00+00:00,155.83999633789062,155.8769989013672,155.80999755859375,155.83700561523438,0.0
2026-09-07 07:10:00+00:00,155.83399963378906,155.88299560546875,155.8159942626953,155.86099243164062,0.0
2026-09-07 07:15:00+00:00,155.8560028076172,155.88999938964844,155.74099731445312,155.75100708007812,0.0
2026-09-07 07:20:00+00:00,155.7449951171875,155.76699829101562,155.6999969482422,155.73500061035156,0.0
2026-09-07 07:25:00+00:00,155.74200439453125,155.7429962158203,155.65699768066406,155.66000366210938,0.0
2026-09-07 07:30:00+00:00,155.656005859375,155.73199462890625,155.64100646972656,155.66700744628906,0.0
2026-09-07 07:35:00+00:00,155.66600036621094,155.77200317382812,155.66600036621094,155.77000427246094,0.0
2026-09-07 07:40:00+00:00,155.76400756835938,155.8070068359375,155.7449951171875,155.802001953125,0.0
2026-09-07 07:45:00+00:00,155.7949981689453,155.8179931640625,155.66600036621094,155.6719970703125,0.0
2026-09-07 07:50:00+00:00,155.6719970703125,155.6840057373047,155.57400512695312,155.5919952392578,0.0
2026-09-07 07:55:00+00:00,155.59800720214844,155.61099243164062,155.51499938964844,155.54400634765625,0.0
2026-09-07 08:00:00+00:00,155.5469970703125,155.572998046875,155.2989959716797,155.4080047607422,0.0
2026-09-07 08:05:00+00:00,155.41400146484375,155.46200561523438,154.60400390625,154.83599853515625,0.0
2026-09-07 08:10:00+00:00,154.82699584960938,154.8509979248047,154.531005859375,154.70700073242188,0.0
2026-09-07 08:15:00+00:00,154.6999969482422,154.81500244140625,154.47799682617188,154.5290069580078,0.0
2026-09-07 08:20:00+00:00,154.5290069580078,154.5760040283203,154.29299926757812,154.5070037841797,0.0
2026-09-07 08:25:00+00:00,154.5,154.54299926757812,154.12100219726562,154.156005859375,0.0
2026-09-07 08:30:00+00:00,154.13400268554688,154.23199462890625,154.04800415039062,154.16900634765625,0.0
2026-09-07 08:35:00+00:00,154.17100524902344,154.4080047607422,154.11900329589844,154.3800048828125,0.0
2026-09-07 08:40:00+00:00,154.39199829101562,154.49000549316406,154.34100341796875,154.4320068359375,0.0
2026-09-07 08:45:00+00:00,154.43299865722656,154.4669952392578,154.23699951171875,154.46600341796875,0.0
2026-09-07 08:50:00+00:00,154.45700073242188,154.57000732421875,154.41700744628906,154.447998046875,0.0
2026-09-07 08:55:00+00:00,154.44000244140625,154.54400634765625,154.43899536132812,154.4550018310547,0.0
2026-09-07 09:00:00+00:00,154.4600067138672,154.51800537109375,154.35400390625,154.4040069580078,0.0
2026-09-07 09:05:00+00:00,154.3979949951172,154.48399353027344,154.33399963378906,154.3419952392578,0.0
2026-09-07 09:10:00+00:00,154.33799743652344,154.48500061035156,154.33200073242188,154.4530029296875,0.0
2026-09-07 09:15:00+00:00,154.45799255371094,154.4949951171875,154.38699340820312,154.4459991455078,0.0
2026-09-07 09:20:00+00:00,154.44700622558594,154.4720001220703,154.3699951171875,154.39700317382812,0.0
2026-09-07 09:25:00+00:00,154.38800048828125,154.406005859375,154.21099853515625,154.23699951171875,0.0
2026-09-07 09:30:00+00:00,154.24400329589844,154.33399963378906,154.23399353027344,154.281005859375,0.0
2026-09-07 09:35:00+00:00,154.2760009765625,154.39199829101562,154.2689971923828,154.36399841308594,0.0
2026-09-07 09:40:00+00:00,154.35499572753906,154.43800354003906,154.3070068359375,154.3939971923828,0.0
2026-09-07 09:45:00+00:00,154.38800048828125,154.44500732421875,154.36199951171875,154.43600463867188,0.0
2026-09-07 09:50:00+00:00,154.4429931640625,154.54299926757812,154.43600463867188,154.51800537109375,0.0
2026-09-07 09:55:00+00:00,154.51100158691406,154.56900024414062,154.4949951171875,154.49600219726562,0.0
2026-09-07 10:00:00+00:00,154.49899291992188,154.5570068359375,154.48800659179688,154.51199340820312,0.0
2026-09-07 10:05:00+00:00,154.51199340820312,154.53199768066406,154.4550018310547,154.531005859375,0.0
2026-09-07 10:10:00+00:00,154.5240020751953,154.60499572753906,154.5019989013672,154.58900451660156,0.0
2026-09-07 10:15:00+00:00,154.59500122070312,154.63900756835938,154.57200622558594,154.5919952392578,0.0
2026-09-07 10:20:00+00:00,154.5959930419922,154.6529998779297,154.56700134277344,154.5709991455078,0.0
2026-09-07 10:25:00+00:00,154.5709991455078,154.70399475097656,154.57000732421875,154.66900634765625,0.0
2026-09-07 10:30:00+00:00,154.66900634765625,154.7169952392578,154.63699340820312,154.6820068359375,0.0
2026-09-07 10:35:00+00:00,154.68099975585938,154.75100708007812,154.6540069580078,154.72900390625,0.0
2026-09-07 10:40:00+00:00,154.7220001220703,154.74600219726562,154.68600463867188,154.69400024414062,0.0
2026-09-07 10:45:00+00:00,154.69400024414062,154.70700073242188,154.60800170898438,154.62899780273438,0.0
2026-09-07 10:50:00+00:00,154.63900756835938,154.64500427246094,154.5749969482422,154.63099670410156,0.0
2026-09-07 10:55:00+00:00,154.63499450683594,154.69900512695312,154.62899780273438,154.64599609375,0.0
2026-09-07 11:00:00+00:00,154.64199829101562,154.72799682617188,154.63800048828125,154.70199584960938,0.0
2026-09-07 11:05:00+00:00,154.69900512695312,154.71499633789062,154.6479949951172,154.70199584960938,0.0
2026-09-07 11:10:00+00:00,154.69900512695312,154.77200317382812,154.66299438476562,154.71800231933594,0.0
2026-09-07 11:15:00+00:00,154.72000122070312,154.76300048828125,154.71600341796875,154.7429962158203,0.0
2026-09-07 11:20:00+00:00,154.74200439453125,154.7530059814453,154.6510009765625,154.66000366210938,0.0
2026-09-07 11:25:00+00:00,154.66000366210938,154.71400451660156,154.64599609375,154.65699768066406,0.0
2026-09-07 11:30:00+00:00,154.65199279785156,154.66099548339844,154.60299682617188,154.63999938964844,0.0
2026-09-07 11:35:00+00:00,154.63999938964844,154.69700622558594,154.625,154.63999938964844,0.0
2026-09-07 11:40:00+00:00,154.63400268554688,154.68699645996094,154.63299560546875,154.66299438476562,0.0
2026-09-07 11:45:00+00:00,154.66700744628906,154.68299865722656,154.64199829101562,154.66700744628906,0.0
2026-09-07 11:50:00+00:00,154.6699981689453,154.7010040283203,154.6490020751953,154.68699645996094,0.0
2026-09-07 11:55:00+00:00,154.69000244140625,154.73300170898438,154.66400146484375,154.7270050048828,0.0
2026-09-07 12:00:00+00:00,154.72300720214844,154.7729949951172,154.6999969482422,154.76300048828125,0.0
2026-09-07 12:05:00+00:00,154.76300048828125,154.7729949951172,154.6959991455078,154.7429962158203,0.0
2026-09-07 12:10:00+00:00,154.73500061035156,154.77200317382812,154.7220001220703,154.76600646972656,0.0
2026-09-07 12:15:00+00:00,154.76199340820312,154.8070068359375,154.6269989013672,154.65199279785156,0.0
2026-09-07 12:20:00+00:00,154.65199279785156,154.68499755859375,154.50999450683594,154.5659942626953,0.0
2026-09-07 12:25:00+00:00,154.5659942626953,154.6009979248047,154.46600341796875,154.4770050048828,0.0
2026-09-07 12:30:00+00:00,154.4739990234375,154.50799560546875,154.38099670410156,154.4219970703125,0.0
2026-09-07 12:35:00+00:00,154.4149932861328,154.45799255371094,154.34300231933594,154.36700439453125,0.0
2026-09-07 12:40:00+00:00,154.36199951171875,154.37100219726562,154.2530059814453,154.25399780273438,0.0
2026-09-07 12:45:00+00:00,154.25599670410156,154.3990020751953,154.24200439453125,154.36300659179688,0.0
2026-09-07 12:50:00+00:00,154.35499572753906,154.4720001220703,154.33900451660156,154.4340057373047,0.0
2026-09-07 12:55:00+00:00,154.4290008544922,154.49600219726562,154.41200256347656,154.47999572753906,0.0
2026-09-07 13:00:00+00:00,154.48199462890625,154.531005859375,154.4409942626953,154.52000427246094,0.0
2026-09-07 13:05:00+00:00,154.5240020751953,154.54299926757812,154.44700622558594,154.447998046875,0.0
2026-09-07 13:10:00+00:00,154.44700622558594,154.45399475097656,154.3520050048828,154.3699951171875,0.0
2026-09-07 13:15:00+00:00,154.37100219726562,154.48199462890625,154.36599731445312,154.4739990234375,0.0
2026-09-07 13:20:00+00:00,154.46800231933594,154.47900390625,154.3719940185547,154.39599609375,0.0
2026-09-07 13:25:00+00:00,154.4040069580078,154.4969940185547,154.39500427246094,154.46600341796875,0.0
2026-09-07 13:30:00+00:00,154.46099853515625,154.52999877929688,154.44700622558594,154.4949951171875,0.0
2026-09-07 13:35:00+00:00,154.4949951171875,154.5050048828125,154.447998046875,154.47500610351562,0.0
2026-09-07 13:40:00+00:00,154.47799682617188,154.48399353027344,154.3780059814453,154.4340057373047,0.0
2026-09-07 13:45:00+00:00,154.4340057373047,154.51199340820312,154.39199829101562,154.50399780273438,0.0
2026-09-07 13:50:00+00:00,154.4980010986328,154.5399932861328,154.45199584960938,154.5399932861328,0.0
2026-09-07 13:55:00+00:00,154.5330047607422,154.58299255371094,154.5070037841797,154.50799560546875,0.0
2026-09-07 14:00:00+00:00,154.50799560546875,154.59500122070312,154.47999572753906,154.57899475097656,0.0
2026-09-07 14:05:00+00:00,154.57899475097656,154.63600158691406,154.54200744628906,154.57899475097656,0.0
2026-09-07 14:10:00+00:00,154.5970001220703,154.5970001220703,154.44900512695312,154.48300170898438,0.0
2026-09-07 14:15:00+00:00,154.48599243164062,154.5070037841797,154.35499572753906,154.36300659179688,0.0
2026-09-07 14:20:00+00:00,154.36700439453125,154.44500732421875,154.34300231933594,154.38999938964844,0.0
2026-09-07 14:25:00+00:00,154.3979949951172,154.41200256347656,154.3459930419922,154.36099243164062,0.0
2026-09-07 14:30:00+00:00,154.36000061035156,154.41200256347656,154.35299682617188,154.38699340820312,0.0
2026-09-07 14:35:00+00:00,154.38299560546875,154.39599609375,154.29200744628906,154.33599853515625,0.0
2026-09-07 14:40:00+00:00,154.33599853515625,154.40499877929688,154.2949981689453,154.38900756835938,0.0
2026-09-07 14:45:00+00:00,154.38800048828125,154.4510040283203,154.38800048828125,154.4459991455078,0.0
2026-09-07 14:50:00+00:00,154.44000244140625,154.4669952392578,154.35699462890625,154.38299560546875,0.0
2026-09-07 14:55:00+00:00,154.3780059814453,154.3780059814453,154.26400756835938,154.28399658203125,0.0
2026-09-07 15:00:00+00:00,154.2830047607422,154.406005859375,154.2790069580078,154.3300018310547,0.0
2026-09-07 15:05:00+00:00,154.33700561523438,154.4149932861328,154.30799865722656,154.3560028076172,0.0
2026-09-07 15:10:00+00:00,154.35000610351562,154.36399841308594,154.29100036621094,154.343994140625,0.0
2026-09-07 15:15:00+00:00,154.33799743652344,154.3820037841797,154.33200073242188,154.34800720214844,0.0
2026-09-07 15:20:00+00:00,154.3419952392578,154.35000610351562,154.31300354003906,154.33700561523438,0.0
2026-09-07 15:25:00+00:00,154.343994140625,154.3470001220703,154.24899291992188,154.26300048828125,0.0
2026-09-07 15:30:00+00:00,154.26699829101562,154.35800170898438,154.22300720214844,154.35400390625,0.0
2026-09-07 15:35:00+00:00,154.3489990234375,154.36300659179688,154.3040008544922,154.3179931640625,0.0
2026-09-07 15:40:00+00:00,154.3179931640625,154.3560028076172,154.2830047607422,154.3179931640625,0.0
2026-09-07 15:45:00+00:00,154.31500244140625,154.37399291992188,154.31500244140625,154.3300018310547,0.0
2026-09-07 15:50:00+00:00,154.33399963378906,154.42300415039062,154.33099365234375,154.41400146484375,0.0
2026-09-07 15:55:00+00:00,154.41400146484375,154.44000244140625,154.3719940185547,154.38900756835938,0.0
2026-09-07 16:00:00+00:00,154.38499450683594,154.42999267578125,154.38400268554688,154.41099548339844,0.0
2026-09-07 16:05:00+00:00,154.41099548339844,154.4149932861328,154.36099243164062,154.3719940185547,0.0
2026-09-07 16:10:00+00:00,154.3679962158203,154.39100646972656,154.36199951171875,154.38699340820312,0.0
2026-09-07 16:15:00+00:00,154.3780059814453,154.41200256347656,154.375,154.39500427246094,0.0
2026-09-07 16:20:00+00:00,154.4010009765625,154.41099548339844,154.38099670410156,154.39999389648438,0.0
2026-09-07 16:25:00+00:00,154.39999389648438,154.41099548339844,154.35499572753906,154.36700439453125,0.0
2026-09-07 16:30:00+00:00,154.36700439453125,154.37399291992188,154.3179931640625,154.3280029296875,0.0
2026-09-07 16:35:00+00:00,154.31900024414062,154.33299255371094,154.28199768066406,154.31199645996094,0.0
2026-09-07 16:40:00+00:00,154.30499267578125,154.31300354003906,154.27000427246094,154.2760009765625,0.0
2026-09-07 16:45:00+00:00,154.27099609375,154.33599853515625,154.27099609375,154.3159942626953,0.0
2026-09-07 16:50:00+00:00,154.31500244140625,154.32899475097656,154.30299377441406,154.322998046875,0.0
2026-09-07 16:55:00+00:00,154.32000732421875,154.33999633789062,154.281005859375,154.28599548339844,0.0
2026-09-07 17:00:00+00:00,154.28799438476562,154.33099365234375,154.2830047607422,154.3179931640625,0.0
2026-09-07 17:05:00+00:00,154.3179931640625,154.33399963378906,154.29299926757812,154.3260040283203,0.0
2026-09-07 17:10:00+00:00,154.3260040283203,154.33700561523438,154.30099487304688,154.30099487304688,0.0
2026-09-07 17:15:00+00:00,154.3070068359375,154.3350067138672,154.30099487304688,154.3249969482422,0.0
2026-09-07 17:20:00+00:00,154.3280029296875,154.3350067138672,154.30999755859375,154.32699584960938,0.0
2026-09-07 17:25:00+00:00,154.33099365234375,154.33299255371094,154.3040008544922,154.3179931640625,0.0
2026-09-07 17:30:00+00:00,154.3179931640625,154.34500122070312,154.3179931640625,154.33799743652344,0.0
2026-09-07 17:35:00+00:00,154.33900451660156,154.3459930419922,154.3280029296875,154.33099365234375,0.0
2026-09-07 17:40:00+00:00,154.33099365234375,154.35800170898438,154.3300018310547,154.34800720214844,0.0
2026-09-07 17:45:00+00:00,154.3470001220703,154.3800048828125,154.3419952392578,154.3769989013672,0.0
2026-09-07 17:50:00+00:00,154.3699951171875,154.38800048828125,154.36500549316406,154.3719940185547,0.0
2026-09-07 17:55:00+00:00,154.36500549316406,154.38699340820312,154.3419952392578,154.3459930419922,0.0
2026-09-07 18:00:00+00:00,154.3459930419922,154.35899353027344,154.34300231933594,154.35299682617188,0.0
2026-09-07 18:05:00+00:00,154.34800720214844,154.36300659179688,154.33799743652344,154.3419952392578,0.0
2026-09-07 18:10:00+00:00,154.34500122070312,154.3560028076172,154.33799743652344,154.35499572753906,0.0
2026-09-07 18:15:00+00:00,154.35299682617188,154.35299682617188,154.34100341796875,154.3509979248047,0.0
2026-09-07 18:20:00+00:00,154.3470001220703,154.3520050048828,154.33999633789062,154.3470001220703,0.0
2026-09-07 18:25:00+00:00,154.3470001220703,154.35699462890625,154.33999633789062,154.35299682617188,0.0
2026-09-07 18:30:00+00:00,154.34800720214844,154.35699462890625,154.33999633789062,154.34100341796875,0.0
2026-09-07 18:35:00+00:00,154.35000610351562,154.36000061035156,154.33999633789062,154.34800720214844,0.0
2026-09-07 18:40:00+00:00,154.34800720214844,154.35699462890625,154.34100341796875,154.34100341796875,0.0
2026-09-07 18:45:00+00:00,154.34100341796875,154.35699462890625,154.33900451660156,154.35499572753906,0.0
2026-09-07 18:50:00+00:00,154.3470001220703,154.3560028076172,154.3459930419922,154.3470001220703,0.0
2026-09-07 18:55:00+00:00,154.35000610351562,154.36000061035156,154.33099365234375,154.33399963378906,0.0
2026-09-07 19:00:00+00:00,154.33200073242188,154.36000061035156,154.33099365234375,154.3489990234375,0.0
2026-09-07 19:05:00+00:00,154.35299682617188,154.3679962158203,154.3489990234375,154.35299682617188,0.0
2026-09-07 19:10:00+00:00,154.36199951171875,154.36300659179688,154.3520050048828,154.3560028076172,0.0
2026-09-07 19:15:00+00:00,154.35299682617188,154.3780059814453,154.3520050048828,154.3679962158203,0.0
2026-09-07 19:20:00+00:00,154.3679962158203,154.3719940185547,154.3280029296875,154.33900451660156,0.0
2026-09-07 19:25:00+00:00,154.33399963378906,154.34100341796875,154.32899475097656,154.33599853515625,0.0
2026-09-07 19:30:00+00:00,154.33299255371094,154.3679962158203,154.33099365234375,154.35400390625,0.0
2026-09-07 19:35:00+00:00,154.35400390625,154.37600708007812,154.35400390625,154.36099243164062,0.0
2026-09-07 19:40:00+00:00,154.36199951171875,154.37100219726562,154.3560028076172,154.35899353027344,0.0
2026-09-07 19:45:00+00:00,154.36199951171875,154.36900329589844,154.35400390625,154.36500549316406,0.0
2026-09-07 19:50:00+00:00,154.36500549316406,154.37399291992188,154.35000610351562,154.35699462890625,0.0
2026-09-07 19:55:00+00:00,154.35499572753906,154.36199951171875,154.35000610351562,154.3509979248047,0.0
2026-09-07 20:00:00+00:00,154.35000610351562,154.3699951171875,154.33799743652344,154.343994140625,0.0
2026-09-07 20:05:00+00:00,154.34300231933594,154.3699951171875,154.3419952392578,154.36700439453125,0.0
2026-09-07 20:10:00+00:00,154.36599731445312,154.3769989013672,154.36000061035156,154.36599731445312,0.0
2026-09-07 20:15:00+00:00,154.3679962158203,154.38600158691406,154.36099243164062,154.37100219726562,0.0
2026-09-07 20:20:00+00:00,154.3730010986328,154.375,154.35299682617188,154.35800170898438,0.0
2026-09-07 20:25:00+00:00,154.35400390625,154.36300659179688,154.34800720214844,154.3520050048828,0.0
2026-09-07 20:30:00+00:00,154.3560028076172,154.36199951171875,154.32899475097656,154.32899475097656,0.0
2026-09-07 20:35:00+00:00,154.32899475097656,154.34100341796875,154.32699584960938,154.3280029296875,0.0
2026-09-07 20:40:00+00:00,154.3350067138672,154.37600708007812,154.33099365234375,154.3679962158203,0.0
2026-09-07 20:45:00+00:00,154.36399841308594,154.3769989013672,154.36000061035156,154.3699951171875,0.0
2026-09-07 20:50:00+00:00,154.36399841308594,154.37600708007812,154.3489990234375,154.35899353027344,0.0
2026-09-07 20:55:00+00:00,154.36300659179688,154.36900329589844,154.302001953125,154.343994140625,0.0
2026-09-07 21:00:00+00:00,154.3470001220703,154.3470001220703,154.31700134277344,154.33200073242188,0.0
2026-09-07 21:05:00+00:00,154.33099365234375,154.33200073242188,154.32200622558594,154.32899475097656,0.0
2026-09-07 21:10:00+00:00,154.3419952392578,154.3419952392578,154.33599853515625,154.34100341796875,0.0
2026-09-07 21:15:00+00:00,154.33799743652344,154.34100341796875,154.33599853515625,154.33999633789062,0.0
2026-09-07 21:20:00+00:00,154.33700561523438,154.33999633789062,154.27699279785156,154.3070068359375,0.0
2026-09-07 21:25:00+00:00,154.2899932861328,154.34500122070312,154.2899932861328,154.31100463867188,0.0
2026-09-07 21:30:00+00:00,154.30099487304688,154.3300018310547,154.30099487304688,154.3280029296875,0.0
2026-09-07 21:35:00+00:00,154.32899475097656,154.3520050048828,154.31399536132812,154.33700561523438,0.0
2026-09-07 21:40:00+00:00,154.33599853515625,154.37899780273438,154.3300018310547,154.35400390625,0.0
2026-09-07 21:45:00+00:00,154.3520050048828,154.36099243164062,154.33799743652344,154.35499572753906,0.0
2026-09-07 21:50:00+00:00,154.34500122070312,154.36099243164062,154.3350067138672,154.35499572753906,0.0
2026-09-07 21:55:00+00:00,154.34500122070312,154.36099243164062,154.31399536132812,154.32899475097656,0.0
2026-09-07 22:00:00+00:00,154.3280029296875,154.36399841308594,154.29100036621094,154.29100036621094,0.0
2026-09-07 22:05:00+00:00,154.29100036621094,154.33999633789062,154.2899932861328,154.322998046875,0.0
2026-09-07 22:10:00+00:00,154.322998046875,154.37399291992188,154.32200622558594,154.36000061035156,0.0
2026-09-07 22:15:00+00:00,154.36099243164062,154.36300659179688,154.2689971923828,154.2779998779297,0.0
2026-09-07 22:20:00+00:00,154.2969970703125,154.3249969482422,154.22000122070312,154.22900390625,0.0
2026-09-07 22:25:00+00:00,154.24400329589844,154.2519989013672,154.1479949951172,154.1580047607422,0.0
2026-09-07 22:30:00+00:00,154.1580047607422,154.2310028076172,154.1479949951172,154.19900512695312,0.0
2026-09-07 22:35:00+00:00,154.21299743652344,154.23300170898438,154.18099975585938,154.2220001220703,0.0
2026-09-07 22:40:00+00:00,154.21400451660156,154.2519989013672,154.21400451660156,154.22799682617188,0.0
2026-09-07 22:45:00+00:00,154.22799682617188,154.26300048828125,154.21499633789062,154.24099731445312,0.0
2026-09-07 22:50:00+00:00,154.2469940185547,154.2550048828125,154.14500427246094,154.16200256347656,0.0
2026-09-07 22:55:00+00:00,154.16099548339844,154.2100067138672,154.14700317382812,154.1649932861328,0.0
2026-09-07 23:00:00+00:00,154.14999389648438,154.16700744628906,154.0970001220703,154.11500549316406,0.0
2026-09-07 23:05:00+00:00,154.10499572753906,154.12100219726562,154.02699279785156,154.04100036621094,0.0
2026-09-07 23:10:00+00:00,154.03399658203125,154.0850067138672,153.93600463867188,153.96099853515625,0.0
2026-09-07 23:15:00+00:00,153.95899963378906,153.99400329589844,153.79100036621094,153.8159942626953,0.0
2026-09-07 23:20:00+00:00,153.82200622558594,154.0050048828125,153.8070068359375,153.96800231933594,0.0
2026-09-07 23:25:00+00:00,153.96800231933594,154.0449981689453,153.9250030517578,153.93800354003906,0.0
2026-09-07 23:30:00+00:00,153.94500732421875,154.03700256347656,153.85400390625,153.97999572753906,0.0
2026-09-07 23:35:00+00:00,153.97000122070312,154.0399932861328,153.9320068359375,154.01300048828125,0.0
2026-09-07 23:40:00+00:00,154.00799560546875,154.01699829101562,153.88699340820312,153.89700317382812,0.0
2026-09-07 23:45:00+00:00,153.89300537109375,153.91099548339844,153.83900451660156,153.89199829101562,0.0
2026-09-07 23:50:00+00:00,153.88299560546875,154.00599670410156,153.8699951171875,153.9709930419922,0.0
2026-09-07 23:55:00+00:00,153.9709930419922,153.98300170898438,153.7949981689453,153.8179931640625,0.0
2026-09-08 00:00:00+00:00,153.82699584960938,153.89300537109375,153.59300231933594,153.77499389648438,0.0
2026-09-08 00:05:00+00:00,153.78399658203125,153.8300018310547,153.71200561523438,153.81100463867188,0.0
2026-09-08 00:10:00+00:00,153.8179931640625,153.87600708007812,153.68299865722656,153.72500610351562,0.0
2026-09-08 00:15:00+00:00,153.72500610351562,153.76100158691406,153.593994140625,153.60899353027344,0.0
2026-09-08 00:20:00+00:00,153.61500549316406,153.69500732421875,153.5330047607422,153.66400146484375,0.0
2026-09-08 00:25:00+00:00,153.656005859375,153.66299438476562,153.53199768066406,153.54200744628906,0.0
2026-09-08 00:30:00+00:00,153.5500030517578,153.64100646972656,153.52099609375,153.56700134277344,0.0
2026-09-08 00:35:00+00:00,153.55799865722656,153.7270050048828,153.5540008544922,153.6750030517578,0.0
2026-09-08 00:40:00+00:00,153.6750030517578,153.7740020751953,153.63999938964844,153.76300048828125,0.0
2026-09-08 00:45:00+00:00,153.76699829101562,153.8070068359375,153.718994140625,153.72300720214844,0.0
2026-09-08 00:50:00+00:00,153.718994140625,153.75799560546875,153.61199951171875,153.67300415039062,0.0
2026-09-08 00:55:00+00:00,153.68099975585938,153.8280029296875,153.67300415039062,153.78900146484375,0.0
2026-09-08 01:00:00+00:00,153.78399658203125,153.80999755859375,153.68800354003906,153.78900146484375,0.0
2026-09-08 01:05:00+00:00,153.78599548339844,153.79600524902344,153.6820068359375,153.6840057373047,0.0
2026-09-08 01:10:00+00:00,153.69000244140625,153.79200744628906,153.6649932861328,153.67799377441406,0.0
2026-09-08 01:15:00+00:00,153.6699981689453,153.6929931640625,153.56399536132812,153.6540069580078,0.0
2026-09-08 01:20:00+00:00,153.6540069580078,153.7010040283203,153.5399932861328,153.5659942626953,0.0
2026-09-08 01:25:00+00:00,153.56100463867188,153.5709991455078,153.41400146484375,153.43699645996094,0.0
2026-09-08 01:30:00+00:00,153.42999267578125,153.4759979248047,153.3699951171875,153.46200561523438,0.0
2026-09-08 01:35:00+00:00,153.46200561523438,153.50999450683594,153.36599731445312,153.5070037841797,0.0
2026-09-08 01:40:00+00:00,153.4969940185547,153.58200073242188,153.43899536132812,153.52099609375,0.0
2026-09-08 01:45:00+00:00,153.51800537109375,153.61900329589844,153.4980010986328,153.61900329589844,0.0
2026-09-08 01:50:00+00:00,153.60899353027344,153.61399841308594,153.46499633789062,153.49000549316406,0.0
2026-09-08 01:55:00+00:00,153.47999572753906,153.50100708007812,153.3489990234375,153.3489990234375,0.0
2026-09-08 02:00:00+00:00,153.36399841308594,153.36500549316406,153.1649932861328,153.177001953125,0.0
2026-09-08 02:05:00+00:00,153.1790008544922,153.28399658203125,153.14999389648438,153.23199462890625,0.0
2026-09-08 02:10:00+00:00,153.2259979248047,153.30099487304688,153.18600463867188,153.25399780273438,0.0
2026-09-08 02:15:00+00:00,153.26199340820312,153.26199340820312,153.12899780273438,153.2220001220703,0.0
2026-09-08 02:20:00+00:00,153.21200561523438,153.2270050048828,152.88099670410156,152.98399353027344,0.0
2026-09-08 02:25:00+00:00,152.98399353027344,153.10400390625,152.94400024414062,153.0229949951172,0.0
2026-09-08 02:30:00+00:00,153.0229949951172,153.23199462890625,153.02099609375,153.2169952392578,0.0
2026-09-08 02:35:00+00:00,153.21800231933594,153.33299255371094,153.2169952392578,153.25399780273438,0.0
2026-09-08 02:40:00+00:00,153.25,153.29100036621094,153.10400390625,153.1179962158203,0.0
2026-09-08 02:45:00+00:00,153.1179962158203,153.2209930419922,153.08799743652344,153.19500732421875,0.0
2026-09-08 02:50:00+00:00,153.18699645996094,153.31100463867188,153.1060028076172,153.31100463867188,0.0
2026-09-08 02:55:00+00:00,153.30599975585938,153.36900329589844,153.25599670410156,153.34100341796875,0.0
2026-09-08 03:00:00+00:00,153.3520050048828,153.36199951171875,153.21499633789062,153.22799682617188,0.0
2026-09-08 03:05:00+00:00,153.2209930419922,153.31100463867188,153.1739959716797,153.28599548339844,0.0
2026-09-08 03:10:00+00:00,153.28199768066406,153.3560028076172,153.26499938964844,153.28700256347656,0.0
2026-09-08 03:15:00+00:00,153.2790069580078,153.343994140625,153.26499938964844,153.31300354003906,0.0
2026-09-08 03:20:00+00:00,153.30499267578125,153.33999633789062,153.26300048828125,153.2949981689453,0.0
2026-09-08 03:25:00+00:00,153.29600524902344,153.30799865722656,153.25900268554688,153.28599548339844,0.0
2026-09-08 03:30:00+00:00,153.2790069580078,153.32699584960938,153.2209930419922,153.2790069580078,0.0
2026-09-08 03:35:00+00:00,153.27999877929688,153.3249969482422,153.23199462890625,153.2530059814453,0.0
2026-09-08 03:40:00+00:00,153.24400329589844,153.27099609375,153.16900634765625,153.1790008544922,0.0
2026-09-08 03:45:00+00:00,153.18299865722656,153.2050018310547,153.11399841308594,153.177001953125,0.0
2026-09-08 03:50:00+00:00,153.17100524902344,153.30799865722656,153.17100524902344,153.30099487304688,0.0
2026-09-08 03:55:00+00:00,153.30099487304688,153.3560028076172,153.29299926757812,153.32200622558594,0.0
2026-09-08 04:00:00+00:00,153.32899475097656,153.4510040283203,153.28799438476562,153.42999267578125,0.0
2026-09-08 04:05:00+00:00,153.4320068359375,153.4669952392578,153.32400512695312,153.35400390625,0.0
2026-09-08 04:10:00+00:00,153.34300231933594,153.36399841308594,153.22799682617188,153.36099243164062,0.0
2026-09-08 04:15:00+00:00,153.35400390625,153.4429931640625,153.33299255371094,153.41600036621094,0.0
2026-09-08 04:20:00+00:00,153.40699768066406,153.4499969482422,153.39199829101562,153.40499877929688,0.0
2026-09-08 04:25:00+00:00,153.4029998779297,153.51600646972656,153.39500427246094,153.48199462890625,0.0
2026-09-08 04:30:00+00:00,153.48300170898438,153.52499389648438,153.42799377441406,153.50100708007812,0.0
2026-09-08 04:35:00+00:00,153.51199340820312,153.56199645996094,153.48800659179688,153.54100036621094,0.0
2026-09-08 04:40:00+00:00,153.54299926757812,153.58299255371094,153.49400329589844,153.5189971923828,0.0
2026-09-08 04:45:00+00:00,153.51100158691406,153.55599975585938,153.49600219726562,153.5449981689453,0.0
2026-09-08 04:50:00+00:00,153.53700256347656,153.58399963378906,153.4929962158203,153.50799560546875,0.0
2026-09-08 04:55:00+00:00,153.5019989013672,153.52000427246094,153.4340057373047,153.46099853515625,0.0
2026-09-08 05:00:00+00:00,153.46099853515625,153.4949951171875,153.3939971923828,153.42300415039062,0.0
2026-09-08 05:05:00+00:00,153.42999267578125,153.468994140625,153.36500549316406,153.36500549316406,0.0
2026-09-08 05:10:00+00:00,153.36300659179688,153.3730010986328,153.3070068359375,153.32400512695312,0.0
2026-09-08 05:15:00+00:00,153.33200073242188,153.38099670410156,153.2729949951172,153.3459930419922,0.0
2026-09-08 05:20:00+00:00,153.3459930419922,153.5290069580078,153.3209991455078,153.50999450683594,0.0
2026-09-08 05:25:00+00:00,153.5,153.53500366210938,153.43899536132812,153.53500366210938,0.0
2026-09-08 05:30:00+00:00,153.53900146484375,153.5919952392578,153.51400756835938,153.53399658203125,0.0
2026-09-08 05:35:00+00:00,153.53599548339844,153.5449981689453,153.4669952392578,153.48599243164062,0.0
2026-09-08 05:40:00+00:00,153.48500061035156,153.48899841308594,153.41799926757812,153.43099975585938,0.0
2026-09-08 05:45:00+00:00,153.43099975585938,153.50399780273438,153.3979949951172,153.47300720214844,0.0
2026-09-08 05:50:00+00:00,153.4759979248047,153.5500030517578,153.4409942626953,153.53500366210938,0.0
2026-09-08 05:55:00+00:00,153.54600524902344,153.54600524902344,153.31399536132812,153.3159942626953,0.0
2026-09-08 06:00:00+00:00,153.3209991455078,153.39599609375,153.3000030517578,153.302001953125,0.0
2026-09-08 06:05:00+00:00,153.302001953125,153.4429931640625,153.2530059814453,153.4290008544922,0.0
2026-09-08 06:10:00+00:00,153.41900634765625,153.5189971923828,153.4149932861328,153.50999450683594,0.0
2026-09-08 06:15:00+00:00,153.50100708007812,153.64100646972656,153.49200439453125,153.63600158691406,0.0
2026-09-08 06:20:00+00:00,153.63099670410156,153.79200744628906,153.63099670410156,153.73899841308594,0.0
2026-09-08 06:25:00+00:00,153.73399353027344,153.77999877929688,153.66200256347656,153.72799682617188,0.0
2026-09-08 06:30:00+00:00,153.72999572753906,153.86000061035156,153.70700073242188,153.85299682617188,0.0
2026-09-08 06:35:00+00:00,153.8520050048828,153.92100524902344,153.81199645996094,153.86900329589844,0.0
2026-09-08 06:40:00+00:00,153.86199951171875,153.8699951171875,153.7220001220703,153.73599243164062,0.0
2026-09-08 06:45:00+00:00,153.72999572753906,153.822998046875,153.72000122070312,153.72500610351562,0.0
2026-09-08 06:50:00+00:00,153.71600341796875,153.7779998779297,153.6820068359375,153.70700073242188,0.0
2026-09-08 06:55:00+00:00,153.697998046875,153.77699279785156,153.66900634765625,153.77699279785156,0.0
2026-09-08 07:00:00+00:00,153.7740020751953,153.87399291992188,153.7270050048828,153.7480010986328,0.0
2026-09-08 07:05:00+00:00,153.7570037841797,153.875,153.71600341796875,153.83399963378906,0.0
2026-09-08 07:10:00+00:00,153.83299255371094,153.9600067138672,153.82000732421875,153.93800354003906,0.0
2026-09-08 07:15:00+00:00,153.93699645996094,153.96099853515625,153.8280029296875,153.83399963378906,0.0
2026-09-08 07:20:00+00:00,153.83599853515625,153.93800354003906,153.8209991455078,153.88400268554688,0.0
2026-09-08 07:25:00+00:00,153.8780059814453,153.89199829101562,153.78399658203125,153.82400512695312,0.0
2026-09-08 07:30:00+00:00,153.82000732421875,153.93499755859375,153.781005859375,153.91799926757812,0.0
2026-09-08 07:35:00+00:00,153.92599487304688,153.93099975585938,153.7949981689453,153.9239959716797,0.0
2026-09-08 07:40:00+00:00,153.9239959716797,153.97000122070312,153.85299682617188,153.86500549316406,0.0
2026-09-08 07:45:00+00:00,153.86599731445312,153.92799377441406,153.8560028076172,153.906005859375,0.0
2026-09-08 07:50:00+00:00,153.906005859375,153.91900634765625,153.7530059814453,153.8730010986328,0.0
2026-09-08 07:55:00+00:00,153.86599731445312,153.88800048828125,153.7949981689453,153.8000030517578,0.0
2026-09-08 08:00:00+00:00,153.7949981689453,154.0749969482422,153.72799682617188,153.968994140625,0.0
2026-09-08 08:05:00+00:00,153.9600067138672,153.9770050048828,153.80499267578125,153.88800048828125,0.0
2026-09-08 08:10:00+00:00,153.8780059814453,153.9459991455078,153.82899475097656,153.93600463867188,0.0
2026-09-08 08:15:00+00:00,153.9459991455078,154.0449981689453,153.9340057373047,153.95700073242188,0.0
2026-09-08 08:20:00+00:00,153.95399475097656,154.00799560546875,153.8280029296875,153.83399963378906,0.0
2026-09-08 08:25:00+00:00,153.83399963378906,153.89599609375,153.79400634765625,153.88400268554688,0.0
2026-09-08 08:30:00+00:00,153.88800048828125,153.95399475097656,153.8780059814453,153.89599609375,0.0
2026-09-08 08:35:00+00:00,153.89500427246094,153.98399353027344,153.87600708007812,153.97300720214844,0.0
2026-09-08 08:40:00+00:00,153.9669952392578,154.1739959716797,153.96200561523438,154.15199279785156,0.0
2026-09-08 08:45:00+00:00,154.1529998779297,154.28799438476562,154.0749969482422,154.07899475097656,0.0
2026-09-08 08:50:00+00:00,154.07899475097656,154.156005859375,154.05599975585938,154.093994140625,0.0
2026-09-08 08:55:00+00:00,154.093994140625,154.23800659179688,154.093994140625,154.1649932861328,0.0
2026-09-08 09:00:00+00:00,154.1719970703125,154.18800354003906,154.08999633789062,154.09300231933594,0.0
2026-09-08 09:05:00+00:00,154.0959930419922,154.10899353027344,154.01499938964844,154.09500122070312,0.0
2026-09-08 09:10:00+00:00,154.09500122070312,154.12600708007812,154.0469970703125,154.11599731445312,0.0
2026-09-08 09:15:00+00:00,154.11599731445312,154.13900756835938,154.0489959716797,154.0590057373047,0.0
2026-09-08 09:20:00+00:00,154.0489959716797,154.0959930419922,154.04400634765625,154.06500244140625,0.0
2026-09-08 09:25:00+00:00,154.0570068359375,154.08200073242188,153.97500610351562,154.0019989013672,0.0
2026-09-08 09:30:00+00:00,154.0030059814453,154.11500549316406,153.8090057373047,154.1020050048828,0.0
2026-09-08 09:35:00+00:00,154.093994140625,154.10299682617188,154.04600524902344,154.052001953125,0.0
2026-09-08 09:40:00+00:00,154.04600524902344,154.05599975585938,153.82200622558594,153.9510040283203,0.0
2026-09-08 09:45:00+00:00,153.9510040283203,153.97999572753906,153.906005859375,153.91099548339844,0.0
2026-09-08 09:50:00+00:00,153.91099548339844,153.92100524902344,153.8470001220703,153.8820037841797,0.0
2026-09-08 09:55:00+00:00,153.87600708007812,153.95599365234375,153.87399291992188,153.91299438476562,0.0
2026-09-08 10:00:00+00:00,153.9029998779297,153.9949951171875,153.90199279785156,153.99200439453125,0.0
2026-09-08 10:05:00+00:00,153.98399353027344,154.00900268554688,153.9550018310547,153.97999572753906,0.0
2026-09-08 10:10:00+00:00,153.98300170898438,154.0500030517578,153.97500610351562,154.04299926757812,0.0
2026-09-08 10:15:00+00:00,154.03500366210938,154.08900451660156,154.0330047607422,154.0800018310547,0.0
2026-09-08 10:20:00+00:00,154.08200073242188,154.10800170898438,153.94900512695312,154.08900451660156,0.0
2026-09-08 10:25:00+00:00,154.09800720214844,154.11199951171875,154.04400634765625,154.10000610351562,0.0
2026-09-08 10:30:00+00:00,154.1060028076172,154.16099548339844,154.10000610351562,154.15199279785156,0.0
2026-09-08 10:35:00+00:00,154.15699768066406,154.2270050048828,154.1479949951172,154.20399475097656,0.0
2026-09-08 10:40:00+00:00,154.19500732421875,154.20399475097656,154.13800048828125,154.19500732421875,0.0
2026-09-08 10:45:00+00:00,154.20199584960938,154.2030029296875,154.1300048828125,154.13499450683594,0.0
2026-09-08 10:50:00+00:00,154.13499450683594,154.1750030517578,154.1009979248047,154.14999389648438,0.0
2026-09-08 10:55:00+00:00,154.1510009765625,154.25900268554688,154.11199951171875,154.24099731445312,0.0
2026-09-08 11:00:00+00:00,154.23300170898438,154.3090057373047,154.2169952392578,154.28700256347656,0.0
2026-09-08 11:05:00+00:00,154.2830047607422,154.38499450683594,154.25599670410156,154.3470001220703,0.0
2026-09-08 11:10:00+00:00,154.35499572753906,154.42300415039062,154.3090057373047,154.343994140625,0.0
2026-09-08 11:15:00+00:00,154.3350067138672,154.35899353027344,154.2480010986328,154.25999450683594,0.0
2026-09-08 11:20:00+00:00,154.2570037841797,154.32699584960938,154.2570037841797,154.2740020751953,0.0
2026-09-08 11:25:00+00:00,154.27099609375,154.2989959716797,154.21499633789062,154.2239990234375,0.0
2026-09-08 11:30:00+00:00,154.21499633789062,154.25999450683594,154.20599365234375,154.2270050048828,0.0
2026-09-08 11:35:00+00:00,154.23199462890625,154.2899932861328,154.13600158691406,154.16600036621094,0.0
2026-09-08 11:40:00+00:00,154.177001953125,154.26800537109375,154.16600036621094,154.2469940185547,0.0
2026-09-08 11:45:00+00:00,154.2469940185547,154.29800415039062,154.23199462890625,154.25900268554688,0.0
2026-09-08 11:50:00+00:00,154.25399780273438,154.38699340820312,154.24899291992188,154.3459930419922,0.0
2026-09-08 11:55:00+00:00,154.33799743652344,154.3520050048828,154.25599670410156,154.25599670410156,0.0
2026-09-08 12:00:00+00:00,154.2570037841797,154.2899932861328,154.19900512695312,154.2469940185547,0.0
2026-09-08 12:05:00+00:00,154.2469940185547,154.3159942626953,154.2449951171875,154.28199768066406,0.0
2026-09-08 12:10:00+00:00,154.28700256347656,154.30499267578125,154.21499633789062,154.21499633789062,0.0
2026-09-08 12:15:00+00:00,154.22000122070312,154.2570037841797,154.16200256347656,154.16400146484375,0.0
2026-09-08 12:20:00+00:00,154.16700744628906,154.18600463867188,154.06100463867188,154.0659942626953,0.0
2026-09-08 12:25:00+00:00,154.07000732421875,154.08599853515625,153.927001953125,153.96200561523438,0.0
2026-09-08 12:30:00+00:00,153.9709930419922,154.06500244140625,153.8939971923828,154.00900268554688,0.0
2026-09-08 12:35:00+00:00,154.0019989013672,154.0780029296875,153.95899963378906,153.96600341796875,0.0
2026-09-08 12:40:00+00:00,153.9600067138672,154.02499389648438,153.9429931640625,153.9669952392578,0.0
2026-09-08 12:45:00+00:00,153.96600341796875,153.99400329589844,153.82699584960938,153.8419952392578,0.0
2026-09-08 12:50:00+00:00,153.83200073242188,153.92100524902344,153.8280029296875,153.8489990234375,0.0
2026-09-08 12:55:00+00:00,153.8419952392578,153.85499572753906,153.78700256347656,153.80499267578125,0.0
2026-09-08 13:00:00+00:00,153.79299926757812,153.8209991455078,153.70899963378906,153.76400756835938,0.0
2026-09-08 13:05:00+00:00,153.75599670410156,153.8509979248047,153.73399353027344,153.83299255371094,0.0
2026-09-08 13:10:00+00:00,153.83099365234375,153.86199951171875,153.7429962158203,153.8520050048828,0.0
2026-09-08 13:15:00+00:00,153.85699462890625,153.9290008544922,153.85000610351562,153.86199951171875,0.0
2026-09-08 13:20:00+00:00,153.86199951171875,153.9040069580078,153.8159942626953,153.8470001220703,0.0
2026-09-08 13:25:00+00:00,153.85499572753906,153.8730010986328,153.76800537109375,153.77999877929688,0.0
2026-09-08 13:30:00+00:00,153.77200317382812,153.8419952392578,153.69500732421875,153.74600219726562,0.0
2026-09-08 13:35:00+00:00,153.7550048828125,153.8459930419922,153.69700622558594,153.8300018310547,0.0
2026-09-08 13:40:00+00:00,153.82899475097656,153.89500427246094,153.7790069580078,153.88299560546875,0.0
2026-09-08 13:45:00+00:00,153.88400268554688,153.89999389648438,153.80799865722656,153.8820037841797,0.0
2026-09-08 13:50:00+00:00,153.8730010986328,153.906005859375,153.8070068359375,153.83299255371094,0.0
2026-09-08 13:55:00+00:00,153.83799743652344,153.92300415039062,153.80099487304688,153.80499267578125,0.0
2026-09-08 14:00:00+00:00,153.80499267578125,153.9080047607422,153.78199768066406,153.87399291992188,0.0
2026-09-08 14:05:00+00:00,153.8679962158203,153.97000122070312,153.8459930419922,153.94400024414062,0.0
2026-09-08 14:10:00+00:00,153.95199584960938,154.1269989013672,153.94400024414062,154.1199951171875,0.0
2026-09-08 14:15:00+00:00,154.125,154.12899780273438,154.00799560546875,154.03900146484375,0.0
2026-09-08 14:20:00+00:00,154.03500366210938,154.1009979248047,154.03399658203125,154.06199645996094,0.0
2026-09-08 14:25:00+00:00,154.06399536132812,154.093994140625,154.03500366210938,154.0500030517578,0.0
2026-09-08 14:30:00+00:00,154.04299926757812,154.05099487304688,153.927001953125,153.95599365234375,0.0
2026-09-08 14:35:00+00:00,153.95700073242188,154.01100158691406,153.89999389648438,154.00399780273438,0.0
2026-09-08 14:40:00+00:00,153.9980010986328,154.031005859375,153.96600341796875,154.01699829101562,0.0
2026-09-08 14:45:00+00:00,154.01300048828125,154.0290069580078,153.95700073242188,153.96099853515625,0.0
2026-09-08 14:50:00+00:00,153.96200561523438,153.99200439453125,153.91099548339844,153.94400024414062,0.0
2026-09-08 14:55:00+00:00,153.93699645996094,154.05499267578125,153.93600463867188,154.0019989013672,0.0
2026-09-08 15:00:00+00:00,153.9980010986328,154.14100646972656,153.99600219726562,154.11700439453125,0.0
2026-09-08 15:05:00+00:00,154.11500549316406,154.1820068359375,154.11500549316406,154.13999938964844,0.0
2026-09-08 15:10:00+00:00,154.13999938964844,154.20599365234375,154.12600708007812,154.19400024414062,0.0
2026-09-08 15:15:00+00:00,154.18899536132812,154.23899841308594,154.1649932861328,154.22500610351562,0.0
2026-09-08 15:20:00+00:00,154.22500610351562,154.26400756835938,154.18499755859375,154.21099853515625,0.0
2026-09-08 15:25:00+00:00,154.21099853515625,154.21800231933594,154.13699340820312,154.20599365234375,0.0
2026-09-08 15:30:00+00:00,154.1999969482422,154.20799255371094,154.11399841308594,154.11700439453125,0.0
2026-09-08 15:35:00+00:00,154.11700439453125,154.1750030517578,154.10699462890625,154.14599609375,0.0
2026-09-08 15:40:00+00:00,154.14599609375,154.20599365234375,154.1439971923828,154.20599365234375,0.0
2026-09-08 15:45:00+00:00,154.19900512695312,154.2429962158203,154.177001953125,154.2050018310547,0.0
2026-09-08 15:50:00+00:00,154.19900512695312,154.23199462890625,154.16900634765625,154.18699645996094,0.0
2026-09-08 15:55:00+00:00,154.18699645996094,154.2469940185547,154.15699768066406,154.24400329589844,0.0
2026-09-08 16:00:00+00:00,154.23599243164062,154.2689971923828,154.21200561523438,154.21800231933594,0.0
2026-09-08 16:05:00+00:00,154.21400451660156,154.2760009765625,154.21200561523438,154.27200317382812,0.0
2026-09-08 16:10:00+00:00,154.26600646972656,154.3419952392578,154.26499938964844,154.31199645996094,0.0
2026-09-08 16:15:00+00:00,154.31500244140625,154.37399291992188,154.30499267578125,154.36399841308594,0.0
2026-09-08 16:20:00+00:00,154.36099243164062,154.38299560546875,154.33599853515625,154.33999633789062,0.0
2026-09-08 16:25:00+00:00,154.33999633789062,154.34300231933594,154.26300048828125,154.28900146484375,0.0
2026-09-08 16:30:00+00:00,154.2899932861328,154.29200744628906,154.24099731445312,154.26600646972656,0.0
2026-09-08 16:35:00+00:00,154.2729949951172,154.28900146484375,154.23899841308594,154.26499938964844,0.0
2026-09-08 16:40:00+00:00,154.25900268554688,154.3280029296875,154.24600219726562,154.30499267578125,0.0
2026-09-08 16:45:00+00:00,154.30599975585938,154.3470001220703,154.3040008544922,154.322998046875,0.0
2026-09-08 16:50:00+00:00,154.32000732421875,154.33999633789062,154.2530059814453,154.29100036621094,0.0
2026-09-08 16:55:00+00:00,154.28799438476562,154.3249969482422,154.26100158691406,154.27499389648438,0.0
2026-09-08 17:00:00+00:00,154.26400756835938,154.2760009765625,154.2100067138672,154.2270050048828,0.0
2026-09-08 17:05:00+00:00,154.2259979248047,154.28599548339844,154.2100067138672,154.26400756835938,0.0
2026-09-08 17:10:00+00:00,154.2740020751953,154.2740020751953,154.2270050048828,154.24899291992188,0.0
2026-09-08 17:15:00+00:00,154.2530059814453,154.25900268554688,154.2239990234375,154.2449951171875,0.0
2026-09-08 17:20:00+00:00,154.24000549316406,154.28399658203125,154.2259979248047,154.2449951171875,0.0
2026-09-08 17:25:00+00:00,154.23599243164062,154.2830047607422,154.23500061035156,154.24099731445312,0.0
2026-09-08 17:30:00+00:00,154.24400329589844,154.31199645996094,154.23399353027344,154.2989959716797,0.0
2026-09-08 17:35:00+00:00,154.3000030517578,154.3249969482422,154.24000549316406,154.25900268554688,0.0
2026-09-08 17:40:00+00:00,154.25100708007812,154.28599548339844,154.25100708007812,154.27999877929688,0.0
2026-09-08 17:45:00+00:00,154.2729949951172,154.2830047607422,154.23800659179688,154.2570037841797,0.0
2026-09-08 17:50:00+00:00,154.2480010986328,154.281005859375,154.23599243164062,154.26499938964844,0.0
2026-09-08 17:55:00+00:00,154.26600646972656,154.28399658203125,154.2169952392578,154.21800231933594,0.0
2026-09-08 18:00:00+00:00,154.2169952392578,154.25799560546875,154.20700073242188,154.25799560546875,0.0
2026-09-08 18:05:00+00:00,154.2480010986328,154.32699584960938,154.23699951171875,154.29800415039062,0.0
2026-09-08 18:10:00+00:00,154.30499267578125,154.34800720214844,154.29400634765625,154.33900451660156,0.0
2026-09-08 18:15:00+00:00,154.33599853515625,154.39300537109375,154.29400634765625,154.33799743652344,0.0
2026-09-08 18:20:00+00:00,154.3350067138672,154.36000061035156,154.26100158691406,154.26300048828125,0.0
2026-09-08 18:25:00+00:00,154.26300048828125,154.2949981689453,154.2220001220703,154.23699951171875,0.0
2026-09-08 18:30:00+00:00,154.24200439453125,154.2689971923828,154.1529998779297,154.1739959716797,0.0
2026-09-08 18:35:00+00:00,154.16600036621094,154.18800354003906,154.10499572753906,154.11900329589844,0.0
2026-09-08 18:40:00+00:00,154.11900329589844,154.13600158691406,154.0500030517578,154.07400512695312,0.0
2026-09-08 18:45:00+00:00,154.0800018310547,154.31900024414062,154.04600524902344,154.25599670410156,0.0
2026-09-08 18:50:00+00:00,154.26199340820312,154.26800537109375,154.04600524902344,154.04800415039062,0.0
2026-09-08 18:55:00+00:00,154.0540008544922,154.09100341796875,153.43899536132812,153.58200073242188,0.0
2026-09-08 19:00:00+00:00,153.59100341796875,153.8300018310547,153.59100341796875,153.80499267578125,0.0
2026-09-08 19:05:00+00:00,153.80799865722656,153.86500549316406,153.76300048828125,153.84100341796875,0.0
2026-09-08 19:10:00+00:00,153.83599853515625,153.906005859375,153.82400512695312,153.86000061035156,0.0
2026-09-08 19:15:00+00:00,153.85800170898438,153.91600036621094,153.83799743652344,153.91200256347656,0.0
2026-09-08 19:20:00+00:00,153.90699768066406,153.94000244140625,153.86099243164062,153.88299560546875,0.0
2026-09-08 19:25:00+00:00,153.8800048828125,153.9510040283203,153.8780059814453,153.947998046875,0.0
2026-09-08 19:30:00+00:00,153.94200134277344,153.97300720214844,153.88400268554688,153.94400024414062,0.0
2026-09-08 19:35:00+00:00,153.9429931640625,153.95599365234375,153.8280029296875,153.843994140625,0.0
2026-09-08 19:40:00+00:00,153.8419952392578,153.9029998779297,153.80999755859375,153.88099670410156,0.0
2026-09-08 19:45:00+00:00,153.88099670410156,153.93800354003906,153.88099670410156,153.92300415039062,0.0
2026-09-08 19:50:00+00:00,153.91799926757812,153.98699951171875,153.91299438476562,153.9510040283203,0.0
2026-09-08 19:55:00+00:00,153.95599365234375,154.0070037841797,153.9510040283203,153.9810028076172,0.0
2026-09-08 20:00:00+00:00,153.98599243164062,153.98599243164062,153.91700744628906,153.9600067138672,0.0
2026-09-08 20:05:00+00:00,153.95899963378906,153.99400329589844,153.9499969482422,153.968994140625,0.0
2026-09-08 20:10:00+00:00,153.968994140625,154.01199340820312,153.96400451660156,153.9709930419922,0.0
2026-09-08 20:15:00+00:00,153.97900390625,153.99600219726562,153.93699645996094,153.9510040283203,0.0
2026-09-08 20:20:00+00:00,153.9510040283203,153.9969940185547,153.9429931640625,153.97799682617188,0.0
2026-09-08 20:25:00+00:00,153.97799682617188,154.01300048828125,153.9510040283203,153.99400329589844,0.0
2026-09-08 20:30:00+00:00,153.98699951171875,154.0189971923828,153.96299743652344,153.97999572753906,0.0
2026-09-08 20:35:00+00:00,153.9810028076172,153.98899841308594,153.9600067138672,153.98500061035156,0.0
2026-09-08 20:40:00+00:00,153.97300720214844,154.01199340820312,153.96400451660156,153.98899841308594,0.0
2026-09-08 20:45:00+00:00,153.98899841308594,154.0189971923828,153.98599243164062,154.00900268554688,0.0
2026-09-08 20:50:00+00:00,154.01199340820312,154.01800537109375,153.97300720214844,153.97999572753906,0.0
2026-09-08 20:55:00+00:00,153.98599243164062,154.00900268554688,153.9499969482422,153.95700073242188,0.0
2026-09-08 21:00:00+00:00,153.93899536132812,153.96400451660156,153.8979949951172,153.96400451660156,0.0
2026-09-08 21:05:00+00:00,153.95799255371094,153.96400451660156,153.927001953125,153.94500732421875,0.0
2026-09-08 21:10:00+00:00,153.9709930419922,153.97999572753906,153.93499755859375,153.97500610351562,0.0
2026-09-08 21:15:00+00:00,153.9340057373047,153.96800231933594,153.927001953125,153.9459991455078,0.0
2026-09-08 21:20:00+00:00,153.93299865722656,153.96099853515625,153.9290008544922,153.95899963378906,0.0
2026-09-08 21:25:00+00:00,153.9600067138672,153.9600067138672,153.8699951171875,153.9080047607422,0.0
2026-09-08 21:30:00+00:00,153.90499877929688,153.9409942626953,153.9029998779297,153.9239959716797,0.0
2026-09-08 21:35:00+00:00,153.9199981689453,153.927001953125,153.8249969482422,153.8780059814453,0.0
2026-09-08 21:40:00+00:00,153.87899780273438,153.88900756835938,153.83700561523438,153.86099243164062,0.0
2026-09-08 21:45:00+00:00,153.86900329589844,153.88900756835938,153.83900451660156,153.8719940185547,0.0
2026-09-08 21:50:00+00:00,153.8719940185547,153.88800048828125,153.83099365234375,153.85499572753906,0.0
2026-09-08 21:55:00+00:00,153.83900451660156,153.8730010986328,153.8159942626953,153.8509979248047,0.0
2026-09-08 22:00:00+00:00,153.83099365234375,153.9739990234375,153.8249969482422,153.8489990234375,0.0
2026-09-08 22:05:00+00:00,153.82899475097656,153.85299682617188,153.71800231933594,153.74899291992188,0.0
2026-09-08 22:10:00+00:00,153.75599670410156,153.78700256347656,153.73500061035156,153.74600219726562,0.0
2026-09-08 22:15:00+00:00,153.74600219726562,153.76499938964844,153.70599365234375,153.7169952392578,0.0
2026-09-08 22:20:00+00:00,153.72799682617188,153.73800659179688,153.6750030517578,153.697998046875,0.0
2026-09-08 22:25:00+00:00,153.69400024414062,153.71099853515625,153.6510009765625,153.6510009765625,0.0
2026-09-08 22:30:00+00:00,153.65699768066406,153.69500732421875,153.61300659179688,153.69200134277344,0.0
2026-09-08 22:35:00+00:00,153.68699645996094,153.7169952392578,153.67300415039062,153.68499755859375,0.0
2026-09-08 22:40:00+00:00,153.68499755859375,153.74600219726562,153.68499755859375,153.72999572753906,0.0
2026-09-08 22:45:00+00:00,153.7449951171875,153.75,153.69500732421875,153.70399475097656,0.0
2026-09-08 22:50:00+00:00,153.69500732421875,153.74899291992188,153.6840057373047,153.74899291992188,0.0
2026-09-08 22:55:00+00:00,153.75,153.7729949951172,153.73199462890625,153.7480010986328,0.0
2026-09-08 23:00:00+00:00,153.7220001220703,153.73699951171875,153.6529998779297,153.697998046875,0.0
2026-09-08 23:05:00+00:00,153.697998046875,153.71200561523438,153.57000732421875,153.58900451660156,0.0
2026-09-08 23:10:00+00:00,153.58799743652344,153.60299682617188,153.55599975585938,153.55999755859375,0.0
2026-09-08 23:15:00+00:00,153.55999755859375,153.56900024414062,153.50399780273438,153.52000427246094,0.0
2026-09-08 23:20:00+00:00,153.51699829101562,153.60699462890625,153.50900268554688,153.5469970703125,0.0
2026-09-08 23:25:00+00:00,153.54800415039062,153.56700134277344,153.53199768066406,153.5489959716797,0.0
2026-09-08 23:30:00+00:00,153.5489959716797,153.6269989013672,153.4969940185547,153.61399841308594,0.0
2026-09-08 23:35:00+00:00,153.6219940185547,153.64199829101562,153.58099365234375,153.58399963378906,0.0
2026-09-08 23:40:00+00:00,153.593994140625,153.61900329589844,153.4709930419922,153.49099731445312,0.0
2026-09-08 23:45:00+00:00,153.49099731445312,153.55499267578125,153.4250030517578,153.4250030517578,0.0
2026-09-08 23:50:00+00:00,153.43600463867188,153.50599670410156,153.4219970703125,153.46800231933594,0.0
2026-09-08 23:55:00+00:00,153.45700073242188,153.51199340820312,153.41700744628906,153.44400024414062,0.0
2026-09-09 00:00:00+00:00,153.44400024414062,153.46200561523438,153.3459930419922,153.3939971923828,0.0
2026-09-09 00:05:00+00:00,153.3699951171875,153.41700744628906,153.3249969482422,153.36300659179688,0.0
2026-09-09 00:10:00+00:00,153.36599731445312,153.37399291992188,153.28799438476562,153.32400512695312,0.0
2026-09-09 00:15:00+00:00,153.322998046875,153.3419952392578,153.24600219726562,153.2570037841797,0.0
2026-09-09 00:20:00+00:00,153.2570037841797,153.40699768066406,153.2550048828125,153.36900329589844,0.0
2026-09-09 00:25:00+00:00,153.3730010986328,153.3820037841797,153.302001953125,153.35400390625,0.0
2026-09-09 00:30:00+00:00,153.36099243164062,153.53500366210938,153.3520050048828,153.51499938964844,0.0
2026-09-09 00:35:00+00:00,153.49899291992188,153.6020050048828,153.4929962158203,153.56399536132812,0.0
2026-09-09 00:40:00+00:00,153.56399536132812,153.63900756835938,153.56399536132812,153.6219940185547,0.0
2026-09-09 00:45:00+00:00,153.6199951171875,153.68899536132812,153.58399963378906,153.64100646972656,0.0
2026-09-09 00:50:00+00:00,153.64100646972656,153.74000549316406,153.58599853515625,153.69000244140625,0.0
2026-09-09 00:55:00+00:00,153.7030029296875,153.70399475097656,153.56500244140625,153.5659942626953,0.0
2026-09-09 01:00:00+00:00,153.5679931640625,153.66799926757812,153.56500244140625,153.6540069580078,0.0
2026-09-09 01:05:00+00:00,153.6490020751953,153.7519989013672,153.64500427246094,153.69400024414062,0.0
2026-09-09 01:10:00+00:00,153.69200134277344,153.75399780273438,153.66099548339844,153.71600341796875,0.0
2026-09-09 01:15:00+00:00,153.7239990234375,153.7259979248047,153.63800048828125,153.69200134277344,0.0
2026-09-09 01:20:00+00:00,153.69400024414062,153.82699584960938,153.69000244140625,153.80999755859375,0.0
2026-09-09 01:25:00+00:00,153.8090057373047,153.83099365234375,153.77000427246094,153.79200744628906,0.0
2026-09-09 01:30:00+00:00,153.79200744628906,153.80999755859375,153.7270050048828,153.7310028076172,0.0
2026-09-09 01:35:00+00:00,153.7310028076172,153.74899291992188,153.67799377441406,153.6820068359375,0.0
2026-09-09 01:40:00+00:00,153.68600463867188,153.7100067138672,153.63099670410156,153.69900512695312,0.0
2026-09-09 01:45:00+00:00,153.70700073242188,153.70799255371094,153.58700561523438,153.6300048828125,0.0
2026-09-09 01:50:00+00:00,153.6300048828125,153.66700744628906,153.60499572753906,153.61900329589844,0.0
2026-09-09 01:55:00+00:00,153.6179962158203,153.62100219726562,153.53399658203125,153.552001953125,0.0
2026-09-09 02:00:00+00:00,153.5469970703125,153.63999938964844,153.53399658203125,153.6230010986328,0.0
2026-09-09 02:05:00+00:00,153.6230010986328,153.66799926757812,153.6009979248047,153.61300659179688,0.0
2026-09-09 02:10:00+00:00,153.60899353027344,153.62899780273438,153.55999755859375,153.58700561523438,0.0
2026-09-09 02:15:00+00:00,153.58700561523438,153.63999938964844,153.5749969482422,153.59800720214844,0.0
2026-09-09 02:20:00+00:00,153.60499572753906,153.66799926757812,153.5800018310547,153.625,0.0
2026-09-09 02:25:00+00:00,153.6280059814453,153.7050018310547,153.6219940185547,153.66400146484375,0.0
2026-09-09 02:30:00+00:00,153.66400146484375,153.68099975585938,153.5850067138672,153.61700439453125,0.0
2026-09-09 02:35:00+00:00,153.61000061035156,153.63900756835938,153.57200622558594,153.59300231933594,0.0
2026-09-09 02:40:00+00:00,153.58399963378906,153.61900329589844,153.56100463867188,153.56500244140625,0.0
2026-09-09 02:45:00+00:00,153.5659942626953,153.57400512695312,153.5070037841797,153.5290069580078,0.0
2026-09-09 02:50:00+00:00,153.53599548339844,153.5469970703125,153.47999572753906,153.51100158691406,0.0
2026-09-09 02:55:00+00:00,153.52099609375,153.5330047607422,153.45199584960938,153.50999450683594,0.0
2026-09-09 03:00:00+00:00,153.5050048828125,153.53700256347656,153.4739990234375,153.52200317382812,0.0
2026-09-09 03:05:00+00:00,153.52200317382812,153.5800018310547,153.5050048828125,153.5679931640625,0.0
2026-09-09 03:10:00+00:00,153.56300354003906,153.58299255371094,153.53500366210938,153.5709991455078,0.0
2026-09-09 03:15:00+00:00,153.56199645996094,153.59800720214844,153.54800415039062,153.572998046875,0.0
2026-09-09 03:20:00+00:00,153.56500244140625,153.58700561523438,153.53399658203125,153.55499267578125,0.0
2026-09-09 03:25:00+00:00,153.55799865722656,153.5780029296875,153.52499389648438,153.53700256347656,0.0
2026-09-09 03:30:00+00:00,153.53700256347656,153.55999755859375,153.49600219726562,153.50100708007812,0.0
2026-09-09 03:35:00+00:00,153.50100708007812,153.5050048828125,153.41799926757812,153.4250030517578,0.0
2026-09-09 03:40:00+00:00,153.4320068359375,153.4340057373047,153.3699951171875,153.38299560546875,0.0
2026-09-09 03:45:00+00:00,153.38099670410156,153.4320068359375,153.3300018310547,153.41799926757812,0.0
2026-09-09 03:50:00+00:00,153.41299438476562,153.4550018310547,153.38600158691406,153.4340057373047,0.0
2026-09-09 03:55:00+00:00,153.43800354003906,153.47500610351562,153.406005859375,153.44700622558594,0.0
2026-09-09 04:00:00+00:00,153.44000244140625,153.468994140625,153.38400268554688,153.39700317382812,0.0
2026-09-09 04:05:00+00:00,153.39599609375,153.42300415039062,153.33599853515625,153.3509979248047,0.0
2026-09-09 04:10:00+00:00,153.34300231933594,153.37100219726562,153.32000732421875,153.36700439453125,0.0
2026-09-09 04:15:00+00:00,153.36099243164062,153.38999938964844,153.3249969482422,153.32899475097656,0.0
2026-09-09 04:20:00+00:00,153.33599853515625,153.39599609375,153.31500244140625,153.33999633789062,0.0
2026-09-09 04:25:00+00:00,153.33999633789062,153.36500549316406,153.2969970703125,153.32000732421875,0.0
2026-09-09 04:30:00+00:00,153.322998046875,153.35899353027344,153.2969970703125,153.35400390625,0.0
2026-09-09 04:35:00+00:00,153.35400390625,153.39700317382812,153.33599853515625,153.38699340820312,0.0
2026-09-09 04:40:00+00:00,153.38699340820312,153.4409942626953,153.375,153.38299560546875,0.0
2026-09-09 04:45:00+00:00,153.37600708007812,153.4510040283203,153.3719940185547,153.44900512695312,0.0
2026-09-09 04:50:00+00:00,153.447998046875,153.48199462890625,153.43600463867188,153.4720001220703,0.0
2026-09-09 04:55:00+00:00,153.47999572753906,153.48699951171875,153.427001953125,153.46499633789062,0.0
2026-09-09 05:00:00+00:00,153.45899963378906,153.48399353027344,153.39999389648438,153.41000366210938,0.0
2026-09-09 05:05:00+00:00,153.40199279785156,153.41600036621094,153.34100341796875,153.3470001220703,0.0
2026-09-09 05:10:00+00:00,153.35299682617188,153.45700073242188,153.3350067138672,153.44400024414062,0.0
2026-09-09 05:15:00+00:00,153.4340057373047,153.45700073242188,153.39700317382812,153.39700317382812,0.0
2026-09-09 05:20:00+00:00,153.40499877929688,153.4149932861328,153.33299255371094,153.34800720214844,0.0
2026-09-09 05:25:00+00:00,153.33999633789062,153.3719940185547,153.2899932861328,153.3040008544922,0.0
2026-09-09 05:30:00+00:00,153.30099487304688,153.35499572753906,153.27000427246094,153.30999755859375,0.0
2026-09-09 05:35:00+00:00,153.30999755859375,153.35299682617188,153.27999877929688,153.31500244140625,0.0
2026-09-09 05:40:00+00:00,153.31399536132812,153.37600708007812,153.29400634765625,153.35800170898438,0.0
2026-09-09 05:45:00+00:00,153.36399841308594,153.41099548339844,153.33700561523438,153.38499450683594,0.0
2026-09-09 05:50:00+00:00,153.38499450683594,153.41000366210938,153.322998046875,153.3249969482422,0.0
2026-09-09 05:55:00+00:00,153.32899475097656,153.33099365234375,153.22799682617188,153.3000030517578,0.0
2026-09-09 06:00:00+00:00,153.29400634765625,153.3249969482422,153.12600708007812,153.13499450683594,0.0
2026-09-09 06:05:00+00:00,153.13600158691406,153.24899291992188,153.10499572753906,153.21400451660156,0.0
2026-09-09 06:10:00+00:00,153.21200561523438,153.22000122070312,153.07699584960938,153.08900451660156,0.0
2026-09-09 06:15:00+00:00,153.08399963378906,153.0959930419922,153.03399658203125,153.08200073242188,0.0
2026-09-09 06:20:00+00:00,153.08200073242188,153.12600708007812,152.92999267578125,153.00799560546875,0.0
2026-09-09 06:25:00+00:00,153.00399780273438,153.14700317382812,152.98599243164062,153.13800048828125,0.0
2026-09-09 06:30:00+00:00,153.14599609375,153.2530059814453,153.13800048828125,153.1999969482422,0.0
2026-09-09 06:35:00+00:00,153.19700622558594,153.28700256347656,153.19500732421875,153.25399780273438,0.0
2026-09-09 06:40:00+00:00,153.25399780273438,153.37899780273438,153.22500610351562,153.3719940185547,0.0
2026-09-09 06:45:00+00:00,153.36599731445312,153.39300537109375,153.30499267578125,153.33299255371094,0.0
2026-09-09 06:50:00+00:00,153.32899475097656,153.36500549316406,153.27999877929688,153.27999877929688,0.0
2026-09-09 06:55:00+00:00,153.28399658203125,153.34500122070312,153.25,153.33799743652344,0.0
2026-09-09 07:00:00+00:00,153.33900451660156,153.35299682617188,153.18099975585938,153.22799682617188,0.0
2026-09-09 07:05:00+00:00,153.2209930419922,153.2480010986328,153.15499877929688,153.1750030517578,0.0
2026-09-09 07:10:00+00:00,153.1750030517578,153.1820068359375,153.08700561523438,153.1490020751953,0.0
2026-09-09 07:15:00+00:00,153.1540069580078,153.2689971923828,153.1219940185547,153.26400756835938,0.0
2026-09-09 07:20:00+00:00,153.25799560546875,153.36099243164062,153.25799560546875,153.34100341796875,0.0
2026-09-09 07:25:00+00:00,153.3419952392578,153.35400390625,153.24400329589844,153.29299926757812,0.0
2026-09-09 07:30:00+00:00,153.29299926757812,153.3719940185547,153.22999572753906,153.302001953125,0.0
2026-09-09 07:35:00+00:00,153.30599975585938,153.32200622558594,153.1750030517578,153.17799377441406,0.0
2026-09-09 07:40:00+00:00,153.17999267578125,153.22000122070312,153.12600708007812,153.1649932861328,0.0
2026-09-09 07:45:00+00:00,153.16799926757812,153.1929931640625,153.10000610351562,153.15499877929688,0.0
2026-09-09 07:50:00+00:00,153.15499877929688,153.2530059814453,153.125,153.24200439453125,0.0
2026-09-09 07:55:00+00:00,153.24600219726562,153.2469940185547,153.08599853515625,153.10299682617188,0.0
2026-09-09 08:00:00+00:00,153.10899353027344,153.3070068359375,153.0970001220703,153.29400634765625,0.0
2026-09-09 08:05:00+00:00,153.28900146484375,153.38400268554688,153.28799438476562,153.33099365234375,0.0
2026-09-09 08:10:00+00:00,153.3249969482422,153.36500549316406,153.26199340820312,153.3300018310547,0.0
2026-09-09 08:15:00+00:00,153.32899475097656,153.44900512695312,153.32400512695312,153.3679962158203,0.0
2026-09-09 08:20:00+00:00,153.36700439453125,153.45899963378906,153.35400390625,153.4530029296875,0.0
2026-09-09 08:25:00+00:00,153.447998046875,153.55999755859375,153.4250030517578,153.54200744628906,0.0
2026-09-09 08:30:00+00:00,153.5399932861328,153.66600036621094,153.53199768066406,153.6179962158203,0.0
2026-09-09 08:35:00+00:00,153.61500549316406,153.6510009765625,153.6009979248047,153.6060028076172,0.0
2026-09-09 08:40:00+00:00,153.6060028076172,153.65199279785156,153.57699584960938,153.5989990234375,0.0
2026-09-09 08:45:00+00:00,153.6020050048828,153.61500549316406,153.53700256347656,153.572998046875,0.0
2026-09-09 08:50:00+00:00,153.572998046875,153.6020050048828,153.53900146484375,153.6009979248047,0.0
2026-09-09 08:55:00+00:00,153.6009979248047,153.6820068359375,153.55299377441406,153.65499877929688,0.0
2026-09-09 09:00:00+00:00,153.64199829101562,153.66099548339844,153.572998046875,153.572998046875,0.0
2026-09-09 09:05:00+00:00,153.572998046875,153.6179962158203,153.55099487304688,153.61199951171875,0.0
2026-09-09 09:10:00+00:00,153.60699462890625,153.63999938964844,153.56300354003906,153.56300354003906,0.0
2026-09-09 09:15:00+00:00,153.5679931640625,153.59300231933594,153.53700256347656,153.57400512695312,0.0
2026-09-09 09:20:00+00:00,153.57400512695312,153.58200073242188,153.51300048828125,153.51699829101562,0.0
2026-09-09 09:25:00+00:00,153.51699829101562,153.5260009765625,153.4669952392578,153.4709930419922,0.0
2026-09-09 09:30:00+00:00,153.4770050048828,153.5070037841797,153.45799255371094,153.48699951171875,0.0
2026-09-09 09:35:00+00:00,153.49400329589844,153.52099609375,153.46600341796875,153.4810028076172,0.0
2026-09-09 09:40:00+00:00,153.4810028076172,153.49000549316406,153.41000366210938,153.42100524902344,0.0
2026-09-09 09:45:00+00:00,153.41799926757812,153.5260009765625,153.40699768066406,153.51699829101562,0.0
2026-09-09 09:50:00+00:00,153.52499389648438,153.59300231933594,153.51600646972656,153.58299255371094,0.0
2026-09-09 09:55:00+00:00,153.58299255371094,153.66400146484375,153.56500244140625,153.6479949951172,0.0
2026-09-09 10:00:00+00:00,153.63999938964844,153.66400146484375,153.5919952392578,153.6009979248047,0.0
2026-09-09 10:05:00+00:00,153.6060028076172,153.64599609375,153.58799743652344,153.63900756835938,0.0
2026-09-09 10:10:00+00:00,153.63999938964844,153.68299865722656,153.5850067138672,153.6580047607422,0.0
2026-09-09 10:15:00+00:00,153.6580047607422,153.72799682617188,153.64999389648438,153.67100524902344,0.0
2026-09-09 10:20:00+00:00,153.66600036621094,153.6750030517578,153.5679931640625,153.5989990234375,0.0
2026-09-09 10:25:00+00:00,153.5970001220703,153.61599731445312,153.5240020751953,153.56199645996094,0.0
2026-09-09 10:30:00+00:00,153.56199645996094,153.6020050048828,153.51100158691406,153.52200317382812,0.0
2026-09-09 10:35:00+00:00,153.51300048828125,153.54400634765625,153.4810028076172,153.52200317382812,0.0
2026-09-09 10:40:00+00:00,153.531005859375,153.6179962158203,153.51699829101562,153.60899353027344,0.0
2026-09-09 10:45:00+00:00,153.61199951171875,153.6280059814453,153.51499938964844,153.5229949951172,0.0
2026-09-09 10:50:00+00:00,153.52699279785156,153.55799865722656,153.49000549316406,153.5399932861328,0.0
2026-09-09 10:55:00+00:00,153.5399932861328,153.57899475097656,153.5279998779297,153.5489959716797,0.0
2026-09-09 11:00:00+00:00,153.55299377441406,153.58299255371094,153.48699951171875,153.49200439453125,0.0
2026-09-09 11:05:00+00:00,153.49200439453125,153.51100158691406,153.44700622558594,153.45599365234375,0.0
2026-09-09 11:10:00+00:00,153.4550018310547,153.4739990234375,153.43299865722656,153.45700073242188,0.0
2026-09-09 11:15:00+00:00,153.45599365234375,153.50100708007812,153.406005859375,153.4080047607422,0.0
2026-09-09 11:20:00+00:00,153.4080047607422,153.4409942626953,153.406005859375,153.40899658203125,0.0
2026-09-09 11:25:00+00:00,153.40899658203125,153.41600036621094,153.3159942626953,153.322998046875,0.0
2026-09-09 11:30:00+00:00,153.32899475097656,153.39199829101562,153.29600524902344,153.31300354003906,0.0
2026-09-09 11:35:00+00:00,153.30999755859375,153.36399841308594,153.29800415039062,153.33999633789062,0.0
2026-09-09 11:40:00+00:00,153.3350067138672,153.38999938964844,153.31500244140625,153.36599731445312,0.0
2026-09-09 11:45:00+00:00,153.36300659179688,153.37100219726562,153.24899291992188,153.25999450683594,0.0
2026-09-09 11:50:00+00:00,153.2570037841797,153.322998046875,153.23399353027344,153.2830047607422,0.0
2026-09-09 11:55:00+00:00,153.2779998779297,153.29200744628906,153.18800354003906,153.22500610351562,0.0
2026-09-09 12:00:00+00:00,153.22799682617188,153.28799438476562,153.19000244140625,153.24000549316406,0.0
2026-09-09 12:05:00+00:00,153.23800659179688,153.3260040283203,153.218994140625,153.25799560546875,0.0
2026-09-09 12:10:00+00:00,153.25599670410156,153.31500244140625,153.2519989013672,153.27999877929688,0.0
2026-09-09 12:15:00+00:00,153.27999877929688,153.34800720214844,153.2790069580078,153.29100036621094,0.0
2026-09-09 12:20:00+00:00,153.28799438476562,153.39100646972656,153.26300048828125,153.35000610351562,0.0
2026-09-09 12:25:00+00:00,153.3560028076172,153.4510040283203,153.3300018310547,153.42799377441406,0.0
2026-09-09 12:30:00+00:00,153.4320068359375,153.48599243164062,153.4219970703125,153.43899536132812,0.0
2026-09-09 12:35:00+00:00,153.44700622558594,153.44900512695312,153.3419952392578,153.375,0.0
2026-09-09 12:40:00+00:00,153.37399291992188,153.40899658203125,153.35800170898438,153.375,0.0
2026-09-09 12:45:00+00:00,153.3769989013672,153.38099670410156,153.30099487304688,153.34500122070312,0.0
2026-09-09 12:50:00+00:00,153.3459930419922,153.3820037841797,153.31500244140625,153.36900329589844,0.0
2026-09-09 12:55:00+00:00,153.37899780273438,153.38400268554688,153.33200073242188,153.33399963378906,0.0
2026-09-09 13:00:00+00:00,153.32400512695312,153.35299682617188,153.2570037841797,153.3040008544922,0.0
2026-09-09 13:05:00+00:00,153.2989959716797,153.31700134277344,153.2519989013672,153.2729949951172,0.0
2026-09-09 13:10:00+00:00,153.2729949951172,153.30499267578125,153.24099731445312,153.25599670410156,0.0
2026-09-09 13:15:00+00:00,153.25799560546875,153.33099365234375,153.2429962158203,153.26100158691406,0.0
2026-09-09 13:20:00+00:00,153.26100158691406,153.36000061035156,153.25900268554688,153.31700134277344,0.0
2026-09-09 13:25:00+00:00,153.31700134277344,153.34500122070312,153.302001953125,153.33200073242188,0.0
2026-09-09 13:30:00+00:00,153.32400512695312,153.37600708007812,153.29800415039062,153.33299255371094,0.0
2026-09-09 13:35:00+00:00,153.33299255371094,153.41099548339844,153.3179931640625,153.3470001220703,0.0
2026-09-09 13:40:00+00:00,153.3459930419922,153.44700622558594,153.33999633789062,153.35699462890625,0.0
2026-09-09 13:45:00+00:00,153.35400390625,153.39100646972656,153.22999572753906,153.27099609375,0.0
2026-09-09 13:50:00+00:00,153.26600646972656,153.3459930419922,153.24400329589844,153.3459930419922,0.0
2026-09-09 13:55:00+00:00,153.33999633789062,153.34500122070312,153.2729949951172,153.2790069580078,0.0
2026-09-09 14:00:00+00:00,153.2790069580078,153.30499267578125,153.13299560546875,153.17300415039062,0.0
2026-09-09 14:05:00+00:00,153.17300415039062,153.18600463867188,153.11099243164062,153.13299560546875,0.0
2026-09-09 14:10:00+00:00,153.1269989013672,153.1820068359375,153.09800720214844,153.10699462890625,0.0
2026-09-09 14:15:00+00:00,153.0989990234375,153.22300720214844,153.0959930419922,153.1739959716797,0.0
2026-09-09 14:20:00+00:00,153.1719970703125,153.3090057373047,153.16200256347656,153.30599975585938,0.0
2026-09-09 14:25:00+00:00,153.30999755859375,153.32699584960938,153.2100067138672,153.22799682617188,0.0
2026-09-09 14:30:00+00:00,153.22900390625,153.2779998779297,153.2259979248047,153.2519989013672,0.0
2026-09-09 14:35:00+00:00,153.25799560546875,153.26199340820312,153.16099548339844,153.19900512695312,0.0
2026-09-09 14:40:00+00:00,153.197998046875,153.3159942626953,153.19700622558594,153.30799865722656,0.0
2026-09-09 14:45:00+00:00,153.30799865722656,153.33700561523438,153.2570037841797,153.25799560546875,0.0
2026-09-09 14:50:00+00:00,153.2570037841797,153.3470001220703,153.2270050048828,153.25,0.0
2026-09-09 14:55:00+00:00,153.24400329589844,153.2740020751953,153.18699645996094,153.19700622558594,0.0
2026-09-09 15:00:00+00:00,153.19700622558594,153.50799560546875,153.1439971923828,153.5070037841797,0.0
2026-09-09 15:05:00+00:00,153.51100158691406,153.6649932861328,153.4949951171875,153.593994140625,0.0
2026-09-09 15:10:00+00:00,153.58900451660156,153.80099487304688,153.55499267578125,153.76400756835938,0.0
2026-09-09 15:15:00+00:00,153.77099609375,153.79299926757812,153.6909942626953,153.75799560546875,0.0
2026-09-09 15:20:00+00:00,153.7570037841797,153.77200317382812,153.67799377441406,153.67999267578125,0.0
2026-09-09 15:25:00+00:00,153.67999267578125,153.68699645996094,153.56199645996094,153.57000732421875,0.0
2026-09-09 15:30:00+00:00,153.57000732421875,153.5959930419922,153.4510040283203,153.4669952392578,0.0
2026-09-09 15:35:00+00:00,153.46800231933594,153.468994140625,153.2969970703125,153.31700134277344,0.0
2026-09-09 15:40:00+00:00,153.32899475097656,153.447998046875,153.31900024414062,153.44700622558594,0.0
2026-09-09 15:45:00+00:00,153.44000244140625,153.53199768066406,153.406005859375,153.5050048828125,0.0
2026-09-09 15:50:00+00:00,153.5,153.5330047607422,153.4149932861328,153.50100708007812,0.0
2026-09-09 15:55:00+00:00,153.4969940185547,153.54299926757812,153.43499755859375,153.53399658203125,0.0
2026-09-09 16:00:00+00:00,153.53399658203125,153.5449981689453,153.43499755859375,153.44200134277344,0.0
2026-09-09 16:05:00+00:00,153.4340057373047,153.572998046875,153.41900634765625,153.5290069580078,0.0
2026-09-09 16:10:00+00:00,153.5279998779297,153.5489959716797,153.50599670410156,153.52099609375,0.0
2026-09-09 16:15:00+00:00,153.5189971923828,153.68499755859375,153.51300048828125,153.656005859375,0.0
2026-09-09 16:20:00+00:00,153.65499877929688,153.66400146484375,153.58099365234375,153.60299682617188,0.0
2026-09-09 16:25:00+00:00,153.60899353027344,153.64100646972656,153.56500244140625,153.61000061035156,0.0
2026-09-09 16:30:00+00:00,153.61000061035156,153.63299560546875,153.54100036621094,153.56900024414062,0.0
2026-09-09 16:35:00+00:00,153.5659942626953,153.58599853515625,153.5240020751953,153.5399932861328,0.0
2026-09-09 16:40:00+00:00,153.53700256347656,153.54800415039062,153.50399780273438,153.52699279785156,0.0
2026-09-09 16:45:00+00:00,153.52699279785156,153.53399658203125,153.4709930419922,153.4969940185547,0.0
2026-09-09 16:50:00+00:00,153.5019989013672,153.5540008544922,153.47799682617188,153.5279998779297,0.0
2026-09-09 16:55:00+00:00,153.52699279785156,153.57899475097656,153.52699279785156,153.5709991455078,0.0
2026-09-09 17:00:00+00:00,153.5709991455078,153.59100341796875,153.4969940185547,153.50799560546875,0.0
2026-09-09 17:05:00+00:00,153.50999450683594,153.52999877929688,153.47900390625,153.51499938964844,0.0
2026-09-09 17:10:00+00:00,153.50999450683594,153.5189971923828,153.45899963378906,153.49099731445312,0.0
2026-09-09 17:15:00+00:00,153.49099731445312,153.52999877929688,153.49000549316406,153.5279998779297,0.0
2026-09-09 17:20:00+00:00,153.53399658203125,153.53599548339844,153.4759979248047,153.51800537109375,0.0
2026-09-09 17:25:00+00:00,153.51699829101562,153.5399932861328,153.4980010986328,153.51100158691406,0.0
2026-09-09 17:30:00+00:00,153.51199340820312,153.5469970703125,153.49400329589844,153.51499938964844,0.0
2026-09-09 17:35:00+00:00,153.51600646972656,153.5970001220703,153.50799560546875,153.56900024414062,0.0
2026-09-09 17:40:00+00:00,153.5659942626953,153.5709991455078,153.45799255371094,153.4759979248047,0.0
2026-09-09 17:45:00+00:00,153.4709930419922,153.51100158691406,153.45799255371094,153.47900390625,0.0
2026-09-09 17:50:00+00:00,153.4739990234375,153.50100708007812,153.46099853515625,153.4969940185547,0.0
2026-09-09 17:55:00+00:00,153.4969940185547,153.51400756835938,153.45799255371094,153.4669952392578,0.0
2026-09-09 18:00:00+00:00,153.46499633789062,153.5019989013672,153.4499969482422,153.48399353027344,0.0
2026-09-09 18:05:00+00:00,153.48399353027344,153.51199340820312,153.47799682617188,153.48599243164062,0.0
2026-09-09 18:10:00+00:00,153.48599243164062,153.5030059814453,153.43299865722656,153.47500610351562,0.0
2026-09-09 18:15:00+00:00,153.468994140625,153.49200439453125,153.46600341796875,153.48599243164062,0.0
2026-09-09 18:20:00+00:00,153.48699951171875,153.51199340820312,153.43699645996094,153.4530029296875,0.0
2026-09-09 18:25:00+00:00,153.45199584960938,153.48899841308594,153.43699645996094,153.4810028076172,0.0
2026-09-09 18:30:00+00:00,153.4810028076172,153.53500366210938,153.4709930419922,153.5,0.0
2026-09-09 18:35:00+00:00,153.49899291992188,153.52699279785156,153.48399353027344,153.51300048828125,0.0
2026-09-09 18:40:00+00:00,153.5070037841797,153.593994140625,153.4969940185547,153.59100341796875,0.0
2026-09-09 18:45:00+00:00,153.5919952392578,153.63800048828125,153.5749969482422,153.625,0.0
2026-09-09 18:50:00+00:00,153.62399291992188,153.66099548339844,153.61300659179688,153.6490020751953,0.0
2026-09-09 18:55:00+00:00,153.65499877929688,153.67100524902344,153.58799743652344,153.59300231933594,0.0
2026-09-09 19:00:00+00:00,153.59300231933594,153.66900634765625,153.58999633789062,153.66299438476562,0.0
2026-09-09 19:05:00+00:00,153.66400146484375,153.70399475097656,153.6529998779297,153.67100524902344,0.0
2026-09-09 19:10:00+00:00,153.6719970703125,153.7270050048828,153.6699981689453,153.7259979248047,0.0
2026-09-09 19:15:00+00:00,153.7220001220703,153.7270050048828,153.6649932861328,153.6699981689453,0.0
2026-09-09 19:20:00+00:00,153.6699981689453,153.6840057373047,153.63400268554688,153.65699768066406,0.0
2026-09-09 19:25:00+00:00,153.65699768066406,153.66799926757812,153.6280059814453,153.64999389648438,0.0
2026-09-09 19:30:00+00:00,153.64700317382812,153.656005859375,153.5989990234375,153.61599731445312,0.0
2026-09-09 19:35:00+00:00,153.61500549316406,153.6479949951172,153.61199951171875,153.63099670410156,0.0
2026-09-09 19:40:00+00:00,153.6230010986328,153.63800048828125,153.61300659179688,153.61399841308594,0.0
2026-09-09 19:45:00+00:00,153.61399841308594,153.6219940185547,153.57699584960938,153.60499572753906,0.0
2026-09-09 19:50:00+00:00,153.6020050048828,153.63800048828125,153.60000610351562,153.61000061035156,0.0
2026-09-09 19:55:00+00:00,153.60899353027344,153.63999938964844,153.58200073242188,153.6320037841797,0.0
2026-09-09 20:00:00+00:00,153.63299560546875,153.66700744628906,153.61000061035156,153.65899658203125,0.0
2026-09-09 20:05:00+00:00,153.66099548339844,153.68899536132812,153.65899658203125,153.6739959716797,0.0
2026-09-09 20:10:00+00:00,153.67300415039062,153.67799377441406,153.63400268554688,153.64300537109375,0.0
2026-09-09 20:15:00+00:00,153.6490020751953,153.66000366210938,153.63900756835938,153.6490020751953,0.0
2026-09-09 20:20:00+00:00,153.64999389648438,153.66099548339844,153.6269989013672,153.62899780273438,0.0
2026-09-09 20:25:00+00:00,153.62399291992188,153.63600158691406,153.59800720214844,153.60899353027344,0.0
2026-09-09 20:30:00+00:00,153.60899353027344,153.61399841308594,153.5850067138672,153.59300231933594,0.0
2026-09-09 20:35:00+00:00,153.5959930419922,153.6009979248047,153.56700134277344,153.57899475097656,0.0
2026-09-09 20:40:00+00:00,153.5780029296875,153.58900451660156,153.5449981689453,153.54600524902344,0.0
2026-09-09 20:45:00+00:00,153.54600524902344,153.5709991455078,153.54100036621094,153.55999755859375,0.0
2026-09-09 20:50:00+00:00,153.5570068359375,153.56300354003906,153.54200744628906,153.55999755859375,0.0
2026-09-09 20:55:00+00:00,153.552001953125,153.56199645996094,153.5019989013672,153.54600524902344,0.0
2026-09-09 21:00:00+00:00,153.50100708007812,153.57899475097656,153.47999572753906,153.53199768066406,0.0
2026-09-09 21:05:00+00:00,153.50599670410156,153.5449981689453,153.50599670410156,153.5229949951172,0.0
2026-09-09 21:10:00+00:00,153.5449981689453,153.55099487304688,153.52000427246094,153.53199768066406,0.0
2026-09-09 21:15:00+00:00,153.5279998779297,153.58299255371094,153.52000427246094,153.57699584960938,0.0
2026-09-09 21:20:00+00:00,153.56300354003906,153.593994140625,153.48500061035156,153.54200744628906,0.0
2026-09-09 21:25:00+00:00,153.5399932861328,153.57400512695312,153.48699951171875,153.55999755859375,0.0
2026-09-09 21:30:00+00:00,153.5659942626953,153.5659942626953,153.49400329589844,153.5330047607422,0.0
2026-09-09 21:35:00+00:00,153.53399658203125,153.56300354003906,153.52699279785156,153.5330047607422,0.0
2026-09-09 21:40:00+00:00,153.53500366210938,153.5500030517578,153.4949951171875,153.531005859375,0.0
2026-09-09 21:45:00+00:00,153.52999877929688,153.54600524902344,153.50799560546875,153.52099609375,0.0
2026-09-09 21:50:00+00:00,153.51800537109375,153.5279998779297,153.50399780273438,153.50799560546875,0.0
2026-09-09 21:55:00+00:00,153.50799560546875,153.56300354003906,153.49600219726562,153.53500366210938,0.0
2026-09-09 22:00:00+00:00,153.53700256347656,153.59500122070312,153.46200561523438,153.5189971923828,0.0
2026-09-09 22:05:00+00:00,153.5189971923828,153.53700256347656,153.46200561523438,153.48599243164062,0.0
2026-09-09 22:10:00+00:00,153.4929962158203,153.51400756835938,153.4810028076172,153.50999450683594,0.0
2026-09-09 22:15:00+00:00,153.4980010986328,153.50399780273438,153.43499755859375,153.447998046875,0.0
2026-09-09 22:20:00+00:00,153.447998046875,153.4510040283203,153.37899780273438,153.39599609375,0.0
2026-09-09 22:25:00+00:00,153.39599609375,153.41700744628906,153.3679962158203,153.38299560546875,0.0
2026-09-09 22:30:00+00:00,153.38299560546875,153.39500427246094,153.31900024414062,153.3489990234375,0.0
2026-09-09 22:35:00+00:00,153.3489990234375,153.39500427246094,153.34800720214844,153.36900329589844,0.0
2026-09-09 22:40:00+00:00,153.36900329589844,153.38499450683594,153.32000732421875,153.33299255371094,0.0
2026-09-09 22:45:00+00:00,153.33200073242188,153.3699951171875,153.32000732421875,153.35699462890625,0.0
2026-09-09 22:50:00+00:00,153.3509979248047,153.36000061035156,153.3300018310547,153.343994140625,0.0
2026-09-09 22:55:00+00:00,153.35800170898438,153.35800170898438,153.32400512695312,153.33299255371094,0.0
2026-09-09 23:00:00+00:00,153.3419952392578,153.34800720214844,153.2969970703125,153.32200622558594,0.0
2026-09-09 23:05:00+00:00,153.31199645996094,153.36099243164062,153.31100463867188,153.35800170898438,0.0
2026-09-09 23:10:00+00:00,153.3459930419922,153.36199951171875,153.3249969482422,153.3260040283203,0.0
2026-09-09 23:15:00+00:00,153.3260040283203,153.33799743652344,153.31199645996094,153.31500244140625,0.0
2026-09-09 23:20:00+00:00,153.31500244140625,153.3979949951172,153.31399536132812,153.3800048828125,0.0
2026-09-09 23:25:00+00:00,153.375,153.38699340820312,153.3560028076172,153.3719940185547,0.0
2026-09-09 23:30:00+00:00,153.3719940185547,153.38699340820312,153.3350067138672,153.36099243164062,0.0
2026-09-09 23:35:00+00:00,153.36099243164062,153.375,153.3560028076172,153.36199951171875,0.0
2026-09-09 23:40:00+00:00,153.36500549316406,153.46600341796875,153.36199951171875,153.43800354003906,0.0
2026-09-09 23:45:00+00:00,153.43299865722656,153.5030059814453,153.43099975585938,153.47900390625,0.0
2026-09-09 23:50:00+00:00,153.46600341796875,153.56100463867188,153.43699645996094,153.55799865722656,0.0
2026-09-09 23:55:00+00:00,153.5500030517578,153.6199951171875,153.5240020751953,153.5290069580078,0.0
2026-09-10 00:00:00+00:00,153.53399658203125,153.6060028076172,153.5290069580078,153.58299255371094,0.0
2026-09-10 00:05:00+00:00,153.5780029296875,153.6320037841797,153.54400634765625,153.5570068359375,0.0
2026-09-10 00:10:00+00:00,153.5590057373047,153.5850067138672,153.4720001220703,153.52699279785156,0.0
2026-09-10 00:15:00+00:00,153.5189971923828,153.58700561523438,153.51100158691406,153.54800415039062,0.0
2026-09-10 00:20:00+00:00,153.53900146484375,153.64100646972656,153.50399780273438,153.62899780273438,0.0
2026-09-10 00:25:00+00:00,153.6230010986328,153.64700317382812,153.5590057373047,153.63499450683594,0.0
2026-09-10 00:30:00+00:00,153.63699340820312,153.69000244140625,153.5989990234375,153.64100646972656,0.0
2026-09-10 00:35:00+00:00,153.63099670410156,153.64599609375,153.58599853515625,153.60899353027344,0.0
2026-09-10 00:40:00+00:00,153.60899353027344,153.69400024414062,153.59300231933594,153.64700317382812,0.0
2026-09-10 00:45:00+00:00,153.6510009765625,153.66799926757812,153.5989990234375,153.60800170898438,0.0
2026-09-10 00:50:00+00:00,153.60000610351562,153.67799377441406,153.58599853515625,153.65199279785156,0.0
2026-09-10 00:55:00+00:00,153.66000366210938,153.71499633789062,153.63999938964844,153.697998046875,0.0
2026-09-10 01:00:00+00:00,153.70199584960938,153.7239990234375,153.63800048828125,153.65699768066406,0.0
2026-09-10 01:05:00+00:00,153.6490020751953,153.66200256347656,153.5709991455078,153.5709991455078,0.0
2026-09-10 01:10:00+00:00,153.57200622558594,153.63299560546875,153.5540008544922,153.58999633789062,0.0
2026-09-10 01:15:00+00:00,153.58900451660156,153.62100219726562,153.5399932861328,153.58999633789062,0.0
2026-09-10 01:20:00+00:00,153.5989990234375,153.64500427246094,153.58999633789062,153.60400390625,0.0
2026-09-10 01:25:00+00:00,153.61099243164062,153.69900512695312,153.60400390625,153.68800354003906,0.0
2026-09-10 01:30:00+00:00,153.68800354003906,153.74400329589844,153.64700317382812,153.66600036621094,0.0
2026-09-10 01:35:00+00:00,153.6580047607422,153.67100524902344,153.61500549316406,153.65199279785156,0.0
2026-09-10 01:40:00+00:00,153.6490020751953,153.71499633789062,153.6439971923828,153.7030029296875,0.0
2026-09-10 01:45:00+00:00,153.70700073242188,153.72300720214844,153.64599609375,153.67599487304688,0.0
2026-09-10 01:50:00+00:00,153.67599487304688,153.7010040283203,153.44900512695312,153.53399658203125,0.0
2026-09-10 01:55:00+00:00,153.5290069580078,153.5449981689453,153.41900634765625,153.43299865722656,0.0
2026-09-10 02:00:00+00:00,153.4320068359375,153.45599365234375,153.27499389648438,153.38999938964844,0.0
2026-09-10 02:05:00+00:00,153.38800048828125,153.40899658203125,153.322998046875,153.36500549316406,0.0
2026-09-10 02:10:00+00:00,153.36399841308594,153.4510040283203,153.36300659179688,153.4340057373047,0.0
2026-09-10 02:15:00+00:00,153.4340057373047,153.49099731445312,153.42100524902344,153.46499633789062,0.0
2026-09-10 02:20:00+00:00,153.45599365234375,153.5489959716797,153.44700622558594,153.5290069580078,0.0
2026-09-10 02:25:00+00:00,153.53199768066406,153.5590057373047,153.5019989013672,153.53599548339844,0.0
2026-09-10 02:30:00+00:00,153.52999877929688,153.5970001220703,153.5279998779297,153.55499267578125,0.0
2026-09-10 02:35:00+00:00,153.54800415039062,153.5749969482422,153.45199584960938,153.47799682617188,0.0
2026-09-10 02:40:00+00:00,153.47799682617188,153.53700256347656,153.468994140625,153.53599548339844,0.0
2026-09-10 02:45:00+00:00,153.5290069580078,153.5489959716797,153.4720001220703,153.49400329589844,0.0
2026-09-10 02:50:00+00:00,153.48899841308594,153.50100708007812,153.44000244140625,153.4530029296875,0.0
2026-09-10 02:55:00+00:00,153.4459991455078,153.48800659179688,153.40199279785156,153.40699768066406,0.0
2026-09-10 03:00:00+00:00,153.40899658203125,153.42799377441406,153.3730010986328,153.427001953125,0.0
2026-09-10 03:05:00+00:00,153.42799377441406,153.48699951171875,153.41900634765625,153.47000122070312,0.0
2026-09-10 03:10:00+00:00,153.46600341796875,153.47900390625,153.44200134277344,153.45899963378906,0.0
2026-09-10 03:15:00+00:00,153.45899963378906,153.48800659179688,153.43499755859375,153.4409942626953,0.0
2026-09-10 03:20:00+00:00,153.4409942626953,153.47500610351562,153.42999267578125,153.43299865722656,0.0
2026-09-10 03:25:00+00:00,153.43299865722656,153.44400024414062,153.40899658203125,153.43099975585938,0.0
2026-09-10 03:30:00+00:00,153.4320068359375,153.4429931640625,153.4040069580078,153.41000366210938,0.0
2026-09-10 03:35:00+00:00,153.40699768066406,153.44200134277344,153.40699768066406,153.4340057373047,0.0
2026-09-10 03:40:00+00:00,153.4320068359375,153.45799255371094,153.4320068359375,153.4510040283203,0.0
2026-09-10 03:45:00+00:00,153.4510040283203,153.45199584960938,153.36199951171875,153.3780059814453,0.0
2026-09-10 03:50:00+00:00,153.375,153.41700744628906,153.3699951171875,153.40699768066406,0.0
2026-09-10 03:55:00+00:00,153.40699768066406,153.41600036621094,153.37100219726562,153.38299560546875,0.0
2026-09-10 04:00:00+00:00,153.3800048828125,153.4149932861328,153.3719940185547,153.39100646972656,0.0
2026-09-10 04:05:00+00:00,153.38499450683594,153.39199829101562,153.33999633789062,153.33999633789062,0.0
2026-09-10 04:10:00+00:00,153.34300231933594,153.3489990234375,153.29100036621094,153.32200622558594,0.0
2026-09-10 04:15:00+00:00,153.3300018310547,153.3730010986328,153.30999755859375,153.36000061035156,0.0
2026-09-10 04:20:00+00:00,153.36700439453125,153.41700744628906,153.35899353027344,153.40699768066406,0.0
2026-09-10 04:25:00+00:00,153.41200256347656,153.43600463867188,153.406005859375,153.427001953125,0.0
2026-09-10 04:30:00+00:00,153.427001953125,153.4320068359375,153.3939971923828,153.42100524902344,0.0
2026-09-10 04:35:00+00:00,153.42100524902344,153.42999267578125,153.38499450683594,153.3990020751953,0.0
2026-09-10 04:40:00+00:00,153.406005859375,153.4340057373047,153.3939971923828,153.41400146484375,0.0
2026-09-10 04:45:00+00:00,153.41400146484375,153.43099975585938,153.40499877929688,153.42599487304688,0.0
2026-09-10 04:50:00+00:00,153.42599487304688,153.4669952392578,153.41099548339844,153.46200561523438,0.0
2026-09-10 04:55:00+00:00,153.45799255371094,153.47500610351562,153.44200134277344,153.46499633789062,0.0
2026-09-10 05:00:00+00:00,153.46499633789062,153.48399353027344,153.44700622558594,153.45799255371094,0.0
2026-09-10 05:05:00+00:00,153.4510040283203,153.4929962158203,153.4499969482422,153.49000549316406,0.0
2026-09-10 05:10:00+00:00,153.48899841308594,153.49000549316406,153.43699645996094,153.44500732421875,0.0
2026-09-10 05:15:00+00:00,153.447998046875,153.48699951171875,153.4429931640625,153.47300720214844,0.0
2026-09-10 05:20:00+00:00,153.47000122070312,153.49899291992188,153.43099975585938,153.4499969482422,0.0
2026-09-10 05:25:00+00:00,153.44400024414062,153.4770050048828,153.43899536132812,153.4429931640625,0.0
2026-09-10 05:30:00+00:00,153.44700622558594,153.47300720214844,153.406005859375,153.41600036621094,0.0
2026-09-10 05:35:00+00:00,153.41600036621094,153.58200073242188,153.39100646972656,153.5709991455078,0.0
2026-09-10 05:40:00+00:00,153.5709991455078,153.66900634765625,153.54400634765625,153.656005859375,0.0
2026-09-10 05:45:00+00:00,153.6649932861328,153.6790008544922,153.56199645996094,153.62100219726562,0.0
2026-09-10 05:50:00+00:00,153.62100219726562,153.64199829101562,153.55099487304688,153.56500244140625,0.0
2026-09-10 05:55:00+00:00,153.56300354003906,153.6060028076172,153.54200744628906,153.60400390625,0.0
2026-09-10 06:00:00+00:00,153.5919952392578,153.6179962158203,153.50399780273438,153.52999877929688,0.0
2026-09-10 06:05:00+00:00,153.52200317382812,153.5469970703125,153.46299743652344,153.4770050048828,0.0
2026-09-10 06:10:00+00:00,153.48300170898438,153.5709991455078,153.46099853515625,153.55999755859375,0.0
2026-09-10 06:15:00+00:00,153.55999755859375,153.5709991455078,153.4969940185547,153.51300048828125,0.0
2026-09-10 06:20:00+00:00,153.50799560546875,153.53799438476562,153.49600219726562,153.5240020751953,0.0
2026-09-10 06:25:00+00:00,153.51499938964844,153.53700256347656,153.4739990234375,153.531005859375,0.0
2026-09-10 06:30:00+00:00,153.52000427246094,153.56500244140625,153.5,153.5229949951172,0.0
2026-09-10 06:35:00+00:00,153.531005859375,153.59500122070312,153.52999877929688,153.5469970703125,0.0
2026-09-10 06:40:00+00:00,153.54299926757812,153.61199951171875,153.531005859375,153.60899353027344,0.0
2026-09-10 06:45:00+00:00,153.60299682617188,153.60899353027344,153.53700256347656,153.552001953125,0.0
2026-09-10 06:50:00+00:00,153.54600524902344,153.59800720214844,153.48199462890625,153.48599243164062,0.0
2026-09-10 06:55:00+00:00,153.48599243164062,153.52699279785156,153.40499877929688,153.4149932861328,0.0
2026-09-10 07:00:00+00:00,153.41600036621094,153.531005859375,153.40899658203125,153.5030059814453,0.0
2026-09-10 07:05:00+00:00,153.5030059814453,153.56500244140625,153.5030059814453,153.51300048828125,0.0
2026-09-10 07:10:00+00:00,153.51400756835938,153.5590057373047,153.4759979248047,153.5449981689453,0.0
2026-09-10 07:15:00+00:00,153.5489959716797,153.55599975585938,153.4510040283203,153.5050048828125,0.0
2026-09-10 07:20:00+00:00,153.5050048828125,153.51400756835938,153.44000244140625,153.44700622558594,0.0
2026-09-10 07:25:00+00:00,153.45199584960938,153.45799255371094,153.39500427246094,153.41000366210938,0.0
2026-09-10 07:30:00+00:00,153.40899658203125,153.427001953125,153.3459930419922,153.36199951171875,0.0
2026-09-10 07:35:00+00:00,153.36099243164062,153.41700744628906,153.31500244140625,153.406005859375,0.0
2026-09-10 07:40:00+00:00,153.4029998779297,153.44000244140625,153.38499450683594,153.40899658203125,0.0
2026-09-10 07:45:00+00:00,153.40899658203125,153.44400024414062,153.40199279785156,153.42599487304688,0.0
2026-09-10 07:50:00+00:00,153.4290008544922,153.43299865722656,153.36000061035156,153.36000061035156,0.0
2026-09-10 07:55:00+00:00,153.36599731445312,153.41700744628906,153.34800720214844,153.38900756835938,0.0
2026-09-10 08:00:00+00:00,153.3939971923828,153.51400756835938,153.38699340820312,153.5070037841797,0.0
2026-09-10 08:05:00+00:00,153.50399780273438,153.55799865722656,153.48800659179688,153.54800415039062,0.0
2026-09-10 08:10:00+00:00,153.54800415039062,153.6060028076172,153.54100036621094,153.57200622558594,0.0
2026-09-10 08:15:00+00:00,153.57899475097656,153.60800170898438,153.54100036621094,153.56199645996094,0.0
2026-09-10 08:20:00+00:00,153.5659942626953,153.6280059814453,153.53799438476562,153.61199951171875,0.0
2026-09-10 08:25:00+00:00,153.6060028076172,153.62899780273438,153.56100463867188,153.572998046875,0.0
2026-09-10 08:30:00+00:00,153.56900024414062,153.60699462890625,153.56500244140625,153.58999633789062,0.0
2026-09-10 08:35:00+00:00,153.58999633789062,153.6510009765625,153.58299255371094,153.6300048828125,0.0
2026-09-10 08:40:00+00:00,153.6269989013672,153.66299438476562,153.6199951171875,153.64500427246094,0.0
2026-09-10 08:45:00+00:00,153.63900756835938,153.6909942626953,153.5989990234375,153.68699645996094,0.0
2026-09-10 08:50:00+00:00,153.68499755859375,153.69200134277344,153.62399291992188,153.6280059814453,0.0
2026-09-10 08:55:00+00:00,153.6269989013672,153.64700317382812,153.59300231933594,153.62100219726562,0.0
2026-09-10 09:00:00+00:00,153.6269989013672,153.63299560546875,153.572998046875,153.58099365234375,0.0
2026-09-10 09:05:00+00:00,153.5749969482422,153.63900756835938,153.54800415039062,153.63299560546875,0.0
2026-09-10 09:10:00+00:00,153.6320037841797,153.63800048828125,153.5919952392578,153.61500549316406,0.0
2026-09-10 09:15:00+00:00,153.61000061035156,153.66200256347656,153.60699462890625,153.64700317382812,0.0
2026-09-10 09:20:00+00:00,153.64700317382812,153.69900512695312,153.63400268554688,153.69200134277344,0.0
2026-09-10 09:25:00+00:00,153.6909942626953,153.7469940185547,153.6750030517578,153.71099853515625,0.0
2026-09-10 09:30:00+00:00,153.70700073242188,153.7760009765625,153.7010040283203,153.7530059814453,0.0
2026-09-10 09:35:00+00:00,153.75599670410156,153.76699829101562,153.71299743652344,153.7310028076172,0.0
2026-09-10 09:40:00+00:00,153.7310028076172,153.74400329589844,153.66400146484375,153.66400146484375,0.0
2026-09-10 09:45:00+00:00,153.66000366210938,153.6909942626953,153.65499877929688,153.6719970703125,0.0
2026-09-10 09:50:00+00:00,153.66900634765625,153.7010040283203,153.6540069580078,153.69000244140625,0.0
2026-09-10 09:55:00+00:00,153.6820068359375,153.71099853515625,153.677001953125,153.69400024414062,0.0
2026-09-10 10:00:00+00:00,153.69400024414062,153.71200561523438,153.65899658203125,153.6820068359375,0.0
2026-09-10 10:05:00+00:00,153.6790008544922,153.7209930419922,153.6540069580078,153.68499755859375,0.0
2026-09-10 10:10:00+00:00,153.69200134277344,153.72799682617188,153.66799926757812,153.71600341796875,0.0
2026-09-10 10:15:00+00:00,153.7169952392578,153.7449951171875,153.7050018310547,153.74400329589844,0.0
2026-09-10 10:20:00+00:00,153.73699951171875,153.81500244140625,153.73699951171875,153.78799438476562,0.0
2026-09-10 10:25:00+00:00,153.78799438476562,153.8800048828125,153.78700256347656,153.86900329589844,0.0
2026-09-10 10:30:00+00:00,153.86900329589844,153.92100524902344,153.83299255371094,153.90899658203125,0.0
2026-09-10 10:35:00+00:00,153.9040069580078,154.08299255371094,153.9040069580078,154.03900146484375,0.0
2026-09-10 10:40:00+00:00,154.0279998779297,154.13900756835938,154.02200317382812,154.1280059814453,0.0
2026-09-10 10:45:00+00:00,154.125,154.13499450683594,154.06700134277344,154.10699462890625,0.0
2026-09-10 10:50:00+00:00,154.10000610351562,154.1739959716797,154.06500244140625,154.1580047607422,0.0
2026-09-10 10:55:00+00:00,154.1529998779297,154.16200256347656,154.04400634765625,154.06900024414062,0.0
2026-09-10 11:00:00+00:00,154.07400512695312,154.09800720214844,154.04400634765625,154.05599975585938,0.0
2026-09-10 11:05:00+00:00,154.0489959716797,154.12899780273438,154.031005859375,154.1280059814453,0.0
2026-09-10 11:10:00+00:00,154.12100219726562,154.2010040283203,154.10000610351562,154.1540069580078,0.0
2026-09-10 11:15:00+00:00,154.1479949951172,154.16400146484375,154.0850067138672,154.0850067138672,0.0
2026-09-10 11:20:00+00:00,154.08999633789062,154.1649932861328,154.0749969482422,154.1479949951172,0.0
2026-09-10 11:25:00+00:00,154.14199829101562,154.1510009765625,154.06900024414062,154.10899353027344,0.0
2026-09-10 11:30:00+00:00,154.10400390625,154.11900329589844,154.072998046875,154.10899353027344,0.0
2026-09-10 11:35:00+00:00,154.11199951171875,154.13400268554688,154.08399963378906,154.08999633789062,0.0
2026-09-10 11:40:00+00:00,154.09100341796875,154.11000061035156,154.0449981689453,154.0679931640625,0.0
2026-09-10 11:45:00+00:00,154.07400512695312,154.12399291992188,154.052001953125,154.08299255371094,0.0
2026-09-10 11:50:00+00:00,154.07899475097656,154.14999389648438,154.07699584960938,154.10699462890625,0.0
2026-09-10 11:55:00+00:00,154.10899353027344,154.1790008544922,154.10899353027344,154.15199279785156,0.0
2026-09-10 12:00:00+00:00,154.15199279785156,154.2239990234375,154.1300048828125,154.19000244140625,0.0
2026-09-10 12:05:00+00:00,154.19200134277344,154.19900512695312,154.1510009765625,154.17799377441406,0.0
2026-09-10 12:10:00+00:00,154.1840057373047,154.322998046875,154.1510009765625,154.30499267578125,0.0
2026-09-10 12:15:00+00:00,154.29400634765625,154.32000732421875,154.25999450683594,154.2830047607422,0.0
2026-09-10 12:20:00+00:00,154.2899932861328,154.3780059814453,154.28199768066406,154.2989959716797,0.0
2026-09-10 12:25:00+00:00,154.2899932861328,154.37399291992188,154.27999877929688,154.35800170898438,0.0
2026-09-10 12:30:00+00:00,154.35299682617188,154.6699981689453,154.20599365234375,154.6320037841797,0.0
2026-09-10 12:35:00+00:00,154.6300048828125,154.64199829101562,154.4709930419922,154.48500061035156,0.0
2026-09-10 12:40:00+00:00,154.47999572753906,154.531005859375,154.4010009765625,154.41600036621094,0.0
2026-09-10 12:45:00+00:00,154.4239959716797,154.447998046875,154.3260040283203,154.36300659179688,0.0
2026-09-10 12:50:00+00:00,154.36399841308594,154.38699340820312,154.2830047607422,154.28900146484375,0.0
2026-09-10 12:55:00+00:00,154.28900146484375,154.39599609375,154.26400756835938,154.34500122070312,0.0
2026-09-10 13:00:00+00:00,154.34500122070312,154.36399841308594,154.20799255371094,154.2469940185547,0.0
2026-09-10 13:05:00+00:00,154.2480010986328,154.27699279785156,154.18699645996094,154.25999450683594,0.0
2026-09-10 13:10:00+00:00,154.25999450683594,154.29400634765625,154.20199584960938,154.23800659179688,0.0
2026-09-10 13:15:00+00:00,154.23800659179688,154.34800720214844,154.2030029296875,154.3209991455078,0.0
2026-09-10 13:20:00+00:00,154.33099365234375,154.33099365234375,154.21200561523438,154.28599548339844,0.0
2026-09-10 13:25:00+00:00,154.28199768066406,154.30599975585938,154.1999969482422,154.21600341796875,0.0
2026-09-10 13:30:00+00:00,154.218994140625,154.25599670410156,154.13600158691406,154.1739959716797,0.0
2026-09-10 13:35:00+00:00,154.16799926757812,154.2050018310547,154.13299560546875,154.16799926757812,0.0
2026-09-10 13:40:00+00:00,154.17300415039062,154.21200561523438,154.1179962158203,154.15199279785156,0.0
2026-09-10 13:45:00+00:00,154.1510009765625,154.1529998779297,153.96800231933594,153.99200439453125,0.0
2026-09-10 13:50:00+00:00,153.99200439453125,154.11700439453125,153.99000549316406,154.09500122070312,0.0
2026-09-10 13:55:00+00:00,154.09500122070312,154.13699340820312,154.03500366210938,154.04200744628906,0.0
2026-09-10 14:00:00+00:00,154.0469970703125,154.0679931640625,153.9499969482422,153.95899963378906,0.0
2026-09-10 14:05:00+00:00,153.95799255371094,153.96200561523438,153.84100341796875,153.875,0.0
2026-09-10 14:10:00+00:00,153.8800048828125,153.9499969482422,153.84300231933594,153.8979949951172,0.0
2026-09-10 14:15:00+00:00,153.89300537109375,153.98199462890625,153.88900756835938,153.9810028076172,0.0
2026-09-10 14:20:00+00:00,153.9770050048828,154.01100158691406,153.8560028076172,153.8979949951172,0.0
2026-09-10 14:25:00+00:00,153.89599609375,154.0229949951172,153.86199951171875,153.96499633789062,0.0
2026-09-10 14:30:00+00:00,153.97799682617188,154.0229949951172,153.8780059814453,153.89199829101562,0.0
2026-09-10 14:35:00+00:00,153.8939971923828,154.01699829101562,153.8800048828125,153.99200439453125,0.0
2026-09-10 14:40:00+00:00,153.98500061035156,154.05799865722656,153.96200561523438,154.031005859375,0.0
2026-09-10 14:45:00+00:00,154.03199768066406,154.08299255371094,154.00900268554688,154.01300048828125,0.0
2026-09-10 14:50:00+00:00,154.01300048828125,154.0240020751953,153.9600067138672,153.9980010986328,0.0
2026-09-10 14:55:00+00:00,153.9980010986328,154.02099609375,153.8800048828125,153.88499450683594,0.0
2026-09-10 15:00:00+00:00,153.88699340820312,153.96200561523438,153.8459930419922,153.88999938964844,0.0
2026-09-10 15:05:00+00:00,153.88299560546875,153.96200561523438,153.8730010986328,153.94000244140625,0.0
2026-09-10 15:10:00+00:00,153.94200134277344,153.97000122070312,153.89700317382812,153.92999267578125,0.0
2026-09-10 15:15:00+00:00,153.9340057373047,153.94700622558594,153.8730010986328,153.91900634765625,0.0
2026-09-10 15:20:00+00:00,153.9199981689453,153.9669952392578,153.88800048828125,153.95899963378906,0.0
2026-09-10 15:25:00+00:00,153.95599365234375,154.0290069580078,153.9530029296875,154.0279998779297,0.0
2026-09-10 15:30:00+00:00,154.0229949951172,154.04200744628906,154.00599670410156,154.02000427246094,0.0
2026-09-10 15:35:00+00:00,154.02499389648438,154.06700134277344,154.01199340820312,154.04600524902344,0.0
2026-09-10 15:40:00+00:00,154.03900146484375,154.052001953125,154.02499389648438,154.0469970703125,0.0
2026-09-10 15:45:00+00:00,154.0469970703125,154.10499572753906,154.03399658203125,154.08599853515625,0.0
2026-09-10 15:50:00+00:00,154.08299255371094,154.11900329589844,154.01800537109375,154.05099487304688,0.0
2026-09-10 15:55:00+00:00,154.05299377441406,154.0800018310547,154.0399932861328,154.05999755859375,0.0
2026-09-10 16:00:00+00:00,154.05999755859375,154.156005859375,154.04400634765625,154.1479949951172,0.0
2026-09-10 16:05:00+00:00,154.1540069580078,154.20399475097656,154.1320037841797,154.19700622558594,0.0
2026-09-10 16:10:00+00:00,154.19000244140625,154.21400451660156,154.16900634765625,154.1909942626953,0.0
2026-09-10 16:15:00+00:00,154.1909942626953,154.24899291992188,154.1909942626953,154.2220001220703,0.0
2026-09-10 16:20:00+00:00,154.22000122070312,154.26499938964844,154.21200561523438,154.22300720214844,0.0
2026-09-10 16:25:00+00:00,154.2220001220703,154.2899932861328,154.20599365234375,154.27200317382812,0.0
2026-09-10 16:30:00+00:00,154.27699279785156,154.32400512695312,154.2480010986328,154.31900024414062,0.0
2026-09-10 16:35:00+00:00,154.31399536132812,154.37399291992188,154.30599975585938,154.36199951171875,0.0
2026-09-10 16:40:00+00:00,154.36099243164062,154.39300537109375,154.33200073242188,154.3419952392578,0.0
2026-09-10 16:45:00+00:00,154.33399963378906,154.37899780273438,154.33299255371094,154.36199951171875,0.0
2026-09-10 16:50:00+00:00,154.35699462890625,154.36099243164062,154.2729949951172,154.29400634765625,0.0
2026-09-10 16:55:00+00:00,154.29400634765625,154.33399963378906,154.26800537109375,154.2689971923828,0.0
2026-09-10 17:00:00+00:00,154.27499389648438,154.34800720214844,154.23899841308594,154.3000030517578,0.0
2026-09-10 17:05:00+00:00,154.2989959716797,154.3350067138672,154.27999877929688,154.3070068359375,0.0
2026-09-10 17:10:00+00:00,154.30499267578125,154.31100463867188,154.26800537109375,154.26800537109375,0.0
2026-09-10 17:15:00+00:00,154.27000427246094,154.30999755859375,154.25900268554688,154.2760009765625,0.0
2026-09-10 17:20:00+00:00,154.2760009765625,154.27999877929688,154.20199584960938,154.23300170898438,0.0
2026-09-10 17:25:00+00:00,154.2270050048828,154.2760009765625,154.2220001220703,154.25799560546875,0.0
2026-09-10 17:30:00+00:00,154.2550048828125,154.28399658203125,154.23899841308594,154.2779998779297,0.0
2026-09-10 17:35:00+00:00,154.27499389648438,154.31900024414062,154.23300170898438,154.30999755859375,0.0
2026-09-10 17:40:00+00:00,154.31300354003906,154.3419952392578,154.29200744628906,154.31199645996094,0.0
2026-09-10 17:45:00+00:00,154.31399536132812,154.3179931640625,154.27499389648438,154.28700256347656,0.0
2026-09-10 17:50:00+00:00,154.28700256347656,154.2949981689453,154.22799682617188,154.23800659179688,0.0
2026-09-10 17:55:00+00:00,154.23800659179688,154.28399658203125,154.23800659179688,154.2519989013672,0.0
2026-09-10 18:00:00+00:00,154.2519989013672,154.31399536132812,154.23599243164062,154.28799438476562,0.0
2026-09-10 18:05:00+00:00,154.28799438476562,154.35800170898438,154.2740020751953,154.33999633789062,0.0
2026-09-10 18:10:00+00:00,154.3459930419922,154.38800048828125,154.34300231933594,154.38099670410156,0.0
2026-09-10 18:15:00+00:00,154.38299560546875,154.3990020751953,154.35899353027344,154.38800048828125,0.0
2026-09-10 18:20:00+00:00,154.38400268554688,154.38800048828125,154.2969970703125,154.3090057373047,0.0
2026-09-10 18:25:00+00:00,154.3090057373047,154.36099243164062,154.2989959716797,154.35000610351562,0.0
2026-09-10 18:30:00+00:00,154.3489990234375,154.38299560546875,154.34100341796875,154.343994140625,0.0
2026-09-10 18:35:00+00:00,154.3489990234375,154.35499572753906,154.3249969482422,154.3470001220703,0.0
2026-09-10 18:40:00+00:00,154.34300231933594,154.36399841308594,154.3209991455078,154.322998046875,0.0
2026-09-10 18:45:00+00:00,154.3249969482422,154.3769989013672,154.322998046875,154.36500549316406,0.0
2026-09-10 18:50:00+00:00,154.35800170898438,154.3719940185547,154.29400634765625,154.3090057373047,0.0
2026-09-10 18:55:00+00:00,154.3070068359375,154.343994140625,154.2949981689453,154.31700134277344,0.0
2026-09-10 19:00:00+00:00,154.31199645996094,154.36000061035156,154.31199645996094,154.35299682617188,0.0
2026-09-10 19:05:00+00:00,154.3470001220703,154.36099243164062,154.30799865722656,154.32200622558594,0.0
2026-09-10 19:10:00+00:00,154.322998046875,154.39500427246094,154.3159942626953,154.37899780273438,0.0
2026-09-10 19:15:00+00:00,154.38499450683594,154.39500427246094,154.3419952392578,154.34500122070312,0.0
2026-09-10 19:20:00+00:00,154.3509979248047,154.35299682617188,154.3070068359375,154.30799865722656,0.0
2026-09-10 19:25:00+00:00,154.30799865722656,154.343994140625,154.30499267578125,154.33399963378906,0.0
2026-09-10 19:30:00+00:00,154.33299255371094,154.35499572753906,154.30599975585938,154.3470001220703,0.0
2026-09-10 19:35:00+00:00,154.34500122070312,154.3560028076172,154.33099365234375,154.343994140625,0.0
2026-09-10 19:40:00+00:00,154.34500122070312,154.35000610351562,154.30799865722656,154.33299255371094,0.0
2026-09-10 19:45:00+00:00,154.33799743652344,154.3419952392578,154.30299377441406,154.31199645996094,0.0
2026-09-10 19:50:00+00:00,154.30999755859375,154.33299255371094,154.30599975585938,154.322998046875,0.0
2026-09-10 19:55:00+00:00,154.3280029296875,154.34500122070312,154.32200622558594,154.33999633789062,0.0
2026-09-10 20:00:00+00:00,154.33399963378906,154.36399841308594,154.33200073242188,154.35699462890625,0.0
2026-09-10 20:05:00+00:00,154.3489990234375,154.38299560546875,154.3419952392578,154.375,0.0
2026-09-10 20:10:00+00:00,154.3699951171875,154.39599609375,154.36500549316406,154.38699340820312,0.0
2026-09-10 20:15:00+00:00,154.39100646972656,154.41600036621094,154.38600158691406,154.3990020751953,0.0
2026-09-10 20:20:00+00:00,154.40199279785156,154.41600036621094,154.38499450683594,154.40699768066406,0.0
2026-09-10 20:25:00+00:00,154.40199279785156,154.4340057373047,154.40199279785156,154.42300415039062,0.0
2026-09-10 20:30:00+00:00,154.427001953125,154.4320068359375,154.41400146484375,154.427001953125,0.0
2026-09-10 20:35:00+00:00,154.4290008544922,154.4409942626953,154.4219970703125,154.4250030517578,0.0
2026-09-10 20:40:00+00:00,154.427001953125,154.44900512695312,154.4219970703125,154.43299865722656,0.0
2026-09-10 20:45:00+00:00,154.43299865722656,154.45700073242188,154.4219970703125,154.45199584960938,0.0
2026-09-10 20:50:00+00:00,154.4409942626953,154.48599243164062,154.43600463867188,154.4759979248047,0.0
2026-09-10 20:55:00+00:00,154.46299743652344,154.50399780273438,154.39599609375,154.41099548339844,0.0
2026-09-10 21:00:00+00:00,154.4040069580078,154.40499877929688,154.30499267578125,154.3800048828125,0.0
2026-09-10 21:05:00+00:00,154.38099670410156,154.38099670410156,154.343994140625,154.34500122070312,0.0
2026-09-10 21:10:00+00:00,154.34800720214844,154.3509979248047,154.343994140625,154.34500122070312,0.0
2026-09-10 21:15:00+00:00,154.343994140625,154.3780059814453,154.343994140625,154.3780059814453,0.0
2026-09-10 21:20:00+00:00,154.3780059814453,154.3780059814453,154.34500122070312,154.35800170898438,0.0
2026-09-10 21:25:00+00:00,154.3470001220703,154.3679962158203,154.3470001220703,154.36099243164062,0.0
2026-09-10 21:30:00+00:00,154.3509979248047,154.36099243164062,154.3470001220703,154.35899353027344,0.0
2026-09-10 21:35:00+00:00,154.3489990234375,154.375,154.3470001220703,154.36500549316406,0.0
2026-09-10 21:40:00+00:00,154.3719940185547,154.38800048828125,154.3489990234375,154.375,0.0
2026-09-10 21:45:00+00:00,154.3800048828125,154.38099670410156,154.3489990234375,154.36199951171875,0.0
2026-09-10 21:50:00+00:00,154.35899353027344,154.3769989013672,154.3489990234375,154.36399841308594,0.0
2026-09-10 21:55:00+00:00,154.36599731445312,154.3699951171875,154.34500122070312,154.36599731445312,0.0
2026-09-10 22:00:00+00:00,154.3560028076172,154.48300170898438,154.3470001220703,154.4499969482422,0.0
2026-09-10 22:05:00+00:00,154.43499755859375,154.47000122070312,154.4199981689453,154.4499969482422,0.0
2026-09-10 22:10:00+00:00,154.4499969482422,154.53599548339844,154.4499969482422,154.51600646972656,0.0
2026-09-10 22:15:00+00:00,154.51600646972656,154.52699279785156,154.4739990234375,154.47500610351562,0.0
2026-09-10 22:20:00+00:00,154.47500610351562,154.48800659179688,154.42599487304688,154.42799377441406,0.0
2026-09-10 22:25:00+00:00,154.42799377441406,154.4550018310547,154.42599487304688,154.43600463867188,0.0
2026-09-10 22:30:00+00:00,154.42799377441406,154.45399475097656,154.37899780273438,154.38900756835938,0.0
2026-09-10 22:35:00+00:00,154.3979949951172,154.42999267578125,154.38600158691406,154.41700744628906,0.0
2026-09-10 22:40:00+00:00,154.40499877929688,154.4199981689453,154.3769989013672,154.406005859375,0.0
2026-09-10 22:45:00+00:00,154.406005859375,154.41700744628906,154.375,154.3800048828125,0.0
2026-09-10 22:50:00+00:00,154.3800048828125,154.40699768066406,154.3780059814453,154.39300537109375,0.0
2026-09-10 22:55:00+00:00,154.38099670410156,154.39599609375,154.35400390625,154.38299560546875,0.0
2026-09-10 23:00:00+00:00,154.36700439453125,154.46200561523438,154.35699462890625,154.46200561523438,0.0
2026-09-10 23:05:00+00:00,154.46600341796875,154.46600341796875,154.40899658203125,154.42999267578125,0.0
2026-09-10 23:10:00+00:00,154.42999267578125,154.44400024414062,154.41900634765625,154.427001953125,0.0
2026-09-10 23:15:00+00:00,154.42100524902344,154.44200134277344,154.41099548339844,154.44200134277344,0.0
2026-09-10 23:20:00+00:00,154.4320068359375,154.50399780273438,154.4219970703125,154.49400329589844,0.0
2026-09-10 23:25:00+00:00,154.49400329589844,154.552001953125,154.49400329589844,154.53399658203125,0.0
2026-09-10 23:30:00+00:00,154.53799438476562,154.5959930419922,154.5240020751953,154.58200073242188,0.0
2026-09-10 23:35:00+00:00,154.58200073242188,154.61000061035156,154.5540008544922,154.56900024414062,0.0
2026-09-10 23:40:00+00:00,154.5760040283203,154.61700439453125,154.55599975585938,154.5570068359375,0.0
2026-09-10 23:45:00+00:00,154.5570068359375,154.5709991455078,154.4759979248047,154.48899841308594,0.0
2026-09-10 23:50:00+00:00,154.48800659179688,154.5500030517578,154.46200561523438,154.50399780273438,0.0
2026-09-10 23:55:00+00:00,154.50399780273438,154.5229949951172,154.45199584960938,154.45599365234375,0.0
2026-09-11 00:00:00+00:00,154.46499633789062,154.48199462890625,154.35499572753906,154.41799926757812,0.0
2026-09-11 00:05:00+00:00,154.41000366210938,154.4219970703125,154.31100463867188,154.3560028076172,0.0
2026-09-11 00:10:00+00:00,154.3560028076172,154.447998046875,154.34300231933594,154.43899536132812,0.0
2026-09-11 00:15:00+00:00,154.43600463867188,154.4669952392578,154.3719940185547,154.3719940185547,0.0
2026-09-11 00:20:00+00:00,154.3820037841797,154.4949951171875,154.35699462890625,154.48199462890625,0.0
2026-09-11 00:25:00+00:00,154.48199462890625,154.53500366210938,154.47999572753906,154.5019989013672,0.0
2026-09-11 00:30:00+00:00,154.5,154.56399536132812,154.48800659179688,154.53599548339844,0.0
2026-09-11 00:35:00+00:00,154.5260009765625,154.53599548339844,154.45899963378906,154.46600341796875,0.0
2026-09-11 00:40:00+00:00,154.4759979248047,154.51600646972656,154.46800231933594,154.50599670410156,0.0
2026-09-11 00:45:00+00:00,154.51400756835938,154.55999755859375,154.48599243164062,154.5399932861328,0.0
2026-09-11 00:50:00+00:00,154.53199768066406,154.59500122070312,154.4720001220703,154.5850067138672,0.0
2026-09-11 00:55:00+00:00,154.59100341796875,154.60699462890625,154.49200439453125,154.49600219726562,0.0
2026-09-11 01:00:00+00:00,154.49600219726562,154.531005859375,154.39999389648438,154.40899658203125,0.0
2026-09-11 01:05:00+00:00,154.40899658203125,154.44900512695312,154.36000061035156,154.37600708007812,0.0
2026-09-11 01:10:00+00:00,154.3679962158203,154.38999938964844,154.281005859375,154.33900451660156,0.0
2026-09-11 01:15:00+00:00,154.3470001220703,154.37399291992188,154.25599670410156,154.26199340820312,0.0
2026-09-11 01:20:00+00:00,154.2740020751953,154.36599731445312,154.2550048828125,154.36000061035156,0.0
2026-09-11 01:25:00+00:00,154.35800170898438,154.36300659179688,154.27999877929688,154.3179931640625,0.0
2026-09-11 01:30:00+00:00,154.31900024414062,154.33900451660156,154.26800537109375,154.30299377441406,0.0
2026-09-11 01:35:00+00:00,154.30299377441406,154.3159942626953,154.20399475097656,154.26199340820312,0.0
2026-09-11 01:40:00+00:00,154.2570037841797,154.33599853515625,154.2570037841797,154.3040008544922,0.0
2026-09-11 01:45:00+00:00,154.30099487304688,154.39700317382812,154.2830047607422,154.38499450683594,0.0
2026-09-11 01:50:00+00:00,154.3769989013672,154.3939971923828,154.32899475097656,154.3820037841797,0.0
2026-09-11 01:55:00+00:00,154.3820037841797,154.40899658203125,154.33099365234375,154.35000610351562,0.0
2026-09-11 02:00:00+00:00,154.3459930419922,154.40699768066406,154.31300354003906,154.38400268554688,0.0
2026-09-11 02:05:00+00:00,154.38299560546875,154.47300720214844,154.37399291992188,154.45700073242188,0.0
2026-09-11 02:10:00+00:00,154.45700073242188,154.48399353027344,154.42300415039062,154.43600463867188,0.0
2026-09-11 02:15:00+00:00,154.4340057373047,154.49000549316406,154.4340057373047,154.45700073242188,0.0
2026-09-11 02:20:00+00:00,154.4499969482422,154.4969940185547,154.4320068359375,154.43800354003906,0.0
2026-09-11 02:25:00+00:00,154.43699645996094,154.48300170898438,154.43699645996094,154.4739990234375,0.0
2026-09-11 02:30:00+00:00,154.4739990234375,154.50799560546875,154.4459991455078,154.48899841308594,0.0
2026-09-11 02:35:00+00:00,154.49200439453125,154.52200317382812,154.47300720214844,154.48300170898438,0.0
2026-09-11 02:40:00+00:00,154.48199462890625,154.50599670410156,154.45700073242188,154.4969940185547,0.0
2026-09-11 02:45:00+00:00,154.5,154.50900268554688,154.45799255371094,154.46200561523438,0.0
2026-09-11 02:50:00+00:00,154.468994140625,154.4709930419922,154.3990020751953,154.41200256347656,0.0
2026-09-11 02:55:00+00:00,154.41000366210938,154.4239959716797,154.36000061035156,154.38600158691406,0.0
2026-09-11 03:00:00+00:00,154.37899780273438,154.41099548339844,154.37600708007812,154.3769989013672,0.0
2026-09-11 03:05:00+00:00,154.38600158691406,154.4600067138672,154.3800048828125,154.4040069580078,0.0
2026-09-11 03:10:00+00:00,154.40899658203125,154.41200256347656,154.31900024414062,154.3350067138672,0.0
2026-09-11 03:15:00+00:00,154.33700561523438,154.39100646972656,154.32400512695312,154.3699951171875,0.0
2026-09-11 03:20:00+00:00,154.37399291992188,154.4320068359375,154.36399841308594,154.42100524902344,0.0
2026-09-11 03:25:00+00:00,154.4250030517578,154.48399353027344,154.42100524902344,154.48399353027344,0.0
2026-09-11 03:30:00+00:00,154.47500610351562,154.49200439453125,154.45700073242188,154.47900390625,0.0
2026-09-11 03:35:00+00:00,154.47900390625,154.50799560546875,154.43299865722656,154.4759979248047,0.0
2026-09-11 03:40:00+00:00,154.4759979248047,154.48300170898438,154.42300415039062,154.45599365234375,0.0
2026-09-11 03:45:00+00:00,154.4499969482422,154.4980010986328,154.44500732421875,154.48500061035156,0.0
2026-09-11 03:50:00+00:00,154.48199462890625,154.49600219726562,154.38499450683594,154.38999938964844,0.0
2026-09-11 03:55:00+00:00,154.38999938964844,154.4080047607422,154.35400390625,154.39300537109375,0.0
2026-09-11 04:00:00+00:00,154.39300537109375,154.41299438476562,154.33999633789062,154.36300659179688,0.0
2026-09-11 04:05:00+00:00,154.35800170898438,154.38099670410156,154.3260040283203,154.33900451660156,0.0
2026-09-11 04:10:00+00:00,154.33099365234375,154.33999633789062,154.28399658203125,154.33599853515625,0.0
2026-09-11 04:15:00+00:00,154.3260040283203,154.34100341796875,154.29600524902344,154.2969970703125,0.0
2026-09-11 04:20:00+00:00,154.2989959716797,154.3509979248047,154.28199768066406,154.33999633789062,0.0
2026-09-11 04:25:00+00:00,154.3459930419922,154.36399841308594,154.32000732421875,154.33299255371094,0.0
2026-09-11 04:30:00+00:00,154.33299255371094,154.39100646972656,154.3300018310547,154.36700439453125,0.0
2026-09-11 04:35:00+00:00,154.3679962158203,154.41200256347656,154.32200622558594,154.32899475097656,0.0
2026-09-11 04:40:00+00:00,154.32400512695312,154.343994140625,154.28500366210938,154.302001953125,0.0
2026-09-11 04:45:00+00:00,154.2989959716797,154.35499572753906,154.28399658203125,154.33900451660156,0.0
2026-09-11 04:50:00+00:00,154.33700561523438,154.35000610351562,154.25799560546875,154.33900451660156,0.0
2026-09-11 04:55:00+00:00,154.33999633789062,154.34800720214844,154.3040008544922,154.33999633789062,0.0
2026-09-11 05:00:00+00:00,154.34500122070312,154.35299682617188,154.302001953125,154.32699584960938,0.0
2026-09-11 05:05:00+00:00,154.3350067138672,154.33599853515625,154.23899841308594,154.2480010986328,0.0
2026-09-11 05:10:00+00:00,154.2480010986328,154.26800537109375,154.17599487304688,154.1790008544922,0.0
2026-09-11 05:15:00+00:00,154.18099975585938,154.20700073242188,154.15899658203125,154.1820068359375,0.0
2026-09-11 05:20:00+00:00,154.1739959716797,154.18899536132812,154.13900756835938,154.156005859375,0.0
2026-09-11 05:25:00+00:00,154.15499877929688,154.22799682617188,154.1490020751953,154.16900634765625,0.0
2026-09-11 05:30:00+00:00,154.16900634765625,154.1929931640625,154.14100646972656,154.15699768066406,0.0
2026-09-11 05:35:00+00:00,154.1529998779297,154.16000366210938,154.0780029296875,154.09500122070312,0.0
2026-09-11 05:40:00+00:00,154.08999633789062,154.14300537109375,154.07699584960938,154.07899475097656,0.0
2026-09-11 05:45:00+00:00,154.07899475097656,154.09800720214844,154.00399780273438,154.00900268554688,0.0
2026-09-11 05:50:00+00:00,154.00900268554688,154.08299255371094,154.0070037841797,154.05599975585938,0.0
2026-09-11 05:55:00+00:00,154.06300354003906,154.0709991455078,154.00999450683594,154.052001953125,0.0
2026-09-11 06:00:00+00:00,154.052001953125,154.07899475097656,154.01300048828125,154.06199645996094,0.0
2026-09-11 06:05:00+00:00,154.0590057373047,154.1300048828125,154.02200317382812,154.10299682617188,0.0
2026-09-11 06:10:00+00:00,154.1020050048828,154.10800170898438,153.96600341796875,154.0240020751953,0.0
2026-09-11 06:15:00+00:00,154.01699829101562,154.04100036621094,153.95599365234375,154.02099609375,0.0
2026-09-11 06:20:00+00:00,154.02699279785156,154.08599853515625,154.01300048828125,154.07000732421875,0.0
2026-09-11 06:25:00+00:00,154.0659942626953,154.11599731445312,154.04600524902344,154.08799743652344,0.0
2026-09-11 06:30:00+00:00,154.08700561523438,154.1929931640625,154.0749969482422,154.17999267578125,0.0
2026-09-11 06:35:00+00:00,154.19200134277344,154.1959991455078,154.12100219726562,154.1750030517578,0.0
2026-09-11 06:40:00+00:00,154.16900634765625,154.17999267578125,154.10000610351562,154.11700439453125,0.0
2026-09-11 06:45:00+00:00,154.12399291992188,154.20899963378906,154.11500549316406,154.2010040283203,0.0
2026-09-11 06:50:00+00:00,154.1999969482422,154.22000122070312,154.15499877929688,154.1580047607422,0.0
2026-09-11 06:55:00+00:00,154.156005859375,154.197998046875,154.1529998779297,154.16799926757812,0.0
2026-09-11 07:00:00+00:00,154.16900634765625,154.1820068359375,154.07000732421875,154.11399841308594,0.0
2026-09-11 07:05:00+00:00,154.11900329589844,154.20899963378906,154.11199951171875,154.177001953125,0.0
2026-09-11 07:10:00+00:00,154.17799377441406,154.18699645996094,154.13400268554688,154.16900634765625,0.0
2026-09-11 07:15:00+00:00,154.1750030517578,154.20899963378906,154.1540069580078,154.177001953125,0.0
2026-09-11 07:20:00+00:00,154.177001953125,154.2310028076172,154.15699768066406,154.1699981689453,0.0
2026-09-11 07:25:00+00:00,154.16799926757812,154.21800231933594,154.13299560546875,154.2100067138672,0.0
2026-09-11 07:30:00+00:00,154.21299743652344,154.23199462890625,154.1699981689453,154.19900512695312,0.0
2026-09-11 07:35:00+00:00,154.19900512695312,154.21600341796875,154.16000366210938,154.1719970703125,0.0
2026-09-11 07:40:00+00:00,154.16700744628906,154.2760009765625,154.156005859375,154.25900268554688,0.0
2026-09-11 07:45:00+00:00,154.25900268554688,154.28399658203125,154.2220001220703,154.22900390625,0.0
2026-09-11 07:50:00+00:00,154.23500061035156,154.2729949951172,154.22000122070312,154.24899291992188,0.0
2026-09-11 07:55:00+00:00,154.2429962158203,154.25999450683594,154.20399475097656,154.2169952392578,0.0
2026-09-11 08:00:00+00:00,154.22000122070312,154.27000427246094,154.20199584960938,154.2570037841797,0.0
2026-09-11 08:05:00+00:00,154.26100158691406,154.29600524902344,154.20799255371094,154.28500366210938,0.0
2026-09-11 08:10:00+00:00,154.28700256347656,154.3260040283203,154.2740020751953,154.31300354003906,0.0
2026-09-11 08:15:00+00:00,154.31300354003906,154.33799743652344,154.24600219726562,154.29400634765625,0.0
2026-09-11 08:20:00+00:00,154.2949981689453,154.37399291992188,154.2209930419922,154.28199768066406,0.0
2026-09-11 08:25:00+00:00,154.28900146484375,154.3260040283203,154.27000427246094,154.31199645996094,0.0
2026-09-11 08:30:00+00:00,154.3090057373047,154.3350067138672,154.21400451660156,154.22000122070312,0.0
2026-09-11 08:35:00+00:00,154.21800231933594,154.22500610351562,154.10499572753906,154.14100646972656,0.0
2026-09-11 08:40:00+00:00,154.13999938964844,154.16900634765625,154.0749969482422,154.0850067138672,0.0
2026-09-11 08:45:00+00:00,154.0850067138672,154.13699340820312,154.07899475097656,154.1320037841797,0.0
2026-09-11 08:50:00+00:00,154.12399291992188,154.1320037841797,154.0399932861328,154.04200744628906,0.0
2026-09-11 08:55:00+00:00,154.0399932861328,154.11599731445312,154.0399932861328,154.10000610351562,0.0
2026-09-11 09:00:00+00:00,154.0959930419922,154.13499450683594,154.02999877929688,154.10000610351562,0.0
2026-09-11 09:05:00+00:00,154.09300231933594,154.15899658203125,154.0919952392578,154.13999938964844,0.0
2026-09-11 09:10:00+00:00,154.14500427246094,154.19500732421875,154.12899780273438,154.13499450683594,0.0
2026-09-11 09:15:00+00:00,154.13499450683594,154.14999389648438,154.08200073242188,154.08799743652344,0.0
2026-09-11 09:20:00+00:00,154.08799743652344,154.1439971923828,154.072998046875,154.11199951171875,0.0
2026-09-11 09:25:00+00:00,154.11399841308594,154.15899658203125,154.09100341796875,154.14500427246094,0.0
2026-09-11 09:30:00+00:00,154.14500427246094,154.1909942626953,154.13099670410156,154.18299865722656,0.0
2026-09-11 09:35:00+00:00,154.1750030517578,154.20899963378906,154.1580047607422,154.20599365234375,0.0
2026-09-11 09:40:00+00:00,154.19900512695312,154.22999572753906,154.13299560546875,154.14999389648438,0.0
2026-09-11 09:45:00+00:00,154.14999389648438,154.1959991455078,154.0800018310547,154.0989990234375,0.0
2026-09-11 09:50:00+00:00,154.0919952392578,154.11900329589844,154.0489959716797,154.06100463867188,0.0
2026-09-11 09:55:00+00:00,154.06100463867188,154.10800170898438,154.04100036621094,154.09800720214844,0.0
2026-09-11 10:00:00+00:00,154.0970001220703,154.16600036621094,154.0290069580078,154.03799438476562,0.0
2026-09-11 10:05:00+00:00,154.03799438476562,154.11399841308594,154.03500366210938,154.10400390625,0.0
2026-09-11 10:10:00+00:00,154.10400390625,154.13099670410156,154.07699584960938,154.08900451660156,0.0
2026-09-11 10:15:00+00:00,154.08599853515625,154.14700317382812,154.0850067138672,154.1280059814453,0.0
2026-09-11 10:20:00+00:00,154.1269989013672,154.1510009765625,154.1199951171875,154.1280059814453,0.0
2026-09-11 10:25:00+00:00,154.13499450683594,154.14199829101562,154.09300231933594,154.1179962158203,0.0
2026-09-11 10:30:00+00:00,154.1219940185547,154.1269989013672,154.0540008544922,154.05599975585938,0.0
2026-09-11 10:35:00+00:00,154.05599975585938,154.08700561523438,154.0279998779297,154.0659942626953,0.0
2026-09-11 10:40:00+00:00,154.0659942626953,154.1219940185547,154.04200744628906,154.07400512695312,0.0
2026-09-11 10:45:00+00:00,154.0709991455078,154.11199951171875,154.0659942626953,154.09100341796875,0.0
2026-09-11 10:50:00+00:00,154.09800720214844,154.11000061035156,153.99899291992188,154.00999450683594,0.0
2026-09-11 10:55:00+00:00,154.0070037841797,154.0260009765625,153.94900512695312,153.96600341796875,0.0
2026-09-11 11:00:00+00:00,153.96499633789062,153.98300170898438,153.8979949951172,153.9250030517578,0.0
2026-09-11 11:05:00+00:00,153.9250030517578,153.968994140625,153.90199279785156,153.9290008544922,0.0
2026-09-11 11:10:00+00:00,153.92599487304688,153.99099731445312,153.91099548339844,153.95700073242188,0.0
2026-09-11 11:15:00+00:00,153.96600341796875,154.03700256347656,153.95700073242188,154.0229949951172,0.0
2026-09-11 11:20:00+00:00,154.0229949951172,154.08999633789062,154.02200317382812,154.08099365234375,0.0
2026-09-11 11:25:00+00:00,154.0780029296875,154.08799743652344,154.00599670410156,154.04100036621094,0.0
2026-09-11 11:30:00+00:00,154.03399658203125,154.0659942626953,154.01499938964844,154.06500244140625,0.0
2026-09-11 11:35:00+00:00,154.05799865722656,154.0800018310547,154.0019989013672,154.031005859375,0.0
2026-09-11 11:40:00+00:00,154.031005859375,154.05099487304688,153.88800048828125,153.8979949951172,0.0
2026-09-11 11:45:00+00:00,153.89700317382812,153.97900390625,153.8730010986328,153.9510040283203,0.0
2026-09-11 11:50:00+00:00,153.95399475097656,153.9709930419922,153.91200256347656,153.96200561523438,0.0
2026-09-11 11:55:00+00:00,153.96200561523438,154.03399658203125,153.95899963378906,154.0229949951172,0.0
2026-09-11 12:00:00+00:00,154.0229949951172,154.04800415039062,153.9739990234375,154.0260009765625,0.0
2026-09-11 12:05:00+00:00,154.02000427246094,154.07699584960938,154.01499938964844,154.03599548339844,0.0
2026-09-11 12:10:00+00:00,154.03700256347656,154.05599975585938,153.95399475097656,153.9929962158203,0.0
2026-09-11 12:15:00+00:00,153.9929962158203,154.02099609375,153.96299743652344,154.00799560546875,0.0
2026-09-11 12:20:00+00:00,154.01199340820312,154.04299926757812,153.9709930419922,154.03500366210938,0.0
2026-09-11 12:25:00+00:00,154.02999877929688,154.04299926757812,153.85699462890625,153.92100524902344,0.0
2026-09-11 12:30:00+00:00,153.91700744628906,154.49200439453125,153.8509979248047,154.1230010986328,0.0
2026-09-11 12:35:00+00:00,154.12899780273438,154.13499450683594,153.9219970703125,154.0,0.0
2026-09-11 12:40:00+00:00,154.01300048828125,154.04299926757812,153.61099243164062,153.6750030517578,0.0
2026-09-11 12:45:00+00:00,153.677001953125,153.73500061035156,153.51800537109375,153.7220001220703,0.0
2026-09-11 12:50:00+00:00,153.7220001220703,153.75599670410156,153.43099975585938,153.60699462890625,0.0
2026-09-11 12:55:00+00:00,153.6060028076172,153.63400268554688,153.44200134277344,153.4530029296875,0.0
2026-09-11 13:00:00+00:00,153.46099853515625,153.48699951171875,153.23399353027344,153.36900329589844,0.0
2026-09-11 13:05:00+00:00,153.36900329589844,153.4980010986328,153.3179931640625,153.4739990234375,0.0
2026-09-11 13:10:00+00:00,153.48199462890625,153.56399536132812,153.4600067138672,153.5290069580078,0.0
2026-09-11 13:15:00+00:00,153.5290069580078,153.64100646972656,153.5189971923828,153.62399291992188,0.0
2026-09-11 13:20:00+00:00,153.61700439453125,153.625,153.47500610351562,153.5030059814453,0.0
2026-09-11 13:25:00+00:00,153.5019989013672,153.56700134277344,153.4219970703125,153.49600219726562,0.0
2026-09-11 13:30:00+00:00,153.50799560546875,153.50799560546875,153.38499450683594,153.45199584960938,0.0
2026-09-11 13:35:00+00:00,153.4409942626953,153.4510040283203,153.36500549316406,153.36900329589844,0.0
2026-09-11 13:40:00+00:00,153.37399291992188,153.52999877929688,153.3000030517578,153.46499633789062,0.0
2026-09-11 13:45:00+00:00,153.4600067138672,153.4720001220703,153.3719940185547,153.44000244140625,0.0
2026-09-11 13:50:00+00:00,153.4429931640625,153.52999877929688,153.427001953125,153.5189971923828,0.0
2026-09-11 13:55:00+00:00,153.52000427246094,153.54400634765625,153.39500427246094,153.43099975585938,0.0
2026-09-11 14:00:00+00:00,153.41799926757812,153.52999877929688,153.39700317382812,153.43600463867188,0.0
2026-09-11 14:05:00+00:00,153.4290008544922,153.47300720214844,153.3939971923828,153.42999267578125,0.0
2026-09-11 14:10:00+00:00,153.4340057373047,153.5070037841797,153.41299438476562,153.4949951171875,0.0
2026-09-11 14:15:00+00:00,153.5,153.5399932861328,153.43499755859375,153.44200134277344,0.0
2026-09-11 14:20:00+00:00,153.44000244140625,153.54100036621094,153.4290008544922,153.5070037841797,0.0
2026-09-11 14:25:00+00:00,153.50799560546875,153.593994140625,153.4980010986328,153.58399963378906,0.0
2026-09-11 14:30:00+00:00,153.58200073242188,153.63699340820312,153.572998046875,153.5850067138672,0.0
2026-09-11 14:35:00+00:00,153.59100341796875,153.6280059814453,153.54299926757812,153.6060028076172,0.0
2026-09-11 14:40:00+00:00,153.61300659179688,153.65699768066406,153.56700134277344,153.6179962158203,0.0
2026-09-11 14:45:00+00:00,153.62899780273438,153.63400268554688,153.5030059814453,153.5240020751953,0.0
2026-09-11 14:50:00+00:00,153.5279998779297,153.56900024414062,153.47999572753906,153.53900146484375,0.0
2026-09-11 14:55:00+00:00,153.53399658203125,153.53700256347656,153.45799255371094,153.4810028076172,0.0
2026-09-11 15:00:00+00:00,153.47999572753906,153.54400634765625,153.41400146484375,153.53500366210938,0.0
2026-09-11 15:05:00+00:00,153.54100036621094,153.62100219726562,153.52000427246094,153.60699462890625,0.0
2026-09-11 15:10:00+00:00,153.5989990234375,153.6179962158203,153.55999755859375,153.57200622558594,0.0
2026-09-11 15:15:00+00:00,153.5679931640625,153.58799743652344,153.53500366210938,153.56500244140625,0.0
2026-09-11 15:20:00+00:00,153.55599975585938,153.60499572753906,153.51600646972656,153.593994140625,0.0
2026-09-11 15:25:00+00:00,153.58799743652344,153.60000610351562,153.56100463867188,153.57699584960938,0.0
2026-09-11 15:30:00+00:00,153.57699584960938,153.6230010986328,153.5679931640625,153.60899353027344,0.0
2026-09-11 15:35:00+00:00,153.60699462890625,153.66600036621094,153.58999633789062,153.64500427246094,0.0
2026-09-11 15:40:00+00:00,153.64100646972656,153.6790008544922,153.63800048828125,153.66900634765625,0.0
2026-09-11 15:45:00+00:00,153.6699981689453,153.70399475097656,153.6510009765625,153.66299438476562,0.0
2026-09-11 15:50:00+00:00,153.67300415039062,153.68800354003906,153.64500427246094,153.68099975585938,0.0
2026-09-11 15:55:00+00:00,153.677001953125,153.73800659179688,153.6739959716797,153.70399475097656,0.0
2026-09-11 16:00:00+00:00,153.7050018310547,153.73699951171875,153.66799926757812,153.6719970703125,0.0
2026-09-11 16:05:00+00:00,153.67300415039062,153.71400451660156,153.66700744628906,153.67100524902344,0.0
2026-09-11 16:10:00+00:00,153.6739959716797,153.71299743652344,153.64599609375,153.7030029296875,0.0
2026-09-11 16:15:00+00:00,153.70799255371094,153.71200561523438,153.67599487304688,153.6929931640625,0.0
2026-09-11 16:20:00+00:00,153.6909942626953,153.697998046875,153.66200256347656,153.67799377441406,0.0
2026-09-11 16:25:00+00:00,153.67799377441406,153.70700073242188,153.63600158691406,153.70399475097656,0.0
2026-09-11 16:30:00+00:00,153.69700622558594,153.71800231933594,153.63099670410156,153.6529998779297,0.0
2026-09-11 16:35:00+00:00,153.6540069580078,153.68899536132812,153.6479949951172,153.67599487304688,0.0
2026-09-11 16:40:00+00:00,153.67599487304688,153.69700622558594,153.64500427246094,153.6699981689453,0.0
2026-09-11 16:45:00+00:00,153.6699981689453,153.69700622558594,153.64199829101562,153.68800354003906,0.0
2026-09-11 16:50:00+00:00,153.6909942626953,153.72300720214844,153.68699645996094,153.71099853515625,0.0
2026-09-11 16:55:00+00:00,153.70399475097656,153.72300720214844,153.69000244140625,153.70399475097656,0.0
2026-09-11 17:00:00+00:00,153.70399475097656,153.7570037841797,153.70399475097656,153.74000549316406,0.0
2026-09-11 17:05:00+00:00,153.74200439453125,153.74899291992188,153.6719970703125,153.73199462890625,0.0
2026-09-11 17:10:00+00:00,153.7270050048828,153.73399353027344,153.6699981689453,153.70199584960938,0.0
2026-09-11 17:15:00+00:00,153.6999969482422,153.72500610351562,153.677001953125,153.69400024414062,0.0
2026-09-11 17:20:00+00:00,153.69900512695312,153.70399475097656,153.66799926757812,153.67799377441406,0.0
2026-09-11 17:25:00+00:00,153.6739959716797,153.70799255371094,153.6540069580078,153.70799255371094,0.0
2026-09-11 17:30:00+00:00,153.6999969482422,153.70799255371094,153.6719970703125,153.69200134277344,0.0
2026-09-11 17:35:00+00:00,153.69400024414062,153.72000122070312,153.68699645996094,153.6909942626953,0.0
2026-09-11 17:40:00+00:00,153.6909942626953,153.72500610351562,153.6790008544922,153.7169952392578,0.0
2026-09-11 17:45:00+00:00,153.718994140625,153.73599243164062,153.6999969482422,153.7050018310547,0.0
2026-09-11 17:50:00+00:00,153.7050018310547,153.72000122070312,153.68899536132812,153.69200134277344,0.0
2026-09-11 17:55:00+00:00,153.69200134277344,153.71200561523438,153.6790008544922,153.6929931640625,0.0
2026-09-11 18:00:00+00:00,153.6929931640625,153.7010040283203,153.66900634765625,153.67999267578125,0.0
2026-09-11 18:05:00+00:00,153.67999267578125,153.697998046875,153.677001953125,153.68499755859375,0.0
2026-09-11 18:10:00+00:00,153.6909942626953,153.70799255371094,153.6790008544922,153.6909942626953,0.0
2026-09-11 18:15:00+00:00,153.69700622558594,153.7239990234375,153.6909942626953,153.70700073242188,0.0
2026-09-11 18:20:00+00:00,153.70700073242188,153.7519989013672,153.6999969482422,153.71200561523438,0.0
2026-09-11 18:25:00+00:00,153.71200561523438,153.72500610351562,153.69500732421875,153.7169952392578,0.0
2026-09-11 18:30:00+00:00,153.71200561523438,153.73399353027344,153.7050018310547,153.71099853515625,0.0
2026-09-11 18:35:00+00:00,153.71400451660156,153.73300170898438,153.6999969482422,153.72000122070312,0.0
2026-09-11 18:40:00+00:00,153.72000122070312,153.73500061035156,153.70399475097656,153.72300720214844,0.0
2026-09-11 18:45:00+00:00,153.72900390625,153.76100158691406,153.72300720214844,153.7469940185547,0.0
2026-09-11 18:50:00+00:00,153.7469940185547,153.75900268554688,153.7239990234375,153.73599243164062,0.0
2026-09-11 18:55:00+00:00,153.73899841308594,153.75,153.71299743652344,153.72300720214844,0.0
2026-09-11 19:00:00+00:00,153.71800231933594,153.76699829101562,153.71800231933594,153.74600219726562,0.0
2026-09-11 19:05:00+00:00,153.75,153.77499389648438,153.73599243164062,153.75,0.0
2026-09-11 19:10:00+00:00,153.74200439453125,153.74899291992188,153.71200561523438,153.72300720214844,0.0
2026-09-11 19:15:00+00:00,153.71499633789062,153.7570037841797,153.70599365234375,153.75,0.0
2026-09-11 19:20:00+00:00,153.74200439453125,153.75100708007812,153.71400451660156,153.7169952392578,0.0
2026-09-11 19:25:00+00:00,153.71800231933594,153.73300170898438,153.6929931640625,153.71200561523438,0.0
2026-09-11 19:30:00+00:00,153.70599365234375,153.71299743652344,153.6840057373047,153.68699645996094,0.0
2026-09-11 19:35:00+00:00,153.68899536132812,153.72300720214844,153.6750030517578,153.70199584960938,0.0
2026-09-11 19:40:00+00:00,153.70599365234375,153.71600341796875,153.69500732421875,153.7030029296875,0.0
2026-09-11 19:45:00+00:00,153.70199584960938,153.72999572753906,153.70199584960938,153.71499633789062,0.0
2026-09-11 19:50:00+00:00,153.71600341796875,153.7270050048828,153.7050018310547,153.7100067138672,0.0
2026-09-11 19:55:00+00:00,153.70599365234375,153.72300720214844,153.67999267578125,153.6820068359375,0.0
2026-09-11 20:00:00+00:00,153.69000244140625,153.6929931640625,153.6580047607422,153.66600036621094,0.0
2026-09-11 20:05:00+00:00,153.66600036621094,153.6840057373047,153.656005859375,153.656005859375,0.0
2026-09-11 20:10:00+00:00,153.6649932861328,153.6909942626953,153.656005859375,153.6739959716797,0.0
2026-09-11 20:15:00+00:00,153.66600036621094,153.6820068359375,153.656005859375,153.66099548339844,0.0
2026-09-11 20:20:00+00:00,153.66000366210938,153.68800354003906,153.6479949951172,153.6750030517578,0.0
2026-09-11 20:25:00+00:00,153.6840057373047,153.6909942626953,153.65499877929688,153.66400146484375,0.0
2026-09-11 20:30:00+00:00,153.6739959716797,153.73399353027344,153.66299438476562,153.72500610351562,0.0
2026-09-11 20:35:00+00:00,153.72799682617188,153.73800659179688,153.71299743652344,153.7220001220703,0.0
2026-09-11 20:40:00+00:00,153.72799682617188,153.75999450683594,153.72000122070312,153.73899841308594,0.0
2026-09-11 20:45:00+00:00,153.73599243164062,153.73699951171875,153.68800354003906,153.70199584960938,0.0
2026-09-11 20:50:00+00:00,153.68800354003906,153.6999969482422,153.47900390625,153.47999572753906,0.0
2026-09-11 20:55:00+00:00,153.4980010986328,153.5850067138672,153.43800354003906,153.5540008544922,0.0
2026-09-13 23:00:00+00:00,153.6750030517578,153.7050018310547,153.6280059814453,153.63099670410156,0.0
2026-09-13 23:05:00+00:00,153.62899780273438,153.677001953125,153.6280059814453,153.6529998779297,0.0
2026-09-13 23:10:00+00:00,153.6540069580078,153.6840057373047,153.61199951171875,153.6739959716797,0.0
2026-09-13 23:15:00+00:00,153.67100524902344,153.7270050048828,153.67100524902344,153.71299743652344,0.0
2026-09-13 23:20:00+00:00,153.71200561523438,153.73599243164062,153.64100646972656,153.656005859375,0.0
2026-09-13 23:25:00+00:00,153.6580047607422,153.67999267578125,153.60299682617188,153.60400390625,0.0
2026-09-13 23:30:00+00:00,153.60800170898438,153.63600158691406,153.55299377441406,153.5850067138672,0.0
2026-09-13 23:35:00+00:00,153.5749969482422,153.63299560546875,153.572998046875,153.60499572753906,0.0
2026-09-13 23:40:00+00:00,153.60400390625,153.6060028076172,153.4770050048828,153.4810028076172,0.0
2026-09-13 23:45:00+00:00,153.48500061035156,153.53799438476562,153.43499755859375,153.51100158691406,0.0
2026-09-13 23:50:00+00:00,153.51100158691406,153.52200317382812,153.4530029296875,153.4810028076172,0.0
2026-09-13 23:55:00+00:00,153.4709930419922,153.48899841308594,153.39199829101562,153.41099548339844,0.0
2026-09-14 00:00:00+00:00,153.41799926757812,153.49400329589844,153.3679962158203,153.45899963378906,0.0
2026-09-14 00:05:00+00:00,153.45399475097656,153.5709991455078,153.43299865722656,153.5590057373047,0.0
2026-09-14 00:10:00+00:00,153.56700134277344,153.60400390625,153.48300170898438,153.50799560546875,0.0
2026-09-14 00:15:00+00:00,153.50799560546875,153.56300354003906,153.47300720214844,153.4929962158203,0.0
2026-09-14 00:20:00+00:00,153.4929962158203,153.61099243164062,153.45599365234375,153.57200622558594,0.0
2026-09-14 00:25:00+00:00,153.56399536132812,153.68299865722656,153.54100036621094,153.65699768066406,0.0
2026-09-14 00:30:00+00:00,153.66000366210938,153.69500732421875,153.5970001220703,153.67300415039062,0.0
2026-09-14 00:35:00+00:00,153.67300415039062,153.71600341796875,153.65699768066406,153.67100524902344,0.0
2026-09-14 00:40:00+00:00,153.67999267578125,153.72799682617188,153.6540069580078,153.697998046875,0.0
2026-09-14 00:45:00+00:00,153.6959991455078,153.71800231933594,153.6490020751953,153.6820068359375,0.0
2026-09-14 00:50:00+00:00,153.68499755859375,153.72999572753906,153.60699462890625,153.6280059814453,0.0
2026-09-14 00:55:00+00:00,153.63600158691406,153.75900268554688,153.61399841308594,153.64500427246094,0.0
2026-09-14 01:00:00+00:00,153.6510009765625,153.76699829101562,153.62399291992188,153.75399780273438,0.0
2026-09-14 01:05:00+00:00,153.75399780273438,153.8730010986328,153.71800231933594,153.8419952392578,0.0
2026-09-14 01:10:00+00:00,153.8489990234375,153.86300659179688,153.76699829101562,153.82699584960938,0.0
2026-09-14 01:15:00+00:00,153.8260040283203,153.8699951171875,153.8070068359375,153.843994140625,0.0
2026-09-14 01:20:00+00:00,153.843994140625,153.86099243164062,153.72300720214844,153.73399353027344,0.0
2026-09-14 01:25:00+00:00,153.73399353027344,153.7519989013672,153.6820068359375,153.68800354003906,0.0
2026-09-14 01:30:00+00:00,153.69500732421875,153.7429962158203,153.6790008544922,153.6929931640625,0.0
2026-09-14 01:35:00+00:00,153.6929931640625,153.70599365234375,153.64300537109375,153.6840057373047,0.0
2026-09-14 01:40:00+00:00,153.6840057373047,153.70599365234375,153.65899658203125,153.6739959716797,0.0
2026-09-14 01:45:00+00:00,153.6739959716797,153.71299743652344,153.66400146484375,153.70799255371094,0.0
2026-09-14 01:50:00+00:00,153.71299743652344,153.74099731445312,153.70399475097656,153.73199462890625,0.0
2026-09-14 01:55:00+00:00,153.72900390625,153.7530059814453,153.71200561523438,153.73199462890625,0.0
2026-09-14 02:00:00+00:00,153.73500061035156,153.78199768066406,153.73199462890625,153.76499938964844,0.0
2026-09-14 02:05:00+00:00,153.76600646972656,153.8090057373047,153.75900268554688,153.76699829101562,0.0
2026-09-14 02:10:00+00:00,153.76800537109375,153.83999633789062,153.76199340820312,153.82899475097656,0.0
2026-09-14 02:15:00+00:00,153.83700561523438,153.89199829101562,153.822998046875,153.88900756835938,0.0
2026-09-14 02:20:00+00:00,153.88099670410156,153.88999938964844,153.81300354003906,153.8509979248047,0.0
2026-09-14 02:25:00+00:00,153.84800720214844,153.92300415039062,153.84800720214844,153.88400268554688,0.0
2026-09-14 02:30:00+00:00,153.8769989013672,153.947998046875,153.87600708007812,153.93800354003906,0.0
2026-09-14 02:35:00+00:00,153.93800354003906,154.0290069580078,153.93800354003906,154.0189971923828,0.0
2026-09-14 02:40:00+00:00,154.02000427246094,154.0500030517578,153.968994140625,154.0469970703125,0.0
2026-09-14 02:45:00+00:00,154.04299926757812,154.0540008544922,153.9810028076172,154.031005859375,0.0
2026-09-14 02:50:00+00:00,154.02499389648438,154.06100463867188,154.00100708007812,154.03599548339844,0.0
2026-09-14 02:55:00+00:00,154.03599548339844,154.06199645996094,154.0070037841797,154.0229949951172,0.0
2026-09-14 03:00:00+00:00,154.02200317382812,154.11300659179688,154.02200317382812,154.10299682617188,0.0
2026-09-14 03:05:00+00:00,154.1020050048828,154.11099243164062,154.0590057373047,154.0959930419922,0.0
2026-09-14 03:10:00+00:00,154.08900451660156,154.11399841308594,154.06700134277344,154.1009979248047,0.0
2026-09-14 03:15:00+00:00,154.1009979248047,154.1230010986328,154.0399932861328,154.06100463867188,0.0
2026-09-14 03:20:00+00:00,154.0489959716797,154.06500244140625,154.00100708007812,154.04100036621094,0.0
2026-09-14 03:25:00+00:00,154.0399932861328,154.0709991455078,154.01800537109375,154.01800537109375,0.0
2026-09-14 03:30:00+00:00,154.0189971923828,154.1300048828125,154.01800537109375,154.11500549316406,0.0
2026-09-14 03:35:00+00:00,154.10899353027344,154.13099670410156,154.0659942626953,154.0970001220703,0.0
2026-09-14 03:40:00+00:00,154.0970001220703,154.14100646972656,154.06300354003906,154.06900024414062,0.0
2026-09-14 03:45:00+00:00,154.0760040283203,154.11199951171875,154.05099487304688,154.07200622558594,0.0
2026-09-14 03:50:00+00:00,154.0709991455078,154.08299255371094,154.04600524902344,154.0500030517578,0.0
2026-09-14 03:55:00+00:00,154.0540008544922,154.07400512695312,154.0330047607422,154.052001953125,0.0
2026-09-14 04:00:00+00:00,154.04800415039062,154.06399536132812,153.98399353027344,153.98399353027344,0.0
2026-09-14 04:05:00+00:00,153.99099731445312,154.0570068359375,153.97900390625,154.01300048828125,0.0
2026-09-14 04:10:00+00:00,154.01199340820312,154.04600524902344,153.98899841308594,154.0290069580078,0.0
2026-09-14 04:15:00+00:00,154.0290069580078,154.06100463867188,154.0240020751953,154.052001953125,0.0
2026-09-14 04:20:00+00:00,154.052001953125,154.0850067138672,154.0449981689453,154.07200622558594,0.0
2026-09-14 04:25:00+00:00,154.06900024414062,154.07899475097656,154.0189971923828,154.0279998779297,0.0
2026-09-14 04:30:00+00:00,154.03500366210938,154.0709991455078,154.01199340820312,154.01400756835938,0.0
2026-09-14 04:35:00+00:00,154.01300048828125,154.0189971923828,153.9459991455078,153.95199584960938,0.0
2026-09-14 04:40:00+00:00,153.9550018310547,154.04800415039062,153.93099975585938,154.03599548339844,0.0
2026-09-14 04:45:00+00:00,154.03599548339844,154.0659942626953,153.9969940185547,154.00900268554688,0.0
2026-09-14 04:50:00+00:00,154.01199340820312,154.0189971923828,153.96800231933594,153.9770050048828,0.0
2026-09-14 04:55:00+00:00,153.96800231933594,154.03799438476562,153.9669952392578,154.02099609375,0.0
2026-09-14 05:00:00+00:00,154.02000427246094,154.03599548339844,153.98899841308594,154.02000427246094,0.0
2026-09-14 05:05:00+00:00,154.0189971923828,154.02499389648438,153.98599243164062,154.01699829101562,0.0
2026-09-14 05:10:00+00:00,154.01400756835938,154.03700256347656,154.01100158691406,154.02200317382812,0.0
2026-09-14 05:15:00+00:00,154.01800537109375,154.02499389648438,153.96400451660156,153.9739990234375,0.0
2026-09-14 05:20:00+00:00,153.9709930419922,154.01199340820312,153.95399475097656,153.99899291992188,0.0
2026-09-14 05:25:00+00:00,154.0,154.01400756835938,153.96400451660156,153.98599243164062,0.0
2026-09-14 05:30:00+00:00,153.98599243164062,154.00599670410156,153.94400024414062,153.96600341796875,0.0
2026-09-14 05:35:00+00:00,153.97000122070312,153.9980010986328,153.95399475097656,153.98599243164062,0.0
2026-09-14 05:40:00+00:00,153.97900390625,154.06900024414062,153.97900390625,154.04600524902344,0.0
2026-09-14 05:45:00+00:00,154.0399932861328,154.08999633789062,154.01100158691406,154.08900451660156,0.0
2026-09-14 05:50:00+00:00,154.08799743652344,154.10699462890625,154.0540008544922,154.0679931640625,0.0
2026-09-14 05:55:00+00:00,154.0679931640625,154.07899475097656,153.9969940185547,154.0240020751953,0.0
2026-09-14 06:00:00+00:00,154.01800537109375,154.1020050048828,153.98599243164062,154.05499267578125,0.0
2026-09-14 06:05:00+00:00,154.0500030517578,154.1060028076172,154.0279998779297,154.06700134277344,0.0
2026-09-14 06:10:00+00:00,154.07000732421875,154.13699340820312,154.02699279785156,154.1280059814453,0.0
2026-09-14 06:15:00+00:00,154.12399291992188,154.2259979248047,154.12399291992188,154.21200561523438,0.0
2026-09-14 06:20:00+00:00,154.20599365234375,154.21400451660156,154.1529998779297,154.18299865722656,0.0
2026-09-14 06:25:00+00:00,154.18699645996094,154.24600219726562,154.16799926757812,154.22000122070312,0.0
2026-09-14 06:30:00+00:00,154.2220001220703,154.2729949951172,154.20799255371094,154.23699951171875,0.0
2026-09-14 06:35:00+00:00,154.23899841308594,154.2550048828125,154.18499755859375,154.2050018310547,0.0
2026-09-14 06:40:00+00:00,154.197998046875,154.30499267578125,154.19700622558594,154.2570037841797,0.0
2026-09-14 06:45:00+00:00,154.25999450683594,154.29400634765625,154.23800659179688,154.2689971923828,0.0
2026-09-14 06:50:00+00:00,154.2689971923828,154.33200073242188,154.26499938964844,154.29100036621094,0.0
2026-09-14 06:55:00+00:00,154.29200744628906,154.31500244140625,154.26300048828125,154.27499389648438,0.0
2026-09-14 07:00:00+00:00,154.27000427246094,154.302001953125,154.2429962158203,154.25599670410156,0.0
2026-09-14 07:05:00+00:00,154.25,154.29800415039062,154.25,154.25799560546875,0.0
2026-09-14 07:10:00+00:00,154.25599670410156,154.28599548339844,154.24400329589844,154.2530059814453,0.0
2026-09-14 07:15:00+00:00,154.25799560546875,154.33299255371094,154.2530059814453,154.3249969482422,0.0
2026-09-14 07:20:00+00:00,154.32200622558594,154.38900756835938,154.31500244140625,154.3820037841797,0.0
2026-09-14 07:25:00+00:00,154.3820037841797,154.38900756835938,154.33900451660156,154.38900756835938,0.0
2026-09-14 07:30:00+00:00,154.38400268554688,154.4040069580078,154.36500549316406,154.3679962158203,0.0
2026-09-14 07:35:00+00:00,154.3679962158203,154.3979949951172,154.322998046875,154.35400390625,0.0
2026-09-14 07:40:00+00:00,154.35800170898438,154.36500549316406,154.31300354003906,154.32000732421875,0.0
2026-09-14 07:45:00+00:00,154.31399536132812,154.3820037841797,154.30999755859375,154.3719940185547,0.0
2026-09-14 07:50:00+00:00,154.3719940185547,154.46299743652344,154.36000061035156,154.375,0.0
2026-09-14 07:55:00+00:00,154.3719940185547,154.39599609375,154.3249969482422,154.38800048828125,0.0
2026-09-14 08:00:00+00:00,154.38800048828125,154.4499969482422,154.35299682617188,154.44200134277344,0.0
2026-09-14 08:05:00+00:00,154.43899536132812,154.47300720214844,154.4149932861328,154.4149932861328,0.0
2026-09-14 08:10:00+00:00,154.4149932861328,154.48500061035156,154.41400146484375,154.468994140625,0.0
2026-09-14 08:15:00+00:00,154.47799682617188,154.5279998779297,154.468994140625,154.49400329589844,0.0
2026-09-14 08:20:00+00:00,154.49400329589844,154.52499389648438,154.44400024414062,154.46800231933594,0.0
2026-09-14 08:25:00+00:00,154.46800231933594,154.52200317382812,154.45399475097656,154.51499938964844,0.0
2026-09-14 08:30:00+00:00,154.52099609375,154.56500244140625,154.51499938964844,154.52999877929688,0.0
2026-09-14 08:35:00+00:00,154.52699279785156,154.53700256347656,154.4669952392578,154.51199340820312,0.0
2026-09-14 08:40:00+00:00,154.50799560546875,154.59300231933594,154.5070037841797,154.56900024414062,0.0
2026-09-14 08:45:00+00:00,154.5659942626953,154.58900451660156,154.53799438476562,154.5709991455078,0.0
2026-09-14 08:50:00+00:00,154.57699584960938,154.61199951171875,154.5489959716797,154.60400390625,0.0
2026-09-14 08:55:00+00:00,154.59800720214844,154.60800170898438,154.54100036621094,154.55799865722656,0.0
2026-09-14 09:00:00+00:00,154.55299377441406,154.5570068359375,154.4969940185547,154.50399780273438,0.0
2026-09-14 09:05:00+00:00,154.50399780273438,154.53199768066406,154.46499633789062,154.48399353027344,0.0
2026-09-14 09:10:00+00:00,154.48699951171875,154.5050048828125,154.46099853515625,154.48199462890625,0.0
2026-09-14 09:15:00+00:00,154.48800659179688,154.58999633789062,154.48199462890625,154.5500030517578,0.0
2026-09-14 09:20:00+00:00,154.5500030517578,154.5679931640625,154.51699829101562,154.52999877929688,0.0
2026-09-14 09:25:00+00:00,154.5240020751953,154.5500030517578,154.4759979248047,154.4810028076172,0.0
2026-09-14 09:30:00+00:00,154.4810028076172,154.58200073242188,154.4759979248047,154.52699279785156,0.0
2026-09-14 09:35:00+00:00,154.53399658203125,154.5449981689453,154.50100708007812,154.5030059814453,0.0
2026-09-14 09:40:00+00:00,154.50799560546875,154.51400756835938,154.44500732421875,154.49000549316406,0.0
2026-09-14 09:45:00+00:00,154.49000549316406,154.49899291992188,154.4709930419922,154.48699951171875,0.0
2026-09-14 09:50:00+00:00,154.48699951171875,154.53700256347656,154.48699951171875,154.53500366210938,0.0
2026-09-14 09:55:00+00:00,154.53599548339844,154.56700134277344,154.52200317382812,154.54800415039062,0.0
2026-09-14 10:00:00+00:00,154.5540008544922,154.75,154.53799438476562,154.70599365234375,0.0
2026-09-14 10:05:00+00:00,154.7030029296875,154.7259979248047,154.65699768066406,154.6820068359375,0.0
2026-09-14 10:10:00+00:00,154.6820068359375,154.7030029296875,154.6510009765625,154.68299865722656,0.0
2026-09-14 10:15:00+00:00,154.68299865722656,154.69400024414062,154.60000610351562,154.6020050048828,0.0
2026-09-14 10:20:00+00:00,154.6020050048828,154.656005859375,154.59800720214844,154.6199951171875,0.0
2026-09-14 10:25:00+00:00,154.61399841308594,154.62100219726562,154.5780029296875,154.57899475097656,0.0
2026-09-14 10:30:00+00:00,154.58399963378906,154.6230010986328,154.5760040283203,154.61000061035156,0.0
2026-09-14 10:35:00+00:00,154.60899353027344,154.63600158691406,154.5850067138672,154.61000061035156,0.0
2026-09-14 10:40:00+00:00,154.61300659179688,154.656005859375,154.61000061035156,154.6269989013672,0.0
2026-09-14 10:45:00+00:00,154.6219940185547,154.6479949951172,154.60699462890625,154.64199829101562,0.0
2026-09-14 10:50:00+00:00,154.63800048828125,154.6490020751953,154.5989990234375,154.5989990234375,0.0
2026-09-14 10:55:00+00:00,154.60299682617188,154.6060028076172,154.54600524902344,154.5679931640625,0.0
2026-09-14 11:00:00+00:00,154.56700134277344,154.5679931640625,154.5030059814453,154.5030059814453,0.0
2026-09-14 11:05:00+00:00,154.5030059814453,154.5449981689453,154.4969940185547,154.53599548339844,0.0
2026-09-14 11:10:00+00:00,154.53599548339844,154.54200744628906,154.50999450683594,154.51100158691406,0.0
2026-09-14 11:15:00+00:00,154.51100158691406,154.55299377441406,154.51100158691406,154.53700256347656,0.0
2026-09-14 11:20:00+00:00,154.53700256347656,154.54400634765625,154.47999572753906,154.48599243164062,0.0
2026-09-14 11:25:00+00:00,154.48500061035156,154.5189971923828,154.4770050048828,154.49899291992188,0.0
2026-09-14 11:30:00+00:00,154.4949951171875,154.54200744628906,154.4720001220703,154.52200317382812,0.0
2026-09-14 11:35:00+00:00,154.5240020751953,154.57200622558594,154.51699829101562,154.55599975585938,0.0
2026-09-14 11:40:00+00:00,154.5500030517578,154.57200622558594,154.5260009765625,154.5330047607422,0.0
2026-09-14 11:45:00+00:00,154.53599548339844,154.5850067138672,154.51600646972656,154.55299377441406,0.0
2026-09-14 11:50:00+00:00,154.54600524902344,154.63099670410156,154.53399658203125,154.6179962158203,0.0
2026-09-14 11:55:00+00:00,154.6179962158203,154.625,154.572998046875,154.57400512695312,0.0
2026-09-14 12:00:00+00:00,154.57400512695312,154.60899353027344,154.56500244140625,154.56700134277344,0.0
2026-09-14 12:05:00+00:00,154.56700134277344,154.572998046875,154.5240020751953,154.54800415039062,0.0
2026-09-14 12:10:00+00:00,154.5489959716797,154.58799743652344,154.5469970703125,154.5760040283203,0.0
2026-09-14 12:15:00+00:00,154.57400512695312,154.58099365234375,154.49400329589844,154.5760040283203,0.0
2026-09-14 12:20:00+00:00,154.57400512695312,154.6219940185547,154.56500244140625,154.61199951171875,0.0
2026-09-14 12:25:00+00:00,154.61399841308594,154.68299865722656,154.60899353027344,154.677001953125,0.0
2026-09-14 12:30:00+00:00,154.6699981689453,154.71400451660156,154.63299560546875,154.68099975585938,0.0
2026-09-14 12:35:00+00:00,154.6790008544922,154.81700134277344,154.66700744628906,154.78799438476562,0.0
2026-09-14 12:40:00+00:00,154.78799438476562,154.83599853515625,154.74200439453125,154.7550048828125,0.0
2026-09-14 12:45:00+00:00,154.75799560546875,154.77499389648438,154.71099853515625,154.7239990234375,0.0
2026-09-14 12:50:00+00:00,154.7259979248047,154.87100219726562,154.7239990234375,154.86000061035156,0.0
2026-09-14 12:55:00+00:00,154.86599731445312,154.88900756835938,154.83799743652344,154.8560028076172,0.0
2026-09-14 13:00:00+00:00,154.8560028076172,154.89999389648438,154.85400390625,154.87600708007812,0.0
2026-09-14 13:05:00+00:00,154.87600708007812,154.89300537109375,154.8470001220703,154.86900329589844,0.0
2026-09-14 13:10:00+00:00,154.86500549316406,154.8699951171875,154.7899932861328,154.81700134277344,0.0
2026-09-14 13:15:00+00:00,154.81300354003906,154.85699462890625,154.81300354003906,154.83299255371094,0.0
2026-09-14 13:20:00+00:00,154.8280029296875,154.83399963378906,154.78799438476562,154.81300354003906,0.0
2026-09-14 13:25:00+00:00,154.81399536132812,154.8820037841797,154.80999755859375,154.8719940185547,0.0
2026-09-14 13:30:00+00:00,154.86500549316406,154.8939971923828,154.84800720214844,154.86000061035156,0.0
2026-09-14 13:35:00+00:00,154.86500549316406,154.89999389648438,154.8419952392578,154.86199951171875,0.0
2026-09-14 13:40:00+00:00,154.86000061035156,154.88299560546875,154.82699584960938,154.86399841308594,0.0
2026-09-14 13:45:00+00:00,154.85899353027344,154.95599365234375,154.83799743652344,154.947998046875,0.0
2026-09-14 13:50:00+00:00,154.9510040283203,154.98199462890625,154.89999389648438,154.97900390625,0.0
2026-09-14 13:55:00+00:00,154.97999572753906,155.0,154.8730010986328,154.91799926757812,0.0
2026-09-14 14:00:00+00:00,154.91200256347656,154.96200561523438,154.9080047607422,154.91000366210938,0.0
2026-09-14 14:05:00+00:00,154.91600036621094,154.91799926757812,154.83700561523438,154.83799743652344,0.0
2026-09-14 14:10:00+00:00,154.84300231933594,154.86700439453125,154.7519989013672,154.75900268554688,0.0
2026-09-14 14:15:00+00:00,154.75999450683594,154.7899932861328,154.7239990234375,154.73399353027344,0.0
2026-09-14 14:20:00+00:00,154.72799682617188,154.81500244140625,154.72000122070312,154.81500244140625,0.0
2026-09-14 14:25:00+00:00,154.80999755859375,154.8679962158203,154.7949981689453,154.83999633789062,0.0
2026-09-14 14:30:00+00:00,154.8419952392578,154.86099243164062,154.76600646972656,154.76699829101562,0.0
2026-09-14 14:35:00+00:00,154.76800537109375,154.79100036621094,154.7480010986328,154.75,0.0
2026-09-14 14:40:00+00:00,154.75,154.802001953125,154.71299743652344,154.71600341796875,0.0
2026-09-14 14:45:00+00:00,154.71400451660156,154.7429962158203,154.66200256347656,154.66900634765625,0.0
2026-09-14 14:50:00+00:00,154.66200256347656,154.7030029296875,154.6219940185547,154.66299438476562,0.0
2026-09-14 14:55:00+00:00,154.66200256347656,154.7259979248047,154.65699768066406,154.7169952392578,0.0
2026-09-14 15:00:00+00:00,154.71299743652344,154.7310028076172,154.64999389648438,154.68800354003906,0.0
2026-09-14 15:05:00+00:00,154.6929931640625,154.697998046875,154.52099609375,154.6280059814453,0.0
2026-09-14 15:10:00+00:00,154.6280059814453,154.63699340820312,154.54299926757812,154.60400390625,0.0
2026-09-14 15:15:00+00:00,154.5970001220703,154.65899658203125,154.5970001220703,154.60699462890625,0.0
2026-09-14 15:20:00+00:00,154.60699462890625,154.6320037841797,154.54200744628906,154.54400634765625,0.0
2026-09-14 15:25:00+00:00,154.54200744628906,154.58399963378906,154.5189971923828,154.57000732421875,0.0
2026-09-14 15:30:00+00:00,154.57000732421875,154.60499572753906,154.447998046875,154.48300170898438,0.0
2026-09-14 15:35:00+00:00,154.47999572753906,154.49000549316406,154.3769989013672,154.3820037841797,0.0
2026-09-14 15:40:00+00:00,154.38299560546875,154.43099975585938,154.33200073242188,154.37399291992188,0.0
2026-09-14 15:45:00+00:00,154.36700439453125,154.44700622558594,154.36700439453125,154.41799926757812,0.0
2026-09-14 15:50:00+00:00,154.4250030517578,154.45799255371094,154.41000366210938,154.4239959716797,0.0
2026-09-14 15:55:00+00:00,154.42799377441406,154.44200134277344,154.40199279785156,154.4239959716797,0.0
2026-09-14 16:00:00+00:00,154.41799926757812,154.45799255371094,154.38299560546875,154.44000244140625,0.0
2026-09-14 16:05:00+00:00,154.43800354003906,154.4550018310547,154.36900329589844,154.38999938964844,0.0
2026-09-14 16:10:00+00:00,154.38800048828125,154.38800048828125,154.31100463867188,154.36099243164062,0.0
2026-09-14 16:15:00+00:00,154.3699951171875,154.38699340820312,154.31199645996094,154.38299560546875,0.0
2026-09-14 16:20:00+00:00,154.3769989013672,154.3990020751953,154.34500122070312,154.3509979248047,0.0
2026-09-14 16:25:00+00:00,154.35899353027344,154.4080047607422,154.3459930419922,154.38800048828125,0.0
2026-09-14 16:30:00+00:00,154.38999938964844,154.43499755859375,154.33700561523438,154.4290008544922,0.0
2026-09-14 16:35:00+00:00,154.42300415039062,154.43800354003906,154.38999938964844,154.4080047607422,0.0
2026-09-14 16:40:00+00:00,154.40499877929688,154.41400146484375,154.36500549316406,154.4080047607422,0.0
2026-09-14 16:45:00+00:00,154.39999389648438,154.4320068359375,154.26100158691406,154.3159942626953,0.0
2026-09-14 16:50:00+00:00,154.3209991455078,154.33799743652344,154.27099609375,154.3000030517578,0.0
2026-09-14 16:55:00+00:00,154.2989959716797,154.3260040283203,154.27499389648438,154.32000732421875,0.0
2026-09-14 17:00:00+00:00,154.31900024414062,154.36500549316406,154.29400634765625,154.35899353027344,0.0
2026-09-14 17:05:00+00:00,154.35400390625,154.38099670410156,154.33700561523438,154.35000610351562,0.0
2026-09-14 17:10:00+00:00,154.35000610351562,154.36900329589844,154.3179931640625,154.36399841308594,0.0
2026-09-14 17:15:00+00:00,154.36399841308594,154.38600158691406,154.35299682617188,154.3780059814453,0.0
2026-09-14 17:20:00+00:00,154.3780059814453,154.41200256347656,154.37600708007812,154.39500427246094,0.0
2026-09-14 17:25:00+00:00,154.3979949951172,154.41900634765625,154.38099670410156,154.39700317382812,0.0
2026-09-14 17:30:00+00:00,154.3939971923828,154.41400146484375,154.36700439453125,154.39599609375,0.0
2026-09-14 17:35:00+00:00,154.39500427246094,154.42100524902344,154.38600158691406,154.39700317382812,0.0
2026-09-14 17:40:00+00:00,154.39199829101562,154.42599487304688,154.38999938964844,154.41099548339844,0.0
2026-09-14 17:45:00+00:00,154.41000366210938,154.42599487304688,154.39100646972656,154.39300537109375,0.0
2026-09-14 17:50:00+00:00,154.39300537109375,154.41000366210938,154.35499572753906,154.36399841308594,0.0
2026-09-14 17:55:00+00:00,154.3730010986328,154.4029998779297,154.35499572753906,154.39500427246094,0.0
2026-09-14 18:00:00+00:00,154.3990020751953,154.41299438476562,154.34500122070312,154.406005859375,0.0
2026-09-14 18:05:00+00:00,154.40199279785156,154.41299438476562,154.3780059814453,154.3820037841797,0.0
2026-09-14 18:10:00+00:00,154.38499450683594,154.39599609375,154.36900329589844,154.37100219726562,0.0
2026-09-14 18:15:00+00:00,154.37100219726562,154.37899780273438,154.35699462890625,154.3679962158203,0.0
2026-09-14 18:20:00+00:00,154.36599731445312,154.38400268554688,154.3350067138672,154.33599853515625,0.0
2026-09-14 18:25:00+00:00,154.33900451660156,154.3489990234375,154.27999877929688,154.2949981689453,0.0
2026-09-14 18:30:00+00:00,154.29200744628906,154.29800415039062,154.19500732421875,154.22000122070312,0.0
2026-09-14 18:35:00+00:00,154.22000122070312,154.23899841308594,154.19200134277344,154.1999969482422,0.0
2026-09-14 18:40:00+00:00,154.197998046875,154.2259979248047,154.177001953125,154.18499755859375,0.0
2026-09-14 18:45:00+00:00,154.1790008544922,154.21200561523438,154.17300415039062,154.1840057373047,0.0
2026-09-14 18:50:00+00:00,154.18699645996094,154.2310028076172,154.12899780273438,154.1439971923828,0.0
2026-09-14 18:55:00+00:00,154.14100646972656,154.156005859375,153.968994140625,154.02200317382812,0.0
2026-09-14 19:00:00+00:00,154.02699279785156,154.1230010986328,154.02699279785156,154.08599853515625,0.0
2026-09-14 19:05:00+00:00,154.0919952392578,154.15899658203125,154.08599853515625,154.13099670410156,0.0
2026-09-14 19:10:00+00:00,154.1300048828125,154.18600463867188,154.12399291992188,154.177001953125,0.0
2026-09-14 19:15:00+00:00,154.1699981689453,154.2220001220703,154.15499877929688,154.21600341796875,0.0
2026-09-14 19:20:00+00:00,154.21099853515625,154.24899291992188,154.2030029296875,154.23800659179688,0.0
2026-09-14 19:25:00+00:00,154.23399353027344,154.26100158691406,154.2239990234375,154.2530059814453,0.0
2026-09-14 19:30:00+00:00,154.2530059814453,154.27200317382812,154.23199462890625,154.26300048828125,0.0
2026-09-14 19:35:00+00:00,154.26800537109375,154.28599548339844,154.22900390625,154.2480010986328,0.0
2026-09-14 19:40:00+00:00,154.2469940185547,154.3000030517578,154.24200439453125,154.28900146484375,0.0
2026-09-14 19:45:00+00:00,154.28900146484375,154.3300018310547,154.28700256347656,154.31399536132812,0.0
2026-09-14 19:50:00+00:00,154.31300354003906,154.3470001220703,154.31300354003906,154.32699584960938,0.0
2026-09-14 19:55:00+00:00,154.32699584960938,154.36099243164062,154.32200622558594,154.35000610351562,0.0
2026-09-14 20:00:00+00:00,154.35000610351562,154.41900634765625,154.35000610351562,154.38999938964844,0.0
2026-09-14 20:05:00+00:00,154.39100646972656,154.41600036621094,154.37399291992188,154.3979949951172,0.0
2026-09-14 20:10:00+00:00,154.3979949951172,154.40499877929688,154.3730010986328,154.37600708007812,0.0
2026-09-14 20:15:00+00:00,154.3730010986328,154.3990020751953,154.36300659179688,154.37399291992188,0.0
2026-09-14 20:20:00+00:00,154.37399291992188,154.3939971923828,154.3730010986328,154.38600158691406,0.0
2026-09-14 20:25:00+00:00,154.38499450683594,154.40499877929688,154.37600708007812,154.38999938964844,0.0
2026-09-14 20:30:00+00:00,154.39300537109375,154.406005859375,154.38299560546875,154.39300537109375,0.0
2026-09-14 20:35:00+00:00,154.39199829101562,154.41799926757812,154.38499450683594,154.4040069580078,0.0
2026-09-14 20:40:00+00:00,154.39700317382812,154.41600036621094,154.38099670410156,154.39999389648438,0.0
2026-09-14 20:45:00+00:00,154.38800048828125,154.4010009765625,154.36700439453125,154.37899780273438,0.0
2026-09-14 20:50:00+00:00,154.3719940185547,154.3769989013672,154.343994140625,154.35000610351562,0.0
2026-09-14 20:55:00+00:00,154.343994140625,154.35899353027344,154.31399536132812,154.322998046875,0.0
2026-09-14 21:00:00+00:00,154.31700134277344,154.3350067138672,154.28199768066406,154.302001953125,0.0
2026-09-14 21:05:00+00:00,154.2969970703125,154.30499267578125,154.27099609375,154.28199768066406,0.0
2026-09-14 21:10:00+00:00,154.3000030517578,154.30099487304688,154.27699279785156,154.29200744628906,0.0
2026-09-14 21:15:00+00:00,154.29100036621094,154.30499267578125,154.2790069580078,154.2949981689453,0.0
2026-09-14 21:20:00+00:00,154.29200744628906,154.2969970703125,154.2760009765625,154.29299926757812,0.0
2026-09-14 21:25:00+00:00,154.2969970703125,154.2969970703125,154.27999877929688,154.28799438476562,0.0
2026-09-14 21:30:00+00:00,154.29400634765625,154.31500244140625,154.27699279785156,154.27699279785156,0.0
2026-09-14 21:35:00+00:00,154.27699279785156,154.31700134277344,154.27499389648438,154.302001953125,0.0
2026-09-14 21:40:00+00:00,154.30299377441406,154.3179931640625,154.2740020751953,154.31199645996094,0.0
2026-09-14 21:45:00+00:00,154.302001953125,154.31300354003906,154.27099609375,154.2949981689453,0.0
2026-09-14 21:50:00+00:00,154.2760009765625,154.30999755859375,154.27200317382812,154.29600524902344,0.0
2026-09-14 21:55:00+00:00,154.29400634765625,154.3249969482422,154.2779998779297,154.3000030517578,0.0
2026-09-14 22:00:00+00:00,154.32200622558594,154.3419952392578,154.27200317382812,154.33399963378906,0.0
2026-09-14 22:05:00+00:00,154.3280029296875,154.3350067138672,154.31900024414062,154.31900024414062,0.0
2026-09-14 22:10:00+00:00,154.31900024414062,154.3470001220703,154.31900024414062,154.3350067138672,0.0
2026-09-14 22:15:00+00:00,154.33799743652344,154.3459930419922,154.322998046875,154.33399963378906,0.0
2026-09-14 22:20:00+00:00,154.33299255371094,154.3699951171875,154.3300018310547,154.3459930419922,0.0
2026-09-14 22:25:00+00:00,154.3509979248047,154.35499572753906,154.33599853515625,154.3419952392578,0.0
2026-09-14 22:30:00+00:00,154.3419952392578,154.36199951171875,154.30599975585938,154.31199645996094,0.0
2026-09-14 22:35:00+00:00,154.30599975585938,154.3260040283203,154.2949981689453,154.3070068359375,0.0
2026-09-14 22:40:00+00:00,154.2949981689453,154.32000732421875,154.2899932861328,154.30599975585938,0.0
2026-09-14 22:45:00+00:00,154.30599975585938,154.31700134277344,154.28700256347656,154.3070068359375,0.0
2026-09-14 22:50:00+00:00,154.30099487304688,154.31199645996094,154.27499389648438,154.27999877929688,0.0
2026-09-14 22:55:00+00:00,154.281005859375,154.28599548339844,154.25,154.2530059814453,0.0
2026-09-14 23:00:00+00:00,154.2519989013672,154.26499938964844,154.21400451660156,154.2259979248047,0.0
2026-09-14 23:05:00+00:00,154.22500610351562,154.26400756835938,154.20199584960938,154.2519989013672,0.0
2026-09-14 23:10:00+00:00,154.2519989013672,154.3040008544922,154.2519989013672,154.29299926757812,0.0
2026-09-14 23:15:00+00:00,154.28700256347656,154.3489990234375,154.28700256347656,154.33799743652344,0.0
2026-09-14 23:20:00+00:00,154.33799743652344,154.38800048828125,154.33799743652344,154.35800170898438,0.0
2026-09-14 23:25:00+00:00,154.36000061035156,154.38400268554688,154.35299682617188,154.36900329589844,0.0
2026-09-14 23:30:00+00:00,154.36900329589844,154.4429931640625,154.3560028076172,154.4219970703125,0.0
2026-09-14 23:35:00+00:00,154.41900634765625,154.42799377441406,154.37899780273438,154.38099670410156,0.0
2026-09-14 23:40:00+00:00,154.38099670410156,154.41799926757812,154.34800720214844,154.3730010986328,0.0
2026-09-14 23:45:00+00:00,154.36399841308594,154.38800048828125,154.3350067138672,154.33599853515625,0.0
2026-09-14 23:50:00+00:00,154.33700561523438,154.42799377441406,154.33700561523438,154.4199981689453,0.0
2026-09-14 23:55:00+00:00,154.4219970703125,154.43800354003906,154.3800048828125,154.4219970703125,0.0
2026-09-15 00:00:00+00:00,154.41400146484375,154.51100158691406,154.39700317382812,154.49400329589844,0.0
2026-09-15 00:05:00+00:00,154.49600219726562,154.50999450683594,154.43600463867188,154.4550018310547,0.0
2026-09-15 00:10:00+00:00,154.46499633789062,154.53399658203125,154.44700622558594,154.4980010986328,0.0
2026-09-15 00:15:00+00:00,154.49400329589844,154.55799865722656,154.47900390625,154.5500030517578,0.0
2026-09-15 00:20:00+00:00,154.5500030517578,154.58799743652344,154.51499938964844,154.5240020751953,0.0
2026-09-15 00:25:00+00:00,154.52000427246094,154.58200073242188,154.51600646972656,154.57000732421875,0.0
2026-09-15 00:30:00+00:00,154.5659942626953,154.59800720214844,154.54100036621094,154.5919952392578,0.0
2026-09-15 00:35:00+00:00,154.58799743652344,154.63400268554688,154.57200622558594,154.6060028076172,0.0
2026-09-15 00:40:00+00:00,154.5989990234375,154.61900329589844,154.5959930419922,154.6009979248047,0.0
2026-09-15 00:45:00+00:00,154.59800720214844,154.6020050048828,154.5469970703125,154.5709991455078,0.0
2026-09-15 00:50:00+00:00,154.56199645996094,154.66400146484375,154.54800415039062,154.63699340820312,0.0
2026-09-15 00:55:00+00:00,154.6479949951172,154.66900634765625,154.61700439453125,154.66400146484375,0.0
2026-09-15 01:00:00+00:00,154.66000366210938,154.6820068359375,154.62899780273438,154.64599609375,0.0
2026-09-15 01:05:00+00:00,154.64700317382812,154.6909942626953,154.63600158691406,154.65199279785156,0.0
2026-09-15 01:10:00+00:00,154.6479949951172,154.66400146484375,154.60699462890625,154.6199951171875,0.0
2026-09-15 01:15:00+00:00,154.6219940185547,154.656005859375,154.6060028076172,154.65499877929688,0.0
2026-09-15 01:20:00+00:00,154.656005859375,154.69400024414062,154.64199829101562,154.68600463867188,0.0
2026-09-15 01:25:00+00:00,154.68499755859375,154.73500061035156,154.677001953125,154.7010040283203,0.0
2026-09-15 01:30:00+00:00,154.6999969482422,154.74200439453125,154.6719970703125,154.718994140625,0.0
2026-09-15 01:35:00+00:00,154.718994140625,154.76800537109375,154.71400451660156,154.74600219726562,0.0
2026-09-15 01:40:00+00:00,154.75399780273438,154.76600646972656,154.72900390625,154.73500061035156,0.0
2026-09-15 01:45:00+00:00,154.73500061035156,154.74899291992188,154.71299743652344,154.72799682617188,0.0
2026-09-15 01:50:00+00:00,154.7270050048828,154.76800537109375,154.7239990234375,154.74899291992188,0.0
2026-09-15 01:55:00+00:00,154.75100708007812,154.76800537109375,154.73500061035156,154.74400329589844,0.0
2026-09-15 02:00:00+00:00,154.73699951171875,154.78700256347656,154.70599365234375,154.7790069580078,0.0
2026-09-15 02:05:00+00:00,154.7830047607422,154.79299926757812,154.73599243164062,154.7740020751953,0.0
2026-09-15 02:10:00+00:00,154.77999877929688,154.8419952392578,154.76400756835938,154.83399963378906,0.0
2026-09-15 02:15:00+00:00,154.83099365234375,154.8509979248047,154.7969970703125,154.7989959716797,0.0
2026-09-15 02:20:00+00:00,154.80299377441406,154.83900451660156,154.78900146484375,154.8280029296875,0.0
2026-09-15 02:25:00+00:00,154.81900024414062,154.85699462890625,154.7989959716797,154.84300231933594,0.0
2026-09-15 02:30:00+00:00,154.85000610351562,154.87600708007812,154.8040008544922,154.875,0.0
2026-09-15 02:35:00+00:00,154.87399291992188,154.89300537109375,154.85299682617188,154.875,0.0
2026-09-15 02:40:00+00:00,154.86500549316406,154.88999938964844,154.85299682617188,154.86700439453125,0.0
2026-09-15 02:45:00+00:00,154.86900329589844,154.8769989013672,154.81199645996094,154.82699584960938,0.0
2026-09-15 02:50:00+00:00,154.8179931640625,154.83299255371094,154.8090057373047,154.8249969482422,0.0
2026-09-15 02:55:00+00:00,154.8159942626953,154.83299255371094,154.7779998779297,154.78399658203125,0.0
2026-09-15 03:00:00+00:00,154.78599548339844,154.79200744628906,154.73399353027344,154.7469940185547,0.0
2026-09-15 03:05:00+00:00,154.73899841308594,154.7760009765625,154.73300170898438,154.73399353027344,0.0
2026-09-15 03:10:00+00:00,154.74200439453125,154.7760009765625,154.7169952392578,154.77000427246094,0.0
2026-09-15 03:15:00+00:00,154.7689971923828,154.7779998779297,154.70199584960938,154.70599365234375,0.0
2026-09-15 03:20:00+00:00,154.7030029296875,154.74200439453125,154.68699645996094,154.74200439453125,0.0
2026-09-15 03:25:00+00:00,154.74099731445312,154.7530059814453,154.70899963378906,154.7220001220703,0.0
2026-09-15 03:30:00+00:00,154.7169952392578,154.72799682617188,154.68699645996094,154.72300720214844,0.0
2026-09-15 03:35:00+00:00,154.71499633789062,154.75399780273438,154.71400451660156,154.7449951171875,0.0
2026-09-15 03:40:00+00:00,154.7449951171875,154.7530059814453,154.68899536132812,154.69700622558594,0.0
2026-09-15 03:45:00+00:00,154.69700622558594,154.71400451660156,154.63900756835938,154.6540069580078,0.0
2026-09-15 03:50:00+00:00,154.65499877929688,154.67599487304688,154.6230010986328,154.63999938964844,0.0
2026-09-15 03:55:00+00:00,154.64199829101562,154.6739959716797,154.625,154.6479949951172,0.0
2026-09-15 04:00:00+00:00,154.6529998779297,154.6750030517578,154.6320037841797,154.66700744628906,0.0
2026-09-15 04:05:00+00:00,154.66700744628906,154.6929931640625,154.6490020751953,154.6540069580078,0.0
2026-09-15 04:10:00+00:00,154.6540069580078,154.68499755859375,154.6269989013672,154.6529998779297,0.0
2026-09-15 04:15:00+00:00,154.6540069580078,154.70799255371094,154.63900756835938,154.69700622558594,0.0
2026-09-15 04:20:00+00:00,154.69500732421875,154.73399353027344,154.68800354003906,154.7030029296875,0.0
2026-09-15 04:25:00+00:00,154.70700073242188,154.74200439453125,154.69900512695312,154.73599243164062,0.0
2026-09-15 04:30:00+00:00,154.73199462890625,154.74600219726562,154.69400024414062,154.6959991455078,0.0
2026-09-15 04:35:00+00:00,154.697998046875,154.7050018310547,154.63400268554688,154.6490020751953,0.0
2026-09-15 04:40:00+00:00,154.6479949951172,154.67599487304688,154.62100219726562,154.65899658203125,0.0
2026-09-15 04:45:00+00:00,154.65199279785156,154.69500732421875,154.6479949951172,154.68699645996094,0.0
2026-09-15 04:50:00+00:00,154.6820068359375,154.71600341796875,154.6820068359375,154.70399475097656,0.0
2026-09-15 04:55:00+00:00,154.7030029296875,154.74000549316406,154.67300415039062,154.73699951171875,0.0
2026-09-15 05:00:00+00:00,154.73199462890625,154.7449951171875,154.71099853515625,154.73699951171875,0.0
2026-09-15 05:05:00+00:00,154.73699951171875,154.76400756835938,154.7259979248047,154.74200439453125,0.0
2026-09-15 05:10:00+00:00,154.73699951171875,154.74899291992188,154.66600036621094,154.70399475097656,0.0
2026-09-15 05:15:00+00:00,154.70199584960938,154.8249969482422,154.6929931640625,154.81399536132812,0.0
2026-09-15 05:20:00+00:00,154.81700134277344,154.8730010986328,154.8070068359375,154.86900329589844,0.0
2026-09-15 05:25:00+00:00,154.86099243164062,154.91299438476562,154.83900451660156,154.8470001220703,0.0
2026-09-15 05:30:00+00:00,154.83999633789062,154.89500427246094,154.8300018310547,154.88299560546875,0.0
2026-09-15 05:35:00+00:00,154.8820037841797,154.91200256347656,154.86599731445312,154.8699951171875,0.0
2026-09-15 05:40:00+00:00,154.87100219726562,154.8769989013672,154.77999877929688,154.80099487304688,0.0
2026-09-15 05:45:00+00:00,154.7989959716797,154.8040008544922,154.74899291992188,154.79400634765625,0.0
2026-09-15 05:50:00+00:00,154.78700256347656,154.81900024414062,154.75900268554688,154.7899932861328,0.0
2026-09-15 05:55:00+00:00,154.781005859375,154.8249969482422,154.7570037841797,154.80499267578125,0.0
2026-09-15 06:00:00+00:00,154.80799865722656,154.83999633789062,154.77999877929688,154.82000732421875,0.0
2026-09-15 06:05:00+00:00,154.81900024414062,154.81900024414062,154.77999877929688,154.78900146484375,0.0
2026-09-15 06:10:00+00:00,154.78900146484375,154.7949981689453,154.70599365234375,154.7220001220703,0.0
2026-09-15 06:15:00+00:00,154.71499633789062,154.7570037841797,154.71499633789062,154.73899841308594,0.0
2026-09-15 06:20:00+00:00,154.7449951171875,154.7790069580078,154.7239990234375,154.75900268554688,0.0
2026-09-15 06:25:00+00:00,154.75999450683594,154.79600524902344,154.73899841308594,154.7760009765625,0.0
2026-09-15 06:30:00+00:00,154.77699279785156,154.85000610351562,154.7530059814453,154.8260040283203,0.0
2026-09-15 06:35:00+00:00,154.8209991455078,154.8560028076172,154.8209991455078,154.8470001220703,0.0
2026-09-15 06:40:00+00:00,154.8470001220703,154.89300537109375,154.82400512695312,154.8730010986328,0.0
2026-09-15 06:45:00+00:00,154.87399291992188,154.91700744628906,154.85400390625,154.86700439453125,0.0
2026-09-15 06:50:00+00:00,154.86900329589844,154.93099975585938,154.83999633789062,154.91799926757812,0.0
2026-09-15 06:55:00+00:00,154.91799926757812,154.95199584960938,154.9040069580078,154.906005859375,0.0
2026-09-15 07:00:00+00:00,154.906005859375,154.92599487304688,154.82899475097656,154.8719940185547,0.0
2026-09-15 07:05:00+00:00,154.8699951171875,154.8820037841797,154.81100463867188,154.83700561523438,0.0
2026-09-15 07:10:00+00:00,154.83099365234375,154.9029998779297,154.8000030517578,154.88699340820312,0.0
2026-09-15 07:15:00+00:00,154.88099670410156,154.89599609375,154.8470001220703,154.8800048828125,0.0
2026-09-15 07:20:00+00:00,154.8730010986328,154.9429931640625,154.85699462890625,154.9199981689453,0.0
2026-09-15 07:25:00+00:00,154.91900634765625,154.94900512695312,154.85499572753906,154.8719940185547,0.0
2026-09-15 07:30:00+00:00,154.8699951171875,154.8769989013672,154.8000030517578,154.8719940185547,0.0
2026-09-15 07:35:00+00:00,154.86399841308594,154.88900756835938,154.84800720214844,154.86000061035156,0.0
2026-09-15 07:40:00+00:00,154.86000061035156,154.8820037841797,154.82200622558594,154.822998046875,0.0
2026-09-15 07:45:00+00:00,154.822998046875,154.83099365234375,154.75399780273438,154.82200622558594,0.0
2026-09-15 07:50:00+00:00,154.82200622558594,154.90199279785156,154.82000732421875,154.8780059814453,0.0
2026-09-15 07:55:00+00:00,154.8820037841797,154.9219970703125,154.7519989013672,154.88400268554688,0.0
2026-09-15 08:00:00+00:00,154.875,155.0,154.8679962158203,154.99899291992188,0.0
2026-09-15 08:05:00+00:00,154.99200439453125,155.21299743652344,154.98599243164062,155.1790008544922,0.0
2026-09-15 08:10:00+00:00,155.1649932861328,155.23800659179688,155.0989990234375,155.1060028076172,0.0
2026-09-15 08:15:00+00:00,155.1009979248047,155.11900329589844,154.91299438476562,154.927001953125,0.0
2026-09-15 08:20:00+00:00,154.93299865722656,154.95700073242188,154.8179931640625,154.84300231933594,0.0
2026-09-15 08:25:00+00:00,154.8419952392578,154.89700317382812,154.7790069580078,154.88600158691406,0.0
2026-09-15 08:30:00+00:00,154.8820037841797,154.97500610351562,154.83399963378906,154.95899963378906,0.0
2026-09-15 08:35:00+00:00,154.96400451660156,155.0030059814453,154.9040069580078,154.98500061035156,0.0
2026-09-15 08:40:00+00:00,154.97900390625,155.0570068359375,154.96200561523438,155.03599548339844,0.0
2026-09-15 08:45:00+00:00,155.03500366210938,155.0449981689453,154.98300170898438,154.9980010986328,0.0
2026-09-15 08:50:00+00:00,154.9980010986328,155.0330047607422,154.9709930419922,155.00100708007812,0.0
2026-09-15 08:55:00+00:00,155.00100708007812,155.0229949951172,154.93800354003906,154.9969940185547,0.0
2026-09-15 09:00:00+00:00,154.99200439453125,155.00799560546875,154.9499969482422,154.9510040283203,0.0
2026-09-15 09:05:00+00:00,154.9510040283203,154.9720001220703,154.89500427246094,154.96400451660156,0.0
2026-09-15 09:10:00+00:00,154.96400451660156,154.98599243164062,154.927001953125,154.94200134277344,0.0
2026-09-15 09:15:00+00:00,154.9409942626953,155.0229949951172,154.93600463867188,154.9709930419922,0.0
2026-09-15 09:20:00+00:00,154.9709930419922,155.05799865722656,154.95700073242188,155.0290069580078,0.0
2026-09-15 09:25:00+00:00,155.02499389648438,155.0570068359375,154.98199462890625,154.99400329589844,0.0
2026-09-15 09:30:00+00:00,155.0,155.02200317382812,154.98599243164062,154.9949951171875,0.0
2026-09-15 09:35:00+00:00,154.9949951171875,155.0229949951172,154.947998046875,154.968994140625,0.0
2026-09-15 09:40:00+00:00,154.968994140625,154.98699951171875,154.93099975585938,154.9709930419922,0.0
2026-09-15 09:45:00+00:00,154.9709930419922,154.98899841308594,154.91400146484375,154.94200134277344,0.0
2026-09-15 09:50:00+00:00,154.94200134277344,154.96400451660156,154.89300537109375,154.8979949951172,0.0
2026-09-15 09:55:00+00:00,154.89999389648438,154.93099975585938,154.86700439453125,154.91400146484375,0.0
2026-09-15 10:00:00+00:00,154.9080047607422,154.91299438476562,154.8470001220703,154.87899780273438,0.0
2026-09-15 10:05:00+00:00,154.8800048828125,154.88600158691406,154.78399658203125,154.7949981689453,0.0
2026-09-15 10:10:00+00:00,154.7949981689453,154.81100463867188,154.72500610351562,154.80299377441406,0.0
2026-09-15 10:15:00+00:00,154.79800415039062,154.8419952392578,154.79600524902344,154.83200073242188,0.0
2026-09-15 10:20:00+00:00,154.83200073242188,154.83900451660156,154.75,154.7689971923828,0.0
2026-09-15 10:25:00+00:00,154.76800537109375,154.83700561523438,154.76699829101562,154.8040008544922,0.0
2026-09-15 10:30:00+00:00,154.7969970703125,154.8159942626953,154.77099609375,154.80599975585938,0.0
2026-09-15 10:35:00+00:00,154.80599975585938,154.82699584960938,154.7969970703125,154.8209991455078,0.0
2026-09-15 10:40:00+00:00,154.82699584960938,154.82699584960938,154.7740020751953,154.8040008544922,0.0
2026-09-15 10:45:00+00:00,154.79800415039062,154.8260040283203,154.7740020751953,154.8179931640625,0.0
2026-09-15 10:50:00+00:00,154.8179931640625,154.82000732421875,154.77499389648438,154.7989959716797,0.0
2026-09-15 10:55:00+00:00,154.7989959716797,154.85499572753906,154.75,154.84500122070312,0.0
2026-09-15 11:00:00+00:00,154.843994140625,154.85899353027344,154.79800415039062,154.81199645996094,0.0
2026-09-15 11:05:00+00:00,154.8159942626953,154.8300018310547,154.7550048828125,154.76199340820312,0.0
2026-09-15 11:10:00+00:00,154.76499938964844,154.8520050048828,154.76199340820312,154.83700561523438,0.0
2026-09-15 11:15:00+00:00,154.8300018310547,154.8509979248047,154.77999877929688,154.82000732421875,0.0
2026-09-15 11:20:00+00:00,154.81300354003906,154.82000732421875,154.7790069580078,154.8040008544922,0.0
2026-09-15 11:25:00+00:00,154.80299377441406,154.80999755859375,154.7760009765625,154.7760009765625,0.0
2026-09-15 11:30:00+00:00,154.7760009765625,154.81100463867188,154.72300720214844,154.72500610351562,0.0
2026-09-15 11:35:00+00:00,154.7239990234375,154.781005859375,154.69400024414062,154.77200317382812,0.0
2026-09-15 11:40:00+00:00,154.77200317382812,154.8300018310547,154.77000427246094,154.8040008544922,0.0
2026-09-15 11:45:00+00:00,154.8090057373047,154.82200622558594,154.77000427246094,154.8040008544922,0.0
2026-09-15 11:50:00+00:00,154.8040008544922,154.8470001220703,154.79200744628906,154.82699584960938,0.0
2026-09-15 11:55:00+00:00,154.8280029296875,154.90199279785156,154.82699584960938,154.8939971923828,0.0
2026-09-15 12:00:00+00:00,154.8939971923828,154.9429931640625,154.88999938964844,154.906005859375,0.0
2026-09-15 12:05:00+00:00,154.90699768066406,155.0240020751953,154.90199279785156,154.99899291992188,0.0
2026-09-15 12:10:00+00:00,155.00599670410156,155.01499938964844,154.94700622558594,154.95399475097656,0.0
2026-09-15 12:15:00+00:00,154.95399475097656,155.0679931640625,154.95199584960938,155.0570068359375,0.0
2026-09-15 12:20:00+00:00,155.052001953125,155.08700561523438,155.02999877929688,155.03500366210938,0.0
2026-09-15 12:25:00+00:00,155.02999877929688,155.0590057373047,154.9969940185547,154.9980010986328,0.0
2026-09-15 12:30:00+00:00,155.0030059814453,155.01100158691406,154.94500732421875,154.95599365234375,0.0
2026-09-15 12:35:00+00:00,154.9499969482422,154.97300720214844,154.91099548339844,154.9600067138672,0.0
2026-09-15 12:40:00+00:00,154.9669952392578,155.00900268554688,154.9600067138672,154.99899291992188,0.0
2026-09-15 12:45:00+00:00,154.99899291992188,155.01800537109375,154.8260040283203,154.8560028076172,0.0
2026-09-15 12:50:00+00:00,154.86199951171875,154.9409942626953,154.84500122070312,154.91400146484375,0.0
2026-09-15 12:55:00+00:00,154.91400146484375,154.98199462890625,154.88999938964844,154.96099853515625,0.0
2026-09-15 13:00:00+00:00,154.96099853515625,154.97300720214844,154.89700317382812,154.89700317382812,0.0
2026-09-15 13:05:00+00:00,154.89700317382812,154.9510040283203,154.88699340820312,154.9219970703125,0.0
2026-09-15 13:10:00+00:00,154.91099548339844,154.96600341796875,154.906005859375,154.95700073242188,0.0
2026-09-15 13:15:00+00:00,154.95700073242188,154.9669952392578,154.91600036621094,154.9290008544922,0.0
2026-09-15 13:20:00+00:00,154.92599487304688,155.03599548339844,154.92100524902344,155.00599670410156,0.0
2026-09-15 13:25:00+00:00,155.0,155.06300354003906,155.0,155.06199645996094,0.0
2026-09-15 13:30:00+00:00,155.05799865722656,155.16299438476562,155.052001953125,155.15699768066406,0.0
2026-09-15 13:35:00+00:00,155.15199279785156,155.16600036621094,155.04200744628906,155.09300231933594,0.0
2026-09-15 13:40:00+00:00,155.093994140625,155.09800720214844,155.00599670410156,155.0229949951172,0.0
2026-09-15 13:45:00+00:00,155.01699829101562,155.05099487304688,154.99099731445312,155.01300048828125,0.0
2026-09-15 13:50:00+00:00,155.01199340820312,155.02999877929688,154.9250030517578,154.94400024414062,0.0
2026-09-15 13:55:00+00:00,154.94500732421875,154.98699951171875,154.90499877929688,154.97900390625,0.0
2026-09-15 14:00:00+00:00,154.9810028076172,155.04299926757812,154.97500610351562,155.031005859375,0.0
2026-09-15 14:05:00+00:00,155.02699279785156,155.04299926757812,154.94000244140625,154.968994140625,0.0
2026-09-15 14:10:00+00:00,154.96600341796875,155.01800537109375,154.95599365234375,154.9810028076172,0.0
2026-09-15 14:15:00+00:00,154.97799682617188,155.03199768066406,154.96099853515625,154.99000549316406,0.0
2026-09-15 14:20:00+00:00,154.99000549316406,155.01100158691406,154.9250030517578,154.927001953125,0.0
2026-09-15 14:25:00+00:00,154.927001953125,154.97799682617188,154.89700317382812,154.968994140625,0.0
2026-09-15 14:30:00+00:00,154.96800231933594,155.00100708007812,154.8820037841797,154.92999267578125,0.0
2026-09-15 14:35:00+00:00,154.9219970703125,155.00599670410156,154.90499877929688,154.99000549316406,0.0
2026-09-15 14:40:00+00:00,154.98899841308594,155.03900146484375,154.968994140625,155.02499389648438,0.0
2026-09-15 14:45:00+00:00,155.02499389648438,155.0749969482422,155.00399780273438,155.06500244140625,0.0
2026-09-15 14:50:00+00:00,155.06199645996094,155.08599853515625,154.97900390625,155.01199340820312,0.0
2026-09-15 14:55:00+00:00,155.01100158691406,155.08399963378906,155.00999450683594,155.0780029296875,0.0
2026-09-15 15:00:00+00:00,155.0780029296875,155.10899353027344,155.03900146484375,155.0500030517578,0.0
2026-09-15 15:05:00+00:00,155.04800415039062,155.08099365234375,155.01100158691406,155.06100463867188,0.0
2026-09-15 15:10:00+00:00,155.06199645996094,155.14999389648438,155.0540008544922,155.1300048828125,0.0
2026-09-15 15:15:00+00:00,155.13600158691406,155.15499877929688,155.11000061035156,155.1280059814453,0.0
2026-09-15 15:20:00+00:00,155.125,155.16900634765625,155.10499572753906,155.11099243164062,0.0
2026-09-15 15:25:00+00:00,155.11099243164062,155.1230010986328,155.06500244140625,155.11700439453125,0.0
2026-09-15 15:30:00+00:00,155.11199951171875,155.15899658203125,155.09800720214844,155.14100646972656,0.0
2026-09-15 15:35:00+00:00,155.14199829101562,155.1580047607422,155.08799743652344,155.08900451660156,0.0
2026-09-15 15:40:00+00:00,155.08999633789062,155.09800720214844,155.04100036621094,155.0709991455078,0.0
2026-09-15 15:45:00+00:00,155.06500244140625,155.13499450683594,154.99899291992188,155.1179962158203,0.0
2026-09-15 15:50:00+00:00,155.1230010986328,155.13099670410156,155.0019989013672,155.06500244140625,0.0
2026-09-15 15:55:00+00:00,155.0659942626953,155.10899353027344,154.99600219726562,155.1060028076172,0.0
2026-09-15 16:00:00+00:00,155.1009979248047,155.1300048828125,155.07400512695312,155.1199951171875,0.0
2026-09-15 16:05:00+00:00,155.11500549316406,155.1439971923828,155.0959930419922,155.10699462890625,0.0
2026-09-15 16:10:00+00:00,155.10499572753906,155.12399291992188,155.0850067138672,155.12100219726562,0.0
2026-09-15 16:15:00+00:00,155.11700439453125,155.156005859375,155.10299682617188,155.14700317382812,0.0
2026-09-15 16:20:00+00:00,155.1479949951172,155.1580047607422,155.05799865722656,155.06399536132812,0.0
2026-09-15 16:25:00+00:00,155.0590057373047,155.1009979248047,155.05799865722656,155.08299255371094,0.0
2026-09-15 16:30:00+00:00,155.08399963378906,155.0959930419922,155.0500030517578,155.08200073242188,0.0
2026-09-15 16:35:00+00:00,155.07899475097656,155.1020050048828,155.0540008544922,155.0780029296875,0.0
2026-09-15 16:40:00+00:00,155.0780029296875,155.1060028076172,155.0760040283203,155.08099365234375,0.0
2026-09-15 16:45:00+00:00,155.07699584960938,155.08999633789062,155.052001953125,155.05599975585938,0.0
2026-09-15 16:50:00+00:00,155.05599975585938,155.072998046875,155.03399658203125,155.04299926757812,0.0
2026-09-15 16:55:00+00:00,155.0449981689453,155.0749969482422,155.03500366210938,155.06300354003906,0.0
2026-09-15 17:00:00+00:00,155.06300354003906,155.11399841308594,155.02499389648438,155.11399841308594,0.0
2026-09-15 17:05:00+00:00,155.10899353027344,155.1269989013672,155.0989990234375,155.11399841308594,0.0
2026-09-15 17:10:00+00:00,155.12100219726562,155.12100219726562,155.0679931640625,155.08900451660156,0.0
2026-09-15 17:15:00+00:00,155.08399963378906,155.13699340820312,155.07400512695312,155.13299560546875,0.0
2026-09-15 17:20:00+00:00,155.1300048828125,155.177001953125,155.1280059814453,155.17599487304688,0.0
2026-09-15 17:25:00+00:00,155.16900634765625,155.19000244140625,155.16000366210938,155.17300415039062,0.0
2026-09-15 17:30:00+00:00,155.1699981689453,155.17599487304688,155.13900756835938,155.14999389648438,0.0
2026-09-15 17:35:00+00:00,155.1540069580078,155.1580047607422,155.1269989013672,155.1510009765625,0.0
2026-09-15 17:40:00+00:00,155.1510009765625,155.1649932861328,155.13800048828125,155.14999389648438,0.0
2026-09-15 17:45:00+00:00,155.14599609375,155.17799377441406,155.13800048828125,155.1739959716797,0.0
2026-09-15 17:50:00+00:00,155.1739959716797,155.1929931640625,155.1719970703125,155.17599487304688,0.0
2026-09-15 17:55:00+00:00,155.1739959716797,155.1790008544922,155.16000366210938,155.16700744628906,0.0
2026-09-15 18:00:00+00:00,155.16200256347656,155.20799255371094,155.14999389648438,155.18600463867188,0.0
2026-09-15 18:05:00+00:00,155.18600463867188,155.1929931640625,155.15899658203125,155.16799926757812,0.0
2026-09-15 18:10:00+00:00,155.16799926757812,155.17599487304688,155.1199951171875,155.14100646972656,0.0
2026-09-15 18:15:00+00:00,155.1439971923828,155.1580047607422,155.1280059814453,155.1300048828125,0.0
2026-09-15 18:20:00+00:00,155.13299560546875,155.13400268554688,155.10000610351562,155.10699462890625,0.0
2026-09-15 18:25:00+00:00,155.10699462890625,155.11300659179688,155.08200073242188,155.09800720214844,0.0
2026-09-15 18:30:00+00:00,155.0970001220703,155.15699768066406,155.093994140625,155.13999938964844,0.0
2026-09-15 18:35:00+00:00,155.13999938964844,155.16099548339844,155.12100219726562,155.156005859375,0.0
2026-09-15 18:40:00+00:00,155.1529998779297,155.16299438476562,155.0989990234375,155.12899780273438,0.0
2026-09-15 18:45:00+00:00,155.1320037841797,155.13600158691406,155.08999633789062,155.10000610351562,0.0
2026-09-15 18:50:00+00:00,155.093994140625,155.10299682617188,155.072998046875,155.09500122070312,0.0
2026-09-15 18:55:00+00:00,155.093994140625,155.12600708007812,155.08099365234375,155.08399963378906,0.0
2026-09-15 19:00:00+00:00,155.08599853515625,155.12600708007812,155.08200073242188,155.09800720214844,0.0
2026-09-15 19:05:00+00:00,155.09800720214844,155.10499572753906,155.05799865722656,155.07000732421875,0.0
2026-09-15 19:10:00+00:00,155.07000732421875,155.10499572753906,155.07000732421875,155.09500122070312,0.0
2026-09-15 19:15:00+00:00,155.0959930419922,155.12600708007812,155.0919952392578,155.1199951171875,0.0
2026-09-15 19:20:00+00:00,155.11500549316406,155.1300048828125,155.10800170898438,155.1219940185547,0.0
2026-09-15 19:25:00+00:00,155.11900329589844,155.14100646972656,155.11700439453125,155.1300048828125,0.0
2026-09-15 19:30:00+00:00,155.1300048828125,155.14100646972656,155.08200073242188,155.0959930419922,0.0
2026-09-15 19:35:00+00:00,155.08999633789062,155.12399291992188,155.08299255371094,155.11599731445312,0.0
2026-09-15 19:40:00+00:00,155.10800170898438,155.1280059814453,155.10699462890625,155.11399841308594,0.0
2026-09-15 19:45:00+00:00,155.11199951171875,155.12899780273438,155.0919952392578,155.09800720214844,0.0
2026-09-15 19:50:00+00:00,155.09500122070312,155.11599731445312,155.08099365234375,155.0989990234375,0.0
2026-09-15 19:55:00+00:00,155.10000610351562,155.12600708007812,155.08399963378906,155.1219940185547,0.0
2026-09-15 20:00:00+00:00,155.125,155.13400268554688,155.10699462890625,155.11700439453125,0.0
2026-09-15 20:05:00+00:00,155.11599731445312,155.1269989013672,155.093994140625,155.11599731445312,0.0
2026-09-15 20:10:00+00:00,155.11500549316406,155.14999389648438,155.11500549316406,155.13400268554688,0.0
2026-09-15 20:15:00+00:00,155.13099670410156,155.13999938964844,155.1179962158203,155.12100219726562,0.0
2026-09-15 20:20:00+00:00,155.12399291992188,155.1439971923828,155.12100219726562,155.13499450683594,0.0
2026-09-15 20:25:00+00:00,155.13299560546875,155.1510009765625,155.11599731445312,155.1320037841797,0.0
2026-09-15 20:30:00+00:00,155.13099670410156,155.13699340820312,155.10499572753906,155.11700439453125,0.0
2026-09-15 20:35:00+00:00,155.11599731445312,155.13699340820312,155.11399841308594,155.125,0.0
2026-09-15 20:40:00+00:00,155.1179962158203,155.13999938964844,155.11399841308594,155.1300048828125,0.0
2026-09-15 20:45:00+00:00,155.1300048828125,155.13999938964844,155.10899353027344,155.12100219726562,0.0
2026-09-15 20:50:00+00:00,155.11000061035156,155.1280059814453,155.11000061035156,155.11599731445312,0.0
2026-09-15 20:55:00+00:00,155.11300659179688,155.1269989013672,155.06399536132812,155.1009979248047,0.0
2026-09-15 21:00:00+00:00,155.10000610351562,155.10000610351562,155.0330047607422,155.07000732421875,0.0
2026-09-15 21:05:00+00:00,155.07400512695312,155.09300231933594,155.01699829101562,155.06399536132812,0.0
2026-09-15 21:10:00+00:00,155.052001953125,155.1219940185547,155.04400634765625,155.08999633789062,0.0
2026-09-15 21:15:00+00:00,155.09800720214844,155.10299682617188,155.0749969482422,155.0970001220703,0.0
2026-09-15 21:20:00+00:00,155.08999633789062,155.11399841308594,155.08099365234375,155.0989990234375,0.0
2026-09-15 21:25:00+00:00,155.0989990234375,155.11000061035156,155.08099365234375,155.0989990234375,0.0
2026-09-15 21:30:00+00:00,155.1060028076172,155.1219940185547,155.08700561523438,155.08700561523438,0.0
2026-09-15 21:35:00+00:00,155.10800170898438,155.11399841308594,155.07699584960938,155.0850067138672,0.0
2026-09-15 21:40:00+00:00,155.08299255371094,155.10400390625,155.08299255371094,155.08999633789062,0.0
2026-09-15 21:45:00+00:00,155.08799743652344,155.11099243164062,155.052001953125,155.09300231933594,0.0
2026-09-15 21:50:00+00:00,155.09100341796875,155.1230010986328,155.05599975585938,155.08200073242188,0.0
2026-09-15 21:55:00+00:00,155.0760040283203,155.08599853515625,155.0540008544922,155.0679931640625,0.0
2026-09-15 22:00:00+00:00,155.07200622558594,155.11199951171875,155.02699279785156,155.03900146484375,0.0
2026-09-15 22:05:00+00:00,155.03900146484375,155.0989990234375,155.03900146484375,155.0709991455078,0.0
2026-09-15 22:10:00+00:00,155.0709991455078,155.11599731445312,155.07000732421875,155.1020050048828,0.0
2026-09-15 22:15:00+00:00,155.1020050048828,155.10899353027344,155.072998046875,155.08999633789062,0.0
2026-09-15 22:20:00+00:00,155.07699584960938,155.09500122070312,155.052001953125,155.0800018310547,0.0
2026-09-15 22:25:00+00:00,155.08900451660156,155.08999633789062,155.0570068359375,155.06199645996094,0.0
2026-09-15 22:30:00+00:00,155.06199645996094,155.0800018310547,155.04299926757812,155.0540008544922,0.0
2026-09-15 22:35:00+00:00,155.06500244140625,155.06700134277344,155.01400756835938,155.0229949951172,0.0
2026-09-15 22:40:00+00:00,155.0229949951172,155.0570068359375,155.00799560546875,155.03399658203125,0.0
2026-09-15 22:45:00+00:00,155.04400634765625,155.05599975585938,155.01600646972656,155.05599975585938,0.0
2026-09-15 22:50:00+00:00,155.0500030517578,155.093994140625,155.04200744628906,155.06399536132812,0.0
2026-09-15 22:55:00+00:00,155.06500244140625,155.0970001220703,155.0540008544922,155.0919952392578,0.0
2026-09-15 23:00:00+00:00,155.10800170898438,155.18899536132812,155.10499572753906,155.16299438476562,0.0
2026-09-15 23:05:00+00:00,155.16700744628906,155.2100067138672,155.16099548339844,155.17799377441406,0.0
2026-09-15 23:10:00+00:00,155.17799377441406,155.20399475097656,155.13999938964844,155.1790008544922,0.0
2026-09-15 23:15:00+00:00,155.177001953125,155.1929931640625,155.1529998779297,155.16600036621094,0.0
2026-09-15 23:20:00+00:00,155.15699768066406,155.1699981689453,155.1280059814453,155.14199829101562,0.0
2026-09-15 23:25:00+00:00,155.13499450683594,155.21299743652344,155.12899780273438,155.16900634765625,0.0
2026-09-15 23:30:00+00:00,155.1699981689453,155.18099975585938,155.14100646972656,155.16700744628906,0.0
2026-09-15 23:35:00+00:00,155.16700744628906,155.39500427246094,155.16299438476562,155.37600708007812,0.0
2026-09-15 23:40:00+00:00,155.37600708007812,155.42799377441406,155.3350067138672,155.39500427246094,0.0
2026-09-15 23:45:00+00:00,155.38600158691406,155.39599609375,155.31100463867188,155.32200622558594,0.0
2026-09-15 23:50:00+00:00,155.31199645996094,155.35800170898438,155.2429962158203,155.2429962158203,0.0
2026-09-15 23:55:00+00:00,155.2429962158203,155.31399536132812,155.2429962158203,155.28500366210938,0.0
2026-09-16 00:00:00+00:00,155.2740020751953,155.31199645996094,155.20799255371094,155.25,0.0
2026-09-16 00:05:00+00:00,155.25799560546875,155.28500366210938,155.1929931640625,155.28399658203125,0.0
2026-09-16 00:10:00+00:00,155.2830047607422,155.28399658203125,155.1790008544922,155.24099731445312,0.0
2026-09-16 00:15:00+00:00,155.23300170898438,155.2429962158203,155.13400268554688,155.14300537109375,0.0
2026-09-16 00:20:00+00:00,155.1490020751953,155.1909942626953,155.13499450683594,155.16799926757812,0.0
2026-09-16 00:25:00+00:00,155.16799926757812,155.2259979248047,155.16400146484375,155.2030029296875,0.0
2026-09-16 00:30:00+00:00,155.19400024414062,155.2899932861328,155.19400024414062,155.25900268554688,0.0
2026-09-16 00:35:00+00:00,155.26199340820312,155.30999755859375,155.25399780273438,155.28700256347656,0.0
2026-09-16 00:40:00+00:00,155.2969970703125,155.33099365234375,155.26699829101562,155.32000732421875,0.0
2026-09-16 00:45:00+00:00,155.32899475097656,155.3520050048828,155.30999755859375,155.33900451660156,0.0
2026-09-16 00:50:00+00:00,155.33799743652344,155.3990020751953,155.32899475097656,155.38299560546875,0.0
2026-09-16 00:55:00+00:00,155.37100219726562,155.43499755859375,155.33999633789062,155.3679962158203,0.0
2026-09-16 01:00:00+00:00,155.36099243164062,155.41600036621094,155.32200622558594,155.37600708007812,0.0
2026-09-16 01:05:00+00:00,155.3679962158203,155.4040069580078,155.33900451660156,155.34300231933594,0.0
2026-09-16 01:10:00+00:00,155.35299682617188,155.37399291992188,155.2949981689453,155.32200622558594,0.0
2026-09-16 01:15:00+00:00,155.31199645996094,155.3780059814453,155.302001953125,155.3679962158203,0.0
2026-09-16 01:20:00+00:00,155.3769989013672,155.4029998779297,155.3459930419922,155.39199829101562,0.0
2026-09-16 01:25:00+00:00,155.38299560546875,155.4429931640625,155.35899353027344,155.44200134277344,0.0
2026-09-16 01:30:00+00:00,155.4340057373047,155.48300170898438,155.41900634765625,155.4709930419922,0.0
2026-09-16 01:35:00+00:00,155.4810028076172,155.49000549316406,155.4459991455078,155.45599365234375,0.0
2026-09-16 01:40:00+00:00,155.44900512695312,155.46299743652344,155.40899658203125,155.42599487304688,0.0
2026-09-16 01:45:00+00:00,155.42999267578125,155.46400451660156,155.4040069580078,155.41400146484375,0.0
2026-09-16 01:50:00+00:00,155.4040069580078,155.42599487304688,155.39199829101562,155.4199981689453,0.0
2026-09-16 01:55:00+00:00,155.41600036621094,155.4320068359375,155.3979949951172,155.41700744628906,0.0
2026-09-16 02:00:00+00:00,155.41700744628906,155.4499969482422,155.38900756835938,155.41900634765625,0.0
2026-09-16 02:05:00+00:00,155.41799926757812,155.43800354003906,155.31399536132812,155.32400512695312,0.0
2026-09-16 02:10:00+00:00,155.3300018310547,155.33900451660156,155.2949981689453,155.32699584960938,0.0
2026-09-16 02:15:00+00:00,155.31900024414062,155.3260040283203,155.26800537109375,155.28700256347656,0.0
2026-09-16 02:20:00+00:00,155.28900146484375,155.33599853515625,155.2830047607422,155.32200622558594,0.0
2026-09-16 02:25:00+00:00,155.32200622558594,155.3489990234375,155.30299377441406,155.3459930419922,0.0
2026-09-16 02:30:00+00:00,155.34500122070312,155.34500122070312,155.2969970703125,155.30599975585938,0.0
2026-09-16 02:35:00+00:00,155.2949981689453,155.3159942626953,155.24099731445312,155.25,0.0
2026-09-16 02:40:00+00:00,155.24600219726562,155.3249969482422,155.2449951171875,155.2989959716797,0.0
2026-09-16 02:45:00+00:00,155.3070068359375,155.3090057373047,155.25900268554688,155.27000427246094,0.0
2026-09-16 02:50:00+00:00,155.27000427246094,155.30799865722656,155.26600646972656,155.29600524902344,0.0
2026-09-16 02:55:00+00:00,155.3000030517578,155.31500244140625,155.23399353027344,155.24200439453125,0.0
2026-09-16 03:00:00+00:00,155.2449951171875,155.29200744628906,155.2169952392578,155.2830047607422,0.0
2026-09-16 03:05:00+00:00,155.2830047607422,155.31199645996094,155.26499938964844,155.2760009765625,0.0
2026-09-16 03:10:00+00:00,155.281005859375,155.29200744628906,155.2530059814453,155.27000427246094,0.0
2026-09-16 03:15:00+00:00,155.27099609375,155.28700256347656,155.2480010986328,155.2790069580078,0.0
2026-09-16 03:20:00+00:00,155.2729949951172,155.3260040283203,155.27099609375,155.31399536132812,0.0
2026-09-16 03:25:00+00:00,155.3090057373047,155.33799743652344,155.3070068359375,155.33200073242188,0.0
2026-09-16 03:30:00+00:00,155.33200073242188,155.35699462890625,155.3209991455078,155.3470001220703,0.0
2026-09-16 03:35:00+00:00,155.34300231933594,155.35499572753906,155.3090057373047,155.3350067138672,0.0
2026-09-16 03:40:00+00:00,155.3350067138672,155.35899353027344,155.31900024414062,155.3560028076172,0.0
2026-09-16 03:45:00+00:00,155.34800720214844,155.38499450683594,155.3470001220703,155.36700439453125,0.0
2026-09-16 03:50:00+00:00,155.375,155.39700317382812,155.36399841308594,155.37899780273438,0.0
2026-09-16 03:55:00+00:00,155.38800048828125,155.40199279785156,155.36599731445312,155.36900329589844,0.0
2026-09-16 04:00:00+00:00,155.36700439453125,155.38099670410156,155.33900451660156,155.35000610351562,0.0
2026-09-16 04:05:00+00:00,155.3509979248047,155.35499572753906,155.31700134277344,155.3470001220703,0.0
2026-09-16 04:10:00+00:00,155.35000610351562,155.36000061035156,155.3179931640625,155.34800720214844,0.0
2026-09-16 04:15:00+00:00,155.343994140625,155.36700439453125,155.32699584960938,155.36399841308594,0.0
2026-09-16 04:20:00+00:00,155.36300659179688,155.36399841308594,155.3260040283203,155.3489990234375,0.0
2026-09-16 04:25:00+00:00,155.35000610351562,155.35899353027344,155.30799865722656,155.3179931640625,0.0
2026-09-16 04:30:00+00:00,155.3260040283203,155.3419952392578,155.2949981689453,155.34100341796875,0.0
2026-09-16 04:35:00+00:00,155.3419952392578,155.3419952392578,155.28599548339844,155.29800415039062,0.0
2026-09-16 04:40:00+00:00,155.29400634765625,155.322998046875,155.28500366210938,155.31399536132812,0.0
2026-09-16 04:45:00+00:00,155.31399536132812,155.343994140625,155.3040008544922,155.33399963378906,0.0
2026-09-16 04:50:00+00:00,155.33999633789062,155.35400390625,155.31900024414062,155.32000732421875,0.0
2026-09-16 04:55:00+00:00,155.32200622558594,155.33799743652344,155.2969970703125,155.2969970703125,0.0
2026-09-16 05:00:00+00:00,155.3000030517578,155.3090057373047,155.2790069580078,155.302001953125,0.0
2026-09-16 05:05:00+00:00,155.3070068359375,155.33999633789062,155.2989959716797,155.31500244140625,0.0
2026-09-16 05:10:00+00:00,155.3159942626953,155.32400512695312,155.27000427246094,155.302001953125,0.0
2026-09-16 05:15:00+00:00,155.2969970703125,155.32400512695312,155.29200744628906,155.302001953125,0.0
2026-09-16 05:20:00+00:00,155.30099487304688,155.31700134277344,155.27999877929688,155.281005859375,0.0
2026-09-16 05:25:00+00:00,155.28199768066406,155.29400634765625,155.2570037841797,155.25900268554688,0.0
2026-09-16 05:30:00+00:00,155.26499938964844,155.26699829101562,155.20700073242188,155.2169952392578,0.0
2026-09-16 05:35:00+00:00,155.2169952392578,155.2689971923828,155.21099853515625,155.26100158691406,0.0
2026-09-16 05:40:00+00:00,155.26100158691406,155.28799438476562,155.25599670410156,155.25799560546875,0.0
2026-09-16 05:45:00+00:00,155.2570037841797,155.26699829101562,155.218994140625,155.2469940185547,0.0
2026-09-16 05:50:00+00:00,155.24600219726562,155.25100708007812,155.1820068359375,155.19000244140625,0.0
2026-09-16 05:55:00+00:00,155.18299865722656,155.1909942626953,155.1320037841797,155.1840057373047,0.0
2026-09-16 06:00:00+00:00,155.18299865722656,155.197998046875,155.14199829101562,155.1739959716797,0.0
2026-09-16 06:05:00+00:00,155.17999267578125,155.23300170898438,155.16600036621094,155.1719970703125,0.0
2026-09-16 06:10:00+00:00,155.1719970703125,155.18299865722656,155.0489959716797,155.0540008544922,0.0
2026-09-16 06:15:00+00:00,155.06100463867188,155.08900451660156,155.0030059814453,155.0279998779297,0.0
2026-09-16 06:20:00+00:00,155.0240020751953,155.10299682617188,155.01199340820312,155.10299682617188,0.0
2026-09-16 06:25:00+00:00,155.09800720214844,155.13600158691406,155.09100341796875,155.1060028076172,0.0
2026-09-16 06:30:00+00:00,155.0989990234375,155.1199951171875,155.0749969482422,155.08999633789062,0.0
2026-09-16 06:35:00+00:00,155.08999633789062,155.11199951171875,155.0570068359375,155.0760040283203,0.0
2026-09-16 06:40:00+00:00,155.07000732421875,155.13400268554688,155.06900024414062,155.08900451660156,0.0
2026-09-16 06:45:00+00:00,155.09300231933594,155.125,155.07200622558594,155.08299255371094,0.0
2026-09-16 06:50:00+00:00,155.0760040283203,155.0989990234375,155.02999877929688,155.0540008544922,0.0
2026-09-16 06:55:00+00:00,155.0500030517578,155.07400512695312,154.95799255371094,154.9669952392578,0.0
2026-09-16 07:00:00+00:00,154.96600341796875,155.0330047607422,154.95599365234375,155.01300048828125,0.0
2026-09-16 07:05:00+00:00,155.0070037841797,155.0679931640625,154.99200439453125,155.02099609375,0.0
2026-09-16 07:10:00+00:00,155.02200317382812,155.02999877929688,154.91900634765625,154.9199981689453,0.0
2026-09-16 07:15:00+00:00,154.91900634765625,154.99000549316406,154.91200256347656,154.9759979248047,0.0
2026-09-16 07:20:00+00:00,154.9770050048828,154.98599243164062,154.8769989013672,154.906005859375,0.0
2026-09-16 07:25:00+00:00,154.91200256347656,154.97000122070312,154.8979949951172,154.9199981689453,0.0
2026-09-16 07:30:00+00:00,154.9219970703125,154.9669952392578,154.89500427246094,154.94200134277344,0.0
2026-09-16 07:35:00+00:00,154.94200134277344,154.97999572753906,154.90499877929688,154.96499633789062,0.0
2026-09-16 07:40:00+00:00,154.97000122070312,154.9969940185547,154.927001953125,154.9530029296875,0.0
2026-09-16 07:45:00+00:00,154.94900512695312,154.9739990234375,154.91700744628906,154.92300415039062,0.0
2026-09-16 07:50:00+00:00,154.9219970703125,154.95199584960938,154.90199279785156,154.94000244140625,0.0
2026-09-16 07:55:00+00:00,154.94500732421875,154.97799682617188,154.91200256347656,154.97799682617188,0.0
2026-09-16 08:00:00+00:00,154.9720001220703,155.0229949951172,154.96099853515625,154.99400329589844,0.0
2026-09-16 08:05:00+00:00,154.99400329589844,155.01600646972656,154.97500610351562,154.9949951171875,0.0
2026-09-16 08:10:00+00:00,154.9949951171875,155.04800415039062,154.98500061035156,155.04600524902344,0.0
2026-09-16 08:15:00+00:00,155.0399932861328,155.0749969482422,154.97900390625,155.03599548339844,0.0
2026-09-16 08:20:00+00:00,155.02999877929688,155.0469970703125,154.94700622558594,155.031005859375,0.0
2026-09-16 08:25:00+00:00,155.02499389648438,155.0500030517578,155.00399780273438,155.01100158691406,0.0
2026-09-16 08:30:00+00:00,155.01199340820312,155.0659942626953,155.0050048828125,155.05999755859375,0.0
2026-09-16 08:35:00+00:00,155.0540008544922,155.0709991455078,155.01499938964844,155.01800537109375,0.0
2026-09-16 08:40:00+00:00,155.01699829101562,155.03599548339844,155.0070037841797,155.0260009765625,0.0
2026-09-16 08:45:00+00:00,155.02200317382812,155.06399536132812,155.0050048828125,155.05799865722656,0.0
2026-09-16 08:50:00+00:00,155.06100463867188,155.11500549316406,155.0570068359375,155.1009979248047,0.0
2026-09-16 08:55:00+00:00,155.10299682617188,155.11700439453125,155.07000732421875,155.10400390625,0.0
2026-09-16 09:00:00+00:00,155.10699462890625,155.13400268554688,155.0989990234375,155.11300659179688,0.0
2026-09-16 09:05:00+00:00,155.11500549316406,155.1219940185547,155.0760040283203,155.08299255371094,0.0
2026-09-16 09:10:00+00:00,155.08900451660156,155.1009979248047,155.0540008544922,155.09300231933594,0.0
2026-09-16 09:15:00+00:00,155.0970001220703,155.1219940185547,155.08799743652344,155.0919952392578,0.0
2026-09-16 09:20:00+00:00,155.0919952392578,155.12100219726562,155.08700561523438,155.1060028076172,0.0
2026-09-16 09:25:00+00:00,155.1060028076172,155.11099243164062,155.0399932861328,155.0709991455078,0.0
2026-09-16 09:30:00+00:00,155.0659942626953,155.0970001220703,155.0500030517578,155.0500030517578,0.0
2026-09-16 09:35:00+00:00,155.0449981689453,155.0709991455078,155.0290069580078,155.05099487304688,0.0
2026-09-16 09:40:00+00:00,155.05499267578125,155.07400512695312,155.02999877929688,155.04200744628906,0.0
2026-09-16 09:45:00+00:00,155.0489959716797,155.1199951171875,155.03199768066406,155.11399841308594,0.0
2026-09-16 09:50:00+00:00,155.11399841308594,155.14599609375,155.09100341796875,155.13900756835938,0.0
2026-09-16 09:55:00+00:00,155.13900756835938,155.15699768066406,155.0989990234375,155.13299560546875,0.0
2026-09-16 10:00:00+00:00,155.1269989013672,155.15899658203125,155.1020050048828,155.1540069580078,0.0
2026-09-16 10:05:00+00:00,155.1529998779297,155.1649932861328,155.11500549316406,155.1269989013672,0.0
2026-09-16 10:10:00+00:00,155.13499450683594,155.1580047607422,155.11700439453125,155.1280059814453,0.0
2026-09-16 10:15:00+00:00,155.1280059814453,155.13699340820312,155.093994140625,155.0959930419922,0.0
2026-09-16 10:20:00+00:00,155.0959930419922,155.15699768066406,155.09100341796875,155.14700317382812,0.0
2026-09-16 10:25:00+00:00,155.1510009765625,155.18600463867188,155.14500427246094,155.1750030517578,0.0
2026-09-16 10:30:00+00:00,155.1750030517578,155.197998046875,155.15899658203125,155.18800354003906,0.0
2026-09-16 10:35:00+00:00,155.18800354003906,155.197998046875,155.13999938964844,155.14199829101562,0.0
2026-09-16 10:40:00+00:00,155.14199829101562,155.1510009765625,155.10499572753906,155.11099243164062,0.0
2026-09-16 10:45:00+00:00,155.11099243164062,155.1479949951172,155.11000061035156,155.13900756835938,0.0
2026-09-16 10:50:00+00:00,155.13699340820312,155.16099548339844,155.125,155.14100646972656,0.0
2026-09-16 10:55:00+00:00,155.14199829101562,155.14999389648438,155.09800720214844,155.11500549316406,0.0
2026-09-16 11:00:00+00:00,155.0919952392578,155.14300537109375,155.07200622558594,155.13800048828125,0.0
2026-09-16 11:05:00+00:00,155.14300537109375,155.1510009765625,155.10699462890625,155.12600708007812,0.0
2026-09-16 11:10:00+00:00,155.1320037841797,155.1510009765625,155.11399841308594,155.13699340820312,0.0
2026-09-16 11:15:00+00:00,155.13699340820312,155.1529998779297,155.12899780273438,155.13699340820312,0.0
2026-09-16 11:20:00+00:00,155.13699340820312,155.14100646972656,155.09100341796875,155.09300231933594,0.0
2026-09-16 11:25:00+00:00,155.09300231933594,155.10299682617188,154.99400329589844,155.0279998779297,0.0
2026-09-16 11:30:00+00:00,155.0229949951172,155.04200744628906,154.9499969482422,154.9600067138672,0.0
2026-09-16 11:35:00+00:00,154.9600067138672,155.00100708007812,154.93800354003906,154.98699951171875,0.0
2026-09-16 11:40:00+00:00,154.98300170898438,155.0500030517578,154.98199462890625,155.03700256347656,0.0
2026-09-16 11:45:00+00:00,155.031005859375,155.072998046875,155.00999450683594,155.0570068359375,0.0
2026-09-16 11:50:00+00:00,155.0570068359375,155.07000732421875,155.0189971923828,155.02999877929688,0.0
2026-09-16 11:55:00+00:00,155.0290069580078,155.0489959716797,154.9949951171875,155.03199768066406,0.0
2026-09-16 12:00:00+00:00,155.03199768066406,155.0500030517578,155.00599670410156,155.0399932861328,0.0
2026-09-16 12:05:00+00:00,155.0399932861328,155.0679931640625,155.00999450683594,155.0449981689453,0.0
2026-09-16 12:10:00+00:00,155.0449981689453,155.07899475097656,155.04100036621094,155.0679931640625,0.0
2026-09-16 12:15:00+00:00,155.0659942626953,155.10899353027344,155.05299377441406,155.0959930419922,0.0
2026-09-16 12:20:00+00:00,155.0959930419922,155.16200256347656,155.0959930419922,155.15199279785156,0.0
2026-09-16 12:25:00+00:00,155.14999389648438,155.17999267578125,155.1280059814453,155.14999389648438,0.0
2026-09-16 12:30:00+00:00,155.1479949951172,155.20599365234375,155.1269989013672,155.14700317382812,0.0
2026-09-16 12:35:00+00:00,155.1540069580078,155.17999267578125,155.1269989013672,155.17100524902344,0.0
2026-09-16 12:40:00+00:00,155.17100524902344,155.1929931640625,155.12899780273438,155.16600036621094,0.0
2026-09-16 12:45:00+00:00,155.16000366210938,155.17799377441406,155.11599731445312,155.1320037841797,0.0
2026-09-16 12:50:00+00:00,155.12600708007812,155.19500732421875,155.11000061035156,155.19400024414062,0.0
2026-09-16 12:55:00+00:00,155.18800354003906,155.25599670410156,155.18600463867188,155.21499633789062,0.0
2026-09-16 13:00:00+00:00,155.21600341796875,155.25799560546875,155.19700622558594,155.24600219726562,0.0
2026-09-16 13:05:00+00:00,155.25399780273438,155.2729949951172,155.2259979248047,155.22999572753906,0.0
2026-09-16 13:10:00+00:00,155.22999572753906,155.2429962158203,155.18899536132812,155.21600341796875,0.0
2026-09-16 13:15:00+00:00,155.21499633789062,155.2969970703125,155.19200134277344,155.2949981689453,0.0
2026-09-16 13:20:00+00:00,155.29100036621094,155.2989959716797,155.26499938964844,155.28700256347656,0.0
2026-09-16 13:25:00+00:00,155.28500366210938,155.2989959716797,155.26699829101562,155.2899932861328,0.0
2026-09-16 13:30:00+00:00,155.2899932861328,155.3000030517578,155.22000122070312,155.2429962158203,0.0
2026-09-16 13:35:00+00:00,155.23399353027344,155.25999450683594,155.2030029296875,155.21400451660156,0.0
2026-09-16 13:40:00+00:00,155.21299743652344,155.24899291992188,155.20700073242188,155.2429962158203,0.0
2026-09-16 13:45:00+00:00,155.2449951171875,155.25900268554688,155.22000122070312,155.24400329589844,0.0
2026-09-16 13:50:00+00:00,155.24400329589844,155.2899932861328,155.23699951171875,155.2790069580078,0.0
2026-09-16 13:55:00+00:00,155.2760009765625,155.2989959716797,155.27000427246094,155.2790069580078,0.0
2026-09-16 14:00:00+00:00,155.281005859375,155.3260040283203,155.2550048828125,155.27200317382812,0.0
2026-09-16 14:05:00+00:00,155.2760009765625,155.29100036621094,155.22000122070312,155.2259979248047,0.0
2026-09-16 14:10:00+00:00,155.2270050048828,155.2519989013672,155.20599365234375,155.20799255371094,0.0
2026-09-16 14:15:00+00:00,155.21299743652344,155.24000549316406,155.1820068359375,155.1820068359375,0.0
2026-09-16 14:20:00+00:00,155.1820068359375,155.20799255371094,155.1580047607422,155.1929931640625,0.0
2026-09-16 14:25:00+00:00,155.1929931640625,155.19700622558594,155.1479949951172,155.1719970703125,0.0
2026-09-16 14:30:00+00:00,155.16799926757812,155.18299865722656,155.13400268554688,155.1490020751953,0.0
2026-09-16 14:35:00+00:00,155.1490020751953,155.15499877929688,155.11399841308594,155.125,0.0
2026-09-16 14:40:00+00:00,155.125,155.1300048828125,155.06399536132812,155.06700134277344,0.0
2026-09-16 14:45:00+00:00,155.0709991455078,155.12399291992188,155.06399536132812,155.11700439453125,0.0
2026-09-16 14:50:00+00:00,155.11599731445312,155.1959991455078,155.10499572753906,155.1790008544922,0.0
2026-09-16 14:55:00+00:00,155.1790008544922,155.18899536132812,155.0760040283203,155.08099365234375,0.0
2026-09-16 15:00:00+00:00,155.0780029296875,155.10899353027344,155.05299377441406,155.08900451660156,0.0
2026-09-16 15:05:00+00:00,155.08900451660156,155.09500122070312,155.0070037841797,155.01300048828125,0.0
2026-09-16 15:10:00+00:00,155.01699829101562,155.0489959716797,154.99600219726562,155.00599670410156,0.0
2026-09-16 15:15:00+00:00,155.00799560546875,155.052001953125,155.0019989013672,155.031005859375,0.0
2026-09-16 15:20:00+00:00,155.031005859375,155.0749969482422,155.0260009765625,155.05099487304688,0.0
2026-09-16 15:25:00+00:00,155.0489959716797,155.0989990234375,155.04400634765625,155.08700561523438,0.0
2026-09-16 15:30:00+00:00,155.08999633789062,155.11000061035156,155.0760040283203,155.10000610351562,0.0
2026-09-16 15:35:00+00:00,155.10000610351562,155.11599731445312,155.06199645996094,155.0760040283203,0.0
2026-09-16 15:40:00+00:00,155.0800018310547,155.0919952392578,155.052001953125,155.08399963378906,0.0
2026-09-16 15:45:00+00:00,155.07899475097656,155.08999633789062,154.97000122070312,155.06199645996094,0.0
2026-09-16 15:50:00+00:00,155.06199645996094,155.09500122070312,155.06100463867188,155.08700561523438,0.0
2026-09-16 15:55:00+00:00,155.09100341796875,155.10499572753906,155.07400512695312,155.08099365234375,0.0
2026-09-16 16:00:00+00:00,155.08099365234375,155.24899291992188,155.07699584960938,155.24099731445312,0.0
2026-09-16 16:05:00+00:00,155.23199462890625,155.24099731445312,155.19500732421875,155.22500610351562,0.0
2026-09-16 16:10:00+00:00,155.22799682617188,155.25100708007812,155.20399475097656,155.20399475097656,0.0
2026-09-16 16:15:00+00:00,155.20399475097656,155.2239990234375,155.1929931640625,155.21299743652344,0.0
2026-09-16 16:20:00+00:00,155.21200561523438,155.2169952392578,155.17999267578125,155.18899536132812,0.0
2026-09-16 16:25:00+00:00,155.1820068359375,155.20199584960938,155.156005859375,155.17599487304688,0.0
2026-09-16 16:30:00+00:00,155.1719970703125,155.1840057373047,155.1320037841797,155.14599609375,0.0
2026-09-16 16:35:00+00:00,155.14199829101562,155.15699768066406,155.1320037841797,155.14100646972656,0.0
2026-09-16 16:40:00+00:00,155.14300537109375,155.1580047607422,155.10699462890625,155.10899353027344,0.0
2026-09-16 16:45:00+00:00,155.10899353027344,155.1179962158203,155.08399963378906,155.10499572753906,0.0
2026-09-16 16:50:00+00:00,155.10499572753906,155.11399841308594,155.06199645996094,155.0989990234375,0.0
2026-09-16 16:55:00+00:00,155.10299682617188,155.11399841308594,155.07200622558594,155.11300659179688,0.0
2026-09-16 17:00:00+00:00,155.11399841308594,155.12600708007812,155.0970001220703,155.1060028076172,0.0
2026-09-16 17:05:00+00:00,155.0970001220703,155.13099670410156,155.0970001220703,155.11700439453125,0.0
2026-09-16 17:10:00+00:00,155.12399291992188,155.14300537109375,155.11700439453125,155.1199951171875,0.0
2026-09-16 17:15:00+00:00,155.1219940185547,155.1580047607422,155.11500549316406,155.14999389648438,0.0
2026-09-16 17:20:00+00:00,155.14599609375,155.156005859375,155.13299560546875,155.13600158691406,0.0
2026-09-16 17:25:00+00:00,155.13400268554688,155.13999938964844,155.0989990234375,155.10000610351562,0.0
2026-09-16 17:30:00+00:00,155.10000610351562,155.1179962158203,155.0749969482422,155.10000610351562,0.0
2026-09-16 17:35:00+00:00,155.1060028076172,155.13299560546875,155.0970001220703,155.1230010986328,0.0
2026-09-16 17:40:00+00:00,155.1280059814453,155.14999389648438,155.1230010986328,155.14500427246094,0.0
2026-09-16 17:45:00+00:00,155.1439971923828,155.15499877929688,155.11399841308594,155.14100646972656,0.0
2026-09-16 17:50:00+00:00,155.13600158691406,155.14700317382812,155.1009979248047,155.10699462890625,0.0
2026-09-16 17:55:00+00:00,155.10899353027344,155.11500549316406,154.9550018310547,154.99000549316406,0.0
2026-09-16 18:00:00+00:00,155.0240020751953,155.3489990234375,154.81700134277344,155.2519989013672,0.0
2026-09-16 18:05:00+00:00,155.25,155.3040008544922,155.16799926757812,155.21600341796875,0.0
2026-09-16 18:10:00+00:00,155.22300720214844,155.44900512695312,155.21299743652344,155.4290008544922,0.0
2026-09-16 18:15:00+00:00,155.43499755859375,155.5760040283203,155.41700744628906,155.48500061035156,0.0
2026-09-16 18:20:00+00:00,155.48300170898438,155.52200317382812,155.4149932861328,155.50399780273438,0.0
2026-09-16 18:25:00+00:00,155.5030059814453,155.5500030517578,155.48899841308594,155.50399780273438,0.0
2026-09-16 18:30:00+00:00,155.49899291992188,155.8489990234375,155.4929962158203,155.81399536132812,0.0
2026-09-16 18:35:00+00:00,155.81199645996094,155.9320068359375,155.718994140625,155.76499938964844,0.0
2026-09-16 18:40:00+00:00,155.7550048828125,155.85299682617188,155.625,155.7010040283203,0.0
2026-09-16 18:45:00+00:00,155.70599365234375,155.73800659179688,155.63299560546875,155.677001953125,0.0
2026-09-16 18:50:00+00:00,155.67999267578125,155.88499450683594,155.66799926757812,155.85800170898438,0.0
2026-09-16 18:55:00+00:00,155.8699951171875,155.9320068359375,155.81900024414062,155.9219970703125,0.0
2026-09-16 19:00:00+00:00,155.9149932861328,155.93699645996094,155.75399780273438,155.82000732421875,0.0
2026-09-16 19:05:00+00:00,155.81500244140625,155.96400451660156,155.80299377441406,155.96400451660156,0.0
2026-09-16 19:10:00+00:00,155.95899963378906,155.9929962158203,155.9199981689453,155.9409942626953,0.0
2026-09-16 19:15:00+00:00,155.9429931640625,156.10400390625,155.92999267578125,156.0540008544922,0.0
2026-09-16 19:20:00+00:00,156.06100463867188,156.14700317382812,156.00599670410156,156.10400390625,0.0
2026-09-16 19:25:00+00:00,156.1060028076172,156.1929931640625,156.08299255371094,156.17599487304688,0.0
2026-09-16 19:30:00+00:00,156.17300415039062,156.18800354003906,156.10299682617188,156.11099243164062,0.0
2026-09-16 19:35:00+00:00,156.11900329589844,156.14300537109375,156.05499267578125,156.0800018310547,0.0
2026-09-16 19:40:00+00:00,156.0760040283203,156.1320037841797,156.0709991455078,156.11199951171875,0.0
2026-09-16 19:45:00+00:00,156.11300659179688,156.19700622558594,156.0760040283203,156.16200256347656,0.0
2026-09-16 19:50:00+00:00,156.16200256347656,156.1840057373047,156.11500549316406,156.1219940185547,0.0
2026-09-16 19:55:00+00:00,156.12600708007812,156.1750030517578,156.11599731445312,156.16299438476562,0.0
2026-09-16 20:00:00+00:00,156.16000366210938,156.19400024414062,156.10699462890625,156.1490020751953,0.0
2026-09-16 20:05:00+00:00,156.156005859375,156.19500732421875,156.14500427246094,156.18600463867188,0.0
2026-09-16 20:10:00+00:00,156.18299865722656,156.26699829101562,156.17599487304688,156.2550048828125,0.0
2026-09-16 20:15:00+00:00,156.26499938964844,156.39199829101562,156.2449951171875,156.3800048828125,0.0
2026-09-16 20:20:00+00:00,156.3800048828125,156.4029998779297,156.34100341796875,156.375,0.0
2026-09-16 20:25:00+00:00,156.36700439453125,156.41600036621094,156.35899353027344,156.3769989013672,0.0
2026-09-16 20:30:00+00:00,156.38800048828125,156.4149932861328,156.3419952392578,156.35699462890625,0.0
2026-09-16 20:35:00+00:00,156.36199951171875,156.3820037841797,156.3260040283203,156.33599853515625,0.0
2026-09-16 20:40:00+00:00,156.33599853515625,156.39300537109375,156.32000732421875,156.34800720214844,0.0
2026-09-16 20:45:00+00:00,156.3489990234375,156.3560028076172,156.25,156.28799438476562,0.0
2026-09-16 20:50:00+00:00,156.2899932861328,156.3260040283203,156.2830047607422,156.28599548339844,0.0
2026-09-16 20:55:00+00:00,156.29299926757812,156.322998046875,156.23800659179688,156.2429962158203,0.0
2026-09-16 21:00:00+00:00,156.22999572753906,156.24099731445312,156.16700744628906,156.2220001220703,0.0
2026-09-16 21:05:00+00:00,156.2209930419922,156.22300720214844,156.18099975585938,156.18499755859375,0.0
2026-09-16 21:10:00+00:00,156.20799255371094,156.21499633789062,156.18499755859375,156.20899963378906,0.0
2026-09-16 21:15:00+00:00,156.21400451660156,156.2209930419922,156.1959991455078,156.21499633789062,0.0
2026-09-16 21:20:00+00:00,156.1959991455078,156.21400451660156,156.18800354003906,156.20700073242188,0.0
2026-09-16 21:25:00+00:00,156.18899536132812,156.20799255371094,156.17999267578125,156.20399475097656,0.0
2026-09-16 21:30:00+00:00,156.20399475097656,156.20799255371094,156.17999267578125,156.2050018310547,0.0
2026-09-16 21:35:00+00:00,156.18699645996094,156.20599365234375,156.1840057373047,156.1999969482422,0.0
2026-09-16 21:40:00+00:00,156.18800354003906,156.20799255371094,156.18800354003906,156.19000244140625,0.0
2026-09-16 21:45:00+00:00,156.1909942626953,156.20799255371094,156.18600463867188,156.19000244140625,0.0
2026-09-16 21:50:00+00:00,156.20599365234375,156.23599243164062,156.19000244140625,156.218994140625,0.0
2026-09-16 21:55:00+00:00,156.218994140625,156.24200439453125,156.2050018310547,156.22900390625,0.0
2026-09-16 22:00:00+00:00,156.2310028076172,156.28799438476562,156.21600341796875,156.26100158691406,0.0
2026-09-16 22:05:00+00:00,156.2760009765625,156.281005859375,156.22000122070312,156.23699951171875,0.0
2026-09-16 22:10:00+00:00,156.2530059814453,156.3179931640625,156.23300170898438,156.30099487304688,0.0
2026-09-16 22:15:00+00:00,156.2899932861328,156.30299377441406,156.2270050048828,156.23199462890625,0.0
2026-09-16 22:20:00+00:00,156.23199462890625,156.26499938964844,156.21200561523438,156.22900390625,0.0
2026-09-16 22:25:00+00:00,156.23399353027344,156.24000549316406,156.19500732421875,156.218994140625,0.0
2026-09-16 22:30:00+00:00,156.2239990234375,156.2689971923828,156.2169952392578,156.24000549316406,0.0
2026-09-16 22:35:00+00:00,156.23500061035156,156.25399780273438,156.2209930419922,156.24000549316406,0.0
2026-09-16 22:40:00+00:00,156.2480010986328,156.25399780273438,156.21400451660156,156.2270050048828,0.0
2026-09-16 22:45:00+00:00,156.21499633789062,156.24400329589844,156.1999969482422,156.24000549316406,0.0
2026-09-16 22:50:00+00:00,156.23599243164062,156.26100158691406,156.21600341796875,156.24400329589844,0.0
2026-09-16 22:55:00+00:00,156.24099731445312,156.25399780273438,156.2209930419922,156.2270050048828,0.0
2026-09-16 23:00:00+00:00,156.24000549316406,156.29100036621094,156.2100067138672,156.2169952392578,0.0
2026-09-16 23:05:00+00:00,156.21600341796875,156.23300170898438,156.19700622558594,156.1999969482422,0.0
2026-09-16 23:10:00+00:00,156.197998046875,156.20700073242188,156.156005859375,156.16700744628906,0.0
2026-09-16 23:15:00+00:00,156.16700744628906,156.19400024414062,156.14300537109375,156.1929931640625,0.0
2026-09-16 23:20:00+00:00,156.1840057373047,156.1929931640625,156.13299560546875,156.17100524902344,0.0
2026-09-16 23:25:00+00:00,156.16099548339844,156.19200134277344,156.16099548339844,156.1750030517578,0.0
2026-09-16 23:30:00+00:00,156.1750030517578,156.18899536132812,156.12399291992188,156.14199829101562,0.0
2026-09-16 23:35:00+00:00,156.14199829101562,156.16200256347656,156.12600708007812,156.1439971923828,0.0
2026-09-16 23:40:00+00:00,156.1439971923828,156.17100524902344,156.11199951171875,156.13400268554688,0.0
2026-09-16 23:45:00+00:00,156.13299560546875,156.1739959716797,156.10899353027344,156.11199951171875,0.0
2026-09-16 23:50:00+00:00,156.11399841308594,156.1219940185547,156.04100036621094,156.06300354003906,0.0
2026-09-16 23:55:00+00:00,156.05999755859375,156.08200073242188,156.00900268554688,156.04100036621094,0.0
2026-09-17 00:00:00+00:00,156.0330047607422,156.06199645996094,155.9290008544922,155.95700073242188,0.0
2026-09-17 00:05:00+00:00,155.96200561523438,155.99000549316406,155.8939971923828,155.927001953125,0.0
2026-09-17 00:10:00+00:00,155.927001953125,155.93699645996094,155.86900329589844,155.9239959716797,0.0
2026-09-17 00:15:00+00:00,155.9199981689453,156.01300048828125,155.91099548339844,156.01199340820312,0.0
2026-09-17 00:20:00+00:00,155.99899291992188,156.08700561523438,155.96800231933594,156.072998046875,0.0
2026-09-17 00:25:00+00:00,156.0760040283203,156.0800018310547,156.00399780273438,156.04600524902344,0.0
2026-09-17 00:30:00+00:00,156.0449981689453,156.11500549316406,156.03199768066406,156.0919952392578,0.0
2026-09-17 00:35:00+00:00,156.093994140625,156.1199951171875,156.0590057373047,156.10699462890625,0.0
2026-09-17 00:40:00+00:00,156.10400390625,156.11500549316406,156.01400756835938,156.04400634765625,0.0
2026-09-17 00:45:00+00:00,156.04400634765625,156.0760040283203,156.00399780273438,156.02000427246094,0.0
2026-09-17 00:50:00+00:00,156.0189971923828,156.16700744628906,155.98699951171875,156.13600158691406,0.0
2026-09-17 00:55:00+00:00,156.14100646972656,156.21200561523438,156.11199951171875,156.20799255371094,0.0
2026-09-17 01:00:00+00:00,156.2010040283203,156.2689971923828,156.16000366210938,156.1719970703125,0.0
2026-09-17 01:05:00+00:00,156.18099975585938,156.1929931640625,156.12399291992188,156.13099670410156,0.0
2026-09-17 01:10:00+00:00,156.14300537109375,156.2270050048828,156.12600708007812,156.16799926757812,0.0
2026-09-17 01:15:00+00:00,156.16799926757812,156.1790008544922,156.08399963378906,156.08700561523438,0.0
2026-09-17 01:20:00+00:00,156.09100341796875,156.13099670410156,156.08399963378906,156.11300659179688,0.0
2026-09-17 01:25:00+00:00,156.12100219726562,156.1219940185547,156.0540008544922,156.06900024414062,0.0
2026-09-17 01:30:00+00:00,156.06300354003906,156.06900024414062,156.0070037841797,156.0500030517578,0.0
2026-09-17 01:35:00+00:00,156.0489959716797,156.0989990234375,156.03399658203125,156.072998046875,0.0
2026-09-17 01:40:00+00:00,156.07400512695312,156.14700317382812,156.07200622558594,156.14100646972656,0.0
2026-09-17 01:45:00+00:00,156.1320037841797,156.1490020751953,156.1060028076172,156.12100219726562,0.0
2026-09-17 01:50:00+00:00,156.12100219726562,156.16600036621094,156.09500122070312,156.1179962158203,0.0
2026-09-17 01:55:00+00:00,156.1179962158203,156.19500732421875,156.1179962158203,156.16200256347656,0.0
2026-09-17 02:00:00+00:00,156.16200256347656,156.1699981689453,156.11000061035156,156.1280059814453,0.0
2026-09-17 02:05:00+00:00,156.1219940185547,156.15899658203125,156.0989990234375,156.1540069580078,0.0
2026-09-17 02:10:00+00:00,156.1510009765625,156.1790008544922,156.1199951171875,156.12899780273438,0.0
2026-09-17 02:15:00+00:00,156.1219940185547,156.15699768066406,156.10699462890625,156.14300537109375,0.0
2026-09-17 02:20:00+00:00,156.13900756835938,156.21800231933594,156.13600158691406,156.21400451660156,0.0
2026-09-17 02:25:00+00:00,156.20399475097656,156.2169952392578,156.16900634765625,156.20599365234375,0.0
2026-09-17 02:30:00+00:00,156.19700622558594,156.2550048828125,156.1750030517578,156.2469940185547,0.0
2026-09-17 02:35:00+00:00,156.2519989013672,156.2779998779297,156.1840057373047,156.20399475097656,0.0
2026-09-17 02:40:00+00:00,156.20399475097656,156.2480010986328,156.197998046875,156.22999572753906,0.0
2026-09-17 02:45:00+00:00,156.22900390625,156.2480010986328,156.20899963378906,156.21800231933594,0.0
2026-09-17 02:50:00+00:00,156.21099853515625,156.2429962158203,156.19200134277344,156.22300720214844,0.0
2026-09-17 02:55:00+00:00,156.23199462890625,156.23699951171875,156.177001953125,156.18800354003906,0.0
2026-09-17 03:00:00+00:00,156.18499755859375,156.197998046875,156.14500427246094,156.1529998779297,0.0
2026-09-17 03:05:00+00:00,156.15199279785156,156.156005859375,156.08299255371094,156.093994140625,0.0
2026-09-17 03:10:00+00:00,156.08999633789062,156.1020050048828,156.02499389648438,156.0449981689453,0.0
2026-09-17 03:15:00+00:00,156.04400634765625,156.0959930419922,156.03799438476562,156.06700134277344,0.0
2026-09-17 03:20:00+00:00,156.0679931640625,156.13400268554688,156.0469970703125,156.11599731445312,0.0
2026-09-17 03:25:00+00:00,156.10899353027344,156.1439971923828,156.10800170898438,156.1219940185547,0.0
2026-09-17 03:30:00+00:00,156.11700439453125,156.12399291992188,156.0749969482422,156.0780029296875,0.0
2026-09-17 03:35:00+00:00,156.0780029296875,156.12600708007812,156.0449981689453,156.0489959716797,0.0
2026-09-17 03:40:00+00:00,156.0489959716797,156.10499572753906,156.04400634765625,156.09100341796875,0.0
2026-09-17 03:45:00+00:00,156.08999633789062,156.1280059814453,156.08700561523438,156.125,0.0
2026-09-17 03:50:00+00:00,156.1179962158203,156.14100646972656,156.10699462890625,156.12100219726562,0.0
2026-09-17 03:55:00+00:00,156.12100219726562,156.13499450683594,156.09500122070312,156.11599731445312,0.0
2026-09-17 04:00:00+00:00,156.11399841308594,156.1219940185547,156.07000732421875,156.0780029296875,0.0
2026-09-17 04:05:00+00:00,156.07200622558594,156.0919952392578,156.0570068359375,156.06300354003906,0.0
2026-09-17 04:10:00+00:00,156.0659942626953,156.11599731445312,156.06100463867188,156.11599731445312,0.0
2026-09-17 04:15:00+00:00,156.10800170898438,156.13400268554688,156.1060028076172,156.11599731445312,0.0
2026-09-17 04:20:00+00:00,156.10899353027344,156.11700439453125,156.0469970703125,156.08299255371094,0.0
2026-09-17 04:25:00+00:00,156.08299255371094,156.10899353027344,156.05999755859375,156.06399536132812,0.0
2026-09-17 04:30:00+00:00,156.06900024414062,156.08799743652344,156.0279998779297,156.05299377441406,0.0
2026-09-17 04:35:00+00:00,156.0570068359375,156.072998046875,156.00999450683594,156.05999755859375,0.0
2026-09-17 04:40:00+00:00,156.05999755859375,156.0959930419922,156.0469970703125,156.0540008544922,0.0
2026-09-17 04:45:00+00:00,156.05499267578125,156.05599975585938,156.00900268554688,156.02200317382812,0.0
2026-09-17 04:50:00+00:00,156.01499938964844,156.05099487304688,156.00900268554688,156.04400634765625,0.0
2026-09-17 04:55:00+00:00,156.0469970703125,156.05999755859375,156.01100158691406,156.02699279785156,0.0
2026-09-17 05:00:00+00:00,156.0229949951172,156.0290069580078,155.96499633789062,155.968994140625,0.0
2026-09-17 05:05:00+00:00,155.9759979248047,155.9969940185547,155.95599365234375,155.98399353027344,0.0
2026-09-17 05:10:00+00:00,155.98399353027344,155.9980010986328,155.96299743652344,155.96600341796875,0.0
2026-09-17 05:15:00+00:00,155.9669952392578,155.99600219726562,155.9510040283203,155.96099853515625,0.0
2026-09-17 05:20:00+00:00,155.96099853515625,155.98800659179688,155.95199584960938,155.95599365234375,0.0
2026-09-17 05:25:00+00:00,155.95399475097656,155.9720001220703,155.93699645996094,155.95199584960938,0.0
2026-09-17 05:30:00+00:00,155.94500732421875,155.9770050048828,155.9340057373047,155.95599365234375,0.0
2026-09-17 05:35:00+00:00,155.95899963378906,155.9709930419922,155.927001953125,155.95399475097656,0.0
2026-09-17 05:40:00+00:00,155.95399475097656,155.97500610351562,155.82899475097656,155.83799743652344,0.0
2026-09-17 05:45:00+00:00,155.83700561523438,155.84800720214844,155.78199768066406,155.78199768066406,0.0
2026-09-17 05:50:00+00:00,155.78199768066406,155.80499267578125,155.6750030517578,155.68299865722656,0.0
2026-09-17 05:55:00+00:00,155.6820068359375,155.7259979248047,155.6490020751953,155.7030029296875,0.0
2026-09-17 06:00:00+00:00,155.697998046875,155.7530059814453,155.6490020751953,155.72999572753906,0.0
2026-09-17 06:05:00+00:00,155.7310028076172,155.77699279785156,155.70799255371094,155.76300048828125,0.0
2026-09-17 06:10:00+00:00,155.75599670410156,155.76800537109375,155.7169952392578,155.7270050048828,0.0
2026-09-17 06:15:00+00:00,155.7220001220703,155.7790069580078,155.5989990234375,155.61199951171875,0.0
2026-09-17 06:20:00+00:00,155.60699462890625,155.6649932861328,155.53700256347656,155.656005859375,0.0
2026-09-17 06:25:00+00:00,155.656005859375,155.677001953125,155.57000732421875,155.5780029296875,0.0
2026-09-17 06:30:00+00:00,155.5780029296875,155.6060028076172,155.52000427246094,155.56100463867188,0.0
2026-09-17 06:35:00+00:00,155.55299377441406,155.65499877929688,155.53199768066406,155.6439971923828,0.0
2026-09-17 06:40:00+00:00,155.6439971923828,155.65899658203125,155.5970001220703,155.60899353027344,0.0
2026-09-17 06:45:00+00:00,155.60899353027344,155.67599487304688,155.60400390625,155.61700439453125,0.0
2026-09-17 06:50:00+00:00,155.6230010986328,155.6699981689453,155.5590057373047,155.57200622558594,0.0
2026-09-17 06:55:00+00:00,155.57699584960938,155.64300537109375,155.52200317382812,155.63400268554688,0.0
2026-09-17 07:00:00+00:00,155.63400268554688,155.71200561523438,155.61599731445312,155.7050018310547,0.0
2026-09-17 07:05:00+00:00,155.70700073242188,155.71499633789062,155.5760040283203,155.5989990234375,0.0
2026-09-17 07:10:00+00:00,155.5989990234375,155.66900634765625,155.5399932861328,155.60699462890625,0.0
2026-09-17 07:15:00+00:00,155.60499572753906,155.64300537109375,155.55999755859375,155.61199951171875,0.0
2026-09-17 07:20:00+00:00,155.61199951171875,155.67999267578125,155.59300231933594,155.64999389648438,0.0
2026-09-17 07:25:00+00:00,155.6479949951172,155.68099975585938,155.60899353027344,155.61000061035156,0.0
2026-09-17 07:30:00+00:00,155.61000061035156,155.70199584960938,155.60800170898438,155.67599487304688,0.0
2026-09-17 07:35:00+00:00,155.6719970703125,155.6999969482422,155.65699768066406,155.66700744628906,0.0
2026-09-17 07:40:00+00:00,155.66099548339844,155.76699829101562,155.65499877929688,155.69900512695312,0.0
2026-09-17 07:45:00+00:00,155.6959991455078,155.72300720214844,155.63699340820312,155.65499877929688,0.0
2026-09-17 07:50:00+00:00,155.66299438476562,155.73800659179688,155.63600158691406,155.73800659179688,0.0
2026-09-17 07:55:00+00:00,155.7310028076172,155.75999450683594,155.66000366210938,155.67300415039062,0.0
2026-09-17 08:00:00+00:00,155.67300415039062,155.7469940185547,155.65699768066406,155.7270050048828,0.0
2026-09-17 08:05:00+00:00,155.72300720214844,155.83700561523438,155.72000122070312,155.8249969482422,0.0
2026-09-17 08:10:00+00:00,155.82400512695312,155.87600708007812,155.79299926757812,155.8260040283203,0.0
2026-09-17 08:15:00+00:00,155.8260040283203,155.84300231933594,155.8000030517578,155.81399536132812,0.0
2026-09-17 08:20:00+00:00,155.8090057373047,155.85499572753906,155.79600524902344,155.82899475097656,0.0
2026-09-17 08:25:00+00:00,155.8300018310547,155.86700439453125,155.8000030517578,155.80599975585938,0.0
2026-09-17 08:30:00+00:00,155.80599975585938,155.8300018310547,155.76800537109375,155.79299926757812,0.0
2026-09-17 08:35:00+00:00,155.79299926757812,155.83900451660156,155.78700256347656,155.79400634765625,0.0
2026-09-17 08:40:00+00:00,155.7989959716797,155.8300018310547,155.7740020751953,155.79200744628906,0.0
2026-09-17 08:45:00+00:00,155.79800415039062,155.82699584960938,155.75599670410156,155.77200317382812,0.0
2026-09-17 08:50:00+00:00,155.76600646972656,155.78599548339844,155.72999572753906,155.76100158691406,0.0
2026-09-17 08:55:00+00:00,155.75399780273438,155.7830047607422,155.73699951171875,155.75799560546875,0.0
2026-09-17 09:00:00+00:00,155.75900268554688,155.77699279785156,155.74099731445312,155.76100158691406,0.0
2026-09-17 09:05:00+00:00,155.76699829101562,155.7729949951172,155.70799255371094,155.70899963378906,0.0
2026-09-17 09:10:00+00:00,155.72000122070312,155.72000122070312,155.6580047607422,155.66099548339844,0.0
2026-09-17 09:15:00+00:00,155.66000366210938,155.67599487304688,155.61900329589844,155.63099670410156,0.0
2026-09-17 09:20:00+00:00,155.63099670410156,155.64700317382812,155.55999755859375,155.5659942626953,0.0
2026-09-17 09:25:00+00:00,155.56300354003906,155.63600158691406,155.552001953125,155.6199951171875,0.0
2026-09-17 09:30:00+00:00,155.61599731445312,155.68600463867188,155.60499572753906,155.68499755859375,0.0
2026-09-17 09:35:00+00:00,155.67799377441406,155.7030029296875,155.6439971923828,155.6490020751953,0.0
2026-09-17 09:40:00+00:00,155.6529998779297,155.6790008544922,155.6009979248047,155.6269989013672,0.0
2026-09-17 09:45:00+00:00,155.63400268554688,155.6929931640625,155.62600708007812,155.6510009765625,0.0
2026-09-17 09:50:00+00:00,155.6510009765625,155.72999572753906,155.6510009765625,155.71499633789062,0.0
2026-09-17 09:55:00+00:00,155.71499633789062,155.76300048828125,155.7050018310547,155.73899841308594,0.0
2026-09-17 10:00:00+00:00,155.73899841308594,155.74899291992188,155.65499877929688,155.6959991455078,0.0
2026-09-17 10:05:00+00:00,155.6959991455078,155.70399475097656,155.60299682617188,155.63999938964844,0.0
2026-09-17 10:10:00+00:00,155.63699340820312,155.68099975585938,155.62100219726562,155.66900634765625,0.0
2026-09-17 10:15:00+00:00,155.67100524902344,155.71499633789062,155.65899658203125,155.70599365234375,0.0
2026-09-17 10:20:00+00:00,155.71499633789062,155.71800231933594,155.64700317382812,155.64700317382812,0.0
2026-09-17 10:25:00+00:00,155.64999389648438,155.6790008544922,155.61000061035156,155.62100219726562,0.0
2026-09-17 10:30:00+00:00,155.62100219726562,155.6510009765625,155.60000610351562,155.63699340820312,0.0
2026-09-17 10:35:00+00:00,155.63999938964844,155.65899658203125,155.59800720214844,155.625,0.0
2026-09-17 10:40:00+00:00,155.625,155.6490020751953,155.5749969482422,155.5749969482422,0.0
2026-09-17 10:45:00+00:00,155.58399963378906,155.63299560546875,155.5749969482422,155.59500122070312,0.0
2026-09-17 10:50:00+00:00,155.59500122070312,155.61700439453125,155.5500030517578,155.60400390625,0.0
2026-09-17 10:55:00+00:00,155.6020050048828,155.65199279785156,155.59300231933594,155.64700317382812,0.0
2026-09-17 11:00:00+00:00,155.64199829101562,155.70599365234375,155.61599731445312,155.68499755859375,0.0
2026-09-17 11:05:00+00:00,155.69000244140625,155.7010040283203,155.61500549316406,155.64100646972656,0.0
2026-09-17 11:10:00+00:00,155.63499450683594,155.6719970703125,155.62899780273438,155.64300537109375,0.0
2026-09-17 11:15:00+00:00,155.64599609375,155.76100158691406,155.6300048828125,155.7550048828125,0.0
2026-09-17 11:20:00+00:00,155.75900268554688,155.81300354003906,155.72999572753906,155.8070068359375,0.0
2026-09-17 11:25:00+00:00,155.8159942626953,155.85000610351562,155.80999755859375,155.81399536132812,0.0
2026-09-17 11:30:00+00:00,155.81399536132812,155.84100341796875,155.79100036621094,155.83299255371094,0.0
2026-09-17 11:35:00+00:00,155.82899475097656,155.84100341796875,155.8000030517578,155.8249969482422,0.0
2026-09-17 11:40:00+00:00,155.83099365234375,155.89100646972656,155.78900146484375,155.80999755859375,0.0
2026-09-17 11:45:00+00:00,155.802001953125,155.86099243164062,155.7989959716797,155.84100341796875,0.0
2026-09-17 11:50:00+00:00,155.84100341796875,155.8719940185547,155.82000732421875,155.8459930419922,0.0
2026-09-17 11:55:00+00:00,155.8459930419922,155.91000366210938,155.79800415039062,155.8719940185547,0.0
2026-09-17 12:00:00+00:00,155.8800048828125,155.91700744628906,155.83399963378906,155.85299682617188,0.0
2026-09-17 12:05:00+00:00,155.85000610351562,155.86099243164062,155.6320037841797,155.6580047607422,0.0
2026-09-17 12:10:00+00:00,155.66299438476562,155.6739959716797,155.57699584960938,155.63099670410156,0.0
2026-09-17 12:15:00+00:00,155.63600158691406,155.68600463867188,155.57699584960938,155.5919952392578,0.0
2026-09-17 12:20:00+00:00,155.60000610351562,155.6020050048828,155.3350067138672,155.4340057373047,0.0
2026-09-17 12:25:00+00:00,155.44400024414062,155.4530029296875,155.29100036621094,155.3280029296875,0.0
2026-09-17 12:30:00+00:00,155.32899475097656,155.5050048828125,155.29400634765625,155.47300720214844,0.0
2026-09-17 12:35:00+00:00,155.46800231933594,155.58299255371094,155.44400024414062,155.54400634765625,0.0
2026-09-17 12:40:00+00:00,155.54400634765625,155.68099975585938,155.54400634765625,155.6649932861328,0.0
2026-09-17 12:45:00+00:00,155.66600036621094,155.68099975585938,155.6199951171875,155.63900756835938,0.0
2026-09-17 12:50:00+00:00,155.63800048828125,155.66900634765625,155.54400634765625,155.55099487304688,0.0
2026-09-17 12:55:00+00:00,155.5449981689453,155.61900329589844,155.54200744628906,155.5800018310547,0.0
2026-09-17 13:00:00+00:00,155.5749969482422,155.64100646972656,155.55499267578125,155.61500549316406,0.0
2026-09-17 13:05:00+00:00,155.61500549316406,155.69200134277344,155.593994140625,155.69200134277344,0.0
2026-09-17 13:10:00+00:00,155.68499755859375,155.71299743652344,155.6540069580078,155.6540069580078,0.0
2026-09-17 13:15:00+00:00,155.6540069580078,155.66900634765625,155.59100341796875,155.63099670410156,0.0
2026-09-17 13:20:00+00:00,155.63699340820312,155.71400451660156,155.61099243164062,155.69400024414062,0.0
2026-09-17 13:25:00+00:00,155.68800354003906,155.75,155.66700744628906,155.73699951171875,0.0
2026-09-17 13:30:00+00:00,155.74000549316406,155.7689971923828,155.7100067138672,155.71200561523438,0.0
2026-09-17 13:35:00+00:00,155.71400451660156,155.73199462890625,155.67799377441406,155.69700622558594,0.0
2026-09-17 13:40:00+00:00,155.69700622558594,155.802001953125,155.69500732421875,155.7760009765625,0.0
2026-09-17 13:45:00+00:00,155.77699279785156,155.78500366210938,155.66700744628906,155.70599365234375,0.0
2026-09-17 13:50:00+00:00,155.70700073242188,155.72300720214844,155.6739959716797,155.69200134277344,0.0
2026-09-17 13:55:00+00:00,155.6959991455078,155.697998046875,155.6269989013672,155.6649932861328,0.0
2026-09-17 14:00:00+00:00,155.66900634765625,155.68899536132812,155.5850067138672,155.6269989013672,0.0
2026-09-17 14:05:00+00:00,155.63400268554688,155.66600036621094,155.6060028076172,155.63400268554688,0.0
2026-09-17 14:10:00+00:00,155.63400268554688,155.67599487304688,155.6300048828125,155.64599609375,0.0
2026-09-17 14:15:00+00:00,155.63999938964844,155.7209930419922,155.6179962158203,155.69000244140625,0.0
2026-09-17 14:20:00+00:00,155.6909942626953,155.7220001220703,155.6719970703125,155.7050018310547,0.0
2026-09-17 14:25:00+00:00,155.70599365234375,155.71800231933594,155.67999267578125,155.70599365234375,0.0
2026-09-17 14:30:00+00:00,155.71299743652344,155.73599243164062,155.67999267578125,155.6999969482422,0.0
2026-09-17 14:35:00+00:00,155.70700073242188,155.75599670410156,155.69500732421875,155.75100708007812,0.0
2026-09-17 14:40:00+00:00,155.75100708007812,155.75799560546875,155.64599609375,155.67100524902344,0.0
2026-09-17 14:45:00+00:00,155.6739959716797,155.70199584960938,155.64500427246094,155.67599487304688,0.0
2026-09-17 14:50:00+00:00,155.68099975585938,155.73699951171875,155.677001953125,155.7050018310547,0.0
2026-09-17 14:55:00+00:00,155.7050018310547,155.74899291992188,155.6790008544922,155.72999572753906,0.0
2026-09-17 15:00:00+00:00,155.72999572753906,155.7740020751953,155.6929931640625,155.71099853515625,0.0
2026-09-17 15:05:00+00:00,155.71099853515625,155.74600219726562,155.67999267578125,155.73899841308594,0.0
2026-09-17 15:10:00+00:00,155.74000549316406,155.7830047607422,155.72799682617188,155.73899841308594,0.0
2026-09-17 15:15:00+00:00,155.74000549316406,155.7550048828125,155.7169952392578,155.73599243164062,0.0
2026-09-17 15:20:00+00:00,155.73199462890625,155.8280029296875,155.72999572753906,155.8090057373047,0.0
2026-09-17 15:25:00+00:00,155.81199645996094,155.81399536132812,155.77999877929688,155.80499267578125,0.0
2026-09-17 15:30:00+00:00,155.802001953125,155.8470001220703,155.8000030517578,155.8280029296875,0.0
2026-09-17 15:35:00+00:00,155.83599853515625,155.85699462890625,155.81399536132812,155.8419952392578,0.0
2026-09-17 15:40:00+00:00,155.83999633789062,155.85299682617188,155.8260040283203,155.8520050048828,0.0
2026-09-17 15:45:00+00:00,155.8520050048828,155.88600158691406,155.8470001220703,155.86500549316406,0.0
2026-09-17 15:50:00+00:00,155.87100219726562,155.88400268554688,155.83599853515625,155.83700561523438,0.0
2026-09-17 15:55:00+00:00,155.8419952392578,155.87399291992188,155.83599853515625,155.85000610351562,0.0
2026-09-17 16:00:00+00:00,155.8489990234375,155.86700439453125,155.82699584960938,155.8520050048828,0.0
2026-09-17 16:05:00+00:00,155.8520050048828,155.88800048828125,155.8350067138672,155.86700439453125,0.0
2026-09-17 16:10:00+00:00,155.8699951171875,155.9029998779297,155.86300659179688,155.8769989013672,0.0
2026-09-17 16:15:00+00:00,155.88099670410156,155.9010009765625,155.86000061035156,155.89100646972656,0.0
2026-09-17 16:20:00+00:00,155.89100646972656,155.91900634765625,155.88800048828125,155.91200256347656,0.0
2026-09-17 16:25:00+00:00,155.91600036621094,155.96099853515625,155.90699768066406,155.94700622558594,0.0
2026-09-17 16:30:00+00:00,155.94200134277344,156.01100158691406,155.94200134277344,155.9929962158203,0.0
2026-09-17 16:35:00+00:00,155.99099731445312,155.99600219726562,155.90899658203125,155.93099975585938,0.0
2026-09-17 16:40:00+00:00,155.93099975585938,155.9759979248047,155.92300415039062,155.9429931640625,0.0
2026-09-17 16:45:00+00:00,155.93800354003906,155.99899291992188,155.93699645996094,155.9929962158203,0.0
2026-09-17 16:50:00+00:00,155.98899841308594,156.02999877929688,155.98899841308594,156.02000427246094,0.0
2026-09-17 16:55:00+00:00,156.01699829101562,156.06500244140625,156.00399780273438,156.052001953125,0.0
2026-09-17 17:00:00+00:00,156.052001953125,156.093994140625,156.0330047607422,156.04100036621094,0.0
2026-09-17 17:05:00+00:00,156.03399658203125,156.05999755859375,156.03199768066406,156.0399932861328,0.0
2026-09-17 17:10:00+00:00,156.03799438476562,156.10299682617188,156.03799438476562,156.07200622558594,0.0
2026-09-17 17:15:00+00:00,156.07400512695312,156.09300231933594,156.05799865722656,156.06900024414062,0.0
2026-09-17 17:20:00+00:00,156.06900024414062,156.07200622558594,156.04100036621094,156.04200744628906,0.0
2026-09-17 17:25:00+00:00,156.04200744628906,156.0469970703125,156.0189971923828,156.0279998779297,0.0
2026-09-17 17:30:00+00:00,156.0279998779297,156.0279998779297,155.98800659179688,156.0070037841797,0.0
2026-09-17 17:35:00+00:00,156.0019989013672,156.01800537109375,155.9810028076172,156.00999450683594,0.0
2026-09-17 17:40:00+00:00,156.01699829101562,156.01699829101562,155.99200439453125,155.99400329589844,0.0
2026-09-17 17:45:00+00:00,155.9929962158203,156.0,155.97000122070312,155.98399353027344,0.0
2026-09-17 17:50:00+00:00,155.98500061035156,156.00799560546875,155.97999572753906,155.9949951171875,0.0
2026-09-17 17:55:00+00:00,156.0,156.01199340820312,155.98500061035156,155.99600219726562,0.0
2026-09-17 18:00:00+00:00,155.9949951171875,156.04100036621094,155.98899841308594,156.0,0.0
2026-09-17 18:05:00+00:00,155.9969940185547,156.03399658203125,155.99000549316406,156.031005859375,0.0
2026-09-17 18:10:00+00:00,156.03500366210938,156.04800415039062,155.9980010986328,156.00799560546875,0.0
2026-09-17 18:15:00+00:00,156.00900268554688,156.0449981689453,156.0070037841797,156.0330047607422,0.0
2026-09-17 18:20:00+00:00,156.0330047607422,156.06399536132812,156.02999877929688,156.05799865722656,0.0
2026-09-17 18:25:00+00:00,156.05799865722656,156.0679931640625,156.03799438476562,156.04800415039062,0.0
2026-09-17 18:30:00+00:00,156.04400634765625,156.06199645996094,156.03900146484375,156.04299926757812,0.0
2026-09-17 18:35:00+00:00,156.04299926757812,156.06700134277344,156.04299926757812,156.0469970703125,0.0
2026-09-17 18:40:00+00:00,156.052001953125,156.05999755859375,156.01800537109375,156.0189971923828,0.0
2026-09-17 18:45:00+00:00,156.01800537109375,156.05299377441406,156.01699829101562,156.0189971923828,0.0
2026-09-17 18:50:00+00:00,156.02000427246094,156.0449981689453,156.01800537109375,156.03399658203125,0.0
2026-09-17 18:55:00+00:00,156.0290069580078,156.06199645996094,156.01800537109375,156.031005859375,0.0
2026-09-17 19:00:00+00:00,156.03599548339844,156.04600524902344,156.01499938964844,156.02200317382812,0.0
2026-09-17 19:05:00+00:00,156.02200317382812,156.03399658203125,155.98800659179688,155.9929962158203,0.0
2026-09-17 19:10:00+00:00,155.99899291992188,156.0070037841797,155.9770050048828,155.98800659179688,0.0
2026-09-17 19:15:00+00:00,155.99200439453125,156.01600646972656,155.98199462890625,155.99899291992188,0.0
2026-09-17 19:20:00+00:00,155.99400329589844,156.01699829101562,155.97799682617188,156.00399780273438,0.0
2026-09-17 19:25:00+00:00,156.0019989013672,156.00900268554688,155.97500610351562,155.98399353027344,0.0
2026-09-17 19:30:00+00:00,155.9810028076172,155.99099731445312,155.94200134277344,155.9600067138672,0.0
2026-09-17 19:35:00+00:00,155.96099853515625,155.96400451660156,155.93800354003906,155.94500732421875,0.0
2026-09-17 19:40:00+00:00,155.94200134277344,155.95899963378906,155.92999267578125,155.947998046875,0.0
2026-09-17 19:45:00+00:00,155.94500732421875,155.96600341796875,155.9409942626953,155.95199584960938,0.0
2026-09-17 19:50:00+00:00,155.95199584960938,155.96099853515625,155.93299865722656,155.94200134277344,0.0
2026-09-17 19:55:00+00:00,155.94900512695312,155.98500061035156,155.94200134277344,155.9810028076172,0.0
2026-09-17 20:00:00+00:00,155.97900390625,155.98699951171875,155.9510040283203,155.97999572753906,0.0
2026-09-17 20:05:00+00:00,155.97300720214844,155.99099731445312,155.9709930419922,155.98199462890625,0.0
2026-09-17 20:10:00+00:00,155.9810028076172,156.03199768066406,155.97999572753906,156.01499938964844,0.0
2026-09-17 20:15:00+00:00,156.01600646972656,156.0229949951172,156.00599670410156,156.01199340820312,0.0
2026-09-17 20:20:00+00:00,156.00900268554688,156.01300048828125,155.98399353027344,155.9969940185547,0.0
2026-09-17 20:25:00+00:00,155.99899291992188,156.0,155.95700073242188,155.95899963378906,0.0
2026-09-17 20:30:00+00:00,155.96400451660156,155.9770050048828,155.9499969482422,155.96400451660156,0.0
2026-09-17 20:35:00+00:00,155.96400451660156,155.9759979248047,155.9499969482422,155.9600067138672,0.0
2026-09-17 20:40:00+00:00,155.9600067138672,155.96299743652344,155.947998046875,155.947998046875,0.0
2026-09-17 20:45:00+00:00,155.947998046875,155.97900390625,155.94500732421875,155.9459991455078,0.0
2026-09-17 20:50:00+00:00,155.947998046875,155.97300720214844,155.94500732421875,155.95700073242188,0.0
2026-09-17 20:55:00+00:00,155.9510040283203,155.9739990234375,155.9340057373047,155.9340057373047,0.0
2026-09-17 21:00:00+00:00,155.93600463867188,155.96400451660156,155.92100524902344,155.94400024414062,0.0
2026-09-17 21:05:00+00:00,155.9429931640625,155.9499969482422,155.9409942626953,155.94400024414062,0.0
2026-09-17 21:10:00+00:00,155.9429931640625,155.95399475097656,155.93099975585938,155.93899536132812,0.0
2026-09-17 21:15:00+00:00,155.94900512695312,155.9600067138672,155.90899658203125,155.9340057373047,0.0
2026-09-17 21:20:00+00:00,155.93800354003906,155.96499633789062,155.91099548339844,155.947998046875,0.0
2026-09-17 21:25:00+00:00,155.947998046875,155.96400451660156,155.90499877929688,155.91099548339844,0.0
2026-09-17 21:30:00+00:00,155.91099548339844,155.96400451660156,155.88999938964844,155.9340057373047,0.0
2026-09-17 21:35:00+00:00,155.93499755859375,155.96200561523438,155.88999938964844,155.9320068359375,0.0
2026-09-17 21:40:00+00:00,155.93499755859375,155.96499633789062,155.88400268554688,155.94400024414062,0.0
2026-09-17 21:45:00+00:00,155.9459991455078,155.96099853515625,155.906005859375,155.9340057373047,0.0
2026-09-17 21:50:00+00:00,155.93499755859375,155.94700622558594,155.9040069580078,155.9080047607422,0.0
2026-09-17 21:55:00+00:00,155.93600463867188,155.9510040283203,155.90499877929688,155.94700622558594,0.0
2026-09-17 22:00:00+00:00,155.9250030517578,156.00900268554688,155.9199981689453,155.98399353027344,0.0
2026-09-17 22:05:00+00:00,155.98399353027344,156.0019989013672,155.968994140625,155.97799682617188,0.0
2026-09-17 22:10:00+00:00,155.97900390625,156.0,155.95599365234375,155.98399353027344,0.0
2026-09-17 22:15:00+00:00,155.99200439453125,156.00100708007812,155.96200561523438,155.98599243164062,0.0
2026-09-17 22:20:00+00:00,155.9720001220703,156.02099609375,155.97000122070312,156.0,0.0
2026-09-17 22:25:00+00:00,156.00799560546875,156.0260009765625,155.97999572753906,155.99200439453125,0.0
2026-09-17 22:30:00+00:00,155.98500061035156,156.02499389648438,155.98399353027344,155.99400329589844,0.0
2026-09-17 22:35:00+00:00,156.01100158691406,156.01600646972656,155.96099853515625,155.96800231933594,0.0
2026-09-17 22:40:00+00:00,155.98399353027344,155.99099731445312,155.96400451660156,155.98899841308594,0.0
2026-09-17 22:45:00+00:00,155.98599243164062,156.0030059814453,155.9499969482422,155.96600341796875,0.0
2026-09-17 22:50:00+00:00,155.9499969482422,155.9669952392578,155.9340057373047,155.9340057373047,0.0
2026-09-17 22:55:00+00:00,155.9340057373047,155.95799255371094,155.93299865722656,155.94200134277344,0.0
2026-09-17 23:00:00+00:00,155.94500732421875,155.96200561523438,155.93699645996094,155.9409942626953,0.0
2026-09-17 23:05:00+00:00,155.9409942626953,155.95199584960938,155.9040069580078,155.91299438476562,0.0
2026-09-17 23:10:00+00:00,155.90899658203125,155.91900634765625,155.86399841308594,155.8800048828125,0.0
2026-09-17 23:15:00+00:00,155.8699951171875,155.93099975585938,155.8699951171875,155.9199981689453,0.0
2026-09-17 23:20:00+00:00,155.9199981689453,155.9600067138672,155.9149932861328,155.95199584960938,0.0
2026-09-17 23:25:00+00:00,155.9409942626953,155.9929962158203,155.94000244140625,155.9810028076172,0.0
2026-09-17 23:30:00+00:00,155.9759979248047,156.04200744628906,155.9759979248047,156.01800537109375,0.0
2026-09-17 23:35:00+00:00,156.02200317382812,156.07899475097656,156.00399780273438,156.04299926757812,0.0
2026-09-17 23:40:00+00:00,156.03900146484375,156.0780029296875,156.02699279785156,156.05099487304688,0.0
2026-09-17 23:45:00+00:00,156.05099487304688,156.08999633789062,155.9949951171875,156.07400512695312,0.0
2026-09-17 23:50:00+00:00,156.06900024414062,156.13999938964844,156.06300354003906,156.11300659179688,0.0
2026-09-17 23:55:00+00:00,156.11700439453125,156.16900634765625,156.1009979248047,156.14599609375,0.0
2026-09-18 00:00:00+00:00,156.156005859375,156.1840057373047,156.11900329589844,156.15199279785156,0.0
2026-09-18 00:05:00+00:00,156.15499877929688,156.18600463867188,156.13699340820312,156.1479949951172,0.0
2026-09-18 00:10:00+00:00,156.1479949951172,156.20799255371094,156.13800048828125,156.177001953125,0.0
2026-09-18 00:15:00+00:00,156.177001953125,156.19700622558594,156.1230010986328,156.13299560546875,0.0
2026-09-18 00:20:00+00:00,156.1320037841797,156.1959991455078,156.11199951171875,156.1719970703125,0.0
2026-09-18 00:25:00+00:00,156.16200256347656,156.2100067138672,156.16000366210938,156.19700622558594,0.0
2026-09-18 00:30:00+00:00,156.1959991455078,156.23199462890625,156.18600463867188,156.19700622558594,0.0
2026-09-18 00:35:00+00:00,156.20399475097656,156.20899963378906,156.1649932861328,156.1909942626953,0.0
2026-09-18 00:40:00+00:00,156.18899536132812,156.27499389648438,156.17599487304688,156.26100158691406,0.0
2026-09-18 00:45:00+00:00,156.2519989013672,156.28599548339844,156.22300720214844,156.23399353027344,0.0
2026-09-18 00:50:00+00:00,156.23500061035156,156.26300048828125,156.2030029296875,156.2169952392578,0.0
2026-09-18 00:55:00+00:00,156.22900390625,156.23899841308594,156.1490020751953,156.17300415039062,0.0
2026-09-18 01:00:00+00:00,156.17300415039062,156.23300170898438,156.13800048828125,156.23199462890625,0.0
2026-09-18 01:05:00+00:00,156.2239990234375,156.23899841308594,156.16900634765625,156.18099975585938,0.0
2026-09-18 01:10:00+00:00,156.18099975585938,156.2259979248047,156.16799926757812,156.21400451660156,0.0
2026-09-18 01:15:00+00:00,156.20799255371094,156.3040008544922,156.20399475097656,156.24600219726562,0.0
2026-09-18 01:20:00+00:00,156.25,156.25799560546875,156.1719970703125,156.2050018310547,0.0
2026-09-18 01:25:00+00:00,156.20399475097656,156.29299926757812,156.19500732421875,156.2790069580078,0.0
2026-09-18 01:30:00+00:00,156.2830047607422,156.31900024414062,156.2480010986328,156.2760009765625,0.0
2026-09-18 01:35:00+00:00,156.2790069580078,156.29800415039062,156.2469940185547,156.2949981689453,0.0
2026-09-18 01:40:00+00:00,156.2899932861328,156.30599975585938,156.25,156.28700256347656,0.0
2026-09-18 01:45:00+00:00,156.27999877929688,156.3179931640625,156.26199340820312,156.2760009765625,0.0
2026-09-18 01:50:00+00:00,156.2760009765625,156.28599548339844,156.24400329589844,156.2449951171875,0.0
2026-09-18 01:55:00+00:00,156.24400329589844,156.27200317382812,156.21299743652344,156.21800231933594,0.0
2026-09-18 02:00:00+00:00,156.21400451660156,156.2480010986328,156.19700622558594,156.2429962158203,0.0
2026-09-18 02:05:00+00:00,156.24200439453125,156.28900146484375,156.22900390625,156.28799438476562,0.0
2026-09-18 02:10:00+00:00,156.2790069580078,156.31399536132812,156.25900268554688,156.27499389648438,0.0
2026-09-18 02:15:00+00:00,156.2740020751953,156.31399536132812,156.2480010986328,156.25799560546875,0.0
2026-09-18 02:20:00+00:00,156.2570037841797,156.25900268554688,156.19200134277344,156.19400024414062,0.0
2026-09-18 02:25:00+00:00,156.2030029296875,156.20599365234375,156.1580047607422,156.1699981689453,0.0
2026-09-18 02:30:00+00:00,156.16000366210938,156.19200134277344,156.1320037841797,156.13299560546875,0.0
2026-09-18 02:35:00+00:00,156.13299560546875,156.1750030517578,156.1269989013672,156.16200256347656,0.0
2026-09-18 02:40:00+00:00,156.16200256347656,156.18600463867188,156.13900756835938,156.1699981689453,0.0
2026-09-18 02:45:00+00:00,156.16700744628906,156.19000244140625,156.1280059814453,156.1719970703125,0.0
2026-09-18 02:50:00+00:00,156.17300415039062,156.60899353027344,156.1280059814453,156.58900451660156,0.0
2026-09-18 02:55:00+00:00,156.5760040283203,156.8679962158203,156.5570068359375,156.63900756835938,0.0
2026-09-18 03:00:00+00:00,156.64999389648438,156.6719970703125,156.54200744628906,156.64999389648438,0.0
2026-09-18 03:05:00+00:00,156.64999389648438,156.8730010986328,156.64999389648438,156.8070068359375,0.0
2026-09-18 03:10:00+00:00,156.80599975585938,156.95199584960938,156.80599975585938,156.8459930419922,0.0
2026-09-18 03:15:00+00:00,156.83799743652344,156.93699645996094,156.83299255371094,156.9010009765625,0.0
2026-09-18 03:20:00+00:00,156.88699340820312,157.0590057373047,156.86599731445312,156.968994140625,0.0
2026-09-18 03:25:00+00:00,156.968994140625,157.02999877929688,156.9290008544922,156.93899536132812,0.0
2026-09-18 03:30:00+00:00,156.93299865722656,156.9929962158203,156.88299560546875,156.9149932861328,0.0
2026-09-18 03:35:00+00:00,156.90699768066406,157.0800018310547,156.89100646972656,157.0469970703125,0.0
2026-09-18 03:40:00+00:00,157.05499267578125,157.14599609375,157.02200317382812,157.12600708007812,0.0
2026-09-18 03:45:00+00:00,157.1199951171875,157.14199829101562,157.0260009765625,157.07400512695312,0.0
2026-09-18 03:50:00+00:00,157.07000732421875,157.11099243164062,157.0399932861328,157.0709991455078,0.0
2026-09-18 03:55:00+00:00,157.07000732421875,157.093994140625,157.0290069580078,157.04100036621094,0.0
2026-09-18 04:00:00+00:00,157.04200744628906,157.0749969482422,156.98899841308594,157.06399536132812,0.0
2026-09-18 04:05:00+00:00,157.0679931640625,157.07200622558594,156.94900512695312,156.96400451660156,0.0
2026-09-18 04:10:00+00:00,156.96400451660156,157.03799438476562,156.91000366210938,157.0030059814453,0.0
2026-09-18 04:15:00+00:00,157.0019989013672,157.00999450683594,156.88099670410156,156.9219970703125,0.0
2026-09-18 04:20:00+00:00,156.91400146484375,157.0019989013672,156.9029998779297,156.98500061035156,0.0
2026-09-18 04:25:00+00:00,156.98399353027344,156.99600219726562,156.95700073242188,156.9739990234375,0.0
2026-09-18 04:30:00+00:00,156.9810028076172,157.08900451660156,156.94900512695312,157.06199645996094,0.0
2026-09-18 04:35:00+00:00,157.06199645996094,157.1529998779297,157.0500030517578,157.1179962158203,0.0
2026-09-18 04:40:00+00:00,157.11399841308594,157.13400268554688,157.052001953125,157.08299255371094,0.0
2026-09-18 04:45:00+00:00,157.093994140625,157.1300048828125,157.08200073242188,157.10899353027344,0.0
2026-09-18 04:50:00+00:00,157.10899353027344,157.1580047607422,157.03799438476562,157.0709991455078,0.0
2026-09-18 04:55:00+00:00,157.07000732421875,157.14100646972656,157.0489959716797,157.13400268554688,0.0
2026-09-18 05:00:00+00:00,157.1269989013672,157.19900512695312,157.11099243164062,157.15899658203125,0.0
2026-09-18 05:05:00+00:00,157.16600036621094,157.19400024414062,157.1529998779297,157.177001953125,0.0
2026-09-18 05:10:00+00:00,157.18099975585938,157.2689971923828,157.16600036621094,157.23800659179688,0.0
2026-09-18 05:15:00+00:00,157.23800659179688,157.26800537109375,157.21400451660156,157.24200439453125,0.0
2026-09-18 05:20:00+00:00,157.23399353027344,157.32699584960938,157.2239990234375,157.28199768066406,0.0
2026-09-18 05:25:00+00:00,157.2760009765625,157.30999755859375,157.23699951171875,157.2989959716797,0.0
2026-09-18 05:30:00+00:00,157.2989959716797,157.32699584960938,157.29200744628906,157.31500244140625,0.0
2026-09-18 05:35:00+00:00,157.3090057373047,157.32400512695312,157.2270050048828,157.25,0.0
2026-09-18 05:40:00+00:00,157.25799560546875,157.25799560546875,157.1300048828125,157.1320037841797,0.0
2026-09-18 05:45:00+00:00,157.13600158691406,157.17599487304688,157.0760040283203,157.1529998779297,0.0
2026-09-18 05:50:00+00:00,157.16099548339844,157.18899536132812,157.09500122070312,157.17799377441406,0.0
2026-09-18 05:55:00+00:00,157.1739959716797,157.2449951171875,157.15899658203125,157.18699645996094,0.0
2026-09-18 06:00:00+00:00,157.18600463867188,157.23699951171875,157.156005859375,157.2310028076172,0.0
2026-09-18 06:05:00+00:00,157.22300720214844,157.2530059814453,157.1580047607422,157.1739959716797,0.0
2026-09-18 06:10:00+00:00,157.17100524902344,157.1790008544922,157.1179962158203,157.1540069580078,0.0
2026-09-18 06:15:00+00:00,157.1540069580078,157.19400024414062,157.13099670410156,157.1490020751953,0.0
2026-09-18 06:20:00+00:00,157.14599609375,157.15499877929688,157.0399932861328,157.09100341796875,0.0
2026-09-18 06:25:00+00:00,157.08999633789062,157.1219940185547,157.04400634765625,157.11599731445312,0.0
2026-09-18 06:30:00+00:00,157.10899353027344,157.1510009765625,157.0709991455078,157.11000061035156,0.0
2026-09-18 06:35:00+00:00,157.10699462890625,157.19000244140625,157.0399932861328,157.1199951171875,0.0
2026-09-18 06:40:00+00:00,157.12100219726562,157.3159942626953,156.4929962158203,156.79100036621094,0.0
2026-09-18 06:45:00+00:00,156.78500366210938,156.88600158691406,156.6230010986328,156.73399353027344,0.0
2026-09-18 06:50:00+00:00,156.7209930419922,157.11300659179688,156.71499633789062,157.00999450683594,0.0
2026-09-18 06:55:00+00:00,157.0070037841797,157.08999633789062,156.75,156.86300659179688,0.0
2026-09-18 07:00:00+00:00,156.86300659179688,156.9759979248047,156.85699462890625,156.8800048828125,0.0
2026-09-18 07:05:00+00:00,156.8699951171875,156.88900756835938,156.73399353027344,156.79400634765625,0.0
2026-09-18 07:10:00+00:00,156.7989959716797,157.05099487304688,156.79100036621094,157.02999877929688,0.0
2026-09-18 07:15:00+00:00,157.03799438476562,157.09100341796875,156.91299438476562,157.06100463867188,0.0
2026-09-18 07:20:00+00:00,157.0590057373047,157.24000549316406,157.03799438476562,157.17999267578125,0.0
2026-09-18 07:25:00+00:00,157.18899536132812,157.33399963378906,157.1649932861328,157.281005859375,0.0
2026-09-18 07:30:00+00:00,157.2779998779297,157.3280029296875,157.23199462890625,157.2550048828125,0.0
2026-09-18 07:35:00+00:00,157.2550048828125,157.47799682617188,157.22799682617188,157.4770050048828,0.0
2026-09-18 07:40:00+00:00,157.46600341796875,157.5469970703125,157.42300415039062,157.49200439453125,0.0
2026-09-18 07:45:00+00:00,157.48199462890625,157.52699279785156,157.29299926757812,157.43600463867188,0.0
2026-09-18 07:50:00+00:00,157.42100524902344,157.46200561523438,157.3699951171875,157.4409942626953,0.0
2026-09-18 07:55:00+00:00,157.4409942626953,157.5050048828125,157.37899780273438,157.48800659179688,0.0
2026-09-18 08:00:00+00:00,157.4949951171875,157.60400390625,157.48500061035156,157.5290069580078,0.0
2026-09-18 08:05:00+00:00,157.5279998779297,157.58200073242188,157.49099731445312,157.55099487304688,0.0
2026-09-18 08:10:00+00:00,157.54200744628906,157.69400024414062,157.53399658203125,157.6529998779297,0.0
2026-09-18 08:15:00+00:00,157.65499877929688,157.78199768066406,157.6510009765625,157.697998046875,0.0
2026-09-18 08:20:00+00:00,157.69700622558594,157.81199645996094,157.656005859375,157.78599548339844,0.0
2026-09-18 08:25:00+00:00,157.80299377441406,157.84100341796875,157.7689971923828,157.79400634765625,0.0
2026-09-18 08:30:00+00:00,157.80499267578125,157.8209991455078,157.7469940185547,157.78599548339844,0.0
2026-09-18 08:35:00+00:00,157.7779998779297,157.80499267578125,157.72000122070312,157.7449951171875,0.0
2026-09-18 08:40:00+00:00,157.75,157.8820037841797,157.74400329589844,157.8350067138672,0.0
2026-09-18 08:45:00+00:00,157.83999633789062,157.8800048828125,157.8040008544922,157.86000061035156,0.0
2026-09-18 08:50:00+00:00,157.86099243164062,157.91000366210938,157.77200317382812,157.78500366210938,0.0
2026-09-18 08:55:00+00:00,157.78500366210938,157.8520050048828,157.77200317382812,157.79100036621094,0.0
2026-09-18 09:00:00+00:00,157.79200744628906,157.86099243164062,157.7259979248047,157.7570037841797,0.0
2026-09-18 09:05:00+00:00,157.7570037841797,157.79200744628906,157.73300170898438,157.74600219726562,0.0
2026-09-18 09:10:00+00:00,157.7519989013672,157.77099609375,157.67999267578125,157.70700073242188,0.0
2026-09-18 09:15:00+00:00,157.70899963378906,157.73199462890625,157.62100219726562,157.62399291992188,0.0
2026-09-18 09:20:00+00:00,157.6269989013672,157.75100708007812,157.61700439453125,157.72500610351562,0.0
2026-09-18 09:25:00+00:00,157.73399353027344,157.90899658203125,157.7220001220703,157.8979949951172,0.0
2026-09-18 09:30:00+00:00,157.89199829101562,157.93499755859375,157.82899475097656,157.88999938964844,0.0
2026-09-18 09:35:00+00:00,157.8800048828125,157.9499969482422,157.83700561523438,157.92999267578125,0.0
2026-09-18 09:40:00+00:00,157.93699645996094,158.0070037841797,157.93099975585938,157.9929962158203,0.0
2026-09-18 09:45:00+00:00,157.9929962158203,158.0540008544922,157.9149932861328,157.9980010986328,0.0
2026-09-18 09:50:00+00:00,158.00399780273438,158.0240020751953,157.88699340820312,157.9199981689453,0.0
2026-09-18 09:55:00+00:00,157.9239959716797,157.9980010986328,157.91700744628906,157.9459991455078,0.0
2026-09-18 10:00:00+00:00,157.9459991455078,157.9600067138672,157.87399291992188,157.91799926757812,0.0
2026-09-18 10:05:00+00:00,157.91799926757812,157.92999267578125,157.81500244140625,157.88600158691406,0.0
2026-09-18 10:10:00+00:00,157.8780059814453,157.90199279785156,157.822998046875,157.8730010986328,0.0
2026-09-18 10:15:00+00:00,157.8730010986328,157.95599365234375,157.8489990234375,157.93899536132812,0.0
2026-09-18 10:20:00+00:00,157.93800354003906,157.98399353027344,157.91900634765625,157.9770050048828,0.0
2026-09-18 10:25:00+00:00,157.9669952392578,157.9980010986328,157.9040069580078,157.91600036621094,0.0
2026-09-18 10:30:00+00:00,157.9080047607422,157.94200134277344,157.8679962158203,157.88499450683594,0.0
2026-09-18 10:35:00+00:00,157.89100646972656,157.9600067138672,157.86099243164062,157.94500732421875,0.0
2026-09-18 10:40:00+00:00,157.9459991455078,158.01199340820312,157.94500732421875,157.9720001220703,0.0
2026-09-18 10:45:00+00:00,157.9739990234375,157.99099731445312,157.90699768066406,157.90699768066406,0.0
2026-09-18 10:50:00+00:00,157.91099548339844,157.94000244140625,157.8459930419922,157.85800170898438,0.0
2026-09-18 10:55:00+00:00,157.8560028076172,157.86599731445312,157.7469940185547,157.75399780273438,0.0
2026-09-18 11:00:00+00:00,157.75100708007812,157.80799865722656,157.73699951171875,157.77999877929688,0.0
2026-09-18 11:05:00+00:00,157.77999877929688,157.8979949951172,157.76400756835938,157.81100463867188,0.0
2026-09-18 11:10:00+00:00,157.8070068359375,157.8090057373047,157.72799682617188,157.72799682617188,0.0
2026-09-18 11:15:00+00:00,157.72799682617188,157.8040008544922,157.71099853515625,157.80099487304688,0.0
2026-09-18 11:20:00+00:00,157.79600524902344,157.81500244140625,157.7480010986328,157.7740020751953,0.0
2026-09-18 11:25:00+00:00,157.7740020751953,157.81399536132812,157.7570037841797,157.7570037841797,0.0
2026-09-18 11:30:00+00:00,157.76699829101562,157.77999877929688,157.6719970703125,157.71200561523438,0.0
2026-09-18 11:35:00+00:00,157.71200561523438,157.80099487304688,157.7100067138672,157.78599548339844,0.0
2026-09-18 11:40:00+00:00,157.7830047607422,157.86599731445312,157.7469940185547,157.85400390625,0.0
2026-09-18 11:45:00+00:00,157.86199951171875,157.8730010986328,157.79400634765625,157.8350067138672,0.0
2026-09-18 11:50:00+00:00,157.8350067138672,157.88999938964844,157.8350067138672,157.8820037841797,0.0
2026-09-18 11:55:00+00:00,157.8820037841797,157.89199829101562,157.82000732421875,157.8260040283203,0.0
2026-09-18 12:00:00+00:00,157.83599853515625,157.8459930419922,157.74400329589844,157.75999450683594,0.0
2026-09-18 12:05:00+00:00,157.7689971923828,157.88400268554688,157.75,157.86199951171875,0.0
2026-09-18 12:10:00+00:00,157.86199951171875,157.91299438476562,157.8560028076172,157.89599609375,0.0
2026-09-18 12:15:00+00:00,157.88900756835938,157.91000366210938,157.83099365234375,157.85800170898438,0.0
2026-09-18 12:20:00+00:00,157.86199951171875,157.9409942626953,157.84500122070312,157.93499755859375,0.0
2026-09-18 12:25:00+00:00,157.92799377441406,157.94400024414062,157.89300537109375,157.90499877929688,0.0
2026-09-18 12:30:00+00:00,157.906005859375,157.96299743652344,157.82200622558594,157.83200073242188,0.0
2026-09-18 12:35:00+00:00,157.8260040283203,157.87100219726562,157.78700256347656,157.86500549316406,0.0
2026-09-18 12:40:00+00:00,157.86000061035156,157.88800048828125,157.8350067138672,157.86500549316406,0.0
2026-09-18 12:45:00+00:00,157.86900329589844,157.87899780273438,157.8000030517578,157.8040008544922,0.0
2026-09-18 12:50:00+00:00,157.7989959716797,157.82000732421875,157.7480010986328,157.75999450683594,0.0
2026-09-18 12:55:00+00:00,157.75799560546875,157.76699829101562,157.69400024414062,157.6999969482422,0.0
2026-09-18 13:00:00+00:00,157.6999969482422,157.73199462890625,157.64999389648438,157.64999389648438,0.0
2026-09-18 13:05:00+00:00,157.65199279785156,157.73199462890625,157.63699340820312,157.6699981689453,0.0
2026-09-18 13:10:00+00:00,157.67100524902344,157.74600219726562,157.66299438476562,157.72500610351562,0.0
2026-09-18 13:15:00+00:00,157.72999572753906,157.75799560546875,157.67999267578125,157.73399353027344,0.0
2026-09-18 13:20:00+00:00,157.72799682617188,157.79299926757812,157.71600341796875,157.78599548339844,0.0
2026-09-18 13:25:00+00:00,157.78700256347656,157.81900024414062,157.7530059814453,157.79800415039062,0.0
2026-09-18 13:30:00+00:00,157.80299377441406,157.8260040283203,157.77099609375,157.78399658203125,0.0
2026-09-18 13:35:00+00:00,157.77999877929688,157.83799743652344,157.7729949951172,157.78900146484375,0.0
2026-09-18 13:40:00+00:00,157.78900146484375,157.81900024414062,157.73599243164062,157.79299926757812,0.0
2026-09-18 13:45:00+00:00,157.78900146484375,157.86199951171875,157.77099609375,157.85499572753906,0.0
2026-09-18 13:50:00+00:00,157.85499572753906,157.89100646972656,157.8350067138672,157.8419952392578,0.0
2026-09-18 13:55:00+00:00,157.8509979248047,157.89100646972656,157.81700134277344,157.86399841308594,0.0
2026-09-18 14:00:00+00:00,157.86500549316406,157.88400268554688,157.76199340820312,157.78799438476562,0.0
2026-09-18 14:05:00+00:00,157.78799438476562,157.8090057373047,157.73399353027344,157.74000549316406,0.0
2026-09-18 14:10:00+00:00,157.74000549316406,157.83700561523438,157.73699951171875,157.80599975585938,0.0
2026-09-18 14:15:00+00:00,157.80299377441406,157.89199829101562,157.78399658203125,157.87899780273438,0.0
2026-09-18 14:20:00+00:00,157.8780059814453,157.89599609375,157.83599853515625,157.84500122070312,0.0
2026-09-18 14:25:00+00:00,157.84100341796875,157.88499450683594,157.8350067138672,157.875,0.0
2026-09-18 14:30:00+00:00,157.87899780273438,157.88099670410156,157.78900146484375,157.7949981689453,0.0
2026-09-18 14:35:00+00:00,157.79400634765625,157.8090057373047,157.73699951171875,157.76499938964844,0.0
2026-09-18 14:40:00+00:00,157.77200317382812,157.78399658203125,157.73899841308594,157.76600646972656,0.0
2026-09-18 14:45:00+00:00,157.7740020751953,157.77999877929688,157.6219940185547,157.64100646972656,0.0
2026-09-18 14:50:00+00:00,157.6320037841797,157.6540069580078,156.96499633789062,157.20199584960938,0.0
2026-09-18 14:55:00+00:00,157.17599487304688,157.44500732421875,157.13800048828125,157.4429931640625,0.0
2026-09-18 15:00:00+00:00,157.44200134277344,157.5070037841797,157.15699768066406,157.2790069580078,0.0
2026-09-18 15:05:00+00:00,157.29100036621094,157.30799865722656,157.11500549316406,157.28500366210938,0.0
2026-09-18 15:10:00+00:00,157.2760009765625,157.3300018310547,156.8419952392578,157.06100463867188,0.0
2026-09-18 15:15:00+00:00,157.07200622558594,157.16400146484375,156.8780059814453,156.94200134277344,0.0
2026-09-18 15:20:00+00:00,156.9510040283203,157.11500549316406,156.94000244140625,157.01100158691406,0.0
2026-09-18 15:25:00+00:00,157.01100158691406,157.08399963378906,156.86199951171875,156.96099853515625,0.0
2026-09-18 15:30:00+00:00,156.9530029296875,156.98500061035156,156.83799743652344,156.86399841308594,0.0
2026-09-18 15:35:00+00:00,156.85800170898438,156.93499755859375,156.74600219726562,156.92300415039062,0.0
2026-09-18 15:40:00+00:00,156.92799377441406,157.01400756835938,156.75399780273438,156.91299438476562,0.0
2026-09-18 15:45:00+00:00,156.91299438476562,157.03199768066406,156.7689971923828,156.875,0.0
2026-09-18 15:50:00+00:00,156.875,157.03199768066406,156.8719940185547,156.97500610351562,0.0
2026-09-18 15:55:00+00:00,156.98399353027344,157.02099609375,156.8560028076172,156.875,0.0
2026-09-18 16:00:00+00:00,156.86700439453125,156.89599609375,156.781005859375,156.80799865722656,0.0
2026-09-18 16:05:00+00:00,156.80799865722656,156.88900756835938,156.7689971923828,156.802001953125,0.0
2026-09-18 16:10:00+00:00,156.7949981689453,156.86199951171875,156.75599670410156,156.83700561523438,0.0
2026-09-18 16:15:00+00:00,156.83299255371094,156.8939971923828,156.81900024414062,156.82699584960938,0.0
2026-09-18 16:20:00+00:00,156.82699584960938,156.92300415039062,156.79600524902344,156.84300231933594,0.0
2026-09-18 16:25:00+00:00,156.8419952392578,156.85400390625,156.67100524902344,156.6959991455078,0.0
2026-09-18 16:30:00+00:00,156.7030029296875,156.76800537109375,156.68600463867188,156.75,0.0
2026-09-18 16:35:00+00:00,156.75799560546875,156.781005859375,156.70899963378906,156.7239990234375,0.0
2026-09-18 16:40:00+00:00,156.7239990234375,156.77099609375,156.697998046875,156.74200439453125,0.0
2026-09-18 16:45:00+00:00,156.73500061035156,156.79400634765625,156.718994140625,156.76199340820312,0.0
2026-09-18 16:50:00+00:00,156.76600646972656,156.8090057373047,156.73399353027344,156.76800537109375,0.0
2026-09-18 16:55:00+00:00,156.7689971923828,156.80499267578125,156.72500610351562,156.78700256347656,0.0
2026-09-18 17:00:00+00:00,156.78700256347656,156.79400634765625,156.68899536132812,156.7519989013672,0.0
2026-09-18 17:05:00+00:00,156.75,156.79299926757812,156.7050018310547,156.73800659179688,0.0
2026-09-18 17:10:00+00:00,156.73599243164062,156.74400329589844,156.59800720214844,156.62600708007812,0.0
2026-09-18 17:15:00+00:00,156.62399291992188,156.74200439453125,156.6219940185547,156.68699645996094,0.0
2026-09-18 17:20:00+00:00,156.68800354003906,156.7010040283203,156.63699340820312,156.6540069580078,0.0
2026-09-18 17:25:00+00:00,156.64599609375,156.7310028076172,156.64300537109375,156.7050018310547,0.0
2026-09-18 17:30:00+00:00,156.71600341796875,156.72999572753906,156.6280059814453,156.6739959716797,0.0
2026-09-18 17:35:00+00:00,156.6739959716797,156.71200561523438,156.63400268554688,156.6999969482422,0.0
2026-09-18 17:40:00+00:00,156.6999969482422,156.71600341796875,156.67999267578125,156.7010040283203,0.0
2026-09-18 17:45:00+00:00,156.70199584960938,156.7469940185547,156.67799377441406,156.69900512695312,0.0
2026-09-18 17:50:00+00:00,156.69200134277344,156.7239990234375,156.66099548339844,156.6750030517578,0.0
2026-09-18 17:55:00+00:00,156.67599487304688,156.70700073242188,156.65199279785156,156.66700744628906,0.0
2026-09-18 18:00:00+00:00,156.67300415039062,156.69700622558594,156.64500427246094,156.6750030517578,0.0
2026-09-18 18:05:00+00:00,156.6790008544922,156.71099853515625,156.65699768066406,156.69200134277344,0.0
2026-09-18 18:10:00+00:00,156.68600463867188,156.7259979248047,156.67599487304688,156.6999969482422,0.0
2026-09-18 18:15:00+00:00,156.69700622558594,156.7429962158203,156.68600463867188,156.7239990234375,0.0
2026-09-18 18:20:00+00:00,156.7259979248047,156.7469940185547,156.7050018310547,156.70700073242188,0.0
2026-09-18 18:25:00+00:00,156.7050018310547,156.73300170898438,156.697998046875,156.6999969482422,0.0
2026-09-18 18:30:00+00:00,156.70199584960938,156.71499633789062,156.65899658203125,156.66299438476562,0.0
2026-09-18 18:35:00+00:00,156.66299438476562,156.6959991455078,156.65199279785156,156.6750030517578,0.0
2026-09-18 18:40:00+00:00,156.6750030517578,156.7830047607422,156.6750030517578,156.77200317382812,0.0
2026-09-18 18:45:00+00:00,156.77200317382812,156.7899932861328,156.74899291992188,156.75399780273438,0.0
2026-09-18 18:50:00+00:00,156.75799560546875,156.76699829101562,156.6820068359375,156.7169952392578,0.0
2026-09-18 18:55:00+00:00,156.70700073242188,156.71800231933594,156.6719970703125,156.67599487304688,0.0
2026-09-18 19:00:00+00:00,156.6790008544922,156.7010040283203,156.66299438476562,156.68800354003906,0.0
2026-09-18 19:05:00+00:00,156.6959991455078,156.7220001220703,156.66799926757812,156.6909942626953,0.0
2026-09-18 19:10:00+00:00,156.6840057373047,156.697998046875,156.6510009765625,156.65499877929688,0.0
2026-09-18 19:15:00+00:00,156.6510009765625,156.66200256347656,156.62600708007812,156.65199279785156,0.0
2026-09-18 19:20:00+00:00,156.65199279785156,156.66900634765625,156.59500122070312,156.66099548339844,0.0
2026-09-18 19:25:00+00:00,156.65499877929688,156.7030029296875,156.6490020751953,156.68299865722656,0.0
2026-09-18 19:30:00+00:00,156.6750030517578,156.69700622558594,156.64500427246094,156.66799926757812,0.0
2026-09-18 19:35:00+00:00,156.66700744628906,156.75,156.66700744628906,156.72999572753906,0.0
2026-09-18 19:40:00+00:00,156.72500610351562,156.75799560546875,156.718994140625,156.75,0.0
2026-09-18 19:45:00+00:00,156.7480010986328,156.76600646972656,156.7209930419922,156.7469940185547,0.0
2026-09-18 19:50:00+00:00,156.75,156.76800537109375,156.7030029296875,156.7429962158203,0.0
2026-09-18 19:55:00+00:00,156.74400329589844,156.74600219726562,156.7100067138672,156.72999572753906,0.0
2026-09-18 20:00:00+00:00,156.72500610351562,156.7429962158203,156.70199584960938,156.72900390625,0.0
2026-09-18 20:05:00+00:00,156.72500610351562,156.77499389648438,156.72300720214844,156.76600646972656,0.0
2026-09-18 20:10:00+00:00,156.76300048828125,156.77699279785156,156.71299743652344,156.75100708007812,0.0
2026-09-18 20:15:00+00:00,156.75100708007812,156.76800537109375,156.73899841308594,156.75100708007812,0.0
2026-09-18 20:20:00+00:00,156.7480010986328,156.77000427246094,156.7480010986328,156.75999450683594,0.0
2026-09-18 20:25:00+00:00,156.76400756835938,156.78399658203125,156.7469940185547,156.76699829101562,0.0
2026-09-18 20:30:00+00:00,156.75399780273438,156.8350067138672,156.7429962158203,156.81399536132812,0.0
2026-09-18 20:35:00+00:00,156.81199645996094,156.82000732421875,156.781005859375,156.80099487304688,0.0
2026-09-18 20:40:00+00:00,156.80799865722656,156.87100219726562,156.80099487304688,156.8560028076172,0.0
2026-09-18 20:45:00+00:00,156.85000610351562,156.89300537109375,156.8260040283203,156.8470001220703,0.0
2026-09-18 20:50:00+00:00,156.84800720214844,156.9029998779297,156.8459930419922,156.87600708007812,0.0
2026-09-18 20:55:00+00:00,156.85499572753906,156.89500427246094,156.84300231933594,156.84300231933594,0.0
2026-09-18 21:00:00+00:00,156.85499572753906,156.85499572753906,156.85499572753906,156.85499572753906,0.0
2026-09-20 23:00:00+00:00,157.05999755859375,157.11000061035156,157.04100036621094,157.1060028076172,0.0
2026-09-20 23:05:00+00:00,157.0919952392578,157.10499572753906,157.01100158691406,157.06100463867188,0.0
2026-09-20 23:10:00+00:00,157.05499267578125,157.07000732421875,156.89500427246094,156.9010009765625,0.0
2026-09-20 23:15:00+00:00,156.8979949951172,156.99200439453125,156.89599609375,156.92100524902344,0.0
2026-09-20 23:20:00+00:00,156.9199981689453,156.98599243164062,156.9199981689453,156.9550018310547,0.0
2026-09-20 23:25:00+00:00,156.95399475097656,157.02999877929688,156.92999267578125,156.96600341796875,0.0
2026-09-20 23:30:00+00:00,156.96600341796875,157.04299926757812,156.94500732421875,157.0229949951172,0.0
2026-09-20 23:35:00+00:00,157.03399658203125,157.05499267578125,156.9929962158203,157.03700256347656,0.0
2026-09-20 23:40:00+00:00,157.03399658203125,157.0659942626953,157.00999450683594,157.0590057373047,0.0
2026-09-20 23:45:00+00:00,157.0570068359375,157.08399963378906,157.02999877929688,157.07400512695312,0.0
2026-09-20 23:50:00+00:00,157.06300354003906,157.10800170898438,157.02999877929688,157.05799865722656,0.0
2026-09-20 23:55:00+00:00,157.05299377441406,157.0800018310547,156.97500610351562,156.9810028076172,0.0
2026-09-21 00:00:00+00:00,156.98399353027344,157.06900024414062,156.95899963378906,156.9759979248047,0.0
2026-09-21 00:05:00+00:00,156.97300720214844,156.98199462890625,156.91400146484375,156.93899536132812,0.0
2026-09-21 00:10:00+00:00,156.9290008544922,156.98899841308594,156.86399841308594,156.90899658203125,0.0
2026-09-21 00:15:00+00:00,156.90899658203125,156.97500610351562,156.9040069580078,156.96200561523438,0.0
2026-09-21 00:20:00+00:00,156.96099853515625,156.9949951171875,156.86900329589844,156.88299560546875,0.0
2026-09-21 00:25:00+00:00,156.87399291992188,156.9149932861328,156.8730010986328,156.88900756835938,0.0
2026-09-21 00:30:00+00:00,156.88900756835938,156.92100524902344,156.86399841308594,156.9010009765625,0.0
2026-09-21 00:35:00+00:00,156.89999389648438,156.94400024414062,156.87100219726562,156.87100219726562,0.0
2026-09-21 00:40:00+00:00,156.87399291992188,156.88600158691406,156.66700744628906,156.76699829101562,0.0
2026-09-21 00:45:00+00:00,156.76400756835938,156.81399536132812,156.68800354003906,156.78900146484375,0.0
2026-09-21 00:50:00+00:00,156.78399658203125,156.7949981689453,156.69700622558594,156.7790069580078,0.0
2026-09-21 00:55:00+00:00,156.78399658203125,156.8699951171875,156.7689971923828,156.86199951171875,0.0
2026-09-21 01:00:00+00:00,156.85899353027344,156.90699768066406,156.8260040283203,156.84800720214844,0.0
2026-09-21 01:05:00+00:00,156.85699462890625,156.8699951171875,156.7740020751953,156.781005859375,0.0
2026-09-21 01:10:00+00:00,156.781005859375,156.81100463867188,156.7259979248047,156.72999572753906,0.0
2026-09-21 01:15:00+00:00,156.73500061035156,156.75999450683594,156.65499877929688,156.71400451660156,0.0
2026-09-21 01:20:00+00:00,156.71499633789062,156.7239990234375,156.58900451660156,156.6009979248047,0.0
2026-09-21 01:25:00+00:00,156.60400390625,156.6510009765625,156.57000732421875,156.63999938964844,0.0
2026-09-21 01:30:00+00:00,156.63699340820312,156.68299865722656,156.61900329589844,156.6719970703125,0.0
2026-09-21 01:35:00+00:00,156.6719970703125,156.7310028076172,156.66600036621094,156.70399475097656,0.0
2026-09-21 01:40:00+00:00,156.69400024414062,156.72900390625,156.64500427246094,156.65699768066406,0.0
2026-09-21 01:45:00+00:00,156.66799926757812,156.69200134277344,156.61599731445312,156.63499450683594,0.0
2026-09-21 01:50:00+00:00,156.63699340820312,156.68499755859375,156.6199951171875,156.66400146484375,0.0
2026-09-21 01:55:00+00:00,156.66900634765625,156.72300720214844,156.61000061035156,156.71400451660156,0.0
2026-09-21 02:00:00+00:00,156.71200561523438,156.76699829101562,156.69900512695312,156.72799682617188,0.0
2026-09-21 02:05:00+00:00,156.7209930419922,156.8070068359375,156.70899963378906,156.77000427246094,0.0
2026-09-21 02:10:00+00:00,156.76699829101562,156.80299377441406,156.7239990234375,156.80099487304688,0.0
2026-09-21 02:15:00+00:00,156.79200744628906,156.8209991455078,156.76400756835938,156.7989959716797,0.0
2026-09-21 02:20:00+00:00,156.80099487304688,156.86700439453125,156.7779998779297,156.84500122070312,0.0
2026-09-21 02:25:00+00:00,156.85299682617188,156.85800170898438,156.80299377441406,156.822998046875,0.0
2026-09-21 02:30:00+00:00,156.8260040283203,156.86399841308594,156.78900146484375,156.81199645996094,0.0
2026-09-21 02:35:00+00:00,156.80999755859375,156.822998046875,156.76199340820312,156.7989959716797,0.0
2026-09-21 02:40:00+00:00,156.8000030517578,156.8209991455078,156.78799438476562,156.8000030517578,0.0
2026-09-21 02:45:00+00:00,156.8000030517578,156.83999633789062,156.78199768066406,156.83399963378906,0.0
2026-09-21 02:50:00+00:00,156.83200073242188,156.85400390625,156.8260040283203,156.84500122070312,0.0
2026-09-21 02:55:00+00:00,156.84500122070312,156.89300537109375,156.843994140625,156.8820037841797,0.0
2026-09-21 03:00:00+00:00,156.8820037841797,156.947998046875,156.8820037841797,156.89500427246094,0.0
2026-09-21 03:05:00+00:00,156.89500427246094,156.95199584960938,156.89500427246094,156.9510040283203,0.0
2026-09-21 03:10:00+00:00,156.93299865722656,156.9550018310547,156.9040069580078,156.906005859375,0.0
2026-09-21 03:15:00+00:00,156.906005859375,156.91600036621094,156.86900329589844,156.88999938964844,0.0
2026-09-21 03:20:00+00:00,156.88400268554688,156.93899536132812,156.87899780273438,156.91799926757812,0.0
2026-09-21 03:25:00+00:00,156.91799926757812,156.9459991455078,156.8990020751953,156.9290008544922,0.0
2026-09-21 03:30:00+00:00,156.927001953125,156.95199584960938,156.89500427246094,156.927001953125,0.0
2026-09-21 03:35:00+00:00,156.9219970703125,156.93099975585938,156.8780059814453,156.88400268554688,0.0
2026-09-21 03:40:00+00:00,156.88600158691406,156.9499969482422,156.8719940185547,156.91900634765625,0.0
2026-09-21 03:45:00+00:00,156.91900634765625,156.95599365234375,156.8939971923828,156.93099975585938,0.0
2026-09-21 03:50:00+00:00,156.9320068359375,156.9739990234375,156.91900634765625,156.95899963378906,0.0
2026-09-21 03:55:00+00:00,156.9530029296875,156.96800231933594,156.93699645996094,156.94400024414062,0.0
2026-09-21 04:00:00+00:00,156.9499969482422,157.01600646972656,156.93899536132812,157.01300048828125,0.0
2026-09-21 04:05:00+00:00,157.0050048828125,157.07699584960938,157.00399780273438,157.05799865722656,0.0
2026-09-21 04:10:00+00:00,157.0590057373047,157.08399963378906,157.0260009765625,157.0489959716797,0.0
2026-09-21 04:15:00+00:00,157.04299926757812,157.0500030517578,156.99200439453125,157.03500366210938,0.0
2026-09-21 04:20:00+00:00,157.03199768066406,157.04800415039062,156.98899841308594,157.00900268554688,0.0
2026-09-21 04:25:00+00:00,157.00399780273438,157.03799438476562,156.98899841308594,156.9969940185547,0.0
2026-09-21 04:30:00+00:00,156.9929962158203,157.0449981689453,156.9929962158203,157.0279998779297,0.0
2026-09-21 04:35:00+00:00,157.0240020751953,157.0469970703125,156.98899841308594,156.99600219726562,0.0
2026-09-21 04:40:00+00:00,156.98899841308594,157.00999450683594,156.96400451660156,156.98800659179688,0.0
2026-09-21 04:45:00+00:00,156.98199462890625,157.01199340820312,156.9739990234375,157.0,0.0
2026-09-21 04:50:00+00:00,157.0,157.04200744628906,156.99200439453125,157.01499938964844,0.0
2026-09-21 04:55:00+00:00,157.01600646972656,157.02999877929688,156.98699951171875,157.02000427246094,0.0
2026-09-21 05:00:00+00:00,157.01400756835938,157.03799438476562,156.98599243164062,157.03399658203125,0.0
2026-09-21 05:05:00+00:00,157.02699279785156,157.0449981689453,157.0,157.031005859375,0.0
2026-09-21 05:10:00+00:00,157.03799438476562,157.0449981689453,157.01400756835938,157.02000427246094,0.0
2026-09-21 05:15:00+00:00,157.02000427246094,157.0399932861328,156.98399353027344,157.00900268554688,0.0
2026-09-21 05:20:00+00:00,156.99899291992188,157.01300048828125,156.96800231933594,157.0030059814453,0.0
2026-09-21 05:25:00+00:00,157.0070037841797,157.02200317382812,156.98699951171875,157.02000427246094,0.0
2026-09-21 05:30:00+00:00,157.01199340820312,157.0399932861328,156.98899841308594,157.01300048828125,0.0
2026-09-21 05:35:00+00:00,157.01300048828125,157.05999755859375,157.01300048828125,157.0399932861328,0.0
2026-09-21 05:40:00+00:00,157.03599548339844,157.08700561523438,157.0330047607422,157.06300354003906,0.0
2026-09-21 05:45:00+00:00,157.06300354003906,157.14199829101562,157.06300354003906,157.0749969482422,0.0
2026-09-21 05:50:00+00:00,157.08299255371094,157.08700561523438,157.03799438476562,157.04200744628906,0.0
2026-09-21 05:55:00+00:00,157.0489959716797,157.0679931640625,157.01400756835938,157.05599975585938,0.0
2026-09-21 06:00:00+00:00,157.0570068359375,157.11900329589844,157.0469970703125,157.05599975585938,0.0
2026-09-21 06:05:00+00:00,157.06199645996094,157.08399963378906,157.03700256347656,157.05599975585938,0.0
2026-09-21 06:10:00+00:00,157.05599975585938,157.0749969482422,157.03399658203125,157.03700256347656,0.0
2026-09-21 06:15:00+00:00,157.03700256347656,157.0760040283203,157.03399658203125,157.0489959716797,0.0
2026-09-21 06:20:00+00:00,157.04800415039062,157.07400512695312,157.0240020751953,157.03700256347656,0.0
2026-09-21 06:25:00+00:00,157.04400634765625,157.05299377441406,157.0019989013672,157.00399780273438,0.0
2026-09-21 06:30:00+00:00,157.00399780273438,157.031005859375,156.98199462890625,157.02000427246094,0.0
2026-09-21 06:35:00+00:00,157.02000427246094,157.0570068359375,157.01600646972656,157.0260009765625,0.0
2026-09-21 06:40:00+00:00,157.0279998779297,157.052001953125,157.0019989013672,157.01600646972656,0.0
2026-09-21 06:45:00+00:00,157.01600646972656,157.04600524902344,157.00399780273438,157.04600524902344,0.0
2026-09-21 06:50:00+00:00,157.03799438476562,157.06399536132812,157.01400756835938,157.05299377441406,0.0
2026-09-21 06:55:00+00:00,157.05799865722656,157.07200622558594,157.03500366210938,157.06100463867188,0.0
2026-09-21 07:00:00+00:00,157.06100463867188,157.14100646972656,157.04800415039062,157.07400512695312,0.0
2026-09-21 07:05:00+00:00,157.08099365234375,157.14100646972656,157.07200622558594,157.125,0.0
2026-09-21 07:10:00+00:00,157.1230010986328,157.2050018310547,157.1230010986328,157.177001953125,0.0
2026-09-21 07:15:00+00:00,157.17599487304688,157.25599670410156,157.16400146484375,157.24899291992188,0.0
2026-09-21 07:20:00+00:00,157.2449951171875,157.25799560546875,157.18600463867188,157.23699951171875,0.0
2026-09-21 07:25:00+00:00,157.23899841308594,157.2429962158203,157.17300415039062,157.1750030517578,0.0
2026-09-21 07:30:00+00:00,157.1750030517578,157.2209930419922,157.13900756835938,157.19400024414062,0.0
2026-09-21 07:35:00+00:00,157.19700622558594,157.2689971923828,157.18699645996094,157.25999450683594,0.0
2026-09-21 07:40:00+00:00,157.25999450683594,157.2779998779297,157.23599243164062,157.2519989013672,0.0
2026-09-21 07:45:00+00:00,157.25,157.27099609375,157.2100067138672,157.22500610351562,0.0
2026-09-21 07:50:00+00:00,157.2310028076172,157.2429962158203,157.2100067138672,157.23500061035156,0.0
2026-09-21 07:55:00+00:00,157.23800659179688,157.27699279785156,157.20199584960938,157.26499938964844,0.0
2026-09-21 08:00:00+00:00,157.26499938964844,157.27200317382812,157.21099853515625,157.22900390625,0.0
2026-09-21 08:05:00+00:00,157.22999572753906,157.2519989013672,157.1999969482422,157.2100067138672,0.0
2026-09-21 08:10:00+00:00,157.21200561523438,157.21800231933594,157.1490020751953,157.15499877929688,0.0
2026-09-21 08:15:00+00:00,157.15199279785156,157.19700622558594,157.14999389648438,157.1820068359375,0.0
2026-09-21 08:20:00+00:00,157.18499755859375,157.1929931640625,157.13699340820312,157.16099548339844,0.0
2026-09-21 08:25:00+00:00,157.1529998779297,157.16299438476562,157.11099243164062,157.13400268554688,0.0
2026-09-21 08:30:00+00:00,157.13499450683594,157.14599609375,157.09800720214844,157.10000610351562,0.0
2026-09-21 08:35:00+00:00,157.1060028076172,157.18099975585938,157.10000610351562,157.16299438476562,0.0
2026-09-21 08:40:00+00:00,157.16600036621094,157.18299865722656,157.14500427246094,157.16799926757812,0.0
2026-09-21 08:45:00+00:00,157.16400146484375,157.20399475097656,157.14500427246094,157.19700622558594,0.0
2026-09-21 08:50:00+00:00,157.19700622558594,157.23500061035156,157.18499755859375,157.22500610351562,0.0
2026-09-21 08:55:00+00:00,157.22500610351562,157.2469940185547,157.21499633789062,157.23899841308594,0.0
2026-09-21 09:00:00+00:00,157.24099731445312,157.26300048828125,157.22999572753906,157.23399353027344,0.0
2026-09-21 09:05:00+00:00,157.23399353027344,157.25100708007812,157.1959991455078,157.21400451660156,0.0
2026-09-21 09:10:00+00:00,157.20799255371094,157.22000122070312,157.16400146484375,157.17100524902344,0.0
2026-09-21 09:15:00+00:00,157.17100524902344,157.22999572753906,157.16299438476562,157.2270050048828,0.0
2026-09-21 09:20:00+00:00,157.2220001220703,157.24200439453125,157.22000122070312,157.23300170898438,0.0
2026-09-21 09:25:00+00:00,157.23300170898438,157.2480010986328,157.2209930419922,157.23399353027344,0.0
2026-09-21 09:30:00+00:00,157.22900390625,157.281005859375,157.22500610351562,157.27499389648438,0.0
2026-09-21 09:35:00+00:00,157.27499389648438,157.31399536132812,157.26199340820312,157.2779998779297,0.0
2026-09-21 09:40:00+00:00,157.27099609375,157.29600524902344,157.26100158691406,157.2899932861328,0.0
2026-09-21 09:45:00+00:00,157.28799438476562,157.2949981689453,157.26400756835938,157.28500366210938,0.0
2026-09-21 09:50:00+00:00,157.29100036621094,157.29100036621094,157.24600219726562,157.2550048828125,0.0
2026-09-21 09:55:00+00:00,157.2550048828125,157.2899932861328,157.2469940185547,157.25599670410156,0.0
2026-09-21 10:00:00+00:00,157.25,157.25999450683594,157.21200561523438,157.2270050048828,0.0
2026-09-21 10:05:00+00:00,157.22300720214844,157.26800537109375,157.2209930419922,157.2449951171875,0.0
2026-09-21 10:10:00+00:00,157.2519989013672,157.27000427246094,157.23599243164062,157.24200439453125,0.0
2026-09-21 10:15:00+00:00,157.23699951171875,157.24600219726562,157.21400451660156,157.22000122070312,0.0
2026-09-21 10:20:00+00:00,157.2259979248047,157.24899291992188,157.21499633789062,157.23899841308594,0.0
2026-09-21 10:25:00+00:00,157.23699951171875,157.2449951171875,157.1909942626953,157.21499633789062,0.0
2026-09-21 10:30:00+00:00,157.2169952392578,157.22300720214844,157.17599487304688,157.22000122070312,0.0
2026-09-21 10:35:00+00:00,157.21400451660156,157.2209930419922,157.177001953125,157.19200134277344,0.0
2026-09-21 10:40:00+00:00,157.19200134277344,157.19900512695312,157.16099548339844,157.18299865722656,0.0
2026-09-21 10:45:00+00:00,157.1790008544922,157.23399353027344,157.16900634765625,157.21499633789062,0.0
2026-09-21 10:50:00+00:00,157.21499633789062,157.2209930419922,157.19500732421875,157.2100067138672,0.0
2026-09-21 10:55:00+00:00,157.2010040283203,157.2830047607422,157.2010040283203,157.27200317382812,0.0
2026-09-21 11:00:00+00:00,157.2740020751953,157.302001953125,157.25999450683594,157.25999450683594,0.0
2026-09-21 11:05:00+00:00,157.27099609375,157.29600524902344,157.2570037841797,157.27000427246094,0.0
2026-09-21 11:10:00+00:00,157.27000427246094,157.29299926757812,157.25999450683594,157.26199340820312,0.0
2026-09-21 11:15:00+00:00,157.25999450683594,157.27000427246094,157.23500061035156,157.25799560546875,0.0
2026-09-21 11:20:00+00:00,157.25799560546875,157.26499938964844,157.23399353027344,157.23800659179688,0.0
2026-09-21 11:25:00+00:00,157.23800659179688,157.24400329589844,157.2100067138672,157.21800231933594,0.0
2026-09-21 11:30:00+00:00,157.2169952392578,157.24400329589844,157.19900512695312,157.2310028076172,0.0
2026-09-21 11:35:00+00:00,157.22799682617188,157.24099731445312,157.19000244140625,157.22999572753906,0.0
2026-09-21 11:40:00+00:00,157.22999572753906,157.2530059814453,157.1739959716797,157.177001953125,0.0
2026-09-21 11:45:00+00:00,157.18099975585938,157.21299743652344,157.16600036621094,157.16799926757812,0.0
2026-09-21 11:50:00+00:00,157.16600036621094,157.2030029296875,157.16200256347656,157.17999267578125,0.0
2026-09-21 11:55:00+00:00,157.177001953125,157.2270050048828,157.177001953125,157.20599365234375,0.0
2026-09-21 12:00:00+00:00,157.20599365234375,157.23500061035156,157.18499755859375,157.2030029296875,0.0
2026-09-21 12:05:00+00:00,157.20199584960938,157.2519989013672,157.16200256347656,157.2519989013672,0.0
2026-09-21 12:10:00+00:00,157.25100708007812,157.25399780273438,157.22500610351562,157.23500061035156,0.0
2026-09-21 12:15:00+00:00,157.23500061035156,157.26499938964844,157.22000122070312,157.25399780273438,0.0
2026-09-21 12:20:00+00:00,157.25399780273438,157.32400512695312,157.25399780273438,157.2949981689453,0.0
2026-09-21 12:25:00+00:00,157.3000030517578,157.37100219726562,157.29200744628906,157.3489990234375,0.0
2026-09-21 12:30:00+00:00,157.3419952392578,157.36700439453125,157.3209991455078,157.3520050048828,0.0
2026-09-21 12:35:00+00:00,157.3489990234375,157.36099243164062,157.3070068359375,157.3260040283203,0.0
2026-09-21 12:40:00+00:00,157.32000732421875,157.35000610351562,157.26100158691406,157.26699829101562,0.0
2026-09-21 12:45:00+00:00,157.26300048828125,157.34300231933594,157.26300048828125,157.33999633789062,0.0
2026-09-21 12:50:00+00:00,157.33200073242188,157.3520050048828,157.3159942626953,157.3419952392578,0.0
2026-09-21 12:55:00+00:00,157.34500122070312,157.36599731445312,157.30999755859375,157.32400512695312,0.0
2026-09-21 13:00:00+00:00,157.3280029296875,157.33700561523438,157.28500366210938,157.30999755859375,0.0
2026-09-21 13:05:00+00:00,157.30999755859375,157.33700561523438,157.2969970703125,157.31100463867188,0.0
2026-09-21 13:10:00+00:00,157.30999755859375,157.33399963378906,157.3070068359375,157.3300018310547,0.0
2026-09-21 13:15:00+00:00,157.3249969482422,157.33900451660156,157.31199645996094,157.3249969482422,0.0
2026-09-21 13:20:00+00:00,157.3209991455078,157.34100341796875,157.30999755859375,157.33900451660156,0.0
2026-09-21 13:25:00+00:00,157.33200073242188,157.3419952392578,157.28399658203125,157.29400634765625,0.0
2026-09-21 13:30:00+00:00,157.29200744628906,157.3209991455078,157.27699279785156,157.29800415039062,0.0
2026-09-21 13:35:00+00:00,157.2969970703125,157.343994140625,157.2949981689453,157.3209991455078,0.0
2026-09-21 13:40:00+00:00,157.3209991455078,157.38600158691406,157.30999755859375,157.3780059814453,0.0
2026-09-21 13:45:00+00:00,157.3780059814453,157.43800354003906,157.3719940185547,157.41799926757812,0.0
2026-09-21 13:50:00+00:00,157.41799926757812,157.4340057373047,157.38699340820312,157.41799926757812,0.0
2026-09-21 13:55:00+00:00,157.41799926757812,157.43800354003906,157.406005859375,157.42799377441406,0.0
2026-09-21 14:00:00+00:00,157.4250030517578,157.468994140625,157.406005859375,157.45599365234375,0.0
2026-09-21 14:05:00+00:00,157.46299743652344,157.47000122070312,157.44000244140625,157.44900512695312,0.0
2026-09-21 14:10:00+00:00,157.447998046875,157.45700073242188,157.3939971923828,157.39500427246094,0.0
2026-09-21 14:15:00+00:00,157.39500427246094,157.43699645996094,157.37100219726562,157.4239959716797,0.0
2026-09-21 14:20:00+00:00,157.41900634765625,157.427001953125,157.3780059814453,157.4010009765625,0.0
2026-09-21 14:25:00+00:00,157.40699768066406,157.41200256347656,157.35000610351562,157.36000061035156,0.0
2026-09-21 14:30:00+00:00,157.36000061035156,157.3979949951172,157.31900024414062,157.35000610351562,0.0
2026-09-21 14:35:00+00:00,157.3520050048828,157.37600708007812,157.33700561523438,157.36000061035156,0.0
2026-09-21 14:40:00+00:00,157.36599731445312,157.40199279785156,157.322998046875,157.39300537109375,0.0
2026-09-21 14:45:00+00:00,157.39300537109375,157.4499969482422,157.3679962158203,157.44400024414062,0.0
2026-09-21 14:50:00+00:00,157.44400024414062,157.4969940185547,157.43600463867188,157.4810028076172,0.0
2026-09-21 14:55:00+00:00,157.4810028076172,157.52200317382812,157.447998046875,157.45899963378906,0.0
2026-09-21 15:00:00+00:00,157.45399475097656,157.5050048828125,157.4429931640625,157.48800659179688,0.0
2026-09-21 15:05:00+00:00,157.47900390625,157.49600219726562,157.45399475097656,157.45599365234375,0.0
2026-09-21 15:10:00+00:00,157.4600067138672,157.4770050048828,157.42999267578125,157.43299865722656,0.0
2026-09-21 15:15:00+00:00,157.42999267578125,157.4510040283203,157.41099548339844,157.42999267578125,0.0
2026-09-21 15:20:00+00:00,157.4250030517578,157.48699951171875,157.4199981689453,157.46800231933594,0.0
2026-09-21 15:25:00+00:00,157.46800231933594,157.47900390625,157.43499755859375,157.4739990234375,0.0
2026-09-21 15:30:00+00:00,157.47000122070312,157.51499938964844,157.4669952392578,157.46800231933594,0.0
2026-09-21 15:35:00+00:00,157.4669952392578,157.4980010986328,157.45599365234375,157.48500061035156,0.0
2026-09-21 15:40:00+00:00,157.48399353027344,157.5290069580078,157.48199462890625,157.4969940185547,0.0
2026-09-21 15:45:00+00:00,157.4969940185547,157.50799560546875,157.47300720214844,157.4929962158203,0.0
2026-09-21 15:50:00+00:00,157.49400329589844,157.5019989013672,157.44400024414062,157.46299743652344,0.0
2026-09-21 15:55:00+00:00,157.45799255371094,157.4969940185547,157.44700622558594,157.48500061035156,0.0
2026-09-21 16:00:00+00:00,157.48300170898438,157.4929962158203,157.43499755859375,157.44500732421875,0.0
2026-09-21 16:05:00+00:00,157.44500732421875,157.46200561523438,157.3820037841797,157.38900756835938,0.0
2026-09-21 16:10:00+00:00,157.38400268554688,157.39199829101562,157.34300231933594,157.35400390625,0.0
2026-09-21 16:15:00+00:00,157.35000610351562,157.3699951171875,157.3209991455078,157.33099365234375,0.0
2026-09-21 16:20:00+00:00,157.33099365234375,157.38099670410156,157.30599975585938,157.375,0.0
2026-09-21 16:25:00+00:00,157.36900329589844,157.39199829101562,157.3560028076172,157.38800048828125,0.0
2026-09-21 16:30:00+00:00,157.38499450683594,157.4010009765625,157.36599731445312,157.3769989013672,0.0
2026-09-21 16:35:00+00:00,157.37399291992188,157.39300537109375,157.35499572753906,157.38999938964844,0.0
2026-09-21 16:40:00+00:00,157.38400268554688,157.42100524902344,157.38400268554688,157.41000366210938,0.0
2026-09-21 16:45:00+00:00,157.41600036621094,157.4409942626953,157.40699768066406,157.41900634765625,0.0
2026-09-21 16:50:00+00:00,157.4219970703125,157.43600463867188,157.4029998779297,157.41000366210938,0.0
2026-09-21 16:55:00+00:00,157.40699768066406,157.4199981689453,157.3800048828125,157.4199981689453,0.0
2026-09-21 17:00:00+00:00,157.4199981689453,157.4320068359375,157.39199829101562,157.39999389648438,0.0
2026-09-21 17:05:00+00:00,157.39999389648438,157.41000366210938,157.3939971923828,157.39599609375,0.0
2026-09-21 17:10:00+00:00,157.4010009765625,157.4320068359375,157.39500427246094,157.42599487304688,0.0
2026-09-21 17:15:00+00:00,157.42799377441406,157.44700622558594,157.42100524902344,157.43800354003906,0.0
2026-09-21 17:20:00+00:00,157.43800354003906,157.44700622558594,157.4199981689453,157.43899536132812,0.0
2026-09-21 17:25:00+00:00,157.43600463867188,157.44000244140625,157.406005859375,157.41000366210938,0.0
2026-09-21 17:30:00+00:00,157.41600036621094,157.47799682617188,157.406005859375,157.468994140625,0.0
2026-09-21 17:35:00+00:00,157.47500610351562,157.48300170898438,157.45799255371094,157.47500610351562,0.0
2026-09-21 17:40:00+00:00,157.47500610351562,157.48300170898438,157.43699645996094,157.45799255371094,0.0
2026-09-21 17:45:00+00:00,157.45399475097656,157.468994140625,157.4459991455078,157.4669952392578,0.0
2026-09-21 17:50:00+00:00,157.46200561523438,157.48800659179688,157.45199584960938,157.46800231933594,0.0
2026-09-21 17:55:00+00:00,157.468994140625,157.48399353027344,157.45700073242188,157.46400451660156,0.0
2026-09-21 18:00:00+00:00,157.46299743652344,157.48300170898438,157.4499969482422,157.4709930419922,0.0
2026-09-21 18:05:00+00:00,157.46299743652344,157.48300170898438,157.46099853515625,157.47999572753906,0.0
2026-09-21 18:10:00+00:00,157.47900390625,157.48599243164062,157.47300720214844,157.48300170898438,0.0
2026-09-21 18:15:00+00:00,157.48199462890625,157.4949951171875,157.47300720214844,157.48899841308594,0.0
2026-09-21 18:20:00+00:00,157.48500061035156,157.5050048828125,157.4759979248047,157.48399353027344,0.0
2026-09-21 18:25:00+00:00,157.48399353027344,157.49600219726562,157.4600067138672,157.468994140625,0.0
2026-09-21 18:30:00+00:00,157.46299743652344,157.4720001220703,157.43600463867188,157.4409942626953,0.0
2026-09-21 18:35:00+00:00,157.44900512695312,157.46099853515625,157.43899536132812,157.45799255371094,0.0
